time_min,window_start_min,samples,dSPR,dTIR,dWeightedTIR,dCorrected,SPRHalfWidth95,TIRHalfWidth95,CorrectedHalfWidth95,CorrectedLow95,CorrectedHigh95,identity_error,equivalent_slope,sustained_plateau,corrected_response_mdeg
0.14448333333333335,0.14448333333333335,1,,,,,,,,,,,False,False,4.387109957111534
0.28031666666666666,0.14448333333333335,2,,,,,,,,,,,False,False,3.6485044729342917
0.4159,0.14448333333333335,3,,,,,,,,,,,False,False,5.245370169941452
0.5517166666666667,0.14448333333333335,4,,,,,,,,,,,False,False,5.026718738256022
0.6867666666666667,0.14448333333333335,5,,,,,,,,,,,False,False,4.747032150320592
0.82235,0.14448333333333335,6,,,,,,,,,,,False,False,4.11363884228922
0.9581833333333333,0.14448333333333335,7,,,,,,,,,,,False,False,5.407582498490228
1.0948333333333333,0.14448333333333335,8,,,,,,,,,,,False,False,5.531078523665201
1.2304333333333333,0.14448333333333335,9,,,,,,,,,,,False,False,5.361806131302728
1.3668,0.14448333333333335,10,,,,,,,,,,,False,False,5.651723123490228
1.5033999999999998,0.14448333333333335,11,,,,,,,,,,,False,False,4.537831521927728
1.6389500000000001,0.14448333333333335,12,,,,,,,,,,,False,False,4.768139070540201
1.7745166666666667,0.14448333333333335,13,,,,,,,,,,,False,False,5.085471799917286
1.9103666666666668,0.14448333333333335,14,-1.5780135287859594,-1.0057104241204797,-1.602534697683595,0.024521168883438804,0.5218559530323009,0.5740361865231242,0.8695506914665431,-0.8450295225831043,0.8940718603499819,-1.4196865905091727e-11,False,False,3.2374821950797923
2.0468166666666665,0.14448333333333335,15,-1.5020947761659045,-0.9102227115472488,-1.4503811861647473,-0.05171358999541553,0.4132670493970111,0.5366360540634891,0.7299430339268049,-0.7816566239222205,0.6782294439313894,5.7416293941514596e-12,False,False,4.378664326024591
2.1837,0.28031666666666666,15,-1.0516455383622088,-0.6305220626309165,-1.0046962413705944,-0.04694929698598571,0.4232975900299322,0.3767276693762798,0.5861005572543625,-0.6330498542403482,0.5391512602683768,5.628608690244619e-12,False,False,5.172121357274591
2.3187166666666665,0.4159,15,-0.9265152305852098,-0.4441686670361378,-0.7077541243263602,-0.2187611062599899,0.6360776206814591,0.29766567299145397,0.46713801521938597,-0.6858991214793759,0.24837690895939607,-1.1403100685924983e-12,False,False,5.167468595886021
2.4539833333333334,0.5517166666666667,15,-0.6509847420711594,-0.3390412700646266,-0.5402403974289427,-0.11074434465626837,0.5935628340027027,0.28430623057966914,0.4855754989781591,-0.5963198436344275,0.37483115432189074,-1.4051648733470756e-11,False,False,5.083545256042271
2.5890166666666667,0.6867666666666667,15,-0.5843439385862439,-0.2691940881559276,-0.4289434178416067,-0.1554005207381124,0.4037163145056474,0.19794776561363284,0.4801723064154743,-0.6355728271535868,0.3247717856773619,6.524780715722045e-12,False,False,4.479195386637002
2.723583333333333,0.82235,15,-0.4989632821161649,-0.20526812961907126,-0.32708152580883326,-0.1718817563032644,0.42541043964496766,0.11392848422819132,0.46178210779712475,-0.6336638641003891,0.28990035149386034,4.06724653956303e-12,False,False,4.875172655432834
2.858883333333333,0.9581833333333333,15,-0.562865492713172,-0.23015975663656718,-0.3667447280792286,-0.1961207646309049,0.3277456882227404,0.16130423504519414,0.5048619747857209,-0.7009827394166258,0.30874121015481604,3.0385138849453597e-12,False,False,5.578001833768212
2.9933833333333335,1.0948333333333333,15,-0.6041270246751083,-0.28394055605167523,-0.45244096336210715,-0.1516860613028257,0.34221414840531983,0.15632248525200323,0.5003474590911094,-0.6520335203939351,0.34866139778828376,1.0175416065294485e-11,False,False,4.677733279080712
3.1278833333333336,1.2304333333333333,15,-0.4494575506723777,-0.3269126990089717,-0.5209143016822414,0.07145675100946391,0.40115633747644663,0.12724936301285336,0.5402069851647611,-0.46875023415529715,0.611663736174225,-3.9979131116751887e-13,False,False,5.402525759549462
3.2629333333333337,1.3668,15,-0.3192660310814972,-0.33618556422152324,-0.5356900143463043,0.21642398327639967,0.42592572488907576,0.1008863961798695,0.5063892637400838,-0.2899652804636841,0.7228132470164834,1.1592615756228497e-11,False,False,5.149830858557834
3.3979833333333334,1.5033999999999998,15,-0.09587839344749227,-0.33365440467969165,-0.5316567748631744,0.43577838142482506,0.25593396271839397,0.09923838960815481,0.27510659766750734,0.16067178375731772,0.7108849790923324,9.142908652393089e-12,False,False,5.187977831214084
3.533583333333333,1.6389500000000001,15,-0.17263822485256242,-0.3114448184678622,-0.496267231638764,0.32362900678344886,0.31490161115137194,0.11790733488722195,0.38106473668478336,-0.0574357299013345,0.7046937434682322,-2.7527424784068444e-12,False,False,4.602315788390115
3.6680833333333336,1.7745166666666667,15,-0.1665997997915838,-0.2817774599243421,-0.4489942091917824,0.28239440939614724,0.3887059505587159,0.13478343967719983,0.48465263747722964,-0.2022582280810824,0.7670470468733769,-4.05137035031089e-12,False,False,4.732015495421365
3.8033833333333336,1.9103666666666668,15,-0.1349040314744343,-0.3054431543350802,-0.48670396691966017,0.3517999354407948,0.60695904516881,0.11471602248901265,0.6363394818371236,-0.28453954639632884,0.9881394172779184,-4.4310666247326935e-12,False,False,4.96174543183588
3.938416666666667,2.0468166666666665,15,-0.42717953697138,-0.31498859185012407,-0.5019140059682323,0.07473446900621639,0.21287853908395363,0.11403337879501955,0.21493210592197712,-0.14019763691576073,0.2896665749281935,9.36406507889842e-12,False,False,5.19062726777338
4.072666666666667,2.1837,15,-0.6686409575049765,-0.24961467034881935,-0.3977448783377781,-0.2708960791605932,0.26578527894157683,0.145251921594689,0.30408560803391194,-0.5749816871945052,0.03318952887331872,6.6052163738561376e-12,False,False,3.793599968077615
4.2077,2.3187166666666665,15,-0.7334934728933149,-0.2594175366721174,-0.4133651135894685,-0.3201283593152766,0.33933198364925465,0.13400490214734653,0.3418841515897963,-0.662012510905073,0.02175579227451968,-1.1430190127725837e-11,False,False,4.402497463772306
4.3422,2.4539833333333334,15,-0.5857816578864004,-0.2692242826669826,-0.4289915308475822,-0.15679012703731132,0.3024180622675132,0.13281845519409552,0.3424498878383448,-0.4992400148756561,0.18565976080103347,1.5068502001724937e-12,False,False,5.445547555063968
4.478316666666667,2.5890166666666667,15,-0.39216065185610205,-0.13776720273381216,-0.21952315227996097,-0.1726374995723745,0.37142332497917757,0.1267527041870982,0.33973989369668334,-0.5123773932690578,0.16710239412430883,3.766570388918922e-12,False,False,4.613547855056822
4.6133999999999995,2.723583333333333,15,-0.4329908533472917,-0.17633966004359536,-0.28098587527789004,-0.15200497807745705,0.34376240734904956,0.11615423323787234,0.3806327759981043,-0.5326377540755614,0.22862779792064725,-8.055389688621517e-12,False,False,5.433140191336861
4.748683333333333,2.858883333333333,15,-0.23106943714810768,-0.22174966251623118,-0.3533437855063109,0.12227434836313478,0.5809612774883639,0.14028695223940643,0.7199550726284571,-0.5976807242653224,0.8422294209915919,4.931555164233714e-12,False,False,6.485996636649361
4.884,2.9933833333333335,15,-0.19843016486265697,-0.31241090618641465,-0.49780663011058573,0.2993764652419486,0.445779689047183,0.17526234436108937,0.5865990421827734,-0.28722257694082476,0.885975507424722,-5.9801608109921744e-12,False,False,5.390514091908699
5.019033333333334,3.1278833333333336,15,-0.22839304543595063,-0.3853815744696476,-0.614080683786927,0.385687638350646,0.4323221117215237,0.1631807057927536,0.614220391209114,-0.22853275285846797,0.99990802955976,-3.304023721284466e-13,False,False,5.901683525502449
5.1538,3.2629333333333337,15,-0.15313661990512628,-0.44074664657819085,-0.70230135542935,0.549164735532031,0.3688648749967102,0.1072852257815133,0.4630498460456759,0.08611488948635515,1.012214581577707,7.807310353769026e-12,False,False,5.665172295033699
5.288833333333333,3.3979833333333334,15,-0.10472205174301052,-0.39765531512966845,-0.6336380979354922,0.5289160462016298,0.3297936743003567,0.12684820556676388,0.4320650261295672,0.09685102007206259,0.960981072331197,9.148126700608827e-12,False,False,4.999015949870227
5.42335,3.533583333333333,15,-0.18576489073893754,-0.37580547359539196,-0.59882178465308,0.4130568939162913,0.4188639055441606,0.14446944989620467,0.6030266941402552,-0.18996980022396392,1.0160835880565466,2.1488366641619905e-12,False,False,4.4165041748055955
5.558400000000001,3.6680833333333336,15,-0.24182037459104322,-0.3149858211072569,-0.5019095909681721,0.2600892163682147,0.4360708271250622,0.15875044165142152,0.6404206685423467,-0.380331452174132,0.9005098849105614,-8.914202709320307e-12,False,False,4.77558654898894
5.6931666666666665,3.8033833333333336,15,-0.1833480378772947,-0.220826448086882,-0.3518727028557278,0.16852466498676222,0.4142959360616417,0.17169488941831343,0.6251485608962093,-0.4566238959094471,0.7936732258829715,8.32911517534285e-12,False,False,4.983757160807727
5.828,3.938416666666667,15,-0.35557146309292875,-0.18525236900313757,-0.2951877021810094,-0.06038376091419195,0.5225776456709101,0.19626648689578569,0.7813075986156226,-0.8416913595298146,0.7209238377014306,-2.2726265314076954e-12,False,False,4.014824055338977
5.964666666666667,4.072666666666667,15,-0.286253952072002,-0.1467411662088125,-0.23382258430286154,-0.05243136777608015,0.5861017096564435,0.22381061129224752,0.8595766567923319,-0.912008024568412,0.8071452890162517,-6.939698815600082e-12,False,False,4.89828290049627
6.099966666666666,4.2077,15,-0.6062713766586967,0.02924854260709253,0.04660566626375918,-0.6528770429267752,0.5475846955666922,0.2543245230303745,0.8309167966041829,-1.483793839530958,0.17803975367740776,-4.3193226773041715e-12,False,False,3.1671131618932122
6.235283333333333,4.3422,15,-0.7275468159059528,0.11269107241969323,0.1795659559059111,-0.9071127718070784,0.2681651637429832,0.3178965439487534,0.6014786088193397,-1.508591380626418,-0.3056341629877387,4.785505325344275e-12,False,False,4.250487185330712
6.370866666666667,4.478316666666667,15,-0.7064802539534867,0.17586859852599446,0.28023526913063934,-0.9867155230804201,0.31835650653976927,0.37060856783271967,0.5822858311529153,-1.5690013542333354,-0.4044296919275048,3.7059244561987725e-12,False,False,3.9807321592088556
6.504833333333334,4.6133999999999995,15,-0.5360891224554507,0.3033861492876895,0.4834262620428944,-1.019515384483384,0.4987915045697502,0.15658403035629084,0.5133602921892423,-1.5328756766726261,-0.5061550922941417,1.4961143435243685e-11,False,False,4.975077677023364
6.640683333333333,4.748683333333333,15,-0.3697741933283396,0.302401255343284,0.4818568970630807,-0.8516310903869453,0.6921527279653887,0.1505999479206282,0.8130781589689865,-1.6647092493559317,-0.03855293141795879,4.475086967659081e-12,False,False,5.173441934835864
6.77545,4.884,15,0.024877554315025918,0.2809782661679492,0.44772074548485924,-0.4228431911669759,0.5606935253223271,0.2022371133019429,0.8599980015813753,-1.2828411927483512,0.4371548104143994,2.8574365096289966e-12,False,False,5.345315336904605
6.911016666666667,5.019033333333334,15,0.19842579051328357,0.22639496684860205,0.36074577836169414,-0.16231998786133772,0.6457069571798468,0.2020451750847807,0.9463820829385805,-1.1087020707999182,0.7840620950772428,-1.2927159342979166e-11,False,False,5.524394083273364
7.045833333333333,5.1538,15,0.3294399518199498,0.1612058272876311,0.2568710888356766,0.07256886297363963,0.457957247037758,0.1739531816450265,0.6992594510335605,-0.6266905880599208,0.7718283140072001,-1.0633549596406056e-11,False,False,4.822489786398364
7.181966666666667,5.288833333333333,15,0.45857889031321974,0.08674870889808517,0.13822847278331618,0.32035041752897087,0.32873549869487634,0.1395882350753268,0.48122803186712965,-0.16087761433815878,0.8015784493961005,-9.32698362987594e-13,False,False,5.008697096083779
7.3167333333333335,5.42335,15,0.4896366298380599,0.07152832859719638,0.11397577841013724,0.3756608514304389,0.3392319119121345,0.15702364661495383,0.4493937850528493,-0.0737329336224104,0.8250546364832883,2.516264974161686e-12,False,False,4.634856764052529
7.451233333333334,5.558400000000001,15,0.4000856637721881,0.017156037840322824,0.02733703982230624,0.37274862394951924,0.34763185260046,0.14829929071702871,0.4839848448990235,-0.11123622094950425,0.8567334688485427,-3.626543509938074e-13,False,False,4.932403150771279
7.58735,5.6931666666666665,15,0.2691061422592611,-0.07935739116146578,-0.12645088467201132,0.3955570269299642,0.4454744448977539,0.17104655080326936,0.46628723545303147,-0.07073020852306727,0.8618442623829956,-1.3082313010670532e-12,False,False,4.735262616843102
7.7223999999999995,5.828,15,0.4309980321486364,-0.1727847089387069,-0.27532128996832195,0.706319322121999,0.4139088946538081,0.1944529775736823,0.418001336814915,0.28831798530708397,1.124320658936914,5.040634576403136e-12,False,False,6.048318149871193
7.857983333333333,5.964666666666667,15,0.29953350058349315,-0.25814080559575814,-0.4113307249618812,0.7108642255352606,0.38367929515075694,0.15337640138125994,0.4508524764157483,0.2600117491195123,1.161716701951009,-1.0113687665125326e-11,False,False,5.651589634246193
7.993816666666667,6.099966666666666,15,0.2596983484836528,-0.31549451956379926,-0.502720169150237,0.7624185176282481,0.5040030015777108,0.08037746522178109,0.5686944991316889,0.19372401849655918,1.331113016759937,-5.6417093219351955e-12,False,False,5.131991132468102
8.129116666666667,6.235283333333333,15,0.1258240617971751,-0.2839812448255543,-0.45250579829906673,0.5783298600981652,0.29088589392103437,0.10352332345825813,0.3680857203006754,0.21024413979748985,0.9464155803988406,1.923350367860621e-12,False,False,5.867890471810824
8.264166666666666,6.370866666666667,15,0.1536361009493703,-0.24012478567601647,-0.3826233591604443,0.5362594601028832,0.3113174951954322,0.11499003036829607,0.35403624777323395,0.18222321232964922,0.8902957078761171,-6.93145540964224e-12,False,False,5.783967131967074
8.399233333333333,6.504833333333334,15,0.0951036187907448,-0.12837337693053996,-0.20455469671592102,0.2996583155072585,0.29440808216448616,0.14697420052247942,0.2627263356006953,0.03693197990656322,0.5623846511079538,5.926925616961398e-13,False,False,5.257615690279636
8.533999999999999,6.640683333333333,15,0.13597539986585616,-0.07545447365191649,-0.1202318373386605,0.25620723720749083,0.32954522201233805,0.17543536782043156,0.2969013047082895,-0.04069406750079868,0.5531085419157804,2.974176460668332e-12,False,False,5.349168424654636
8.669833333333335,6.77545,15,0.09587350980291376,-0.07635789212145028,-0.12167137640401543,0.21754488620354095,0.32484271745494264,0.14560511854893268,0.33924398723424015,-0.1216991010306992,0.556788873437781,-3.388234137702284e-12,False,False,5.2023318115243455
8.805133333333334,6.911016666666667,15,0.22435208548267838,-0.08844167218921939,-0.14092610060030916,0.3652781860837422,0.29896891143321525,0.13704119686153607,0.30939397866559315,0.055884207418149034,0.6746721647493353,7.546185898377189e-13,False,False,6.0186770263680955
8.94045,7.045833333333333,15,0.334661701162986,-0.0643783323939715,-0.10258272059829816,0.43724442175334843,0.16251570944294078,0.139025917795303,0.24608853013128032,0.1911558916220681,0.6833329518846287,-7.935707646566925e-12,False,False,5.50037902945769
9.076033333333333,7.181966666666667,15,0.2792770646956342,-0.03577756260710885,-0.05700923854555833,0.33628630324528785,0.1977302996782401,0.14800612067903102,0.3140225940542593,0.022263709191028547,0.6503088972995472,4.095335182086046e-12,False,False,5.36304992789519
9.210816666666666,7.3167333333333335,15,0.385533348791796,0.07643579024079372,0.12179550203316095,0.2637378467734379,0.19811278906606047,0.20257072065875872,0.39589581774662297,-0.13215797097318505,0.6596336645200609,1.4802825631932137e-11,False,False,5.381063288616133
9.345583333333334,7.451233333333334,15,0.5902301237874781,0.21825592446839437,0.34777673925522706,0.24245338454238663,0.42542332552273365,0.2438539977593606,0.29293358393567454,-0.050480199393287906,0.5353869684780612,1.0135614569861673e-11,False,False,6.139176345706801
9.480616666666666,7.58735,15,0.8550467528439185,0.4002478903203155,0.6377691992940159,0.21727755354550027,0.6150225762581347,0.26713228322900506,0.284226777857341,-0.06694922431184075,0.5015043314028413,-4.402367359546133e-12,False,False,5.992994125728728
9.615916666666667,7.7223999999999995,15,1.3296422779785644,0.5588525659732113,0.8904955207606507,0.439146757207709,1.2335831162852753,0.32615717123603816,0.7423216697787208,-0.3031749125710118,1.18146842698643,-1.0204614930842126e-11,False,False,7.706958458700683
9.7507,7.857983333333333,15,2.5455361348795122,0.6680293645076745,1.0644617078830478,1.4810744270052965,2.2017726005419624,0.334456281709006,1.7365969411706546,-0.2555225141653581,3.2176713681759512,8.832046205498045e-12,False,False,11.065693388518412
9.886816666666666,7.993816666666667,15,4.697541151326732,1.7130293497320963,2.7296017872110556,1.9679393641144998,4.153805042942391,1.6780193133299661,1.693975294508855,0.2739640696056447,3.661914658623355,-1.1763923168928159e-12,False,False,9.231049081980018
10.02215,8.129116666666667,15,7.8797270328796,3.5029922739013273,5.58179226346762,2.2979347694054013,6.7601878555190416,3.50676321506318,1.5558287972869194,0.742105972118482,3.8537635666923205,-6.5787375547188276e-12,False,False,9.490307987201959
10.157716666666666,8.264166666666666,15,13.40954267927009,6.737915687306668,10.736434086798349,2.6731085924657236,10.859746443436853,6.434327201064348,1.1914168549101776,1.481691737555546,3.864525447375901,-6.016520615048648e-12,False,False,9.518290807201993
10.292233333333334,8.399233333333333,15,20.45452502812259,10.812355353824387,17.228790914980955,3.2257341131298745,14.92044304463045,9.036678304701681,0.944845467970957,2.2808886451589174,4.1705795811008315,-1.1759482276829658e-11,False,False,11.093501587805804
10.428149999999999,8.533999999999999,15,29.15966677533288,16.10849457978111,25.66784719778831,3.4918195775408094,18.79175231023921,11.53259835214651,0.8441213312616762,2.647698246279133,4.335940908802486,-3.7623237858497305e-12,False,False,10.905191851692507
10.563433333333334,8.669833333333335,15,38.63451495170739,22.321368164532032,35.56766055668066,3.066854395026894,21.194442310308958,13.603702632749501,1.1776443234363545,1.8892100715905396,4.244498718463248,1.6342482922482304e-13,False,False,7.868516945687588
10.698483333333334,8.805133333333334,15,47.86902260158968,28.726384748937562,45.77364139328687,2.0953812083043886,21.67358159301009,14.641927808718728,2.309598476643175,-0.2142172683387864,4.4049796849475635,1.5845103007450234e-12,False,False,5.440828107588459
10.834100000000001,8.94045,15,56.48939593767136,34.65555240593312,55.22138765387497,1.2680082837887312,20.12860342808167,14.251956110798897,3.043233334979882,-1.7752250511911507,4.311241618768613,-7.65965069149388e-12,False,False,5.322325093511608
10.9694,9.076033333333333,15,63.537243588169076,39.28802433397141,62.60293290057836,0.9343106875894591,17.151364507211724,12.348927647019348,2.7767115630803656,-1.8424008754909065,3.7110222506698247,-1.2576606422953773e-12,False,False,8.482934389874572
11.105233333333333,9.210816666666666,15,68.4112788549719,43.182094909163425,68.80788321461264,-0.396604359639241,13.47532198665349,10.101527767615906,3.0429770252832102,-3.4395813849224512,2.6463726656439692,1.5063505998114124e-12,False,False,3.6687994937674375
11.241083333333334,9.345583333333334,15,70.92984997769963,45.54971167548865,72.58052783264147,-1.65067785492829,10.4656057436726,7.697684426414842,2.929124420319424,-4.579802275247713,1.278446565391134,1.354294454358751e-11,False,False,3.816318854194833
11.376650000000001,9.480616666666666,15,71.19380015094794,46.2412767567439,73.68249218722903,-2.488692036282373,10.268040222383325,6.7274561799300345,2.3890074075890597,-4.877699443871433,-0.09968462869331329,-1.2789769243681803e-12,False,False,4.975542700020014
11.510883333333334,9.615916666666667,15,68.82957104859088,45.27003863835853,72.13488688544781,-3.3053158368511504,13.127658817655842,8.174217722488319,1.4538492288611091,-4.75916506571226,-1.8514666079900413,5.7838178690872155e-12,False,False,5.095617969112936
11.645683333333332,9.7507,15,64.23881073830853,42.533351356425555,67.77415220394906,-3.5353414656437963,16.566416021703642,10.74516132880528,1.3149816242130714,-4.850323089856868,-2.220359841430725,-3.268496584496461e-12,False,False,6.190926879222388
11.781,9.886816666666666,15,57.43554485509594,38.382339047930145,61.15978180931678,-3.724236954225489,19.193203241672215,12.145873364763577,1.240272356126405,-4.964509310351894,-2.4839645980990843,-4.646949491871055e-12,False,False,2.358588366478216
11.9163,10.02215,15,49.31020401817659,33.37113290868001,53.174748023457006,-3.8645440052914637,19.97977360726693,12.86693936852249,1.1181426023130516,-4.982686607604515,-2.746401402978412,-1.1048939541069558e-11,False,False,3.473231214855332
12.0511,10.157716666666666,15,40.19201115963733,27.644632740652014,44.049939335527526,-3.857928175904817,18.469714911232053,12.231068452584715,1.2485824593014503,-5.106510635206267,-2.609345716603367,-1.4622969501942862e-11,False,False,3.1520253250346286
12.185599999999999,10.292233333333334,15,31.79481146029866,22.268430252664984,35.4833074083437,-3.6884959480375983,15.940272151807974,10.908618178184296,1.5544345867007674,-5.242930534738366,-2.1340613613368307,7.439382443408249e-12,False,False,3.0978482438076753
12.320916666666667,10.428149999999999,15,24.066462319839047,16.927348069410073,26.97263742167139,-2.9061751018434734,12.373785159606228,8.525873207321471,1.3562516846947879,-4.262426786538262,-1.5499234171486855,-1.113065195568197e-11,False,False,3.694540364551358
12.4565,10.563433333333334,15,18.14228599514172,12.509565757995006,19.933186232680466,-1.7909002375326963,9.000974078809854,6.097124628180327,1.0147303493309348,-2.8056305868636313,-0.7761698882017616,6.050271394997253e-12,False,False,4.646615333651425
12.591266666666666,10.698483333333334,15,13.64353829002357,9.432996981515316,15.03087231023072,-1.3873340202098916,6.164912020987835,4.152949670139809,0.8375178625340963,-2.224851882743988,-0.5498161576757953,-2.7426949600339867e-12,False,False,3.373988867882872
12.7274,10.834100000000001,15,10.486773051001364,7.36219677745612,11.731185741030373,-1.2444126900209085,3.907281695010134,2.9548950578967803,0.9961870382678062,-2.2405997282887147,-0.2482256517531023,8.100187187665142e-12,False,False,4.09655596203811
12.862016666666667,10.9694,15,8.47700501944928,5.969063819564326,9.511318222544029,-1.034313203097554,2.485372187318547,2.204792369207816,1.2007513668432321,-2.235064569940786,0.1664381637456782,-2.8048674494129955e-12,False,False,4.403359444724629
12.99785,11.105233333333333,15,7.292519291826466,4.716587079175952,7.5155773150464125,-0.22305802321898227,1.7091118158344027,1.089849012012256,0.6675795268657974,-0.8906375500847796,0.4445215036468151,9.64561763794336e-13,False,False,3.9037776285258587
13.13315,11.241083333333334,15,6.431451708987879,4.247985745983897,6.768891312981967,-0.3374396040017018,1.230577444421602,1.0170067382036543,0.7010661098521415,-1.0385057138538434,0.36362650585043965,-7.614353592089174e-12,False,False,3.7528174393373774
13.269916666666667,11.376650000000001,15,5.746119698051189,3.8600091377775243,6.150675610301905,-0.40455591225691023,0.7569944481356132,0.9763965072704709,0.8901900635172167,-1.294745975774127,0.4856341512603065,-6.194156298988673e-12,False,False,3.8496005472989054
13.404666666666666,11.510883333333334,15,5.261570167305763,3.5739639151834126,5.6948809965445975,-0.4333108292285033,0.591330597952638,0.8064952340417955,0.9254426363295819,-1.358753465558085,0.4921318071010786,1.0331291377951857e-11,False,False,2.739541960792849
13.539733333333334,11.645683333333332,15,5.008132247145113,3.286511494061415,5.236844102690176,-0.22871185554868134,0.3462752874064033,0.561518679514951,0.8336754764832128,-1.0623873320318942,0.6049636209345315,-3.61843888185831e-12,False,False,3.545357928946032
13.674766666666667,11.781,15,4.751505284933955,2.9334093109682726,4.674198547206902,0.07730673772312002,0.46590837845627137,0.22473682094036557,0.7884375875528836,-0.7111308498297636,0.8657443252760036,-3.933742220851855e-12,False,False,2.622778802848188
13.809016666666668,11.9163,15,4.399606712839159,2.953815582935931,4.706714625487725,-0.30710791264391446,0.514648778961106,0.19274369322291662,0.67043583811798,-0.9775437507618945,0.36332792547406556,4.651390383969556e-12,False,False,2.7518040440336335
13.944083333333333,12.0511,15,4.182307369293994,2.877780590111797,4.585557768288638,-0.40325039900017146,0.5709494377319216,0.2516280157010881,0.6323818401550231,-1.0356322391551944,0.22913144115485162,-5.5280224842135794e-12,False,False,3.096003252561786
14.078866666666666,12.185599999999999,15,3.9183120417728787,2.8639723761516507,4.563555269901962,-0.6452432281275833,0.6044014242739998,0.26369370464658787,0.5143324527984846,-1.1595756809260678,-0.13091077532909867,1.5001333508735115e-12,False,False,2.6199073048337596
14.214483333333334,12.320916666666667,15,3.6822578368955874,2.9237770333747903,4.658850134094077,-0.9765922971946566,0.6323259153034438,0.2595760929635683,0.3286315308423063,-1.3052238280369628,-0.6479607663523503,3.8333780594257405e-12,False,False,2.124275430047419
14.350050000000001,12.4565,15,3.576200083072763,2.8478377901592467,4.537845847720921,-0.961645764655259,0.4265651222948895,0.23530527355610506,0.29088015545464313,-1.2525259201099022,-0.6707656092006158,-7.100986465502501e-12,False,False,3.1774590719287517
14.48565,12.591266666666666,15,3.447008460512734,2.663980187029665,4.2448806150041944,-0.7978721544986911,0.38985519282931264,0.23417788300086861,0.3833176114195281,-1.1811897659182191,-0.414554543079163,-7.2306605147787195e-12,False,False,2.8188775289600017
14.620716666666668,12.7274,15,3.161951087487978,2.625923684623558,4.184240032868835,-1.0222889453943935,0.30956895919063837,0.2792928418484625,0.2898512478879419,-1.3121401932823353,-0.7324376975064516,-1.3536727294649609e-11,False,False,1.9144853982288623
14.757516666666668,12.862016666666667,15,3.1092262300444418,2.4128683186572744,3.8447500481774313,-0.7355238181316963,0.1810445327175056,0.38364920109196105,0.5566841941512628,-1.2922080122829591,-0.17883962398043352,1.2931877790833823e-12,False,False,3.639576662768377
14.892833333333334,12.99785,15,3.008105730441457,2.1887842438991356,3.48768652732123,-0.47958079689124133,0.14182389542027976,0.3601574139573151,0.54164653744334,-1.0212273343345815,0.06206574055209868,-1.1468603844377867e-11,False,False,3.0588945779163623
15.02895,13.13315,15,2.997853426488291,2.012544087792776,3.2068592051498324,-0.20900577867723769,0.1457424947081628,0.4074661068719089,0.6119257398114036,-0.8209315184886413,0.40291996113416595,-1.5696333122150463e-11,False,False,3.5166582497913623
15.163466666666666,13.269916666666667,15,2.882207227718027,1.9001931361599418,3.027835209781739,-0.14562798206679872,0.17113226586170552,0.2867026618664262,0.4488907824331389,-0.5945187644999377,0.3032628003663402,-3.086420008457935e-12,False,False,2.5152609496290097
15.299100000000001,13.404666666666666,15,2.849408180474711,1.7539227308952832,2.794762752681726,0.054645427810100955,0.19192114054776646,0.15905857228279877,0.2746312221071964,-0.21998579429709547,0.3292766499172974,1.7115642236831263e-11,False,False,2.9704236117831897
15.434116666666666,13.539733333333334,15,2.772716319152096,1.77300814215414,2.8251741246117987,-0.05245780545374146,0.24044411693149478,0.15816250253100056,0.3268185457304398,-0.37927635118418124,0.2743607402766983,5.9614535530272406e-12,False,False,2.447626415421837
15.569466666666667,13.674766666666667,15,2.9105350392710534,1.8767995572088694,2.9905590504887902,-0.0800240112166648,0.2024322146616349,0.2657128568578324,0.4268816532098014,-0.5069056644264662,0.3468576419931366,1.0720313525780512e-12,False,False,1.9167757742688991
15.704783333333333,13.809016666666668,15,2.9165445118778734,1.933653517262428,3.0811521690459767,-0.16460765716146852,0.2125588911669219,0.27121900959699274,0.38020881709202337,-0.5448164742534919,0.21560115993055484,6.6346927951599355e-12,False,False,2.427945207862649
15.839833333333333,13.944083333333333,15,2.9597010437209974,1.920094893186615,3.059547376042722,-0.09984633232306805,0.2548053952014001,0.24395249111130493,0.34002466090129013,-0.4398709932243582,0.24017832857822208,-1.3433698597964394e-12,False,False,3.0629862900386797
15.974883333333334,14.078866666666666,15,3.0034503593633417,1.8311911652963317,2.917885019482985,0.08556533988485171,0.2828524880580865,0.23156003663274438,0.4081426776135454,-0.3225773377286937,0.4937080174983971,4.495070982102334e-12,False,False,3.3681620712886797
16.109666666666666,14.214483333333334,15,3.06796986979316,1.9205856255575782,3.0603293264261366,0.007640543377419817,0.355911631672713,0.26635039589664206,0.3544145327379724,-0.3467739893605526,0.3620550761153922,1.0396572491799816e-11,False,False,2.5231573226628825
16.244966666666667,14.350050000000001,15,3.1559698403143557,2.0032078787444334,3.1919825581687884,-0.036012717844641884,0.5059755796187219,0.26849799611133124,0.3413805770239501,-0.37739329486859197,0.3053678591793082,9.79083480956433e-12,False,False,3.2632085921941325
16.381083333333333,14.48565,15,3.403122177667683,2.114269982339465,3.368952857312717,0.034169320366345346,0.3345182756516033,0.23969106311007943,0.3384368639612247,-0.30426754359487934,0.37260618432757003,1.1379341913198004e-11,False,False,2.8369157340348465
16.516933333333334,14.620716666666668,15,3.558210122566379,2.15638648188542,3.43606278304148,0.12214733952168899,0.3520130663122823,0.21643133181933136,0.4055986898376853,-0.28345135031599633,0.5277460293593743,-3.2103208980061027e-12,False,False,3.29438056347135
16.652,14.757516666666668,15,3.80104395703529,2.3142860694897536,3.6876655921772854,0.11337836484017316,0.6176051196836515,0.09450762553703608,0.617251548651427,-0.5038731838112538,0.7306299134916001,-1.7831514043109564e-11,False,False,3.8735684361454332
16.78705,14.892833333333334,15,4.043632451874146,2.3196323570009554,3.696184556518324,0.3474478953612561,0.4683179988492127,0.10857383102495674,0.5451834667828694,-0.19773557142161335,0.8926313621441255,5.434319660935216e-12,False,False,3.49465129247983
16.922616666666666,15.02895,15,4.120988141054113,2.459058990676567,3.9183519049792777,0.20263623607206682,0.3236444404010618,0.22644077064457951,0.5457873824064622,-0.34315114633439536,0.748423618478529,-2.7684521342052903e-12,False,False,2.088298397284234
17.05765,15.163466666666666,15,4.290595400460006,2.547799564388697,4.059754285878733,0.23084111458047119,0.17587987370089456,0.34941867414874034,0.5682693359824985,-0.33742822140202733,0.7991104505629697,-8.020251129892131e-13,False,False,2.3631101623468567
17.192966666666667,15.299100000000001,15,4.361178580591513,2.6706839697835676,4.255562660463012,0.10561592013436893,0.13433618142243267,0.3925424710408204,0.6074527818782728,-0.5018368617439039,0.7130687020126417,5.867306640539027e-12,False,False,2.511497695959406
17.327766666666665,15.434116666666666,15,4.394386025989661,2.8159140913885494,4.486977492644279,-0.09259146665681328,0.08899896015349268,0.5119025719100532,0.8081111035271874,-0.9007025701840007,0.7155196368703741,-2.1955770534987096e-12,False,False,1.595275813670014
17.462783333333334,15.569466666666667,15,4.371230776552693,3.0329691949773405,4.832840801274632,-0.4616100247185386,0.08911206969833907,0.5763770494321176,0.9336297549550218,-1.3952397796735605,0.47201973023648314,3.3999469906120794e-12,False,False,1.0715537358482834
17.5992,15.704783333333333,15,4.374996874212229,3.2799801363726147,5.226436805452068,-0.8514399312334717,0.0922084343545343,0.43058834421299585,0.7297586346571415,-1.5811985658906131,-0.1216812965763302,6.367351090830198e-12,False,False,1.3691769035358448
17.734916666666667,15.839833333333333,15,4.352461989918083,3.4930319896411675,5.565921192886188,-1.2134592029706255,0.11519187346260412,0.3436381079264947,0.6256549389681295,-1.8391141419387549,-0.587804264002496,-2.5206503551089554e-12,False,False,0.8561860611807788
17.871066666666664,15.974883333333334,15,4.350469633041939,3.5601011885555636,5.672791635737725,-1.322322002690271,0.14773325094787934,0.28491977553591513,0.5760827920754144,-1.8984047947656852,-0.7462392106148565,5.5146998079180776e-12,False,False,1.2748778789391508
18.006633333333333,16.109666666666666,15,4.351592262901249,3.4716449925072084,5.531842392304597,-1.1802501294059766,0.1455480217247794,0.34452193244915164,0.6618769714509648,-1.8421271008569415,-0.5183731579550118,-2.6290081223123707e-12,False,False,2.029263056087075
18.14335,16.244966666666667,15,4.368607946613338,3.4978208062857448,5.573551863355266,-1.2049439167331002,0.16738766151417314,0.3360538897145314,0.6617680553736431,-1.8667119721067433,-0.5431758613594571,8.827605313399545e-12,False,False,1.8994664953934262
18.278650000000003,16.381083333333333,15,4.5726752246773685,3.468439565243898,5.526734750694093,-0.9540595260241389,0.37579014250486975,0.3474464769488126,0.8716115547608908,-1.8256710807850296,-0.0824479712632481,-7.414513447656645e-12,False,False,2.458617609794601
18.41395,16.516933333333334,15,4.420467534378986,3.3841821050227736,5.39247592200478,-0.9720083876090939,0.3031048009622793,0.39109887468504134,0.8590148909725405,-1.8310232785816343,-0.11299349663655345,1.6700418825621455e-11,False,False,1.3751951595331775
18.549266666666664,16.652,15,4.37663833078841,3.1901943304510496,5.083368914438982,-0.7067305836590094,0.32358347092099693,0.43376928800403863,0.9071923037748078,-1.6139228874338172,0.20046172011579833,-8.43680680873149e-12,False,False,2.180134673064458
18.684833333333334,16.78705,15,4.439787709405209,3.0294296224747086,4.827200720775918,-0.3874130113817955,0.2605616198080457,0.4595544907251469,0.685654588702577,-1.0730676000843724,0.2982415773207815,-1.1086243034696963e-11,False,False,1.6549101015989436
18.819816666666668,16.922616666666666,15,4.352169986683293,2.8932731336280995,4.61024413719245,-0.2580741505098558,0.3452754102336205,0.306708820849269,0.5175378321102649,-0.7756119826201208,0.2594636816004091,-6.989964163039986e-13,False,False,0.7403643475845456
18.954816666666666,17.05765,15,4.147780172017519,2.851490114979242,4.543665591765409,-0.39588541974444524,0.36123463920590715,0.27889319535141627,0.6245796749892063,-1.0204650947336515,0.22869425524476106,3.4443559115970857e-12,False,False,0.5031302244315157
19.08986666666667,17.192966666666667,15,4.031398381510371,2.7883821597606584,4.443107135263293,-0.4117087537615589,0.40052808540015783,0.24374224690679555,0.6426484149062813,-1.0543571686678401,0.23093966114472242,-8.636646953164018e-12,False,False,0.6251521101075923
19.226266666666668,17.327766666666665,15,3.972786152287881,2.806698491101997,4.4722930279465025,-0.4995068756525143,0.39418383266909696,0.2831017002346125,0.7920456619411935,-1.2915525375937078,0.29253878628867924,6.107114813858061e-12,False,False,-0.18325658631511033
19.36211666666667,17.462783333333334,15,4.053779705951456,2.8370939003652893,4.520726152259912,-0.46694644631133997,0.38806381928097905,0.30446443646424554,0.7332520463753748,-1.2001984926867149,0.2663056000640348,-2.8839153287663066e-12,False,False,1.132601945195347
19.498766666666665,17.5992,15,3.8787166455294937,2.8495823626726633,4.540625711505092,-0.6619090659642097,0.35368897050762976,0.24935758831308613,0.6668974699075487,-1.3288065358717585,0.004988403943338993,1.1388223697395006e-11,False,False,0.43237377659534104
19.634833333333333,17.734916666666667,15,3.675501167497714,2.7797478657121246,4.429348944564535,-0.7538477770758618,0.42881669246335236,0.27704995020530415,0.6379399780732438,-1.3917877551491056,-0.11590779900261805,-9.040768134127575e-12,False,False,0.5577963456307771
19.771466666666665,17.871066666666664,15,3.5840316978792544,2.738716548879893,4.363968187501383,-0.7799364896272891,0.32940553923469346,0.3518469628922341,0.5578973541933878,-1.337833843820677,-0.2220391354339013,-5.160316618457728e-12,False,False,1.3827726174349664
19.908383333333333,18.006633333333333,15,3.387835622743296,2.642285255737079,4.210311141201001,-0.8224755184528476,0.25783270591189744,0.41739756037174014,0.5671767174051973,-1.389652235858045,-0.25529880104765035,4.857447777339985e-12,False,False,0.8886148821475217
20.0453,18.14335,15,3.2355035239379504,2.5639913371924195,4.0855548315553545,-0.8500513076323841,0.2530416488437412,0.35176416745465633,0.5076075026451553,-1.3576588102775395,-0.3424438049872288,-1.4980017226662312e-11,False,False,0.053888964612269774
20.18113333333333,18.278650000000003,15,3.26389318172005,2.45598947414328,3.9134608283515218,-0.6495676466347504,0.2940833056120717,0.3355182759969375,0.6104611904273476,-1.260028837062098,-0.03910645620740283,-3.2787106363230123e-12,False,False,1.1562496570550138
20.316716666666665,18.41395,15,3.323244306797278,2.3544570271551493,3.7516754223968274,-0.42843111559704994,0.2156640023140848,0.3899395742396335,0.5275421620733437,-0.9559732776703936,0.09911104647629376,2.4993340730361524e-12,False,False,0.5298396318539744
20.451233333333334,18.549266666666664,15,3.175752781346091,2.248295287929068,3.5825135378265105,-0.40676075648480037,0.25584117923640437,0.41279679529358465,0.593177031261964,-0.9999377877467643,0.1864162747771636,-4.380940055170868e-12,False,False,0.4071716344769811
20.5868,18.684833333333334,15,3.104357618107315,2.1154918645297585,3.3708998477778294,-0.2665422296631732,0.3642645101388899,0.32824433290284105,0.3946335674626296,-0.6611757971258028,0.12809133779945642,7.341238728031385e-12,False,False,-0.0037372268125182018
20.722383333333333,18.819816666666668,15,2.9793825282868056,2.045204118199763,3.2589008571992975,-0.27951832890357764,0.414252184226453,0.2232722423208468,0.4848349593831546,-0.7643532882867322,0.20531663047957693,8.914202709320307e-12,False,False,-0.5507231116498588
20.8585,18.954816666666666,15,2.9573138537853083,2.0301964179452625,3.234987054763269,-0.27767320098064374,0.3496613508746836,0.2308760260316685,0.45080608922046217,-0.7284792902011059,0.17313288823981843,-2.6831870059140783e-12,False,False,0.2600444603449432
20.993033333333337,19.08986666666667,15,2.821408566458558,2.0062415188294835,3.1968164679901254,-0.37540790153980197,0.2451051588002531,0.24432553259362869,0.4387169694316827,-0.8141248709714847,0.06330906789188073,-8.234746218249711e-12,False,False,-0.07904958240396809
21.128083333333333,19.226266666666668,15,2.732054862426594,1.9461864321383473,3.1011225605921715,-0.3690676981732395,0.2023235063732348,0.29605517522193464,0.43599216592918577,-0.8050598641024252,0.06692446775594629,-7.66187113754313e-12,False,False,0.26682575439917855
21.263666666666666,19.36211666666667,15,2.6632170664452133,1.9988982565919287,3.185115453217247,-0.521898386781686,0.2650365071396243,0.21916845398717968,0.28659496762639425,-0.8084933544080802,-0.23530341915529174,-9.652278976091111e-12,False,False,0.27663210840546526
21.399749999999997,19.498766666666665,15,2.858486146236828,2.0711077992382343,3.3001767022798356,-0.4416905560410669,0.12425254313837027,0.15257490423063225,0.2956743627501822,-0.7373649187912491,-0.14601619329088467,1.9406698470447736e-12,False,False,0.1013095961388899
21.534783333333333,19.634833333333333,15,2.928270172327757,2.049385620332032,3.2655638111616763,-0.33729363883685437,0.19750767819192677,0.1879036779574539,0.4375267800375926,-0.774820418874447,0.10023314120073823,-2.934985587899064e-12,False,False,0.8871372328576399
21.66955,19.771466666666665,15,2.9040915532241343,1.9989549114980036,3.1852057291561273,-0.281114175932089,0.23252763179113758,0.19214975195297623,0.5158437343780083,-0.7969579103100973,0.23472955844591936,-9.592326932761353e-14,False,False,0.5459430116025032
21.805400000000002,19.908383333333333,15,3.017193560976011,1.970171431385097,3.1393411099827135,-0.12214754899287072,0.20723533495374916,0.13913046357687395,0.3766624832885664,-0.4988100322814371,0.25451493429569566,1.383160252999005e-11,False,False,0.1541460271255346
21.9402,20.0453,15,3.0991857684930437,1.8842662473725795,3.0024567397015303,0.09672902879719913,0.2766062447561533,0.1239455356609364,0.42020108860980204,-0.3234720598126029,0.5169301174070011,5.685674153710352e-12,False,False,0.8683324799203547
22.0747,20.18113333333333,15,3.1475543145497795,1.958473133152438,3.1207006262290706,0.026853688334085746,0.36052844058051187,0.1626932391115185,0.5030128883495115,-0.4761592000154258,0.5298665766835973,1.3376855179103586e-11,False,False,0.25628471646632534
22.20948333333333,20.316716666666665,15,3.298339296001359,1.9553805768082384,3.115772837148575,0.1825664588541258,0.1081035651074034,0.17045624520234534,0.30924314522422836,-0.12667668637010254,0.49180960407835417,1.3420375921668892e-12,False,False,0.2459291044069687
22.344533333333334,20.451233333333334,15,3.3049668547246256,2.007508162609156,3.1988347831610207,0.10613207156893623,0.10081988466142634,0.228748654243287,0.4002481139855247,-0.29411604241658845,0.506380185554461,5.331290964250002e-12,False,False,-0.4251020636293106
22.4801,20.5868,15,3.452673017149209,2.0728544853009225,3.302959933868457,0.1497130832831317,0.17079536936445827,0.3134460969084972,0.40078828567456554,-0.2510752023914338,0.5505013689576972,2.3798740755864856e-12,False,False,0.2285016373207327
22.615599999999997,20.722383333333333,15,3.428556128645141,2.1624675706734706,3.445752605826272,-0.017196477179822978,0.15143178267467627,0.36470817473741446,0.4904440203834033,-0.5076404975632263,0.4732475432035803,1.3078427230084344e-12,False,False,-0.46507044504687656
22.751166666666666,20.8585,15,3.4259577522825566,2.281426919176738,3.635306655399774,-0.20934890311036725,0.18003953044273638,0.2798589665229295,0.34223706728372266,-0.55158597039409,0.13288816417335542,6.850076061937216e-12,False,False,-0.04147545027080923
22.886466666666667,20.993033333333337,15,3.481938560551498,2.376273491918255,3.7864385519470085,-0.3044999914000073,0.09913017855465167,0.21372802063479995,0.36439826253623525,-0.6688982539362425,0.059898271136227976,-4.496847338941734e-12,False,False,-0.37168802045925986
23.022666666666666,21.128083333333333,15,3.487203960052284,2.4473393445550755,3.899677404741609,-0.4124734446813818,0.08219272024787198,0.14840579551052419,0.2622899743857036,-0.6747634190670855,-0.1501834702956782,7.94342369658807e-12,False,False,-0.1439047005987959
23.15825,21.263666666666666,15,3.5279678426741157,2.4683785133165657,3.9332019632448127,-0.40523412058064423,0.09620194945200139,0.12275970255223734,0.257718883290671,-0.6629530038713152,-0.14751523728997323,-9.947154211431553e-12,False,False,0.07407226522627752
23.293533333333336,21.399749999999997,15,3.657956170005491,2.3992984309516032,3.823127307306444,-0.16517113729969424,0.29664680484617006,0.18811906815589033,0.5709197907609973,-0.7360909280606915,0.40574865346130307,1.2585488207150775e-12,False,False,1.2936000931804301
23.42751666666667,21.534783333333333,15,3.5514140689047053,2.3423153815674596,3.7323284932265683,-0.18091442431614269,0.20898781628398877,0.2791040323182442,0.5698070560234654,-0.7507214803396081,0.3888926317073227,5.7203131120786566e-12,False,False,0.2570040993450675
23.5634,21.66955,15,3.5244179836226976,2.2893843967467546,3.6479863826911987,-0.12356839905805828,0.22699265926347373,0.24976536585402262,0.4352720081538407,-0.558840407211899,0.31170360909578243,1.0442757769624222e-11,False,False,-0.22261773954960518
23.69816666666667,21.805400000000002,15,3.562169636679755,2.2043840259757417,3.51254377395455,0.04962586273722991,0.16491195270552217,0.23915977629879312,0.4113126919751231,-0.3616868292378932,0.460938554712353,1.2025047624319996e-11,False,False,0.6358527434931602
23.83295,21.9402,15,3.367783913767198,2.291145965067699,3.650793328198522,-0.28300941442466865,0.3140554780284777,0.26731309582504137,0.6336650964496143,-0.916674510874283,0.3506556820249457,6.655120898813038e-12,False,False,-1.6433529691857984
23.96825,22.0747,15,3.5508175100258086,2.2857826045219554,3.642247159078064,-0.09142964904640394,0.28517642850390573,0.2708883468373713,0.4712791844199065,-0.5627088334663104,0.3798495353735026,5.851319428984425e-12,False,False,0.12351629429031163
24.1033,22.20948333333333,15,3.5005057091839262,2.329409597783524,3.711763959123578,-0.21125824993396236,0.23304841869436035,0.2723364005283809,0.4873037302274037,-0.6985619801613661,0.27604548029344134,5.689226867389152e-12,False,False,-0.970386975837755
24.23755,22.344533333333334,15,3.6017185235614306,2.2547693163796794,3.592829484621005,0.008889038939742022,0.29605979569682117,0.23519181834835423,0.4384475736897125,-0.42955853474997047,0.4473366126294545,-6.834532939592464e-13,False,False,0.708079821037245
24.373116666666665,22.4801,15,3.3891866019985173,2.210711839761643,3.522626737110924,-0.13344013512505626,0.2731265762955017,0.22957960663568433,0.3574740184603059,-0.49091415358536217,0.22403388333524965,-1.2649437053369184e-11,False,False,-0.421070569587755
24.508166666666668,22.615599999999997,15,3.3065335717692506,2.211776696029119,3.5243235168953917,-0.21778994514170336,0.4411587597198336,0.2130172693532313,0.44638957762626474,-0.6641795227679681,0.2285996324845614,-1.5562218180775744e-11,False,False,-0.8543667832564097
24.643483333333332,22.751166666666666,15,3.062755674654909,2.1739420627927757,3.464036468972629,-0.40128079432906816,0.5627696442163492,0.23866099863178755,0.44933735965677024,-0.8506181539858384,0.04805656532770208,-1.13482556685085e-11,False,False,-0.7505318929470377
24.779183333333332,22.886466666666667,15,2.997883173993614,2.1102101106371265,3.362483713595895,-0.3646005396003602,0.46032173568437107,0.25484494571665756,0.423798794348498,-0.7883993339488582,0.05919825474813778,1.920685832601521e-12,False,False,-0.0865725799521897
24.914466666666666,23.022666666666666,15,3.0243259547714842,2.0612208422026015,3.2844224739014587,-0.26009651914682763,0.37863463226651956,0.2795057475051499,0.5648219084661994,-0.824918427613027,0.30472538931937176,-1.6853185513809876e-11,False,False,0.650453629612457
25.049783333333334,23.15825,15,2.9116634822057677,1.9709670826887304,3.140608929019634,-0.22894544682822016,0.2997996203075042,0.36869303615986476,0.680256760249278,-0.9092022070774981,0.4513113134210578,-1.4353851440773724e-11,False,False,0.139284196018707
25.184316666666668,23.293533333333336,15,3.0329267628185335,1.92866146194865,3.0731976508653767,-0.040270888050145004,0.4468653633694607,0.40395371958413423,0.8786157542393634,-0.9188866422895084,0.8383448661892184,-3.3018032752352156e-12,False,False,0.7822334424563451
25.318833333333334,23.42751666666667,15,3.0872566841062508,1.7927915264917829,2.8566976716272414,0.23055901247971633,0.34806982242572404,0.4007018236153697,0.5261488168456779,-0.2955898043659616,0.7567078293253943,7.069900220812997e-13,False,False,-0.06462935051240493
25.45361666666667,23.5634,15,2.9639977041224483,1.6402180400473299,2.6135816611835603,0.3504160429311014,0.32989968564832317,0.2888280079622773,0.39842865994628845,-0.048012617015187053,0.7488447028773899,-7.786660205510998e-12,False,False,0.10819728716160171
25.588183333333333,23.69816666666667,15,2.809705351704906,1.5405966099278885,2.454841337358358,0.35486401434354775,0.32446548573808365,0.21010131072623567,0.37881094940072574,-0.023946935057177987,0.7336749637442734,-3.000266701747023e-12,False,False,0.01156774113769643
25.72375,23.83295,15,2.8959540370851755,1.4461639782275597,2.3043690291631878,0.5915850079327356,0.37072019072443513,0.13222501526183622,0.42668312973503864,0.16490187819769697,1.0182681376677742,1.0747847056791215e-11,False,False,0.3192476784461178
25.8596,23.96825,15,2.74975465159514,1.4848337959738274,2.365986889737407,0.3837677618539601,0.42124931365364743,0.1366855698816856,0.2905651663245999,0.09320259552936022,0.6743329281785599,-3.772981926886132e-12,False,False,0.4772395772888558
25.994366666666668,24.1033,15,3.176101637756801,1.5553941073703754,2.4784201951704445,0.6976814425852353,0.5790430786160325,0.13654759056930127,0.43914182975254906,0.2585396128326863,1.1368232723377845,-1.1213252548714081e-12,False,False,1.5796770507149631
26.129133333333336,24.23755,15,2.9765608505695127,1.656196533669572,2.639042360239904,0.3375184903252375,0.532914360477658,0.10950380273357445,0.514860667298767,-0.1773421769735295,0.8523791576240045,-4.371170092554166e-12,False,False,-0.6048540139745455
26.264183333333335,24.373116666666665,15,3.1527422246872447,1.722038124640676,2.7439566890082063,0.40878553567745257,0.43619940960059383,0.11676548378332269,0.5817268283183035,-0.1729412926408509,0.990512363995756,-1.5858425683745736e-12,False,False,-0.14080987925990485
26.400616666666668,24.508166666666668,15,2.9631035798956873,1.7818940091892728,2.839333180639538,0.12377039926104771,0.5687635998725514,0.1850276919594418,0.8372767446121144,-0.7135063453510667,0.9610471438731621,4.898303984646191e-12,False,False,-0.8931149505806388
26.53595,24.643483333333332,15,2.7133551099250326,1.8670261895676958,2.974985819484552,-0.2616307095540833,0.6135892152128527,0.14603939685433862,0.8142621923966852,-1.0758929019507684,0.5526314828426019,5.4360960177746165e-12,False,False,-1.0081051265879069
26.670433333333335,24.779183333333332,15,2.4943532881952706,1.8433427796335309,2.9372478332126537,-0.4428945450235915,0.35102777638421945,0.12247792736927385,0.47162850652692456,-0.914523051550516,0.028733961503333072,-6.208367153703875e-12,False,False,-0.04742745467228815
26.804933333333334,24.914466666666666,15,2.4315543378907023,1.7844802108484146,2.843454126186668,-0.4118997882833355,0.2776183687211388,0.1887751920666535,0.45149036527491904,-0.8633901535582545,0.039590576991583526,1.2630341217345631e-11,False,False,0.44085379532771185
26.93998333333333,25.049783333333334,15,2.463564479650813,1.7982210358095472,2.865349244549659,-0.4017847649029136,0.25478232613535523,0.16621129986952546,0.35231197671443587,-0.7540967416173494,-0.04947278818847772,-4.0678571622265736e-12,False,False,-0.4388488157419488
27.075566666666667,25.184316666666668,15,2.3513771273501334,1.7463898328351206,2.782759565456058,-0.4313824380951701,0.30746839479150273,0.142280889636312,0.3458700156903071,-0.7772524537854772,-0.08551242240486295,1.0754508394938966e-11,False,False,-0.2257750269054668
27.210883333333335,25.318833333333334,15,2.5086652578247595,1.8099368905932351,2.884017703535059,-0.3753524457133608,0.36316189221071116,0.13076654964455603,0.3556884511715851,-0.7310408968849459,-0.019663994541775698,-3.0611069234964816e-12,False,False,-0.5489074606011854
27.346466666666668,25.45361666666667,15,2.3764902895200066,1.8495855869696243,2.9471953440737373,-0.5707050545588572,0.34072823268043184,0.15747480155617463,0.40751156355631346,-0.9782166181151707,-0.16319349100254377,-5.126565838509123e-12,False,False,-1.1307648425135994
27.4815,25.588183333333333,15,2.285487682238454,1.874896505363722,2.987526660110609,-0.702038977869961,0.329630453310134,0.15071365580717777,0.39836406988731793,-1.1004030477572788,-0.303674907982643,2.1942447858691594e-12,False,False,-1.1342907336947974
27.617866666666664,25.72375,15,2.132346913291258,1.8840409849035495,3.0020977984854023,-0.8697508851928433,0.29673477313522767,0.1437240093873693,0.39358040235887765,-1.2633312875517209,-0.4761704828339656,1.3011813848606835e-12,False,False,-1.397890504769748
27.753183333333332,25.8596,15,2.154962461456307,1.8674470668483991,2.9756564602869315,-0.820693998821298,0.38012874409909825,0.1338445770685412,0.4867645316104048,-1.3074585304317028,-0.3339294672108932,9.326317496061165e-12,False,False,-0.7799095477384981
27.888233333333336,25.994366666666668,15,2.198150638003426,1.7572612208568898,2.8000824211201056,-0.6019317831087392,0.48663309434180246,0.19736413014126586,0.6755914593153309,-1.2775232424240701,0.07365967620659175,7.94031507211912e-12,False,False,-0.19940109751769342
28.02355,26.129133333333336,15,2.64135105812602,1.6552356974025315,2.6375113296173747,0.003839728520688368,0.2287531001990184,0.2515192162895368,0.6034228717569918,-0.5995831432363035,0.6072626002776802,1.2043255281923848e-11,False,False,0.5399757061677519
28.159666666666666,26.264183333333335,15,2.660773132338363,1.6110568133772176,2.5671151272339503,0.09365800509112887,0.2752165630594018,0.2352719558531457,0.6164900864471049,-0.522832081355976,0.7101480915382338,-1.3284040534244923e-11,False,False,0.09557263361057267
28.294466666666665,26.400616666666668,15,2.7101814878333244,1.5358661722275428,2.447303689971772,0.2628777978679864,0.2025618188829132,0.2524144663104263,0.5816297855995949,-0.3187519877316085,0.8445075834675813,6.433964472307707e-12,False,False,0.09557263361057267
28.429783333333333,26.53595,15,2.8119211685916525,1.5059323593923182,2.399606089795891,0.4123150788000203,0.24084360069565375,0.28256671807593153,0.6718908591771925,-0.2595757803771722,1.0842059379772127,4.2588155224621005e-12,False,False,0.882401932758512
28.565616666666664,26.670433333333335,15,2.750753587373765,1.5544399681930372,2.4768998359284278,0.273853751434217,0.2343306666405037,0.2979376561631822,0.6944775956133832,-0.4206238441791662,0.9683313470476002,-1.1120437903855418e-11,False,False,-0.291369600687176
28.700666666666667,26.804933333333334,15,2.6304183520696824,1.5293882450532692,2.436981530812569,0.1934368212478148,0.3074411152500182,0.2933218338772419,0.7095583242936052,-0.5161215030457904,0.90299514554142,-9.298783965050461e-12,False,False,-0.9723606846819166
28.835716666666666,26.93998333333333,15,2.505963840179902,1.383479249499942,2.2044849567784937,0.3014788834061619,0.4604617417542553,0.21858116800973915,0.6371197123383493,-0.3356408289321874,0.9385985957445112,4.75353090223507e-12,False,False,-0.642321749124676
28.970233333333333,27.075566666666667,15,2.474932713950693,1.2854225596129254,2.048237945595959,0.4266947683499893,0.390195126539616,0.20746254328822722,0.5672666659909925,-0.1405718976410032,0.9939614343409818,-4.744649118038069e-12,False,False,0.301122163029504
29.10555,27.210883333333335,15,2.4546573037005146,1.1629677099190303,1.8531140403170498,0.6015432633848832,0.35006145571890984,0.15204307668922967,0.49934104185480116,0.10220222153008202,1.1008843052396844,1.4184209362611e-12,False,False,0.4314479090680834
29.240850000000002,27.346466666666668,15,2.3778837109712185,1.078120417027094,1.717915351307974,0.6599683596559771,0.38375646781357653,0.16908885942590599,0.5005741955627233,0.1593941640932538,1.1605425552187003,-7.267519919196275e-12,False,False,0.2636012293805834
29.37615,27.4815,15,2.242675665896968,1.119339144363039,1.7835947349217787,0.4590809309756878,0.43856555457581675,0.15476304334358099,0.5885557293078799,-0.1294747983321921,1.0476366602835676,4.984901380566953e-13,False,False,-0.3583780958870193
29.511466666666667,27.617866666666664,15,2.1040012888406636,1.1721508232403721,1.8677467391310056,0.2362545497053361,0.43815481643187165,0.17080317672199227,0.6355514916254715,-0.39929694192013543,0.8718060413308076,-4.321876190260809e-12,False,False,-0.36152836366090924
29.646250000000002,27.753183333333332,15,1.9394847212533932,1.3270732721030072,2.114605669692059,-0.1751209484464198,0.32631945644012034,0.21932067900985475,0.5454244652340281,-0.7205454136804479,0.3703035167876083,-7.753797603982093e-12,False,False,-0.9696746125409845
29.781833333333335,27.888233333333336,15,1.764683113906358,1.4577825686683354,2.322882503691207,-0.5581993898013025,0.2552062387874673,0.25108706338250947,0.517940108480882,-1.0761394982821844,-0.04025928132042045,-1.645350522494482e-11,False,False,-1.4608557147003012
29.9169,28.02355,15,1.6949314650264569,1.487937848574802,2.370932997361624,-0.6760015323525295,0.14235204451397337,0.22975210523456682,0.35144845587682066,-1.0274499882293502,-0.3245530764757088,-1.7362111748298048e-11,False,False,-0.7862419472075999
30.051933333333334,28.159666666666666,15,1.7010875074774958,1.4808373834821396,2.3596188641799642,-0.6585313567047706,0.16316169057537996,0.2014776626608495,0.3182769529277848,-0.9768083096325554,-0.3402544037769858,-2.3021584638627246e-12,False,False,-0.9839801660127705
30.18723333333333,28.294466666666665,15,1.9530368690684554,1.478279302653391,2.3555427273624163,-0.4025058582992642,0.455477699167254,0.2039333393893764,0.6070573210770538,-1.009563179376318,0.20455146277778957,-5.303313344029448e-12,False,False,0.5953045019559795
30.321483333333333,28.429783333333333,15,1.9850985555312946,1.4054621420655167,2.239513278298172,-0.2544147227654321,0.4896310392044312,0.24417613005503438,0.695608610506998,-0.95002333327243,0.44119388774156587,1.4455103780619538e-12,False,False,0.0841350683622295
30.45705,28.565616666666664,15,1.9954740156172193,1.2939981473755324,2.0619025916143467,-0.06642857600127172,0.3240006739326559,0.30224642351568926,0.5203602548661156,-0.5867888308673873,0.45393167886484387,-4.144240506320784e-12,False,False,-0.6025104394502705
30.591316666666668,28.700666666666667,15,1.9067131527262973,1.2514732490635652,1.994141908791564,-0.08742875606731104,0.5047206638263312,0.34053653206737616,0.5349403019332509,-0.622369058000562,0.4475115458659399,-2.0443646775447633e-12,False,False,-0.6025104394502705
30.72693333333333,28.835716666666666,15,1.6649889599721064,1.3080614983045962,2.084311634305969,-0.4193226743464038,0.5955906915506166,0.3127501333693378,0.5328112645500578,-0.9521339388964616,0.11348859020365398,-1.2541079286165768e-11,False,False,-1.5490762652189005
30.8625,28.970233333333333,15,1.4039248080953257,1.3592152312667167,2.1658218086282934,-0.7618970005496521,0.5112821885282706,0.3112884237506756,0.6125527666211843,-1.3744497671708364,-0.14934423392846785,-1.6684431614066852e-11,False,False,-2.0661706109385705
30.998066666666666,29.10555,15,1.3435706093150657,1.3458766408657539,2.1445676250948718,-0.8009970157854696,0.449201973819101,0.31715189839264313,0.5867933636224674,-1.387790379407937,-0.2142036521630022,-5.6634696932178485e-12,False,False,-1.7075890679698205
31.132316666666668,29.240850000000002,15,1.2858714594549383,1.3504565229850414,2.151865371873103,-0.8659939124063385,0.4273000674690756,0.3211870747402371,0.599616238877609,-1.4656101512839474,-0.26637767352872954,1.1826095658307167e-11,False,False,-2.283242768011405
31.2669,29.37615,15,1.060629037216131,1.2696766231056245,2.023147811303536,-0.9625187740912224,0.4588413625916713,0.25549299589468605,0.6803930193286463,-1.6429117934198687,-0.2821257547625762,-3.817390847871138e-12,False,False,-2.649453705511405
31.402449999999998,29.511466666666667,15,1.031405242800247,1.2238385610180558,1.9501078156863645,-0.9187025728824665,0.4192750255034131,0.23382364757494264,0.6828007355199934,-1.60150330840246,-0.23590183736247305,3.65107943878229e-12,False,False,-1.5964720524061704
31.537483333333334,29.646250000000002,15,0.8682105099360342,1.149110044061672,1.8310327435215603,-0.9628222335632017,0.44900010043360283,0.24649602353162434,0.7678805675570467,-1.7307028011202483,-0.19494166600615503,2.2324364579162648e-11,False,False,-2.245095795355155
31.67255,29.781833333333335,15,0.6420719798261416,1.1296364990230359,1.8000029054460427,-1.1579309256194392,0.5063157249529274,0.2630692364539104,0.7574528863129638,-1.915383811932403,-0.4004780393064754,4.618527782440651e-13,False,False,-2.634194916448905
31.80785,29.9169,15,0.40055178478360176,1.0356079001285252,1.6501743974689043,-1.2496226126804686,0.36188993960696964,0.3646967473317183,0.5990544759512731,-1.8486770886317418,-0.6505681367291954,4.8339110492179316e-12,False,False,-1.753490642964607
31.942633333333333,30.051933333333334,15,0.1586927176977042,0.8679601611001999,1.3830385377446235,-1.2243458200337045,0.41422562035380744,0.5309548126542133,0.6725526816148297,-1.8968985016485342,-0.5517931384188748,1.3214762617508313e-11,False,False,-1.9336962595552905
32.077416666666664,30.18723333333333,15,-0.25133915217156755,0.6959585793483711,1.108965110440914,-1.3603042626164097,0.6196434740126584,0.6520454291093399,0.755697581468171,-2.1160018440845807,-0.6046066811482387,-3.928191105728729e-12,False,False,-2.7424120798677905
32.21191666666667,30.321483333333333,15,-0.40211708354763687,0.501947084114363,0.7998203055296268,-1.2019373890798306,0.834816654905178,0.719002022031964,0.5845180720167116,-1.7864554610965422,-0.617419317063119,-2.566835632933362e-12,False,False,-3.2078051462740405
32.34748333333333,30.45705,15,-0.6890672943773097,0.1754962187333149,0.2796419059475868,-0.9687092003296129,1.073058192453382,0.8141380012567507,0.4403175022452164,-1.4090267025748293,-0.5283916980843966,-4.71644945321259e-12,False,False,-2.7631032312783645
32.482800000000005,30.591316666666668,15,-1.2369314420138835,-0.16513590466274763,-0.2631334136631371,-0.9737980283534853,1.2450729227387551,0.7812973654856392,0.41533144020781687,-1.3891294685613023,-0.5584665881456684,-2.738920201750261e-12,False,False,-3.672802516579395
32.61893333333333,30.72693333333333,15,-1.9158552991502802,-0.5147878345887875,-0.8202812132482261,-1.0955740858898935,1.3996007951419485,0.5804358087665329,0.630845654546967,-1.7264197404368604,-0.4647284313429265,1.2160494833324265e-11,False,False,-4.74104295874713
32.75395,30.8625,15,-2.7315290641781758,-1.3091180940355116,-2.08599525145819,-0.6455338127270807,1.5517177245404457,1.0868065039138206,0.6693522807376883,-1.3148860934647688,0.023818468010607607,-7.0947692165646e-12,False,False,-1.1647799576749094
32.889516666666665,30.998066666666666,15,-3.6961997066246113,-1.9705133917523199,-3.139886001773197,-0.556313704846616,1.7929493857877057,1.3897467979317433,0.693760067294326,-1.250073772140942,0.13744636244771002,4.7983839124299266e-12,False,False,-2.467132609381224
33.02483333333333,31.132316666666668,15,-4.713735655786877,-2.534438974031218,-4.038465046833487,-0.6752706089482672,2.040420939071803,1.3305111118293382,0.5287197293796093,-1.2039903383278765,-0.14655087956865787,5.123013124830322e-12,False,False,-4.057774551823968
33.1599,31.2669,15,-5.897174886405992,-2.9140792005455296,-4.643397262941015,-1.253777623469432,2.2989840471961824,1.1251779287682986,0.9746095020905698,-2.228387125560002,-0.27916812137886216,-4.455102953215828e-12,False,False,-6.220621084125014
33.295716666666664,31.402449999999998,15,-7.28748546915449,-3.8856781653448706,-6.191577550210147,-1.0959079189487966,2.4421126826018025,1.4978292590556932,0.5481240188951959,-1.6440319378439925,-0.5477839000536007,-4.454214774796128e-12,False,False,-2.385815050904057
33.4305,31.537483333333334,15,-8.652115604054416,-4.783350528519804,-7.621960565676565,-1.0301550383828726,2.8780197911091077,1.8130276772399878,0.5025198157124857,-1.5326748540953583,-0.5276352226703869,-5.021760784984508e-12,False,False,-4.047278430924052
33.56581666666667,31.67255,15,-10.280386060541787,-5.721334922414826,-9.116578202176688,-1.1638078583619063,3.2198937949526028,2.061262012867956,0.418205089046888,-1.5820129474087943,-0.7456027693150182,3.19211324040225e-12,False,False,-4.735261079200427
33.701033333333335,31.80785,15,-12.111361874289287,-6.654740289137408,-10.603899454201242,-1.5074624201060942,3.519714904638674,2.1844285659859186,0.5007502950397454,-2.0082127151458398,-1.0067121250663487,-1.8049561845145945e-11,False,False,-5.783376190884155
33.83635,31.942633333333333,15,-14.195958870179311,-8.317874221367674,-13.253996111621069,-0.9419627585502894,4.128498076312915,2.851481452638906,0.6793981081473467,-1.621360866697636,-0.26256465040294275,7.952749569994921e-12,False,False,-2.317967998533277
33.97085,32.077416666666664,15,-16.378430418400967,-9.966485458644456,-15.880951791271686,-0.4974786271322955,4.497900867919761,3.194796801956721,0.8520614329519943,-1.3495400600842897,0.3545828058196988,-3.014477556462225e-12,False,False,-2.8449620421306463
34.10561666666667,32.21191666666667,15,-18.9126793817195,-11.393716993836279,-18.155153193502677,-0.7575261882157065,4.849291670816861,3.0752626480050096,0.6739334396383647,-1.4314596278540712,-0.08359274857734178,1.1155520951433573e-12,False,False,-5.867664624762256
34.240649999999995,32.34748333333333,15,-21.533801747362304,-13.317716278343141,-21.220921965301045,-0.3128797820663749,5.0861449653542685,3.5132920482408685,0.8548921075622836,-1.1677718896286584,0.5420123254959087,-5.115907697472721e-12,False,False,-1.9639318339322926
34.37566666666667,32.482800000000005,15,-24.280326496780617,-15.313495943002636,-24.401068143407105,0.12074164662590192,5.349245304977441,3.825643728535767,1.0478184116895513,-0.9270767650636493,1.1685600583154532,-5.861977570020827e-13,False,False,-2.3582093919831095
34.5115,32.61893333333333,15,-27.108440631731355,-16.877020482370426,-26.892443657594363,-0.21599697414239927,5.508715259450818,3.7557314523516405,0.9950009573867667,-1.2109979315291661,0.7790039832443675,-5.4072302191343624e-12,False,False,-5.427140746178338
34.646033333333335,32.75395,15,-30.003253947485064,-18.710763392129593,-29.814394717304474,-0.1888592301766039,5.6224738228454525,4.155205863707335,1.3072112671367417,-1.4960704973133456,1.1183520369601379,3.986144747614162e-12,False,False,-2.4881407037901226
34.7824,32.889516666666665,15,-32.86934133968316,-21.026356871287135,-33.50414358246618,0.6348022427882825,5.60489687320298,3.924323855303209,0.8789586118992131,-0.24415636911093064,1.5137608546874954,5.265121671982342e-12,False,False,-1.953239757771371
34.918,33.02483333333333,15,-35.76967418505228,-23.3226925282288,-37.16320634995742,1.3935321648968966,5.45285462912582,3.7952225745913304,0.8438913851176052,0.5496407797792914,2.2374235500145017,-8.242295734817162e-12,False,False,-0.9265600247308612
35.053850000000004,33.1599,15,-38.44573919764662,-25.078107886973157,-39.96034750884982,1.5146083111958433,5.11386328288704,3.4808243331013276,0.6882431802974591,0.8263651308983841,2.2028514914933024,-7.361222742474638e-12,False,False,-2.330692305258708
35.189433333333334,33.295716666666664,15,-40.97990821755229,-26.672049898359546,-42.50019130292813,1.5202830853741034,4.632762617474993,3.528988446602124,1.090030446929418,0.4302526384446854,2.6103135323035214,-1.7337242752546445e-12,False,False,-0.2386034826777177
35.32526666666667,33.4305,15,-43.23759213099402,-28.58889033923697,-45.5545529191116,2.31696078810819,4.118427014953488,2.9722706196380324,0.7699398881418001,1.5470208999663901,3.08690067624999,-9.393374966748524e-12,False,False,0.5180223818169907
35.459783333333334,33.56581666666667,15,-45.26934020976478,-29.624119540298125,-47.2041238840408,1.934783674283608,3.5280845281535895,2.1573062104689096,0.971070358216161,0.963713316067447,2.905854032499769,7.58859641791787e-12,False,False,-3.5472578150365734
35.59403333333333,33.701033333333335,15,-46.91777185414685,-30.767120609722042,-49.02542237047455,2.1076505163327965,2.9194714956747636,1.8771958457743727,0.8287615319788717,1.2788889843539248,2.9364120483116682,5.094591415399918e-12,False,False,0.31101752373797353
35.72933333333334,33.83635,15,-48.23366441012331,-31.598708614001225,-50.35050422214203,2.116839812020771,2.3972031974928916,2.012124921236171,1.0426242078311372,1.074215604189634,3.1594640198519084,2.0534685063466895e-12,False,False,1.3427256416034652
35.86566666666667,33.97085,15,-49.063912731598975,-32.16167485624828,-51.24755462073408,2.1836418891398353,1.5111765725792627,1.148270917177164,0.7483269577909101,1.435314931348925,2.9319688469307454,4.732214620162267e-12,False,False,-1.2815722971281502
36.0015,34.10561666666667,15,-49.11783012648084,-32.580302851929446,-51.914611332498296,2.796781206032392,1.2467941021907758,0.7151931377769919,0.8037903854767591,1.992990820555633,3.6005715915091514,1.4935608305677306e-11,False,False,2.4252503026946215
36.1376,34.240649999999995,15,-49.09175033048086,-32.31063733916017,-51.484916729939776,2.3931663994699193,1.3607702409446563,0.929882037133781,0.8614941234869029,1.5316722759830164,3.254660522956822,1.1006306976923952e-11,False,False,1.124076457839692
36.27265,34.37566666666667,15,-48.61742435609267,-31.833063269168633,-50.72393325048076,2.10650889439421,1.754913433811707,1.6929232559335223,1.1849626793361179,0.9215462150580922,3.2914715737303277,6.117772954894463e-12,False,False,-1.7059647176211001
36.40743333333333,34.5115,15,-47.78845539640315,-31.42875127455045,-50.07968816310193,2.2912327666927013,2.2370763013027872,2.0351936393557586,1.257410567725633,1.0338221989670682,3.548643334418334,-6.0751403907488566e-12,False,False,1.3317249039100716
36.54246666666666,34.646033333333335,15,-46.53788974594863,-30.272813553012384,-48.23777595587183,1.6998862099135295,2.773705259231377,1.9797638377364253,0.5985110734755417,1.1013751364379878,2.298397283389071,-9.670486633694964e-12,False,False,1.1621087520761648
36.677233333333334,34.7824,15,-45.02934430936148,-29.00899844542073,-46.223968091502186,1.194623782139388,3.3147184091642874,2.453977770062121,0.742846845980645,0.4517769361587429,1.937470628120033,-1.3216094885137863e-12,False,False,-0.7913517259439686
36.81306666666667,34.918,15,-42.840239931952965,-27.870570098395547,-44.409955943293724,1.5697160113413702,4.228850697676377,2.5312926876261934,0.8313236030861023,0.7383924082552679,2.4010396144274724,6.110667527536862e-13,False,False,3.6113817591103725
36.94838333333333,35.053850000000004,15,-40.48035457511651,-26.465419450691115,-42.170939011170155,1.6905844360499032,4.955328483015545,3.015212276370084,0.743412412027619,0.9471720240222842,2.433996848077522,-3.744560217455728e-12,False,False,1.8553890115872491
37.083666666666666,35.189433333333334,15,-37.836356314790464,-24.599712903178443,-39.19805595619015,1.3616996414039022,5.34038372047332,3.263451458549486,0.7535900917617682,0.608109549642134,2.11528973316567,4.213518423057394e-12,False,False,1.4239059252286097
37.21843333333334,35.32526666666667,15,-35.49138459668757,-22.855105197188095,-36.41813609492322,0.9267514982529974,5.0130530365499535,3.6414307085898403,1.2388632673035296,-0.3121117690505322,2.165614765556527,1.7344348179904046e-11,False,False,-1.0064785283175297
37.35346666666667,35.459783333333334,15,-32.859050875013054,-21.476981172203523,-34.22218434302552,1.3631334680085274,4.824157125980451,3.602593051109681,1.2770779853723093,0.0860554826362181,2.6402114533808367,-3.936406756110955e-12,False,False,2.7393072807171848
37.48905,35.59403333333333,15,-30.394466417474177,-19.502873124245525,-31.07657048842542,0.682104070960122,4.640355636448006,2.887268874420873,0.5626765073366342,0.11942756362348783,1.2447805782967563,8.878231483322452e-12,False,False,1.652399084661738
37.62381666666667,35.72933333333334,15,-27.72853790904992,-17.92326900932312,-28.55957320764185,0.8310352985936333,4.8204677890081715,2.817457169778756,0.700198776618411,0.13083652197522233,1.5312340752120444,1.70174985214544e-12,False,False,2.4769430247688433
37.758833333333335,35.86566666666667,15,-25.491275038046297,-16.56202517465863,-26.390518950333693,0.8992439122812357,4.905011076008669,3.0809118760373253,0.6267860963576635,0.2724578159235722,1.5260300086388991,-6.160405519040069e-12,False,False,1.166807416593656
37.893633333333334,36.0015,15,-23.02234997964115,-14.800472664206609,-23.583598636009867,0.561248656387761,4.7608523761327,2.7980265130105626,0.837081810859283,-0.275833154471522,1.398330467247044,1.9042545318370685e-11,False,False,1.9498521275090752
38.02838333333333,36.1376,15,-20.266036067012465,-13.403045905870385,-21.35688922344338,1.0908531564436998,4.328947563986896,2.824901142242191,0.6159569417413362,0.47489621470236365,1.706810098185036,1.2786216530003003e-11,False,False,2.862297703017248
38.16293333333333,36.27265,15,-17.983194844186073,-12.004132605401537,-19.127811101862882,1.144616257675807,3.9532566514962144,2.848966254617223,0.8499701033538531,0.29464615432195385,1.9945863610296601,-1.0018652574217413e-12,False,False,1.8402576782682445
38.29783333333333,36.40743333333333,15,-15.75244450961327,-10.276969234622811,-16.37568766368572,0.6232431540829566,3.797290860850976,2.4166674833578843,0.41830553978724677,0.20493761429570984,1.0415486938702034,1.0505374348213081e-11,False,False,2.0700643956515705
38.432066666666664,36.54246666666666,15,-13.847045216338302,-9.01563159633588,-14.365827486869117,0.5187822705374856,3.587275568868743,2.417048566275428,0.5993690867252677,-0.08058681618778207,1.1181513572627533,6.6702199319479405e-12,False,False,1.3890449575264938
38.567366666666665,36.677233333333334,15,-12.184313647150702,-8.019719667085155,-12.77890605880793,0.5945924116640526,3.4183977527308427,2.195024482329194,0.6321602283126192,-0.037567816648566565,1.226752639976672,6.824762976975762e-12,False,False,2.5664392358012265
38.70218333333333,36.81306666666667,15,-10.802907431701897,-6.879693521503214,-10.962347921649064,0.1594404899424262,3.3686993758105803,1.8400716317936208,0.8759917541800937,-0.7165512642376675,1.0354322441225199,-4.7410964043592685e-12,False,False,2.245003003074089
38.8373,36.94838333333333,15,-9.25679371967999,-6.11867627488391,-9.749716020861516,0.49292230119681335,2.87924922470724,1.9376605877827275,0.5149379199856139,-0.02201561878880054,1.0078602211824272,1.5287326959878555e-11,False,False,1.7900907565199304
38.97266666666667,37.083666666666666,15,-7.911940554688044,-5.349391688341711,-8.523910647107762,0.6119700924373319,2.2458382753863244,1.709293789357822,0.6103461662295339,0.0016239262077980543,1.2223162586668659,1.7614354419492884e-11,False,False,2.3814757227082737
39.10851666666667,37.21843333333334,15,-6.697091900256055,-4.556040703118924,-7.259757019215489,0.5626651189522818,1.4546510303023539,1.2955660781694696,0.7702869420203228,-0.207621823068041,1.3329520609726044,-7.1525008138451085e-12,False,False,2.0431045726290904
39.24381666666667,37.35346666666667,15,-5.973250345661654,-3.8034960932054673,-6.060625718577195,0.08737537290471664,1.3228416061597914,0.6785551046119042,0.32321896178895076,-0.23584358888423412,0.4105943346936674,-1.0824230400885426e-11,False,False,2.6099535810935777
39.37886666666667,37.48905,15,-5.13996546434646,-3.416559262339433,-5.444066834028669,0.30410136968021106,1.0175985569781825,0.5973896847085846,0.22095214159470788,0.08314922808550318,0.525053511274919,-1.9975132659055816e-12,False,False,2.5794360029685777
39.514716666666665,37.62381666666667,15,-4.503687877688208,-3.0596406363001734,-4.875340022851708,0.37165214514243416,1.0936745546151834,0.5360963122126212,0.31944654488798885,0.05220560025444532,0.691098690030423,-2.106581575844757e-11,False,False,2.9937739017623244
39.65125,37.758833333333335,15,-3.9372045740819885,-2.739032926976506,-4.364472315593576,0.42726774149923585,0.7438785242292016,0.45750269743485006,0.3028468900315552,0.12442085146768067,0.730114631530791,-1.2351897282769642e-11,False,False,2.1822550829674583
39.78628333333334,37.893633333333334,15,-3.540374302705459,-2.5144800043854048,-4.006661715953824,0.46628741325912415,0.9096623135986766,0.3743642867174049,0.393849497770353,0.07243791548877115,0.8601369110294772,1.0759393376247317e-11,False,False,3.5436112119205063
39.92111666666666,38.02838333333333,15,-3.1894089318884653,-2.35002936951787,-3.744620235512979,0.5552113036264927,0.9686057650086156,0.3926048549414399,0.4554337943879132,0.09977750923857953,1.010645098014406,1.978861519091879e-12,False,False,3.2605723674496403
40.05628333333333,38.16293333333333,15,-2.6825250233559927,-2.2538446907128673,-3.5913561532545426,0.9088311299037741,0.9501194721613506,0.4423184922563293,0.3223058856598361,0.586525244243938,1.2311370155636103,5.224265464676137e-12,False,False,3.8402043630485423
40.190783333333336,38.29783333333333,15,-2.2195504663686734,-2.0806496706645703,-3.315381058996046,1.0958305926160392,1.1077792704898743,0.4814009351108624,0.42750729163244755,0.6683233009835916,1.5233378842484868,-1.1333600724583448e-11,False,False,4.244562273204792
40.326633333333334,38.432066666666664,15,-1.7107670214791142,-1.8144607596950664,-2.8912261971825255,1.1804591756990703,0.906623938494894,0.4309065657368866,0.3432381087119826,0.8372210669870876,1.523697284411053,-4.340972026284362e-12,False,False,3.7715398122672923
40.461666666666666,38.567366666666665,15,-1.1690539380215341,-1.5031979184532247,-2.3952489345168293,1.2261949964813539,0.8963243526274003,0.32295381177635885,0.4423907914905123,0.7838042049908416,1.6685857879718662,-1.3941292564823016e-11,False,False,4.580255632579792
40.596983333333334,38.70218333333333,15,-0.5693294916382001,-1.354077280499041,-2.1576348154514147,1.5883053238085267,1.0080417035432145,0.39559505766308295,0.4013790366650967,1.18692628714343,1.9896843604736234,-4.687805699177261e-12,False,False,5.404230241954792
40.73258333333333,38.8373,15,-0.06206784649475594,-1.1682957150369475,-1.86160387284351,1.7995360263594193,0.952050562143242,0.39791095195433374,0.35234464611830413,1.4471913802411152,2.1518806724777235,1.0665246463759104e-11,False,False,5.358453874767292
40.86815,38.97266666666667,15,0.8536019549246703,-0.8641046908705903,-1.3768950945917509,2.230497049526093,1.4001203622881746,0.375960612768192,0.8163562436168516,1.4141408059092417,3.0468532931429446,9.672262990534364e-12,False,False,7.512071665230906
41.00265,39.10851666666667,15,1.5959185592582799,-0.6729407071652531,-1.0722876156515453,2.668206174908846,1.6058074683306638,0.43251576823169197,0.9272247134723175,1.7409814614365287,3.5954308883811636,-9.78772618509538e-13,False,False,7.687547739449656
41.13848333333333,39.24381666666667,15,2.8544033498365025,-0.4841281678272935,-0.7714270116546821,3.6258303614886245,2.449564248732285,0.45269285819540744,1.78580412651137,1.8400262349772545,5.4116344879999945,-2.560174294785611e-12,False,False,11.647203501168406
41.2738,39.37886666666667,15,4.46862646406953,-0.4326735741451557,-0.6894374351789799,5.1580638992491,3.341104041768247,0.4095215651408559,2.906598506547428,2.2514653927016726,8.064662405796529,5.906386491005833e-13,False,False,15.478431706578704
41.40936666666666,39.514716666666665,15,6.407896135606279,-0.24363443105539773,-0.3882157527184031,6.79611188832132,4.092380318142874,0.383335424939858,3.6601709590579663,3.135940929263354,10.456282847379287,-3.361755318564974e-12,False,False,17.918941429263214
41.5444,39.65125,15,8.541164242502418,-0.16180760768111213,-0.2578299870809468,8.798994229584423,4.448361163751793,0.2713668491466301,4.28589280997903,4.513101419605393,13.084887039563453,1.0587086762825493e-12,False,False,21.612464909703704
41.679449999999996,39.78628333333334,15,10.88306662265677,0.013461365986586316,0.02144981851071881,10.861616804144433,5.064749406178195,0.17052957289547044,4.941695279829807,5.919921524314626,15.80331208397424,-1.6182610806936282e-12,False,False,25.540706565981964
41.814483333333335,39.92111666666666,15,14.022395656655135,0.07232879045113805,0.11525126274871858,13.907144393911949,5.941983795253945,0.11403667265598116,5.884274489270739,8.02286990464121,19.791418883182686,5.53335155473178e-12,False,False,32.643846509206924
41.950066666666665,40.05628333333333,15,17.40253437748106,0.16594779930528603,0.26442711541299124,17.138107262069752,6.837284526289518,0.09729610920192668,6.77535141898093,10.362755843088824,23.91345868105068,1.6839862837514374e-12,False,False,38.12518082016322
42.08565,40.190783333333336,15,21.38392529220073,0.14508337609731825,0.2311810026791356,21.152744289516704,7.849723156519191,0.0755604830861991,7.858848240473802,13.293896049042903,29.011592529990505,-4.888534022029489e-12,False,False,46.689561841238174
42.22211666666667,40.326633333333334,15,26.088766674398357,0.17317862314303056,0.27594896684747044,25.812817707543218,8.941113270829185,0.07960797312316756,8.938909813730099,16.87390789381312,34.75172752127332,-7.670308832530282e-12,False,False,55.83300552719447
42.35741666666667,40.461666666666666,15,31.22684677743382,0.1889562171563739,0.30108954533402565,30.925757232100295,10.168127037331914,0.09314734479240622,10.142401281623009,20.783355950477286,41.068158513723304,5.009326287108706e-13,False,False,66.22424087875697
42.49386666666667,40.596983333333334,15,37.22029380973254,0.9809362966188928,1.563058723313686,35.657235086408036,11.509698257940716,1.254425145088903,10.006439312684387,25.65079577372365,45.66367439909242,-1.0814460438268725e-11,False,False,72.18485453099129
42.62813333333334,40.73258333333333,15,44.166935633049434,2.55766536567171,4.0754748039297475,40.09146082911866,13.171322611402706,3.0694157004078018,9.079230244105347,31.012230585013313,49.170691073224006,-1.0231815394945443e-12,False,False,79.27137145242887
42.76425,40.86815,15,51.76919270088547,5.068719119182788,8.0766770100909,43.692515690781875,15.214797455274246,5.319982479954433,7.837060930928071,35.85545475985381,51.52957662170994,-1.269029326067539e-11,False,False,85.40802699982305
42.900816666666664,41.00265,15,60.290492926968,8.587424019522587,13.683506330404592,46.60698659655645,16.83426373129196,7.617985546127446,6.169863803808051,40.437122792748404,52.7768504003645,-6.956213383091381e-12,False,False,90.7361486430018
43.035833333333336,41.13848333333333,15,68.72591990784349,13.139625214600528,20.937145341185307,47.788774566655775,18.013609272849447,9.878452366741056,4.953372762394777,42.835401804261,52.74214732905055,-2.4087398742267396e-12,False,False,92.95994302119652
43.17146666666667,41.2738,15,77.10894929362257,18.339800326375553,29.223288997236175,47.88566029637332,17.607903294807134,11.584697413738969,4.602087545391069,43.283572750982245,52.48774784176439,-1.3081091765343444e-11,False,False,94.76041289290879
43.307300000000005,41.40936666666666,15,84.45384594842835,23.576957496570685,37.56836117822683,46.885484770211406,15.628460790150926,12.385610688022162,6.029416331217157,40.85606843899425,52.91490110142856,9.883649454422994e-12,False,False,96.30634989196551
43.44291666666666,41.5444,15,89.94644580157546,28.69618781664758,45.725524529229695,44.22092127234464,12.321899549507156,12.074149694720347,8.578259671888024,35.64266160045662,52.79918094423266,-1.1297629498585593e-12,False,False,96.02507700985007
43.57848333333333,41.679449999999996,15,92.99850040239471,32.683291863377235,52.07871767997854,40.91978272241613,9.154785352311409,10.637568962045771,10.164432031447854,30.755350690968278,51.08421475386398,-4.263256414560601e-14,False,False,99.46499727074115
43.714333333333336,41.814483333333335,15,93.31285549127642,36.237605060661735,57.742286524921504,35.57056896635186,8.270400904953805,8.709599443572714,12.05804450691055,23.51252445944131,47.628613473262405,-3.062439191126032e-12,False,False,94.96016173192766
43.84936666666667,41.950066666666665,15,91.20987430217792,38.63237863780887,61.55820376952034,29.651670532664866,11.06864571577883,6.582572133650659,13.389705157951857,16.261965374713007,43.041375690616725,7.283063041541027e-12,False,False,93.61727964952297
43.98466666666666,42.08565,15,86.65932162506215,39.60459926451222,63.107374634939504,23.55194699013009,15.163192966434769,5.249163710858519,12.817098892102166,10.734848098027925,36.36904588223226,7.44648787076585e-12,False,False,95.0867560882325
44.11945,42.22211666666667,15,80.10108173812114,39.02417912029705,62.182512569248225,17.918569168872637,18.840707938935452,6.243450722269539,11.18606969043469,6.732499478437946,29.10463885930733,-2.7711166694643907e-13,False,False,95.96876914803579
44.25533333333333,42.35741666666667,15,71.92515101245954,36.913514836734976,58.81930516038825,13.105845852085622,21.419623441020963,8.484199961790816,8.972650124832317,4.133195727253305,22.07849597691794,1.433164698028122e-11,False,False,97.04726834860048
44.390366666666665,42.49386666666667,15,62.683873321901046,33.75592164284899,53.78788405445997,8.895989267426557,22.193952217248267,9.5898645673255,7.535851861017748,1.3601374064088096,16.431841128444304,-1.4516388091578847e-11,False,False,94.33307850273559
44.52486666666667,42.62813333333334,15,52.77497054076957,29.907964899022772,47.65641315660202,5.1185573841703444,21.40206172075999,10.022938701209421,5.712227506034807,-0.5936701218644629,10.830784890205152,2.7924329515371937e-12,False,False,93.88250010245247
44.66018333333333,42.76425,15,43.11649999038127,25.458107612488675,40.565852563429935,2.5506474269514,19.089611661273224,9.706238459674067,3.7672445052207584,-1.2165970782693583,6.3178919321721585,6.394884621840902e-14,False,False,95.47004020397435
44.79443333333334,42.900816666666664,15,34.34953445725114,20.823361656224733,33.180683799412094,1.168850657857547,15.622041213318893,8.677880207456289,2.113507235520442,-0.944656577662895,3.282357893377989,1.850253283919301e-11,False,False,97.20463898008165
44.93001666666667,43.035833333333336,15,26.89900140283862,16.39259791259974,26.120547535430298,0.7784538674059149,11.730577518712277,7.094428735756226,1.6275919539483839,-0.8491380865424689,2.406045821354299,-2.4087398742267396e-12,False,False,98.16644352223375
45.06505,43.17146666666667,15,21.30612392733019,12.687246156678157,20.21630848850974,1.0898154388214607,7.821081575766712,5.624762751038175,2.174767424740214,-1.084951985918753,3.2645828635616745,1.0089706847793423e-12,False,False,100.48472937048064
45.200900000000004,43.307300000000005,15,17.219818108918844,9.933384549040056,15.828207626655585,1.3916104822656052,4.781198663559319,4.262735600881532,2.411505560889256,-1.0198950786236507,3.803116043154861,2.346567384847731e-12,False,False,99.44421178937773
45.335683333333336,43.44291666666666,15,14.67355334207241,7.844404607796605,12.499552818751722,2.174000523320501,2.7118014559326196,3.177931320143653,2.4994642735046373,-0.3254637501841362,4.673464796825138,-1.865174681370263e-13,False,False,100.94212570039963
45.469966666666664,43.57848333333333,15,12.859024336808943,6.41997911377257,10.229822662146368,2.6292016746701847,1.7891768687292868,2.4551666954319735,2.279193964141359,0.35000771052882573,4.908395638811544,7.609912699990673e-12,False,False,100.15452508174349
45.60503333333334,43.714333333333336,15,11.829457252228167,5.050416551894159,8.047513049537974,3.7819442026775505,1.697961884887133,1.4410840178640796,0.9443492167493964,2.837594985928154,4.726293419426947,-1.2642331626011583e-11,False,False,100.57727197604254
45.74086666666667,43.84936666666667,15,10.923466914064193,4.354100869662943,6.937978918684547,3.9854879953873024,1.6831355884482933,1.2965924651930254,0.9763791483442039,3.0091088470430982,4.9618671437315065,7.65698615623478e-12,False,False,100.76560781837907
45.87511666666667,43.98466666666666,15,10.037087882643391,4.118474423114094,6.5625233728034935,3.4745645098446403,1.5861070354145268,1.2494589944447387,1.3448670358074901,2.12969747403715,4.81943154565213,4.742872761198669e-12,False,False,99.26567879127106
46.01018333333333,44.11945,15,9.236724709429836,3.7805049707676517,6.023990847781745,3.212733861646484,1.54948654176972,1.1100586048862506,1.5784718042936625,1.6342620573528215,4.791205665940146,-1.6076029396572267e-12,False,False,99.74062779608357
46.14521666666667,44.25533333333333,15,8.500442850825493,3.7699138849457086,6.0071146355950695,2.4933282152323955,1.4498902229447745,1.0002852372329216,2.386359600784982,0.10696861444741357,4.879687816017377,1.971756091734278e-12,False,False,96.92514736134035
46.28053333333333,44.390366666666665,15,7.744679387920769,3.543116799039126,5.645728106449095,2.098951281463087,1.339652636838341,1.0826320034787036,3.035515849062558,-0.9365645675994707,5.134467130525644,-8.58690896166081e-12,False,False,97.58982956700493
46.41613333333333,44.52486666666667,15,7.229053764065611,3.6871349528555584,5.875211746125,1.3538420179338573,1.3579406551978352,0.9648118701850369,2.856873074579201,-1.5030310566453435,4.210715092513058,-6.753708703399752e-12,False,False,98.87421728481422
46.55116666666667,44.66018333333333,15,6.624804223283718,3.889584322765586,6.197801760132984,0.4270024631459819,1.15358485274044,0.6949424113575781,2.139273522951747,-1.712271059805765,2.566275986097729,-4.75175454539567e-12,False,False,99.05467331700493
46.687016666666665,44.79443333333334,15,6.393951118909172,3.9602319708137657,6.310374230887631,0.08357688802243501,0.8104110524156344,0.5835253340182919,1.56953679320007,-1.4859599051776349,1.653113681222505,8.943956686380261e-13,False,False,101.1272676197841
46.82261666666667,44.93001666666667,15,5.919257803630899,3.8698145951238985,6.16629997418176,-0.24704217055841582,0.5852728083776948,0.6844708125355462,1.24488186569916,-1.4919240362575759,0.9978396951407442,-7.554845637969265e-12,False,False,100.02448287709558
46.957649999999994,45.06505,15,5.481680515586049,3.646400596560852,5.8103041765259675,-0.3286236609383195,0.31577158088915136,0.8151967908747595,1.2120149470291783,-1.5406386079674979,0.8833912860908588,1.5987211554602254e-12,False,False,100.672056530806
47.0927,45.200900000000004,15,5.26442842236429,3.42202546191038,5.452776870503199,-0.18834844815501128,0.4633184553865273,0.781963808754642,1.060940511986866,-1.2492889601418773,0.8725920638318547,-1.610178657074357e-11,False,False,99.58178428695828
47.22721666666666,45.335683333333336,15,5.325228720161249,3.257225713423395,5.190179100025795,0.13504962012302713,0.30133884205777783,0.8287120889598788,1.301526549737679,-1.1664769296146518,1.436576169860706,-1.2426504270024452e-11,False,False,101.63261727638019
47.36308333333333,45.469966666666664,15,5.2600398144859355,3.0691133573127445,4.89043419284343,0.3696056216394936,0.283060496513838,0.835755790270834,1.2094872270304655,-0.8398816053909719,1.5790928486699591,-3.0118130212031247e-12,False,False,99.75514010997722
47.49785,45.60503333333334,15,5.010856857668841,2.7934557126609434,4.451191514591817,0.559665343065717,0.32302451388446113,0.8565979894949663,1.2875652841175558,-0.7278999410518388,1.8472306271832728,-1.1307399461202294e-11,False,False,100.24342135997722
47.632349999999995,45.74086666666667,15,4.76030813849502,2.498150420229649,3.980641576775861,0.7796665617242979,0.5351529835497989,0.7755691551073397,1.163228382083768,-0.3835618203594702,1.942894943808066,5.1390003363849246e-12,False,False,99.9337948061002
47.767399999999995,45.87511666666667,15,4.519214052757889,2.1727085642924067,3.462070968666603,1.0571430840864195,0.670760888462236,0.4849867489688497,0.9279023582813236,0.12924072580509594,1.9850454423677433,-4.865885472327136e-12,False,False,99.93902517968672
47.90298333333333,46.01018333333333,15,4.451397506549256,2.0787965722156514,3.3124282661330176,1.138969240419101,0.5846486136292959,0.40427227661311266,0.976317962964884,0.16265127745421692,2.115287203383985,2.8625990466935036e-12,False,False,100.47503769489413
48.0383,46.14521666666667,15,4.330740524419525,1.8640717628331913,2.970278131028456,1.3604623933824769,0.5004874375746775,0.4675279300099923,1.1942337219315364,0.16622867145094045,2.5546961153140133,-8.592238032179011e-12,False,False,100.85973447018478
48.17333333333333,46.28053333333333,15,4.314949263884046,2.1531370481352496,3.430885019932356,0.8840642439572548,0.44617173331396537,0.3894453458835336,0.9085474830488383,-0.024483239091583453,1.792611727006093,5.565325977840985e-12,False,False,100.46553846476309
48.30811666666667,46.41613333333333,15,4.348525538822287,2.377710651646339,3.7887285732842964,0.5597969655354973,0.4736406668303986,0.2860951271055965,0.5265259510875293,0.033271014447967984,1.0863229166230266,-2.4931168240982515e-12,False,False,101.03509361804754
48.44343333333334,46.55116666666667,15,4.337535113591002,2.5295200433101854,4.030627047975266,0.3069080656168808,0.4734171983144692,0.27571832212936126,0.34259491505208456,-0.03568684943520378,0.6495029806689654,1.1448619829934614e-12,False,False,100.44505758356536
48.57848333333333,46.687016666666665,15,4.375940408339375,2.6202035132337187,4.175125308680775,0.20081509966075828,0.5664281178500993,0.15140125457860462,0.3867318871049039,-0.18591678744414564,0.5875469867656622,2.1582735598713043e-12,False,False,101.2571256604133
48.71353333333333,46.82261666666667,15,4.932385170082853,2.6497843707365973,4.222260497298366,0.7101246727779653,0.5920585240868187,0.13170133562672937,0.6247327876886631,0.08539188508930218,1.3348574604666283,-6.5210059574383195e-12,False,False,102.5269089823123
48.84911666666667,46.957649999999994,15,5.070650417845172,2.6034784204421157,4.148474951999863,0.9221754658410646,0.6988365441103087,0.17194912896602396,0.7954584805549444,0.1267169852861202,1.7176339463960089,-4.2446046677468985e-12,False,False,102.38190205939463
48.98441666666667,47.0927,15,5.296878031731467,2.643529605375079,4.212293932095,1.0845840996407787,0.8199074181572706,0.18876996109268016,0.6564521027743834,0.42813199686639536,1.7410362024151622,4.312106227644108e-12,False,False,101.71157371134905
49.11891666666667,47.22721666666666,15,5.302283328288468,2.78523503926408,4.43809240172509,0.8641909265625145,0.8978153197741574,0.29312259297882154,0.7463758194068407,0.11781510715567378,1.6105667459693551,-8.633094239485217e-13,False,False,101.03581300094083
49.25395,47.36308333333333,15,5.80048956394603,2.9471824747524806,4.696145195398776,1.1043443685430248,0.38827196158537636,0.39668958111710223,0.5322203326108422,0.5721240359321825,1.6365647011538669,-4.229505634611996e-12,False,False,101.38804558155243
49.389783333333334,47.49785,15,5.917124583247642,3.182242667146056,5.0706984518038825,0.8464261314529722,0.22617733622073777,0.3883143221326316,0.6812340546048479,0.16519207684812431,1.52766018605782,9.213074747549399e-12,False,False,100.80911640592967
49.52455,47.632349999999995,15,6.1785320575363585,3.431263206748554,5.467496621115775,0.7110354364212981,0.20023162434386374,0.4695262065616357,0.7108515250505965,0.00018391137070161712,1.4218869614718945,7.149836278586008e-13,False,False,101.06261926201114
49.65958333333333,47.767399999999995,15,6.473725518102583,3.613580580597045,5.758007597809955,0.715717920284078,0.5555262279817639,0.47375875433141457,0.5390956899238967,0.17662223036018132,1.2548136102079748,-8.549605468033405e-12,False,False,102.2903540966654
49.7941,47.90298333333333,15,6.475081508804578,3.716099838806258,5.921365423801194,0.5537160850217333,0.503452393728208,0.41604979658887015,0.41529077786723667,0.13842530715449664,0.96900686288897,1.8348877972584887e-11,False,False,101.71965200046543
49.9294,48.0383,15,6.670192283891083,3.885492472036276,6.191281659899166,0.4789106240041292,0.4249300995650294,0.3898352580150903,0.42817843057685806,0.050732193427271144,0.9070890545809873,1.2211565092457022e-11,False,False,101.83314796428022
50.0647,48.17333333333333,15,6.941388064318744,3.979743200918165,6.341464117684949,0.5999239466254949,0.5355987272163621,0.4434593736431159,0.5141046377062877,0.0858193089192072,1.1140285843317825,-8.30002733209767e-12,False,False,102.6459956421022
50.199733333333334,48.30811666666667,15,6.977404615325213,4.118764498049131,6.562985588504134,0.41441902681981446,0.4104378212913141,0.37189482065631996,0.4936969806394679,-0.07927795381965341,0.9081160074592823,-1.2647660696529783e-12,False,False,101.6950758973544
50.33505,48.44343333333334,15,6.991026605173829,4.123490584181127,6.570516301947208,0.42051030322727456,0.381279030810662,0.3178631837560501,0.5329334482448269,-0.11242314501755235,0.9534437514721015,6.536993168992922e-13,False,False,102.25524874687835
50.469833333333334,48.57848333333333,15,7.159682043064095,4.298247695074679,6.848980487220788,0.3107015558216517,0.41238662798210635,0.21019478205577882,0.5402272616704944,-0.2295257058488427,0.8509288174921461,-2.1654678050708753e-11,False,False,102.47776154775056
50.60566666666667,48.71353333333333,15,7.3172382369375555,4.340947705150029,6.917020199344714,0.4002180376010074,0.5591184034232978,0.2187628947583319,0.765967715396826,-0.3657496777958186,1.1661857529978334,8.165912390722951e-12,False,False,102.91681732036523
50.741,48.84911666666667,15,7.369067512277979,4.302878224832966,6.856358937745254,0.5127085745207296,0.32136539482154564,0.22640388130519676,0.5550659246685948,-0.042357350147865236,1.0677744991893245,-1.1995737736469891e-11,False,False,101.82739317700907
50.87656666666667,48.98441666666667,15,7.304669509278028,4.147282682981313,6.608427476917238,0.6962420323579863,0.3975101954847408,0.14720197489702655,0.3463878759878607,0.3498541563701256,1.042629908345847,-2.8039792709932954e-12,False,False,102.27835548213625
51.01163333333333,49.11891666666667,15,7.091183066419035,4.047345025537652,6.449183265245929,0.6419998011715506,0.7718019044647428,0.2122424530293504,0.49179180406785505,0.1502079971036956,1.1337916052394057,-1.5552004128949193e-12,False,False,101.74487547713215
51.14613333333333,49.25395,15,7.0152361340879,3.89943387205858,6.213496381686073,0.8017397523963155,0.5838133282631427,0.2491717236428298,0.41987470276662986,0.3818650496296856,1.2216144551629453,-5.511147094239277e-12,False,False,103.67724082618952
51.28145,49.389783333333334,15,6.77615948922903,4.079532382485922,6.500471742623938,0.27568774661631323,0.5881860223402852,0.3255656137752341,0.8546893250383484,-0.5790015784220351,1.1303770716546615,1.1220357976071682e-11,False,False,99.94380567260669
51.41623333333334,49.52455,15,6.274881554549211,4.109066364177124,6.547532237658871,-0.2726506831113511,0.5376892660029405,0.3544085238200675,1.028506109730241,-1.3011567928415921,0.7558554266188899,-1.6910917111090384e-12,False,False,100.27694644909934
51.552083333333336,49.65958333333333,15,6.062443584174616,4.160745835859416,6.6298801427243435,-0.5674365585473424,0.4789766309100577,0.25279841798328745,0.79351455685993,-1.3609511154072724,0.22607799831258757,2.3847590568948362e-12,False,False,101.28267759553273
51.68728333333333,49.7941,15,5.87791972017294,4.128690025299875,6.578801276032709,-0.7008815558692731,0.7025428506848643,0.22267225979595076,0.7623764103317817,-1.4632579662010547,0.061494854462508575,-9.50439726921104e-12,False,False,100.78386709884217
51.82311666666667,49.9294,15,5.606888183065166,3.9500775967935624,6.294193890791362,-0.6873057077245903,0.5568274847970655,0.36949148143677035,0.6403301774271589,-1.3276358851517491,-0.0469755302974314,1.6058265828178264e-12,False,False,102.01567708271614
51.959266666666664,50.0647,15,5.388779777043965,3.746845732588554,5.970357022591186,-0.5815772455371189,0.5030084856404937,0.5415452099403074,0.7514256617658437,-1.3330029073029626,0.16984841622872482,1.0102141345669224e-11,False,False,102.42506337768282
52.09458333333334,50.199733333333334,15,5.480245356389787,3.5516698984029063,5.659356918654338,-0.1791115622563666,0.5826599869810648,0.6435886073721423,0.9783924856981279,-1.1575040479544945,0.7992809234417613,8.184564137536654e-12,False,False,103.18702952252352
52.23068333333333,50.33505,15,5.182739395131648,3.4021816913882503,5.421157101997376,-0.2384177068597637,0.4127469645671525,0.5889621159302465,0.8605163881843696,-1.0989340950441333,0.6220986813246059,5.964118088286341e-12,False,False,101.85354153513617
52.36573333333333,50.469833333333334,15,5.040133496870112,3.07575803524378,4.901022058578967,0.13911143828227068,0.3256120504283087,0.4748550645861611,0.9923578102129256,-0.8532463719306549,1.1314692484951963,-8.874678769643651e-12,False,False,103.60067288279242
52.50131666666667,50.60566666666667,15,5.217820107580337,2.8833706630211964,4.594465188938799,0.6233549186254095,0.38171012264852766,0.558260491238446,1.164710809720306,-0.5413558910948966,1.7880657283457155,-1.6128431923334574e-11,False,False,104.11749674020393
52.63635,50.741,15,5.392163031101518,2.764300769620604,4.404734993200988,0.9874280378935509,0.28098354790415314,0.5860252148759991,1.0574227051240648,-0.06999466723051384,2.0448507430176157,-6.979306022003584e-12,False,False,103.20232494716765
52.7722,50.87656666666667,15,5.017349817091599,2.627084634194034,4.186089931134108,0.8312598859556601,0.5660848468460228,0.6021049996925075,1.0935280223984887,-0.26226813644282854,1.9247879083541488,-1.830535723001958e-12,False,False,101.67031914003019
52.90725,51.01163333333333,15,4.929166418223758,2.4811818918133213,3.953603321127297,0.9755630971103528,0.5809640469019801,0.5398609813847891,1.0487371644107817,-0.07317406730042886,2.0243002615211347,1.3891554573319809e-11,False,False,102.76072487312194
53.04255,51.14613333333333,15,4.540917553880718,2.2935501579922857,3.6546242545657663,0.8862932993106369,0.6619459121604697,0.3732771112373991,1.1401826644034492,-0.25388936509281224,2.026475963714086,-4.314326673693358e-12,False,False,102.1717873547168
53.17733333333333,51.28145,15,4.678723983975942,2.103193447681406,3.3513031137146445,1.3274208702641772,0.5902727984677666,0.33901937870465243,1.0606918753849046,0.2667289948792726,2.3881127456490816,2.879474436667806e-12,False,False,102.89790869418357
53.313183333333335,51.41623333333334,15,4.295228035465698,2.3579181268687535,3.757190461567316,0.5380375739005103,0.8096543710942905,0.338849562358557,1.3325344572184976,-0.7944968833179873,1.870572031119008,2.12851958281135e-12,False,False,100.38236538566707
53.44821666666667,51.552083333333336,15,3.973804036832007,2.481791509540926,3.954574707659026,0.019229329171139398,0.7502265769241583,0.31858765716557164,1.2324921220234812,-1.2132627928523418,1.2517214511946206,-1.8416379532482097e-12,False,False,101.53360428623273
53.58273333333333,51.68728333333333,15,3.7167449542248505,2.5706009078821808,4.096086756166157,-0.37934180193587963,0.8453578105036889,0.2257410123422333,1.1823497387242143,-1.561691540660094,0.8030079367883347,5.426770144367765e-12,False,False,101.21597271441715
53.7183,51.82311666666667,15,3.593995841467404,2.60673162900639,4.153658730031806,-0.5596628885632526,0.6083316661885553,0.15192070193037405,0.8021713544160646,-1.361834242979317,0.24250846585281194,1.149302875091962e-12,False,False,102.96373010109528
53.85308333333333,51.959266666666664,15,3.4422973482505768,2.589222994098236,4.125759849522609,-0.6834625012743345,0.5338247871362757,0.19828110100003063,0.7181410374844037,-1.4016035387587382,0.03467853621006922,-2.3021584638627246e-12,False,False,102.17215118688182
53.98918333333334,52.09458333333334,15,3.524004086124478,2.464086926778691,3.92636359688198,-0.40235951076647325,0.6152906748275507,0.27987783403143346,1.0300337933322157,-1.432393304098689,0.6276742825657424,-8.971046128181115e-12,False,False,103.91488018874952
54.12505,52.23068333333333,15,3.726273845466494,2.4695710406995204,3.935102178717665,-0.2088283332541323,0.7679840419506492,0.2108640980112075,1.0309978229193586,-1.239826156173491,0.8221694896652263,-2.9611868512802175e-12,False,False,102.7817597840185
54.25983333333333,52.36573333333333,15,3.6471980945352698,2.50747162819971,3.9954943205061557,-0.34829622596953413,0.8115696523133737,0.1971309269954949,1.0651176423996347,-1.4134138683691688,0.7168214164301006,1.3518075547835906e-12,False,False,102.4469428792654
54.39463333333333,52.50131666666667,15,3.9264255680536735,2.433698919146991,3.8779422665911456,0.04848330146887747,0.7646014133650576,0.17508225438848155,1.001141200347635,-0.9526578988787575,1.0496245018165125,6.349587522436195e-12,False,False,103.43628836639982
54.53021666666667,52.63635,15,4.136265677989286,2.423780648961838,3.862138142728545,0.2741275352673256,0.496431077638721,0.15733387653095726,0.6444276946850842,-0.3703001594177586,0.9185552299524098,6.5845107144468784e-12,False,False,101.89625746863021
54.66578333333334,52.7722,15,4.558316631890193,2.4982733591314172,3.9808374719869017,0.577479159917857,0.41356903476643003,0.2005468164218141,0.5529649650839186,0.024514194833938463,1.1304441250017756,1.4565681993872204e-11,False,False,103.04484693265113
54.80056666666667,52.90725,15,4.356867801747285,2.534700425934716,4.0388816535794065,0.3179861481603439,0.48845432794454813,0.2228652031767809,0.7074497732529634,-0.38946362509261956,1.0254359214133073,-7.534417534316162e-12,False,False,101.72839071624912
54.935050000000004,53.04255,15,4.32768900062365,2.509036729705258,3.9979882088142453,0.3297007918063173,0.5307889333034176,0.21363002760610642,0.7427069445552648,-0.4130061527489475,1.072407736361582,-3.0873081868776353e-12,False,False,101.95727255218662
55.070100000000004,53.17733333333333,15,4.4878809505244135,2.492717621877091,3.9719847629886256,0.5158961875404202,0.48891941704634334,0.2305897849049234,0.732145824817394,-0.21624963727697377,1.2480420123578142,4.632294547946003e-12,False,False,103.4604168367805
55.20486666666667,53.313183333333335,15,4.68332145018212,2.5672007800058054,4.090668871685922,0.5926525784998375,0.49198315193890857,0.31001756010830134,0.9238579775977945,-0.331205399097957,1.5165105560976322,3.638866985511413e-12,False,False,102.22015771204315
55.340450000000004,53.44821666666667,15,4.639223982485419,2.77540797918482,4.422433615283647,0.216790367188878,0.43561755183095374,0.30666514576490483,0.6854867214510425,-0.4686963542621645,0.9022770886399205,-1.2893686118786718e-11,False,False,102.55222832657455
55.475233333333335,53.58273333333333,15,4.65118814966263,2.9025136617128737,4.624968322728979,0.026219826937449398,0.43529959014665576,0.23040394474650502,0.5717703356607994,-0.54555050872335,0.5979901625982488,3.7978509226377355e-12,False,False,102.54895285100793
55.610800000000005,53.7183,15,4.282786508083518,2.9335193445222103,4.674373878578503,-0.3915873705118429,0.3891286398037786,0.13348092431260622,0.3079995014067233,-0.6995868719185662,-0.08358786910511962,-1.6857626405908377e-11,False,False,101.83048926021729
55.746383333333334,53.85308333333333,15,4.141619599839032,2.8734707887088007,4.578690377712999,-0.4370707778907672,0.5509104797391132,0.22175470682746257,0.34060660544202526,-0.7776773833327925,-0.09646417244874195,-1.680078298704757e-11,False,False,101.93222397200589
55.8809,53.98918333333334,15,4.177015144196048,2.943635756979347,4.690493729372352,-0.5134785851605557,0.3843747243380723,0.1681983073897365,0.37472184756364507,-0.8882004327242008,-0.1387567375969106,1.574829155970292e-11,False,False,102.52409797816654
56.016200000000005,54.12505,15,4.255559975237702,2.859957092659897,4.557157174622997,-0.30159719938092167,0.30152290305307755,0.12501526701515375,0.1980999558800604,-0.4996971552609821,-0.10349724350086126,4.373390538603417e-12,True,False,102.13822590580094
56.15125,54.25983333333333,15,4.246908312255982,2.8346930285188137,4.516900517816445,-0.2699922055599018,0.25840067931829397,0.1480860238211424,0.23516190288809502,-0.5051541084479968,-0.03483030267180676,5.613287612504791e-13,False,False,102.20558995172905
56.28628333333334,54.39463333333333,15,4.379988717766537,2.869659220585163,4.572616889734532,-0.19262817197522963,0.3882152754388765,0.13373538941342647,0.3947579612361336,-0.5873861332113632,0.20212978926090397,-7.23421322845752e-12,False,False,102.75328693797928
56.42106666666667,54.53021666666667,15,4.226635626677307,2.7665819689536875,4.408369937212626,-0.1817343105431064,0.4403570818181475,0.1300483428128438,0.362831248880409,-0.5445655594235155,0.18109693833730262,-7.787548383930698e-12,False,False,101.3068038179772
56.55583333333333,54.66578333333334,15,4.271456156944623,2.7362266347263358,4.360000669884354,-0.08854451294246246,0.42569951575357245,0.1607477214426936,0.3614970845087527,-0.45004159745121514,0.2729525715662902,-2.7320368189975852e-12,True,False,103.20815075769497
56.69146666666666,54.80056666666667,15,4.2166267023203545,2.736299068095832,4.360116087787066,-0.14348938546572754,0.6247294996486522,0.19110778449387492,0.4444482007938155,-0.5879375862595431,0.30095881532808794,9.841016890277388e-13,False,False,101.28246984902944
56.8265,54.935050000000004,15,3.9440410169772804,2.6656563712058414,4.247551506383669,-0.3035104894061078,0.5840519288592714,0.27274963300758953,0.3151298046951065,-0.6186402941012143,0.011619315288998677,2.8066438062523957e-13,False,False,101.96638913931383
56.96208333333333,55.070100000000004,15,3.889590682752896,2.4600361964949116,3.9199090194260573,-0.030318336683194502,0.4259529761539673,0.2736304842018488,0.7484196878470296,-0.7787380245302241,0.7181013511638351,-1.0033307518142465e-11,False,False,104.07973142447008
57.09711666666667,55.20486666666667,15,3.841653067043808,2.3964375544055656,3.8185686850421634,0.02308438200998353,0.3348082030414328,0.15553122694691685,0.4200732710421547,-0.39698888903217117,0.4431576530521382,8.339107182564476e-12,True,False,101.47816459760361
57.23243333333333,55.340450000000004,15,3.7291300270080683,2.3601534493609506,3.7607523037918225,-0.03162227679240459,0.3915263614178865,0.15566898899291282,0.37321038386312216,-0.40483266065552675,0.3415881070707176,-8.65041371866937e-12,True,False,102.02810704286094
57.36725,55.475233333333335,15,3.7879772880551172,2.326552986029128,3.707212132529721,0.08076515552056662,0.4073830079910757,0.19679605554895446,0.2720588668445621,-0.19129371132399547,0.3528240223651287,-4.829470157119431e-12,True,False,102.52414289519947
57.502050000000004,55.610800000000005,15,3.73222649480158,2.273198203831271,3.6221947282066114,0.11003176658778102,0.6220560460231614,0.259375348936228,0.2781633341125037,-0.1681315675247227,0.38819510070028473,-7.1875838614232634e-12,True,False,102.07433581442456
57.637899999999995,55.746383333333334,15,3.4609554056223715,2.361456228274619,3.7628281979682106,-0.30187279234814923,0.5059109464921902,0.25905676410135314,0.5680062541368164,-0.8698790464849656,0.26613346178866715,-2.3101520696400257e-12,False,False,100.44445666468528
57.77268333333333,55.8809,15,3.1356216055646655,2.364425715924881,3.767559885022214,-0.6319382794517878,0.2680015697570108,0.34273261570346836,0.6810535746609999,-1.3129918541127878,0.049115295209212095,5.760725230175012e-12,False,False,100.57075568834262
57.90773333333333,56.016200000000005,15,3.6148328509152634,2.4961591245119052,3.9774685754779737,-0.3626357245630061,0.6014291679480686,0.32295618168355855,0.5542309019820705,-0.9168666265450766,0.1915951774190644,-2.957634137601417e-13,False,False,102.94034711980203
58.04333333333333,56.15125,15,3.73030766442389,2.5485374854833935,4.060930115551014,-0.3306224511270557,0.6710887050261879,0.29578726229623886,0.5516057804589506,-0.8822282315860063,0.2209833293318949,6.838973831690964e-14,False,False,102.15757289718022
58.1781,56.28628333333334,15,3.7495055152103305,2.4957179338889546,3.976765566674829,-0.22726005145341333,0.7246436615079223,0.2983078307125177,0.6358664035321847,-0.863126454985598,0.4086063520787714,1.1085354856277263e-11,False,False,102.46957839932293
58.31315,56.42106666666667,15,3.9098715984728187,2.549291161867586,4.062131050260973,-0.15225945178644906,0.48792679485727347,0.23201519554876598,0.5689592783112523,-0.7212187300977013,0.4166998265248032,1.7053025658242404e-12,False,False,101.72817819810007
58.44845,56.55583333333333,15,3.567064519782434,2.594721251025476,4.134520967326858,-0.5674564475430088,0.6134303698932351,0.19229412254027803,0.5966246497944891,-1.164081097337498,0.029168202251480313,1.4148682225822995e-12,False,False,100.58454861937207
58.583999999999996,56.69146666666666,15,3.8175094154357794,2.7409351644528215,4.367503408327546,-0.5499939928758977,0.5234098295346391,0.24264640188045278,0.7354928871937468,-1.2854868800696444,0.18549889431784916,1.5869083824782138e-11,False,False,100.64744181996502
58.7193,56.8265,15,3.558744813366502,2.8623289354545705,4.560936553144642,-1.0021917397789366,0.4823824095670258,0.2119484894090441,0.6713256601695381,-1.6735173999484747,-0.3308660796093985,-7.966960424710123e-13,False,False,99.94356255239109
58.85406666666667,56.96208333333333,15,3.475615705960081,2.857014686040202,4.552468639444614,-1.0768529334782215,0.5131085644274502,0.1566409783299073,0.5968401221924803,-1.673693055670702,-0.48001281128574125,6.31139585038909e-12,False,False,101.01192820236611
58.98895,57.09711666666667,15,3.9251160977437394,2.886565070530196,4.599555271281527,-0.6744391735355748,0.4522923780316098,0.21274993119840538,0.47289705028871093,-1.1473362238242857,-0.20154212324686388,2.212452443473012e-12,False,False,101.03965106344549
59.12371666666666,57.23243333333333,15,3.8267325470005744,2.9449053447497135,4.6925167356025455,-0.8657841886015376,0.4110463252308094,0.1875586671672229,0.4312791137508517,-1.2970633023523894,-0.4345050748506859,4.334310688136611e-13,False,False,100.36826434469549
59.25906666666666,57.36725,15,3.8452955524626304,2.8844490011106245,4.59618345113704,-0.7508878986736818,0.45762872428450585,0.2812291290814874,0.569313625542728,-1.3202015242164098,-0.18157427313095376,7.274181257344026e-13,False,False,101.2367148163903
59.39436666666666,57.502050000000004,15,3.821222438287805,2.6888601251266664,4.284525191733657,-0.46330275343461835,0.5554077620865064,0.32287635528021,0.6682608695718272,-1.1315636230064454,0.20495811613720882,1.1233680652367184e-11,False,False,101.49016096419655
59.52941666666666,57.637899999999995,15,3.6496162118710345,2.5344520848157117,4.038485938022999,-0.3888697261481866,0.5371264156631744,0.27607609842516756,0.8120221357158397,-1.2008918618640263,0.4231524095676531,3.778310997404333e-12,False,False,100.70418804697692
59.66445,57.77268333333333,15,3.3842670234371326,2.534140989791922,4.03799022816662,-0.6537232047212456,0.4817869725777877,0.27306161341560664,0.6665887796470998,-1.3203119843683453,0.012865574925854273,8.241407556397462e-12,False,False,100.53709261411859
59.799533333333336,57.90773333333333,15,3.3834177694516256,2.5496486172269215,4.0627006323220405,-0.6792828628840653,0.7007590687606361,0.2668601588971907,0.8930197322265049,-1.5723025951105702,0.21373686934243963,-1.3650414132371225e-11,False,False,101.70026640134165
59.93483333333334,58.04333333333333,15,3.596444544651604,2.55684036227467,4.074160214225042,-0.47771566957817413,0.432183883420264,0.2842233437214063,0.7389733879894613,-1.2166890575676355,0.2612577184112872,-4.735767333841068e-12,False,False,100.38003387817298
60.0704,58.1781,15,3.7976651345961727,2.4771442859710078,3.9471696566223917,-0.1495045220326574,0.37029704468728475,0.33749356929589464,0.7618761770144549,-0.9113806990471123,0.6123716549817975,-6.438405364406208e-12,False,False,101.59310760864173
60.20598333333333,58.31315,15,3.7722573652063147,2.429053249008575,3.870539690847422,-0.09828232564177597,0.40564229123101725,0.2861351215673728,0.49681445559480114,-0.595096781236577,0.39853212995302517,-6.687983500341943e-13,False,False,99.66012450201379
60.34128333333333,58.44845,15,3.644511258979037,2.3348161473586515,3.7203789471768887,-0.07586768819237477,0.5535472011817647,0.1890742969950735,0.6040530850709708,-0.6799207732633455,0.528185396878596,5.476952225080822e-12,False,False,99.9501182751701
60.47605,58.583999999999996,15,3.309238911650027,2.2183645800250815,3.5348208851583056,-0.2255819735037221,0.49983378208302703,0.14139496768473678,0.6250230905162618,-0.8506050640199839,0.3994411170125397,4.5563552930616424e-12,False,False,100.0721885876701
60.611650000000004,58.7193,15,3.138347402236832,2.1953701148995606,3.4981806880055832,-0.3598332857764035,0.6302903202601674,0.16664979292428445,0.60683554670107,-0.9666688324774735,0.24700226092466648,-7.652101174926429e-12,False,False,100.01022854997427
60.74696666666667,58.85406666666667,15,2.785667066993483,2.106493638089887,3.3565617542852433,-0.570894687280088,0.42832365643755643,0.2514981700876564,0.34847410711003246,-0.9193687943901204,-0.2224205801700555,1.1672440791699046e-11,False,False,100.30647443183989
60.881750000000004,58.98895,15,2.5922681686570286,1.9227949350060953,3.0638497185432465,-0.47158154988755996,0.35298462137501,0.34645530663184987,0.40143996993145503,-0.873021519819015,-0.07014157995610493,-1.3420375921668892e-12,False,False,100.81764386543364
61.01731666666667,59.12371666666666,15,2.6870128602458863,1.8413520897411217,2.9340757972583646,-0.24706293702001858,0.3768584175088633,0.4485882891821134,0.5979034062497671,-0.8449663432697857,0.35084046922974854,-7.540190694044213e-12,False,False,101.43562482246489
61.15213333333334,59.25906666666666,15,2.8277021164103644,1.8795176484672993,2.994890153606185,-0.16718803718504205,0.5291388323308286,0.3943744812211491,0.7440718074590099,-0.911259844644052,0.5768837702739679,1.077848921227087e-11,False,False,101.47768159114639
61.287400000000005,59.39436666666666,15,2.728873203632247,1.827188483610371,2.911507004368799,-0.18263380071584834,0.43830949430348265,0.3503586647941001,0.5774797062628138,-0.7601135069786621,0.3948459055469654,2.070343896320992e-11,False,False,100.12752917471516
61.422450000000005,59.52941666666666,15,2.953928896873549,1.698144378962752,2.7058835462942024,0.24804535059229238,0.5758518636496053,0.2568883323195248,0.6148929528114117,-0.3668476022191193,0.862938303403704,1.2945644556339175e-11,False,False,102.09368757746415
61.5575,59.66445,15,2.8402168758766493,1.6479407513397746,2.6258873035528922,0.21432957231991168,0.5105174495778846,0.2422891656915763,0.6132730384208999,-0.3989434661009882,0.8276026107408115,-3.845368468091692e-12,False,False,100.5647836112621
61.69338333333334,59.799533333333336,15,2.6294320921588223,1.5793305420447723,2.516561360047107,0.11287073210951348,0.5468061179037922,0.17764800265974823,0.6898842921152973,-0.5770135600057839,0.8027550242248108,-2.2017943024366105e-12,False,False,100.36984839095385
61.8292,59.93483333333334,15,2.7050548451952636,1.6230081207140756,2.5861587646773474,0.11889608052115364,0.4699511277324551,0.21753506384234977,0.6879983734200044,-0.5691022928988507,0.806894453941158,3.2374103398069565e-12,False,False,99.59825780818937
61.9643,60.0704,15,2.608668040287739,1.740406532844645,2.7732255628133267,-0.1645575225338689,0.50606162015204,0.3421487296867729,0.9111485673374511,-1.07570608987132,0.7465910448035822,-8.281375585283968e-12,False,False,99.24125553981867
62.099900000000005,60.20598333333333,15,2.6886774098529713,1.7911070028603717,2.854013491863703,-0.16533608200552408,0.4619132167405618,0.4433343494602408,1.0659917971766553,-1.2313278791821793,0.9006557151711312,5.207390074701834e-12,False,False,99.22117035472183
62.23493333333333,60.34128333333333,15,2.6218503991913167,1.894069812969974,3.018078089201394,-0.39622769002016867,0.4299701535231942,0.3889033533283219,0.92293485163958,-1.3191625416597486,0.5267071616194113,-1.0091483204632823e-11,False,False,99.84535499362391
62.36976666666667,60.47605,15,2.6925642753049033,2.041422723887081,3.2528754492425334,-0.5603111739310407,0.4508741375054824,0.28329370960653466,0.8118864040525197,-1.3721975779835605,0.251575230121479,6.589395695755229e-12,False,False,99.9016405348084
62.5048,60.611650000000004,15,2.3683566466424963,2.1231500881804095,3.383102733249084,-1.0147460866028268,0.673788018819979,0.17638311288767733,0.8107389195660324,-1.8254850061688592,-0.20400716703679445,3.76099151822018e-12,False,False,98.18447750723863
62.6404,60.74696666666667,15,2.1972473129353602,2.1265076135096024,3.388452733318029,-1.1912054203694424,0.62484359565655,0.18985262801657457,0.5505416610319841,-1.7417470814014266,-0.6406637593374583,1.3226308936964415e-11,False,False,99.48910397208238
62.77596666666667,60.881750000000004,15,1.9203123940897058,2.0476383368950337,3.262779627695619,-1.3424672336059302,0.5428534215955609,0.304449783277852,0.3865210648571898,-1.72898829846312,-0.9559461687487405,-1.687538997430238e-14,False,False,99.21159434362198
62.91101666666667,61.01731666666667,15,1.7068678048381116,1.879200638148177,2.9943850181081992,-1.2875172132644366,0.3287819888595843,0.3739156521934891,0.5076556464870068,-1.7951728597514434,-0.7798615667774298,5.651035195342047e-12,False,False,99.58866172439593
63.04578333333333,61.15213333333334,15,1.388677523653314,1.6498888078967866,2.628991406036857,-1.2403138823810878,0.3039824236849219,0.34950989399230126,0.5009548172638918,-1.7412686996449795,-0.739359065117196,2.4553692412609962e-12,False,False,98.66520614367619
63.1811,61.287400000000005,15,1.470428060310951,1.6208778853579133,2.5827643720265323,-1.1123363117076224,0.34071469579902935,0.36107389975649173,0.5221948359888339,-1.6345311476964564,-0.5901414757187885,7.958966818932822e-12,False,False,98.65878040035022
63.31563333333334,61.422450000000005,15,1.159366611886071,1.548358728767198,2.467209773112035,-1.3078431612248096,0.4072013832124615,0.35615208620836075,0.6801740336271163,-1.9880171948519259,-0.6276691275976933,1.1541878564003127e-12,False,False,98.04955570807215
63.450399999999995,61.5575,15,1.246465013398847,1.4338181198945676,2.2846967001539618,-1.0382316867599002,0.4641314082954328,0.3171602163610491,0.3603330018510001,-1.3985646886109002,-0.6778986849089002,-4.785505325344275e-12,False,False,98.02121508942218
63.584916666666665,61.69338333333334,15,1.1417752436755109,1.3471078334987396,2.146529451149939,-1.0047542074826197,0.4378354587838651,0.22918181457811804,0.3303553211871235,-1.3351095286697432,-0.6743988862954962,-8.191669564894255e-12,False,False,97.91057883237954
63.719950000000004,61.8292,15,0.9773926685375045,1.232152990582108,1.963356322958716,-0.9859636544133537,0.42741261721077295,0.12220621778803503,0.374604435365188,-1.3605680897785417,-0.6113592190481656,7.857936523691933e-12,False,False,97.67406760191079
63.85525,61.9643,15,1.0809324368019588,1.163275366401649,1.8536042710798413,-0.7726718342582899,0.43511661498113824,0.08671635058522201,0.4715568812300779,-1.2442287154883678,-0.301114953028212,1.9592549804769988e-11,False,False,99.22178460250143
63.990300000000005,62.099900000000005,15,0.9138105252059177,1.1491844719930668,1.8311513396300192,-0.917340814423369,0.321930288469058,0.09379260905866481,0.3557895931497985,-1.2731304075731675,-0.5615512212735705,7.325251516476783e-13,False,False,97.64182546868687
64.12586666666667,62.23493333333333,15,0.5859652355575236,1.1157696613918233,1.7779069940204488,-1.1919417584449548,0.4562827586961806,0.12699170900913623,0.4072919879235728,-1.5992337463685276,-0.784649770521382,1.7970513965792634e-11,False,False,96.73392751946812
64.26116666666667,62.36976666666667,15,0.5895783749147085,1.0304249582659395,1.6419157138839806,-1.0523373389805784,0.3854555008020271,0.16843229183266922,0.337849268396644,-1.3901866073772222,-0.7144880705839344,-1.1306289238177669e-11,False,False,97.90122488274937
64.39648333333334,62.5048,15,0.3625654738571029,0.9903050951106707,1.5779872994709927,-1.2154218256182503,0.7958730314088015,0.20696855067219355,0.6385259375861834,-1.8539477632044337,-0.5768958880320669,-4.360511951517765e-12,False,False,95.92546211475565
64.53151666666666,62.6404,15,0.07059318909159629,0.9376052404877555,1.494013479999091,-1.4234202909065061,0.5746713555653113,0.2672638215827876,0.3181882659521671,-1.7416085568586732,-1.105232024954339,9.885425811262394e-13,False,False,97.0775006889744
64.66633333333333,62.77596666666667,15,-0.3557047018839512,0.8447148632403696,1.3459986548072007,-1.7017033566989994,0.8733891279474342,0.32626960913984454,0.4769520302733744,-2.1786553869723737,-1.2247513264256251,-7.847500427260456e-12,False,False,95.0480817436619
64.80118333333333,62.91101666666667,15,-0.5309290250734193,0.7181379900430329,1.1443065709248834,-1.6752355959997658,0.7722692114612664,0.35074518903603047,0.3921548528283291,-2.0673904488280948,-1.2830807431714366,-1.4630519018510313e-12,False,False,96.3755963920994
64.93645,63.04578333333333,15,-0.7180112360001658,0.5487229908176232,0.8743546960557464,-1.5923659320687875,0.7920166750200103,0.3204659191939582,0.37255791866027116,-1.9649238507290587,-1.2198080134085163,-1.287525641657794e-11,False,False,95.84426499244
65.0715,63.1811,15,-1.2420241535946843,0.3216032314776385,0.5124540076044238,-1.7544781612032239,0.8780258183716869,0.31669536185016267,0.43161107623879635,-2.18608923744202,-1.3228670849644275,-4.11581879689038e-12,False,False,95.04105003400764
65.2063,63.31563333333334,15,-1.824607809940062,0.15306719982618233,0.24390271087549173,-2.0685105208231107,1.2173906705909936,0.3302249870065221,0.7151178649686228,-2.7836283857917334,-1.353392655854488,-7.557066084018516e-12,False,False,93.70875741635973
65.3411,63.450399999999995,15,-2.832240385170735,-0.2437039230899245,-0.3883264837935425,-2.4439139013775275,1.744991476000931,0.6262402277685417,0.7875530201668526,-3.23146692154438,-1.656360881210675,-3.348432642269472e-13,False,False,93.36715093611565
65.47613333333334,63.584916666666665,15,-3.942671656383027,-1.0629936031109537,-1.693811748934341,-2.248859907454971,2.095542551979675,1.389762399071494,0.6372120809185048,-2.886071988373476,-1.6116478265364664,-6.285194587007936e-12,False,False,95.81621844458277
65.61143333333334,63.719950000000004,15,-5.231979208459961,-1.875908472109586,-2.9891391638534905,-2.242840044616969,2.519486545180295,1.8871155308574907,0.6858454575508945,-2.9286855021678635,-1.5569945870660744,-1.049826892085548e-11,False,False,94.60644026237424
65.74595000000001,63.85525,15,-6.675092010395019,-2.6905311099362734,-4.287187798257835,-2.387904212138892,2.758432256779947,2.060532235137041,0.6773871146498713,-3.0652913267887634,-1.7105170974890207,-1.7079671010833408e-12,False,False,93.59007473413658
65.88151666666667,63.990300000000005,15,-7.979135447087174,-3.473055901056796,-5.5340905840820165,-2.4450448629922903,3.33421368499798,2.0027918499649298,0.6033396823037335,-3.048384545296024,-1.8417051806885567,1.2867040766195714e-11,False,False,91.71003670339996
66.01521666666666,64.12586666666667,15,-9.340011985856108,-4.6401102769850695,-7.393716463115846,-1.946295522753644,3.3417745651942505,2.2715758475237346,0.6055830915646284,-2.5518786143182726,-1.3407124311890155,-1.3381296071202087e-11,False,False,95.45066891981696
66.15079999999999,64.26116666666667,15,-11.459874483924068,-5.994113792097778,-9.551233738181628,-1.908640745728917,3.7417240738353836,2.6690048169118428,0.7016849209426113,-2.610325666671528,-1.2069558247863057,1.3523404618354107e-11,False,False,93.68013199446432
66.28585,64.39648333333334,15,-13.43374214429059,-7.2183088098609005,-11.501909544701629,-1.9318325995900523,4.369223983624363,2.7294787325902083,0.5402239893362468,-2.472056588926299,-1.3916086102538054,-1.0906830993917538e-12,False,False,91.57981483060576
66.42168333333333,64.53151666666666,15,-15.569566271246003,-8.812994647279993,-14.0429385775901,-1.5266276936636132,4.141882654606517,3.0145198179675856,0.8853149227140872,-2.4119426163777002,-0.641312770949526,-7.709388682997087e-12,False,False,95.24354713538196
66.55671666666666,64.66633333333333,15,-17.888409636332653,-10.470207229314838,-16.68359994537017,-1.2048096909493324,4.479212545097036,3.1402344134447673,0.7592966777326207,-1.964106368681953,-0.4455130132167118,1.3152146038919454e-11,False,False,93.38192995272402
66.69228333333334,64.80118333333333,15,-20.510486984974705,-11.963079633351299,-19.062395838606484,-1.4480911463706434,4.167871024987755,2.8923995253157044,0.7656441523478078,-2.213735298718451,-0.6824469940228356,-2.4229507289419416e-12,False,False,92.12234039949544
66.82733333333333,64.93645,15,-22.909994454064872,-13.858714592392062,-22.082967887127804,-0.8270265669416403,4.374070627090361,3.077386933541389,0.7371506550820203,-1.5641772220236607,-0.08987591185962007,-4.572342504616245e-12,False,False,94.8539010041859
66.96265,65.0715,15,-25.495057407708373,-15.678641940939997,-24.9829047410805,-0.512152666629845,4.89564200556053,3.2704243723806163,0.542145756210231,-1.054298422840076,0.029993089580385934,-1.971756091734278e-12,False,False,93.5922998446622
67.09823333333333,65.2063,15,-28.38859140368004,-17.117041595374758,-27.27490182103883,-1.1136895826475666,5.594750076106303,3.107697956942171,1.181991589530854,-2.2956811721784205,0.06830200688328736,-6.359357485052897e-12,False,False,89.23982887313468
67.23328333333333,65.3411,15,-31.358091830108606,-19.032484351540916,-30.32703631677838,-1.0310555133328307,6.187530627774299,3.7892097048756286,0.8024994586600454,-1.833554971992876,-0.2285560546727854,-2.604139126560767e-12,False,False,93.62555416968826
67.36805,65.47613333333334,15,-34.66959697378479,-20.98891184452441,-33.444477347331514,-1.2251196264624014,6.5273911435596625,4.222722560195864,0.8224617255681584,-2.04758135203056,-0.4026579008942429,-9.123368727159686e-12,False,False,92.5094808369904
67.50338333333333,65.61143333333334,15,-37.865920664480655,-23.135778314914205,-36.86537060604652,-1.0005500584338733,6.565931752151168,4.0115271587110195,0.6300793283471507,-1.630629386781024,-0.3704707300867226,2.6290081223123707e-13,False,False,91.85347334344988
67.63841666666666,65.74595000000001,15,-40.966982118996384,-25.198642838589876,-40.152412180366305,-0.8145699386241176,6.14358005569974,3.7134745643933207,0.6743753731118157,-1.4889453117359333,-0.14019456551230192,5.9614535530272406e-12,False,False,92.46123919726233
67.77346666666666,65.88151666666667,15,-43.8716873198573,-27.066964073525014,-43.12946157112011,-0.7422257487232855,5.611743838367614,3.4689361263135403,0.7178344935515731,-1.4600602422748588,-0.024391255171712367,1.390532133882516e-11,False,False,92.70191765895288
67.90823333333334,66.01521666666666,15,-46.61556960702001,-28.527986971810606,-45.45750733107181,-1.158062275939301,4.925682408649618,3.3326531598014615,0.6591746460453647,-1.8172369219846656,-0.4988876298939362,8.895995051716454e-12,False,False,92.08087851616438
68.04301666666667,66.15079999999999,15,-48.67761069198605,-30.025112705417996,-47.84308063066151,-0.8345300613345898,4.57757031210257,2.810849112402409,0.5226846231753736,-1.3572146845099633,-0.3118454381592163,-1.0054179711005418e-11,False,False,91.86059461139666
68.17911666666666,66.28585,15,-50.76996165202581,-31.227391834585433,-49.75883488216644,-1.011126769868497,3.5412221049839507,2.0460740977823626,0.757328541697096,-1.7684553115655928,-0.25379822817140096,-9.123368727159686e-12,False,False,90.66645435144892
68.31443333333333,66.42168333333333,15,-52.471429802142666,-31.98298321090988,-50.96282100857987,-1.508608793550593,2.388539148276565,1.7285059451384264,0.6198096525886646,-2.1284184461392575,-0.8887991409619284,1.220001877300092e-11,False,False,90.90373212976556
68.4508,66.55671666666666,15,-53.36984136609681,-32.577667935740465,-51.9104127634897,-1.459428602589469,1.7256455879891792,1.094695349948542,0.7457053521725061,-2.2051339547619753,-0.7137232504169628,1.7635670701565687e-11,False,False,89.57246475703141
68.58558333333333,66.69228333333334,15,-54.238963916912326,-32.99694152162556,-52.57849818160663,-1.660465735309117,0.7139044570850372,0.6529010943473906,0.8590766911901383,-2.5195424264992554,-0.8013890441189787,-3.424815986363683e-12,False,False,89.53713608390535
68.72063333333334,66.82733333333333,15,-54.44329609916167,-32.88360363607353,-52.397901570690465,-2.045394528466204,0.38860560806680583,0.7608035676334433,0.940602705648739,-2.985997234114943,-1.104791822817465,5.002220859751105e-12,False,False,89.4315718668513
68.85568333333335,66.96265,15,-54.24981474460219,-32.4760898688437,-51.74855466515285,-2.5012600794379978,0.6836268483969914,1.4564359891160534,1.6971929337839655,-4.198453013221963,-0.8040671456540323,1.1340262062731199e-11,False,False,85.54289461443841
68.99098333333333,67.09823333333333,15,-53.68478577391943,-31.97902104990135,-50.9565075605518,-2.7282782133661385,1.1538877720855272,1.872488870243696,1.982064688875434,-4.710342902241573,-0.7462135244907044,1.4921397450962104e-12,False,False,86.89128934996552
69.12656666666666,67.23328333333333,15,-52.907947634776065,-30.73457719486396,-48.97356653778117,-3.9343810969967308,1.7035398019390238,1.773597972773807,1.2047699250519923,-5.139151022048723,-2.7296111719447387,-1.8332002582610585e-12,False,False,85.60497859808675
69.26161666666667,67.36805,15,-51.65622994686419,-29.552657685042504,-47.09025402661327,-4.565975920240817,2.4131051661668135,2.4617635245645215,1.585302907252412,-6.151278827493229,-2.9806730129884045,1.0096812275151024e-11,False,False,83.1838996673323
69.39775,67.50338333333333,15,-50.38669621590088,-28.425786415424227,-45.29465733588063,-5.092038880022301,2.979192902444433,2.6630599096234318,1.3746624758916157,-6.466701355913917,-3.717376404130685,-2.0463630789890885e-12,False,False,83.53617590312206
69.53331666666666,67.63841666666666,15,-48.77493948206393,-26.820217397500528,-42.73628665676726,-6.0386528253038705,3.5357142138055075,2.9951020198187464,1.2648369661239205,-7.303489791427791,-4.77381585917995,-7.204903340607416e-12,False,False,80.72409966154373
69.66758333333334,67.77346666666666,15,-46.885534525201365,-24.946864691533847,-39.751219941428715,-7.134314583772721,3.8983293640287564,3.510295348999536,1.7341441582143138,-8.868458741987034,-5.400170425558407,-7.105427357601002e-14,False,False,77.63656554320187
69.80296666666666,67.90823333333334,15,-44.773260529051186,-23.352065807936015,-37.21001077674532,-7.563249752285628,4.265973560500249,3.5960426514370534,1.5128951666815227,-9.07614491896715,-6.050354585604106,2.0236257114447653e-11,False,False,78.85689655458555
69.93826666666668,68.04301666666667,15,-42.672749782315805,-21.84085868501643,-34.80199969146386,-7.870750090849469,4.444721954581629,3.4191904636577104,1.1797718485424606,-9.05052193939193,-6.6909782423070085,2.4726887204451486e-12,False,False,78.2524816954392
70.07356666666666,68.17911666666666,15,-40.467818102137244,-20.07779101406777,-31.992665066608705,-8.475153035515177,4.492382436267132,3.4255538620701946,1.0860381901839022,-9.56119122569908,-7.3891148453312745,1.3361756145968684e-11,False,False,74.92816585833498
70.20859999999999,68.31443333333333,15,-37.96619138796814,-18.03820765533601,-28.742720527111576,-9.223470860846646,4.65175709137392,3.4609361551834237,0.9363545593468036,-10.15982542019345,-8.287116301499843,9.915623877532198e-12,False,False,73.09158195480995
70.34525000000001,68.4508,15,-35.682053291362536,-16.13543126503646,-25.710769068464984,-9.97128422289461,4.437773652166295,3.556639560714142,1.3355969840637991,-11.306881206958408,-8.635687238830812,2.9416469260468148e-12,False,False,70.30289472803997
70.48003333333332,68.58558333333333,15,-33.4133254125918,-14.232054946467542,-22.677861662813445,-10.73546374977559,4.0649182370029475,3.347744915599719,1.3791554794450953,-12.114619229220686,-9.356308270330494,2.7675639557855902e-12,False,False,68.7822379139252
70.6151,68.72063333333334,15,-31.344917356822407,-12.663045471614168,-20.177746257680052,-11.167171099139523,3.7667773209274604,3.1159336172852963,1.2876587183855737,-12.454829817525097,-9.87951238075395,2.8315128020039992e-12,False,False,67.66028458614892
70.75066666666666,68.85568333333335,15,-29.355138226506824,-11.696019139326381,-18.63685216540679,-10.71828606111012,3.436408260172275,2.595489607268484,1.2961768031594951,-12.014462864269616,-9.422109257950625,-1.0086154134114622e-11,False,False,69.42313063703477
70.88625,68.99098333333333,15,-27.664927015270223,-10.242511949134496,-16.320782201577874,-11.344144813689127,3.1315193120903984,1.8978113513081547,0.7260967393834559,-12.070241553072583,-10.61804807430567,3.2223113066720543e-12,False,False,65.19239927164745
71.02101666666667,69.12656666666666,15,-25.939202653789835,-9.212585797631618,-14.679661304100359,-11.259541349701976,2.9912049719356575,1.7361637091436473,0.6797894555353304,-11.939330805237306,-10.579751894166646,-1.2500223078859563e-11,False,False,64.59770219431084
71.15686666666667,69.26161666666667,15,-24.494501098604815,-8.345061193438596,-13.297316798196142,-11.197184300395747,2.7796208277485785,1.7113837150230022,0.586540093188901,-11.783724393584649,-10.610644207206846,1.2924772363476222e-11,False,False,62.753335334316944
71.29191666666667,69.39775,15,-22.627806051721564,-7.376460273910197,-11.753913702707747,-10.873892349016387,2.849640337750226,1.42901629051442,0.8999063541545548,-11.773798703170941,-9.973985994861833,-2.5703883466121624e-12,False,False,63.675837679445976
71.42698333333333,69.53331666666666,15,-21.31921583190706,-6.838361965001241,-10.896488752036095,-10.42272707984921,2.6840574532871018,1.4485756011286177,0.949464232829097,-11.372191312678307,-9.473262847020113,2.1753265855295467e-11,False,False,61.17274188002921
71.562,69.66758333333334,15,-19.665077532292344,-6.134656584184995,-9.775179613084994,-9.889897919201758,2.8104888383745332,1.2162031369729667,1.4282292814160504,-11.318127200617809,-8.461668637785706,5.5919713304319885e-12,False,False,61.634281858685426
71.69811666666666,69.80296666666666,15,-18.408201970469236,-5.239668749771226,-8.349074221061189,-10.059127749416803,2.59633106185241,0.7792593318486658,1.6584012995261461,-11.717529048942948,-8.400726449890657,-8.755662861403835e-12,False,False,58.635929807904176
71.83291666666668,69.93826666666668,15,-17.3139859061921,-4.686610062624823,-7.467810872535656,-9.846175033653708,2.1479233456501126,0.9301732165717587,1.4423817448813334,-11.28855677853504,-8.403793288772375,2.737365889515786e-12,False,False,56.60085643877392
71.96849999999999,70.07356666666666,15,-16.347628893665387,-4.40183405038988,-7.014038663628141,-9.333590230029586,1.9746703148565699,1.214200756382086,0.8327727443010561,-10.166362974330642,-8.500817485728529,7.65965069149388e-12,False,False,55.731404304649914
72.10355,70.20859999999999,15,-15.42894693602284,-3.9112052468481124,-6.232253308220031,-9.196693627804052,1.9215312755882634,1.4620234259282046,0.7171223291473581,-9.91381595695141,-8.479571298656694,-1.2434497875801753e-12,False,False,54.28294621393434
72.23859999999999,70.34525000000001,15,-14.24468510087172,-3.254590504224325,-5.185980064124524,-9.058705036752144,1.6777821078051756,1.4593765525636078,0.7620049514141422,-9.820709988166286,-8.296700085338003,-4.948930154569098e-12,False,False,53.44371281549684
72.37336666666667,70.48003333333332,15,-13.267648556917266,-2.6285213338196627,-4.188379219327808,-9.079269337613368,1.7040616341578196,1.2552772608818494,0.6311916703453717,-9.71046100795874,-8.448077667267997,-2.390976305832737e-11,False,False,52.958331417656154
72.50814999999999,70.6151,15,-12.32886041841266,-2.1239011075449525,-3.3842994341695953,-8.944560984255077,1.6449648970801116,0.81588548235205,0.8317568486062525,-9.776317832861329,-8.112804135648824,-1.2011724948024494e-11,False,False,53.06839006251539
72.64293333333333,70.75066666666666,15,-11.496071563298756,-1.708996596855286,-2.7231758555936882,-8.77289570769426,1.4287016969096953,0.4394958404815651,1.239569555274712,-10.012465262968973,-7.533326152419549,1.0807355010911124e-11,False,False,52.3112018868851
72.77943333333333,70.88625,15,-10.838289047162107,-1.7138588586894912,-2.730923556235601,-8.107365490941447,1.118020423843975,0.5315543097427927,0.928684895230877,-9.036050386172324,-7.178680595710571,-1.4940937376195507e-11,False,False,50.7548054025101
72.9142,71.02101666666667,15,-10.219046770194836,-1.4715272459434345,-2.344783760468049,-7.874263009727656,1.170508084943526,0.3822393072231648,1.0489363274323198,-8.923199337159975,-6.825326682295336,-8.686384944667225e-13,False,False,50.5869587228226
73.04955,71.15686666666667,15,-9.60012835512316,-1.2605159287813876,-2.0085508357155573,-7.591577519406201,1.2110670144413829,0.25140881572389184,1.1596518264005333,-8.751229345806735,-6.431925693005668,1.4033219031261979e-12,False,False,49.45017893766635
73.18405,71.29191666666667,15,-9.20466821687296,-1.0624084126284288,-1.6928792856422155,-7.511788931231422,1.4299378132001246,0.22677992657319046,1.3538696873734586,-8.865658618604881,-6.157919243857963,-6.767919558114954e-13,False,False,48.297841521009104
73.31960000000001,71.42698333333333,15,-8.076988156994048,-0.8876509425899712,-1.4144145280943905,-6.6625736288933695,1.6329501909057362,0.2955651393068387,1.442807611285511,-8.10538124017888,-5.219766017607858,6.288303211476887e-12,False,False,49.33501512701332
73.45545,71.562,15,-7.710278733939049,-0.8177043638679606,-1.3029591660956261,-6.407319567833838,1.5868084960964968,0.3194880039779072,1.3854605319178663,-7.792780099751704,-5.021859035915972,9.585221505403752e-12,False,False,46.932179899915354
73.59131666666667,71.69811666666666,15,-7.009638701885706,-0.7886417474364862,-1.2566497612014318,-5.752988940679643,0.8660117892656616,0.294446538381624,0.6524753935687093,-6.405464334248352,-5.100513547110934,4.630962280316453e-12,False,False,46.52451816004759
73.72745,71.83291666666668,15,-6.510932009674434,-0.6674648952903226,-1.0635622625905603,-5.447369747089397,0.5264696037608673,0.33009387710216775,0.3018076047111107,-5.749177351800507,-5.145562142378286,-5.522693413695379e-12,False,False,45.900785925536184
73.86255,71.96849999999999,15,-6.325379302848887,-0.5914930557482876,-0.9425060360734364,-5.3828732667570875,0.4200217323006952,0.36965863318038567,0.2698872304670529,-5.652760497224141,-5.112986036290034,1.836308882730009e-11,False,False,45.10737732111011
73.99758333333332,72.10355,15,-6.055986392253544,-0.5221466982220591,-0.832007087838969,-5.223979304422755,0.48552526594727774,0.4294533864401048,0.3277346995202083,-5.551714003942964,-4.896244604902547,-8.180123245438153e-12,False,False,44.97004821954761
74.13265,72.23859999999999,15,-5.715255100250943,-0.3887738330231514,-0.6194860290086969,-5.09576907124756,0.7076969314048691,0.4031121181889114,0.4528425998865675,-5.548611671134127,-4.642926471360992,-5.313971485065849e-12,False,False,44.92427185236011
74.26821666666666,72.37336666666667,15,-5.6574536602674925,-0.2230174292017182,-0.35536388995520035,-5.302089770311795,0.5379346269831685,0.26403597355561004,0.34630193840610246,-5.648391708717898,-4.955787831905693,4.9649173661237e-13,False,False,42.73463562189136
74.403,72.50814999999999,15,-5.373290092240495,-0.08929118155356264,-0.14227973898340313,-5.231010353261809,0.4335954707993974,0.09908855994966116,0.43452394861891835,-5.665534301880727,-4.7964864046428906,-4.716227408607665e-12,False,False,43.26831761567155
74.53831666666666,72.64293333333333,15,-4.784886976816779,-0.07400063089517062,-0.11791523267117011,-4.666971744141847,0.6988878285620475,0.12393248052971566,0.8081866067013224,-5.475158350843169,-3.858785137440525,3.76143560743003e-12,False,False,44.43238793022465
74.67336666666667,72.77943333333333,15,-4.32560192532037,-0.11156497338743065,-0.17777158972559942,-4.147830335590697,0.8826143765195663,0.12747976702164274,0.9713579662664431,-5.1191883018571405,-3.1764723693242543,4.073186232744774e-12,False,False,43.82346208038507
74.80866666666667,72.9142,15,-4.090084965013375,-0.19023079976977897,-0.3031205105244602,-3.786964454488043,0.9846966558065714,0.14011210176242905,1.1287444183373243,-4.915708872825367,-2.658220036150719,8.717471189356729e-13,False,False,43.527389833165216
74.94425,73.04955,15,-3.6207726677930623,-0.26784369127926766,-0.4267916475123058,-3.193981020280262,1.0911695406378439,0.12024626230232721,1.213414802467493,-4.4073958227477545,-1.980566217812769,4.947153797729698e-13,False,False,43.94365427583398
75.07928333333332,73.18405,15,-3.6133007198259293,-0.3375390643814171,-0.5378467295572927,-3.0754539902682154,0.9740608448177385,0.07749071729761756,1.002317754081507,-4.077771744349723,-2.0731362361867083,4.2099657093785936e-13,False,False,41.7249261799152
75.21431666666668,73.31960000000001,15,-3.6780907864158507,-0.3827827973254898,-0.609939700015478,-3.0681510863996664,0.9842093094843655,0.09006403757825442,0.9534923629399283,-4.021643449339595,-2.114658723459738,7.061018436615996e-13,False,False,41.339478157795384
75.34961666666666,73.45545,15,-3.2781141258747084,-0.4354489143406681,-0.6938597607853533,-2.584254365088782,0.5669630095222575,0.16613160240115968,0.4944855333283682,-3.07873989841715,-2.0897688317604137,5.733191699164308e-13,False,False,41.73550385342969
75.48386666666667,73.59131666666667,15,-3.2259203225403326,-0.49042353177355835,-0.7814582680844426,-2.4444620544491045,0.4912351259008989,0.19625248130799158,0.4331387851579549,-2.8776008396070596,-2.0113232692911494,6.785683126508957e-12,False,False,41.53713959561719
75.61943333333333,73.72745,15,-3.218519919573737,-0.563251406281779,-0.8975047890897663,-2.3210151304720057,0.44039779733539813,0.13855770266527,0.3777983098246306,-2.6988134402966364,-1.943216820647375,1.1964651491780387e-11,False,False,41.1407867033995
75.75448333333334,73.86255,15,-3.2099731563794194,-0.5658962241686822,-0.9017191358153888,-2.308254020561435,0.4313371261574621,0.1382188904093238,0.3501266120481298,-2.658380632609565,-1.9581274085133051,2.595701431573616e-12,False,False,40.48428315030469
75.88926666666666,73.99758333333332,15,-3.2597568119090283,-0.5763613220224215,-0.9183945943003078,-2.3413622175958153,0.49461550619589195,0.11751957425095966,0.4430005687861433,-2.7843627863819584,-1.898361648809672,1.290523243824282e-11,False,False,40.37021785574325
76.0243,74.13265,15,-2.991152567396057,-0.50017070919057,-0.7969897666556137,-2.1941628007407417,0.7020648829636585,0.21633784033783734,0.5395712166201875,-2.7337340173609292,-1.654591584120554,-2.984279490192421e-13,False,False,40.825707714480814
76.16015,74.26821666666666,15,-2.897200339270057,-0.41132065734200296,-0.6554129394065228,-2.241787399869281,0.8100423114317835,0.29161508197411573,0.7739535945813018,-3.015740994450583,-1.4678338052879796,-5.74695846466966e-12,False,False,39.231164257449564
76.29491666666667,74.403,15,-3.1904536226429627,-0.30999082884954987,-0.4939503929568393,-2.696503229675727,0.61962691471208,0.32366904171043154,0.4944907294743465,-3.1909939591500738,-2.2020125002013806,1.0396128402589966e-11,False,False,38.719994823855814
76.42996666666666,74.53831666666666,15,-3.042789566286956,-0.20684594610793283,-0.3295956746227816,-2.7131938916681975,0.8876344172144751,0.32717885166812105,0.44585505084178867,-3.159048942509986,-2.267338840826409,-4.023004152031717e-12,False,False,39.90565281713498
76.56580000000001,74.67336666666667,15,-2.7869493769831024,-0.09849036248851917,-0.15693804050337545,-2.6300113364759454,0.8535152055344787,0.3054438915992038,0.4355630086928399,-3.0655743451687854,-2.1944483277831055,3.781419621873283e-12,False,False,38.63154393041623
76.70245,74.80866666666667,15,-2.5910235867704614,-0.0094246792505146,-0.01501761854233197,-2.5760059682179417,0.7570258602969938,0.25138527187086823,0.44154835573344065,-3.0175543239513822,-2.134457612484501,1.0187850563170286e-11,False,False,38.33764864267141
76.83726666666666,74.94425,15,-2.4757655695138965,0.042163216196058784,0.06718436569771973,-2.542949935215802,0.6387929001075083,0.23038989219141043,0.40306439472356614,-2.946014329939368,-2.1398855404922354,-4.18554080283684e-12,False,False,37.78070284189016
76.97258333333333,75.07928333333332,15,-1.8879057050144183,0.09105381562767434,0.14508838269966334,-2.032994087710904,0.25781252851293646,0.19713092648954667,0.3539276585621008,-2.386921746273005,-1.679066429148803,3.177902385687048e-12,False,False,39.06244112314016
77.1082,75.21431666666668,15,-1.59482546865911,0.1425006186364044,0.22706554523974865,-1.821891013889399,0.5116345006740949,0.14868277814738098,0.628803984840789,-2.450694998730188,-1.19308702904861,9.459544259016184e-12,False,False,39.28369356454641
77.2435,75.34961666666666,15,-1.662423483110615,0.1864890562792425,0.29715828359551066,-1.9595817666995572,0.3655914424019736,0.138653480066281,0.5158267024403745,-2.4754084691399316,-1.4437550642591828,6.568523502892276e-12,False,False,37.48986096824228
77.37963333333333,75.48386666666667,15,-1.7966296647136915,0.17364183410609257,0.2766870636423838,-2.073316728356076,0.3856343731276117,0.1401405657468348,0.4724427158230975,-2.5457594441791738,-1.6008740125329786,-8.881784197001252e-16,False,False,36.61608326929854
77.51495,75.61943333333333,15,-1.8455124892643653,0.14896803603187436,0.2373709577442545,-2.0828834470157744,0.4248137973567632,0.14089360571979032,0.4631754861888704,-2.5460589332046446,-1.619707960826904,-7.154721259894359e-12,False,False,36.67711842554854
77.65053333333334,75.75448333333334,15,-1.8127328110058443,0.10901714537249063,0.17371179010560206,-1.9864446011051768,0.3719944239199322,0.14289296596018203,0.3731815401664479,-2.3596261412716246,-1.613263060938729,6.269429420058259e-12,False,False,37.00920911277353
77.78851666666667,75.88926666666666,15,-1.9069522525314824,-0.0025776662696443964,-0.004107344954454734,-1.9028449075885874,0.2934059902667315,0.13895169571104288,0.3997045670976857,-2.302549474686273,-1.5031403404909016,-1.155964213239713e-11,False,False,37.09435617651616
77.92493333333333,76.0243,15,-1.7032770300284028,-0.1161970108623791,-0.18515244269932413,-1.5181245873318403,0.6110758186681277,0.12845091419921445,0.787214421458592,-2.3053390087904324,-0.7309101658732483,-2.7615687514526144e-12,False,False,38.372616993423435
78.05971666666666,76.16015,15,-1.2053200249029032,-0.15491998249854078,-0.24685500056893697,-0.9584650243396027,0.7083891692276542,0.13428305374261584,0.9018978163903725,-1.8603628407299753,-0.0565672079492302,-5.636380251416995e-12,False,False,38.525204884048435
78.19541666666667,76.29491666666667,15,-1.4120359920962073,-0.19539177351180115,-0.31134418932609675,-1.1006918027760548,0.5290556190897262,0.13054383971566066,0.6631216832332746,-1.7638134860093295,-0.43757011954278024,-5.944134073843088e-12,False,False,36.21002087673696
78.33045,76.42996666666666,15,-1.1984223828985705,-0.22404829100196366,-0.35700650174860465,-0.8414158811374364,0.6330365205241808,0.118980299156558,0.7513357341089549,-1.5927516152463914,-0.09008014702848144,1.2529532966709667e-11,False,False,38.54461560329946
78.46661666666667,76.56580000000001,15,-1.0633875547500793,-0.22804629332676996,-0.3633770606025857,-0.7000104941416794,0.4235115063380718,0.11378070768642047,0.5217425998627426,-1.2217530940044221,-0.17826789427893674,5.814237979961945e-12,False,False,36.52475259639323
78.60378333333333,76.70245,15,-1.1637036206375342,-0.215920065784303,-0.3440546990930049,-0.8196489215461042,0.5281121261183036,0.12380819766174665,0.623635773688781,-1.4432846952348852,-0.19601314785732327,-1.574962382733247e-12,False,False,36.079396288245334
78.7399,76.83726666666666,15,-1.248032507213793,-0.18794951657037018,-0.2994854328772415,-0.9485470743402402,0.5145482853290387,0.14958769860947377,0.6855995875800442,-1.6341466619202845,-0.26294748676019597,-3.688715999317083e-12,False,False,35.9982759468985
78.87521666666666,76.97258333333333,15,-1.4850884634106478,-0.1558169191084744,-0.24828421120906566,-1.236804252208458,0.6173968882556218,0.18079139139122263,0.8402830540424375,-2.0770873062508954,-0.3965211981660204,-6.8758332361085195e-12,False,False,35.43382595939329
79.00971666666666,77.1082,15,-1.4179482680847286,-0.12351428776310058,-0.196812051513879,-1.2211362165671744,0.5858902803929189,0.20532841158374743,0.8513336053917435,-2.0724698219589177,-0.3698026111754309,3.675282300719118e-12,False,False,35.28886746329954
79.14503333333333,77.2435,15,-1.2174149202401168,-0.09092114823579323,-0.14487698576706556,-1.0725379344803514,0.5512518683839067,0.23060193114093971,0.9097361269297187,-1.9822740614100702,-0.16280180755063267,-7.300160476120254e-12,False,False,35.22020291251829
79.28035,77.37963333333333,15,-1.0277494422152813,-0.042245368040312314,-0.06731526936316609,-0.9604341728500003,0.6215591464874216,0.24038128436251494,0.9301070762492087,-1.890541249099209,-0.03032709660079158,2.1148638396084607e-12,False,False,36.49418659142975
79.41595000000001,77.51495,15,-1.254136815899983,0.06597367536232923,0.10512479672695578,-1.3592616126243229,0.5247524922301717,0.23832054077749498,0.8217862583665522,-2.181047870990875,-0.5374753542577707,2.615907490621794e-12,False,False,34.57295645539125
79.55125,77.65053333333334,15,-1.4400077866885113,0.17433531053757179,0.277792073610281,-1.717799860305604,0.43832366465755385,0.18725499915961677,0.6375091909327992,-2.355309051238403,-1.0802906693728047,-6.8116623452851854e-12,False,False,34.43562735382875
79.68633333333334,77.78851666666667,15,-1.2447249706201546,0.20827494799232227,0.33187269696228056,-1.5765976675847924,0.6039392332969823,0.10335940332819184,0.6898241385977061,-2.2664218061824983,-0.8867735289870863,-2.3572255258841324e-12,False,False,36.453862659298466
79.82243333333332,77.92493333333333,15,-1.4402234244989813,0.25305498896705103,0.4032268041730648,-1.8434502286872885,0.6084821772183024,0.07509863544756343,0.6305191091214718,-2.4739693378087604,-1.2129311195658166,-1.52424739496837e-11,False,False,34.05440804286627
79.95898333333334,78.05971666666666,15,-1.147131698897283,0.27341934794094414,0.4356760968014949,-1.5828077956939524,0.5994219064450423,0.06420495747932584,0.6421370068436835,-2.2249448025376357,-0.9406707888502689,4.82547335423078e-12,False,False,35.01571175380377
80.09455,78.19541666666667,15,-0.903818654063798,0.21672835806384683,0.34534266070976105,-1.249161314786761,0.44373972439914566,0.13253128567013345,0.5646963030500571,-1.8138576178368182,-0.6844650117367039,-1.3201884030422661e-11,False,False,34.75858615289326
80.22959999999999,78.33045,15,-1.2733361289101595,0.1432767529549892,0.2283022652197398,-1.5016383941347158,0.6515451026438035,0.17847001619084396,0.7246359595704075,-2.226274353705123,-0.7770024345643083,-4.816591570033779e-12,False,False,33.69047091851826
80.3657,78.46661666666667,15,-1.2000755633562221,0.06491542045841925,0.10343853578957644,-1.3035140991378285,0.6796081691436892,0.18401224829108417,0.46137675646747384,-1.7648908556053022,-0.8421373426703547,7.970069049179074e-12,False,False,33.10300753961201
80.50135,78.60378333333333,15,-1.2305655041345744,-0.005417367901827674,-0.008632226359181313,-1.2219332777785894,0.5890705525121618,0.159642837032742,0.3699425263743896,-1.591875804152979,-0.8519907514041998,-3.1963320878958257e-12,False,False,34.00327609429951
80.63691666666666,78.7399,15,-1.3659542015921033,-0.07244018243363826,-0.11542875868862242,-1.2505254429106571,0.5104908048197078,0.11508707732170456,0.34077258945189887,-1.591298032362556,-0.9097528534587582,-7.176259586572087e-12,False,False,33.55314181695576
80.7717,78.87521666666666,15,-1.4381682510611427,-0.07059707749067456,-0.1124918898328039,-1.3256763612353097,0.4928223783134501,0.10213263594788814,0.36802503677195936,-1.693701398007269,-0.9576513244633504,-6.971090371621358e-12,False,False,33.03236801811727
80.90806666666667,79.00971666666666,15,-1.5526103810079803,-0.06632533942683949,-0.10568515073322848,-1.4469252302751556,0.40785433713252783,0.10210180284307756,0.3196817979976966,-1.766607028272852,-1.1272434322774592,-4.036770917537069e-13,False,False,33.00185043999227
81.04358333333333,79.14503333333333,15,-1.613187776045379,-0.06319316054577939,-0.10069422569569574,-1.5124935503426968,0.36101803919833214,0.10155400312061359,0.29970844924996,-1.8122019995926568,-1.2127851010927369,6.986411449361185e-12,False,False,33.12392075249227
81.17891666666667,79.28035,15,-1.5010828629310708,-0.06118176942982245,-0.09748920367680555,-1.4035936592663347,0.5902199320122886,0.10280922205549922,0.5221988725768412,-1.925792531843176,-0.8813947866894936,-1.2069456545305002e-11,False,False,33.84108383842977
81.31423333333333,79.41595000000001,15,-1.2023696275537077,-0.05657744152267696,-0.09015250411225016,-1.1122171234383131,0.6067696369190644,0.11792152407365697,0.5214699504011499,-1.633687073839463,-0.5907471730371633,3.1443736503433684e-12,False,False,33.1791278502933
81.44956666666667,79.55125,15,-0.9989695258045685,-0.010488463150977623,-0.016712689579126715,-0.9822568362233142,0.8476179338240314,0.11887092231100474,0.7170754641681658,-1.69933230039148,-0.26518137205514836,2.12763140439165e-12,False,False,34.02599064326205
81.58513333333333,79.68633333333334,15,-0.9433591888191586,0.03845163032747223,0.06127019299433576,-1.0046293818213599,0.9598212580452383,0.12268197579285314,0.8338196443078008,-1.8384490261291606,-0.1708097375135591,-7.865486040259384e-12,False,False,33.27830997919955
81.72071666666668,79.82243333333332,15,-0.7460224571441358,0.025069651881494792,0.03994687340948893,-0.7859693305526889,0.6612980043120499,0.1632428711287158,0.49549794653424833,-1.2814672770869373,-0.2904713840184406,9.358069874565444e-13,False,False,32.1110126159183
81.85616666666667,79.95898333333334,15,-0.6605327659381146,0.010657049464498414,0.01698132099677151,-0.6775140869358438,0.6796794596216316,0.15047723651815267,0.5562617940051917,-1.2337758809410355,-0.1212522929306521,-9.5767838104166e-13,False,False,33.63748920703074
81.99146666666667,80.09455,15,-0.5885155674550333,0.009875003470369847,0.015735181143074067,-0.6042507486017712,0.5468592885474388,0.18803496196177577,0.39362513088972645,-0.9978758794914977,-0.21062561771204474,-3.663847003565479e-12,False,False,32.28708637499949
82.12785000000001,80.22959999999999,15,-0.6625583923741942,0.002940769205451943,0.004685926064391271,-0.6672443184434087,0.7130776988915245,0.15754392870282546,0.5411171224214867,-1.2083614408648953,-0.12612719602192202,-4.82325290818153e-12,False,False,31.452832934548496
82.26315,80.3657,15,-0.6857385199837154,-0.029847782378055854,-0.04756051619090446,-0.6381780037863791,0.585448016606463,0.1405181964060492,0.43194945898387976,-1.0701274627702588,-0.20622854480249936,6.431744026258457e-12,False,False,32.700200549923466
82.39818333333332,80.50135,15,-1.002451824984746,-0.040208119247836294,-0.06406904480442996,-0.9383827801721054,0.5149347297436534,0.12003160270767027,0.4612291224578058,-1.3996119026299112,-0.47715365771429963,8.210654378615345e-12,False,False,31.445203540017246
82.5335,80.63691666666666,15,-1.1458352997760812,-0.02574190370796714,-0.04101806333818559,-1.1048172364316997,0.6170080795308436,0.12632545550822677,0.6454374608775751,-1.7502546973092747,-0.45937977555412457,6.195932655828074e-12,False,False,30.904518190727686
82.66963333333334,80.7717,15,-1.3449911580573826,-0.0467431892247987,-0.07448225733430029,-1.2705089007104107,0.6478160772780718,0.10826094644172618,0.7097389355847096,-1.9802478362951201,-0.5607699651257011,1.2671641513861687e-11,False,False,30.979810473610996
82.8052,80.90806666666667,15,-1.2746972630884557,-0.05901528103277087,-0.09403704414346839,-1.1806602189499245,0.5747699457506467,0.08793370170389285,0.5968709975781533,-1.7775312165280779,-0.5837892213717711,-4.937161790508071e-12,False,False,32.593389026485966
82.94059999999999,81.04358333333333,15,-1.231688156076416,-0.10928145987782045,-0.17413295822291827,-1.0575551978545263,0.6583453646274415,0.11704851489337254,0.766671874034892,-1.8242270718894185,-0.29088332381963433,-1.02873265461767e-12,False,False,32.74447442346718
83.07561666666668,81.17891666666667,15,-1.43126694548846,-0.20977591969494824,-0.33426439856545614,-1.0970025469250686,0.5527787773120578,0.21097375570655416,0.7366239738273049,-1.8336265207523734,-0.36037857309776367,-2.064792781197866e-12,False,False,31.687938525050413
83.21175,81.31423333333333,15,-1.063979861428379,-0.2913871845412359,-0.4643066855909648,-0.5996731758314127,0.7329122344798716,0.23459183241830356,1.006353070369112,-1.6060262462005246,0.40667989453769926,6.001643626518671e-12,False,False,33.57239897426916
83.34651666666667,81.44956666666667,15,-1.100439107282,-0.34527574062667554,-0.5501746241782655,-0.5502644830921781,0.7076299928534979,0.22573466253288163,0.9210440653115332,-1.4713085484037114,0.37077958221935503,1.1556311463323254e-11,False,False,31.863414599269163
83.48158333333335,81.58513333333333,15,-0.5472029599986854,-0.23081035666473326,-0.3677814172637539,-0.17942154272350308,0.6619171125128732,0.25099945592069034,0.7079441961385535,-0.8873657388620566,0.5285226534150504,1.1428413770886436e-11,False,False,32.450058231828734
83.61633333333333,81.72071666666668,15,-0.29890767929464346,-0.11753640065944637,-0.1872866739571942,-0.11162100533692865,0.5043678970119475,0.31885479267134986,0.6155746357959889,-0.7271956411329176,0.5039536304590603,5.206113318223515e-13,False,False,31.435348759172484
83.75173333333333,81.85616666666667,15,-0.19239835020925966,0.019289125444629462,0.030735977346583766,-0.22313432755618123,0.5504118007171787,0.3602031105790748,0.7117894490248564,-0.9349237765810376,0.4886551214686752,-3.378131108178195e-13,False,False,31.535407342700637
83.88730000000001,81.99146666666667,15,-0.188533220320096,0.0479354292001517,0.07638201484167574,-0.26491523516597226,0.4409259837414095,0.3414812245717929,0.8107952044718736,-1.0757104396378458,0.5458799693059013,-4.20052881366928e-12,False,False,30.084945927141234
84.02268333333333,82.12785000000001,15,-0.43614606266419287,0.0901865682535572,0.14370647994200514,-0.5798525426107517,0.6959154724510038,0.33665883907494165,1.0981572906018815,-1.6780098332126332,0.5183047479911298,-4.553690757802542e-12,False,False,29.643317498950637
84.15803333333334,82.26315,15,-0.7202493642980698,0.15804597585156444,0.25183606936647845,-0.9720854336574121,0.7755243204461267,0.3205593057904026,1.1639752718581875,-2.1360607055155993,0.19188983820077543,7.136291557685581e-12,False,False,29.801232616824564
84.29333333333334,82.39818333333332,15,-0.8360381320235319,0.19642417661452782,0.31298925708559877,-1.1490273891067773,0.9271786841327931,0.34413272708430903,1.358925975210824,-2.5079533643176015,0.20989858610404677,2.353450767600407e-12,False,False,29.305321972293314
84.42945,82.5335,15,-0.99300677334395,0.25364978414654615,0.4041745719303588,-1.39718134526629,0.7849305987380466,0.35371809713274965,1.2365607729672266,-2.6337421182335166,-0.16062057229906346,8.01891886226258e-12,False,False,29.869897167605814
84.56448333333333,82.66963333333334,15,-1.2125815032195533,0.3394407745763601,0.5408769821024028,-1.7534584853274282,0.5792125675374169,0.30033163469391244,0.9127701494729311,-2.666228634800359,-0.8406883358544971,-5.4720672437724716e-12,False,False,29.679162304324564
84.69980000000001,82.8052,15,-1.4795771191857057,0.30295482711153454,0.4827389779732546,-1.9623160971787001,0.41441367717398353,0.3356936340583183,0.6480029909881662,-2.6103190881668663,-1.314313106190534,-1.9739765377835283e-11,False,False,30.21306635955989
84.8351,82.94059999999999,15,-1.3950867441963055,0.2456161705122213,0.39137352673084386,-1.7864602709360042,0.483432613722396,0.44415841132967393,0.8146139027741067,-2.601074173710111,-0.9718463681618975,-8.854916799805324e-12,False,False,30.341089938330697
84.97146666666666,83.07561666666668,15,-1.3447504307514464,0.14642042745254003,0.23331150778074233,-1.5780619385368482,0.5787407797763666,0.5334439729615496,0.8954919309009155,-2.4735538694377635,-0.6825700076359327,-4.659383989746857e-12,False,False,30.020655368018197
85.1068,83.21175,15,-1.5198407822390436,-0.023489972543757176,-0.037429756266000806,-1.4824110259887675,0.4679085058429609,0.5039619572921831,1.0977206697637345,-2.580131695752502,-0.384690356225033,-1.5724754831580867e-11,False,False,30.229625653490075
85.24263333333333,83.34651666666667,15,-1.4417266426207789,-0.20096330530941486,-0.32022206591043434,-1.1215045767166885,0.5171573927632196,0.3741679267037873,0.8508171185594858,-1.9723216952761744,-0.27068745815720263,-6.3438143627081445e-12,False,False,29.306468915208825
85.3782,83.48158333333335,15,-1.195699116011383,-0.3297989979873819,-0.5255134329528913,-0.6701856830586621,1.022471450633878,0.1692762931313386,1.0814947555915055,-1.7516804386501676,0.41130907253284343,-1.7041923427996153e-13,False,False,31.13952692755265
85.5143,83.61633333333333,15,-0.6384616300965718,-0.3048735345437308,-0.48579631451969324,-0.15266531557790586,1.0414141970476758,0.1926867650891206,0.9340611517374325,-1.0867264673153385,0.7813958361595267,-1.0273448758368886e-12,False,False,30.72753962286515
85.65068333333333,83.75173333333333,15,-0.15690151449962286,-0.2471748999778356,-0.39385726160426254,0.23695574709745415,1.0751347177326689,0.24886548134807282,0.8130208190179002,-0.5760650719204461,1.0499765661153544,-7.185529948827707e-12,False,False,30.948242806232884
85.78575000000001,83.88730000000001,15,0.09259203487090417,-0.15377518119930755,-0.24503083353240765,0.3376228684101079,0.5413190188079577,0.27990010683565936,0.4333620497046654,-0.0957391812945575,0.7709849181147733,6.796119222940433e-12,False,False,29.199810953708948
85.92078333333333,84.02268333333333,15,0.10759955594039639,-0.08457291005834122,-0.13476147766002444,0.24236103361909045,0.46131362894776423,0.3021392978798013,0.5934031553164552,-0.3510421216973647,0.8357641889355456,1.8669621404399095e-11,False,False,29.459210367771448
86.05583333333334,84.15803333333334,15,0.21401030535707832,0.013198674125305843,0.02103123597204303,0.19297906937754306,0.3501290769107886,0.29838294235232593,0.534131482305337,-0.34115241292779397,0.7271105516828801,-7.492229059380406e-12,False,False,30.122967691990198
86.1914,84.29333333333334,15,-0.03371669991975068,0.09011483832728118,0.1435921829306958,-0.17730888285404944,0.5935957139113076,0.2972104146082795,0.8155882993245006,-0.99289718217855,0.6382794164704512,-3.6029512706647893e-12,False,False,28.269024820896448
86.3267,84.42945,15,-0.2683063108888746,0.16799164748590556,0.2676838556711074,-0.5359901665615325,0.6174254335994774,0.2685250371225241,0.7425724690687671,-1.2785626356302995,0.20658230250723453,-1.5505374761914936e-12,False,False,28.681012125583948
86.4628,84.56448333333333,15,-0.4181619449300342,0.21366737627977272,0.34046518365442874,-0.7586271285927069,0.682400964459662,0.2053325656029683,0.6659618196642422,-1.424588948256949,-0.0926653089284647,-8.243850047051637e-12,False,False,28.68441280895786
86.59826666666666,84.69980000000001,15,-0.2769768916841713,0.2980971544966451,0.47499858995634053,-0.7519754816476052,0.6109119502254351,0.13533731631276472,0.5244102422128417,-1.276385723860447,-0.22756523943476348,-7.09343694893505e-12,False,False,29.978009195896448
86.73403333333334,84.8351,15,-0.18378507868328597,0.2903931638611539,0.462722777746478,-0.6465078564269788,0.6875044299193805,0.13884116830598642,0.6373126623153312,-1.28382051874231,-0.009195194111647598,2.7851054795746677e-12,False,False,29.94631632071105
86.87028333333333,84.97146666666666,15,-0.434589029984636,0.28346781303116586,0.4516876778484201,-0.8862767078371689,0.7057716842118946,0.13959816238554895,0.5927322952471483,-1.4790090030843173,-0.2935444125900206,-4.1128211947238924e-12,False,False,27.890107677230844
87.00503333333333,85.1068,15,-0.7528074321635359,0.2598689144979289,0.41408435504334973,-1.1668917871957092,0.7727387085487604,0.138316519608459,0.6570258422374338,-1.823917629433143,-0.5098659449582754,1.1176393144296526e-11,False,False,27.684114024887094
87.14033333333333,85.24263333333333,15,-0.9538418699048634,0.2171755491035583,0.34605523079001804,-1.2998971006927604,0.6932904739032649,0.11402793897998958,0.6072100735202145,-1.907107174212975,-0.6926870271725459,2.120970066243899e-12,False,False,27.912995860824594
87.2762,85.3782,15,-1.2944427862748853,0.039925699627929134,0.06361902735472158,-1.3580618136220437,0.39926838231366263,0.18887728143879284,0.5620149072540953,-1.9200767208761391,-0.7960469063679484,7.563283332956416e-12,False,False,29.04254194755049
87.41125000000001,85.5143,15,-0.8509032013680553,-0.07598478570434963,-0.12107685539181146,-0.7298263459870213,0.7404727514739953,0.2625293369135758,1.1065713814809506,-1.836397727467972,0.37674503549392924,-1.0777490011548707e-11,False,False,30.63088172271091
87.54683333333334,85.65068333333333,15,-0.7954224135064578,-0.18366822037205566,-0.2926634635068236,-0.5027589500041358,0.617985628535887,0.25816658389960934,0.9560175821988045,-1.4587765322029402,0.45325863219466866,-4.501621297947622e-12,False,False,28.85323279692966
87.68211666666666,85.78575000000001,15,-0.2827237674755452,-0.25026343733770773,-0.398778646692436,0.11605487921406166,0.566242995965863,0.22704061409003157,0.8688642870083982,-0.7528094077943366,0.9849191662224599,-2.8291813336522864e-12,False,False,30.458507489427575
87.81823333333334,85.92078333333333,15,-0.162440650339704,-0.3025789163511945,-0.48213998842096434,0.3196993380679487,0.6123459129343475,0.18910962429997838,0.8423084804326371,-0.5226091423646884,1.1620078185005858,-1.3311629576406858e-11,False,False,30.134845870372374
87.95408333333333,86.05583333333334,15,-0.20449095747244428,-0.33640308032772737,-0.5360366122328699,0.33154565476070275,0.4984024446932034,0.1649166696312826,0.6401404896914729,-0.3085948349307701,0.9716861444521756,2.7711166694643907e-13,False,False,28.932628583177575
88.08993333333333,86.1914,15,-0.20033516399053042,-0.2940361133260012,-0.46852758276719875,0.2681924187691038,0.6975014893021225,0.19340007941735995,0.856864599121111,-0.5886721803520072,1.1250570178902148,-7.564504578283504e-12,False,False,27.691291015027673
88.22635,86.3267,15,-0.5604489403885964,-0.24426251051772851,-0.38921655683373063,-0.17123238356180082,0.7440299676342419,0.23720557032011388,1.033319939288557,-1.2045523228503578,0.8620875557267562,-6.9350636344722716e-12,False,False,27.42438741424121
88.36165,86.4628,15,-0.39791346200945554,-0.1912617008856614,-0.3047631849647964,-0.09315027703996748,0.6319888980676904,0.26746961966107974,0.8328617519184184,-0.9260120289583859,0.7397114748784509,4.691691479763449e-12,False,False,29.63691182830371
88.49723333333333,86.59826666666666,15,-0.5623676356190117,-0.17271681195052224,-0.27521310049665637,-0.28715453511904343,0.7160126927291875,0.2900957861729552,0.8641229058593444,-1.151277440978388,0.5769683707403009,3.3119063047593045e-12,False,False,28.29413839080371
88.632,86.73403333333334,15,-0.14440619847300695,-0.0827463693349273,-0.13185100281975146,-0.012555195655295392,0.7173533768643144,0.3488969505802565,0.8251901138047038,-0.8377453094599991,0.8126349181494084,-2.039896029870647e-12,False,False,29.30247054695792
88.76705,86.87028333333333,15,-0.019195106284314534,-0.088659545610426,-0.1412732678452862,0.12207816155751061,0.5369553664741117,0.33512596210577944,0.947578562778079,-0.8255004012205683,1.0696567243355894,-3.4610647681176943e-12,False,False,28.48236909802654
88.90235,87.00503333333333,15,-0.18540831781865563,-0.05814754462335259,-0.09265436213959806,-0.09275395567055966,0.5892034335226433,0.3075811556582163,0.9288393550818839,-1.0215933107524435,0.8360853994113242,8.497910708449297e-12,False,False,28.72650972302654
89.03818333333334,87.14033333333333,15,-0.33450295201691915,0.017294115303229773,0.02755705735416191,-0.3620600093763642,0.4812410176599076,0.2436669058514004,0.7299567362272184,-1.0920167456035825,0.36789672685085417,-5.28310728498127e-12,False,False,28.78699562123802
89.1735,87.2762,15,-0.2165702403326577,0.1063661230073194,0.16948755694401638,-0.38605779727731715,0.5506584063441181,0.1846446639321132,0.7270721483707423,-1.1131299456480594,0.34101435109342515,-6.430411758628907e-13,False,False,30.01532814076927
89.30856666666666,87.41125000000001,15,-0.09700556240932201,0.07474606932373717,0.1191030407301443,-0.2161086031501327,0.8504457344212266,0.17541951031591632,1.0498096525991931,-1.2659182557493258,0.8337010494490604,-1.0666384442359345e-11,False,False,30.07636329701927
89.4435,87.54683333333334,15,0.3230713780685619,0.039482678985223174,0.06291310253312368,0.2601582755396521,0.843541236131221,0.1773067062148789,1.061294999318121,-0.801136723778469,1.3214532748577732,4.213851489964782e-12,False,False,30.0673081898276
89.5788,87.68211666666666,15,0.4513478000808391,0.05290985089595779,0.08430843498931492,0.36703936510093627,1.044573860804584,0.18046452010075598,1.216970966045725,-0.8499316009447888,1.5840103311466613,9.41213773586469e-12,False,False,30.01578054514539
89.71411666666667,87.81823333333334,15,0.5347227010206552,0.05638480221023201,0.0898455457921145,0.44487715522700455,0.6787877901955719,0.1869583790807549,0.884746051158683,-0.43986889593167844,1.3296232063856874,-1.5361600880225978e-12,False,False,28.18472585764539
89.84995,87.95408333333333,15,0.5682216357599827,0.042854327453824226,0.06828560691384557,0.49993602886206645,0.7678812814635544,0.18006466558793024,0.9452164699391353,-0.4452804410770689,1.445152498801202,1.592925791271682e-11,False,False,28.10843191233289
89.98498333333333,88.08993333333333,15,0.34285581466247095,0.02287090643949341,0.03644331435543784,0.3064125003093068,0.9730629682766018,0.1882923653030999,1.1894906876925915,-0.8830781873832847,1.4959031880018983,2.2736812432810893e-12,False,False,27.84903249827039
90.12108333333335,88.22635,15,0.22776078542665346,0.06691192018115544,0.10661982933378768,0.12114095608558273,0.6848763374803912,0.19863125803075576,0.8770872942564084,-0.7559463381708257,0.9982282503419911,-7.283049163753219e-12,False,False,29.15986264498497
90.2572,88.36165,15,0.09322784948017215,0.028243693355761934,0.045004503789375046,0.04822334568598308,0.6214658771538009,0.2063565726831957,0.7401165887398973,-0.6918932430539142,0.7883399344258804,-4.814031118183237e-12,False,False,30.27992957427341
90.39278333333333,88.49723333333333,15,0.17674961877492024,0.05649779449595371,0.09002559171199045,0.0867240270581533,0.4636309250986901,0.19440363082743206,0.59591806225844,-0.5091940352002867,0.6826420893165933,-4.776484763269195e-12,False,False,28.765234307866194
90.52915,88.632,15,-0.15105171576578869,0.11308505803754088,0.1801937465779043,-0.3312454623483063,0.6595513981237721,0.17031447920984896,0.6814336393407584,-1.0126791016890646,0.3501881769924521,-4.613309734224913e-12,False,False,27.70264828951622
90.66498333333334,88.76705,15,-0.13214247462747153,0.21883635446283733,0.34870161701662106,-0.48084409164039243,0.9126543706509691,0.11649257135677155,0.8690669649175096,-1.349911056557902,0.38822287327711713,3.700151296470722e-12,False,False,27.918197880266234
90.80083333333333,88.90235,15,-0.4408913182305696,0.24956163382012164,0.3976603680498818,-0.8385516862872464,0.7820151536727494,0.13396681426386764,0.8190489407233144,-1.6576006270105608,-0.019502745563932056,-6.795008999915808e-12,False,False,27.52762461967359
90.93615,89.03818333333334,15,-0.7302769246562093,0.26006875549137476,0.4144027887776889,-1.1446797134394728,0.5227289221551078,0.1403015307004458,0.6142936402995718,-1.7589733537390446,-0.530386073139901,-5.574651851247836e-12,False,False,27.39029551811109
91.07171666666666,89.1735,15,-0.9212519502652867,0.28166548267472535,0.4488157806664751,-1.3700677309370803,0.34537939273348717,0.12979993508549226,0.40854642099763316,-1.7786141519347134,-0.9615213099394472,-5.31841237716435e-12,False,False,27.56577159232984
91.20701666666668,89.30856666666666,15,-0.5217726027258323,0.24205222368618706,0.3856946073198077,-0.9074672100468888,0.845208267897777,0.1266306189967501,0.9445443922134855,-1.8520116022603743,0.03707718216659672,-1.248778858098376e-12,False,False,29.724813463704777
91.3424,89.4435,15,-0.39175214535498526,0.09366391995354206,0.14924741560462207,-0.5409995609625184,0.7704671975683322,0.2554203449119587,1.053867380136014,-1.5948669410985326,0.5128678191734957,-2.911115792869623e-12,False,False,29.09414637318696
91.47776666666667,89.5788,15,0.02552218958226149,-0.0478686887290678,-0.07627566820542084,0.10179785778746009,0.7699999724761021,0.3061098421660011,1.1610717660506193,-1.0592739082631593,1.2628696238380794,-2.222388939543407e-13,False,False,30.46588646834425
91.61253333333335,89.71411666666667,15,0.5421630039563752,-0.12439675975110731,-0.19821821371186094,0.7403812176762585,0.6019873927839453,0.31636720562273585,1.0736899572330212,-0.33330873955676266,1.8140711749092797,8.022471575941381e-12,False,False,30.55743920271925
91.74786666666667,89.84995,15,0.5709060972112638,-0.1886773346886912,-0.3006451641082588,0.8715512613198371,0.591782531616604,0.30061542072204767,1.0312997493291816,-0.1597484880093445,1.9028510106490186,3.1441516057384433e-13,False,False,29.969975823813
91.88371666666667,89.98498333333333,15,0.6855303486336197,-0.1317260263749631,-0.20989692737695484,0.8954272760129243,0.6952668739813681,0.28265223611956836,1.0514544047693084,-0.15602712875638414,1.9468816807822327,2.3496760093166813e-12,False,False,29.72971664070792
92.01955,90.12108333333335,15,0.6850634371912747,-0.0779212332017778,-0.12416245958805418,0.8092258967863017,0.8617267132148099,0.3067686358823607,1.1898382632367381,-0.3806123664504364,1.9990641600230399,6.972866728460758e-12,False,False,29.66105208992667
92.15511666666666,90.2572,15,0.7122564686796977,0.02663523193768924,0.0424415242571692,0.6698149444127921,0.7472581182257281,0.3659194562850125,1.2579474081227375,-0.5881324637099454,1.9277623525355296,-9.736433881357698e-12,False,False,28.13239853932464
92.29073333333334,90.39278333333333,15,1.0622472187424137,-0.025326314473204548,-0.040355848695960664,1.1026030674365757,0.43517333634183697,0.32236555427718194,0.9166442001557349,0.18595886728084077,2.0192472675923105,-1.7987833444976786e-12,False,False,29.80601058602042
92.42603333333334,90.52915,15,1.178502572074649,-0.09166120706868242,-0.14605622178728414,1.3245587938599783,0.37847331984852794,0.28563681686349146,0.7983648554756777,0.5261939383843006,2.122923649335656,-1.9546586571550506e-12,False,False,30.327083227297408
92.56185,90.66498333333334,15,1.06779072966674,-0.1451957084464084,-0.23135999703255167,1.299150726688822,0.3970627200789689,0.28952260207324193,0.7918658866500407,0.5072848400387814,2.0910166133388626,-1.0469625166820151e-11,False,False,30.427065029842197
92.69785,90.80083333333333,15,0.9800610272577615,-0.1764682557732158,-0.2811907842792767,1.2612518115456623,0.446087112353284,0.3131284306474372,0.8683653442193355,0.3928864673263268,2.129617155764998,8.624212455288216e-12,False,False,30.503358975154697
92.83368333333333,90.93615,15,0.5413617204139882,-0.1460956739319954,-0.23279403399068713,0.7741557543977251,0.7869902516248103,0.3137720175381909,1.057190318704476,-0.2830345643067509,1.831346073102201,-6.950218178758405e-12,False,False,28.885927334529697
92.96898333333334,91.07171666666666,15,0.09277138685501995,-0.09846618019946618,-0.15689950758540286,0.249670894443625,0.8352100147746945,0.29041501724512625,0.9673657909454358,-0.7176948965018108,1.2170366853890608,3.2021885143507234e-12,False,False,29.030885830623447
93.10539999999999,91.20701666666668,15,-0.44540998434240464,0.011437077166192466,0.018224244831644042,-0.463634229165109,0.8323831204328169,0.24637179186647884,0.7816300675655171,-1.245264296730626,0.3179958384004081,8.939682327735454e-12,False,False,28.03914132254431
93.24121666666666,91.3424,15,-0.6296164158375177,0.11656552689601085,0.18573964923152655,-0.8153560650644067,0.9542224358166,0.27053690369908046,0.8868710990037035,-1.7022271640681104,0.07151503393929681,4.637512596161741e-12,False,False,27.59943943822873
93.37733333333334,91.47776666666667,15,-0.7213614829197468,0.1921523214004992,0.30618233131474554,-1.0275438142307394,0.5901168502006153,0.3368502312020204,0.5804184868204779,-1.6079623010512174,-0.44712532741026145,3.752997912442879e-12,False,False,28.769741788768442
93.51211666666667,91.61253333333335,15,-0.5367300574034743,0.2652052254670707,0.4225874224080515,-0.9593174798064865,0.7146556233511036,0.4034245341176409,0.5482048135076943,-1.5075222933141808,-0.4111126662987922,5.0393023087735855e-12,False,False,28.680616429483052
93.6477,91.74786666666667,15,-0.3306324475852307,0.30764802399789914,0.49021728452460334,-0.8208497321029427,0.7902848559150227,0.43638287100171314,0.5488464291810505,-1.369696161283993,-0.2720033029218921,6.891376358453272e-12,False,False,28.703504613076802
93.78346666666667,91.88371666666667,15,-0.24817804713893565,0.31317141561521566,0.4990184528364315,-0.7471964999767806,0.8024326770970931,0.47198908080066826,0.6164541115946797,-1.3636506115714604,-0.13074238838210095,-1.4135359549527493e-12,False,False,28.75821087966324
93.91935,92.01955,15,-0.3692272084954311,0.39446489673355245,0.6285543719868673,-0.9977815804977581,0.6741775926397379,0.4479809624844848,0.779128376892579,-1.776909957390337,-0.21865320360517915,-1.5459744595602842e-11,False,False,27.098904386424692
94.05518333333333,92.15511666666666,15,-0.08135702430081437,0.4396866675670026,0.7006123472382187,-0.7819693715373432,0.6445790577217643,0.41634656443242163,0.8285068278803918,-1.610476199417735,0.04653745634304851,1.6898704657819508e-12,False,False,29.33344052947359
94.1905,92.29073333333334,15,-0.042651653642678866,0.5348564636442461,0.8522592793246903,-0.8949109329569183,0.8189667074344182,0.31103677070851526,0.8315061257243825,-1.7264170586813008,-0.06340480723253572,1.0450862397703986e-11,False,False,29.24951718962984
94.3266,92.42603333333334,15,-0.14243813190114452,0.5714761958770396,0.9106104608531654,-1.0530485927374684,0.7931289152197311,0.2864320581549444,0.8114871870881342,-1.8645357798256026,-0.24156140564933426,1.6841639194353775e-11,False,False,27.25061582244234
94.4619,92.56185,15,0.07563484367710771,0.5264184962616127,0.8388139225059839,-0.7631790788345825,0.7587171597892831,0.3196010435025829,0.8743412188927829,-1.6375202977273653,0.11116214005820046,-5.7063243019683796e-12,False,False,28.72308896697359
94.59666666666666,92.69785,15,0.2757901016375399,0.4409749856458802,0.702665199007017,-0.42687509738243534,0.6510168573971626,0.35964883804734565,0.7470324119937146,-1.17390750937615,0.3201573146112793,-1.2958301098819902e-11,False,False,28.63153623259859
94.73196666666666,92.83368333333333,15,0.22364969937189016,0.2953230782331957,0.47057827834419247,-0.2469285789738933,0.8255527093159836,0.42534306761763857,0.39427611235663484,-0.6412046913305282,0.14734753338274154,-1.5910051054390806e-12,False,False,27.43687155895168
94.86755,92.96898333333334,15,0.13705596168074408,0.11897906994636287,0.18958547442114285,-0.05252951273541839,0.8315631989339008,0.4469571136702032,0.35129278707025435,-0.40382229980567275,0.29876327433483596,4.980377221741605e-12,False,False,28.927079294458963
95.00313333333334,93.10539999999999,15,0.06484286283739493,-0.1090429422656598,-0.17375289579110015,0.23859575863025384,0.8391728729394473,0.39873960301582206,0.4350231687700017,-0.19642741013974785,0.6736189274002555,1.7587598044599417e-12,False,False,29.29036202566931
95.13926666666666,93.24121666666666,15,-0.2022421992078307,-0.2526485466223676,-0.40257916451025355,0.2003369653084519,0.6010473705002113,0.26049633308106757,0.3926714464962848,-0.19233448118783292,0.5930084118047367,6.0290661352269126e-12,False,False,28.675309274927713
95.27536666666667,93.37733333333334,15,-0.760257875725074,-0.3593851369842014,-0.5726570372904487,-0.18760083842607855,0.28003854626658015,0.09575886522368869,0.39272497931216943,-0.580325817738248,0.20512414088609088,8.54671888816938e-12,False,False,27.373784651019378
95.41068333333332,93.51211666666667,15,-0.9676003192980716,-0.3716733516230306,-0.5922375147907478,-0.375362804510587,0.4733233472582915,0.08894886135337522,0.6004605000536465,-0.9758233045642335,0.22509769554305947,-3.2632785362807226e-12,False,False,27.088395212427713
95.54546666666667,93.6477,15,-1.0823024494893616,-0.3421987372385047,-0.545271617730116,-0.5370308317596937,0.5398301481003979,0.1114671960039889,0.696268102110006,-1.2332989338696998,0.15923727035031232,-4.480860127387132e-13,False,False,27.091497053363128
95.68183333333333,93.78346666666667,15,-1.1981480631984596,-0.2976571155413694,-0.4742974162613593,-0.7238506469529966,0.6069789283341537,0.11204979678596692,0.7630238283140434,-1.48687447526704,0.03917318136104675,-1.5896395311187916e-11,False,False,26.702397932269378
95.81821666666666,93.91935,15,-0.982292067452363,-0.3150279650762968,-0.5019767446647678,-0.4803153227931034,0.6218572765698732,0.08766660522964745,0.7244088113877881,-1.2047241341808914,0.24409348859468472,-5.508260514375252e-12,False,False,28.685087274803664
95.95378333333333,94.05518333333333,15,-1.057011425273231,-0.33005570735622314,-0.5259224827757052,-0.5310889425090863,0.7185302522783786,0.10048670463176572,0.8635120073851411,-1.3946009498942273,0.3324230648760548,-1.156053031081683e-11,False,False,28.975004266991164
96.09076666666667,94.1905,15,-0.8899873300542822,-0.3320779478926852,-0.5291447926464384,-0.3608425374077342,0.59838738113165,0.0796863720855328,0.6912216353867946,-1.0520641727945288,0.3303790979790604,1.0957901253050295e-13,False,False,27.889279649432865
96.22618333333334,94.3266,15,-0.7762042764625221,-0.3191913082264364,-0.5086107634602842,-0.2675935129991558,0.49089026987981155,0.08948005338510247,0.5837752487960477,-0.8513687617952035,0.3161817357968919,3.082090138661897e-12,False,False,27.362851426776615
96.3623,94.4619,15,-0.7869368845495046,-0.24774580983284977,-0.3947669696374768,-0.3921699149050255,0.47667639559436237,0.1600315641234612,0.43076043289659016,-0.8229303478016157,0.038590517991564655,7.002287638613325e-12,False,False,28.191430370730814
96.49759999999999,94.59666666666666,15,-0.7677783350918617,-0.16775911217700923,-0.2673133256537132,-0.5004650094306271,0.4084770962553296,0.1791119112280515,0.5160430692296663,-1.0165080786602934,0.015578059799039146,7.521316902625585e-12,False,False,26.734216015262064
96.63238333333334,94.73196666666666,15,-0.4282592007803032,-0.08899020099124755,-0.14180014586905307,-0.2864590549197601,0.5777011749998229,0.13482726876309825,0.5978436193966747,-0.8843026743164348,0.31138456447691465,-8.509970506054287e-12,False,False,28.307046585759963
96.76903333333333,94.86755,15,-0.5184519588183321,-0.04576672677649185,-0.07292632739973164,-0.44552563140132406,0.7428945112062538,0.11334809196943933,0.7443237799184933,-1.1898494113198175,0.29879814851716924,1.7276347019645755e-11,False,False,27.597512894353713
96.9049,95.00313333333334,15,-0.5381144518432848,-0.01658366940682754,-0.02642500763835314,-0.5116894441980548,0.6783978792055728,0.11311241931456793,0.7500966044170515,-1.2617860486151065,0.23840716021899666,6.876832436830682e-12,False,False,26.422586136541213
97.041,95.13926666666666,15,-0.4837590076967899,-0.030221409324440174,-0.04815586663295051,-0.43560314106434816,0.6296786171336177,0.12404834854699996,0.722232643782891,-1.1578357848472391,0.2866295027185428,-5.08759701034478e-13,False,False,26.422586136541213
97.17605,95.27536666666667,15,-0.15494216230945312,-0.002451153046422405,-0.0039057542927030332,-0.15103640800953144,0.5092460742710246,0.13979004841071163,0.69211282420034,-0.8431492322098715,0.5410764161908086,7.218642350537152e-12,False,False,27.849282913884963
97.31241666666666,95.41068333333332,15,-0.07208322799488087,0.031128528320550686,0.04960130224874051,-0.12168453023150505,0.5309063942970746,0.14634993467578686,0.7196516483788439,-0.8413361786103489,0.5979671181473388,1.2116335712519799e-11,False,False,27.831047491679783
97.44776666666667,95.54546666666667,15,-0.04805535773994052,0.0995096347105573,0.15856218505137457,-0.20661754278626177,0.5408409511822535,0.149205908196468,0.6713652477681548,-0.8779827905544165,0.464747704981893,5.053318874459478e-12,False,False,27.601866813303786
97.58306666666667,95.68183333333333,15,-0.17414447279952583,0.13211877137655392,0.21052274120695613,-0.3846672140098235,0.4498955955275374,0.10272123192725281,0.559201443875832,-0.9438686578856555,0.17453422986600853,-3.341549259516796e-12,False,False,27.167290167461033
97.7189,95.81821666666666,15,-0.5693046732885705,0.15690520507996553,0.25001832471578606,-0.8193229980097385,0.5029944579938032,0.11617795042781787,0.543158177633554,-1.3624811756432926,-0.2761648203761845,-5.381917134172909e-12,False,False,26.230049937177682
97.85421666666666,95.95378333333333,15,-0.3679344096017303,0.14979519951884868,0.2386889894129553,-0.6066233990259207,0.3865074467687725,0.09836137771160454,0.4486904931400801,-1.0553138921660008,-0.15793290588584058,-1.1235012919996734e-11,False,False,27.411131950022536
97.99058333333333,96.09076666666667,15,-0.38313727252170793,0.08552756560675334,0.13628265970604378,-0.5194199322249915,0.4111148428567055,0.08582394609569238,0.3220630983704362,-0.8414830305954277,-0.19735683385455532,2.760236483823064e-12,False,False,26.214791148115182
98.12536666666666,96.22618333333334,15,-0.2521237214677967,0.037257905380101874,0.05936806927982373,-0.3114917907569179,0.38191675839385697,0.07471457226421797,0.36375938507722666,-0.6752511758341446,0.05226759432030875,-9.297451697420911e-12,False,False,27.717781870771432
98.26093333333333,96.3623,15,-0.27130602591932984,-0.009835538585321046,-0.015672296394031015,-0.2556337295245612,0.45686300369465244,0.04592268534931332,0.4696748642013517,-0.7253085937259129,0.21404113467679048,7.37632177560954e-13,False,False,27.469238899982884
98.39731666666667,96.49759999999999,15,-0.08575216944882413,-0.011543599732249277,-0.01839398167049765,-0.06735818777815439,0.3508940626745207,0.04437927306092507,0.3742389571451242,-0.44159714492327856,0.3068807693669698,1.7209844660470708e-13,False,False,27.255615853107884
98.53320000000001,96.63238333333334,15,-0.2160937907647167,-0.03464490250553354,-0.05520441772445206,-0.16088937302993145,0.4588824394947859,0.0666040562123277,0.4881961713328842,-0.6490855443628156,0.32730679830295273,1.033317875709372e-11,False,False,27.257841239421396
98.66956666666667,96.76903333333333,15,-0.04280766157535254,-0.040677327171579236,-0.06481669736941527,0.02200903578886937,0.36573837621304495,0.05919607739241693,0.32832084331900363,-0.30631180753013426,0.350329879107873,-5.193359631228134e-12,False,False,27.034363411701634
98.80486666666667,96.9049,15,0.017843665806140052,-0.04629766963626025,-0.07377235060368749,0.0916160164088069,0.5170047865295798,0.05522976322951358,0.4709607566811523,-0.3793447402723454,0.5625767730899591,-1.0206419043257142e-12,False,False,27.049622200764134
98.94016666666667,97.041,15,-0.10464720727395616,-0.07471192163575324,-0.11904862859169223,0.014401421305592521,0.38174327829654064,0.05429146325279095,0.3734257387516871,-0.3590243174460946,0.38782716005727963,-1.2143550054410923e-11,False,False,27.517240653483896
99.07601666666666,97.17605,15,-0.4396561870998994,-0.10852872110990575,-0.1729335175440272,-0.2667226695430145,0.3689143733872315,0.056043209881574255,0.40264672315776695,-0.6693693927007814,0.13592405361475246,1.2857714892788863e-11,False,False,26.566292554605752
99.21178333333334,97.31241666666666,15,-0.5882507212481869,-0.13734205758737517,-0.21884571090879007,-0.3694050103185873,0.5181758433302669,0.04755378518358479,0.48792129750463675,-0.857326307823224,0.11851628718604945,2.0809520773212853e-11,False,False,25.925423413980752
99.34813333333334,97.44776666666667,15,-0.5052207739390724,-0.2282580672945187,-0.36371450876186107,-0.14150626518130593,0.4791969988319319,0.12268528653410705,0.39852127025950806,-0.5400275354408139,0.25701500507820213,-4.09461353712004e-12,False,False,27.465607873687986
99.4843,97.58306666666667,15,-0.4273088062363968,-0.26455626048118575,-0.42155333855794935,-0.00575546767868218,0.4966564296758741,0.1651564256924215,0.3831617714736895,-0.3889172391523717,0.37740630379500734,-2.3475665855698935e-13,False,False,27.175690881500486
99.62038333333334,97.7189,15,-0.7327680623420747,-0.3579243052517995,-0.5703292961410035,-0.16243876618500508,0.7183558357482017,0.19301331787474899,0.4928230755286652,-0.6552618417136703,0.33038430934366014,1.6066148411653103e-11,False,False,26.023825941927498
99.75626666666668,97.85421666666666,15,-0.9116868631754187,-0.4712692186367349,-0.7509371054556468,-0.16074975770607125,0.4279413646123297,0.2079672311549382,0.3839356384966876,-0.5446853962027589,0.22318588079061635,1.3700596213084282e-11,False,False,27.789741969812894
99.89208333333333,97.99058333333333,15,-0.8118775252551131,-0.5064108037986443,-0.8069329549595559,-0.0049445702898083255,0.48910341513190136,0.21752494790255014,0.4617560840604456,-0.46670065435025393,0.4568115137706373,5.748956866113986e-12,False,False,27.501501105900388
100.02768333333333,98.12536666666666,15,-0.9197384781145956,-0.5628066219869652,-0.8967960540022809,-0.02294242411153391,0.43748898985984036,0.1781811103164628,0.5910755588425148,-0.6140179829540487,0.5681331347309809,7.808198532188726e-13,False,False,27.936376594181638
100.16298333333334,98.26093333333333,15,-1.1166423318427405,-0.5965668356220704,-0.9505907770695897,-0.16605155479555833,0.34560879582061427,0.1446005173927186,0.44735816617117535,-0.6134097209667337,0.281306611375617,-2.2407520283707072e-11,False,False,25.784887336369138
100.29883333333333,98.39731666666667,15,-0.9582380827705492,-0.6019084398540144,-0.9591022789071787,0.0008641961376270046,0.27330863618086354,0.13834388625695823,0.3270103627857,-0.326146166648073,0.327874558923327,9.975353876257032e-13,False,False,27.478612922306638
100.43395000000001,98.53320000000001,15,-1.024961275208625,-0.5837077847027103,-0.9301007087722705,-0.09486056643436314,0.27148726136648593,0.15291015104044378,0.3787856769661138,-0.47364624340047695,0.2839251105317507,1.9914070392701433e-12,False,False,26.296056769962888
100.5695,98.66956666666667,15,-0.8573966547446616,-0.5810606973427639,-0.9258827457877228,0.06848609105691139,0.38463769154581734,0.16696794221628597,0.33607384594135203,-0.26758775488444064,0.4045599369982634,1.3850254276803753e-11,False,False,27.565137271871208
100.70428333333332,98.80486666666667,15,-0.9860395543073537,-0.5299033051160222,-0.8443667406632284,-0.14167281364279916,0.33340725537470867,0.19056593954979933,0.38996451335604765,-0.5316373269988468,0.2482916997132485,1.3261614029147495e-12,False,False,25.833264713277458
100.83948333333333,98.94016666666667,15,-0.7309548483535764,-0.46180140394426417,-0.7358507533685721,0.004895905021840008,0.3892933033543916,0.19793856083545125,0.37247038197851395,-0.36757447695667395,0.37736628700035396,6.844302902209165e-12,False,False,27.584673198929522
100.97483333333334,99.07601666666666,15,-0.6380055893605459,-0.38512691791402176,-0.613674904989576,-0.024330684360393207,0.23826907046127074,0.21482860405510962,0.46411926438683915,-0.48844994874723235,0.43978858002644594,1.0576650666394016e-11,False,False,26.168958072652458
101.10986666666666,99.21178333333334,15,-0.5046717651384824,-0.2861422284440778,-0.45594918632284925,-0.04872257881470432,0.2748141469403525,0.2113383758045366,0.4324774370597622,-0.48120001587446654,0.3837548582450579,9.288680935526372e-13,False,False,27.092490434341016
101.24596666666666,99.34813333333334,15,-0.537308780796593,-0.16123634063478676,-0.2569197098864151,-0.28038907090740395,0.34584934648199234,0.14884158552408205,0.27526066799072957,-0.5556497388981335,-0.005128402916674379,2.774003249328416e-12,False,False,26.77838475369208
101.38235,99.4843,15,-0.7210948117026419,0.04056149836833356,0.06463213164180566,-0.7857269433498004,0.5001848185683501,0.31145988520330403,0.9404772998039127,-1.7262042431537132,0.15475035645411228,-5.35282929092773e-12,False,False,23.656767020671396
101.51848333333334,99.62038333333334,15,-0.5368069053693034,0.2311702863262326,0.3683549419657402,-0.9051618473422423,0.4564492888969043,0.356825459744597,0.8558454304222997,-1.7610072777645418,-0.049316416919942596,-7.198686091669515e-12,False,False,25.533598075358896
101.6538,99.75626666666668,15,-0.9650856260122964,0.3669190243963385,0.5846618009846799,-1.549747426997783,0.41684120219144505,0.34522024778506005,0.8015703700404943,-2.351317797038277,-0.7481770569572886,-8.064660050877137e-13,False,False,23.771207938640146
101.78939999999999,99.89208333333333,15,-0.7753786650464463,0.380923878376052,0.6069776325602653,-1.3823562976176618,0.37716702624579584,0.2729196604784163,0.642780885476177,-2.0251371830938387,-0.7395754121414848,-1.0950351736482844e-11,False,False,25.827089385551517
101.92443333333334,100.02768333333333,15,-0.9154990434763022,0.34958326306878007,0.5570383833767047,-1.4725374268491578,0.379374875555709,0.26402175772648484,0.5663126961588025,-2.0388501230079603,-0.9062247306903553,3.849143226375418e-12,False,False,24.481387741747312
102.06106666666666,100.16298333333334,15,-0.6492237287966418,0.3107712360470032,0.49519392149372865,-1.1444176502991468,0.418024720588297,0.2862021481460591,0.6965787899582743,-1.840996440257421,-0.4478388603408725,-8.776313009661862e-12,False,False,25.817957497376483
102.19613333333334,100.29883333333333,15,-0.8927160873136017,0.25811544329553726,0.4112903117722172,-1.3040063990865747,0.25770853250792936,0.3037969611563397,0.6290868720960271,-1.9330932711826017,-0.6749195269905476,-7.558398351648066e-13,False,False,25.330851544436882
102.33251666666666,100.43395000000001,15,-0.5409028549438517,0.2026978370740835,0.3229859304090516,-0.8638887853430788,0.48769214278616196,0.30377576785495675,0.8753104393336806,-1.7391992246767594,0.011421653990601799,9.824585589512935e-12,False,False,26.582072247561882
102.46755,100.5695,15,-0.4669818221809692,0.15455457026109798,0.24627273973578276,-0.7132545619169832,0.6440731080927153,0.30277826337406194,1.0404407716938184,-1.7536953336108017,0.3271862097768352,-2.312594560294201e-13,False,False,26.237574196595233
102.60285,100.70428333333332,15,-0.13466712743320386,0.1560565202635189,0.24866600019658627,-0.3833331276437093,0.6652658862816944,0.2948557733950977,0.9952585511496405,-1.3785916787933497,0.6119254235059312,-1.3919199126632975e-11,False,False,25.754773735796334
102.73790000000001,100.83948333333333,15,-0.632912685006886,0.158763450144761,0.2529793183792835,-0.8858920033908362,0.7336694014575723,0.31618162772021,1.1476185085031043,-2.0335105118939403,0.26172650511226814,-4.666711461709383e-12,False,False,22.953861061367206
102.87348333333333,100.97483333333334,15,-0.23088073194230674,0.13375791475482401,0.21313461046390783,-0.4440153424093296,0.5378709298446329,0.32075113990174775,0.9365271648716988,-1.3805425072810285,0.49251182246236924,-3.1150637624932642e-12,False,False,25.669925514492206
103.00933333333334,101.10986666666666,15,-0.15644483119103825,0.08222019569075201,0.13101257905325334,-0.28745741023521987,0.6219735906522942,0.30085866288806995,0.9756280685818504,-1.2630854788170702,0.6881706583466305,9.071743356514617e-12,False,False,25.464856743608834
103.14598333333333,101.24596666666666,15,0.19468882758155814,0.02629904322748189,0.04190582922989738,0.15278299836063525,0.5169162332731918,0.27541394442474443,0.708731593626792,-0.5559485952661567,0.8615145919874272,8.974487819557453e-12,False,False,25.844775549703627
103.28155,101.38235,15,0.5029928041294625,-0.03645483092623181,-0.05808842193175576,0.561081226062015,0.4235631562190331,0.317423681471464,0.5747712555804605,-0.013690029518445446,1.1358524816424755,7.968070647734748e-13,False,False,25.852404944234877
103.41658333333334,101.51848333333334,15,0.4471217236641678,0.04524525799934054,0.07209540053539647,0.3750263231431745,0.5281146984676682,0.30173896803616695,0.47733676423570887,-0.10231044109253434,0.8523630873788834,1.4403200854218312e-11,False,False,26.066027991109877
103.55375000000001,101.6538,15,0.4926329308436834,0.15802370828896528,0.25180058744162,0.24083234341560456,0.4183426113382496,0.25017229864904106,0.6693461366269046,-0.4285137932113,0.9101784800425091,1.3541112675596878e-11,False,False,24.54865493401303
103.68881666666667,101.78939999999999,15,0.3640469327729079,0.2737605331640225,0.43621975344977726,-0.07217282066994812,0.37862604114389814,0.12762452993328288,0.4330175900922275,-0.5051904107621756,0.3608447694222794,6.921241357815688e-12,False,False,25.44892348870053
103.82411666666667,101.92443333333334,15,0.5573771694762399,0.31770744705499965,0.5062463263850173,0.05113084309050464,0.4576647178551673,0.09492175016963553,0.5244575487525747,-0.47332670566207,0.5755883918430793,-7.179812300250887e-13,False,False,25.707022397895344
103.95994999999999,102.06106666666666,15,-0.016126418791827746,0.3241443263104884,0.5165030783330162,-0.5326294971164316,0.5621964183479327,0.11303779450878038,0.5961943396885812,-1.1288238368050127,0.06356484257214956,8.412381902189736e-12,False,False,23.391289132545353
104.09525000000001,102.19613333333334,15,-0.3166668071935419,0.3114656495854433,0.4963004246811295,-0.8129672318700614,0.7782441970297306,0.1395214421411188,0.7887672955162954,-1.6017345273863568,-0.02419993635376594,4.6100900874535e-12,False,False,23.353142159889103
104.2316,102.33251666666666,15,-0.31772909711435204,0.27127181350806495,0.43225413918763317,-0.7499832363027963,0.6406830484971303,0.138764088729006,0.762358604245644,-1.5123418405484403,0.01237536794284766,-8.111289417911394e-13,False,False,25.420708077857853
104.36743333333334,102.46755,15,-0.0972806781064719,0.2134304165992944,0.3400876036862678,-0.43736828179316944,0.6712648967605277,0.0973586448794716,0.761253228042596,-1.1986215098357653,0.32388494624942654,-4.297673328323981e-13,False,False,25.359672921607853
104.50275,102.60285,15,-0.23094334375855397,0.14922165678581223,0.23777508605841963,-0.4687184298181819,0.694736395584579,0.06171974202394919,0.7769066940882707,-1.2456251239064526,0.30818826427008883,-1.2083112288507891e-12,False,False,23.711723702857853
104.63831666666667,102.73790000000001,15,-0.2776915447648207,0.11360918071659398,0.18102890226375692,-0.4587204470481083,0.925687957817007,0.08993857139010361,0.984347100995269,-1.4430675480433774,0.5256266539471607,-1.9530710382298366e-11,False,False,24.127111690904712
104.77423333333333,102.87348333333333,15,-0.8464001910979277,0.09546410684924922,0.15211589732013073,-0.9985160884170909,0.31349912478845526,0.11202427090446435,0.30596825435108305,-1.304484342768174,-0.6925478340660078,9.67559365960824e-13,False,False,24.111852901842212
104.909,103.00933333333334,15,-0.7774925309204264,0.10534619533427758,0.1678623679771161,-0.9453548989022238,0.2605200875692157,0.1049579666519065,0.30174743518426567,-1.2471023340864895,-0.6436074637179581,-4.681366405634435e-12,False,False,24.393591241459944
105.0459,103.14598333333333,15,-0.5260244465353026,0.10384428721590666,0.16546917425584495,-0.6914936207940627,0.6642442686046537,0.09371123456779436,0.7086952472247029,-1.4001888680187657,0.01720162643064016,-2.915223618060736e-12,False,False,25.53229757049121
105.1815,103.28155,15,-0.3203179316042224,0.09419928625720786,0.15010048728113903,-0.47041841889586067,0.761555885565868,0.08521488410460738,0.7983493971250206,-1.2687678160208813,0.32793097822915995,-1.0499268121577643e-11,False,False,24.92957540252246
105.3168,103.41658333333334,15,0.012996959194424562,0.07713221904123202,0.12290521641058182,-0.10990825722365116,0.8542214059102479,0.07270945185616652,0.8754532032470334,-0.9853614604706845,0.7655449460233822,-7.493908271705152e-12,False,False,25.54755635955371
105.45211666666667,103.55375000000001,15,0.15158450354647357,0.05262364430745947,0.08385238324939653,0.06773212028929265,0.5935918695002798,0.0519361246913924,0.5885949609803589,-0.5208628406910663,0.6563270812696516,-7.784384248310516e-12,False,False,24.26581807830371
105.58716666666666,103.68881666666667,15,0.191326097563433,-0.020030720897921128,-0.03191766187230955,0.223243759426623,0.5989193833581348,0.11234347006466985,0.6483864537159622,-0.42514269428933915,0.8716302131425852,-9.11953845772473e-12,False,False,25.624447989743203
105.72328333333333,103.82411666666667,15,0.29780114920140477,-0.08680832842946984,-0.13832347266142436,0.43612462185956247,0.456355541297132,0.14175714288075694,0.4353895427280758,0.0007350791314866822,0.8715141645876383,-3.2666647165058293e-12,False,False,25.059872794430703
105.85991666666668,103.95994999999999,15,0.42509974321365007,-0.14045667127720662,-0.22380864694696453,0.6489083901578852,0.636919664394442,0.1351104316417282,0.5057765548428272,0.1431318353150579,1.1546849450007124,-2.7294833060409474e-12,False,False,24.708920645993203
105.99525,104.09525000000001,15,0.4323414774335106,-0.1695812338293763,-0.2702167589892803,0.7025582364112779,0.5192092074993473,0.11790139472093182,0.5058876390596657,0.1966705973516122,1.2084458754709435,-1.1513012765362873e-11,False,False,26.349240470211953
106.13081666666668,104.2316,15,0.37926664971746504,-0.15312406946031842,-0.24399332896968853,0.6232599786817445,0.7630904567817359,0.10323260851593358,0.7266942850029854,-0.10343430632124084,1.34995426368473,-5.409006575973763e-12,False,False,26.09419497511408
106.26558333333334,104.36743333333334,15,0.6647096090637206,-0.09702969976933673,-0.15461056866559492,0.8193201777321519,0.5688791039973189,0.15025656559956682,0.4541877153246892,0.3651324624074627,1.273507893056841,2.83639778331235e-12,False,False,25.616346118142246
106.40141666666666,104.50275,15,0.6348205426074855,-0.0780531499949575,-0.124372660490031,0.7591932030991302,0.6214357979231376,0.13885759210252455,0.6438432861531411,0.11534991694598906,1.4030364892522713,1.6135981439902025e-12,False,False,24.32417544386408
106.53753333333334,104.63831666666667,15,0.6356212205246266,-0.1529939456777356,-0.24378598511445787,0.8794072056534787,0.5079377116885118,0.17653597489980774,0.4179549870256662,0.46145221862781255,1.297362192679145,1.439426355887008e-11,False,False,27.038284998969175
106.67338333333333,104.77423333333333,15,0.59603110927128,-0.22120091830583988,-0.35246939699823304,0.9485005062615528,0.4448461447428529,0.17362456280094157,0.4518104561597001,0.4966900501018527,1.4003109624212529,-7.960299086562372e-12,False,False,26.76152661733795
106.8095,104.909,15,0.5393762388594041,-0.2801102534176607,-0.4463376231496348,0.9857138620081969,0.43973255907554776,0.1294599296175256,0.5294400109792579,0.456273851028939,1.5151538729874547,-8.419931418757187e-13,False,False,26.9827790587442
106.9454,105.0459,15,0.531132955555222,-0.29849421270773746,-0.4756312766075027,1.0067642321628227,0.5763238963456935,0.10467928146303297,0.5964575151275585,0.4103067170352642,1.6032217472903811,9.814371537686384e-14,False,False,26.9827790587442
107.08095,105.1815,15,0.7258876871455868,-0.21838151831980213,-0.3479768649572876,1.0738645521123544,0.4423590843459347,0.18063101308720425,0.418685657813915,0.6551788942984395,1.4925502099262693,9.479972362669287e-12,False,False,26.303290468393243
107.21626666666666,105.3168,15,0.7496307276232983,-0.13395051795305335,-0.21344151123837007,0.9630722388810682,0.4084919268160997,0.2255205936780396,0.4914256149439183,0.4716466239371499,1.4544978538249864,1.939981508769506e-11,False,False,26.135443788705743
107.35158333333334,105.45211666666667,15,0.9294291348414845,-0.029701125447900267,-0.047326827831319626,0.9767559626707225,0.26713144327595884,0.22437535857372856,0.5655318173207263,0.4112241453499962,1.5422877799914487,-2.081557148869706e-12,False,False,26.276375562418252
107.48661666666666,105.58716666666666,15,0.684993678383762,0.144183652519132,0.2297473511848415,0.4552463271920715,0.4257859808131627,0.25296523686619576,0.7713661849735557,-0.3161198577814842,1.226612512165627,-6.849076861215053e-12,False,False,24.937531993637094
107.62278333333333,105.72328333333333,15,0.5209242388336861,0.24894173468783265,0.39667259876288663,0.12425164005799161,0.6493137018827703,0.3013556584909443,1.0544874555829409,-0.9302358155249493,1.1787390956409325,-1.2807865878983193e-11,False,False,24.516990412957966
107.75859999999999,105.85991666666668,15,0.0456700012255169,0.3361537664641219,0.5356393466706771,-0.48996934545175463,0.8517694244000878,0.32904092658441536,1.2927539771440042,-1.7827233225957588,0.8027846316922496,-6.594391699366042e-12,False,False,23.46878672904859
107.8939,105.99525,15,-0.10528972719112062,0.4033058444838389,0.6426418520312667,-0.7479315792243142,0.5560458467511885,0.3501989709848491,0.9936877666586592,-1.7416193458829734,0.24575618743434502,-1.9269030815394217e-12,False,False,25.57449961967359
108.02868333333332,106.13081666666668,15,0.024553678191296058,0.45057032343174797,0.7179547509188359,-0.6934010727200075,0.5802107423978559,0.3681070539352194,1.0084020157765263,-1.7018030884965338,0.3150009430565188,7.532308110569375e-12,False,False,25.52109385795484
108.16506666666668,106.26558333333334,15,0.13343316283862805,0.4872512289803126,0.776403408180628,-0.6429702453478967,0.6044477457101434,0.3332490374705714,1.0632066707432677,-1.7061769160911644,0.420236425395371,-5.896727550691594e-12,False,False,25.671003957890207
108.30118333333333,106.40141666666666,15,-0.05829452166290139,0.5141055625790614,0.8191940568037648,-0.8774885784823709,0.7033601553432632,0.293662544811465,0.9668010411525276,-1.8442896196348986,0.08931246267015669,-1.5704770817137614e-11,False,False,24.612117465338088
108.43675,106.53753333333334,15,-0.2956979736482026,0.5007398503294098,0.7978966563536772,-1.093594629999643,0.293088763663376,0.358350843818189,0.743662813941955,-1.837257443941598,-0.3499318160576881,2.2368773500147654e-12,False,False,26.046443637213088
108.57206666666666,106.67338333333333,15,-0.18980799978453433,0.37122817202543956,0.591528149813782,-0.7813361495936988,0.33768723358785635,0.38315023182079044,0.8847444333393748,-1.6660805829330736,0.10340828374567601,4.6175285817184886e-12,False,False,26.054073031744338
108.70790000000001,106.8095,15,-0.3373732202780957,0.28629043643013574,0.4561853461899794,-0.7935585664836253,0.32750772779550474,0.3646256556663138,0.8127470909190888,-1.6063056574027141,0.019188524435463483,-1.5550227772109793e-11,False,False,24.46983675994852
108.8438,106.9454,15,-0.19158986881302553,0.18225962367796456,0.29041895552203517,-0.4820088243322971,0.3801953634025244,0.3213802011499414,0.8340095723332858,-1.3160183966655827,0.3520007480009887,2.763622664048171e-12,False,False,25.64476351776102
108.97936666666666,107.08095,15,0.026430469730257755,0.059232825635263,0.09438368743703104,-0.06795321770005103,0.49569884035943,0.24305227350792308,0.8237881285497736,-0.8917413462498246,0.7558349108497225,6.722261636227245e-12,False,False,26.01097445526102
109.1147,107.21626666666666,15,0.15652138506266056,-9.282440805691294e-05,-0.00014790970754154531,0.15666929476719815,0.465697458593916,0.2214381692647916,0.7660220442799432,-0.6093527495127451,0.9226913390471414,-3.0039581933039017e-12,False,False,25.62187533416727
109.25053333333334,107.35158333333334,15,-0.00623659217308159,-0.07165434251874103,-0.11417657346686849,0.10793998130429827,0.5000287954347463,0.16105617983602125,0.6675278817506783,-0.5595879004463801,0.7754678630549766,1.0511369552546057e-11,False,False,24.233200321672484
109.38651666666667,107.48661666666666,15,0.24215868212922942,-0.1337704081524862,-0.2131545178873226,0.4553132000237383,0.4077126160869097,0.10749717913112408,0.506793447103697,-0.051480247079958685,0.9621066471274353,7.1863071049449445e-12,False,False,25.949814091203734
109.52154999999999,107.62278333333333,15,0.4472007707663579,-0.1248572064214386,-0.1989519057845906,0.6461526765524468,0.49843831783963766,0.1288934529988607,0.5634847294359365,0.08266794711651027,1.2096374059883832,1.4983569940341113e-12,False,False,26.583053837297484
109.65715,107.75859999999999,15,0.47953814968423103,-0.06351698866274091,-0.10121022491482505,0.5807483745993522,0.5337273674967268,0.1718456443713974,0.540101375124674,0.0406469994746782,1.1208497497240262,2.9620750296999176e-13,False,False,25.908141227366286
109.79418333333334,107.8939,15,0.22894252774858614,0.056233197610708885,0.08960397364049173,0.13933855411414697,0.5484201220201534,0.2423375621406927,0.3019267492608665,-0.16258819514671952,0.44126530337501346,6.052547352197735e-12,False,False,25.264622650196543
109.93028333333334,108.02868333333332,15,0.30629304203102947,0.17028131058759755,0.2713322861521538,0.0349607558837306,0.4151813401438065,0.24065457496081258,0.39357740482089076,-0.35861664893716017,0.42853816070462136,4.854949775534578e-12,False,False,24.944188079884043
110.06533333333333,108.16506666666668,15,0.33106395115100895,0.27875834058067994,0.4441834372353343,-0.11311948609363753,0.39548094990296584,0.1637954746007712,0.5318218504733799,-0.6449413365670175,0.4187023643797424,-9.312162152497194e-12,False,False,24.677159271290293
110.20116666666667,108.30118333333333,15,0.3641432558033557,0.3445888786154683,0.5490801538624754,-0.18493689804745372,0.4557779793186132,0.09682304131672197,0.5635566064000891,-0.7484935044475428,0.37861970835263536,1.166600149815622e-11,False,False,24.799229583790293
110.3369,108.43675,15,0.22911065042717382,0.27416792423900915,0.4368689048531384,-0.20775825442615314,0.29736248694875367,0.1549482492149162,0.4499594575966813,-0.6577177120228345,0.24220120317052818,-1.8857138073258284e-13,False,False,26.14985447729123
110.47273333333332,108.57206666666666,15,-0.06943730617058463,0.12881215131346835,0.2052538553964253,-0.27469116156498785,0.599558314072949,0.3070105640871912,0.35284278718065526,-0.627533948745643,0.07815162561566741,2.0220491947497976e-12,False,False,24.491771707951557
110.60751666666667,108.70790000000001,15,0.04410845310485456,0.05910797970864223,0.09418475350488134,-0.050076300409273244,0.53824813767695,0.2787152921638581,0.4121091438062605,-0.46218544421553376,0.36203284339698727,-9.246464705015e-12,False,False,25.84467869604123
110.74415,108.8438,15,-0.18908113328870968,0.021568443509750068,0.03436792367905534,-0.22344905696627393,0.4045971482033318,0.24560808542083779,0.3557389650996856,-0.5791880220659595,0.13228990813341168,1.4910850332228165e-12,False,False,25.46320896947873
110.87946666666667,108.97936666666666,15,-0.11985067109708325,-0.0862789734164835,-0.13747997958890776,0.0176293084914505,0.46251005230106357,0.2653268656754688,0.5266555958899639,-0.5090262873985134,0.5442849043814144,-3.740063814205996e-13,False,False,26.513561258732807
111.0148,109.1147,15,0.008148977845849004,-0.05219600379496114,-0.08317096567334517,0.09131994351628236,0.5395320397792494,0.24254796788234279,0.475755291760869,-0.38443534824458664,0.5670752352771513,-2.9118096822600137e-12,False,False,25.30977297836216
111.15011666666666,109.25053333333334,15,-0.038384973573556636,-0.027064857491495786,-0.04312610486852025,0.004741131300761481,0.602786530592844,0.25797128669776803,0.6061105874398475,-0.601369456139086,0.610851718740609,5.797869129242628e-12,False,False,24.78334475570591
111.28623333333333,109.38651666666667,15,-0.3240286085383559,-0.005708674227207666,-0.009096404200913837,-0.3149322043318534,0.3677976119464351,0.27399795942040844,0.5685130418253388,-0.8834452461571922,0.25358083749348537,5.588640661358113e-12,False,False,24.986612190536107
111.4226,109.52154999999999,15,-0.39189511158838286,-0.07378820625672233,-0.11757674771009996,-0.27431836388859665,0.3840714303869304,0.23943682012051345,0.5879580810574597,-0.8622764449460564,0.3136397171688631,-1.031374985416278e-11,False,False,25.087567301365198
111.55845,109.65715,15,-0.2438205469334207,-0.1414118643187976,-0.22533068545369883,-0.018489861469788593,0.26228114359563937,0.21392262586535926,0.39720631269506984,-0.41569617416485843,0.37871645122528125,9.933276423623738e-12,False,False,25.408001871677698
111.69401666666666,109.79418333333334,15,-0.09753668045595987,-0.17480598297333927,-0.27854205978072394,0.18100537932150473,0.23203351936262087,0.22353975965117262,0.3296872502237139,-0.1486818709022092,0.5106926295452187,-3.2593372445433033e-12,False,False,25.705548258396448
111.83038333333334,109.93028333333334,15,-0.06825868010128033,-0.18092888469982427,-0.2882985087861919,0.22003982869136962,0.20789731952650864,0.23668115804671536,0.3328807850519635,-0.11284095636059388,0.5529206137433331,6.458056311942073e-12,False,False,25.542402766950545
111.9663,110.06533333333333,15,-0.30429336948509444,-0.16897983643502812,-0.2692584710284269,-0.03503489846116281,0.4852120700875844,0.23273694756521868,0.47751392767799095,-0.5125488261391538,0.44247902921682813,-4.495293026707259e-12,False,False,24.352217220075545
112.10165,110.20116666666667,15,-0.3917529862264928,-0.1389783590202569,-0.2214530517090563,-0.1702999345252465,0.4975275638210638,0.21574200364088433,0.36281104595625785,-0.5331109804815044,0.19251111143101135,-7.810002644603742e-12,False,False,25.221968196638045
112.23645,110.3369,15,-0.4012102452907129,-0.09093213407322764,-0.1448944909904873,-0.2563157543008856,0.5012912326729755,0.22505249501049238,0.2785970558575965,-0.5349128101584821,0.022281301556710875,-6.599720769884243e-13,False,False,25.427961848981795
112.37228333333334,110.47273333333332,15,-0.2503530314133968,-0.22012381297099637,-0.35075309911491703,0.10040006770395848,0.6425622348231147,0.34127355184311636,0.5534222844170733,-0.4530222167131148,0.6538223521210318,2.4382718066817688e-12,False,False,26.37943085175357
