time_min,window_start_min,samples,dSPR,dTIR,dWeightedTIR,dCorrected,SPRHalfWidth95,TIRHalfWidth95,CorrectedHalfWidth95,CorrectedLow95,CorrectedHigh95,identity_error,equivalent_slope,sustained_plateau,corrected_response_mdeg
0.14448333333333335,0.14448333333333335,1,,,,,,,,,,,False,False,1.1220942188447225
0.28031666666666666,0.14448333333333335,2,,,,,,,,,,,False,False,1.1149952086634585
0.4159,0.14448333333333335,3,,,,,,,,,,,False,False,1.7106183664363925
0.5517166666666667,0.14448333333333335,4,,,,,,,,,,,False,False,1.147039869982109
0.6867666666666667,0.14448333333333335,5,,,,,,,,,,,False,False,1.3749250070613925
0.82235,0.14448333333333335,6,,,,,,,,,,,False,False,1.620592715255043
0.9581833333333333,0.14448333333333335,7,,,,,,,,,,,False,False,1.8583528300296166
1.0948333333333333,0.14448333333333335,8,,,,,,,,,,,False,False,2.13966974226787
1.2304333333333333,0.14448333333333335,9,,,,,,,,,,,False,False,1.788523456758412
1.3668,0.14448333333333335,10,,,,,,,,,,,False,False,1.86673275942303
1.5033999999999998,0.14448333333333335,11,,,,,,,,,,,False,False,1.7828934813951491
1.6389500000000001,0.14448333333333335,12,,,,,,,,,,,False,False,2.0750300432919175
1.7745166666666667,0.14448333333333335,13,,,,,,,,,,,False,False,1.6935603167294175
1.9103666666666668,0.14448333333333335,14,-0.8182207152967749,-1.0031413755350513,-1.3205045868745846,0.5022838715685793,0.2518344259896476,0.24185006997080588,0.16252369946644196,0.3397601721021374,0.6648075710350213,-9.230394226733551e-12,False,False,2.1775445374878473
2.0468166666666665,0.14448333333333335,15,-0.7632420779009408,-1.0067408324794087,-1.3252428017675215,0.5620007238585458,0.23345815239031795,0.2051748577149119,0.15256144732841462,0.40943927653013124,0.7145621711869604,-8.034906073817183e-12,False,False,2.5132378968628473
2.1837,0.28031666666666666,15,-0.6598238894657698,-0.8659687826693698,-1.1399347863556912,0.48011089688225184,0.10395515662186246,0.08806283368826205,0.14155571512615192,0.3385551817560999,0.6216666120084038,-7.669642698715506e-12,False,False,1.986143201145751
2.3187166666666665,0.4159,15,-0.5971647834994656,-0.739982675146166,-0.9740905325702963,0.376925749063048,0.13120375530902817,0.1551304474194269,0.18505121596118143,0.19187453310186656,0.5619769650242294,-7.78277442492481e-12,False,False,2.0004573182595777
2.4539833333333334,0.5517166666666667,15,-0.6273740238575556,-0.6948914819222409,-0.914733866668561,0.2873598428095647,0.13230280741433106,0.25621775028311117,0.3766121806255236,-0.08925233781595887,0.6639720234350883,-1.4407364190560656e-12,False,False,1.5198054627908277
2.5890166666666667,0.6867666666666667,15,-0.5776262988802046,-0.550956508872332,-0.7252622759641129,0.14763597708861198,0.15547709949193977,0.25153344698456576,0.30327944847636645,-0.15564347138775447,0.45091542556497843,4.703681888429401e-12,False,False,1.8631282166970777
2.723583333333333,0.82235,15,-0.6274272222472064,-0.4941371708046063,-0.6504670393489446,0.023039817104290705,0.1301237556077997,0.20952112147514923,0.21214571577573627,-0.18910589867144556,0.23518553288002697,2.5525137559156974e-12,False,False,1.787778943333251
2.858883333333333,0.9581833333333333,15,-0.6507731986894214,-0.4064061308890814,-0.5349805850513769,-0.11579261364295235,0.14214168705838282,0.22005710435714734,0.18918356885202098,-0.3049761824949733,0.07339095520906863,-4.907851902657967e-12,False,False,1.4892878846658277
2.9933833333333335,1.0948333333333333,15,-0.6431086019401846,-0.3402321815119649,-0.44787122458114315,-0.19523737735380564,0.15456672352366022,0.21900561901247112,0.19932556873303228,-0.39456294608683795,0.004088191379226641,5.235811784132238e-12,False,False,1.5226915055609425
3.1278833333333336,1.2304333333333333,15,-0.4645707877825771,-0.2662895333196502,-0.3505353868967235,-0.114035400879402,0.17339020466713995,0.21877375953301398,0.20657743610774124,-0.32061283698714327,0.09254203522833923,6.451617018399247e-12,False,False,2.0262315446234425
3.2629333333333337,1.3668,15,-0.4104203589267854,-0.17631500442439574,-0.23209567241012677,-0.17832468651340605,0.14565363117506405,0.20182041477718912,0.197231182966732,-0.3755558694801381,0.018906496453325955,3.2525926396687055e-12,False,False,1.6218736344671925
3.3979833333333334,1.5033999999999998,15,-0.4255160839529708,-0.10770605525613064,-0.1417809527834777,-0.2837351311736711,0.11609526604196732,0.18719899140614288,0.2257610165154103,-0.5094961476890814,-0.0579741146582608,-4.177991286269389e-12,False,False,1.2861802750921925
3.533583333333333,1.6389500000000001,15,-0.45498708169543534,-0.11721499921986833,-0.15429823541849175,-0.3006888462814459,0.12952066705269435,0.17952742016671658,0.17151399830293212,-0.472202844584378,-0.12917484797851375,-4.502287431762397e-12,False,False,1.7790687881279155
3.6680833333333336,1.7745166666666667,15,-0.397321393033053,-0.1263101474614814,-0.1662708100368484,-0.2310505830027978,0.10314696599718123,0.20573792699247936,0.23359634610397031,-0.4646469291067681,0.0025457631011725212,-6.593170454038955e-12,False,False,1.912625223332725
3.8033833333333336,1.9103666666666668,15,-0.3356644122322905,-0.1161429799576581,-0.15288706209089226,-0.18277735013271013,0.12828876922834942,0.26676319779348834,0.38142567596859484,-0.5642030261013049,0.1986483258358847,8.688105790355394e-12,False,False,2.210171610051475
3.938416666666667,2.0468166666666665,15,-0.3704611012326495,-0.1906321298374678,-0.250942297860838,-0.1195188033825616,0.12239623078234464,0.2172999613891321,0.3692993090605457,-0.4888181124431073,0.2497805056779841,-1.0750067502840466e-11,False,False,1.8095863662529155
4.072666666666667,2.1837,15,-0.35742767248666496,-0.19954925392812584,-0.262680526938632,-0.09474714554107777,0.09280833890489175,0.15724392796706677,0.2471744930890537,-0.3419216386301315,0.15242734754797593,6.955214182369218e-12,False,False,1.1643040996641503
4.2077,2.3187166666666665,15,-0.3750302010666928,-0.19110001183798886,-0.25155820339805557,-0.12347199766645645,0.10146434587500812,0.18936717906993641,0.2698880874846333,-0.3933600851510897,0.14641608981817683,2.180811087271195e-12,False,False,1.2863744121641503
4.3422,2.4539833333333334,15,-0.3215486875778879,-0.13429168788934476,-0.17677746543195352,-0.14477122215157578,0.06419038934218811,0.20597226134956167,0.2980959928424174,-0.4428672149939932,0.1533247706908416,-5.6414040106034236e-12,False,False,1.2100804668516503
4.478316666666667,2.5890166666666667,15,-0.3602651716028049,-0.07426908970592194,-0.09776555529609206,-0.2624996163076503,0.07167090350598623,0.19341776367047117,0.26764779821810364,-0.5301474145257539,0.005148181910453353,-9.37416810842251e-13,False,False,1.1261571270079003
4.6133999999999995,2.723583333333333,15,-0.28347004056558944,-0.0804467480556923,-0.10589763556510175,-0.1775724050057761,0.09559824849224227,0.15885283086235782,0.2392579525941765,-0.4168303575999526,0.06168554758840042,-5.2883808443482394e-12,False,False,1.7708569823516882
4.748683333333333,2.858883333333333,15,-0.30077344702294795,-0.12525979182100855,-0.16488815403748422,-0.13588529298976937,0.09495570194530654,0.1621413900486592,0.2317878806192925,-0.3676731736090619,0.09590258762952314,-4.3056391785256665e-12,False,False,1.6106396971954382
4.884,2.9933833333333335,15,-0.3210651120461989,-0.08003485334847937,-0.10535542998625806,-0.2157096820674269,0.10640362495109171,0.1453347093183365,0.1863915437907214,-0.40210122585814834,-0.029318138276705513,-7.486067321593737e-12,False,False,1.2702289995140745
5.019033333333334,3.1278833333333336,15,-0.33651011803522124,-0.05379498376714764,-0.07081406923074339,-0.2656960488147888,0.157938900455737,0.1507222526491794,0.19066263884725265,-0.45635868766204146,-0.07503340996753616,-1.0310974296601216e-11,False,False,1.3617817338890745
5.1538,3.2629333333333337,15,-0.22331695558750653,-0.022522652834595647,-0.029648130464964763,-0.1936688251371379,0.07015244080308101,0.1484565638477291,0.21799004339929973,-0.4116588685364376,0.024321218262161826,-1.459612986032255e-11,False,False,1.4228168901390745
5.288833333333333,3.3979833333333334,15,-0.1646032661992649,0.013789131266094046,0.018151590124752755,-0.18275485632875643,0.11009074615626908,0.13147936212037453,0.2475145809343797,-0.43026943726313616,0.06475972460562326,-4.738764936007556e-12,False,False,1.4685932573265745
5.42335,3.533583333333333,15,-0.11682768074024352,0.048091234544699546,0.0633058284240996,-0.18013350915953197,0.1836486343712042,0.14588468850490652,0.3258892491359234,-0.5060227582954553,0.1457557399763914,4.811151477213116e-12,False,False,1.7858375725263613
5.558400000000001,3.6680833333333336,15,-0.14888487306961906,0.019052514020586386,0.025080145998621073,-0.17396501904113393,0.16210547954340318,0.16968645878136004,0.35248035336421557,-0.5264453724053495,0.17851533432308164,2.710620616852566e-11,False,False,1.3128151115888613
5.6931666666666665,3.8033833333333336,15,-0.13437967591016786,-0.025831258251855616,-0.03400347731457462,-0.10037619859940605,0.16606859205531424,0.15326212217838278,0.34561952823825925,-0.4459957268376653,0.2452433296388532,-3.8128111778945595e-12,False,False,1.457967744769121
5.828,3.938416666666667,15,-0.07810724315277184,-0.07767159870491014,-0.10224451394501578,0.024137270800565602,0.08496795108842367,0.1081078338026742,0.1831803081269953,-0.1590430373264297,0.2073175789275609,8.321662803290053e-12,False,False,1.3280739006513613
5.964666666666667,4.072666666666667,15,-0.09305726601814968,-0.11655113161396002,-0.15342434043214268,0.06036707442581246,0.11102863490200722,0.11015327523409513,0.2070427475545806,-0.14667567312876814,0.2674098219803931,1.1819462075735032e-11,False,False,1.183309541644121
6.099966666666666,4.2077,15,-0.07648358492951957,-0.08091784267526236,-0.10651777009565325,0.030034185166186944,0.08461475575070712,0.12493912266565262,0.16973024715948512,-0.13969606199329818,0.19976443232567206,5.3262949606391885e-14,False,False,1.4712011011943105
6.235283333333333,4.3422,15,-0.06215250405148254,-0.039345741246506805,-0.05179352886554058,-0.010358975185226882,0.06893068258912387,0.1147885864623326,0.1564441734410789,-0.16680314862630577,0.146085198255852,7.150738334793516e-13,False,False,1.3212210544370464
6.370866666666667,4.478316666666667,15,-0.005825032421853393,0.006673360301647335,0.008784607138242953,-0.014609639565605903,0.11071480053156632,0.07442250402941974,0.1321558385611443,-0.1467654781267502,0.11754619899553839,-5.509556352811806e-12,False,False,1.6085302027568105
6.504833333333334,4.6133999999999995,15,-0.016107827315863688,0.0578839756672096,0.07619669294800842,-0.09230452025440172,0.09791824502582853,0.06024464655989472,0.14491941732901853,-0.23722393758342025,0.05261489707461681,9.470382811294087e-12,False,False,1.3643895777568105
6.640683333333333,4.748683333333333,15,0.010703680327424081,0.035296001959068235,0.04646257608547356,-0.035758895761318854,0.08276035559845972,0.04325920618369992,0.08585164467067434,-0.1216105404319932,0.050092748909355486,-3.269377824022257e-12,False,False,1.3872777613505605
6.77545,4.884,15,0.021790768838400254,-0.08081730503909057,-0.10638542543022902,0.12817619426641613,0.09071373405429828,0.13275564680032684,0.2004038303359734,-0.07222763606955726,0.32858002460238955,-2.2131463328634027e-12,False,False,2.0962870898729307
6.911016666666667,5.019033333333334,15,0.0022575797484023497,-0.15255978953064186,-0.20082503499607132,0.20308261474110623,0.08041407951590904,0.18756920501703114,0.28282973485135854,-0.07974712011025231,0.48591234959246477,-3.367445211566178e-12,False,False,2.0733989062791807
7.045833333333333,5.1538,15,0.0171742738566536,-0.21165808676960296,-0.278620223674139,0.29579449751963693,0.11363946523009366,0.19578150170325725,0.34250960895198873,-0.0467151114323518,0.6383041064716257,-1.1155687484887267e-11,False,False,2.1802104297166807
7.181966666666667,5.288833333333333,15,0.01031284984856029,-0.24967117944470374,-0.3286594947708832,0.3389723446098287,0.12827684871433748,0.1712261590974142,0.32001397441517015,0.01895837019465857,0.6589863190249989,-9.61475343785878e-12,False,False,1.9597345366419177
7.3167333333333335,5.42335,15,0.00546905168084777,-0.27630691732338164,-0.3637219644300806,0.3691910161087435,0.13838416888212907,0.1448092696122666,0.28379605903746163,0.08539495707128186,0.6529870751462051,-2.184863401311077e-12,False,False,1.9139581694544177
7.451233333333334,5.558400000000001,15,0.08281959547821316,-0.2940761671452492,-0.38711286073577944,0.46993245621433744,0.07028308045306496,0.12360956227815297,0.16821301916461467,0.30171943704972276,0.6381454753789522,3.448352714485736e-13,False,False,1.995856076675409
7.58735,5.6931666666666665,15,0.05461000799550675,-0.3078722890277277,-0.40527365309386226,0.4598836610784929,0.08154890802816842,0.11240418279264724,0.1653892875440981,0.2944943735343948,0.625272948622591,-1.0876133327286652e-11,False,False,1.9673639311731677
7.7223999999999995,5.828,15,0.09613486612215638,-0.30329229230846977,-0.3992446856689818,0.4953795517967592,0.09429269495623914,0.11403017826998409,0.1358708259183298,0.3595087258784294,0.631250377715089,5.621003662525936e-12,False,False,2.140814572769159
7.857983333333333,5.964666666666667,15,0.0850529929921322,-0.2912621163886797,-0.3834085304964192,0.4684615234800731,0.08815448035357563,0.1255863963136517,0.14623753388018076,0.3222239895998923,0.6146990573602539,-8.47832914985247e-12,False,False,2.049261838394159
7.993816666666667,6.099966666666666,15,0.06410842285185936,-0.2670956680631207,-0.3515965579862162,0.4157049808463853,0.08229245339107258,0.1510685814766599,0.14876705415800898,0.26693792668837635,0.5644720350043942,8.30974178356314e-12,False,False,2.178961545425409
8.129116666666667,6.235283333333333,15,0.08363198581355391,-0.21887087727736798,-0.2881149202163777,0.37174690603842464,0.06977228380463822,0.1888993331364855,0.20537992089938858,0.16636698513903606,0.5771268269378133,8.493039604928754e-12,False,False,2.039801148312108
8.264166666666666,6.370866666666667,15,0.053209511144814314,-0.16032965853082715,-0.2110530526059389,0.26426256375543744,0.07680656071411081,0.21118440119027063,0.24716076700534986,0.017101796750087578,0.5114233307607873,4.6842529854984605e-12,False,False,1.9482484139371081
8.399233333333333,6.504833333333334,15,0.11939725613410701,-0.09299087727777078,-0.12241034312565571,0.24180759926093742,0.04459660902013778,0.20085267405333326,0.2688655588975915,-0.027057959636654083,0.5106731581585289,1.1746992267802625e-12,False,False,2.169500855343358
8.533999999999999,6.640683333333333,15,0.18825069399463246,-0.01607428573697689,-0.02115969749038531,0.20941039148874552,0.13215547486252302,0.1392221203196155,0.19182502402517557,0.01758536746356995,0.40123541551392106,3.727740338632657e-12,False,False,2.474676636593358
8.669833333333335,6.77545,15,0.20152085961672128,0.05205478487914661,0.06852332470587146,0.13299753490537114,0.12837369753721778,0.040157188227560175,0.17093479621082638,-0.037937261305455244,0.30393233111619755,-5.478673070768991e-12,False,False,2.3687257232886623
8.805133333333334,6.911016666666667,15,0.202733958929457,0.030911662383005023,0.04069116573215298,0.16204279320754722,0.10080773679063076,0.055893161402340026,0.14432156902803336,0.017721224179513856,0.3063643622355806,1.024319518094785e-11,False,False,2.2695435943824123
8.94045,7.045833333333333,15,0.1924541542721272,0.06776033656205982,0.08919763197948076,0.10325652228766558,0.10187083254207613,0.061887292481952585,0.16682906620844629,-0.06357254392078071,0.27008558849611186,-4.980862944314879e-12,False,False,1.8451254950414295
9.076033333333333,7.181966666666667,15,0.1962842123612063,0.0957569889142178,0.12605156777535897,0.07023264458348422,0.11539488085469499,0.09307956233289957,0.23054366713425944,-0.16031102255077523,0.30077631171774366,-2.3631097079146457e-12,False,False,1.8298667059789295
9.210816666666666,7.3167333333333335,15,0.20050169929891126,0.15341993232868845,0.20195730063468265,-0.0014556013493347564,0.09397385336554917,0.13775239467740272,0.25157538997432005,-0.2530309913236548,0.2501197886249853,-1.3563372647240612e-11,False,False,1.8223473867183202
9.345583333333334,7.451233333333334,15,0.31140193228566204,0.24793286727799568,0.326371233868143,-0.014969301580094907,0.21717848976024223,0.20578535284339802,0.18260389721341563,-0.19757319879351054,0.16763459563332073,2.386035813373155e-12,False,False,2.1701352934978786
9.480616666666666,7.58735,15,0.5225201051107433,0.38456180265711737,0.5062253803205213,0.016294724784529535,0.4423397338712671,0.2801447882449641,0.17298751512727328,-0.15669279034274375,0.18928223991180282,-5.692446514160565e-12,False,False,2.3556804824838764
9.615916666666667,7.7223999999999995,15,0.8648104543681256,0.4996567544367281,0.6577328502123108,0.20707760414916265,0.7721697865991269,0.3064903582784717,0.42749987833700104,-0.22042227418783839,0.6345774824861636,-6.652234318949013e-12,False,False,3.302696089762321
9.7507,7.857983333333333,15,1.7712281023741525,1.036078238132177,1.363861664149524,0.40736643822310725,1.6411246429130382,0.8713935114722763,0.5311279071241418,-0.12376146890103457,0.9384943453472491,-1.5212275883413895e-12,False,False,3.3458785836337483
9.886816666666666,7.993816666666667,15,3.414055539185938,2.0984549242348294,2.7623417998521456,0.6517137393302619,3.1706804067815533,1.9612067358486003,0.6338586215321994,0.01785511779806248,1.2855723608624614,-3.530509218307998e-12,False,False,3.860136146155128
10.02215,8.129116666666667,15,6.206433060171548,3.9952174224126793,5.259181866607053,0.9472511935682633,5.507665834093312,3.703297590071724,0.6923132014548283,0.25493799211343493,1.6395643950230916,3.767652856367931e-12,False,False,4.248066350941372
10.157716666666666,8.264166666666666,15,10.491110319748259,7.041085297358222,9.268669061504433,1.2224412582518198,8.739594734869426,6.134212707877096,0.7530304336231349,0.4694108246286849,1.9754716918749549,7.993605777301127e-12,False,False,4.593424414204492
10.292233333333334,8.399233333333333,15,16.17750243845512,11.032921563106356,14.523400077021735,1.6541023614336154,12.20685511428757,8.553061714829354,1.0127808991729583,0.6413214622606571,2.666883260606574,2.291500322826323e-13,False,False,5.909074542498274
10.428149999999999,8.533999999999999,15,23.39845160403638,16.46612789194478,21.675506503536557,1.7229451005050578,15.613504933489928,11.426601386029278,0.8548947028469432,0.8680503976581145,2.577839803352001,5.233147248873138e-12,False,False,4.260502689961868
10.563433333333334,8.669833333333335,15,31.249573124809103,22.449507039858872,29.551843580766633,1.6977295440474336,17.638113304648325,13.402380469868188,0.7773739258348107,0.9203556182126229,2.475103469882244,4.9631410092843e-12,False,False,3.700538612953096
10.698483333333334,8.805133333333334,15,39.326668983318086,28.625509148703713,37.681743624942165,1.644925358376895,18.36710819651096,14.29353288826363,0.8437906818055367,0.8011346765713583,2.4887160401824318,9.734435479913373e-13,False,False,3.848419041991292
10.834100000000001,8.94045,15,46.69878526028333,34.37215663228562,45.24645438883992,1.4523308714442464,17.365985812888624,13.831834981409726,1.0524007869517444,0.399930084492502,2.5047316583959907,8.384404281969182e-13,False,False,3.418004612765799
10.9694,9.076033333333333,15,52.8581208859905,39.4738263395011,51.96213615952147,0.8959847264741256,14.96309443397242,12.260813449835299,1.4328995840882806,-0.5369148576141549,2.3288843105624064,5.094591415399918e-12,False,False,2.0983674504750525
11.105233333333333,9.210816666666666,15,57.284107395276806,43.01073613844346,56.61801590565786,0.666091489622886,11.785694799759522,9.762871474626502,1.278551836575353,-0.612460346952467,1.944643326198239,3.943512183468556e-12,False,False,3.9170693836858845
11.241083333333334,9.345583333333334,15,59.74067223676684,45.40151583662737,59.765165085876454,-0.024492849111993564,9.010326373299423,7.397635958297409,1.3712626591475372,-1.3957555082595308,1.3467698100355436,-2.3803181647963356e-12,False,False,1.7296606720119598
11.376650000000001,9.480616666666666,15,60.07983332394724,46.27020189635368,60.90867681253688,-0.8288434885944298,8.568948058789866,6.302972326057787,1.5609980341877554,-2.389841522782185,0.7321545455933256,-4.789058039023075e-12,False,False,0.7007091011546436
11.510883333333334,9.615916666666667,15,58.47259374591522,45.27964471567975,59.60473767440313,-1.1321439284711232,10.679724860695218,7.747421098844391,1.1799734962367163,-2.3121174247078393,0.047829567765593106,1.6790124846011167e-11,False,False,2.991747030238912
11.645683333333332,9.7507,15,54.623118604242336,42.38521916458194,55.79460451689775,-1.1714859126586816,13.694626025899083,10.337634230227131,1.0381882254187556,-2.209674138077437,-0.13329768723992608,-3.268496584496461e-12,False,False,3.4320323433421436
11.781,9.886816666666666,15,49.09177920304501,38.225269692673464,50.318574425035884,-1.2267952219863218,16.017368558293068,12.466574089432916,0.9863554272321758,-2.213150649218498,-0.240439794754146,4.554578936222242e-12,False,False,3.316310506161244
11.9163,10.02215,15,42.21082824900077,33.02860448841966,43.47784349116471,-1.2670152421542298,16.88452414640109,13.358055511290837,0.9688795255366619,-2.235894767690892,-0.2981357166175679,9.71311919784057e-12,False,False,2.8038601533553447
12.0511,10.157716666666666,15,34.80512423274922,27.25021991679023,35.87135499646761,-1.0662307637085178,15.977664086643673,12.914667433251184,1.113692697627816,-2.179923461336334,0.047461933919298316,9.869438599707792e-12,False,False,3.5155553661097656
12.185599999999999,10.292233333333334,15,27.441194477181853,21.673567879304755,28.530421031925187,-1.0892265547508941,13.925107366479631,11.26809750201935,1.0233468176607912,-2.1125733724116853,-0.06587973709010297,-7.560174708487466e-12,False,False,1.8034847898015869
12.320916666666667,10.428149999999999,15,20.843855004928628,16.313255886441766,21.47427047699566,-0.6304154720601218,10.915084011741438,8.641014048428351,0.6294109955354059,-1.2598264675955277,-0.0010044765247159138,6.910028105266974e-12,False,False,2.506663984437182
12.4565,10.563433333333334,15,15.669366550595441,12.177119250834949,16.029586873604632,-0.3602203230120722,8.064798259222043,6.448778803174874,0.5807625116359952,-0.9409828346480674,0.22054218862392305,-2.8812507935072063e-12,False,False,2.8839987839237438
12.591266666666666,10.698483333333334,15,11.73369432326217,8.942696779671678,11.771892182481716,-0.03819785921859875,5.193043417478308,4.40878594037546,0.7258591918397445,-0.7640570510583432,0.6876613326211457,9.467981954003335e-13,False,False,3.607374256469484
12.7274,10.834100000000001,15,9.088370768342429,6.762559513641463,8.902026249303963,0.18634451903653826,3.3035215018221558,2.8512058265125777,0.5746807384163198,-0.3883362193797816,0.7610252574528581,-1.9273471707492718e-12,False,False,2.8960612964219763
12.862016666666667,10.9694,15,7.373806907569815,5.370970723604842,7.070181381668551,0.30362552590031555,2.0001965600301013,1.6106319322832483,0.4498762125960497,-0.14625068669573416,0.7535017384963653,-9.485745522397337e-13,False,False,2.6723631133136223
12.99785,11.105233333333333,15,6.325144211667066,4.675605433356395,6.154823808229127,0.17032040342837718,1.2714325005546843,1.047584985217086,0.6073364343632798,-0.4370160309349026,0.777656837791657,-9.562128866491548e-12,False,False,2.721355749068607
13.13315,11.241083333333334,15,5.597124126157723,4.087494876610435,5.380653081437816,0.21647104471776402,0.9160955004195015,0.1929393638350436,0.953443815800853,-0.736972771083089,1.1699148605186172,-2.143174526736402e-12,False,False,1.7018969031996676
13.269916666666667,11.376650000000001,15,5.138711421241169,3.91937100504947,5.159339965486484,-0.020628544250030245,0.6681362809833459,0.24593013782478731,0.8767789339938334,-0.8974074782438637,0.8561503897438032,-4.715339230187965e-12,False,False,2.3537798305551405
13.404666666666666,11.510883333333334,15,4.692231600707601,3.907294513148372,5.143442841374493,-0.4512112406664528,0.40130311583067996,0.33241163589422473,0.26744931336317823,-0.718660554029631,-0.18376192730327456,4.39648317751562e-13,False,False,2.5665422672827845
13.539733333333334,11.645683333333332,15,4.517088292610424,3.8807815185682557,5.108541947234671,-0.5914536546179079,0.439228363622059,0.3774954953483965,0.2602340677522714,-0.8516877223701793,-0.33121958686563646,6.338929381399794e-12,False,False,1.788616202546109
13.674766666666667,11.781,15,4.27850318723722,3.663433835547039,4.822432113291279,-0.5439289260530131,0.4118620198907722,0.3164116788074542,0.26090658453575893,-0.8048355105887721,-0.2830223415172542,1.0453859999870474e-12,False,False,2.130301797988068
13.809016666666668,11.9163,15,4.013899151181249,3.4737393565737875,4.572724110313775,-0.55882495912374,0.5095714939905757,0.26473815956107544,0.316391574483793,-0.875216533607533,-0.24243338463994696,8.785860927673639e-12,False,False,1.739009120639821
13.944083333333333,12.0511,15,3.7352313235860493,3.2798445852458826,4.3174869711090125,-0.5822556475122838,0.5518561826115596,0.31244300648684475,0.36126587227993506,-0.9435215197922189,-0.2209897752323487,1.0679457318474306e-11,False,False,2.0531732559829834
14.078866666666666,12.185599999999999,15,3.5528849005204393,3.039920234336023,4.001657902937647,-0.4487730024202392,0.6820929606536508,0.3849828597824599,0.5214959418235059,-0.9702689442437451,0.07272293940326668,-3.0313529464365274e-12,False,False,1.9827874849215732
14.214483333333334,12.320916666666667,15,3.2254122667363845,2.944680384494859,3.876287081201355,-0.6508748144588026,0.551593616730047,0.476092832435084,0.29537667296937004,-0.9462514874281727,-0.35549814148943254,6.16795503560752e-12,False,False,1.9048823945995537
14.350050000000001,12.4565,15,2.968827674725617,2.8458761092806526,3.7462241590598095,-0.7773964843418071,0.43434246231560025,0.4934690407347129,0.2743027927499797,-1.0516992770917868,-0.5030936915918274,-7.614353592089174e-12,False,False,1.5245194421659107
14.48565,12.591266666666666,15,2.7825365055796283,2.7373881220046314,3.6034138949109833,-0.8208773893293255,0.2537580525049043,0.4180945340931307,0.3339941337641383,-1.1548715230934639,-0.48688325556518725,2.029487689014786e-12,False,False,1.4015304711720091
14.620716666666668,12.7274,15,2.6750325661487295,2.632803594799043,3.4657420260605654,-0.7907094599158881,0.27343314086265824,0.2871897685365824,0.2719330112151309,-1.062642471131019,-0.5187764487007572,-4.052314039881821e-12,False,False,0.761185693416337
14.757516666666668,12.862016666666667,15,2.5582688275026157,2.5414703416245175,3.3455137285418726,-0.7872449010274067,0.17131263061445312,0.19719969103631743,0.26719957939967653,-1.0544444804270832,-0.5200453216277302,1.1850076475639071e-11,False,False,1.022054142325942
14.892833333333334,12.99785,15,2.5138763539944193,2.4700460546810064,3.251492984483891,-0.7376166304920844,0.14770164590956159,0.16255644099849278,0.24078589850752943,-0.9784025289996138,-0.49683073198455496,-2.6125768215479184e-12,False,False,1.2599243323566043
15.02895,13.13315,15,2.447542979465652,2.3327607661012735,3.070774834778178,-0.6232318553193181,0.15255026159922594,0.18779989426407995,0.28311860486776647,-0.9063504601870846,-0.34011325045155166,-6.792344464656708e-12,False,False,1.3514770667316043
15.163466666666666,13.269916666666667,15,2.478698237631761,2.3108585020345345,3.041943365088633,-0.5632451274550476,0.1765655379109708,0.2385626589245407,0.44065444501790324,-1.003899572472951,-0.12259068243714438,1.8243184740640572e-12,False,False,2.0273289383549127
15.299100000000001,13.404666666666666,15,2.4370072046476707,2.207057899577194,2.9053034307701484,-0.4682962261249486,0.14099968770721955,0.28147091782293093,0.4261008055329541,-0.8943970316579026,-0.04219542059199449,-2.4709123636057484e-12,False,False,1.5179067384960945
15.434116666666666,13.539733333333334,15,2.5034184372998425,2.0156159341895545,2.653295090191209,-0.14987665289118013,0.17253188734894445,0.3157275566644781,0.5035701533822017,-0.6534468062733818,0.35369350049102155,1.865174681370263e-13,False,False,2.36757151241909
15.569466666666667,13.674766666666667,15,2.51794515646543,1.9871545285495813,2.6158293673997064,-0.0978842109298057,0.13167232064139897,0.328531115081004,0.4894137000700277,-0.5872979109998334,0.391529489140222,4.47064607556058e-12,False,False,1.784877498728747
15.704783333333333,13.809016666666668,15,2.57219286408872,1.9070324833446648,2.51035916072377,0.06183370336111693,0.06741549210793969,0.35318696933740923,0.4705715364850432,-0.40873783312392625,0.5324052398461601,-3.8329339702158904e-12,False,False,1.9787185553068412
15.839833333333333,13.944083333333333,15,2.60971603044527,1.8474497015267843,2.431926211382713,0.17778981906940317,0.06947636816837698,0.3869844275419199,0.5327492895089182,-0.35495947043951503,0.7105391085783214,6.846079259048565e-12,False,False,2.166677451088617
15.974883333333334,14.078866666666666,15,2.69663609897907,1.8722454463168106,2.4645665704873676,0.23206952849886875,0.12013176729171998,0.3761217860256221,0.4771500353637283,-0.24508050686485955,0.7092195638625971,7.1662675793504604e-12,False,False,1.533515745359182
16.109666666666666,14.214483333333334,15,2.736381454873481,1.8863214581942884,2.483095801463606,0.25328565340259956,0.1462915644820645,0.38781645981069457,0.4424381480102367,-0.1891524946076371,0.6957238014128362,-7.275069435763726e-12,False,False,1.359230507070606
16.244966666666667,14.350050000000001,15,2.941444684409362,1.8494972423359286,2.4346215314006376,0.5068231530076446,0.36335695885543495,0.36538894860436244,0.33322781222099074,0.17359534078665384,0.8400509652286353,-1.0795808691455022e-12,False,False,2.618080604726856
16.381083333333333,14.48565,15,3.134213813704264,1.8849897645159217,2.481342800686764,0.6528710130187392,0.49045656635370327,0.39726913412874393,0.3056563872572261,0.3472146257615131,0.9585274002759653,1.2394529846915248e-12,False,False,2.572052052106301
16.516933333333334,14.620716666666668,15,3.310849218534713,1.9500502430819324,2.5669864222798315,0.7438627962610553,0.43126844735055475,0.3965608675329135,0.30725711632315483,0.4366056799379005,1.0511199125842101,6.1737281953355705e-12,False,False,2.5645327328456915
16.652,14.757516666666668,15,3.438404739554244,2.157452162606205,2.840003957731718,0.5984007818260579,0.4318019062897704,0.4057048760651774,0.2543604675800887,0.34404031424596926,0.8527612494061466,3.532285575147398e-12,False,False,2.183613382607291
16.78705,14.892833333333334,15,3.6024161100976926,2.340902198709955,3.081491967343625,0.5209241427446614,0.387886709758491,0.35556967420946994,0.21300403939210832,0.30792010335255304,0.7339281821367697,-9.406253553834176e-12,False,False,2.4567445025386405
16.922616666666666,15.02895,15,3.7106278086394013,2.6363715970474004,3.4704388349549466,0.24018897368932812,0.33738410846766764,0.43031257366604114,0.4183378814322894,-0.17814890774296127,0.6585268551216175,4.873434988894587e-12,False,False,1.2906059402957908
17.05765,15.163466666666666,15,3.7669825191769633,2.800300737089856,3.6862301347934254,0.08075238438595989,0.35293442288711385,0.3885455887411387,0.37227328078444416,-0.2915208963984843,0.45302566517040405,2.4220625505222415e-12,False,False,1.84572044552624
17.192966666666667,15.299100000000001,15,3.8905290899128886,2.9409939633660542,3.871434389319175,0.019094700586720137,0.19874865849281362,0.2566079383892508,0.37923004488144296,-0.3601353442947228,0.3983247454681631,-6.993516876718786e-12,False,False,1.673266502803017
17.327766666666665,15.434116666666666,15,3.9710415003282833,3.077466892249504,4.051083173598143,-0.08004167326816969,0.21802989934467562,0.15793125090055438,0.28789399083249007,-0.36793566410065975,0.20785231756432038,1.6902035326893383e-12,False,False,2.0017707687147777
17.462783333333334,15.569466666666667,15,4.026788156988914,3.105127168375475,4.0874943140309465,-0.060706157043568965,0.15241221351941323,0.12447421437275231,0.2756815487193773,-0.33638770576294624,0.2149753916758083,-1.5365486660812167e-12,False,False,1.7412325456170947
17.5992,15.704783333333333,15,4.016717644968594,3.0943576706486056,4.07331767702494,-0.05660003205684916,0.17314646474917042,0.1555841787516578,0.30199897977067813,-0.3585990118275273,0.24539894771382897,-5.027089855502709e-13,False,False,2.235033695695165
17.734916666666667,15.839833333333333,15,3.959241488151747,3.0057403397113376,3.956664536367842,0.0025769517797016306,0.1892806894811692,0.2162451473654344,0.3657661501375449,-0.36318919835784325,0.3683431019172465,-4.203304371230843e-12,False,False,2.3758572647275287
17.871066666666664,15.974883333333334,15,3.862560316680174,3.0381181403681694,3.9992856816251123,-0.1367253649414124,0.2193484283024781,0.22884064982453614,0.49101256348695893,-0.6277379284283713,0.3542871985455465,3.526068326209497e-12,False,False,1.1444385438881
18.006633333333333,16.109666666666666,15,3.7733961945305055,3.102196115480183,4.083635965759208,-0.31023977122458746,0.19858677135172367,0.1827087996129957,0.4043141338261231,-0.7145539050507106,0.09407436260153562,4.11493061847068e-12,False,False,1.5352848987167818
18.14335,16.244966666666667,15,3.6799609244408202,3.1448028237391554,4.139722131737151,-0.45976120730119874,0.09096412937769473,0.15296159977838442,0.25564710704101773,-0.7154083143422165,-0.204114100260181,-4.868105918376386e-12,False,False,1.863569014101813
18.278650000000003,16.381083333333333,15,3.7571469977374363,3.0492157986591337,4.01389429914821,-0.2567473014105417,0.12088689965953191,0.23399415944527333,0.4062486966849643,-0.662995998095506,0.14950139527442263,2.318145675417327e-13,False,False,2.406809122468985
18.41395,16.516933333333334,15,3.799179503457708,2.96000326030844,3.8964576456795186,-0.09727814221605513,0.07852616965733215,0.29417293350389145,0.4353260842046588,-0.5326042264207139,0.33804794198860366,5.7553961596568115e-12,False,False,2.194765185697179
18.549266666666664,16.652,15,3.7036564485679264,2.8500206701828574,3.751679932109768,-0.04802348355042341,0.12942711533871243,0.19366790115366997,0.28908519459632165,-0.33710867814674506,0.24106171104589824,-8.58202398035246e-12,False,False,1.553171523650235
18.684833333333334,16.78705,15,3.636186557541805,2.898239116908371,3.8151532187529864,-0.17896666121578164,0.20742958952547008,0.19547862602881066,0.41500744410794815,-0.5939741053237297,0.2360407828921665,-4.600320124836799e-12,False,False,0.8660216449570726
18.819816666666668,16.922616666666666,15,3.640370813318441,2.8232965489296475,3.7165011172829607,-0.07613030396714748,0.1971701918535802,0.18255406301692503,0.41822117620982135,-0.49435148017696884,0.34209087224267387,-2.6276758546828205e-12,False,False,1.6341767858175444
18.954816666666666,17.05765,15,3.3970411054979195,2.8199523441617202,3.7120989085383154,-0.3150578030372344,0.3744825234254323,0.1293019117054572,0.371356436786767,-0.6864142398240014,0.05629863374953259,3.1614710849225958e-12,False,False,0.9933076451925444
19.08986666666667,17.192966666666667,15,3.286297744671174,2.775050441734493,3.6529914192445725,-0.36669367458034685,0.35681251072461934,0.15737918317696006,0.30344339036370965,-0.6701370649440566,-0.0632502842166372,-6.94821977731408e-12,False,False,1.3341586439564708
19.226266666666668,17.327766666666665,15,3.157113562188897,2.7968026683047356,3.68162538416843,-0.5245118219900178,0.24651052009754626,0.1317833995958195,0.20985704223621793,-0.7343688642262357,-0.31465477975379985,-1.0484946244559978e-11,False,False,0.8819668990690843
19.36211666666667,17.462783333333334,15,3.25912920616247,2.8376823468388466,3.735438141104569,-0.47630893494351767,0.2540588604443602,0.1356473805565681,0.21175328777611657,-0.6880622227196342,-0.2645556471674011,-1.4184209362611e-12,False,False,1.5116541293464252
19.498766666666665,17.5992,15,3.299475422973046,2.801260219697724,3.6874931683155356,-0.3880177453329452,0.31201756736957165,0.16389872966920582,0.39611735702824746,-0.7841351023611927,0.008099611695302267,9.544365298097546e-12,False,False,1.9561003829658148
19.634833333333333,17.734916666666667,15,3.309195934518357,2.691516782364488,3.5430302681578913,-0.23383433362960204,0.2752445217692288,0.17787061706274782,0.41780913019907306,-0.6516434638286751,0.18397479656947102,9.9324992675065e-12,False,False,1.7787089513949468
19.771466666666665,17.871066666666664,15,3.245281011728366,2.5055967414737097,3.298290819884975,-0.05300980815263756,0.2553804915123373,0.23351597526416482,0.44453722789049105,-0.4975470360431286,0.3915274197378535,3.97148980368911e-12,False,False,1.697115256516554
19.908383333333333,18.006633333333333,15,3.1580068879666214,2.4984237172429857,3.2888484704520438,-0.13084158249239408,0.23151758588748,0.2634431118748261,0.41593017677526123,-0.5467717592676553,0.28508859428286715,-6.971756505436133e-12,False,False,1.6049220625354792
20.0453,18.14335,15,3.1554981272165605,2.59344672858424,3.4139338526274474,-0.25843572541634785,0.20962984569768794,0.24740871660574879,0.4475255275241698,-0.7059612529405177,0.18908980210782195,-5.46096501352622e-12,False,False,0.9547803474633838
20.18113333333333,18.278650000000003,15,3.1358133736684977,2.694744538413943,3.547279187375628,-0.411465813711402,0.2185862891498973,0.31377014217890875,0.5467874366642761,-0.9582532503756781,0.1353216229528741,-4.271694109547752e-12,False,False,0.3577982301285374
20.316716666666665,18.41395,15,3.082645768983639,2.6623137430760835,3.5045882815431453,-0.4219425125675116,0.264673448760884,0.2712439653253786,0.5612053578832253,-0.9831478704507369,0.13926284531571376,-8.005152096757229e-12,False,False,0.2967630738785374
20.451233333333334,18.549266666666664,15,3.065538311995624,2.5711428000104206,3.3845736440812266,-0.31903533209242596,0.3035668115330543,0.22702527658539695,0.49232822057409753,-0.8113635526665235,0.17329288848167157,-6.823430709346212e-12,False,False,0.8544854229767225
20.5868,18.684833333333334,15,2.9185997199565463,2.467694468992704,3.2483974290980155,-0.3297977091415305,0.414387631455804,0.26311116071418433,0.45179777977228164,-0.7815954889138121,0.12200007063075113,-6.128431095930864e-14,False,False,0.7767484562864411
20.722383333333333,18.819816666666668,15,2.855009534563578,2.418392113140726,3.1834973176740053,-0.3284877831101767,0.44158641096581697,0.3591525869579619,0.4468685847084362,-0.7753563678186128,0.11838080159825953,2.504663143554353e-13,False,False,1.516799725817691
20.8585,18.954816666666666,15,2.864556403928873,2.3472184530801314,3.0898064911695773,-0.22525008725187945,0.5252722334395841,0.38083235847891556,0.4811313295403127,-0.7063814167921921,0.25588124228843323,-1.1175060876666976e-11,False,False,1.2878598415190936
20.993033333333337,19.08986666666667,15,2.577280954868911,2.2374617879468133,2.945326178340989,-0.3680452234675613,0.3503653580712584,0.28252873158520425,0.41989273042616726,-0.7879379538937286,0.05184750695860596,4.516831353384987e-12,False,False,0.6312855893120286
21.128083333333333,19.226266666666668,15,2.472066180911497,2.1161028054266353,2.7855729302099856,-0.3135067492921735,0.1890528832311022,0.2508246328714261,0.4227333680998057,-0.7362401173919793,0.10922661880763224,6.31494856406789e-12,False,False,1.2664667062126682
21.263666666666666,19.36211666666667,15,2.3717981642694212,2.0511667841710732,2.7000931404090522,-0.32829497613147396,0.106048725964173,0.3094333685136265,0.4610585935302961,-0.7893535696617701,0.13276361739882214,8.15703060652595e-12,False,False,1.3973312357338727
21.399749999999997,19.498766666666665,15,2.4362780282463063,1.9353400976397097,2.5476224372984655,-0.11134440905698284,0.1691676992543151,0.44520741231658545,0.6999271784062651,-0.8112715874632479,0.5885827693492822,-4.82369699739138e-12,False,False,2.0076827982338727
21.534783333333333,19.634833333333333,15,2.4391805281629786,1.8411249440796382,2.4236004943666334,0.015580033805235871,0.11919609636057751,0.48304175320975196,0.6327375586673863,-0.6171575248621505,0.6483175924726222,8.890665981198254e-12,False,False,1.07780930246372
21.66955,19.771466666666665,15,2.493227270719217,1.6971798582162592,2.234115591464225,0.2591116792655157,0.13124287995108253,0.4525532899856086,0.5937012207106778,-0.33458954144516206,0.8528128999761935,1.0523582005816934e-11,False,False,1.7862882466506562
21.805400000000002,19.908383333333333,15,2.433581959543517,1.5836448616137204,2.084661598795966,0.3489203607550735,0.14472943249146525,0.2856928555989579,0.43275867190622114,-0.08383831115114765,0.7816790326612946,7.52242712565021e-12,False,False,1.0457065927839722
21.9402,20.0453,15,2.542645315610571,1.4695184403499297,1.934429072815234,0.6082162427937874,0.2706417456739197,0.2382392661307328,0.23328648457814538,0.374929758215642,0.8415027273719328,-1.5494272531668685e-12,False,False,1.976408663780603
22.0747,20.18113333333333,15,2.747326559830981,1.5289112218597438,2.0126119115692607,0.734714648247973,0.27509665747044715,0.2758071900234723,0.2506367676630783,0.48407788058489465,0.9853514159110512,-1.3747225580118538e-11,False,False,2.0545599180841236
22.20948333333333,20.316716666666665,15,2.8027029206241423,1.6227961602126015,2.1361991693147213,0.6665037513030256,0.18719541831552636,0.17286842121309015,0.2171326215339879,0.4493711297690377,0.8836363728370136,-6.395328711050752e-12,False,False,1.8398821239898098
22.344533333333334,20.451233333333334,15,2.860301935175812,1.798737453926151,2.3678029003894867,0.4924990347808489,0.20701653261743483,0.18584824700048805,0.16046354023078122,0.33203549455006764,0.6529625750116301,-5.476508135870972e-12,False,False,1.5490724867631798
22.4801,20.5868,15,2.792554762916552,1.9338283309443796,2.5456323939165917,0.24692236899318232,0.2227079517575575,0.22678761863276026,0.4360074641239823,-0.18908509513079996,0.6829298331171646,-6.778133609941506e-12,False,False,0.7038728657134925
22.615599999999997,20.722383333333333,15,2.739447124025901,2.0304941167232755,2.672880274053909,0.06656684996323747,0.20246497554265241,0.25933951803877653,0.466111615390434,-0.3995447654271965,0.5326784653536715,-8.754330593774284e-12,False,False,1.1255410110097728
22.751166666666666,20.8585,15,2.762228779582074,2.136507354109199,2.812432853233357,-0.050204073670101934,0.16890979043417573,0.3602032526155131,0.5767337551546243,-0.6269378288247263,0.5265296814845224,-1.8818724356606253e-11,False,False,0.6734333279382554
22.886466666666667,20.993033333333337,15,2.72879172289322,2.253063474632654,2.965863760913181,-0.23707203802496224,0.20653188763257777,0.36232838638805004,0.6417234256329681,-0.8787954636579304,0.4046513876080059,-5.001332681331405e-12,False,False,0.43558915136236465
23.022666666666666,21.128083333333333,15,2.7655050514476898,2.389394630339666,3.145325919324303,-0.37982086787815206,0.20807614900580565,0.26004416471424524,0.3847125864484853,-0.7645334543266373,0.00489171857033327,-1.538769112130467e-12,False,False,1.302175886266923
23.15825,21.263666666666666,15,2.8751824410173867,2.4780982779957412,3.2620926846667038,-0.3869102436592584,0.2566801768035164,0.14450586947877905,0.347996270604877,-0.7349065142641353,-0.038913973054381434,-9.941381051703502e-12,False,False,1.4052407567869523
23.293533333333336,21.399749999999997,15,2.8961632237442245,2.4739012720092433,3.256567874513843,-0.36040465077712724,0.2334525199421102,0.15663964205941114,0.40638765209103395,-0.7667923028681611,0.0459830013139067,-7.508660360144859e-12,False,False,1.4570093600414111
23.42751666666667,21.534783333333333,15,2.947538922595413,2.3555204635777045,3.1007350035504757,-0.1531960809534212,0.23297076022057145,0.26092285261365,0.4760614647865114,-0.6292575457399325,0.3228653838330902,1.6413537196058314e-12,False,False,1.7471204893154209
23.5634,21.66955,15,2.7967312695436704,2.258727995907975,2.973320363251531,-0.17658909370948095,0.23180656516573195,0.346228089106043,0.464721207551843,-0.6413103012613239,0.28813211384236204,-1.6204815267428785e-12,False,False,1.5237585534705431
23.69816666666667,21.805400000000002,15,2.7169460189979873,2.205935245619912,2.903825603480578,-0.18687958449118014,0.2853776743402004,0.29803199427697713,0.45337163858330226,-0.6402512230744823,0.2664920540921221,-8.589573496919911e-12,False,False,0.8493436817734619
23.83295,21.9402,15,2.5652975502416666,2.2263009867237997,2.9306344413958114,-0.365336891158222,0.2542981589306921,0.2826804139921698,0.4976684981622895,-0.8630053893205114,0.1323316070040675,-4.077183035633425e-12,False,False,0.6505331014413969
23.96825,22.0747,15,2.5718926610024937,2.160576488764491,2.844116725008124,-0.27222406401415356,0.24169554775977933,0.2722256884411053,0.47325629013600756,-0.7454803541501611,0.201032226121854,-8.523404204652252e-12,False,False,1.0018735240373644
24.1033,22.20948333333333,15,2.584623165686935,2.1039364239804854,2.769557478253637,-0.18493431256683834,0.24082708560138416,0.2501256909657247,0.40485478757712284,-0.5897891001439612,0.2199204750102845,-1.3633538742396922e-13,False,False,0.7414453762103221
24.23755,22.344533333333334,15,2.623918326378771,1.9484947712771827,2.5649388468303287,0.05897947954144911,0.26458790225815493,0.15451604691909868,0.3538796904794765,-0.2949002109380274,0.4128591700209256,-6.993072787508936e-12,False,False,1.6471237557198037
24.373116666666665,22.4801,15,2.65413058226477,1.9488325726451876,2.5653835182064495,0.08874706405003963,0.30497679475180084,0.14095180808194216,0.2989197111523352,-0.21017264710229555,0.3876667752023748,-8.280931496074118e-12,False,False,0.7913246355528827
24.508166666666668,22.615599999999997,15,2.6357820761004405,1.8911509476893116,2.4894531935381172,0.14632888256346632,0.2700349681216949,0.12966811703151884,0.3369906266181058,-0.19066174405463948,0.4833195091815721,1.1430856261540612e-12,False,False,1.8010125575601705
24.643483333333332,22.751166666666666,15,2.5953559686131484,1.8656187783963105,2.4558434277697745,0.13951254084349785,0.26551930397266,0.1501729672086096,0.37747346778079255,-0.2379609269372947,0.5169860086242903,1.2390088954816747e-13,False,False,1.1267658094948274
24.779183333333332,22.886466666666667,15,2.524184695954318,1.8719062070304062,2.4641200062795,0.060064689673708926,0.26316336166334625,0.15397096903283972,0.3514606310193221,-0.2913959413456132,0.41152532069303105,-1.1093348462054564e-12,False,False,1.2520263771075406
24.914466666666666,23.022666666666666,15,2.47306110849604,1.9016426269081421,2.5032641187679663,-0.03020301026845118,0.28268763707487554,0.15381680090376304,0.2770175352844621,-0.3072205455529133,0.24681452501601092,3.47499806707674e-12,False,False,1.5483498929752386
25.049783333333334,23.15825,15,2.547331265053799,1.9301887665205868,2.540841382765964,0.0064898822874965845,0.26956840363379503,0.13918463541325898,0.327469374855988,-0.3209794925684914,0.33395925714348457,-3.383959779057477e-13,False,False,1.402058450759796
25.184316666666668,23.293533333333336,15,2.5848510177711432,2.033776209966163,2.6772007210890756,-0.0923497033163585,0.19899096256003612,0.15238552404178152,0.3646091429977052,-0.4569588463140637,0.2722594396813467,1.573852159708622e-12,False,False,0.5664556085175718
25.318833333333334,23.42751666666667,15,2.589469096150424,2.041071932810155,2.68680458721903,-0.09733549107477302,0.1937197611357988,0.17311620720358567,0.3837695316452806,-0.4811050227200536,0.2864340405705076,-6.1670668571878196e-12,False,False,0.8945195733613218
25.45361666666667,23.5634,15,2.6839308032976987,1.9951544204013771,2.626360180047288,0.05757062325574225,0.15320783228760715,0.144499201724679,0.29255498888636555,-0.2349843656306233,0.3501256121421078,5.331735053459852e-12,False,False,1.346705296782602
25.588183333333333,23.69816666666667,15,2.5864801212264865,1.9457562715106178,2.561333969600561,0.025146151617263968,0.21830802478818195,0.11950186787951257,0.36868905168456106,-0.3435429000672971,0.39383520330182503,-8.661515948915621e-12,False,False,0.5319391920420458
25.72375,23.83295,15,2.491411799328489,1.951697893509845,2.5691553388460173,-0.07774353950298973,0.24751181679285986,0.10996227239533597,0.3735241115982947,-0.4512676511012844,0.29578057209530495,1.453859255207135e-11,False,False,0.7806290317312232
25.8596,23.96825,15,2.414417178111762,1.9786323651387647,2.6046110524657067,-0.19019387435764656,0.2317608346708576,0.07466768966969978,0.28410219733501896,-0.4742960716926655,0.0939083229773724,-3.701927653310122e-12,False,False,0.9465603540520533
25.994366666666668,24.1033,15,2.3381122293249064,1.9440873883795575,2.559137102954175,-0.22102487362280954,0.1845938345593257,0.10025701811812844,0.24522426452661827,-0.4662491381494278,0.024199390903808737,6.459277557269161e-12,False,False,1.0281800623706658
26.129133333333336,24.23755,15,2.189347061812441,1.8915262003029056,2.489947164587037,-0.3006001027779348,0.1216166346532191,0.17981152178712848,0.20606663484389032,-0.5066667376218251,-0.09453346793404449,-3.339106768862621e-12,False,False,1.0663270350269158
26.264183333333335,24.373116666666665,15,2.2009115553119045,1.8173437026707688,2.392295596445108,-0.19138404113891738,0.1422447332635834,0.1881437596426867,0.24437848795822895,-0.4357625290971463,0.052994446819311564,-5.714095863140756e-12,False,False,1.0976471749381744
26.400616666666668,24.508166666666668,15,2.128369672176632,1.7909375834024104,2.357535389692768,-0.22916571751920856,0.08498859257607197,0.2108143575811414,0.29135452720207444,-0.520520244721283,0.062188809682865887,-3.072209153742733e-12,False,False,1.2027374780955142
26.53595,24.643483333333332,15,2.226985502282332,1.7322539860797406,2.280286099284869,-0.05330059701100254,0.11254363381728404,0.19169043459928822,0.2641193993852757,-0.3174199963962782,0.21081880237427314,-8.465672607371744e-12,False,False,1.2613849410045077
26.670433333333335,24.779183333333332,15,2.2190345623494068,1.7146357197307225,2.25709395299916,-0.038059390642956714,0.1096565410925464,0.19633910451280773,0.28700778329837656,-0.3250671739413333,0.24894839265541985,6.796341267545358e-12,False,False,1.0877661757913302
26.804933333333334,24.914466666666666,15,2.1384936945032678,1.6776746406576422,2.2084395203915883,-0.06994582589049969,0.11696651382687392,0.14987537547394278,0.2841592811533569,-0.3541051070438566,0.21421345526285723,-2.1791457527342573e-12,False,False,0.6844049644932966
26.93998333333333,25.049783333333334,15,2.272554960094567,1.6182655833181343,2.130235256633778,0.14231970347100287,0.13039115779779098,0.11381098026601252,0.2095801703425355,-0.06726046687153264,0.3518998738135384,1.021405182655144e-11,False,False,1.5846735191807966
27.075566666666667,25.184316666666668,15,2.245323861425277,1.5209446131266304,2.002124911799861,0.24319894962809485,0.12211208617481505,0.0896384800783779,0.1384553138150353,0.10474363581305954,0.38165426344313014,2.6791902030254278e-12,False,False,1.1555961298799957
27.210883333333335,25.318833333333334,15,2.1755655358538206,1.6387690443552856,2.157225384851669,0.018340151000302285,0.14382366873143176,0.13777261249235764,0.2742769462529747,-0.25593679525267243,0.292617097253277,-1.8491874698156607e-12,False,False,0.3134446537660551
27.346466666666668,25.45361666666667,15,2.2569029197074997,1.663519430119777,2.18980603472417,0.06709688498176547,0.19869229940053412,0.1705032403690904,0.2303250873405221,-0.16322820235875662,0.29742197232228756,-1.5640821970919205e-12,False,False,1.3815598881410551
27.4815,25.588183333333333,15,2.3978729427944927,1.65255586159401,2.1753739288616565,0.2224990139311558,0.15767601410833917,0.16246092047605004,0.2407313259812153,-0.018232312050059513,0.46323033991237106,-1.680433570072637e-12,False,False,1.5112595951723051
27.617866666666664,25.72375,15,2.310210906813154,1.6427285180761828,2.162437514804205,0.14777339201009454,0.12088323239196194,0.14464577584205496,0.17074264587965218,-0.022969253869557643,0.3185160378897467,1.1457501614131615e-12,False,False,1.2217308771432727
27.753183333333332,25.8596,15,2.251503093051724,1.7545270093723957,2.3096056250653985,-0.058102532026168774,0.15652038382186004,0.12317119051762056,0.24268974695363624,-0.300792278979805,0.18458721492746746,-1.2494449919131512e-11,False,False,0.3271443247285788
27.888233333333336,25.994366666666668,15,2.2773109297195333,1.8247658893706102,2.402065935722114,-0.1247550060170397,0.12668342992353504,0.1187804878807415,0.22911567583056336,-0.35387068184760306,0.10436066981352365,-1.4459100583508189e-11,False,False,0.8246080659082509
28.02355,26.129133333333336,15,2.249714159646828,1.9297907331565511,2.540317423834794,-0.2906032641985803,0.15486389717303597,0.17402645655284193,0.3302280347015683,-0.6208312989001485,0.039624770502988016,-1.0614620293836197e-11,False,False,0.17721630488085793
28.159666666666666,26.264183333333335,15,2.237787926889723,1.920405747161567,2.527963315673798,-0.2901753887781524,0.10582084456260298,0.1459910599515105,0.2326445123891561,-0.5228199011673085,-0.057530876388996316,5.922373702560435e-12,False,False,0.9112753383451491
28.294466666666665,26.400616666666668,15,2.172437927172723,1.8816476960419095,2.476943404094008,-0.3045054769208946,0.08904584758437742,0.14130593602755612,0.19542062259208026,-0.49992609951297484,-0.10908485432881432,3.9035441545820504e-13,False,False,0.7739462367826491
28.429783333333333,26.53595,15,2.1310134627456137,1.8004296025064832,2.3700303929608206,-0.23901693021525716,0.11003294511349053,0.20034121463645013,0.23010117195935936,-0.4691181021746165,-0.008915758255897799,-5.0182080713057076e-14,False,False,1.039337886912108
28.565616666666664,26.670433333333335,15,2.1706246024987195,1.6942901304282714,2.2303116422982145,-0.059687039803066,0.11043771442947997,0.2856656561701762,0.37079235248103304,-0.43047939228409904,0.31110531267796704,-3.5709213364043535e-12,False,False,1.565766109568358
28.700666666666667,26.804933333333334,15,2.0727368335574283,1.592562844271015,2.0964009580645877,-0.023664124507376982,0.19980097560311771,0.3219079626783208,0.33061109552812784,-0.3542752200355048,0.30694697102075086,-2.1760371282653068e-13,False,False,1.0320127047234564
28.835716666666666,26.93998333333333,15,1.9164251089969184,1.544524115164677,2.0331642461916375,-0.11673913719459961,0.24602038229198223,0.3171619239084401,0.3139844307347803,-0.4307235679293799,0.19724529354018067,1.1945999744966684e-13,False,False,0.7854843863970018
28.970233333333333,27.075566666666667,15,1.9084304546449857,1.4314384141362098,1.8843016924580027,0.02412876218204474,0.3141955066296989,0.2820974720187999,0.24895073590005712,-0.22482197371801238,0.27307949808210186,-4.938272013532696e-12,False,False,1.0384192284036544
29.10555,27.210883333333335,15,1.7545453022212314,1.289372059629386,1.697289893979697,0.0572554082455099,0.23335629481357095,0.24153588656530003,0.3104629974143513,-0.2532075891688414,0.3677184056598612,3.9754866065777605e-12,False,False,0.8668258958132355
29.240850000000002,27.346466666666668,15,1.5723511242031236,1.254716074468888,1.651669816408192,-0.07931869220738008,0.20552128534977784,0.30641130592386734,0.3711693255318012,-0.4504880177391813,0.2918506333244211,-2.311706381874501e-12,False,False,0.8700161509259488
29.37615,27.4815,15,1.6001186424873595,1.2910982776484161,1.699562234516801,-0.09944359203200293,0.21615115915687017,0.3240384583861535,0.3732935608142242,-0.47273715284622714,0.2738499687822213,-2.561284517810236e-12,False,False,0.35842640826740535
29.511466666666667,27.617866666666664,15,1.6662681065390643,1.290759254428849,1.6991159547327015,-0.03284784820880304,0.2475059736238347,0.3214905158704339,0.33804149461783634,-0.3708893428266394,0.3051936464090333,-1.5165868560984563e-11,False,False,0.5329578105374821
29.646250000000002,27.753183333333332,15,1.5967967910364678,1.222298204946128,1.6089959257228699,-0.012199134676848189,0.18103805232659717,0.31315838676571195,0.4096481978967926,-0.42184733257364077,0.3974490632199444,9.553913216109322e-12,False,False,0.4758894577171304
29.781833333333335,27.888233333333336,15,1.5501469699011068,1.2457826035642938,1.639910068885132,-0.08976309900299384,0.1501498467772266,0.2940718613603235,0.3501106837932061,-0.43987378279619993,0.26034758479021225,-1.896860446493065e-11,False,False,0.8610217753812321
29.9169,28.02355,15,1.5794104549531767,1.2411479590518866,1.6338091647788662,-0.05439870982809225,0.15710013565543815,0.29353820034706773,0.38547612295763606,-0.4398748327857283,0.3310774131295438,-2.4027446698937638e-12,False,False,0.9794294967796304
30.051933333333334,28.159666666666666,15,1.4831098906615807,1.3502968502580188,1.7774894226219806,-0.2943795319597484,0.16512626128889865,0.20479938455724064,0.22312115025465531,-0.5175006822144037,-0.0712583817050931,6.514788708500419e-13,False,False,0.2532200083878706
30.18723333333333,28.294466666666665,15,1.609467951078841,1.4424859318387462,1.8988443064459826,-0.2893763553702229,0.15772026702715225,0.14169846721470325,0.19630037617127769,-0.4856767315415006,-0.0930759791989452,-3.0813129825446595e-12,False,False,0.7489625292873825
30.321483333333333,28.429783333333333,15,1.5654980942817929,1.528398852708051,2.0119374445086007,-0.44643935023577797,0.16784271489348238,0.11632182979808094,0.19274874776147544,-0.6391880979972534,-0.25369060247430253,-8.970157949761415e-12,False,False,0.006911840588145424
30.45705,28.565616666666664,15,1.5622463407416944,1.54864292939601,2.0385861271125183,-0.47633978637259133,0.17384064768230517,0.07396068710880271,0.19021223438338938,-0.6665520207559807,-0.2861275519892019,-1.7674750552032492e-12,False,False,0.2815700437131454
30.591316666666668,28.700666666666667,15,1.6545869535475504,1.4942283375457919,1.9669564247759002,-0.31236947122852143,0.10226315427897352,0.11891319966929906,0.1434111146982828,-0.45578058592680426,-0.16895835653023863,-1.716404796070492e-13,False,False,0.6198712469558814
30.72693333333333,28.835716666666666,15,1.5878798646081123,1.3995905811243574,1.8423781803790242,-0.2544983157713432,0.15632431400050437,0.2129166971010869,0.1652278937478756,-0.4197262095192188,-0.08927042202346758,-4.312106227644108e-13,False,False,0.5206891180496314
30.8625,28.970233333333333,15,1.422595298012311,1.2990589129221917,1.7100413710072577,-0.2874460729881321,0.3004691100364323,0.3080245236482223,0.16425750196322098,-0.45170357495135305,-0.1231885710249111,6.814548925149211e-12,False,False,0.23840152039338136
30.998066666666666,29.10555,15,1.3505386101242038,1.2030959992880526,1.583718730236767,-0.23318012012077816,0.32186507461583963,0.2858160041783006,0.1235229261625484,-0.35670304628332655,-0.10965719395822976,-8.214984248411383e-12,False,False,0.3424370763314073
31.132316666666668,29.240850000000002,15,1.1917873135171249,1.0870694664554321,1.4309849555752348,-0.23919764205766114,0.35752656320298365,0.23821502336733713,0.14198584234219058,-0.3811834843998517,-0.09721179971547056,4.4875214655348827e-13,False,False,0.1135552403939073
31.2669,29.37615,15,1.050987018566957,0.9165091685972584,1.2064646026585946,-0.1554775840977527,0.2433113161594431,0.15157288635263616,0.17605308914733986,-0.33153067324509256,0.02057550504958716,-6.115108419635362e-12,False,False,0.4873955724251573
31.402449999999998,29.511466666666667,15,0.9255426278105006,0.8974885949610325,1.1814265020038135,-0.25588387419702485,0.1809614237438476,0.15619362865245578,0.1341418561190174,-0.39002573031604226,-0.12174201807800744,-3.711919660531748e-12,False,False,0.022416793632146437
31.537483333333334,29.646250000000002,15,0.78312894307237,0.8790423664213449,1.1571444516455556,-0.37401550857794064,0.2750464744956098,0.1898350073307658,0.18441238580994232,-0.558427894387883,-0.18960312276799832,-4.7550852144695455e-12,False,False,-0.32090596027410356
31.67255,29.781833333333335,15,0.6441512177188997,0.8338099178363336,1.097601841512245,-0.45345062379783485,0.29228797151563346,0.2391808031977313,0.19133830831928617,-0.644788932117121,-0.2621123154785487,-4.489519866979208e-12,False,False,-0.16831806964910356
31.80785,29.9169,15,0.4142954625203856,0.7283401339664124,0.9587646478987158,-0.5444691853781478,0.4356701752581595,0.22359329985625395,0.2882899479549798,-0.8327591333331277,-0.256179237423168,1.8240964294591322e-13,False,False,-0.7634108430866036
31.942633333333333,30.051933333333334,15,0.22568748150297324,0.5961088185285917,0.7846993936657634,-0.5590119121761745,0.48719812926913264,0.14267529852290906,0.34817603468327063,-0.9071879468594451,-0.2108358774929039,-1.3384404695671037e-11,False,False,-0.7176344758991036
32.077416666666664,30.18723333333333,15,-0.07765571092750179,0.5011295338335913,0.6596715719084176,-0.7373272828408517,0.42265600749770565,0.10007207650554292,0.34726594602642136,-1.084593228867273,-0.39006133681443034,-4.9322768091997204e-12,False,False,-1.0149867255313438
32.21191666666667,30.321483333333333,15,-0.23775071627096622,0.42323532297086786,0.5571340181360598,-0.7948847344096066,0.47309941792664123,0.1211245066449034,0.40297569260141813,-1.1978604270110247,-0.3919090418081885,-2.580602398438714e-12,False,False,-1.1101179891920765
32.34748333333333,30.45705,15,-0.5915442933983286,0.31625910055663553,0.41631379495549015,-1.0078580883573522,0.5507200290529525,0.25092628531083977,0.26965933598713143,-1.2775174243444836,-0.7381987523702208,-3.5336178427769482e-12,False,False,-1.366269099766214
32.482800000000005,30.591316666666668,15,-0.9255011067980377,0.11888319982244866,0.15649420360528826,-1.0819953104028173,0.6518461118423271,0.44516826973912943,0.1638181798073921,-1.2458134902102094,-0.9181771305954252,5.087041898832467e-13,False,False,-1.12748025124165
32.61893333333333,30.72693333333333,15,-1.2477835634417715,-0.08733779236717965,-0.11496879526761279,-1.1328147681733753,0.7957715063100496,0.5447248392933577,0.16538706468161724,-1.2982018328549927,-0.9674277034917581,7.833733661755105e-13,False,False,-1.589404863632808
32.75395,30.8625,15,-1.7583667654180317,-0.48049195632484043,-0.6325048968744528,-1.1258618685524198,1.0232020224978657,0.7701429969404676,0.16759753891703014,-1.2934594074694499,-0.9582643296353897,-8.840927989695047e-12,False,False,-1.4803677490344853
32.889516666666665,30.998066666666666,15,-2.4977732530533103,-0.9218517834124214,-1.2134974571907524,-1.2842757958496804,1.2599809744020587,0.9035493190784086,0.16380419878751215,-1.4480799946371925,-1.1204715970621684,1.287747686262719e-11,False,False,-2.3377980061995913
33.02483333333333,31.132316666666668,15,-3.357129057738348,-1.8916844847481116,-2.4901555253834537,-0.8669735323610439,1.6852081297192378,1.7075178578874792,0.6461587662389526,-1.5131322985999964,-0.22081476612209128,-6.149747378003667e-12,False,False,0.2839037825106061
33.1599,31.2669,15,-4.430478804915765,-2.8196782936283853,-3.711738156808669,-0.7187406481061771,2.05668403318218,2.0980983552722505,0.7352002905082158,-1.4539409386143929,0.016459642402038677,9.188205751797796e-13,False,False,-0.9137690487332293
33.295716666666664,31.402449999999998,15,-5.565463639955851,-3.7583865992673964,-4.947425023649774,-0.6180386163132425,2.431896905542036,2.1868942422447435,0.5425605839596409,-1.1605992002728835,-0.07547803235360162,-7.16493531172091e-12,False,False,-1.743813934524951
33.4305,31.537483333333334,15,-6.825268571021297,-4.613995832489309,-6.073722816360352,-0.7515457546569451,2.7460439004818387,2.118101985648593,0.5358131741183951,-1.2873589287753402,-0.21573258053854993,4.000355602329364e-12,False,False,-2.7977191056052106
33.56581666666667,31.67255,15,-8.310496546695504,-5.97857610225401,-7.870014495010071,-0.4404820516865584,3.0158737349954623,2.4636765032914574,0.4267203544924226,-0.867202406178981,-0.01376169719413578,-1.1262102361797588e-12,False,False,-0.40339808309363434
33.701033333333335,31.80785,15,-9.836593078638543,-7.512212599856866,-9.888846614862237,0.052253536217904184,3.2591118650062563,2.916437407782491,0.7411481468794298,-0.6888946106615256,0.7934016830973339,-5.789146939605416e-12,False,False,0.39504051482799696
33.83635,31.942633333333333,15,-11.69649687772835,-8.916764222482016,-11.73775535834756,0.04125848061448778,3.5175585260137465,3.003584440068381,0.5496304605128135,-0.5083719798983257,0.5908889411273013,-4.721556479125866e-12,False,False,-1.5704772234676057
33.97085,32.077416666666664,15,-13.687314953847817,-10.155208577445592,-13.368005581498878,-0.3193093723502898,3.8375784804277653,2.753939858367627,0.7756059513678072,-1.094915323718097,0.4562965790175174,-1.3500311979441904e-12,False,False,-3.6325692468017223
34.10561666666667,32.21191666666667,15,-15.826134889379318,-11.979804251735914,-15.769847451301912,-0.05628743807119463,4.098619588746971,3.0467056166241604,0.52485959961016,-0.5811470376813547,0.4685721615389654,6.211919867382676e-12,False,False,-0.3303122187135159
34.240649999999995,32.34748333333333,15,-17.954516065768985,-13.809650158596924,-18.178600566479563,0.2240845007054304,4.208690582902083,3.333730266227749,0.5832339374361553,-0.35914943673072486,0.8073184381415857,-5.147882120581926e-12,False,False,-0.031220684431900736
34.37566666666667,32.482800000000005,15,-20.317822145098035,-15.341275015671272,-20.194784624343832,-0.1230375207542238,4.284007999799763,3.092157150389775,0.5556867311578619,-0.6787242519120857,0.43264921040363813,-2.1316282072803006e-14,False,False,-2.9813446048719925
34.5115,32.61893333333333,15,-22.6596215147365,-17.31836359916997,-22.79736348993483,0.1377419752016067,4.3720779461955805,3.3360359971146183,0.5547399034188459,-0.41699792821723924,0.6924818786204526,3.275602011854062e-12,False,False,-0.19616518461407395
34.646033333333335,32.75395,15,-25.019168407146935,-19.14370208208129,-25.200183170259013,0.18101476310494036,4.57955777523421,3.6216526656238126,0.5309668830736831,-0.34995211996874276,0.7119816461786235,-7.137401780710206e-12,False,False,-0.710863048218016
34.7824,32.889516666666665,15,-27.401186658284132,-20.537233228231344,-27.03458489600006,-0.36660176228451746,4.700197245371989,3.344181082732469,0.8530843607838791,-1.2196861230683966,0.4864825984993616,-4.440892098500626e-13,False,False,-3.901465002571058
34.918,33.02483333333333,15,-29.834330120174855,-22.139928708056686,-29.14432414520978,-0.6900059749686989,4.778769719927645,3.5287199304821533,0.7937991137339053,-1.4838050887026042,0.10379313876520646,-3.623767952376511e-12,False,False,-2.0578073029682855
35.053850000000004,33.1599,15,-32.12180493874621,-24.22235007225754,-31.8855598576398,-0.23624508109696762,4.516824057549805,3.2311881383712455,0.6349962379607317,-0.8712413190576993,0.39875115686376406,9.439560244572931e-12,False,False,-0.8153246961373952
35.189433333333334,33.295716666666664,15,-34.281823717850784,-26.115591754132765,-34.377765229634285,0.0959415117822573,4.065262346069108,3.1390518821013265,0.8042493682301805,-0.7083078564479232,0.9001908800124377,-1.2434497875801753e-12,False,False,-0.25995993309334153
35.32526666666667,33.4305,15,-36.16406922488386,-27.70846194081605,-36.47457076383843,0.31050153894921095,3.4682256181328266,3.0870540136522515,1.014079789967723,-0.703578251018512,1.324581328916934,-5.357492227631155e-12,False,False,0.14661561913817422
35.459783333333334,33.56581666666667,15,-37.877145043195924,-28.455061076761922,-37.45737100278508,-0.41977404040881083,2.941934500506376,2.680188870603615,0.9851642400571579,-1.4049382804659687,0.565390199648347,2.0321522242738865e-12,False,False,-3.4908462956300355
35.59403333333333,33.701033333333335,15,-39.32491630447839,-29.950576857478154,-39.4260221783243,0.10110587384224345,2.4080516906209333,2.2135537498519304,0.8403121841409498,-0.7392063102987063,0.9414180579831932,-3.666400516522117e-12,False,False,0.44857127655268414
35.72933333333334,33.83635,15,-40.27796743419458,-31.404769055236102,-41.34027625473739,1.0623088205338718,1.8801596169901003,1.7730970830193569,1.072829061697269,-0.010520241163397337,2.135137882231141,-8.93862761586206e-12,False,False,2.0444197386168526
35.86566666666667,33.97085,15,-40.96767522994196,-31.893096397870977,-41.98309541420201,1.0154201842678958,1.2754412445235026,1.22471114722592,0.9849512646754889,0.03046891959240694,2.0003714489433846,7.844391802791506e-12,False,False,-0.9332256419220357
36.0015,34.10561666666667,15,-41.361716552622966,-31.978717387264624,-42.095804262610095,0.7340877099877616,0.7618463724245605,1.2435201249839165,1.094692102639706,-0.36060439265194444,1.8287798126274677,6.323830348264892e-13,False,False,0.2412849006432225
36.1376,34.240649999999995,15,-41.370604104766244,-32.361892511162296,-42.60020426147688,1.229600156718334,0.8063585430743647,0.8554369096559782,0.9876255093217826,0.24197464739655128,2.2172256660401164,7.695177828281885e-12,False,False,1.2305224316587555
36.27265,34.37566666666667,15,-40.87115838635509,-32.032045154577645,-42.16600330240851,1.294844916051261,1.3494110504983452,1.4247420456923625,0.8312536097351139,0.4635913063161471,2.1260985257863747,-2.1600499167107046e-12,False,False,-1.2190055408500484
36.40743333333333,34.5115,15,-40.06483638091595,-31.426588902064395,-41.36899923289816,1.3041628519895312,1.9882867474125037,1.593927977112673,0.9186529169286893,0.38550993506084186,2.2228157689182204,7.318590178329032e-12,False,False,1.6782791309306049
36.54246666666666,34.646033333333335,15,-38.94573110381316,-30.765773692834046,-40.49912232806036,1.5533912242390215,2.4705009147907155,2.1691954388647225,0.682782904523605,0.8706083197154165,2.2361741287626264,-8.178346888598753e-12,False,False,0.4593352825686452
36.677233333333334,34.7824,15,-37.63190197482254,-29.655960334184783,-39.03819800930283,1.4062960344817839,2.878302255063032,2.9821142541421417,1.215970674355344,0.19032536012643986,2.622266708837128,1.4921397450962104e-12,False,False,-1.01143663367111
36.81306666666667,34.918,15,-35.993205403301545,-28.267336407232506,-37.21025599663663,1.2170505933454479,3.330706765281578,2.626917090240563,0.6076056889260403,0.6094449044194076,1.824656282271488,1.035971308738226e-11,False,False,2.3718516700391774
36.94838333333333,35.053850000000004,15,-34.22588387414362,-26.773062830041454,-35.24324001977711,1.017356145622216,3.8308964333279083,2.8599782288631155,0.5860072464753703,0.4313488991468457,1.6033633920975863,-1.127631321651279e-11,False,False,1.1037410408389405
37.083666666666666,35.189433333333334,15,-32.1834664859598,-25.111030299798585,-33.05539129451656,0.8719248085553772,4.145004779676662,3.297037938052295,0.6385605543612922,0.23336425419408502,1.5104853629166695,-1.3855583347321954e-12,False,False,0.42925415024365066
37.21843333333334,35.32526666666667,15,-30.088291148174903,-23.359931404807867,-30.750298334241727,0.6620071860706958,4.252290915344033,3.751196538841615,0.939749617182828,-0.27774243111213226,1.6017568032535237,3.872457909892546e-12,False,False,-0.37754029125062516
37.35346666666667,35.459783333333334,15,-27.836832843604498,-21.48995090553217,-28.28871327067827,0.45188042707104614,4.190168034454902,4.082472003248761,1.415623029096276,-0.9637426020252298,1.867503456167322,-2.7249313916399842e-12,False,False,-0.859823283732112
37.48905,35.59403333333333,15,-25.67769900811254,-19.475524376830435,-25.636983877447257,-0.04071513066810439,4.148652096008843,3.1450627144253365,0.627174413471306,-0.6678895441394104,0.5864592828032016,-2.8208546609675977e-12,False,False,1.6260184382626903
37.62381666666667,35.72933333333334,15,-23.495136528748844,-17.9875948874178,-23.678319063459938,0.1831825347026097,4.155460516727352,2.892195791009268,0.8347115147698845,-0.6515289800672748,1.0178940494724942,-8.483880264975596e-12,False,False,1.7327519213358755
37.758833333333335,35.86566666666667,15,-21.31090994335318,-16.608611513242067,-21.863067579239587,0.5521576358887614,3.980398866103682,3.044516206768155,0.6013180570423384,-0.049160421153576994,1.1534756929310999,2.355449169044732e-12,False,False,0.8714649359826581
37.893633333333334,36.0015,15,-19.29002927041438,-14.772234349627979,-19.445716917683296,0.1556876472732256,3.7158793442696125,2.8166559220757925,0.5133129891637408,-0.3576253418905152,0.6690006364369664,4.309441692385008e-12,False,False,-0.027969022012257483
38.02838333333333,36.1376,15,-17.358443013203214,-13.17231631892355,-17.33963381744063,-0.018809195764333708,3.5621697278043962,2.9112550701333832,0.636157279870485,-0.6549664756348187,0.6173480841061513,-1.751487843648647e-12,False,False,-0.04095019300439162
38.16293333333333,36.27265,15,-15.5617765852694,-11.793345872305508,-15.524399350661337,-0.03737723459926201,3.3500448782776417,3.0799479914886176,0.8511004226384975,-0.8884776572377595,0.8137231880392355,8.80007178238884e-12,False,False,-0.3693443836455117
38.29783333333333,36.40743333333333,15,-13.835257792390621,-10.166711578051036,-13.383147779231683,-0.45211001315692556,3.0942899937923265,2.538602950149966,0.5264502925337207,-0.9785603056906462,0.0743402793767951,2.0126122990404838e-12,False,False,0.062178747342841234
38.432066666666664,36.54246666666666,15,-12.155451918744802,-8.982381618014188,-11.824132088380034,-0.3313198303549143,2.842137287350512,2.456700901608642,0.5951328148807076,-0.9264526452356219,0.26381298452579327,9.85345138815319e-12,False,False,-0.17308359882008517
38.567366666666665,36.677233333333334,15,-10.694291608961066,-7.955149705961958,-10.4719154569751,-0.22237615198355343,2.6101141160563035,1.9960369994969738,0.6369737499490723,-0.8593499019326257,0.41459759796551887,2.41229258790554e-12,False,False,0.8925979367559194
38.70218333333333,36.81306666666667,15,-9.439307551434467,-6.822713153585937,-8.981210658801091,-0.4580968926275091,2.4151688482021245,1.3952843886562774,0.8889394068832022,-1.3470362995107112,0.4308425142556931,5.867306640539027e-12,False,False,0.7775485941019724
38.8373,36.94838333333333,15,-8.226701636202051,-6.3124428696792165,-8.309506483419804,0.0828048472176306,2.178891338499691,1.4694122437117771,0.6442358429109272,-0.5614309956932966,0.7270406901285578,-1.2256862191861728e-13,False,False,1.3521148638174054
38.97266666666667,37.083666666666666,15,-7.098324141858029,-5.681542139300291,-7.479008082450612,0.38068394060428545,1.9382726973934097,1.4610723102006566,0.6305714728665622,-0.24988753226227678,1.0112554134708476,1.170263885796885e-11,False,False,1.3445695311020245
39.10851666666667,37.21843333333334,15,-6.065953658795479,-4.980608703885082,-6.556320773230754,0.49036711444568937,1.690060057110506,1.3487822351102356,0.7117163319862618,-0.22134921754057246,1.2020834464319512,1.0414780149403668e-11,False,False,1.135579760732071
39.24381666666667,37.35346666666667,15,-5.161145728383417,-4.266557029543037,-5.616365016016351,0.45521928762354946,1.5813872803962328,1.042671173428994,0.759087920823087,-0.3038686331995375,1.2143072084466364,-9.384493182551523e-12,False,False,1.3771966036656522
39.37886666666667,37.48905,15,-4.38618348640739,-3.533093003748945,-4.650855433828098,0.26467194741871936,1.4108832567179777,0.5310984864610989,0.9613003953821896,-0.6966284479634702,1.225972342800909,-1.9886314817085804e-12,False,False,1.3401884400445851
39.514716666666665,37.62381666666667,15,-3.7705210844942485,-3.290192437762016,-4.331108567271934,0.5605874827851949,1.2269734782182529,0.5455582090875291,0.8194516095938653,-0.25886412680867044,1.3800390923790602,7.509548538564559e-12,False,False,1.4413699881333741
39.65125,37.758833333333335,15,-3.1787894537337706,-3.075199311144388,-4.048098199273046,0.8693087455312707,0.941753345648387,0.621783843656565,0.45626038191402857,0.4130483636172421,1.3255691274452992,-8.004263918337529e-12,False,False,1.3663249271121458
39.78628333333334,37.893633333333334,15,-2.5877851536279195,-2.8380442166453577,-3.7359144954360755,1.148129341803724,0.8158214268638376,0.6720937066939773,0.2522811003965984,0.8958482414071256,1.4004104422003223,-4.432010314303625e-12,False,False,2.137644309645111
39.92111666666666,38.02838333333333,15,-2.261090534091636,-2.5355024449236225,-3.3376577720837695,1.0765672379893658,0.701624179922912,0.7306899353039007,0.31807368460489355,0.7584935533844723,1.3946409225942593,-2.7675639557855902e-12,False,False,1.4509988018326112
40.05628333333333,38.16293333333333,15,-1.8495913718143129,-2.2543604653692455,-2.9675710798002015,1.1179797079876153,0.6235550497805274,0.7039182351867067,0.3468175852204484,0.7711621227671668,1.4647972932080637,1.7266188478970435e-12,False,False,2.2870159317026264
40.190783333333336,38.29783333333333,15,-1.6211093646670633,-1.936219608742249,-2.5487801987799825,0.9276708341121775,0.5059821452611082,0.6246852212324687,0.34653407705274664,0.5811367570594309,1.274204911164924,-7.416289804496046e-13,False,False,1.7376995254526264
40.326633333333334,38.432066666666664,15,-1.43720285001109,-1.6434115365591424,-2.1633366194186343,0.7261337694126269,0.38102857882596053,0.5728735112086678,0.4155796443169977,0.3105541250956292,1.1417134137296245,5.082601006733967e-12,False,False,1.4850688957885723
40.461666666666666,38.567366666666665,15,-1.157413991073554,-1.2106253492092947,-1.593630135896693,0.43621614483436133,0.2672057346808982,0.38659837656691476,0.2849519854585784,0.15126415937578291,0.7211681302929398,1.1222356377516007e-11,False,False,1.4774655147120939
40.596983333333334,38.70218333333333,15,-0.7778101201038226,-1.0258702934333996,-1.3504242383528782,0.5726141182540232,0.5123845628289794,0.3450255813088753,0.24905962180317578,0.32355449645084744,0.821673740057199,4.9675819013828004e-12,False,False,2.8049541496948223
40.73258333333333,38.8373,15,-0.43186328763113124,-0.835820980671997,-1.100249143042969,0.6683858554151811,0.7487457199177231,0.3150878645682748,0.41087667897068475,0.2575091764444964,1.079262534385866,3.3433256163561964e-12,False,False,2.989224440934777
40.86815,38.97266666666667,15,0.04897124545823317,-0.7218275208542764,-0.9501916434380752,0.9991628889065396,1.0323668114796742,0.34048423252216126,0.6538699285969377,0.3452929603096019,1.6530328175034774,1.023126028343313e-11,False,False,3.920010573747277
41.00265,39.10851666666667,15,0.6178121693519643,-0.6434666460045264,-0.8470397874841639,1.4648519568390839,1.2605797804818515,0.3244495371171772,0.9407341152076475,0.5241178416314364,2.4055860720467312,2.9558577807620168e-12,False,False,5.024997883017932
41.13848333333333,39.24381666666667,15,1.337404346497351,-0.5409630975991604,-0.7121072553991314,2.0495116019092166,1.5361735009273723,0.2742505842413212,1.3018249246402003,0.7476866772690163,3.351336526549417,1.2733814003240695e-11,False,False,6.433051479099959
41.2738,39.37886666666667,15,2.26794077984232,-0.43047681756070233,-0.5666664998529101,2.834607279695774,1.8228086287741392,0.20727880429496773,1.6756061944993499,1.1590010851964243,4.510213474195124,5.444533712761768e-13,False,False,7.997077358006209
41.40936666666666,39.514716666666665,15,3.4327984563351492,-0.3336448395275511,-0.4391998493215091,3.8719983056571436,2.288763537225914,0.14924381379404178,2.202914066035507,1.6690842396216365,6.074912371692651,4.853895063661184e-13,False,False,10.346930873631209
41.5444,39.65125,15,4.729155763769086,-0.30655107206257526,-0.40353444354146023,5.132690207315136,2.765442285992406,0.12379440423457364,2.750584057541148,2.3821061497739877,7.883274264856285,4.590106073010247e-12,False,False,12.727191892110568
41.679449999999996,39.78628333333334,15,6.2764820208831225,-0.24198688166870852,-0.31854412050003367,6.595026141384551,3.279319186988673,0.09155198371755972,3.302377203665582,3.292648937718969,9.897403345050133,1.3944401189291966e-12,False,False,15.527289760349959
41.814483333333335,39.92111666666666,15,8.150930221174349,-0.19949071514201933,-0.26260346827327435,8.413533689447831,3.6140651490047775,0.10767068111161912,3.62835197627987,4.785181713167962,12.041885665727701,2.078337502098293e-13,False,False,18.59807902827015
41.950066666666665,40.05628333333333,15,10.131667070589174,-0.1252792590894387,-0.16491378015348632,10.296580850752434,3.999784633475151,0.15238956432586662,3.9868860073442556,6.309694843408179,14.28346685809669,9.773515330380178e-12,False,False,22.081632149209327
42.08565,40.190783333333336,15,12.454804546181549,-0.10611844498998835,-0.13969107124759558,12.594495617415305,4.312983937733029,0.17663232808809337,4.171247982713697,8.423247634701607,16.765743600129003,-1.3839596135767351e-11,False,False,26.321938350120035
42.22211666666667,40.326633333333334,15,15.178352696097136,-0.08209635252205771,-0.10806912436766707,15.286421820453143,5.0875739197213345,0.2112713697050946,4.831365339251326,10.455056481201817,20.11778715970447,-1.1660006293823244e-11,False,False,32.51015386328072
42.35741666666667,40.461666666666666,15,18.194708542770968,-0.010259539991238853,-0.013505344259604573,18.208213887015518,6.001671693879366,0.2694931143845199,5.653885185464839,12.554328701550679,23.862099072480355,-1.5056400570756523e-11,False,False,38.45636425934936
42.49386666666667,40.596983333333334,15,21.90329046123952,1.0557094897121715,1.3897036425482765,20.513586818687145,7.2503849756046534,1.6049507590472225,5.532746521361224,14.980840297325921,26.04633334004837,-4.099831585335778e-12,False,False,40.42682743557816
42.62813333333334,40.73258333333333,15,26.483390481440438,2.5459746512824495,3.3514430638370403,23.131947417597985,8.731936315856814,3.0545707987647455,5.172765305202831,17.959182112395155,28.304712722800815,-5.4143356464919634e-12,False,False,46.155151718070556
42.76425,40.86815,15,31.938731183945492,5.121844183246139,6.742238833111627,25.196492350840344,10.629235568757155,5.205200992458016,4.45351548239422,20.742976868446124,29.650007833234564,6.480149750132114e-12,False,False,49.16367284362059
42.900816666666664,41.00265,15,38.14911416279574,8.711114889487362,11.467044874132615,26.68206928865311,12.426012566440019,7.568187467227998,3.4496702048859427,23.232399083767167,30.131739493539055,-1.0015099860538612e-11,False,False,51.601594502870284
43.035833333333336,41.13848333333333,15,44.80884233572942,13.45284867556984,17.70891802079689,27.09992431493265,13.797895916407109,10.137425705502931,2.635371621382214,24.464552693550438,29.735295936314863,1.1723955140041653e-13,False,False,51.321220096397155
43.17146666666667,41.2738,15,51.67324547056705,18.578666395293112,24.45638749564271,27.216857974924096,14.485439077389124,11.775360968969515,2.5531861557010793,24.663671819223016,29.770044130625177,-2.4868995751603507e-13,False,False,54.70705000797898
43.307300000000005,41.40936666666666,15,58.010056266248284,23.934818588437338,31.50706221761083,26.502994048636538,13.98811477529438,12.482812795994702,3.322838008497257,23.18015604013928,29.825832057133795,-9.166001291305292e-13,False,False,55.309898149404034
43.44291666666666,41.5444,15,63.28372463601045,28.98948833140821,38.16087467467261,25.122849961340762,12.133223098192751,12.096280339036479,4.469513441063531,20.653336520277232,29.592363402404292,2.9274360713316128e-12,False,False,55.76405318472098
43.57848333333333,41.679449999999996,15,66.79839146503218,33.46643125178889,44.05418523459759,22.74420623043534,9.426265204916463,10.89006768270225,6.043909460836769,16.70029676959857,28.788115691272107,7.460698725481052e-13,False,False,54.08936098183767
43.714333333333336,41.814483333333335,15,68.5876929753831,37.01413015033904,48.72426742105576,19.86342555432566,7.161818206949111,8.950839681326583,7.225854149691467,12.63757140463419,27.089279704017127,-1.6910917111090384e-12,False,False,54.06093483379664
43.84936666666667,41.950066666666665,15,68.45303334498749,39.177035409695236,51.57144966835527,16.881583676633454,7.262724940418238,6.743270842386729,7.384177534104945,9.497406142528508,24.2657612107384,1.2363443602225743e-12,False,False,55.48085680529039
43.98466666666666,42.08565,15,66.35970060576801,39.93517572366909,52.56944236062463,13.790258245143377,9.706170832510812,5.704659875380688,6.702676891322817,7.0875813538205605,20.492935136466194,-7.105427357601002e-15,False,False,56.175986296315386
44.11945,42.22211666666667,15,62.30536935618875,39.50687609425222,52.005641844570754,10.29972751162586,12.834937358259166,6.541051876901748,5.825841954515294,4.473885557110567,16.125569466141155,7.865708084864309e-12,False,False,54.03319515080511
44.25533333333333,42.35741666666667,15,56.848159057433804,37.439256844296324,49.28389118203759,7.564267875402038,15.482948502085115,8.535015851716535,4.8622929763065095,2.7019748990955286,12.426560851708548,5.8264504332328215e-12,False,False,55.03769339851715
44.390366666666665,42.49386666666667,15,50.26053130263608,33.83605443561464,44.540745874563974,5.719785428074829,16.737823538802104,10.066150153898407,3.944704550464583,1.7750808776102458,9.664489978539411,2.7213786779611837e-12,False,False,56.29515250169061
44.52486666666667,42.62813333333334,15,42.95315080495857,29.711945683175145,39.11189540823637,3.8412553967273197,16.7096559919216,11.008997996852047,2.426996937801426,1.414258458925894,6.2682523345287455,5.123013124830322e-12,False,False,56.40820242517657
44.66018333333333,42.76425,15,35.41310121914648,24.74868936161147,32.57841677969972,2.8346844394482105,15.390721738865702,10.668972321778684,1.605678651858183,1.2290057875900275,4.440363091306393,1.4495071809506044e-12,False,False,56.88066848832386
44.79443333333334,42.900816666666664,15,28.36869392796507,20.202939148293808,26.594530406484974,1.7741635214688358,13.093621666857056,9.13142566903487,1.2973350283423313,0.47682849312650455,3.0714985498111673,-1.1258549648118787e-11,False,False,54.681585538324725
44.93001666666667,43.035833333333336,15,22.176446459703584,15.991665167704923,21.05093830314151,1.125508156572323,10.113496512377797,7.0257125741883355,1.190410335037688,-0.06490217846536495,2.3159184916100113,1.0249578963339445e-11,False,False,54.92017422832578
45.06505,43.17146666666667,15,17.13952577719101,12.642831393917731,16.6426360769395,0.4968897002554513,7.0428143649648645,5.356186615943629,0.5532671427211009,-0.056377442465649574,1.0501568429765522,3.9399594697897555e-12,False,False,55.82970933600882
45.200900000000004,43.307300000000005,15,13.647944881071453,9.821880719824549,12.929222997451944,0.7187218836188549,4.568189174691616,3.689779298042148,0.6129013285142441,0.10582055510461086,1.331623212133099,-6.536993168992922e-13,False,False,57.20136319316953
45.335683333333336,43.44291666666666,15,11.334693350934685,7.804919048834563,10.27415642054806,1.0605369303839325,2.8682349180052875,2.4620650388745826,0.7158389363237737,0.3446979940601588,1.7763758667077063,-2.6929569685307797e-12,False,False,57.51613575322699
45.469966666666664,43.57848333333333,15,9.830004611409095,6.372279324405099,8.388273360008558,1.4417312514069636,1.8913964750271408,1.5769448260579089,0.6380145383303084,0.8037167130766552,2.079745789737272,6.426859044950106e-12,False,False,57.523124688152166
45.60503333333334,43.714333333333336,15,8.798542732765782,5.561415271848091,7.320876752863198,1.4776659798881155,1.1269732727556272,1.158800397990873,0.6133957207521831,0.8642702591359325,2.0910617006402985,-1.446842645691504e-11,False,False,57.82391335689317
45.74086666666667,43.84936666666667,15,8.125323690386722,5.035783386370895,6.628951035603297,1.4963726547948681,0.8454967549372884,1.0833046741817691,0.6796470171012439,0.8167256376936243,2.1760196718961122,1.1443290759416413e-11,False,False,58.298488914479094
45.87511666666667,43.98466666666666,15,7.57408533706257,4.467631664789224,5.881053508209289,1.6930318288623312,0.8919338636855858,0.9392092702888467,0.5415378244156799,1.1514940044466513,2.234569653278011,9.050538096744276e-12,False,False,58.240948225684406
46.01018333333333,44.11945,15,7.198443295474135,3.857626767261536,5.078061741698183,2.1203815537774062,0.9054692193540581,0.8474053971406207,0.6083147403448828,1.5120668134325235,2.728696294122289,1.453948073049105e-12,False,False,59.08714454559231
46.14521666666667,44.25533333333333,15,6.620954082318349,3.6479427882477466,4.802040173019354,1.8189139092937694,0.8578381950048064,0.9283620650260479,0.6600645125985,1.1588493966952695,2.4789784218922692,-5.225153643095837e-12,False,False,58.015140548137424
46.28053333333333,44.390366666666665,15,6.037855429032788,3.470109168330964,4.567945441680643,1.4699099873450905,0.8245777386422187,0.8405085984194588,0.9264111600678867,0.5434988272772038,2.3963211474129773,-7.054801187678095e-12,False,False,57.18139501488622
46.41613333333333,44.52486666666667,15,5.705330211334513,3.297325915271358,4.340498858611904,1.364831352721012,0.8735279751360993,0.7091154009423779,1.051783231352619,0.3130481213683931,2.4166145840736313,-1.596056620201125e-12,False,False,57.36946398593864
46.55116666666667,44.66018333333333,15,5.356609854592534,3.115714898420265,4.1014316776266595,1.25517817697164,0.9003340278718618,0.5382295117887751,1.1947339058584414,0.0604442711131985,2.4499120828300813,5.765166122273513e-12,False,False,57.36746456677065
46.687016666666665,44.79443333333334,15,5.039918781541928,2.793592259480647,3.67739930030693,1.3625194812357222,0.7991580649421168,0.41618332512103773,1.3307169992622236,0.03180248197349855,2.693236480497946,7.238654120556021e-13,False,False,58.138615825657325
46.82261666666667,44.93001666666667,15,4.7208617875185155,2.807493374144542,3.6956983019472043,1.0251634855821976,0.6867021336103241,0.3425441207350519,1.0641266359036055,-0.03896315032140785,2.089290121485803,1.0886402890264435e-11,False,False,58.42747807062551
46.957649999999994,45.06505,15,4.380691729755199,2.9361883085002773,3.8651083724206994,0.5155833573353448,0.5797294561516991,0.20474990526266484,0.6979038036855078,-0.18232044635016298,1.2134871610208524,8.451017663446692e-13,False,False,57.75769647543348
47.0927,45.200900000000004,15,4.113151999084948,2.923058950684208,3.8478252878608687,0.2653267112227695,0.3387042014563889,0.2277831820281502,0.40561610967073664,-0.14028939844796712,0.6709428208935062,-1.3100631690576847e-12,False,False,58.52382618367119
47.22721666666666,45.335683333333336,15,3.9837567710783333,2.9807571508645196,3.9237774316470535,0.05997933943672251,0.23968866322256047,0.19961242240948074,0.3979398116738536,-0.3379604722371311,0.45791915111057613,5.4427573559223674e-12,True,False,57.58337920225313
47.36308333333333,45.469966666666664,15,3.8512158012053987,2.9673775052433484,3.9061648758853202,-0.05494907468346355,0.18898546080273126,0.19027311930420235,0.3878183438683172,-0.44276741855178076,0.33286926918485366,-3.5420555377640994e-12,True,False,57.76726121932006
47.49785,45.60503333333334,15,3.655819717227132,2.919021702164173,3.8425107775444984,-0.18669106032029958,0.16072804756174383,0.2235593284824315,0.323691594476519,-0.5103826547968187,0.13700053415621943,-2.9332092310596636e-12,False,False,57.704310705717944
47.632349999999995,45.74086666666667,15,3.6551566652306064,2.8579831970455416,3.7621615586299364,-0.10700489340888453,0.14538756657562854,0.350461563934569,0.4526680296379084,-0.559672923046793,0.3456631362290239,-9.554579349924097e-12,False,False,58.53108729604719
47.767399999999995,45.87511666666667,15,3.608943442166492,2.702919389015733,3.5580403103638214,0.050903131794257206,0.1875848790263743,0.5062856134945604,0.5866701073224462,-0.535766975528189,0.6375732391167034,-8.413270080609436e-12,False,False,58.512748327128065
47.90298333333333,46.01018333333333,15,3.5791179988627846,2.5722320763634343,3.3860075341146842,0.1931104647428583,0.17660089046601782,0.46744448576764286,0.6262287711743344,-0.4331183064314761,0.8193392359171927,-5.242029033070139e-12,False,False,58.523425866609614
48.0383,46.14521666666667,15,3.730333729152335,2.418868400120118,3.184124287268017,0.5462094418844572,0.2227658799223735,0.230944668246402,0.27142348796392574,0.27478595392053146,0.8176329298483829,1.3944401189291966e-13,False,False,58.73613025497616
48.17333333333333,46.28053333333333,15,3.632041023858619,2.289108714194299,3.0133126104342742,0.6187284134293805,0.19077225935964492,0.1247005414142513,0.27172123908882323,0.3470071743405572,0.8904496525182037,5.03552755048986e-12,False,False,58.3935840494014
48.30811666666667,46.41613333333333,15,3.6685356024609064,2.633792672673735,3.4670440178856063,0.20149158458661987,0.19301249790281122,0.5815784593333816,0.6446297199690232,-0.4431381353824033,0.846121304555643,1.1319833959078096e-11,False,False,56.75336225753563
48.44343333333334,46.55116666666667,15,3.672224616395397,2.8960582892650564,3.812282444028293,-0.14005782762887975,0.17541989851986053,0.6688709573313705,0.7668208988629936,-0.9068787264918734,0.6267630712341139,4.016342813883966e-12,False,False,56.88788937814388
48.57848333333333,46.687016666666665,15,3.683125696130446,3.0804223679733695,4.054973671333499,-0.37184797519967105,0.18478273320879457,0.5565277231359191,0.590187254941003,-0.962035230140674,0.21833927974133194,3.382183422218077e-12,False,False,57.415482423290086
48.71353333333333,46.82261666666667,15,3.9078336256170587,3.1309061943902634,4.121429034428189,-0.21359540880166605,0.349169339443383,0.44946721216173546,0.5266476124404563,-0.7402430212421224,0.31305220363879027,9.464429240324534e-12,False,False,58.64758760917903
48.84911666666667,46.957649999999994,15,4.140863977307163,3.1091390208603116,4.092775393784302,0.048088583531352924,0.4914942852320466,0.4227355755423767,0.6478300317193244,-0.5997414481879715,0.6959186152506773,8.491873870752897e-12,False,False,58.94854440155177
48.98441666666667,47.0927,15,4.309786572594021,3.13628283336584,4.128506677323171,0.18127989526510646,0.574571273762186,0.41975528208888496,0.7380070279025919,-0.5567271326374854,0.9192869231676983,-5.74384984020071e-12,False,False,59.09430545941723
49.11891666666667,47.22721666666666,15,4.554924516345636,3.2180963000209886,4.236203419398644,0.31872109694450046,0.5297727890333712,0.47746810378250937,0.5868521123068108,-0.2681310153623103,0.9055732092513112,-2.4913404672588513e-12,False,False,58.43353823178768
49.25395,47.36308333333333,15,4.742268432248238,3.363897272189206,4.428131354198675,0.3141370780504076,0.3634663216773884,0.3535297428600116,0.5137025158530276,-0.19956543780262004,0.8278395939034352,8.446576771348191e-13,False,False,58.72742202740483
49.389783333333334,47.49785,15,4.923299934296665,3.4447752661508275,4.534596668668007,0.38870326563028357,0.278528218351009,0.2852466922284968,0.5311451604046168,-0.14244189477433322,0.9198484260349004,1.6253665080512292e-12,False,False,59.10863956853427
49.52455,47.632349999999995,15,5.091061685059685,3.538346667162841,4.657771195459647,0.43329048959185457,0.34972266361933096,0.30179849489154087,0.6658242701817324,-0.23253378058987784,1.0991147597735869,-8.183675959116954e-12,False,False,59.21020336931542
49.65958333333333,47.767399999999995,15,5.2664634178436245,3.4723817357335065,4.570936979814975,0.6955264380221706,0.30942576391311843,0.4032813304126327,0.801261234860698,-0.10573479683852738,1.4967876728828686,-6.4792615717124136e-12,False,False,59.65667505557212
49.7941,47.90298333333333,15,5.324048185218999,3.410643106089992,4.489666138416245,0.834382046794417,0.3290539363939936,0.3829341027963044,0.7793560121902505,0.05502603460416644,1.6137380589846675,-8.336442647305375e-12,False,False,59.17030314147269
49.9294,48.0383,15,5.4128030064021,3.41884362410201,4.5004610491972326,0.9123419571988052,0.2726811831522299,0.39612883969982043,0.7008968200479027,0.21144513715090252,1.6132387772467078,-6.062705892873055e-12,False,False,58.923522637698625
50.0647,48.17333333333333,15,5.6172513484052615,3.408636064537859,4.487024130380014,1.1302272180191721,0.10510757026449158,0.43267137951840995,0.560479154562969,0.5697480634562031,1.6907063725821412,-6.0751403907488566e-12,False,False,59.49450435669132
50.199733333333334,48.30811666666667,15,5.655253369110142,3.2812263981613796,4.319305947314777,1.3359474218059404,0.1903076839199415,0.5655237950745698,0.6715925054375982,0.6643549163683422,2.0075399272435384,1.0575540443369391e-11,False,False,59.92835111120803
50.33505,48.44343333333334,15,5.7924695223046,3.846314735830674,5.063170929938619,0.7292985923686501,0.18375218087978415,0.7168510642809159,0.9147114938780037,-0.18541290150935352,1.6440100862466538,2.6689761511988763e-12,False,False,57.63258380089974
50.469833333333334,48.57848333333333,15,5.806755196626909,4.163965673003986,5.481316895993143,0.3254383006315038,0.2039755870311309,0.6150012176283982,0.7068968545190857,-0.3814585538875819,1.0323351551505895,-2.262190434976219e-12,False,False,58.70000654875912
50.60566666666667,48.71353333333333,15,5.73718745219594,4.352039800469356,5.728891917866796,0.008295534330500232,0.21869881453152723,0.45538900102299473,0.4455722134683702,-0.43727667913787,0.45386774779887046,1.3562484468820912e-12,True,False,58.82509899275465
50.741,48.84911666666667,15,5.772847665743029,4.3589340587896,5.73796730839201,0.034880357351539715,0.17272045450480886,0.36603240278389243,0.38063104850787155,-0.34575069115633184,0.41551140585941126,5.204725539442734e-13,True,False,59.47495648747281
50.87656666666667,48.98441666666667,15,5.679979188113066,4.251178269976663,5.596120887877376,0.0838583002496307,0.2891934611576919,0.4583332673951774,0.3909267975413422,-0.3070684972917115,0.4747850977909729,1.3940848475613166e-11,True,False,59.37028047192871
51.01163333333333,49.11891666666667,15,5.653324246261036,4.0341252170655935,5.310398895988324,0.34292535027907434,0.2893530084322517,0.5960468905499663,0.5617894315336163,-0.21886408125454193,0.9047147818126906,6.362022020311997e-12,False,False,60.39977639767312
51.14613333333333,49.25395,15,5.496555377641926,3.9662289762563887,5.221022363819789,0.2755330138197678,0.419428309918354,0.6295319313959293,0.47816338802248426,-0.20263037420271646,0.7536964018422521,-2.368771845340234e-12,False,False,59.57663036353915
51.28145,49.389783333333334,15,5.236316504786373,3.8359056961089664,5.049468788812057,0.18684771597690997,0.4819105477670354,0.5973908424298503,0.4046288420573979,-0.21778112608048794,0.5914765580343079,2.5934809855243657e-12,False,False,59.28898496795591
51.41623333333334,49.52455,15,5.126166361653304,3.609497924655443,4.751432531909618,0.3747338297425813,0.41786149912265497,0.618449493589311,0.44796557147139765,-0.07323174172881636,0.822699401213979,-1.1048939541069558e-12,False,False,60.42953741946985
51.552083333333336,49.65958333333333,15,5.068623126488092,3.456849093654455,4.5504902854487606,0.5181328410335482,0.4160513561433901,0.6627015738877178,0.5017861724651314,0.016346668568416822,1.0199190134986795,-5.782929690667515e-12,False,False,60.261548629605386
51.68728333333333,49.7941,15,4.84558608943189,3.1569808634558285,4.155752930283796,0.6898331591455644,0.4586787186261586,0.6519689409720076,0.4498445783425108,0.23998858080305363,1.1396777374880753,-2.5295321393059567e-12,False,False,60.0550826412873
51.82311666666667,49.9294,15,4.715130807220703,3.05019639924285,4.015185131727016,0.6999456755047504,0.3629567353039576,0.5766055546411277,0.45972691075988803,0.24021876474486237,1.1596725862646384,1.106315039578476e-11,False,False,59.793651773150486
51.959266666666664,50.0647,15,4.552303000717075,2.9607003890923806,3.8973753246620495,0.6549276760542853,0.21088858420487994,0.5309368455029311,0.5394997432438771,0.1154279328104082,1.1944274192981623,-7.398526236102043e-13,False,False,59.86736388803547
52.09458333333334,50.199733333333334,15,4.416170062173478,2.8058309564657975,3.6935099462242507,0.7226601159427446,0.13193141386821056,0.4234863405584156,0.5228696552570068,0.1997904606857378,1.2455297711997515,-6.482814285391214e-12,False,False,59.9598032460126
52.23068333333333,50.33505,15,4.3697708445979515,2.9360265858413186,3.864895485664989,0.504875358928075,0.08485078309680578,0.8115928513445999,1.07960908092842,-0.574733722000345,1.584484439856495,-4.887645843609789e-12,False,False,57.988217158919724
52.36573333333333,50.469833333333334,15,4.282058224678622,3.2339757393929176,4.257106627100994,0.024951597577455686,0.12268417373010819,0.674857605773657,0.913842253836324,-0.8888906562588683,0.9387938514137797,-1.723066134218243e-13,False,False,58.91046126015863
52.50131666666667,50.60566666666667,15,4.118406227538799,3.3147440957800427,4.3634276180247635,-0.2450213904821794,0.32231309461320234,0.49674828258115417,0.751960028822461,-0.9969814193046405,0.5069386383402816,3.785416424761934e-12,False,False,59.009533313794236
52.63635,50.741,15,4.018663968508918,3.344383211857348,4.402443642770144,-0.38377967427186377,0.3635910313567411,0.4006071349424947,0.5076080703372092,-0.891387744609073,0.12382839606534546,-1.06377129327484e-11,False,False,59.61999495156488
52.7722,50.87656666666667,15,3.986411282843619,3.3193499417611747,4.369490612626375,-0.38307932978386816,0.3702420306416033,0.44348718741486043,0.4917793484737539,-0.874858678257622,0.10870001868988571,-1.1119993814645568e-12,False,False,59.746252218035806
52.90725,51.01163333333333,15,3.723863969436934,3.229506495048554,4.2512234507107785,-0.5273594812870215,0.4079517367154752,0.4690751828282148,0.41472928174151985,-0.9420887630285413,-0.11263019954550163,-1.3177015034671058e-11,False,False,59.11864244730532
53.04255,51.14613333333333,15,3.6459503342266544,3.0195711358574044,3.974870972864659,-0.32892063863346266,0.4619266211992916,0.48619885398154666,0.4520790733593553,-0.780999711992818,0.12315843472589266,4.5421444383464404e-12,False,False,59.76569796108379
53.17733333333333,51.28145,15,3.459197355707147,2.934728506668762,3.8631867339941954,-0.403989378285587,0.38447785104434473,0.4550525026368508,0.40710164385491227,-0.8110910221404992,0.0031122655693252566,1.461497589616556e-12,False,False,59.13300859131414
53.313183333333335,51.41623333333334,15,3.2150223240423657,2.8546914388789446,3.7578283889851747,-0.5428060649373947,0.26743157647807636,0.48575032830325426,0.405826586444329,-0.9486326513817237,-0.1369794784930657,5.4143356464919634e-12,False,False,59.05296799309872
53.44821666666667,51.552083333333336,15,3.273243319192261,2.6599100263811124,3.5014241024965345,-0.2281807832987397,0.2664940947993399,0.506137811980344,0.545466336330218,-0.7736471196289577,0.3172855530314783,5.53379564394163e-12,False,False,60.17382251613162
53.58273333333333,51.68728333333333,15,3.2996734855951217,2.511232282889978,3.3057092740243377,-0.006035788420376775,0.2894741490161025,0.5214577288617702,0.5942908461273534,-0.6003266345477302,0.5882550577069766,8.839151632855646e-12,False,False,59.827057321679604
53.7183,51.82311666666667,15,3.2724168533968623,2.330491934382735,3.067788214183869,0.204628639213297,0.30615402379518597,0.3595688659729188,0.5752618983770311,-0.37063325916373413,0.7798905375903281,3.0375701953744283e-13,False,False,59.93700105186872
53.85308333333333,51.959266666666664,15,3.340890048606525,2.248719014103699,2.96014484611623,0.38074520249028865,0.3073472548537496,0.3379543779970002,0.5098286166017415,-0.12908341411145285,0.8905738190920302,-6.217248937900877e-15,False,False,60.031077568295586
53.98918333333334,52.09458333333334,15,3.4267257733699807,2.122389797499636,2.793848934044055,0.6328768393304927,0.2938709679864608,0.30161850969897935,0.3379266597155,0.29495017961499265,0.9708034990459926,4.567013434098044e-12,False,False,60.391988756244245
54.12505,52.23068333333333,15,3.497552481116145,1.9755483590924996,2.600551361350015,0.8970011197752683,0.289338243605613,0.42734589756470054,0.3388324633572353,0.558168656418033,1.2358335831325036,9.138467760294589e-12,False,False,60.42591674000869
54.25983333333333,52.36573333333333,15,3.596563004881318,2.2724488550848037,2.991382082088717,0.6051809227883496,0.1902359678163378,0.1981910830771399,0.2281340685008795,0.3770468542874701,0.833314991289229,-4.2517100951044995e-12,False,False,59.73943333437637
54.39463333333333,52.50131666666667,15,3.704753004843951,2.4060843100123748,3.1672957025460593,0.5374573022900222,0.1496097738956037,0.11456076530449819,0.22895619396359057,0.30850110832643163,0.7664134962536128,-7.86970488775296e-12,False,False,60.14747984907444
54.53021666666667,52.63635,15,3.7026585045350657,2.521784435841255,3.319599805023651,0.3830586995018166,0.20098812891694098,0.19616832166323173,0.3067347071673607,0.07632399233445591,0.6897934066691773,-9.598100092489403e-12,False,False,59.74250749276689
54.66578333333334,52.7722,15,3.7039479737359216,2.587507045303937,3.406115035452212,0.2978329382831362,0.18462679058975334,0.2266260661460235,0.39490661623603707,-0.0970736779529009,0.6927395545191732,-5.733191699164308e-13,False,False,59.52388890868315
54.80056666666667,52.90725,15,3.7546874495928932,2.640134550347284,3.475392271443438,0.27929517814573046,0.1911555614798179,0.20116858808724977,0.434460191470261,-0.15516501332453053,0.7137553696159915,-3.724576203012475e-12,False,False,59.726524182282446
54.935050000000004,53.04255,15,3.7082064765236282,2.645001011336717,3.4817983316609875,0.22640814485657756,0.17022413346385926,0.1698725437120835,0.36526475021991606,-0.1388566053633385,0.5916728950764936,-6.063149982082905e-12,False,False,60.25489377576014
55.070100000000004,53.17733333333333,15,3.693552639349946,2.629904914079816,3.4619262915300437,0.23162634780965163,0.18643829937266038,0.1795086014728029,0.4071284398730881,-0.17550209206343648,0.6387547876827397,-1.0250467141759145e-11,False,False,59.99196785932145
55.20486666666667,53.313183333333335,15,3.6534545357280876,2.6637419122926076,3.5064682797639812,0.14698625596793136,0.16548451341701792,0.14145318240076699,0.3148040372192243,-0.16781778125129293,0.46179029318715564,3.824940364438589e-12,True,False,60.261714587053575
55.340450000000004,53.44821666666667,15,3.5458422501578752,2.6696504667779664,3.5142461199468302,0.031596130221259955,0.07612148322427734,0.14631588442010873,0.23246226353706395,-0.200866133315804,0.2640583937583239,1.021494000497114e-11,True,False,60.348077647147875
55.475233333333335,53.58273333333333,15,3.60160378288856,2.5971192684592097,3.418768271652174,0.1828355112374993,0.059960786510247124,0.19574471204414784,0.29844662029374686,-0.11561110905624755,0.48128213153124616,1.113331649094107e-12,True,False,60.6941183201925
55.610800000000005,53.7183,15,3.6299331349837303,2.608829470224009,3.434183222645893,0.19574991233821493,0.11682681755586628,0.18984676621104338,0.3102069259517103,-0.11445701361349536,0.5059568382899252,3.774758283725532e-13,False,False,60.41643196412042
55.746383333333334,53.85308333333333,15,3.680170720497699,2.6932014655976673,3.5452479335748497,0.1349227869322931,0.08143589724405319,0.21051523056215815,0.3144128647464227,-0.17949007781412962,0.4493356516787158,9.443557047461582e-12,True,False,59.9765869520852
55.8809,53.98918333333334,15,3.6981211420497857,2.688684894292237,3.5393024574224126,0.1588186846283861,0.08207830203533475,0.22263317600278254,0.33532049818536236,-0.17650181355697625,0.49413918281374847,1.0129674876679928e-12,True,False,60.332282452283835
56.016200000000005,54.12505,15,3.668480240703502,2.6260793039982673,3.456890375572949,0.21158986514274147,0.09644385191721248,0.18528413911949382,0.28651437920466577,-0.0749245140619243,0.49810424434740724,1.2188472453544819e-11,True,False,60.118879555950116
56.15125,54.25983333333333,15,3.7956590254943876,2.4946776744764065,3.2839172944717308,0.5117417310366363,0.14819201465694495,0.14197773019099902,0.2935856945811142,0.21815603645552212,0.8053274256177505,1.3979484236870121e-11,False,False,61.37831206485134
56.28628333333334,54.39463333333333,15,3.737935087927326,2.4214364846811804,3.1875048351400017,0.550430252787919,0.12364524806664712,0.18163633014194003,0.28847777096351873,0.2619524818244003,0.8389080237514377,5.946354519892338e-13,False,False,60.885895887775405
56.42106666666667,54.53021666666667,15,3.6877423902806186,2.44981238118271,3.2248579963202615,0.46288439396448666,0.16584871706189477,0.1581227336872728,0.30829097291109486,0.1545934210533918,0.7711753668755815,4.129585562395732e-12,False,False,59.900533149302646
56.55583333333333,54.66578333333334,15,3.6928438793765963,2.5314551890805888,3.3323300884338645,0.36051379094260483,0.18250432667202987,0.17530555324022112,0.384106649151535,-0.023592858208930145,0.7446204400941399,-1.270095140171179e-13,False,False,60.248321056082204
56.69146666666666,54.80056666666667,15,3.6303807079821127,2.5596808602313104,3.3694854975627737,0.2608952104264972,0.1597812810951495,0.12088464065366554,0.28733457512919314,-0.026439364702695922,0.5482297855556904,7.158273973573159e-12,False,False,60.58556751210563
56.8265,54.935050000000004,15,3.5768148013994505,2.647450326512626,3.4850225351515114,0.0917922662492856,0.12273531615269839,0.12647508555435094,0.24737009225339293,-0.15557782600410733,0.3391623585026785,1.3464784842653899e-12,True,False,60.12999137503357
56.96208333333333,55.070100000000004,15,3.5422772580022865,2.6521106264808623,3.491157211314166,0.05112004668717418,0.12089556266840525,0.12203029461356021,0.23184735229644374,-0.18072730560926956,0.2829673989836179,-9.463541061904834e-13,True,False,60.27805606442416
57.09711666666667,55.20486666666667,15,3.4649177874671295,2.7779811095097102,3.6568492605560383,-0.19193147310488712,0.1492256454769691,0.15494296833232482,0.29888862725296184,-0.49082010035784895,0.10695715414807472,-1.5978329770405253e-11,True,False,59.48814552753902
57.23243333333333,55.340450000000004,15,3.3671174506707757,2.7898178428840765,3.672430773885728,-0.30531332321788796,0.18367273656285812,0.1532968033754615,0.31104768968741847,-0.6163610129053064,0.005734366469530516,-2.935873766318764e-12,False,False,59.80877423493803
57.36725,55.475233333333335,15,3.2692806581653713,2.740787132315745,3.6078882479943317,-0.33860758982791594,0.17706570731674645,0.17901888164258256,0.30271536301071805,-0.6413229528386339,-0.03589222681719789,1.0444978215673473e-12,False,False,60.07793855142518
57.502050000000004,55.610800000000005,15,3.1468462601878855,2.735947614626639,3.6015176551122297,-0.4546713949275727,0.20709315717620094,0.19899518463080007,0.42605654535639065,-0.8807279402839634,-0.028614849571182044,-3.2285285556099552e-12,False,False,59.19666941725154
57.637899999999995,55.746383333333334,15,3.2017976208298933,2.7413927102534217,3.6086854122464644,-0.40688779142055864,0.17836865361437995,0.2084525659708791,0.41088535515477975,-0.8177731465753384,0.00399756373422111,-3.987477015243712e-12,False,False,60.18502225229895
57.77268333333333,55.8809,15,3.135247403908579,2.7541800245635386,3.62551824120969,-0.49027083729652077,0.1397867657522563,0.1698429792029429,0.3101852695775704,-0.8004561068740912,-0.18008556771895035,4.590106073010247e-12,False,False,59.94543084198813
57.90773333333333,56.016200000000005,15,3.1473190492761205,2.692562007232482,3.5444061701654874,-0.39708712090487097,0.1460074228701354,0.25971439673759134,0.4367988580168855,-0.8338859789217565,0.039711737112014533,-1.5504042494285386e-11,False,False,60.489641635758744
58.04333333333333,56.15125,15,3.1015709607381723,2.603862816522451,3.4276452718103716,-0.3260743110704425,0.1962551288682694,0.3691142213936179,0.6383633549792499,-0.9644376660496924,0.3122890439088074,1.7568169141668477e-12,False,False,60.63548675545462
58.1781,56.28628333333334,15,3.334013949170185,2.6084956626473286,3.433743808574367,-0.0997298594120366,0.2131800928855794,0.27124185537901724,0.4206546116301912,-0.5203844710422278,0.3209247522181546,-7.854605854618057e-12,False,False,60.1107997450672
58.31315,56.42106666666667,15,3.283383469824912,2.5690669997602527,3.381841124200547,-0.0984576543824005,0.17007460910974956,0.23544346944021752,0.3719127379802137,-0.4703703923626142,0.2734550835978132,-6.765699112065704e-12,False,False,59.27536502644216
58.44845,56.55583333333333,15,3.2235969381326868,2.612377567758813,3.4388538295849074,-0.21525689145892102,0.16692056425472226,0.228482863699644,0.3839300909896126,-0.5991869824485336,0.1686731995306916,-6.700417998217745e-12,False,False,59.5330432202245
58.583999999999996,56.69146666666666,15,3.210006104578497,2.5940226677303144,3.414692001281964,-0.2046858967087246,0.17205660925619445,0.19795219296878136,0.3533990290449474,-0.558084925753672,0.1487131323362228,-5.257572155414891e-12,False,False,59.77168995858665
58.7193,56.8265,15,3.1871946533246955,2.4887955038866494,3.2761741852410804,-0.08897953191444685,0.18591740948907856,0.1714630991665161,0.27835316880751965,-0.3673327007219665,0.1893736368930728,1.9380053117856733e-12,False,False,59.88643508891255
58.85406666666667,56.96208333333333,15,3.219593129968416,2.5350686707279237,3.337086765016313,-0.11749363504168286,0.15958766225545318,0.14062699607222884,0.25912330140786816,-0.376616936449551,0.1416296663661853,6.214140313431926e-12,False,False,59.52762737395096
58.98895,57.09711666666667,15,3.2655765203708143,2.4913532682585355,3.2795411479320755,-0.013964627570203447,0.1382768298506671,0.15106537735724448,0.2712461214388413,-0.28521074900904475,0.25728149386863786,-8.942180329540861e-12,False,False,59.98636173122941
59.12371666666666,57.23243333333333,15,3.2241726449028647,2.574644143689511,3.3891827056763555,-0.1650100607839704,0.15575375455642484,0.12458872238710601,0.2757908335694757,-0.4408008943534461,0.1107807727855053,-1.0479617174041778e-11,False,False,59.470889246942534
59.25906666666666,57.36725,15,3.1550490976624133,2.545933245419292,3.351388558426779,-0.1963394607673763,0.19057846117645022,0.14879579803607745,0.30703632980717077,-0.5033757905745471,0.11069686903979448,-3.0104807535735745e-12,False,False,59.749320116425224
59.39436666666666,57.502050000000004,15,3.0686489546787925,2.4880431776109617,3.2751838459707634,-0.20653489130381786,0.21981094230491546,0.20851026736778147,0.3884116331552678,-0.5949465244590857,0.18187674185144992,-1.184696785117012e-11,False,False,59.547513418052404
59.52941666666666,57.637899999999995,15,2.9477728799829492,2.467406654086517,3.2480185583694623,-0.3002456783906382,0.1379587412548233,0.26418550798321977,0.26696632777094587,-0.5672120061615841,-0.03327935061969234,-4.125144670297232e-12,False,False,60.028165273521154
59.66445,57.77268333333333,15,2.9074382047001563,2.3596296310424805,3.1061441857632803,-0.1987059810644496,0.21941354216844156,0.4079310463484759,0.38720772248861923,-0.5859137035530688,0.18850174142416964,-1.325606291402437e-12,False,False,60.072110345172405
59.799533333333336,57.90773333333333,15,2.8120290695878793,2.3323519647528883,3.070236701202165,-0.2582076316166422,0.11684661540567562,0.3665818044422884,0.42461920093320665,-0.6828268325498488,0.16641156931656448,-2.3563373474644322e-12,False,False,59.45942311624094
59.93483333333334,58.04333333333333,15,2.7698077709792415,2.2134452973332372,2.9137116055705836,-0.14390383458612632,0.11066046703747504,0.2597406311157761,0.3495235903963931,-0.4934274249825194,0.20561975581026676,5.2158277696889854e-12,False,False,59.70714227051212
60.0704,58.1781,15,2.7656497032367042,2.0254357959092886,2.666221655438771,0.09942804780257575,0.16518301339521743,0.08256370729110632,0.15627702954447767,-0.05684898174190192,0.2557050773470534,4.6425085997725546e-12,False,False,60.126092496670026
60.20598333333333,58.31315,15,2.944004204666271,1.996626139680302,2.6282975062366054,0.31570669843586074,0.16457787380883332,0.09815582495725718,0.22957261007158733,0.08613408836427341,0.5452793085074481,6.1950444774083735e-12,False,False,60.50661755128385
60.34128333333333,58.44845,15,2.8381573505030246,2.127715996459301,2.800860179246749,0.03729717125406751,0.13961065840568668,0.16048288046321044,0.2767803485651192,-0.23948317731105168,0.3140775198191867,-2.2080115513745113e-12,False,False,58.8452348175706
60.47605,58.583999999999996,15,2.922688550570456,2.2384904118844133,2.9466802273921964,-0.023991676819605345,0.1678567952317483,0.2497659301540308,0.25012179463020023,-0.2741134714498056,0.2261301178105949,2.135180920959101e-12,False,False,59.66199432002759
60.611650000000004,58.7193,15,2.804914175885642,2.2499086845491547,2.9617108918585417,-0.1567967159789987,0.18121848857860803,0.23993409764197837,0.35244172676118857,-0.5092384427401873,0.19564501078218988,-6.09912120808076e-12,False,False,59.02112517940259
60.74696666666667,58.85406666666667,15,2.74817604619966,2.23231670840687,2.9385533531958736,-0.19037730699074018,0.16739751120659913,0.24513629877613716,0.3446270945744115,-0.5350044015651516,0.1542497875836713,5.473399511402022e-12,False,False,59.31889171664807
60.881750000000004,58.98895,15,2.744656895760272,2.2889533405432303,3.01310808131812,-0.2684511855550227,0.14876787512909725,0.20226996445640835,0.27577012939437123,-0.544221314949394,0.007318943839348557,2.8252955530660984e-12,False,False,59.40689193520666
61.01731666666667,59.12371666666666,15,2.7507619446259923,2.253220120059268,2.966069964155716,-0.21530801952849288,0.1409682413140005,0.21710637958835957,0.2754022467583138,-0.4907102662868067,0.06009422722982094,1.2310152897043736e-12,False,False,59.575515163211094
61.15213333333334,59.25906666666666,15,2.788575220209168,2.2100620450728456,2.9092579959026366,-0.12068277568687336,0.12694045265389506,0.262937171651411,0.3735597142807095,-0.49424248996758285,0.25287693859383614,6.59516885548328e-12,False,False,60.330825221804844
61.287400000000005,59.39436666666666,15,2.7205617819345207,2.1298509239313717,2.8036705323916484,-0.08310875045935973,0.1415728442732513,0.31609633785892477,0.35791761774214725,-0.441026368201507,0.27480886728278753,-2.2319923687064147e-12,False,False,59.82653464788018
61.422450000000005,59.52941666666666,15,2.599221271913848,2.1221828921807173,2.7935765702184323,-0.19435529831116582,0.24978339807370856,0.31371509634614775,0.3003234864540553,-0.49467878476522115,0.1059681881428895,-6.581402089977928e-12,False,False,59.26287208961003
61.5575,59.66445,15,2.515086894240085,2.0680985901417444,2.722381651274648,-0.20729475703319622,0.31516435291457257,0.27528329162738696,0.27887506503990545,-0.48616982207310167,0.07158030800670923,1.3669065879184927e-12,False,False,59.204859064841
61.69338333333334,59.799533333333336,15,2.3603288040721964,1.925124371133279,2.5341747677685325,-0.17384596369356586,0.2848758664400959,0.23414145254106866,0.30810054427476025,-0.4819465079683261,0.13425458058119438,2.7702284910446906e-12,False,False,59.28792179455195
61.8292,59.93483333333334,15,2.250735287878342,2.0216995444861823,2.6613033684831593,-0.4105680806151213,0.2477161209486738,0.28983462184773423,0.40370639014358656,-0.8142744707587078,-0.0068616904715347316,-1.0304201936151003e-11,False,False,58.41544687739952
61.9643,60.0704,15,2.149318938216311,2.015125159981835,2.652649050053479,-0.5033301118355666,0.15159026351973456,0.296769594806906,0.42617088707893513,-0.9295009989145018,-0.0771592247566315,1.6013856907193258e-12,False,False,58.761377475173504
62.099900000000005,60.20598333333333,15,2.110776384604833,1.9623009441311297,2.583112869979455,-0.47233648536257533,0.13876581639716074,0.25934218946976006,0.4173732762475991,-0.8897097616101745,-0.05496320911497621,1.2046807995602649e-11,False,False,58.816446408811316
62.23493333333333,60.34128333333333,15,2.076015709233616,1.9204896714581992,2.528073791047814,-0.45205808182709006,0.19922217333955675,0.288133047919254,0.5337989423500606,-0.9858570241771507,0.08174086052297058,-1.2891909761947318e-11,False,False,58.13698397299595
62.36976666666667,60.47605,15,1.8987042868502613,2.0038226884898904,2.637770822704745,-0.7390665358507249,0.21950130872946447,0.27523899467418766,0.5102292672015328,-1.2492958030522576,-0.22883726864919207,3.75877107217093e-12,False,False,58.0334727799418
62.5048,60.611650000000004,15,1.9502095991992974,2.110210249778902,2.7778161504070433,-0.8276065512100104,0.29321229165587837,0.2352916510281399,0.5746761767312962,-1.4022827279413066,-0.25293037447871414,-2.2644108810254693e-12,False,False,58.05899482085806
62.6404,60.74696666666667,15,1.800066920775862,2.1259641692267905,2.7985541275252674,-0.9984872067425385,0.1596727537448096,0.22072035739101137,0.41284849685431246,-1.411335703596851,-0.5856387098882261,6.866951451911518e-12,False,False,58.11597911186254
62.77596666666667,60.881750000000004,15,1.7313679965227493,2.1079009400709765,2.7747762458270904,-1.0434082492938614,0.10070495173056254,0.2311315581957496,0.33132133428690547,-1.374729583580767,-0.712086915006956,1.0479617174041778e-11,False,False,58.327382589028275
62.91101666666667,61.01731666666667,15,1.6910984883506899,2.0764932524616597,2.733432127677138,-1.0423336393305362,0.08211575534100704,0.2993390526583961,0.39389332675926797,-1.4362269660898042,-0.6484403125712683,-4.0882852658796764e-12,False,False,58.335316195902124
63.04578333333333,61.15213333333334,15,1.6086301084251318,1.9613406734570162,2.5818487990710732,-0.9732186906494462,0.13024526077872675,0.41078588143114286,0.5225384801370716,-1.4957571707865178,-0.4506802105123746,-3.504752044136694e-12,False,False,58.358204379495874
63.1811,61.287400000000005,15,1.6189044716447825,1.7701507697056513,2.3301722647110705,-0.7112677930808786,0.1705339652745822,0.45269476151972976,0.43940041253158685,-1.1506682056124655,-0.27186738054929177,-1.4590550989623807e-11,False,False,58.36477902680781
63.31563333333334,61.422450000000005,15,1.5184336537968193,1.570179809939873,2.0669366171219368,-0.548502963329156,0.24702941555729963,0.4226201059348427,0.3343949721089751,-0.8828979354381312,-0.21410799122018093,-4.0385472743764694e-12,False,False,58.123550458032696
63.450399999999995,61.5575,15,1.4045175790597568,1.3855662773894437,1.8239170164181635,-0.4193994373536043,0.23126643069415517,0.4169811044893316,0.33738436994630433,-0.7567838072999087,-0.08201506740729997,4.802380715318577e-12,False,False,58.34238919264317
63.584916666666665,61.69338333333334,15,1.2838818910822738,1.19087660517107,1.5676334940239776,-0.28375160294399393,0.23587116077262654,0.3988479063367239,0.31636156903668394,-0.6001131719806778,0.03260996609269001,-2.290168055196773e-12,False,False,58.31187161451817
63.719950000000004,61.8292,15,1.1879219398178975,1.022853537757328,1.3464530735650557,-0.15853113376033434,0.17922816861113572,0.2491928106305178,0.20848146343943458,-0.3670125971997689,0.049950329679100236,-1.3176126856251358e-11,False,False,58.03155140113813
63.85525,61.9643,15,1.068103586185316,1.0369432022052933,1.3650002763669922,-0.29689669018353015,0.1737006040435149,0.2428496993922112,0.31235774131815974,-0.6092544315016899,0.015461051134629589,-1.8540724511240114e-12,False,False,57.42538679260906
63.990300000000005,62.099900000000005,15,0.9191757589214831,1.0315363444133254,1.3578828543475243,-0.4387070954189767,0.2714972777040364,0.2329030549937404,0.49559821915177443,-0.9343053145707512,0.056891123732797755,7.064571150294796e-12,False,False,56.87010416374687
64.12586666666667,62.23493333333333,15,0.8446808488188253,1.0057944074251282,1.323996956809084,-0.47931610798514157,0.32872033636706666,0.22227794585264657,0.5741061845825021,-1.0534222925676437,0.0947900765973605,5.1170179204973465e-12,False,False,57.08372721062187
64.26116666666667,62.36976666666667,15,0.5321139394363854,1.0035332096085767,1.3210203852495723,-0.7889064458040593,0.5082334580191916,0.20121156958133649,0.7065087360821246,-1.4954151818861838,-0.08239770972193472,9.127587574653262e-12,False,False,56.16057047234062
64.39648333333334,62.5048,15,0.33926788412281894,0.9550360945286229,1.2571802681184194,-0.9179123840031025,0.43474309220192164,0.1988683541234865,0.5661185572970954,-1.484030941300198,-0.3517938267060071,-7.501999021997108e-12,False,False,56.97139578709175
64.53151666666666,62.6404,15,0.14058153807854978,0.9161675766226836,1.2060149414440673,-1.0654334033615669,0.4218236620172603,0.23170140050517754,0.43310897176644825,-1.4985423751280151,-0.6323244315951186,3.950617610826157e-12,False,False,56.69074534789979
64.66633333333333,62.77596666666667,15,-0.1074709970416734,0.8241781747165078,1.0849229098287185,-1.1923939068710752,0.43396946867903147,0.3157009182226002,0.31940246296664004,-1.5117963698377153,-0.8729914439044351,-6.832312493543213e-13,False,False,56.54046108879993
64.80118333333333,62.91101666666667,15,-0.40016551101143705,0.6747821158242004,0.8882625129598785,-1.2884280239677537,0.5246536323305006,0.4061889783781227,0.2665706390609437,-1.5549986630286974,-1.02185738490681,3.5618175076024272e-12,False,False,56.24000264585629
64.93645,63.04578333333333,15,-0.7232200918188028,0.5362819278634561,0.705945106913691,-1.4291651987387013,0.6750657598318544,0.46381571325451043,0.24717646068141894,-1.6763416594201201,-1.1819887380572824,-6.207478975284175e-12,False,False,55.69068623960629
65.0715,63.1811,15,-1.1787012497952674,0.3727720650640549,0.49070573079815677,-1.6694069805898835,0.8820934697241655,0.49387420115591146,0.38040392601714695,-2.0498109066070302,-1.2890030545727365,3.5407232701345492e-12,False,False,54.74927459423634
65.2063,63.31563333333334,15,-1.655443223840848,0.09839228395867394,0.12952058946945078,-1.7849638133084227,1.012359943911146,0.6080991149513807,0.34671769442192246,-2.1316815077303453,-1.4382461188865001,1.8762769116165146e-12,False,False,54.89939675115602
65.3411,63.450399999999995,15,-2.316791657005524,-0.2835663910191215,-0.37327811329135835,-1.9435135437151985,1.2103342060051534,0.8141138815815468,0.30313803988239274,-2.246651583597591,-1.6403755038328058,-1.0327294575063206e-12,False,False,54.44890623456013
65.47613333333334,63.584916666666665,15,-3.027806756726932,-1.0786829682983807,-1.4199452262267223,-1.6078615305068524,1.4160243958034255,1.3794787016753725,0.5744013441799654,-2.182262874686818,-1.033460186326887,-6.642908445542162e-12,False,False,56.346586069666955
65.61143333333334,63.719950000000004,15,-3.9028853821073426,-1.8375273341516731,-2.4188647108295127,-1.484020671278813,1.6608599644202426,1.5458202792580307,0.5000299710784528,-1.984050642357266,-0.9839907002003603,-9.832135106080386e-13,False,False,54.95096326823841
65.74595000000001,63.85525,15,-4.846439794459002,-2.6244600932477624,-3.454758896127175,-1.391680898337654,1.9723189260263567,1.628907652845127,0.3620857546899062,-1.7537666530275602,-1.029595143647748,-5.827338611652522e-12,False,False,54.6215463652843
65.88151666666667,63.990300000000005,15,-5.997142646207067,-3.402420721922681,-4.478842443698053,-1.5183002025041787,2.34704288094339,1.6663366076963444,0.40930766386527057,-1.9276078663694494,-1.1089925386389081,4.835243316847482e-12,False,False,53.643630927173945
66.01521666666666,64.12586666666667,15,-7.359472575608379,-4.50772752103876,-5.933834465493536,-1.4256381101085935,2.711608630522225,2.0661309366107803,0.2900064805419542,-1.7156445906505478,-1.1356316295666393,6.249223361010081e-12,False,False,54.92549734804925
66.15079999999999,64.26116666666667,15,-8.762347461943136,-5.884068864277651,-7.745608061097338,-1.0167394008412884,3.028586613902278,2.685859398101,0.7246189345977458,-1.7413583354390343,-0.2921204662435426,4.510170015237236e-12,False,False,56.107709304043965
66.28585,64.39648333333334,15,-10.496757635595714,-7.0575466850277735,-9.290338328124374,-1.206419307478427,3.162647833784422,2.820182854988385,0.6416581450315805,-1.8480774525100077,-0.5647611624468466,-7.087663789206999e-12,False,False,53.791401519491046
66.42168333333333,64.53151666666666,15,-12.258388393944188,-8.70512059255634,-11.459154165220045,-0.7992342287234351,3.468662452109891,3.212022484127829,0.8139711620958524,-1.6132053908192874,0.014736933372417327,7.069900220812997e-13,False,False,55.74560535253113
66.55671666666666,64.66633333333333,15,-14.200386268890725,-10.209779245349637,-13.439840737573132,-0.7605455313314451,3.778198982392268,3.2003153931603436,0.6482885070254877,-1.4088340383569329,-0.11225702430595741,-1.3852030633643153e-11,False,False,53.90387914701569
66.69228333333334,64.80118333333333,15,-16.30972582024333,-12.04599970180061,-15.856985114618848,-0.45274070563027635,4.097282540181078,3.3253564895734797,0.48031740401474055,-0.9330581096450169,0.027576698384464193,-5.794476010123617e-12,False,False,55.12971197030129
66.82733333333333,64.93645,15,-18.565672953467583,-13.981529893862898,-18.404857786393805,-0.16081516709255084,4.373467962876148,3.4398055487499644,0.3214138762283741,-0.4822290433209249,0.16059870913582325,-1.8772539078781847e-11,False,False,55.1868564358374
66.96265,65.0715,15,-21.05840316908143,-15.532041546783148,-20.44590384392644,-0.6124993251514752,4.762046231902893,3.1597994832789142,0.9140783488311313,-1.5265776739826065,0.30157902367965606,3.5136338283336954e-12,False,False,51.649851547736034
67.09823333333333,65.2063,15,-23.578827709003235,-17.504209002057905,-23.042004687026495,-0.5368230219855832,4.895464066554337,3.528898425769401,0.6290972660820316,-1.165920288067615,0.09227424409644847,-8.842704346534447e-12,False,False,54.9931996396117
67.23328333333333,65.3411,15,-26.189636654449714,-19.39116781663688,-25.525939484916705,-0.6636971695343163,5.10196163076056,3.7870652220948253,0.5343849824471546,-1.1980821519814708,-0.12931218708716175,-1.3073986337985843e-12,False,False,53.76308592380519
67.36805,65.47613333333334,15,-28.89200133081249,-21.380661083629093,-28.144847495981516,-0.7471538348336253,5.157911369819042,4.0604804840467725,0.6053254238676216,-1.3524792587012469,-0.14182841096600374,-2.6503244043851737e-12,False,False,54.35010707400943
67.50338333333333,65.61143333333334,15,-31.325287314117304,-23.47988275554235,-30.908198618996906,-0.41708869512967794,4.92226559463342,3.712325260435976,0.49175314851445195,-0.9088418436441299,0.07466445338477401,-9.279688129026908e-12,False,False,54.40481181930954
67.63841666666666,65.74595000000001,15,-33.8202638163566,-25.404584674877697,-33.44181728415567,-0.3784465322041797,4.723282631582531,3.52341236512717,0.5026016342076184,-0.8810481664117981,0.12415510200343871,-3.247180302423658e-12,False,False,54.145940861948475
67.77346666666666,65.88151666666667,15,-36.07811140265039,-26.92061680006009,-35.43747554726419,-0.6406358553876998,4.38955942217193,3.124754278976552,0.6141810180393825,-1.2548168734270824,-0.026454837348317328,-1.4992451724538114e-12,False,False,52.77988301759615
67.90823333333334,66.01521666666666,15,-38.208131012142985,-28.28792391251045,-37.23735675811936,-0.9707742540185791,3.93177902732718,2.9870300605470255,0.37850579985716265,-1.3492800538757417,-0.5922684541614165,5.044853423896711e-12,False,False,53.265780668087245
68.04301666666667,66.15079999999999,15,-40.076615675672656,-29.5762790264489,-38.93330797593413,-1.143307699736397,3.287310313895113,2.4775718325920906,0.46042866225993717,-1.603736361996334,-0.6828790374764597,2.1316282072803006e-12,False,False,52.60273991619033
68.17911666666666,66.28585,15,-41.451334804580256,-30.29817119237123,-39.883584716160115,-1.567750088428511,2.528473061667102,1.5556416433394924,1.2204572626425048,-2.7882073510710157,-0.3472928257860062,-8.37019342725398e-12,False,False,49.55681825904321
68.31443333333333,66.42168333333333,15,-42.661163845899864,-30.9549792898506,-40.74818678180143,-1.9129770641093273,1.8718806019320484,1.3475055352874825,0.933966595291301,-2.8469436594006283,-0.9790104688180263,-1.0892620139202336e-11,False,False,51.69855272970017
68.4508,66.55671666666666,15,-43.59340242248436,-31.802145053457934,-41.86336984968148,-1.7300325728083408,1.3035039842926404,0.860291239559405,0.8527459706780658,-2.5827785434864063,-0.877286602130275,-5.4640736379951704e-12,False,False,52.01643557687203
68.58558333333333,66.69228333333334,15,-44.1708966902188,-31.68314084584199,-41.706716355122545,-2.4641803350987175,0.7790299453886081,0.7441156184335821,1.0261123314642884,-3.490292666563006,-1.438068003634429,-2.4655832930875476e-12,False,False,48.633377538957575
68.72063333333334,66.82733333333333,15,-44.38247362911716,-32.00750763639735,-42.133702864905054,-2.2487707642076202,0.4298594519217182,0.6249597750480165,1.0249120476396654,-3.2736828118472854,-1.2238587165679549,4.483524662646232e-12,False,False,51.61148537875124
68.85568333333335,66.96265,15,-44.23883948532239,-31.978326181695593,-42.09528929157917,-2.143550193750343,0.6354220236410241,0.870062097370446,1.1903379214800363,-3.3338881152303794,-0.9532122722703069,-7.126743639673805e-12,False,False,50.4491435686723
68.99098333333333,67.09823333333333,15,-43.85391309248007,-31.00627238757079,-40.81570744485692,-3.0382056476091748,1.1832235289333137,1.0737849970679043,0.5426361863943816,-3.5808418340035564,-2.495569461214793,1.397637561240117e-11,False,False,48.40497622664407
69.12656666666666,67.23328333333333,15,-42.901998077883036,-30.65567572886721,-40.354192739899155,-2.5478053379738412,1.9085012785170727,1.108211627462096,0.8319304931836439,-3.379735831157485,-1.7158748447901973,1.0039968856290216e-11,False,False,51.610322722444835
69.26161666666667,67.36805,15,-41.8386888738205,-29.894610250208643,-39.35234945041815,-2.4863394234052976,2.5049019575118034,1.2761378572489024,0.955235973304744,-3.4415753967100415,-1.5311034501005536,-2.9487523534044158e-12,False,False,50.214045490873104
69.39775,67.50338333333333,15,-40.5494205004361,-28.78404090210097,-37.89042997028874,-2.65899053015346,3.058649746671715,2.046469901499152,0.8159172546762206,-3.4749077848296803,-1.8430732754772394,-6.103562100179261e-12,False,False,47.769565082482586
69.53331666666666,67.63841666666666,15,-38.87878978687877,-27.193913136037736,-35.79723447460582,-3.081555312271121,3.32096095948284,2.9632508327510814,1.164499985684118,-4.246055297955239,-1.9170553265870027,1.8260948309034575e-12,False,False,45.41402956458478
69.66758333333334,67.77346666666666,15,-37.14752621968,-25.92613061206066,-34.12836438420781,-3.019161835472005,3.6981037838362227,3.383834430601149,1.0610074427222622,-4.080169278194267,-1.9581543927497427,1.8474111129762605e-13,False,False,47.05278834306955
69.80296666666666,67.90823333333334,15,-35.22734442496585,-24.342508849433216,-32.043733192210006,-3.1836112327482624,3.9790760804968754,3.549775408705844,0.9905503019158922,-4.1741615346641545,-2.1930609308323703,7.581490990560269e-12,False,False,46.3723672647684
69.93826666666668,68.04301666666667,15,-33.36784423004792,-22.696905696662725,-29.877511596326105,-3.4903326337225735,4.0963286665795895,3.939555981526166,1.2107792298206603,-4.701111863543234,-2.279553403901913,-7.567280135845067e-13,False,False,44.133019898574275
70.07356666666666,68.17911666666666,15,-31.405972331165685,-20.845468720293866,-27.44033665844631,-3.965635672722783,4.057366001517511,4.281172978673308,1.6374493776059542,-5.603085050328737,-2.328186295116829,-3.4070524179696804e-12,False,False,42.676892325231165
70.20859999999999,68.31443333333333,15,-29.157649099710397,-18.358125078157173,-24.16607365955152,-4.991575440158158,3.820254366748987,3.9262910742530535,1.4540546926100186,-6.445630132768176,-3.5375207475481396,7.176481631177012e-13,False,False,41.76053640625469
70.34525000000001,68.4508,15,-27.159179906542704,-16.310026685390767,-21.470019655622142,-5.68916025092858,3.5495753896893194,3.991447655702257,1.7810320044459407,-7.470192255374521,-3.9081282464826397,-8.01847477305273e-12,False,False,39.97182166683342
70.48003333333332,68.58558333333333,15,-25.26185533675016,-14.563444730130868,-19.170872656483645,-6.09098268026537,3.3469115388572135,3.9748545032382228,1.95277578322299,-8.04375846348836,-4.13820689704238,1.1439738045737613e-12,False,False,39.52710323577776
70.6151,68.72063333333334,15,-23.516744868440583,-12.461038863217254,-16.40332995668155,-7.1134149117551715,3.1000053068527733,3.1893248389068916,1.1821403440267682,-8.29555525578194,-5.931274567728403,3.8617997688561445e-12,False,False,38.252554047991
70.75066666666666,68.85568333333335,15,-21.91972005599746,-11.44038519113019,-15.059772718916847,-6.859947337085032,2.8498674468707232,2.544787283619202,1.1516104072752988,-8.011557744360331,-5.708336929809733,-4.419575816427823e-12,False,False,40.274083464239084
70.88625,68.99098333333333,15,-20.43916276325399,-10.371897572214948,-13.65324833839898,-6.785914424846851,2.738332350366999,1.9153706191806747,1.2159783734061087,-8.00189279825296,-5.5699360514407426,8.15880696336535e-12,False,False,39.01212717328599
71.02101666666667,69.12656666666666,15,-19.053039011261717,-9.10682819802605,-11.987949755295498,-7.065089255964267,2.666810742543279,1.174875473587104,1.3981116266301983,-8.463200882594466,-5.666977629334069,1.9522161665008753e-12,False,False,37.80820992054214
71.15686666666667,69.26161666666667,15,-17.475192651607358,-8.378428859276028,-11.029107172032704,-6.446085479576141,2.6185414053841285,1.3635374682401566,1.1294825539965072,-7.575568033572647,-5.316602925579634,-1.4868106745780096e-12,False,False,37.486694589555555
71.29191666666667,69.39775,15,-16.21030045556836,-7.704613639871241,-10.142117451909415,-6.0681830036674,2.4605501855934357,1.6393777220162649,0.8434120888267382,-6.911595092494139,-5.224770914840661,-8.457234912384592e-12,False,False,35.76359023452824
71.42698333333333,69.53331666666666,15,-14.795316668030864,-6.857773481129698,-9.027363000303472,-5.7679536677305805,2.4764597667181687,1.5523519126006118,0.9604983409626919,-6.728452008693273,-4.807455326767888,-3.1885605267234496e-12,False,False,36.06990482481342
71.562,69.66758333333334,15,-13.765870457969868,-5.844671052698686,-7.693745988440734,-6.072124469525079,2.170231879783894,1.1205002190840552,1.1549341016099122,-7.227058571134991,-4.9171903679151665,4.054534485931072e-12,False,False,33.816515518956294
71.69811666666666,69.80296666666666,15,-12.741628063045937,-5.28765429899795,-6.960506191771504,-5.781121871272262,1.826703620683417,1.0990933920922608,1.010375688744505,-6.791497560016767,-4.770746182527757,2.170708057747106e-12,False,False,33.51139778606739
71.83291666666668,69.93826666666668,15,-11.716796341592271,-4.824422171008337,-6.350721604358097,-5.3660747372268816,1.5808786382785,1.2240382671420422,0.6543557515618534,-6.020430488788735,-4.711718985665028,7.292833004157728e-12,False,False,33.02899869686371
71.96849999999999,70.07356666666666,15,-10.897571545807295,-4.308248619523511,-5.671246548316765,-5.226324997497613,1.5196457976351152,1.3852079540434314,0.5876703105915206,-5.813995308089134,-4.638654686906093,-7.083222897108499e-12,False,False,32.190431771487056
72.10355,70.20859999999999,15,-10.112594037014787,-3.772952972125495,-4.966599750804244,-5.145994286204768,1.537056412923669,1.5237487041892943,0.6461714224976711,-5.79216570870244,-4.499822863707097,5.774936084890214e-12,False,False,31.82874403520691
72.23859999999999,70.34525000000001,15,-9.305305259236775,-3.228558683422307,-4.249975780511466,-5.055329478728709,1.337608485238078,1.479776009462888,0.7788255044036221,-5.834154983132331,-4.276503974325086,-3.3999469906120794e-12,False,False,31.385242453536193
72.37336666666667,70.48003333333332,15,-8.498518484768283,-2.6310631586056843,-3.463450969154188,-5.03506751561963,1.3547598986711304,1.222888130233212,0.7697635180571519,-5.804831033676782,-4.265303997562478,-5.5351279115711804e-12,False,False,31.561967412060767
72.50814999999999,70.6151,15,-7.714335186035896,-2.1229280479601584,-2.794557470467077,-4.919777715573218,1.2652396990172914,0.7910034692832466,0.9131718520748149,-5.832949567648033,-4.006605863498404,-4.39914771277472e-12,False,False,31.388490757024556
72.64293333333333,70.75066666666666,15,-7.0956209958167165,-1.5755140713226865,-2.0739584754515628,-5.021662520364771,1.1370240739134194,0.05407144507330523,1.0869067202339595,-6.10856924059873,-3.9347558001308114,3.82804898890754e-13,False,False,30.511110385930806
72.77943333333333,70.88625,15,-6.69587227910597,-1.5098039204749512,-1.987459645162189,-4.708412633943226,0.9684100752737793,0.13807853488321237,0.8473960504889774,-5.555808684432203,-3.8610165834542487,5.551115123125783e-13,False,False,29.328554233587056
72.9142,71.02101666666667,15,-6.316338964530587,-1.4324559185552062,-1.8856411041154406,-4.430697860407236,0.8814044502151313,0.18934927850736336,0.7160489853736673,-5.146746845780903,-3.714648875033568,7.911005184269015e-12,False,False,29.016027256693633
73.04955,71.15686666666667,15,-5.8985190069288365,-1.3476013446997968,-1.7739411416514348,-4.124577865282845,0.9295436579393176,0.21553654080413343,0.7115162932505253,-4.8360941585333705,-3.4130615720323196,-5.4427573559223674e-12,False,False,29.118289565441955
73.18405,71.29191666666667,15,-5.4709529304927855,-1.2598601952995523,-1.658441379537772,-3.8125115509665193,0.7252083109929933,0.21117248433488878,0.5127203342005207,-4.32523188516704,-3.299791216765999,-1.1505463248795422e-11,False,False,28.276920659111056
73.31960000000001,71.42698333333333,15,-5.223799856910773,-1.1521489275837666,-1.516653565232029,-3.707146291681056,0.7044944317382711,0.21170829674910543,0.5082480806579132,-4.215394372338969,-3.1988982110231428,-2.311928426479426e-12,False,False,27.811527592704806
73.45545,71.562,15,-4.643464314365701,-1.0941045383515302,-1.4402457087794729,-3.203218605593065,0.41089893596091337,0.16511144206823647,0.30936829274904587,-3.512586898342111,-2.893850312844019,-6.836753385641714e-12,False,False,28.477090199019585
73.59131666666667,71.69811666666666,15,-4.4744334910137695,-0.9404404505148705,-1.2379670093110369,-3.236466481712341,0.3683591446562977,0.19054286853185629,0.24740918563135073,-3.4838756673436917,-2.9890572960809907,-9.608314144315955e-12,False,False,27.063846928642306
73.72745,71.83291666666668,15,-4.211211966154224,-0.9159493820952775,-1.2057277168501093,-3.005484249307301,0.4639201972610539,0.1828492173142261,0.363738500574857,-3.369222749882158,-2.6417457487324443,-3.1867841698840493e-12,False,False,27.8696246792897
73.86255,71.96849999999999,15,-4.0396633035634295,-0.7430315048077318,-0.9781039185703999,-3.0615593850043297,0.38997258876968743,0.28511968994553405,0.31498758728713383,-3.3765469722914636,-2.7465717977171957,-1.1300294033844693e-11,False,False,26.067114164186933
73.99758333333332,72.10355,15,-3.8196711844902893,-0.6178057914730744,-0.8132606244087396,-3.0064105600913535,0.47872913058059563,0.26211979058690926,0.30096278512007407,-3.3073733452114276,-2.7054477749712795,-9.803713396649982e-12,False,False,26.631469208972703
74.13265,72.23859999999999,15,-3.7026908115658443,-0.49093114005518146,-0.6462467186508591,-3.0564440929065313,0.48019827226522827,0.20677546170573063,0.3169365189839895,-3.373380611890521,-2.7395075739225416,8.453682198705792e-12,False,False,25.683010580301925
74.26821666666666,72.37336666666667,15,-3.5212694723268214,-0.4057318160448631,-0.5340929376404494,-2.9871765346906614,0.6269087665224341,0.18422122132769894,0.4432361197061105,-3.430412654396772,-2.543940414984551,-4.289457677941755e-12,False,False,25.957668783426925
74.403,72.50814999999999,15,-3.1830902023721137,-0.3122075649080216,-0.41098047750058303,-2.772109724868642,0.6074120214828111,0.15109995639981547,0.4763776839077197,-3.2484874087763616,-2.2957320409609223,2.8888003100746573e-12,False,False,25.774563314676925
74.53831666666666,72.64293333333333,15,-2.95354837688501,-0.26616423897939967,-0.35037045326419136,-2.603177923615476,0.38902765134440864,0.16788356855973918,0.2364655272333998,-2.839643450848876,-2.366712396382076,5.342393194496253e-12,False,False,24.897182943583175
74.67336666666667,72.77943333333333,15,-2.7877128128675395,-0.20634406511453562,-0.27162500830230324,-2.5160878045680874,0.19529898524812087,0.17088328223432295,0.15482226740628655,-2.670910071974374,-2.3612655371618008,-2.851052727237402e-12,False,False,24.530972006083175
74.80866666666667,72.9142,15,-2.602064210539538,-0.08975897877462558,-0.1181559709087386,-2.4839082396329104,0.2708264464298822,0.18155092795908312,0.13916926227274212,-2.6230775019056525,-2.3447389773601683,-2.1107560144173476e-12,False,False,24.728197454860492
74.94425,73.04955,15,-2.4472600643348414,-0.08733321905310731,-0.11496277509701967,-2.3322972892310645,0.3491046234692734,0.12448301989732875,0.3421564172031394,-2.6744537064342038,-1.9901408720279252,6.757261417078553e-12,False,False,25.07562912238791
75.07928333333332,73.18405,15,-2.307815564519842,-0.0923546193735092,-0.12157279270504377,-2.1862427718097024,0.21946972434638096,0.13323933107141733,0.34928824331526803,-2.5355310151249704,-1.8369545284944344,5.0959236830294685e-12,False,False,24.36609543098166
75.21431666666668,73.31960000000001,15,-2.3005350692510547,-0.12296394339864491,-0.1618659694816105,-2.138669099773324,0.2029174350154901,0.17030612391530595,0.37751052373222543,-2.5161796235055496,-1.7611585760410986,-3.880007426459997e-12,False,False,24.11818213962397
75.34961666666666,73.45545,15,-2.1757804906555975,-0.19700968893084791,-0.2593375213470393,-1.9164429693055354,0.30543047727779604,0.26224199345398114,0.6332692564407417,-2.549712225746277,-1.2831737128647935,3.0229152514493762e-12,False,False,25.00055804792646
75.48386666666667,73.59131666666667,15,-1.9490593472364708,-0.32268518069395213,-0.42477289005803653,-1.5242864571855534,0.2973078167718782,0.2411953333375488,0.6007552959892305,-2.125041753174784,-0.923531161196323,-7.119194123106354e-12,False,False,24.75641742292646
75.61943333333333,73.72745,15,-1.8448414212762145,-0.3637775009046891,-0.47886556198541563,-1.3659758592912112,0.3662111302437407,0.24437668567546375,0.672125473555508,-2.0381013328467192,-0.6938503857357032,-4.1233683134578314e-13,False,False,24.57331195417646
75.75448333333334,73.86255,15,-1.6405145217795507,-0.4668098463444039,-0.6144941862927541,-1.0260203354791884,0.2896051201115417,0.13450557925395132,0.42103927087984205,-1.4470596063590304,-0.6049810645993463,7.608136343151273e-12,False,False,24.277318664106133
75.88926666666666,73.99758333333332,15,-1.649560743750044,-0.39954491125172353,-0.5259486856365486,-1.1236120581170326,0.26461920336156136,0.16815860706184174,0.4359711711848662,-1.5595832293018987,-0.6876408869321664,-3.5371705564557487e-12,False,False,23.458669817737245
76.0243,74.13265,15,-1.4596483893510594,-0.3368360574495455,-0.4434006708671883,-1.016247718478553,0.20964202225203873,0.23816036079300995,0.3533993912368105,-1.3696471097153635,-0.6628483272417425,5.318190332559425e-12,False,False,23.549083743077063
76.16015,74.26821666666666,15,-1.4544355890975567,-0.3113260005993652,-0.40982001324141043,-1.0446155758509121,0.2559533771480552,0.2414136967254192,0.3613119216728064,-1.4059274975237186,-0.6833036541781057,5.234035427292838e-12,False,False,23.458669817737245
76.29491666666667,74.403,15,-1.4780402522155782,-0.275333430396131,-0.3624404960507993,-1.1155997561654658,0.21718520833879634,0.24139537245546663,0.41702594256546116,-1.532625698730927,-0.6985738136000046,-6.870060076380469e-13,False,False,22.596548235705995
76.42996666666666,74.53831666666666,15,-1.516856104524777,-0.24157362237383495,-0.3180001186197822,-1.198855985915543,0.3548543265116912,0.24180844214657368,0.5672076044455613,-1.7660635903611044,-0.6316483814699817,-1.0548228956963612e-11,False,False,22.25969005384104
76.56580000000001,74.67336666666667,15,-1.4751528687374957,-0.19545478275904316,-0.25729069047942343,-1.217862178267751,0.24607961350512902,0.25184644259127925,0.4631109385953768,-1.680973116863128,-0.7547512396723742,-9.67870228407719e-12,False,False,23.10655284680979
76.70245,74.80866666666667,15,-1.4963492859897087,-0.17232954355495167,-0.22684933377106606,-1.269499952226397,0.27313347025417933,0.2450381372573242,0.3952335270947391,-1.6647334793211361,-0.8742664251316579,-7.754241693191943e-12,False,False,23.090601571231673
76.83726666666666,74.94425,15,-1.3630857766183908,-0.047422693569387775,-0.0624257815573836,-1.3006599950631426,0.2829087755524557,0.14616327578318833,0.39760031115223754,-1.69826030621538,-0.9030596839109051,-2.135402965564026e-12,False,False,22.77085948743479
76.97258333333333,75.07928333333332,15,-1.2639144116874377,0.07685855243835249,0.10117424473818741,-1.365088656426451,0.28272506125168423,0.2013568205108899,0.41948821357856025,-1.7845768700050113,-0.9456004428478908,-8.260059303211165e-13,False,False,21.914283818950935
77.1082,75.21431666666668,15,-1.2551171899758629,0.19344855294548324,0.2546497509909915,-1.509766940960617,0.2653695865759632,0.205082836518943,0.34838947534529013,-1.858156416305907,-1.1613774656153268,6.2374549969490545e-12,False,False,21.837989873638435
77.2435,75.34961666666666,15,-1.246522595294664,0.25393214225186966,0.33426849572387796,-1.5807910910116334,0.3106818136560701,0.14516537196578996,0.2983523620755406,-1.879143453087174,-1.2824387289360928,6.908473793032499e-12,False,False,22.157926094521827
77.37963333333333,75.48386666666667,15,-1.1276040171542263,0.27838420467378455,0.36645644188396936,-1.4940604590328803,0.30901145069306324,0.13734925358942357,0.2967045896189672,-1.7907650486518474,-1.1973558694139133,5.3153037526953995e-12,False,False,21.723548955669685
77.51495,75.61943333333333,15,-1.038012431075913,0.25225273360774736,0.33205777361442707,-1.3700702046953666,0.3027750287821023,0.1304887191633058,0.3047431741308121,-1.6748133788261788,-1.0653270305645544,-5.026645766292859e-12,False,False,21.738309395303077
77.65053333333334,75.75448333333334,15,-0.9369872084098461,0.2133685376829817,0.2808718088762106,-1.2178590172852637,0.29788424398428054,0.1294128785338928,0.26163228313543635,-1.4794913004207,-0.9562267341498274,7.929212841872868e-13,False,False,21.669644844521827
77.78851666666667,75.88926666666666,15,-0.8157650598295731,0.2535442101980152,0.33375783384809077,-1.1495228936646527,0.27319685394221166,0.16601117262482437,0.15770130734767107,-1.3072242010123238,-0.9918215863169816,1.3011369759396985e-11,False,False,21.13716633743752
77.92493333333333,76.0243,15,-0.7816165979238576,0.30744593306371826,0.4047124111594286,-1.186329009075962,0.3173571392513405,0.19765921716831514,0.203200343200504,-1.389529352276466,-0.9831286658754579,7.324363338057083e-12,False,False,21.05324299759377
78.05971666666666,76.16015,15,-0.6465270661174145,0.2518359316200076,0.3315091082417769,-0.9780361743605681,0.1857153728908814,0.19853814553016802,0.2875778845524221,-1.2656140589129903,-0.6904582898081459,-1.3766765505351941e-12,False,False,21.93789652396663
78.19541666666667,76.29491666666667,15,-0.5015055142248457,0.29938084645255003,0.3940957781271125,-0.8956012923581511,0.21145773984910168,0.1657524132496326,0.31913498122147793,-1.214736273579629,-0.5764663111366732,-6.192935053661586e-12,False,False,21.12953694290627
78.33045,76.42996666666666,15,-0.5347290911595337,0.18811820554401493,0.24763304490654792,-0.7823621360603283,0.19421108299699183,0.2904407727953901,0.447442898296702,-1.2298050343570304,-0.33491923776362637,5.753286735910024e-12,False,False,21.95054746914684
78.46661666666667,76.56580000000001,15,-0.6566550310890307,0.06572224139745231,0.08651474591876408,-0.7431697770116443,0.13422909067471983,0.3714821465829923,0.6058712495035169,-1.3490410265151613,-0.13729852750812743,-3.849587315585268e-12,False,False,21.841128101841605
78.60378333333333,76.70245,15,-0.6129394060953928,-0.09445709726060159,-0.12434043021000368,-0.48859897588681633,0.07714063558104729,0.41701488045464286,0.6032784056321342,-1.0918773815189504,0.11467942974531786,-1.42724720930687e-12,False,False,21.982397993393533
78.7399,76.83726666666666,15,-0.6694321917093475,-0.2462908279921976,-0.3242097036376028,-0.3452224880693393,0.13622460965144645,0.2933406370495899,0.3820388496228245,-0.7272613376921637,0.036816361553485166,2.405409205152864e-12,False,False,21.238405933872855
78.87521666666666,76.97258333333333,15,-0.7206046905266703,-0.36076215207140194,-0.47489624912235207,-0.24570844141180714,0.19359683653647825,0.17344230688498224,0.2622675925442046,-0.5079760339560118,0.016559151132397476,-7.488898390306531e-12,False,False,21.101076832310355
79.00971666666666,77.1082,15,-0.6764725471402926,-0.35332040410867194,-0.46510015999791715,-0.21137238714527484,0.14037620029604023,0.1708959600149883,0.2399780247774996,-0.4513504119227745,0.028605637632224762,-2.8994029399598276e-12,False,False,21.486901636475523
79.14503333333333,77.2435,15,-0.6606539389104,-0.2904692334741412,-0.38236480370871284,-0.27828913522262155,0.14419005663237025,0.22303281968446276,0.27301091917050846,-0.55130005439313,-0.005278216052113094,-2.0934365352331952e-11,False,False,20.961942448651826
79.28035,77.37963333333333,15,-0.628852239857224,-0.259542184710881,-0.34165338381677945,-0.287198856051873,0.11488304582013736,0.25426886347809824,0.284052652755041,-0.571251508806914,-0.0031462032968320175,-1.1428413770886436e-11,False,False,20.786466374433076
79.41595000000001,77.51495,15,-0.60123692549314,-0.15671423827370745,-0.20629382409693695,-0.39494310139252775,0.10673763110722034,0.31318780949427677,0.3676460788048006,-0.7625891801973284,-0.02729702258772715,3.675282300719118e-12,False,False,20.550453493407986
79.55125,77.65053333333334,15,-0.60204005797641,-0.09044514838024043,-0.11905922356453205,-0.4829808344011326,0.09564154514274953,0.36324605375742386,0.4496930427753107,-0.9326738771764433,-0.033287791625821905,1.074540456613704e-11,False,False,20.474159548095486
79.68633333333334,77.78851666666667,15,-0.6170017042277323,-0.10355498722492484,-0.13631661394817443,-0.4806850902723454,0.0875791813539273,0.36468927085565483,0.46502859864668633,-0.9457136889190317,-0.015656491625659075,7.212452857174867e-12,False,False,20.86389912878076
79.82243333333332,77.92493333333333,15,-0.6293926375692536,-0.026526535250013694,-0.03491871866301011,-0.5944739189062602,0.0966760265279175,0.3011605664055152,0.37230498819908026,-0.9667789071053405,-0.22216893070717997,-1.6764367671839864e-14,False,False,20.72657002721826
79.95898333333334,78.05971666666666,15,-0.7280339980861754,0.07997481348866131,0.10527639535343498,-0.8333103934528481,0.17711351171147385,0.23338572795970183,0.23410082007952585,-1.067411213532374,-0.5992095733733223,-1.3237633211815591e-11,False,False,20.084257865215477
80.09455,78.19541666666667,15,-0.7274665082804859,0.027994087402475998,0.03685055937466505,-0.7643170676492446,0.1619273386914181,0.28127841287025734,0.26825460719971683,-1.0325716748489615,-0.49606246044952773,5.906386491005833e-12,False,False,20.60449971471826
80.22959999999999,78.33045,15,-0.682920997038309,0.14779793758134474,0.19455667891544345,-0.8774776759382803,0.14580782487810073,0.1864472712240998,0.2180442438468338,-1.095521919785114,-0.6594334320914466,1.5472179093478644e-11,False,False,20.351286673809227
80.3657,78.46661666666667,15,-0.6373541877946991,0.12016002800737624,0.15817498112675007,-0.7955291689222577,0.1420223519230413,0.19742756443967474,0.23867429180442062,-1.0342034607266783,-0.556854877117837,-8.08464406532039e-13,False,False,20.358916068340477
80.50135,78.60378333333333,15,-0.6066093725712562,0.08716665226893383,0.11474351168322149,-0.7213528842448795,0.1437270832663969,0.21955836499394402,0.22705004937105575,-0.9484029336159353,-0.49430283487382376,9.598211114791866e-12,False,False,20.213957572246727
80.63691666666666,78.7399,15,-0.5877924185260781,-0.008213431225158274,-0.010811909339314724,-0.5769805091767921,0.1793469109082994,0.18799237834252386,0.1386989213451894,-0.7156794305219816,-0.4382815878316027,9.971246051065918e-12,False,False,20.20014180456201
80.7717,78.87521666666666,15,-0.645276515151636,-0.060702647431753576,-0.079907106140754,-0.5653694090151475,0.1330130347195306,0.17254565383190237,0.1601225382291244,-0.7254919472442719,-0.4052468707860232,-4.265587882912314e-12,False,False,20.07604605943925
80.90806666666667,79.00971666666666,15,-0.722681784627639,-0.12247488480716129,-0.1612221877285549,-0.561459596900022,0.08552184711327859,0.11998246884924132,0.19510486564757248,-0.7565644625475945,-0.36635473125244955,-9.379164112033322e-13,False,False,20.02466573034326
81.04358333333333,79.14503333333333,15,-0.6776121178809262,-0.16471261563856388,-0.21682264312029076,-0.4607894747532555,0.07453647507089947,0.08822865978930744,0.06325742686376915,-0.5240469016170246,-0.3975320478894864,7.379985511590803e-12,False,False,19.95600117956201
81.17891666666667,79.28035,15,-0.6290021360582614,-0.1572781160248269,-0.20703609550049917,-0.42196604056243814,0.10949419920206913,0.11459890866742724,0.07051887643878409,-0.4924849170012222,-0.35144716412365407,-4.675926312813772e-12,False,False,20.00177754674951
81.31423333333333,79.41595000000001,15,-0.6206205946473347,-0.1381170972053951,-0.1818131171074942,-0.4388074775442874,0.12648752103862299,0.14642418877635188,0.09576788903531594,-0.5345753665796034,-0.3430395885089714,-4.446942813984833e-12,False,False,19.763240883658
81.44956666666667,79.55125,15,-0.5923745786458312,-0.08710683033132227,-0.11466476391651746,-0.47770981472967833,0.11151314683260471,0.09983725319418096,0.08068212274366841,-0.5583919374733467,-0.3970276919860099,-3.645972412869014e-13,False,False,19.76729174891807
81.58513333333333,79.68633333333334,15,-0.5554971593301161,-0.015259551684721373,-0.020087206534150463,-0.5354099527958169,0.08395503162271466,0.02629191970391477,0.10007127637199104,-0.635481229167808,-0.4353386764238259,1.4876988529977098e-13,False,False,19.64097643407149
81.72071666666668,79.82243333333332,15,-0.5335147957048321,-0.019897544334526174,-0.02619251802595409,-0.5073222776900366,0.09041793301093014,0.021621620230833766,0.09033066301131344,-0.59765294070135,-0.41699161467872314,-1.1158629575902523e-11,False,False,19.54179430516524
81.85616666666667,79.95898333333334,15,-0.5203449707369145,-0.034185705495474394,-0.045001015822161435,-0.47534395492311887,0.1305875943588814,0.015101027455299195,0.12838874677127868,-0.6037327016943975,-0.3469552081518402,-8.36575253515548e-12,False,False,19.53078051844932
81.99146666666667,80.09455,15,-0.615904519752803,-0.04031868313541054,-0.05307427977303309,-0.5628302399763925,0.022727654694102706,0.02422467744337388,0.037438003600702374,-0.6002682435770949,-0.5253922363756901,3.3774094632121887e-12,False,False,19.446274767360592
82.12785000000001,80.22959999999999,15,-0.5800418175676896,-0.05670449312310666,-0.07464405824704645,-0.5053977593224772,0.039468671889617106,0.020461398629223762,0.053898531351384865,-0.5592962906738621,-0.4514992279710923,-1.8340884366807586e-12,False,False,19.545456896266842
82.26315,80.3657,15,-0.6030038297467399,-0.05771305348389433,-0.07597169622015833,-0.5270321335156041,0.03588644548437096,0.019878716088529588,0.0379595063310913,-0.5649916398466954,-0.4890726271845128,1.097755220058616e-11,False,False,19.255539904079342
82.39818333333332,80.50135,15,-0.5994085309903312,-0.05530243610701291,-0.07279843332720504,-0.5266100976477901,0.034949574133966786,0.01768687520089056,0.03477521080461441,-0.5613853084524045,-0.49183488684317567,1.53360657506596e-11,False,False,19.209763536891842
82.5335,80.63691666666666,15,-0.5690797277056845,-0.049473938008304685,-0.065125976920122,-0.5039537507773275,0.04421435728335274,0.01738125926115917,0.04196978059364883,-0.5459235313709764,-0.4619839701836787,8.234968262854636e-12,False,False,19.331833849391842
82.66963333333334,80.7717,15,-0.5219624478013429,-0.09683107669115998,-0.12746546403240605,-0.39449698376847664,0.09590973766474875,0.06376322617312649,0.17446826189195797,-0.5689652456604346,-0.22002872187651867,4.602429548583586e-13,False,False,19.691554201395775
82.8052,80.90806666666667,15,-0.5111253518261947,-0.12992512875644024,-0.17102946070950448,-0.340095891107012,0.08997647949702633,0.08944561537045004,0.20118250470841514,-0.5412783958154271,-0.13891338639859685,9.678202683716108e-12,False,False,19.462672365458275
82.94059999999999,81.04358333333333,15,-0.5116840671653335,-0.1607744989087223,-0.21163862685675103,-0.3000454403099866,0.0797725508050483,0.08796041464672971,0.18681470272152692,-0.4868601430315135,-0.11323073758845967,-1.4040990592434355e-12,False,False,19.355860842020775
83.07561666666668,81.17891666666667,15,-0.48897115311046946,-0.1837872782125487,-0.24193194479633534,-0.24703920831598225,0.08106802125814472,0.07204650626514654,0.1713663807595183,-0.4184055890755005,-0.07567282755646396,-1.848132757942267e-12,False,False,19.409266603739525
83.21175,81.31423333333333,15,-0.4262012386279821,-0.11660127493087202,-0.1534903475589528,-0.27271089107671287,0.06979521713948775,0.13701459261532054,0.1615659706509642,-0.4342768617276771,-0.11114492042574867,-7.683575997674552e-12,False,False,18.852262754597177
83.34651666666667,81.44956666666667,15,-0.41819369085351354,-0.046976806723250775,-0.06183882976782462,-0.3563548610845828,0.05709556404111306,0.19554503761988695,0.24079606091433564,-0.5971509219989184,-0.11555880017024717,1.1061151994340435e-12,False,False,18.646269102253427
83.48158333333335,81.58513333333333,15,-0.38550727722395095,-0.018649581226782175,-0.024549737608141855,-0.36095753962035815,0.06178992853368453,0.18802555563554432,0.2138813768146464,-0.5748389164350045,-0.14707616280571176,-4.5490278210991164e-12,False,False,18.910968265867268
83.61633333333333,81.72071666666668,15,-0.35585965608333936,-0.012600776899489574,-0.016587276828337626,-0.3392723792539982,0.05639391999213892,0.14448865284905868,0.16901049178468427,-0.5082828710386825,-0.17026188746931395,1.003530591958679e-12,False,False,19.075902889329882
83.75173333333333,81.85616666666667,15,-0.32035241338962805,0.02984579989424674,0.03928809699258259,-0.3596405103926372,0.05969096568391797,0.11215380185597383,0.139305342415059,-0.4989458528076962,-0.2203351679775782,-1.0426604024615926e-11,False,False,18.880450687742268
83.88730000000001,81.99146666666667,15,-0.3226233716268325,0.030377904200577177,0.03998854280644435,-0.3626119144355471,0.04245539736060187,0.10563010869111215,0.1381709241993166,-0.5007828386348636,-0.2244409902362305,-2.27018404075352e-12,False,False,18.892797420579882
84.02268333333333,82.12785000000001,15,-0.33378053195338,0.05878355156528414,0.07738086711190996,-0.411161399073535,0.05168820536196135,0.10781190257768422,0.1570509591804102,-0.5682123582539452,-0.25411043989312476,-8.245071292378725e-12,False,False,18.651568851804768
84.15803333333334,82.26315,15,-0.29997532056222553,0.054163877430255525,0.07129966955197738,-0.371274990123311,0.06229578033963981,0.11035379363849591,0.18292679087885552,-0.5542017810021665,-0.18834819924445548,-9.10810316057109e-12,False,False,18.90303465899342
84.29333333333334,82.39818333333332,15,-0.3100752482932876,0.14990861547994427,0.19733511066443685,-0.5074103589713559,0.04664770712061487,0.15207173057558732,0.20430182264479288,-0.7117121816161488,-0.303108536326563,-1.3631429318650135e-11,False,False,18.18978032812447
84.42945,82.5335,15,-0.3451373144671379,0.23413106851512566,0.30820296863855967,-0.6533402831109925,0.04720583929627709,0.16500268723317665,0.20525366841230988,-0.8585939515233023,-0.4480866146986826,-5.2948756490422966e-12,False,False,18.03719243749947
84.56448333333333,82.66963333333334,15,-0.3147518976511492,0.3067978035323904,0.40385923329249945,-0.7186111309656553,0.060304261213954616,0.1402409424944487,0.17574571801257022,-0.8943568489782255,-0.5428654129530851,-2.2006618749514928e-11,False,False,18.16689214453072
84.69980000000001,82.8052,15,-0.29843049481132766,0.27496100023563486,0.36195024039270396,-0.6603807352112199,0.03775983808705532,0.13262751498753134,0.15707848347100586,-0.8174592186822257,-0.503302251740214,-7.1882499952380385e-12,False,False,18.256975844073168
84.8351,82.94059999999999,15,-0.32176794115730445,0.23164582575191162,0.30493147117234204,-0.6266994123243421,0.05716124465501383,0.1472904806253337,0.16108856044194236,-0.7877879727662844,-0.46561085188239976,5.304423567054073e-12,False,False,18.180681898760668
84.97146666666666,83.07561666666668,15,-0.3361556508898502,0.16200488452523132,0.213258268803389,-0.5494139196925971,0.03284469465353922,0.1532010692781602,0.19522788241685632,-0.7446418021094534,-0.35418603727574083,6.421529974431905e-13,False,False,18.354799013417505
85.1068,83.21175,15,-0.32803154184875893,0.06756664698332315,0.08894266494951934,-0.4169742067988409,0.032926047998697146,0.16820098687668467,0.23133005262976153,-0.6483042594286024,-0.18564415416907937,-5.626055177287981e-13,False,False,18.450014338879555
85.24263333333333,83.34651666666667,15,-0.3412064798758365,0.06013334842646145,0.0791576983642176,-0.42036417823874217,0.046832182095961135,0.1678904814734753,0.2205885051645352,-0.6409526834032774,-0.19977567307420696,1.3119505481995475e-12,False,False,18.213503108410805
85.3782,83.48158333333335,15,-0.3354284559500229,0.07284529617027147,0.09589131708755837,-0.431319773038922,0.0460602560196531,0.16123199376789346,0.2254368986102438,-0.6567566716491657,-0.2058828744286782,-1.340705324537339e-12,False,False,18.316652040761255
85.5143,83.61633333333333,15,-0.32404773510279483,0.059032835608377354,0.07770901699224328,-0.4017567520886587,0.04475451163469291,0.170185059328508,0.2390517260018523,-0.640808478090511,-0.1627050260868064,6.379452521798612e-12,False,False,18.186952333730005
85.65068333333333,83.75173333333333,15,-0.29959043314738665,0.006465455808211118,0.008510928029884044,-0.30810136117179354,0.05658259656069762,0.17342099397740368,0.24250074052878556,-0.5506021017005791,-0.06560062064300798,5.477174269685747e-12,False,False,18.24277180222998
85.78575000000001,83.88730000000001,15,-0.26397344476208673,-0.01542953457465046,-0.02031096680495161,-0.24366247795660456,0.051714152455140126,0.19692813653903185,0.2534844334475211,-0.49714691140412565,0.009821955490916523,5.305478278927467e-13,False,False,18.18936604051123
85.92078333333333,84.02268333333333,15,-0.28322413158093696,-0.16372306872654008,-0.21552003386886992,-0.06770409772161656,0.046858020631468225,0.2189222783365264,0.28561967489673457,-0.35332377261835113,0.217915577175118,-9.549527835162053e-12,False,False,18.682144478290866
86.05583333333334,84.15803333333334,15,-0.3061197435563372,-0.26862833570703515,-0.3536141147367428,0.047494371180619055,0.05367306416151543,0.22084877077335238,0.28197166734324897,-0.2344772961626299,0.329466038523868,2.1344037648418634e-13,False,False,18.598221138447116
86.1914,84.29333333333334,15,-0.2846552439041261,-0.3079316382027173,-0.4053517785303285,0.1206965346218567,0.046874293328680754,0.1144053746686137,0.11922459685616517,0.0014719377656915306,0.23992113147802185,-4.345690474139019e-12,False,False,18.07492512254248
86.3267,84.42945,15,-0.2826838087567012,-0.2367969667975558,-0.31171227549793673,0.029028466741692682,0.04113805082209276,0.17563789242447284,0.23119284432256632,-0.20216437758087363,0.260221311064259,4.571343303894082e-13,False,False,17.87694913888845
86.4628,84.56448333333333,15,-0.3053690669548814,-0.15764053191014682,-0.2075131686734265,-0.09785589828061347,0.052412346104226445,0.2006177633446093,0.27648069252729585,-0.3743365908079093,0.17862479424668237,8.414380303634061e-13,False,False,17.81591398263845
86.59826666666666,84.69980000000001,15,-0.2690214478971029,-0.051561568088800414,-0.06787406922717253,-0.20114737867152144,0.044870613038609425,0.19184434198299302,0.2741788667872098,-0.47532624545873126,0.07303148811568838,-1.5910606165903118e-12,False,False,17.76425545465463
86.73403333333334,84.8351,15,-0.25619015883785323,-0.009052006163983606,-0.011915783708534411,-0.24427437513622863,0.05169913991310747,0.15954242726774326,0.21485105241129013,-0.4591254275475187,-0.0294233227249385,-6.909806060662049e-12,False,False,17.9303549006072
86.87028333333333,84.97146666666666,15,-0.24856485146665364,0.011971048475970747,0.015758321616218717,-0.26432317308626807,0.07054557655977298,0.11482329260918195,0.1595983418283988,-0.4239215149146669,-0.10472483125786927,-3.3957281431185038e-12,False,False,18.0960660724013
87.00503333333333,85.1068,15,-0.24717492656418472,0.021123203361639753,0.027805938035057452,-0.27498086460036575,0.05859328532747527,0.10658365214388073,0.14649237464539594,-0.4214732392457617,-0.1284884899549698,-1.1236012120718897e-12,False,False,17.93584878724505
87.14033333333333,85.24263333333333,15,-0.21163444574995083,-0.0478072788901045,-0.06293203789615757,-0.14870240786694922,0.07137551694953705,0.16565240279157964,0.24056208842081941,-0.3892644962877686,0.0918596805538702,-1.3155976308354411e-11,False,False,18.50985865918483
87.2762,85.3782,15,-0.24986140293913195,-0.11899242736762972,-0.15663798740081528,-0.09322341553888691,0.06703393855646356,0.20884599085052333,0.279403263300272,-0.3726266788391589,0.18617984776138508,-5.70238301023096e-13,False,False,18.404490157139662
87.41125000000001,85.5143,15,-0.18233951936053927,-0.1490631483211473,-0.19622216358791164,0.01388264422712382,0.09234125963336504,0.21751393947733633,0.33063044152646826,-0.31674779729934444,0.3445130857535921,-2.485511796379569e-13,False,False,18.59378199902858
87.54683333333334,85.65068333333333,15,-0.15198327331381734,-0.15168164790520677,-0.19966907625227606,0.04768580294785352,0.10920765524449867,0.21770545966877408,0.3437994023631872,-0.29611359941533366,0.3914852053110407,9.394790501104922e-12,False,False,18.38412575559778
87.68211666666666,85.78575000000001,15,-0.12967154110810952,-0.14614237451314693,-0.1923773463919003,0.0627058052805296,0.07603949676959317,0.23519980117831743,0.358042241592181,-0.2953364363116514,0.4207480468727106,-3.261169112533935e-12,False,False,18.24679665403528
87.81823333333334,85.92078333333333,15,-0.13711241669079755,-0.13105099295717082,-0.172511513865242,0.03539909717346745,0.07577268740640017,0.2787046534480927,0.3942124868697945,-0.35881338969632703,0.42961158404326194,-9.769962616701378e-13,False,False,18.07894997434778
87.95408333333333,86.05583333333334,15,-0.15258060032647336,-0.17612616944825277,-0.2318470958303539,0.0792664955051805,0.08901524956347391,0.2202845990181694,0.3360508211569092,-0.2567843256517287,0.4153173166620897,1.2999601395335958e-12,False,False,17.8861056166279
88.08993333333333,86.1914,15,-0.1610113496426493,-0.2593330926683848,-0.3413781414552051,0.18036679181204818,0.07474650795378755,0.14879734897509106,0.2596664809798668,-0.0792996891678186,0.44003327279191495,-5.076494780098528e-13,False,False,18.17832624034054
88.22635,86.3267,15,-0.13886398259637645,-0.2136019384233805,-0.2811790504632822,0.14231506787928083,0.07366565119791463,0.18284124253167078,0.2835254307422536,-0.14121036286297278,0.42584049862153445,1.2375100943984307e-11,False,False,17.9623995619404
88.36165,86.4628,15,-0.16378216677185264,-0.12934335253885365,-0.17026362831280178,0.006481461541625322,0.05741963824326493,0.24881028269841224,0.35754802465685154,-0.3510665631152262,0.36402948619847686,6.761813331479516e-13,False,False,17.64207506688399
88.49723333333333,86.59826666666666,15,-0.17801027214954956,-0.043718770204577595,-0.05755005026770868,-0.12046022187132621,0.03933354490336672,0.2883610708220817,0.37592410401461385,-0.49638432588594006,0.25546388214328763,1.0514672466044317e-11,False,False,17.72599840672774
88.632,86.73403333333334,15,-0.1436761812401528,0.05581024752245867,0.07346690072344392,-0.21714308195805643,0.0817005847482886,0.2553927428289654,0.3083451132651675,-0.525488195223224,0.09120203130711108,5.5402904486356874e-12,False,False,17.93623706141807
88.76705,86.87028333333333,15,-0.12702266174164834,0.13907345749248634,0.1830720405021504,-0.31009470224216784,0.07511764320316194,0.1973086399296578,0.25520457704424254,-0.5652992792864104,-0.0548901251979253,1.630917623174355e-12,False,False,17.79127856532432
88.90235,87.00503333333333,15,-0.0961081733876199,0.1900604771253711,0.2501897917367432,-0.3462979651085334,0.07974730349971326,0.1345069744552473,0.21658707885186246,-0.5628850439603958,-0.12971088625667093,1.5829726418559176e-11,False,False,17.889684145899082
89.03818333333334,87.14033333333333,15,-0.08848827468318632,0.24171860816932167,0.3181909734809624,-0.406679248162618,0.09346465551436824,0.08258229017358788,0.18270630563245338,-0.5893855537950714,-0.22397294253016464,1.5307199952019346e-12,False,False,17.912572329492832
89.1735,87.2762,15,-0.035461326526274206,0.22168034245623858,0.2918132141416824,-0.3272745406629838,0.11854952853396425,0.09780622278998018,0.2305361649867653,-0.5578107056497491,-0.09673837567621849,4.972799949598539e-12,False,False,18.011754458399082
89.30856666666666,87.41125000000001,15,-0.04311056301230565,0.17953006069365074,0.236327874026122,-0.27943843704815663,0.14376479079868992,0.09450520128197853,0.24567215343855908,-0.5251105904867157,-0.03376628360959755,-9.72899538709271e-12,False,False,17.889684145899082
89.4435,87.54683333333334,15,0.017228790533408755,0.14089767045516055,0.185473378582102,-0.16824458806149778,0.09167451720384122,0.09244664080813285,0.18737359260272687,-0.3556181806642247,0.019129004541229094,-1.2804535209909318e-11,False,False,17.943089907617832
89.5788,87.68211666666666,15,0.050082833105989266,0.11640897612232948,0.15323721129628443,-0.10315437819826911,0.04070849661191803,0.09665152899245628,0.13695315852281625,-0.24010753672108537,0.03379878032454714,-7.973954829765262e-12,False,False,17.839274502221087
89.71411666666667,87.81823333333334,15,0.028227662627614336,0.08493471538895392,0.11180545832453512,-0.08357779568996193,0.09357561667463773,0.09514694988294967,0.11519260348407047,-0.19877039917403239,0.03161480779410854,6.9588501627748656e-12,False,False,17.671427822533587
89.84995,87.95408333333333,15,-0.04991339342450374,0.06971555814379826,0.0917714257936026,-0.14168481922934006,0.14604386720667856,0.07869127294170282,0.18405639737729262,-0.3257412166066327,0.04237157814795256,-1.1233736163518415e-11,False,False,17.360758154645737
89.98498333333333,88.08993333333333,15,-0.04411215443178662,0.08131201616197359,0.10703664800251746,-0.151148802427997,0.10433854358379654,0.09306125843937715,0.16847968528317056,-0.3196284877111676,0.017330882855173563,6.307065980593052e-12,False,False,17.742227881208237
90.12108333333335,88.22635,15,-0.03564929026106256,0.11748649786022725,0.15465562791437293,-0.19030491816738504,0.09509707145229451,0.15498100391966238,0.22204422965518708,-0.41234914782257215,0.03173931148780204,8.050449196161935e-12,False,False,17.22683945872268
90.2572,88.36165,15,-0.0400672652576759,0.16905971675441833,0.2225450339049712,-0.2626122991596276,0.0855363338475409,0.20554029855729425,0.2838940796302335,-0.5465063787898611,0.021281780470605915,3.0195290712242695e-12,False,False,17.15817490794143
90.39278333333333,88.49723333333333,15,-0.0261064282967709,0.2386642931996903,0.3141703667893017,-0.3402767951019996,0.10228456460648583,0.19653140388108323,0.2161353484109331,-0.5564121435129327,-0.1241414466910665,-1.592698195551634e-11,False,False,17.37942734934768
90.52915,88.632,15,-0.0270695534600236,0.3093393073977495,0.40720479115065894,-0.4342743446068198,0.09428742008232309,0.16991988698869448,0.1734690718282873,-0.6077434164351071,-0.2608052727785325,3.862743458427076e-12,False,False,17.156731886563648
90.66498333333334,88.76705,15,-0.0059609560084936675,0.35702728352771373,0.46997978254685735,-0.4759407385608938,0.07654233871271647,0.13747594952139386,0.16399233627359866,-0.6399330748344925,-0.31194840228729515,-5.542788450441094e-12,False,False,17.118584913907398
90.80083333333333,88.90235,15,0.007736498879239662,0.36766133576020366,0.48397812325190204,-0.4762416243820553,0.08301008627335864,0.11216028012701337,0.1408621562663891,-0.6171037806484444,-0.3353794681156662,-9.392930877538674e-12,False,False,17.391107609139
90.93615,89.03818333333334,15,0.01215180855433573,0.35825991354795406,0.4716023789578353,-0.4594505704162657,0.09267821218041362,0.12056477451150144,0.1642560544542708,-0.6237066248705365,-0.29519451596199486,-1.2766121493257288e-11,False,False,17.3148136638265
91.07171666666666,89.1735,15,0.03242097990005277,0.32103702838503523,0.42260331283106606,-0.3901823329342733,0.10780498691422759,0.15742461829190627,0.24035517393648337,-0.6305375068707566,-0.14982715899778992,-3.2600033783580784e-12,False,False,17.491344485264563
91.20701666666668,89.30856666666666,15,0.07793444049093523,0.27458113343527657,0.36145019536963136,-0.2835157548634015,0.09043377460613215,0.1880985336113663,0.28132230613715337,-0.5648380610005549,-0.0021934487262481595,1.529459892068985e-11,False,False,17.521862063389563
91.3424,89.4435,15,-0.037850148535653716,0.21887863597657997,0.28812513353042046,-0.32597528205769777,0.21664211628681693,0.20912260008016356,0.23424433904907896,-0.5602196211067767,-0.09173094300861881,8.376410676191881e-12,False,False,16.781810793858313
91.47776666666667,89.5788,15,-0.01879081227525603,0.15388818661449477,0.20257369623684904,-0.22136450851758127,0.19754897796602136,0.21986112162681234,0.18856992013010931,-0.4099344286476906,-0.03279458838747196,-5.4762028245392e-12,False,False,17.361644778233313
91.61253333333335,89.71411666666667,15,0.033753765954315895,0.1364301405956212,0.179592459087206,-0.1458386931262794,0.18367261603469495,0.19430853084709737,0.1470285370893777,-0.2928672302156571,0.0011898439630982915,6.610711977828032e-12,False,False,17.239212205029617
91.74786666666667,89.84995,15,0.007839121630240697,0.10297798886676901,0.13555707097931075,-0.1277179493490621,0.15612948671295765,0.16132023126069245,0.12279955701627486,-0.250517506365337,-0.00491839233278725,7.93809462606987e-15,False,False,17.033218552685867
91.88371666666667,89.98498333333333,15,-0.06132669560611248,-0.11182336244746693,-0.14720084988305784,0.08587415427609812,0.0958491688328372,0.26544657367825,0.37835649562634344,-0.2924823413502453,0.46423064990244156,-8.472389456670726e-13,False,False,18.358325515779143
92.01955,90.12108333333335,15,-0.04144551171339117,-0.2566156963039248,-0.33780104409770473,0.2963555323967739,0.083370383475575,0.253897529153365,0.3698548660970715,-0.0734993337002976,0.6662103984938454,1.246036607227552e-11,False,False,18.045546353452664
92.15511666666666,90.2572,15,-0.031810041356948204,-0.3205699686150183,-0.42198848965290436,0.3901784482932271,0.07316603605061317,0.23477660704062892,0.3493767519573734,0.04080169633585373,0.7395552002506005,-2.7290392168310973e-12,False,False,18.045546353452664
92.29073333333334,90.39278333333333,15,-0.006078199738112744,-0.40503895034999005,-0.5331808704578154,0.5271026707132478,0.11137189658054006,0.21279473687439804,0.3724113276204423,0.15469134309280547,0.8995139983336902,-6.45483666517066e-12,False,False,18.474513667482825
92.42603333333334,90.52915,15,0.034395183702145005,-0.4407724973243603,-0.5802194174021943,0.614614601100584,0.09926261798587457,0.1563850663891434,0.28082225146753564,0.3337923496330483,0.8954368525681196,-3.755329380794592e-12,False,False,18.14134409015969
92.56185,90.66498333333334,15,0.07686095618919353,-0.436135108830058,-0.5741149012021928,0.6509758573838553,0.1303465882158239,0.13809988166685616,0.2625186714395782,0.38845718594427714,0.9134945288234335,-7.530975842939824e-12,False,False,18.228651822202664
92.69785,90.80083333333333,15,0.06979417237744201,-0.38965303467193735,-0.512927322232574,0.5827214946084496,0.14008681792773556,0.1648013351428825,0.3040577107322616,0.27866378387618795,0.8867792053407112,-1.5664136654436334e-12,False,False,17.85955484193255
92.83368333333333,90.93615,15,0.10997703859538888,-0.35529799617870594,-0.46770340163776464,0.5776804402257767,0.12418589720838275,0.19250130828990522,0.3185108288764601,0.2591696113493166,0.8961912691022368,-7.37676586481939e-12,False,False,17.99688394349505
92.96898333333334,91.07171666666666,15,0.12843293293190072,-0.30996634027542314,-0.40803019802877477,0.5364631309566903,0.11987776659623621,0.21375626224864333,0.3486203799851087,0.1878427509715816,0.8850835109417989,-3.985256569194462e-12,False,False,17.9739957599013
93.10539999999999,91.20701666666668,15,0.1343465604222729,-0.18190857977242558,-0.23945888370241578,0.3738054441200802,0.1380649833605256,0.3357721130063998,0.537923763411846,-0.1641183192917658,0.9117292075319262,-4.608424752916562e-12,False,False,17.209166962878953
93.24121666666666,91.3424,15,0.17964419057534542,-0.05813641919303336,-0.07652900187465325,0.25617319244156533,0.1901596989413691,0.4319910248151888,0.676441184951538,-0.4202679925099727,0.9326143773931034,-8.433365117355152e-12,False,False,17.377013642566453
93.37733333333334,91.47776666666667,15,0.03811079041406629,0.06137861545357737,0.08079692974405493,-0.042686139333454776,0.05513725259913849,0.48238237242916127,0.6534571909065198,-0.6961433302399745,0.610771051573065,-3.4661301606675465e-12,False,False,17.216796357410203
93.51211666666667,91.61253333333335,15,0.011628325057245092,0.1723973112202657,0.22693854105039019,-0.2153102159873015,0.06760853391786302,0.47895204597593455,0.6337249361778273,-0.8490351521651288,0.41841472019052584,5.84360337896328e-12,False,False,17.300331423095486
93.6477,91.74786666666667,15,0.03631087195753935,0.34276777993363794,0.4512090086940807,-0.4148981367425222,0.07162339025448285,0.3303339850644604,0.492485295096298,-0.9073834318388202,0.07758715835377583,-5.9808269448069495e-12,False,False,17.285460908191453
93.78346666666667,91.88371666666667,15,0.000985173090157332,0.5122291012448841,0.6742827025390509,-0.6732975294407879,0.08412448035913615,0.11378798352455755,0.18222686287427722,-0.8555243923150652,-0.49107066656651066,8.105627280485805e-12,False,False,17.208778688720486
93.91935,92.01955,15,-0.040767735732515575,0.46625383767241146,0.6137622735039744,-0.6545300092320758,0.06271410467829816,0.1361824075320573,0.19690371417377253,-0.8514337234058483,-0.4576262950583033,4.41413572360716e-12,False,False,17.224037477782986
94.05518333333333,92.15511666666666,15,-0.11242559343372704,0.46009338732255856,0.6056528453190838,-0.7180784387410313,0.09923093172161403,0.14402876631291592,0.1442152026318941,-0.8622936413729254,-0.5738632361091371,1.1779577313575373e-11,False,False,16.972267458251736
94.1905,92.29073333333334,15,-0.13290567809599452,0.4376407628042216,0.5760968979851172,-0.7090025760708158,0.0630329090406451,0.17717961897242127,0.19079509792083416,-0.89979767399165,-0.5182074781499817,1.0295875263466314e-11,False,False,17.213800239369448
94.3266,92.42603333333334,15,-0.12788483123586047,0.3578362118205405,0.4710446309791739,-0.5989294622067973,0.060549317530135045,0.18454340671123953,0.2109903979211883,-0.8099198601279856,-0.38793906428560904,8.236966664298961e-12,False,False,17.152765083119448
94.4619,92.56185,15,-0.16264445778506342,0.28861866678562365,0.37992877439110906,-0.5425732321746182,0.04696010562537942,0.20191941634605678,0.24273323932412924,-0.7853064714987474,-0.2998399928504889,1.5543122344752192e-12,False,False,17.053582954213198
94.59666666666666,92.69785,15,-0.20100743243892794,0.1532994455883454,0.20179869557944236,-0.4028061280141628,0.09789367469178063,0.2595683875918038,0.25967060166387823,-0.662476729678041,-0.1431355263502846,4.207467707573187e-12,False,False,17.25153292441246
94.73196666666666,92.83368333333333,15,-0.22821243684302317,-0.009601424990250962,-0.012639021826206832,-0.21557341502557392,0.05880893927170864,0.33755442938233754,0.40319720371203555,-0.6187706187376094,0.18762378868646162,-8.757577996121313e-12,False,False,17.791362627140188
94.86755,92.96898333333334,15,-0.29354347087428323,-0.1694501034799032,-0.2230589270353216,-0.07048454384676006,0.11786453772576982,0.3169121654370467,0.3206022333196952,-0.39108677716645524,0.2501176894729351,-7.798428569572025e-12,False,False,17.394634111515188
95.00313333333334,93.10539999999999,15,-0.29446131061558845,-0.3263052294169029,-0.42953821133771786,0.1350769007249255,0.09340147434778513,0.21352252799818422,0.21531836032746157,-0.08024145960253606,0.35039526105238705,2.7960966875184567e-12,False,False,17.661662920108938
95.13926666666666,93.24121666666666,15,-0.3029306194912351,-0.2966724587677163,-0.39053053951959316,0.08759992002796935,0.07217850884078682,0.17609716951214643,0.1851427385454333,-0.09754281851746396,0.27274265857340263,-3.886890809212673e-13,False,False,17.11972372294258
95.27536666666667,93.37733333333334,15,-0.3477617673597706,-0.2440365817383281,-0.3212422829023233,-0.02651948446236929,0.08133248565642592,0.21922965675860323,0.31785895279354737,-0.34437843725591666,0.2913394683311781,-4.922007246221938e-12,False,False,16.554287917497277
95.41068333333332,93.51211666666667,15,-0.3541294030546851,-0.13171469597364194,-0.17338519219109627,-0.1807442108674877,0.05443073614902482,0.32245739342215257,0.4251074409197718,-0.6058516517872595,0.2443632300522841,-3.898881217878625e-12,False,False,16.401920177399006
95.54546666666667,93.6477,15,-0.4176896840253903,-0.08823136761202477,-0.1161450703553652,-0.3015446136569153,0.10189571752954611,0.30039409274093604,0.4574384256737362,-0.7589830393306516,0.1558938120168209,1.3109791030530005e-11,False,False,16.371182448747277
95.68183333333333,93.78346666666667,15,-0.44041848882625345,-0.03845835345055093,-0.05062539874602353,-0.3897930900702704,0.11366440931230862,0.2639013088243457,0.4259924340360687,-0.8157855241063391,0.03619934396579827,9.959533198156123e-12,False,False,16.432217604997277
95.81821666666666,93.91935,15,-0.45481800879133516,-0.06402208495273953,-0.08427671203998988,-0.3705412967592565,0.09096685885740073,0.238901384188724,0.3660449607271816,-0.7365862574864381,-0.004496336032074888,-7.91122722887394e-12,False,False,16.979954901144083
95.95378333333333,94.05518333333333,15,-0.40786737606686074,-0.07780823396024061,-0.1024243764108586,-0.3054429996527688,0.1102833559576113,0.24662111094298908,0.3917551389974242,-0.697198138650193,0.08631213934465543,3.2333580257670747e-12,False,False,17.178319158956583
96.09076666666667,94.1905,15,-0.4562545412154577,-0.07984866185870487,-0.10511033321098738,-0.3511442079980043,0.08887154347632528,0.25234928436481824,0.36091501041043367,-0.712059218408438,0.009770802412429391,6.466049917719374e-12,False,False,16.857884588644083
96.22618333333334,94.3266,15,-0.4673658625979442,0.009249593600543449,0.012175881759167501,-0.47954174435017194,0.07368593586527837,0.25054550309279566,0.34807694186463495,-0.8276186862148069,-0.131464802485537,6.9397820823269285e-12,False,False,16.117581133665226
96.3623,94.4619,15,-0.4297998566798924,0.0983906160290644,0.12951839385799094,-0.5593182505472214,0.05911031805784321,0.23479801917976018,0.32235232911778033,-0.8816705796650017,-0.23696592142944106,-9.338085860122192e-12,False,False,16.293057207883976
96.49759999999999,94.59666666666666,15,-0.3426014133619901,0.23395298875766457,0.3079685498992953,-0.6505699632652977,0.12924036101463138,0.21952702087481127,0.27023211362848015,-0.9208020768937779,-0.38033784963681755,-4.012346010995316e-12,False,False,16.221034278358275
96.63238333333334,94.73196666666666,15,-0.4249849031548365,0.2949899458362779,0.38831573102138406,-0.8133006341795408,0.11057749736851895,0.2376241360733629,0.335677200092137,-1.1489778342716779,-0.4776234340874038,-3.320232977443993e-12,False,False,15.488612403358275
96.76903333333333,94.86755,15,-0.42075381858012406,0.26268629485275596,0.34579219412332307,-0.7665460127045662,0.12654924529663059,0.23374923430777017,0.3227732041057062,-1.0893192168102726,-0.44377280859886004,-1.1191048088221578e-12,False,False,15.75852725472214
96.9049,95.00313333333334,15,-0.47489081009916845,0.14183778235019417,0.1867109130910391,-0.661601723181775,0.11995832010348753,0.23925394131243788,0.35560970811880294,-1.017211431300578,-0.3059920150629721,8.432587961237914e-12,False,False,16.237794137159653
97.041,95.13926666666666,15,-0.453412954146188,-0.005607745351881022,-0.007381864251421036,-0.4460310898957687,0.1087162791878555,0.23421549821751428,0.32470915119738,-0.7707402410931486,-0.1213219386983887,-1.0016987239680475e-12,False,False,16.36835445433826
97.17605,95.27536666666667,15,-0.41734106632793555,-0.0672607876440452,-0.08854004108183215,-0.32880102524541144,0.09110172382821755,0.2514496553321295,0.3436103570354883,-0.6724113822808997,0.014809331790076874,6.919465000976288e-13,False,False,16.26917232543201
97.31241666666666,95.41068333333332,15,-0.43292175752139883,-0.11147559899472981,-0.14674306472367113,-0.28617869279969455,0.08659176475535287,0.2676315814805044,0.370555236205085,-0.6567339290047796,0.08437654340539047,-1.9668711104259273e-12,False,False,16.387858245732787
97.44776666666667,95.54546666666667,15,-0.37419769390908186,-0.08028507786730188,-0.1056848178800406,-0.26851287603039964,0.11041040640962121,0.2469003525201843,0.37712323251281915,-0.6456361085432187,0.10861035648241951,-1.358357870628879e-12,False,False,16.403117034795287
97.58306666666667,95.68183333333333,15,-0.39787196451288764,-0.0970390675465751,-0.12773925682502926,-0.2701327076892994,0.08651446777676496,0.2686018623659164,0.39997660935115,-0.6701093170404494,0.12984390166185056,-1.4410694859634532e-12,False,False,16.334452484014037
97.7189,95.81821666666666,15,-0.3823584512574598,-0.08240102269337513,-0.1084701828510677,-0.2738882684025157,0.1149176523263312,0.3102649987066307,0.4715488959612886,-0.7454371643638042,0.19766062755877295,3.8764547127811966e-12,False,False,16.247448964328214
97.85421666666666,95.95378333333333,15,-0.35677171801944496,-0.14399728921125643,-0.18955362179089594,-0.16721809622686123,0.13486180472263312,0.29317466508610074,0.4552287828832496,-0.6224468791101108,0.28801068665638835,1.6877887976107786e-12,False,False,16.194043202609464
97.99058333333333,96.09076666666667,15,-0.31300491106230766,-0.20945509904413484,-0.27572027809592237,-0.03728463296738482,0.10728116731312513,0.24370762137360946,0.32164297713727996,-0.3589276101046648,0.28435834416989514,-9.995337890700284e-13,False,False,15.980420155734464
98.12536666666666,96.22618333333334,15,-0.31303054475210956,-0.2786561211796652,-0.3668143844452268,0.05378383969036804,0.12146692485753025,0.18395352020985867,0.2389238010634203,-0.18513996137305225,0.2927076407537883,-2.749189764728044e-12,False,False,15.965161366671964
98.26093333333333,96.3623,15,-0.346816624096391,-0.3037035044908407,-0.3997859927930249,0.05296936869763158,0.15139648476245307,0.1877583045748666,0.24846919827039665,-0.19549982957276507,0.30143856696802823,9.97701921079397e-13,False,False,16.18494477323111
98.39731666666667,96.49759999999999,15,-0.3003984620954725,-0.321147184313304,-0.4227483187216593,0.12234985662871622,0.15036195882577358,0.2159386069068456,0.2576703337673497,-0.1353204771386335,0.38002019039606594,2.529421117003494e-12,False,False,16.375097225267382
98.53320000000001,96.63238333333334,15,-0.2200549801782472,-0.27082278035231866,-0.356502814465825,0.1364478342829898,0.08596811764133777,0.1957791748084297,0.31982581410757777,-0.18337797982458798,0.45627364839056755,-4.587996649263459e-12,False,False,16.169103572923632
98.66956666666667,96.76903333333333,15,-0.27011602415223024,-0.19906238021940226,-0.2620396212983325,-0.00807640286438982,0.06648341267770864,0.13252130995795064,0.19642232286520128,-0.2044987257295911,0.18834592000081146,-1.049210718306881e-11,False,False,16.138585994798632
98.80486666666667,96.9049,15,-0.30646030725256423,-0.09389982829088694,-0.12360685840389753,-0.18285344884134247,0.08052215189182797,0.08243952670292763,0.13551409222875124,-0.3183675410700937,-0.04733935661259123,7.32425231575462e-12,False,False,15.758197028910217
98.94016666666667,97.041,15,-0.317301917635632,-0.056749454444798175,-0.07470324395404007,-0.24259867368255073,0.07112328740666721,0.09230519768005258,0.13050496926696606,-0.3731036429495168,-0.11209370441558467,-9.588163596419008e-13,False,False,15.834490974222717
99.07601666666666,97.17605,15,-0.25259820588325965,-0.027624809816188645,-0.03636445366871475,-0.21623375221224705,0.133391493070332,0.10728900131425187,0.09975565024636349,-0.3159894024586105,-0.11647810196588357,2.297856349642302e-12,False,False,16.094861073703214
99.21178333333334,97.31241666666666,15,-0.3558086958255444,-0.0003149582844343968,-0.00041460144044795075,-0.35539409438479197,0.1122407876071043,0.10952282660520471,0.16767273186549464,-0.5230668262502867,-0.18772136251929733,3.044786645034492e-13,False,False,15.270886464328214
99.34813333333334,97.44776666666667,15,-0.4265912333576125,0.01897002740224707,0.02497156314028294,-0.45156279650018405,0.1494706034876439,0.11144924274577259,0.23634221052652563,-0.6879050070267096,-0.21522058597365842,-2.2886137429622977e-12,False,False,15.225498371299182
99.4843,97.58306666666667,15,-0.4656187711334496,0.030312957154819742,0.039903048504326764,-0.505521819637579,0.1499922381388759,0.11722391799039669,0.2548663200738644,-0.7603881397114434,-0.25065549956371463,1.9739765377835283e-13,False,False,15.270886464328214
99.62038333333334,97.7189,15,-0.5200988681099261,0.03853889143647393,0.05073141648432312,-0.5708302846032893,0.14861922877236095,0.133788504119165,0.27537957815250813,-0.8462098627557975,-0.2954507064507812,-9.0401020003128e-12,False,False,15.125927968234464
99.75626666666668,97.85421666666666,15,-0.4944836063950788,0.008799004070169758,0.01158273950009284,-0.5060663458916679,0.12402422459978847,0.14661020339517883,0.27464149434328206,-0.7807078402349499,-0.23142485154838582,3.5037528434145315e-12,False,False,15.758753426700423
99.89208333333333,97.99058333333333,15,-0.49121007424764684,-0.08119606346372166,-0.10688401142143686,-0.38432606281367043,0.11028005582898022,0.24985884347850235,0.3812256424879899,-0.7655517053016603,-0.0031004203256805307,1.2539524973931293e-11,False,False,16.060130528152513
100.02768333333333,98.12536666666666,15,-0.4910905876167817,-0.15277199066258618,-0.2011043700677834,-0.2899862175463568,0.09783594614262336,0.3133005793394699,0.46815797923099656,-0.7581441967773533,0.17817176168463977,2.641553642490635e-12,False,False,16.136424473465013
100.16298333333334,98.26093333333333,15,-0.4897512763564009,-0.20599771447086823,-0.27116908292151054,-0.21858219342357188,0.09442511756406077,0.34277797847255576,0.5026863856570931,-0.721268579080665,0.28410419223352124,1.1318501691448546e-11,False,False,16.052501133621263
100.29883333333333,98.39731666666667,15,-0.48724649192445213,-0.33277927801100304,-0.4380604506478035,-0.049186041273060255,0.10463137553317635,0.3544218772588141,0.533611259682689,-0.5827973009557492,0.4844252184096287,3.5883518378909685e-12,False,False,16.34616477871168
100.43395000000001,98.53320000000001,15,-0.4247881524643162,-0.4184912979872024,-0.5508891289270621,0.12610097646847862,0.1318217328298893,0.3053423090419418,0.4649810877922551,-0.3388801113237765,0.5910820642607337,5.732747609954458e-12,False,False,16.183643862030294
100.5695,98.66956666666667,15,-0.4102448024059413,-0.44712735850407626,-0.5885847620499418,0.1783399596461095,0.15246698335267952,0.24684756687266246,0.40011437004174555,-0.22177441039563606,0.578454329687855,2.1089796575779474e-12,False,False,15.722327674324333
100.70428333333332,98.80486666666667,15,-0.32136660528340144,-0.4846194453421049,-0.6379381970178798,0.3165715917484704,0.23780251582784012,0.2115581485271179,0.35185408627358267,-0.035282494525112285,0.668425678022053,1.3992029757048385e-11,False,False,16.160865753707185
100.83948333333333,98.94016666666667,15,-0.38543224177192315,-0.4972229550148768,-0.6545290711852787,0.2690968294173217,0.23719363387370507,0.19839327786043653,0.3890624753540786,-0.1199656459367569,0.6581593047714003,3.966160733170909e-12,False,False,15.588551088592794
100.97483333333334,99.07601666666666,15,-0.2852504948423302,-0.47238763721543364,-0.6218366193828988,0.33658612453200476,0.23607439051100912,0.21228924604401395,0.36112363794509994,-0.02453751341309518,0.6977097624771047,-8.563816322748607e-12,False,False,16.101467755921476
101.10986666666666,99.21178333333334,15,-0.1113813605516043,-0.41958116746900487,-0.5523237997370934,0.44094243917879794,0.08970422303320776,0.24625668000170425,0.32622735019548516,0.11471508898331279,0.767169789374283,-6.691203147113356e-12,False,False,16.040432599671476
101.24596666666666,99.34813333333334,15,-0.09957161251804791,-0.4033531352179125,-0.5309617150438104,0.43139010253435117,0.0827895989729582,0.2534294780265871,0.3307022692029177,0.1006878333314335,0.7620923717372688,8.588685318500211e-12,False,False,16.358427449733426
101.38235,99.4843,15,-0.1879561473033391,-0.3569926413583744,-0.46993418065600967,0.28197803335933713,0.12381787400454079,0.249177802169956,0.36063734501461914,-0.078659311655282,0.6426153783739563,6.6665561959666775e-12,False,False,15.809111043483426
101.51848333333334,99.62038333333334,15,-0.23628519877092913,-0.23534920441670693,-0.3098064854355981,0.07352128666298086,0.1644447256065374,0.23258229640662376,0.4017764117415475,-0.32825512507856663,0.47529769840452835,-1.6880941089425505e-12,False,False,15.521633771546476
101.6538,99.75626666666668,15,-0.33409406274950015,-0.1463850096515671,-0.1926967438577359,-0.14139731888553797,0.19129777643392337,0.12144937756988368,0.2416982836605205,-0.38309560254605846,0.10030096477498254,6.226269499975956e-12,False,False,15.687429005141894
101.78939999999999,99.89208333333333,15,-0.3694671753582952,-0.1013198857435782,-0.1333743948051606,-0.23609278056483163,0.1968784049184452,0.08044869451902531,0.15228430758834016,-0.3883770881531718,-0.08380847297649147,-1.1697032231694493e-11,False,False,15.695058399673144
101.92443333333334,100.02768333333333,15,-0.4068155060958816,-0.06278952386128367,-0.08265420636475294,-0.3241612997271659,0.1490197999740548,0.09748696417795491,0.1427472060525737,-0.46690850577973964,-0.1814140936745922,3.962719041794571e-12,False,False,15.377257686697703
102.06106666666666,100.16298333333334,15,-0.4336048018412839,-0.013470265090290923,-0.017731844455781028,-0.4158729573882738,0.12710658924081641,0.13380820023475257,0.1758627897049759,-0.5917357470932497,-0.2400101676832979,-2.7708946248594657e-12,False,False,15.172428856829356
102.19613333333334,100.29883333333333,15,-0.3745847331811092,0.015875467826845124,0.020897979682023768,-0.39548271286912495,0.17914450760775763,0.14647191212934216,0.16491865824777846,-0.5604013711169034,-0.2305640546213465,-5.991984686204432e-12,False,False,15.73805879936117
102.33251666666666,100.43395000000001,15,-0.3345861806010362,0.022376021232048515,0.02945510911377089,-0.3640412897193528,0.21556974380457813,0.16963059315591417,0.16300969919382718,-0.52705098891318,-0.2010315905255256,-4.545697152025241e-12,False,False,15.417540167247353
102.46755,100.5695,15,-0.2555930463822733,0.052100256169069326,0.06858318171942752,-0.3241762281031697,0.2474929522224281,0.19307401570124136,0.1943157303302141,-0.5184919584333838,-0.1298604977729556,-1.4688805727303134e-12,False,False,15.516722296153603
102.60285,100.70428333333332,15,-0.1650273336272221,0.09871779171589878,0.1299490779128164,-0.29497641153648146,0.3079598508730976,0.14997346324435673,0.24056659656749843,-0.5355430081039799,-0.054409814968983033,3.557043548596539e-12,False,False,15.89064668998617
102.73790000000001,100.83948333333333,15,-0.02957484337457572,0.12954289467961644,0.1705262994761874,-0.2001011428565107,0.3038646713410633,0.12227076691400666,0.28687633563601034,-0.48697747849252104,0.08677519277949963,-5.74759684290882e-12,False,False,15.770990084281948
102.87348333333333,100.97483333333334,15,-0.04326687316279276,0.12867372700202395,0.16938215376251683,-0.21264902692655596,0.36921304131325877,0.1250533914934227,0.32896616949270147,-0.5416151964192575,0.1163171425661455,-1.2463641230198164e-12,False,False,15.786248873344448
103.00933333333334,101.10986666666666,15,0.046762923753703944,0.1395704279311758,0.18372623716857786,-0.13696331341452606,0.3125688124327511,0.11724234882321817,0.3238853129748617,-0.4608486263893878,0.18692199956033567,3.4786062919067717e-13,False,False,15.706764672919235
103.14598333333333,101.24596666666666,15,0.12844935022803838,0.1583054759685183,0.20838848066883311,-0.07993913044265355,0.22614067270783517,0.12374179745901616,0.29754121109679993,-0.3774803415394535,0.21760208065414638,-1.858818654554284e-12,False,False,15.618402193656948
103.28155,101.38235,15,0.20790984674022184,0.13177018262285856,0.17345823311691966,0.03445161362287763,0.14717470950251138,0.11002304566036361,0.1563563756241666,-0.12190476200128897,0.19080798924704423,-4.2454928461665986e-13,False,False,15.50551437233662
103.41658333333334,101.51848333333334,15,0.15085209494645824,0.1448305316407641,0.1906504766081509,-0.039798381668333604,0.1916895709234473,0.12319377062348776,0.2582637015612878,-0.2980620832296214,0.2184653198929542,-6.640937799673452e-12,False,False,14.98876699028915
103.55375000000001,101.6538,15,0.13146699269782403,0.202262845759833,0.2662526161257253,-0.13478562343425438,0.21685321609436714,0.14997814802954118,0.30270065857622425,-0.4374862820104786,0.16791503514196987,-6.3530847249637645e-12,False,False,15.0879491191954
103.68881666666667,101.78939999999999,15,0.07339897168640164,0.19290939706479548,0.2539400227005909,-0.18054105102055473,0.21241995176105197,0.14134783851476743,0.31953679076223496,-0.5000778417827897,0.13899573974168022,-6.365463711688335e-12,False,False,15.1032079082579
103.82411666666667,101.92443333333334,15,-0.06998759073030669,0.16670025404528133,0.21943910945009254,-0.2894267001920525,0.25931555103065146,0.13308074215004778,0.4056791998201848,-0.6951059000122373,0.11625249962813228,-1.1653289444524262e-11,False,False,14.66833241997665
103.95994999999999,102.06106666666666,15,-0.08265092591318535,0.18789807218126953,0.24734326808912335,-0.3299941940122153,0.20270338816990277,0.12383323721025989,0.3404754422184453,-0.6704696362306606,0.010481248206229976,-9.906631071032734e-12,False,False,15.2557957988829
104.09525000000001,102.19613333333334,15,-0.15026134997970075,0.17531926204173942,0.23078490763089338,-0.38104625760206545,0.12140853866951044,0.12482637203559653,0.26911237681662425,-0.6501586344186897,-0.1119338807854412,8.528677764019221e-12,False,False,15.414932323365065
104.2316,102.33251666666666,15,-0.11448680049215909,0.14426346716209082,0.18990401029402615,-0.30439081079566677,0.14754561707971803,0.1450678933376103,0.32225096496409517,-0.626641775759762,0.0178601541684284,-9.481526674903762e-12,False,False,15.496441956427589
104.36743333333334,102.46755,15,-0.11180636400968069,0.1397672817838611,0.18398536955186356,-0.29579173356614774,0.15928320736642987,0.14761765210056288,0.3339923742723907,-0.6297841078385384,0.03820064070624296,-4.60348426045698e-12,False,False,15.458294983771339
104.50275,102.60285,15,-0.08951971917122137,0.110646234221349,0.14565131433419348,-0.23517103350604884,0.16828148120681424,0.18038818569573745,0.38828151747707135,-0.6234525509831201,0.1531104839710225,-6.339928582121956e-13,False,False,15.634049256877915
104.63831666666667,102.73790000000001,15,-0.04417371222007205,0.05446702083281707,0.07169871824374306,-0.115872430458694,0.12795862279487688,0.20514869437115477,0.3822369749911905,-0.4981094054498845,0.2663645445324965,5.121111867900652e-12,False,False,15.542496522502915
104.77423333333333,102.87348333333333,15,-0.01887481286757975,0.020840700624830788,0.02743406008359534,-0.04630887294842978,0.10819809708561405,0.20358931585074108,0.3624131696559244,-0.4087220426043542,0.3161042967074946,2.745303984141856e-12,False,False,15.359112854865089
104.909,103.00933333333334,15,0.027728274784749374,-0.004986788720998447,-0.006564455958503927,0.034292730739252875,0.07848240416378317,0.1929957498109372,0.3238248501602925,-0.2895321194210396,0.3581175808995454,-4.000424991268403e-12,False,False,15.342411044410255
105.0459,103.14598333333333,15,0.0847980390790326,0.03477761714020744,0.045780190184775645,0.039017848896946816,0.09430894319088604,0.2168362757808744,0.3050894069330902,-0.2660715580361434,0.34410725583003704,2.689855282955733e-12,False,False,14.958081288546964
105.1815,103.28155,15,0.1295747146832582,0.06793421039401437,0.08942651416720926,0.04014820052725554,0.10103952660959928,0.26187992438140445,0.3167085988152826,-0.2765603982880271,0.35685679934253817,1.120659121056633e-11,False,False,14.932973535243946
105.3168,103.41658333333334,15,0.15387573691259604,0.09915594194899313,0.13052584546188958,0.02334989146402222,0.06689249368429317,0.28859692315959456,0.3636232815518282,-0.340273390087806,0.38697317301585044,1.3315765157173587e-11,False,False,14.866528554171964
105.45211666666667,103.55375000000001,15,0.12218280804881942,0.18816617185075302,0.24769618628383314,-0.12551337823242648,0.0922201787696267,0.2866804358835845,0.41414058890101174,-0.5396539671334382,0.28862721066858527,2.587235981010849e-12,False,False,14.649242916195362
105.58716666666666,103.68881666666667,15,0.11576666903056321,0.26725839370919857,0.3518107650434551,-0.23604409600829968,0.11926066613986722,0.2655766429028198,0.43372568275052437,-0.669769778758824,0.1976815867422247,4.592215496757035e-12,False,False,14.695019283382862
105.72328333333333,103.82411666666667,15,0.13665882379063987,0.275411922193598,0.3625438202492772,-0.22588499645371485,0.13964280391434783,0.23047718819577967,0.3956463369116285,-0.6215313333653434,0.16976134045791363,4.922506846583019e-12,False,False,15.276852686940401
105.85991666666668,103.95994999999999,15,0.03457839233306004,0.28240398108391673,0.3717479524499238,-0.3371695601108513,0.04459116497058555,0.2198324900304164,0.2681750380668185,-0.6053445981776698,-0.06899452204403278,6.0124683010087665e-12,False,False,15.139523585377901
105.99525,104.09525000000001,15,0.06209785415921942,0.21167112942930544,0.27863739263195714,-0.21653953847180674,0.04094370997391969,0.3140976200237268,0.41969550546952233,-0.6362350439413291,0.2031559669977156,9.30977517299425e-13,False,False,15.793684130789188
106.13081666666668,104.2316,15,0.04160939192661317,0.1058137742074905,0.13929001195965574,-0.09768062003877276,0.050526522171571615,0.3826406525144785,0.4896683066081937,-0.5873489266469665,0.39198768656942096,-5.7301940969978205e-12,False,False,15.679243212820438
106.26558333333334,104.36743333333334,15,0.096630041825847,0.08664354733627988,0.11405491236927351,-0.017424870537070092,0.06663273774453175,0.3506480066655563,0.4615490500263861,-0.47897392056345617,0.444124179489316,6.35641539403764e-12,False,False,15.414570062661369
106.40141666666666,104.50275,15,0.11390350578949437,0.06525527339908876,0.08590004354599654,0.028003462245578703,0.06359101578591485,0.33658500816812376,0.4247787770360402,-0.3967753147904615,0.4527822392816189,2.0808632594793153e-12,False,False,15.257348895545874
106.53753333333334,104.63831666666667,15,0.12615630952859647,0.007898306899733143,0.010397089327591355,0.11575922020801954,0.06837607738683593,0.30469279984493153,0.36120066607943097,-0.24544144587141142,0.4769598862874505,7.0144307029451625e-12,False,False,15.257348895545874
106.67338333333333,104.77423333333333,15,0.13378898684095475,-0.06080868572826148,-0.08004669170699422,0.21383567854263674,0.07403202408962632,0.25309111090098085,0.30271119167105487,-0.08887551312841813,0.5165468702136916,-5.312222883802065e-12,False,False,15.364160418983374
106.8095,104.909,15,0.1450323491699237,-0.10706103454504046,-0.14093186727230594,0.2859642164357865,0.09545061592071372,0.20641524942326633,0.25623857549995926,0.029725640935827247,0.5422027919357457,-6.443123812260865e-12,False,False,15.407911353533564
106.9454,105.0459,15,0.15528048464329913,-0.113886924165854,-0.14991725933529035,0.3051977439845359,0.11670310005847305,0.2194771191410222,0.2322337885884517,0.07296395539608422,0.5374315325729876,5.946465542194801e-12,False,False,15.146596582118946
107.08095,105.1815,15,0.148584636990563,-0.07269860026644892,-0.09569821109213468,0.24428284809073375,0.09002847047020074,0.23561754767639773,0.3011462150296746,-0.05686336693894084,0.5454290631204084,8.03607180799304e-12,False,False,15.123404186168045
107.21626666666666,105.3168,15,0.16098985238568275,-0.023625898073078133,-0.031100408711474757,0.1920902611054771,0.08504487656459937,0.2537399953784834,0.3593044244531731,-0.167214163347696,0.5513946855586502,8.319595012906689e-12,False,False,15.222586315074295
107.35158333333334,105.45211666666667,15,0.17062156839165254,0.025839535912382416,0.034014373773399685,0.13660719460585824,0.07848251820234928,0.2655108741116075,0.38268669436890684,-0.2460794997630486,0.5192938889747651,-1.2394613113642095e-11,False,False,15.321768443980545
107.48661666666666,105.58716666666666,15,0.1678326897599618,0.09692338811873924,0.12758697996875584,0.040245709788905515,0.06095600656671811,0.2225861527971051,0.2997581187370335,-0.259512408948128,0.340003828525939,-2.3004376181745556e-12,False,False,15.413321178355545
107.62278333333333,105.72328333333333,15,0.17107014670182252,0.17423686306210584,0.22936007076114293,-0.05828992407259648,0.0657359374611655,0.13824695974386234,0.1831569817037995,-0.24144690577639596,0.12486705763120301,-1.3276074684043238e-11,False,False,15.459097545543045
107.75859999999999,105.85991666666668,15,0.14920043872552924,0.18632259489459102,0.24526935803585093,-0.09606891930434358,0.07809966517978734,0.14781434905557575,0.1693688360500888,-0.26543775535443237,0.07329991674574521,5.978106898396618e-12,False,False,15.232629416401323
107.8939,105.99525,15,0.11887934766855324,0.22406197269447148,0.29494831925301157,-0.1760689715792978,0.07270121069823832,0.18233572889769784,0.19671239492989598,-0.3727813665091938,0.020643423350598183,5.160538663062653e-12,False,False,15.153837702477176
108.02868333333332,106.13081666666668,15,0.09099655635145609,0.173480945857591,0.22836500450208563,-0.13736844813593052,0.08553552141997711,0.1289558446727813,0.13624323665677793,-0.2736116847927085,-0.0011252114791525936,1.4699019779129685e-11,False,False,15.052630140948168
108.16506666666668,106.26558333333334,15,0.031736289554828545,0.10467739705563872,0.1377941198770075,-0.10605783033133775,0.05664683866570754,0.05390373471307122,0.11450152778095589,-0.22055935811229366,0.008443697449618134,-9.158812597220845e-12,False,False,15.037371351885668
108.30118333333333,106.40141666666666,15,0.04260021702066297,0.11011592292561545,0.14495322878457287,-0.10235301176544453,0.06087134174955709,0.05064011454117513,0.10500513345190139,-0.2073581452173459,0.002652121686456857,-1.5346335313637383e-12,False,False,15.098406508135668
108.43675,106.53753333333334,15,0.03576279038315988,0.12369878667232115,0.16283329466347315,-0.12707050427889044,0.04587532967863746,0.052297513833082614,0.08177756562242323,-0.20884806990131366,-0.045292938656467205,1.422834072783985e-12,False,False,15.07890271674114
108.57206666666666,106.67338333333333,15,0.029728452987910714,0.13496624411345692,0.17766543058798132,-0.14793697760160285,0.05958949466074772,0.06049644524172265,0.08428461208738451,-0.23222158968898737,-0.06365236551421834,-1.5322465518607942e-12,False,False,15.074269440236094
108.70790000000001,106.8095,15,0.05043589052729658,0.13335918871234753,0.1755499520719101,-0.12511406154499127,0.07606301522927779,0.06919388300120012,0.10075241186209244,-0.2258664734070837,-0.024361649682898834,-3.777533841287095e-13,False,False,15.16282605658489
108.8438,106.9454,15,0.07474024642942823,0.13092691224301234,0.17234817781293177,-0.0976079313795708,0.05708521590606382,0.0789083627898564,0.12397332646481192,-0.2215812578443827,0.02636539508524112,3.932743020129692e-12,False,False,15.10942029486614
108.97936666666666,107.08095,15,0.09942302538183867,0.16141285359844915,0.21247893742153817,-0.11305591203381482,0.07419851223676288,0.041886546049895085,0.11716197730178135,-0.23021788933559617,0.00410606526796653,5.884681630874411e-12,False,False,15.13230847845989
109.1147,107.21626666666666,15,0.10344361166789895,0.15224839774964494,0.200415128391529,-0.09697151672753535,0.07489818475160931,0.053369693854925626,0.14050402817731036,-0.2374755449048457,0.04353251144977502,-3.905292755845835e-12,False,False,15.327870755318145
109.25053333333334,107.35158333333334,15,0.10444156432640739,0.1157743518051575,0.15240181127969077,-0.04796024694132939,0.09278970329578738,0.09363683856482308,0.20825241551764337,-0.2562126624589728,0.16029216857631398,1.1953993350743986e-11,False,False,15.422503669535217
109.38651666666667,107.48661666666666,15,0.07429429808689747,0.07689595170450048,0.10122347598684148,-0.026929177898637136,0.09499990617373491,0.11823080922642329,0.205440500082707,-0.23236967798134414,0.17851132218406987,1.3068712778618874e-12,False,False,15.185992439066467
109.52154999999999,107.62278333333333,15,0.05825286282561137,0.03563449658759055,0.04690816004850939,0.011344702778842475,0.11119426912908069,0.12205618869917638,0.16803754338726765,-0.15669284060842517,0.17938224616611012,1.740489696810954e-12,False,False,15.155474860941467
109.65715,107.75859999999999,15,0.05544746065788786,-0.008040160995733459,-0.010583821715471831,0.0660312823674758,0.13295821836071528,0.10353831843923224,0.09921476310550448,-0.03318348073802868,0.16524604547298027,-5.8838905969693656e-12,False,False,15.155474860941467
109.79418333333334,107.8939,15,0.006223181680979906,-0.06837736306988518,-0.09000986677876018,0.09623304845990788,0.1301771946303044,0.07229128905526436,0.0717090196233505,0.024524028836557382,0.16794206808325837,1.677963323842846e-13,False,False,15.238233378309815
109.93028333333334,108.02868333333332,15,-0.014267649014072958,-0.017200558220793027,-0.022642288097473547,0.00837463908646896,0.12650979415093047,0.10787280854676586,0.18544194996962482,-0.17706731088315586,0.19381658905609378,3.0683719454138725e-12,False,False,14.688664786612208
110.06533333333333,108.16506666666668,15,-0.04198826644278597,0.032094680005684495,0.04224845390229597,-0.08423672035223717,0.10758248958050655,0.15470890894980868,0.24132939317505067,-0.3255661135272878,0.1570926728228135,-7.15522086025544e-12,False,False,14.711552970205958
110.20116666666667,108.30118333333333,15,-0.059647336769558024,0.0739599649568845,0.09735863294299635,-0.15700596970873448,0.08286212323400466,0.17120429828368533,0.23361564257754,-0.39062161228627446,0.07660967286880552,3.819888849676545e-12,False,False,14.787846915518458
110.3369,108.43675,15,-0.06203263718998642,0.1090774800577492,0.14358625439425507,-0.20561889159307611,0.08172288977878141,0.16918683009502677,0.2126712778513113,-0.4182901694443874,0.007052386258235177,-8.834627474030299e-12,False,False,14.813342942979943
110.47273333333332,108.57206666666666,15,-0.040337418042327045,0.14708772197263897,0.19362177283755821,-0.2339591908721559,0.10494405533159629,0.15235005710286129,0.18390920618998394,-0.41786839706213985,-0.05004998468217195,7.72937269744034e-12,False,False,14.904895677354943
110.60751666666667,108.70790000000001,15,-0.02149175917293178,0.1978732936186134,0.2604743441112608,-0.28196610327995586,0.11683792611709967,0.1394084850415484,0.1551066011340614,-0.43707270441401724,-0.12685950214589445,4.23672208427206e-12,False,False,14.778968636681384
110.74415,108.8438,15,-0.017277640661632176,0.23558872866487945,0.31012178782077865,-0.3273994284809305,0.11298950826052244,0.12962320723911724,0.13730960833040298,-0.46470903681133346,-0.19008982015052753,1.4803158698839525e-12,False,False,14.649268929650134
110.87946666666667,108.97936666666666,15,-0.010254535827698419,0.2335740361486387,0.3074697082896968,-0.31772424412156397,0.12459150239731157,0.12127991509721096,0.12688094500512606,-0.44460518912669,-0.1908432991164379,-4.168776435165e-12,False,False,14.9362738656273
111.0148,109.1147,15,-0.007043441099085612,0.21956227924238192,0.28902506058985,-0.296068501688751,0.13670205705416336,0.14067961779317312,0.17831138431397484,-0.47437988600272585,-0.11775711737477615,1.8463008899516353e-13,False,False,14.950756106358313
111.15011666666666,109.25053333333334,15,0.023498088659835048,0.15223111451632576,0.2003923772724638,-0.17689428861012857,0.09841614775558101,0.2329442168039134,0.27723211501897166,-0.45412640362910023,0.10033782640884309,2.500194495880237e-12,False,False,15.23118639500899
111.28623333333333,109.38651666666667,15,0.03777852929852088,0.06391245032136794,0.08413239236866811,-0.04635386306927103,0.09458872137036997,0.287093335042804,0.2921618685495485,-0.33851573161881954,0.24580800548027748,8.762018888219814e-13,False,False,15.17015123875899
111.4226,109.52154999999999,15,0.02411843259324087,-0.020040326955495402,-0.026380472695668792,0.05049890528789547,0.09677781467628334,0.297409510554015,0.30186573154350976,-0.2513668262556143,0.35236463683140523,-1.0141887329950805e-12,False,False,15.221337430783024
111.55845,109.65715,15,-0.035750645634834655,-0.1155841874460748,-0.15215148474092666,0.11640083909151144,0.13175733445303656,0.2816175908215762,0.2597092082446743,-0.14330836915316286,0.37611004733618575,-1.458055898240218e-11,False,False,15.093080745129555
111.69401666666666,109.79418333333334,15,-0.07012700507766567,-0.21540285824085004,-0.2835497261602082,0.21342272108176985,0.12851470244179294,0.22656518575127002,0.18971884830303795,0.0237038727787319,0.40314156938480783,-7.726597139878777e-13,False,False,15.252715619040828
111.83038333333334,109.93028333333334,15,-0.15528625957813347,-0.37008592018901254,-0.4871697719442901,0.33188351236276503,0.1517234983665622,0.13647277610201972,0.05662492878277905,0.275258583579986,0.38850844114554406,-3.3916203179273907e-12,False,False,15.289393556864525
111.9663,110.06533333333333,15,-0.23552444089364144,-0.42565312606166117,-0.5603167400827537,0.3247922991949963,0.15284274522929084,0.1329710780068176,0.06468158901674269,0.2601107101782536,0.389473888211739,5.884071008210867e-12,False,False,15.243617189677025
112.10165,110.20116666666667,15,-0.2908802132187702,-0.5298714579221269,-0.6975065605951006,0.40662634738055203,0.10806055112499298,0.1691072914268759,0.14240807937156857,0.26421826800898346,0.5490344267521206,4.221623051137158e-12,False,False,15.779091814787535
112.23645,110.3369,15,-0.35588823066063924,-0.6056247491906106,-0.7972258733764365,0.44133764271737164,0.09004726987582959,0.151112918633108,0.1292019790054494,0.31213566371192225,0.570539621722821,1.5744072712209345e-12,False,False,15.588356951506285
112.37228333333334,110.47273333333332,15,-0.3910018550413952,-0.524993708353577,-0.6910856404376999,0.3000837854006022,0.05874038989843398,0.18424888204579523,0.251842708890474,0.04824107651012821,0.5519264942910762,4.297451283719056e-12,False,False,14.717603254634014
