time_min,window_start_min,samples,dSPR,dTIR,dWeightedTIR,dCorrected,SPRHalfWidth95,TIRHalfWidth95,CorrectedHalfWidth95,CorrectedLow95,CorrectedHigh95,identity_error,equivalent_slope,sustained_plateau,corrected_response_mdeg
0.14448333333333335,0.14448333333333335,1,,,,,,,,,,,False,False,-16.688349217365612
0.28031666666666666,0.14448333333333335,2,,,,,,,,,,,False,False,-14.817558251495939
0.4159,0.14448333333333335,3,,,,,,,,,,,False,False,-16.921988836329547
0.5517166666666667,0.14448333333333335,4,,,,,,,,,,,False,False,-15.207114072181867
0.6867666666666667,0.14448333333333335,5,,,,,,,,,,,False,False,-14.464010538125876
0.82235,0.14448333333333335,6,,,,,,,,,,,False,False,-14.040608828217955
0.9581833333333333,0.14448333333333335,7,,,,,,,,,,,False,False,-14.735066917113727
1.0948333333333333,0.14448333333333335,8,,,,,,,,,,,False,False,-15.183887935316307
1.2304333333333333,0.14448333333333335,9,,,,,,,,,,,False,False,-14.040515968183172
1.3668,0.14448333333333335,10,,,,,,,,,,,False,False,-15.286395841787453
1.5033999999999998,0.14448333333333335,11,,,,,,,,,,,False,False,-13.503039713395992
1.6389500000000001,0.14448333333333335,12,,,,,,,,,,,False,False,-13.594592447770992
1.7745166666666667,0.14448333333333335,13,,,,,,,,,,,False,False,-13.335193033708492
1.9103666666666668,0.14448333333333335,14,-0.1628184446526575,-1.2816943450452527,-1.6098115023291781,1.4469930576801744,0.4655571587487917,0.42385824550960527,0.4444728361069559,1.0025202215732185,1.8914658937871303,3.65374397404139e-12,False,False,-13.930285807145992
2.0468166666666665,0.14448333333333335,15,0.0022592925233766437,-1.1387667453818722,-1.4302940574501604,1.432553349974114,0.4482713737547281,0.4708258711041548,0.39383074138041946,1.0387226085936947,1.8263840913545335,5.770939282001564e-13,False,False,-13.299213346210308
2.1837,0.28031666666666666,15,0.2118307941054809,-0.8256142655700387,-1.0369737108848516,1.2488045049967695,0.50232827262285,0.4035421752185759,0.35540552942466086,0.8933989755721087,1.6042100344214303,6.437073096776658e-12,False,False,-13.216724545345642
2.3187166666666665,0.4159,15,0.49825355951543315,-0.6425614703002793,-0.8070589137275288,1.3053124732391552,0.5407891647906121,0.4260363640684787,0.6072066974142535,0.6981057758249017,1.9125191706534088,-3.806732706834737e-12,False,False,-13.552417904720642
2.4539833333333334,0.5517166666666667,15,0.38113913742199657,-0.4631437136231398,-0.5817097346993891,0.9628488721186841,0.6259905855255311,0.42096846552575584,0.2532735336566287,0.7095753384620553,1.2161224057753128,-2.701616708122856e-12,False,False,-13.140613786585163
2.5890166666666667,0.6867666666666667,15,0.29677382499721716,-0.29364860838177265,-0.3688234322351197,0.6655972572384599,0.6428923224507389,0.38349681267341623,0.47446295106343395,0.19113430617502591,1.1400602083018938,6.122991003110201e-12,False,False,-14.315540544397663
2.723583333333333,0.82235,15,0.5065837909642141,-0.14520406617157278,-0.18237669286097374,0.6889604838343075,0.5272466212624084,0.3227378084190463,0.4709424319568999,0.21801805187740764,1.1599029157912075,9.119593968875961e-12,False,False,-13.293018490658142
2.858883333333333,0.9581833333333333,15,0.7490222024352988,-0.03634522467109491,-0.04564969874170821,0.7946719011733876,0.3199908261241648,0.28375467615057254,0.4705636948783072,0.3241082062950804,1.2652355960516948,-3.619438082580473e-12,False,False,-13.163501970178913
2.9933833333333335,1.0948333333333333,15,0.8731194773463358,0.03449606323556509,0.04332714706619595,0.8297923302761774,0.3078482987160633,0.17370320336680123,0.4708162294588092,0.3589761008173682,1.3006085597349866,-3.962385974887184e-12,False,False,-12.62761248757306
3.1278833333333336,1.2304333333333333,15,0.8356385979859624,0.04597809996630531,0.05774861570321261,0.7778899822756102,0.2885910952222169,0.16572390399629314,0.4347682765222497,0.34312170575336054,1.2126582587978598,-7.139511204456994e-12,False,False,-12.28428973366681
3.2629333333333337,1.3668,15,0.6314550139759376,0.11581775592276244,0.1454674091207241,0.4859876048608385,0.558697202255912,0.13200091720208737,0.6211996544477613,-0.1352120495869228,1.1071872593085996,5.624944954263356e-12,False,False,-14.484119970249594
3.3979833333333334,1.5033999999999998,15,0.3344339310460782,0.16082893126804265,0.20200156493119484,0.13243236610651365,0.32873517346629694,0.12876031668604235,0.39948801664753614,-0.2670556505410225,0.5319203827540497,-8.369721582468514e-12,False,False,-13.446522313999594
3.533583333333333,1.6389500000000001,15,0.36984600396681344,0.11047180802052026,0.1387528843534496,0.2310931196079764,0.2810719259022896,0.12317486387702516,0.29439497833843564,-0.06330185873045924,0.525488097946412,-5.387440493720419e-12,False,False,-12.775256875102059
3.6680833333333336,1.7745166666666667,15,0.41995565881370567,0.05639824107129243,0.07083634061324885,0.3491193181980634,0.2779444771783522,0.13643964195202668,0.3290661360491053,0.020053182148958126,0.6781854542471687,-2.3934187964869125e-12,False,False,-12.462451699320809
3.8033833333333336,1.9103666666666668,15,0.4624261368517182,-0.0014498208656732459,-0.0018209788588832644,0.4642471157126238,0.2967955368840031,0.12567961460546337,0.34271076702855013,0.12153634868407365,0.8069578827411739,2.022326750505954e-12,False,False,-12.615039589945809
3.938416666666667,2.0468166666666665,15,0.34226951182063203,-0.06304243125487119,-0.07918146113479571,0.42145097296042877,0.2711804502233485,0.07205553206773507,0.35008757005574864,0.07136340290468013,0.7715385430161774,5.000999614424018e-12,False,False,-12.683704140727059
4.072666666666667,2.1837,15,0.10792525506258244,-0.08329905027858331,-0.10462382844236191,0.21254908349965262,0.46833438651660636,0.048299647469524844,0.48928024120074515,-0.2767311577010925,0.7018293247003977,-5.291711513422115e-12,False,False,-14.124774727766635
4.2077,2.3187166666666665,15,0.2890671207642299,-0.08512385941503453,-0.10691579356553707,0.3959829143295792,0.3359556160315936,0.04749535915633694,0.3603571537953811,0.035625760534198136,0.7563400681249604,-1.8773871346411397e-13,False,False,-12.217426094954135
4.3422,2.4539833333333334,15,0.3757086457553669,-0.08342118338987348,-0.10477722795460148,0.48048587372113616,0.35154334167331086,0.05855293909478013,0.37628769697800335,0.10419817674313281,0.8567735706991395,1.1167788915855681e-11,False,False,-12.225055489485385
4.478316666666667,2.5890166666666667,15,0.5467236661061179,-0.07169201323631569,-0.09004535908199071,0.636769025195008,0.4338244302087666,0.06555655465324116,0.4769788516121031,0.15979017358290487,1.1137478768071112,6.899369964230573e-12,False,False,-12.118243966047885
4.6133999999999995,2.723583333333333,15,0.3017185747739859,-0.05774925795776653,-0.0725332214117751,0.3742517961886733,0.30767002117992737,0.0669152302754171,0.34683502015024287,0.027416776038430457,0.7210868163389161,2.9123370381967106e-12,False,False,-12.889697793070809
4.748683333333333,2.858883333333333,15,0.062096389185171574,-0.08097631617783918,-0.10170646824124618,0.163802857427072,0.5022372249930922,0.10213825269641487,0.4951236143023554,-0.3313207568752834,0.6589264717294274,6.542544284116047e-13,False,False,-13.573291036358569
4.884,2.9933833333333335,15,0.1565840383991599,-0.08885116167948581,-0.11159729511164822,0.26818133350980133,0.40258477934248,0.14867448714140832,0.4623749505190231,-0.19419361700922178,0.7305562840288244,-1.0068057498813232e-12,False,False,-12.062670919171069
5.019033333333334,3.1278833333333336,15,0.3793539305552258,-0.15156298678266467,-0.19036351404162924,0.5697174446086137,0.4341339039130916,0.09971362514302293,0.49457911108113617,0.07513833352747756,1.06429655568975,1.175870512071242e-11,False,False,-11.452319356671069
5.1538,3.2629333333333337,15,0.45497848366358085,-0.23669533798965858,-0.2972899733204266,0.7522684569944431,0.46243627564647977,0.0873217470234111,0.5431208037616613,0.20914765323278184,1.2953892607561044,1.0435652342266621e-11,False,False,-12.31938444179832
5.288833333333333,3.3979833333333334,15,0.34422894359886413,-0.20239264456176898,-0.25420569924637776,0.5984346428481331,0.35340302404229595,0.07372867795781204,0.392213598519634,0.20622104432849908,0.9906482413677671,2.8912428007288327e-12,False,False,-11.627795430889819
5.42335,3.533583333333333,15,0.44871421229618136,-0.1848494898113131,-0.23217145027461727,0.6808856625693807,0.4469353898716684,0.07573761950930516,0.5195773372024763,0.16130832536690431,1.200462999771857,-1.41797684705125e-12,False,False,-11.12901570838585
5.558400000000001,3.6680833333333336,15,0.5001055456014001,-0.21730371587182162,-0.2729340444245925,0.7730395900207441,0.393587403462865,0.07280334273103511,0.4557782052121161,0.317261384808628,1.2288177952328603,-5.248468326612965e-12,False,False,-11.512255393667147
5.6931666666666665,3.8033833333333336,15,0.699836269239313,-0.23568245080605266,-0.296017784326979,0.995854053572657,0.313584444635903,0.06039140677952629,0.3409723329748444,0.6548817205978126,1.3368263865475014,6.365019622478485e-12,False,False,-10.9840572122921
5.828,3.938416666666667,15,0.5660129859461449,-0.30829548634937964,-0.387219949873366,0.9532329358235074,0.46446020228577445,0.09964405532772631,0.3762948849276915,0.576938050895816,1.329527820751199,3.9965808440456385e-12,False,False,-12.03294546037796
5.964666666666667,4.072666666666667,15,0.6778265018947423,-0.3624900448266999,-0.45528845929427725,1.1331149611787623,0.4925172336382512,0.10480925672033532,0.4291990330555664,0.7039159281231959,1.5623139942343287,-1.0257128479906896e-11,False,False,-10.66728383928421
6.099966666666666,4.2077,15,0.2174510837357957,-0.251811228274164,-0.3162755716746767,0.5337266554120106,0.483324070283705,0.18467371989198775,0.6236725128590737,-0.08994585744706307,1.1573991682710842,1.5382140006181544e-12,False,False,-12.941699969145702
6.235283333333333,4.3422,15,0.22444747359259054,-0.14308933254142175,-0.1797205818034975,0.40416805538006884,0.4854807731615917,0.2964419286474617,0.7515329058712095,-0.34736485049114063,1.1557009612512783,-1.601918597771146e-11,False,False,-12.415271746489452
6.370866666666667,4.478316666666667,15,0.533692844423058,-0.058196093239530455,-0.0730944477127343,0.6067872921257731,0.530262330517918,0.31034578807137736,0.6476044724386607,-0.04081718031288761,1.2543917645644338,-1.0019207685729725e-11,False,False,-10.64168134443753
6.504833333333334,4.6133999999999995,15,0.7951915003504837,0.02779783381629386,0.03491415312105858,0.7602773472226545,0.5815715949554497,0.2738748418568686,0.6692580711986053,0.09101927602404924,1.4295354184212599,-6.770584093374055e-12,False,False,-10.80189862959378
6.640683333333333,4.748683333333333,15,0.9419310958764981,0.022205549525097013,0.02789022919483918,0.914040866661253,0.6635356825485392,0.21079692374988596,0.7654520726252867,0.14858879403596625,1.6794929392865396,-2.040601021491284e-11,False,False,-9.730852410546504
6.77545,4.884,15,0.8189657988550607,-0.009862300103122834,-0.012387075129732923,0.8313528739936373,0.6322322816419157,0.21613838647945258,0.7654710101452591,0.06588186384837824,1.5968238841388964,8.84370354725661e-12,False,False,-9.776628777734004
6.911016666666667,5.019033333333334,15,1.003399690707738,0.02187079675422865,0.027469778825323483,0.975929911883668,0.6198021182429565,0.17428535167531573,0.7155824489501778,0.2603474629334902,1.6915123608338458,1.2534417948018017e-12,False,False,-9.73073113069404
7.045833333333333,5.1538,15,1.2674532194942003,0.005831116701301653,0.007323898067793807,1.2601293214361249,0.5508286040137551,0.1651450301049364,0.6471061507135011,0.6130231707226238,1.907235472149626,9.71844826835877e-12,False,False,-9.339098351367284
7.181966666666667,5.288833333333333,15,1.2820591780982795,-0.0008203986071748659,-0.0010304228300845836,1.2830896009195385,0.63552612860014,0.1576344982129599,0.6784940073317504,0.6045955935877881,1.961583608251289,-8.82560691195522e-12,False,False,-9.459246471946244
7.3167333333333335,5.42335,15,1.4809836308268132,0.039948258505319245,0.050175118809322496,1.4308085120201213,0.6302400762484207,0.15652740968902887,0.7014282464202328,0.7293802655998884,2.132236758440354,2.630562434546846e-12,False,False,-9.16615593538154
7.451233333333334,5.558400000000001,15,1.7850826321955537,0.028075336747861,0.03526269754032188,1.7498199346532601,0.5528929593847416,0.18748598366454047,0.6931348058888559,1.0566851287644043,2.442954740542116,-1.971756091734278e-12,False,False,-8.459795788352494
7.58735,5.6931666666666665,15,2.358299757761415,0.010847692417883081,0.013624730494867433,2.3446750272669306,0.8771693805365691,0.23146427916724865,1.037812805607893,1.3068622216590375,3.3824878328748236,3.82804898890754e-13,False,False,-6.148089245383744
7.7223999999999995,5.828,15,3.8869489174248884,0.5594218613659905,0.7026353440371731,3.1843135733915915,2.2118753550725856,0.8643277188619833,1.2903659062632713,1.8939476671283202,4.474679479654863,3.8760106235713465e-12,False,False,-4.664302156277699
7.857983333333333,5.964666666666667,15,6.421671826545207,1.7333331297777477,2.177071015777895,4.244600810770862,4.980512541758648,2.373168991253511,2.0807074606382727,2.1638933501325894,6.325308271409135,3.5500491435414006e-12,False,False,-1.3736334025743417
7.993816666666667,6.099966666666666,15,11.454000917481608,4.321300178824458,5.4275645045801735,6.0264364129043315,9.478225379009444,5.253371233164682,2.923976981152315,3.1024594317520164,8.950413394056646,2.8972380050618085e-12,False,False,2.4983221601578407
8.129116666666667,6.235283333333333,15,18.74590742518194,8.810713384638802,11.066279417669124,7.679628007509564,15.43504608560345,9.08941807109717,4.071114850602429,3.6085131569071347,11.750742858111993,-3.2525093729418586e-12,False,False,6.2873839950043475
8.264166666666666,6.370866666666667,15,28.36267788179248,15.136465853611298,19.0114413237081,9.35123655808593,21.379710211496313,13.35751029511729,4.723834733669252,4.627401824416678,14.075071291755181,1.552535877635819e-12,False,False,8.538812031576526
8.399233333333333,6.504833333333334,15,39.57066433021464,22.542738876356452,28.313739915799093,11.25692441441015,25.51606695704849,16.695852756935118,4.733677050809499,6.523247363600651,15.99060146521965,-5.396572078097961e-12,False,False,10.783867093137815
8.533999999999999,6.640683333333333,15,50.868013994779176,30.324414744627575,38.08754547916682,12.780468515615667,27.057234137229536,18.309206014654173,4.367500141538339,8.412968374077327,17.147968657154006,3.311129148642067e-12,False,False,11.934628979564877
8.669833333333335,6.77545,15,61.00923049596531,37.291084031276114,46.8377006108681,14.171529885099062,25.53823659503191,17.7746327056201,3.59935306081318,10.572176824285883,17.77088294591224,1.8474111129762605e-12,False,False,13.25797957656323
8.805133333333334,6.911016666666667,15,68.89803630640017,42.789621447624086,53.74387821322914,15.154158093166188,21.750253299504507,15.452277159111297,2.8141151112414455,12.340042981924743,17.968273204407634,-4.845901457883883e-12,False,False,14.37348383659264
8.94045,7.045833333333333,15,74.3287638074653,46.82699917377613,58.81483536298368,15.513928444476733,17.269094747591552,12.517567704843268,2.3274944420598347,13.186434002416899,17.841422886536566,-4.881428594671888e-12,False,False,14.405614073184552
9.076033333333333,7.181966666666667,15,77.39315129781971,49.464572449145635,62.12763440383141,15.265516893985932,13.989086833061474,10.092130764638721,2.7134882314822226,12.552028662503709,17.979005125468156,-2.3732127374387346e-12,False,False,14.109463671498816
9.210816666666666,7.3167333333333335,15,77.62737572859623,50.229019410631736,63.08778181828962,14.539593910303665,13.773978597028046,9.181853974820735,3.4759416808981287,11.063652229405537,18.015535591201793,-2.9487523534044158e-12,False,False,15.015865175038925
9.345583333333334,7.451233333333334,15,75.13291543518062,49.15474507379258,61.738490397299806,13.39442503788905,16.679734247478244,10.574509355270486,4.056996734534468,9.337428303354582,17.45142177242352,8.235190307459561e-12,False,False,15.890649981200113
9.480616666666666,7.58735,15,69.92105802494189,46.18120543335681,58.003716709399775,11.917341315538124,20.688951933528465,13.395278521724725,4.1924291046909685,7.7249122108471555,16.109770420229093,-3.986144747614162e-12,False,False,16.859825646373793
9.615916666666667,7.7223999999999995,15,61.91492245654081,41.315599538571405,51.89250277956875,10.022419676961817,24.108979704479253,15.880559949802183,4.345599660443755,5.676820016518063,14.368019337405572,-1.0238920822303044e-11,False,False,15.588949677185155
9.7507,7.857983333333333,15,52.406535243942926,35.19393637822577,44.20367758734927,8.20285765659537,24.84496285513355,16.97817130254566,3.600885245959195,4.601972410636175,11.803742902554564,1.7124079931818414e-12,False,False,17.40797849315277
9.886816666666666,7.993816666666667,15,41.76427043179865,28.40131808616934,35.67213096723998,6.092139464564298,22.510444154129623,15.568134279801077,3.0078313836301938,3.084308080934104,9.099970848194491,5.6274984672199935e-12,False,False,15.242567058157874
10.02215,8.129116666666667,15,31.388806973642204,21.546418673809967,27.062359094574013,4.3264478790592875,18.034355542700656,12.44490552530597,2.5242444855612884,1.802203393497999,6.850692364620576,-8.903100479074055e-12,False,False,15.056958884510095
10.157716666666666,8.264166666666666,15,22.517067862543627,15.485786242839822,19.45018866058453,3.066879201962365,12.659332450447241,8.48760084980311,2.133414005845354,0.9334651961170111,5.20029320780772,3.268496584496461e-12,False,False,15.256909914503922
10.292233333333334,8.399233333333333,15,16.155607415814302,10.978122677628562,13.788551247609105,2.3670561681992695,7.7035321875074,5.108684181841914,1.4053844791140366,0.9616716890852328,3.772440647313306,-5.927702773078636e-12,False,False,16.987531120656058
10.428149999999999,8.533999999999999,15,12.074528634322633,7.962851069478347,10.001362097394486,2.0731665369244183,4.233620058435502,2.894576693685245,0.9248181315677105,1.1483484053567077,2.997984668492129,-3.728573005901126e-12,False,False,17.825696353189414
10.563433333333334,8.669833333333335,15,9.66328044889815,6.2675993816046685,7.872121473815353,1.7911589750892745,2.7025325412812298,2.101347589263968,0.6457935103376821,1.1453654647515923,2.4369524854269566,6.4783733932927134e-12,False,False,17.58048756228527
10.698483333333334,8.805133333333334,15,8.451636510966637,5.329231380721467,6.69352877183532,1.7581077391382678,2.058589149600512,1.7506679152888585,0.6333928946511556,1.1247148444871122,2.3915006337894233,6.95088431257318e-12,False,False,18.22104970298824
10.834100000000001,8.94045,15,7.3525408614077605,4.553752558847918,5.719525311423203,1.6330155499849752,1.6427436137649452,1.2043072052339654,0.615395737767272,1.0176198122177031,2.2484112877522473,4.1744385725905886e-13,False,False,17.15848690448911
10.9694,9.076033333333333,15,6.536291067917773,3.8883258074674814,4.8837475439150335,1.6525435240087063,1.0024395809360753,0.8032745099503069,0.5897901963761222,1.062753327632584,2.2423337203848286,5.966782623545441e-12,False,False,18.301613778385217
11.105233333333333,9.210816666666666,15,6.075260108933435,3.5810767962320824,4.497841969564895,1.577418139369911,0.819901277417841,0.9225662822198042,0.5797719298527174,0.9976462095171935,2.1571900692226285,1.3713474800169934e-12,False,False,18.684853463666514
11.241083333333334,9.345583333333334,15,5.686933547156514,3.3265732372274215,4.1781848233402625,1.5087487238179165,0.5831038036245711,0.9385950415555198,0.697506982215554,0.8112417416023625,2.2062557060334704,1.6653345369377348e-12,False,False,18.338354631865514
11.376650000000001,9.480616666666666,15,5.274160265114915,3.0914157982260804,3.8828264552347487,1.3913338098795975,0.545095004454358,0.8579244116179732,0.7832355398178193,0.6080982700617782,2.1745693496974168,-5.688782778179302e-13,False,False,17.54941282393702
11.510883333333334,9.615916666666667,15,5.20256187798077,2.7844681750502787,3.497299425088133,1.7052624528864726,0.5007185153977073,0.6797056021860833,0.6354455183343449,1.0698169345521276,2.3407079712208176,-6.164402321928719e-12,False,False,19.0123034286662
11.645683333333332,9.7507,15,4.635672603086277,2.44809926148082,3.0748191760464127,1.5608534270295422,0.41546365096156807,0.44117024621235573,0.7870247862202013,0.7738286408093409,2.3478782132497438,-1.0322409593754855e-11,False,False,18.28751094819745
11.781,9.886816666666666,15,4.453249447746202,2.2843686475316645,2.8691730899591223,1.5840763577953112,0.6180007314622922,0.4615881130944738,1.0848125306901244,0.4992638271051868,2.6688888884854354,8.23119350457091e-12,False,False,17.499544446138316
11.9163,10.02215,15,4.330824160068005,2.4558513092051726,3.0845557685823084,1.24626839148641,0.7363731337206373,0.3777369370598467,1.1420042719376686,0.10426411954874149,2.388272663424079,7.136513602290506e-13,False,False,18.035890628321795
12.0511,10.157716666666666,15,4.274414413186605,2.5438911443961842,3.195134035469061,1.0792803777248992,0.549307536987892,0.24476210864242984,0.7852964076563247,0.29398397006857446,1.8645767853812238,7.355005493536737e-12,False,False,19.57293884655519
12.185599999999999,10.292233333333334,15,3.8630745837363065,2.546531890762708,3.198450819920828,0.6646237638155981,0.30834258107091767,0.24496232300976453,0.31111741410880367,0.3535063497067944,0.9757411779244017,1.1945999744966684e-13,False,False,18.648347569294856
12.320916666666667,10.428149999999999,15,3.8886656165486784,2.5468198600501637,3.1988125101108924,0.6898531064375675,0.30009383078124646,0.2916325515814456,0.39452542238298105,0.2953276840545864,1.0843785288205485,-2.184918912462308e-13,False,False,19.536804392337217
12.4565,10.563433333333334,15,3.8031858173781075,2.43777233137007,3.0618485243927624,0.7413372929709112,0.3675513042142467,0.33326904024824644,0.32297587986251175,0.41836141310839947,1.064313172833423,-1.4433787498546735e-11,False,False,19.084350596633158
12.591266666666666,10.698483333333334,15,3.5942057996071526,2.2060209239207325,2.7707681409650373,0.8234376586456165,0.24991266747030785,0.3110545758688412,0.3286866174506126,0.49475104119500385,1.1521242760962291,3.5011993304578937e-12,False,False,19.709960948195658
12.7274,10.834100000000001,15,3.7035905775410356,2.116861490521842,2.658783655754861,1.0448069217950433,0.28924019313234073,0.24731149113166115,0.3896761578807467,0.6551307639142966,1.4344830796757901,8.8689056099156e-12,False,False,20.033994809127762
12.862016666666667,10.9694,15,3.670005274914729,2.0959120507868647,2.6324711037933968,1.0375341711164765,0.33166898164677416,0.2381459963007829,0.5292622874248256,0.5082718836916509,1.5667964585413021,-4.855671420500585e-12,False,False,20.272580464705243
12.99785,11.105233333333333,15,3.586333103099605,2.0037161334548728,2.516672786696515,1.0696603164055887,0.27457100993416783,0.21729556292856156,0.45841525673642664,0.6112450596691621,1.5280755731420153,2.4984458946164523e-12,False,False,19.624081929548993
13.13315,11.241083333333334,15,3.7334268483828055,1.9024398011933954,2.3894694443251465,1.3439574040457956,0.31031665128464586,0.10001465147227988,0.3449363338200162,0.9990210702257794,1.6888937378658118,-1.1863399151934573e-11,False,False,20.68429172282049
13.269916666666667,11.376650000000001,15,3.7402272458712105,1.939216281323752,2.4356608010693614,1.3045664448018215,0.2515296629635669,0.1433495803711608,0.3599485337736862,0.9446179110281353,1.6645149785755078,-2.7533531010703882e-14,False,False,19.676416991831502
13.404666666666666,11.510883333333334,15,3.553700401360402,2.107169808103208,2.6466108768901098,0.9070895244799431,0.4009170824990114,0.2760940093617373,0.7120263097495998,0.19506321473034327,1.6191158342295429,9.65094670846156e-12,False,False,18.829948991755373
13.539733333333334,11.645683333333332,15,3.936232815103722,2.203650530816958,2.7677909209295044,1.168441894174066,0.3939151220395097,0.35250857699285726,0.6108330391290463,0.5576088550450197,1.7792749333031121,-1.5143442055887135e-13,False,False,20.90367881192651
13.674766666666667,11.781,15,4.107614918248146,2.1975085448139,2.7600765701928482,1.347538348044509,0.5536415088239268,0.39271845635751695,0.6270116995346531,0.7205266485098558,1.974550047579162,-1.0788703264097421e-11,False,False,21.55623587081209
13.809016666666668,11.9163,15,3.983011335185438,2.440774557482655,3.0656193283658904,0.9173920068215011,0.4321310557583272,0.3782630231192246,0.41083121925560606,0.5065607875658951,1.3282232260771072,1.9535484341304254e-12,False,False,19.622456603421597
13.944083333333333,12.0511,15,4.1323759397055255,2.5786483228839643,3.238789143985718,0.8935867957247865,0.557284046784596,0.2897066474099471,0.37586812637629896,0.5177186693484875,1.2694549221010853,4.979128220838902e-12,False,False,21.514546447171597
14.078866666666666,12.185599999999999,15,4.18823836613592,2.6247564278346545,3.29670104629469,0.89153731982924,0.36971825206439746,0.22052273266082295,0.3585139450431041,0.5330233747861359,1.250051264872344,-1.198996457674184e-11,False,False,20.371357666590484
14.214483333333334,12.320916666666667,15,4.410849057487212,2.5996938492389745,3.265222380997208,1.145626676494885,0.4730128555883302,0.22865636058395788,0.5461030243427789,0.5995236521521061,1.691729700837664,4.880984505462038e-12,False,False,22.929828819294926
14.350050000000001,12.4565,15,4.744991434417898,2.6050729254056932,3.2719785149526737,1.4730129194617803,0.534900801637716,0.24827599207827225,0.7827211511185691,0.6902917683432112,2.2557340705803495,-3.4439118223872356e-12,False,False,22.920733932434814
14.48565,12.591266666666666,15,4.838183148218377,2.7030773030783166,3.3950722736681587,1.4431108745552592,0.5861874732998595,0.20084934579833863,0.7255534915709537,0.7175573829843055,2.168664366126213,5.040856621008061e-12,False,False,21.989212519925786
14.620716666666668,12.7274,15,4.848081133197411,2.7214359993013204,3.418130844896009,1.4299502882759043,0.5776715406411425,0.2187589942682012,0.6542451338052766,0.7757051544706277,2.084195422081181,-2.5497826072751195e-11,False,False,21.7781825044367
14.757516666666668,12.862016666666667,15,4.886231802243856,2.790939718226582,3.505427700509888,1.3808041017450705,0.4885713188791053,0.2142090050564527,0.6695073267221826,0.7112967750228879,2.050311428467253,1.1102674335461415e-11,False,False,21.513746727243415
14.892833333333334,12.99785,15,5.226621373149101,2.8442295390486834,3.572359857032316,1.6542615161088179,0.3130409442373069,0.21407151875437633,0.4865947455836816,1.1676667705251362,2.1408562616924995,-7.966960424710123e-12,False,False,23.193738389614737
15.02895,13.13315,15,5.159046356937324,2.798198014144873,3.514544139465668,1.64450221747029,0.3211494702171679,0.1736276128290384,0.4566960801873675,1.1878061372829225,2.1011982976576573,-1.3664624987086427e-12,False,False,22.823925627963035
15.163466666666666,13.269916666666667,15,5.132259548634465,2.8635366125199653,3.5966095926034645,1.5356499560334669,0.4670796118524464,0.22271246218105992,0.6637362954119355,0.8719136606215314,2.1993862514454023,2.4660273822973977e-12,False,False,21.53226685365371
15.299100000000001,13.404666666666666,15,4.867133910316625,2.867112333253317,3.601100707343823,1.266033202973631,0.5615785894932308,0.24488019912725614,0.7912864538474974,0.47474674912613357,2.0573196568211283,8.291145547900669e-13,False,False,21.936258390720468
15.434116666666666,13.539733333333334,15,4.6418184046124225,2.942747812212474,3.696099069849923,0.9457193347666362,0.38763871725008503,0.2321966643132978,0.5415882547105484,0.4041310800560878,1.4873075894771846,4.136690989753333e-12,False,False,22.946633293060586
15.569466666666667,13.674766666666667,15,4.7647029953150195,2.9303802793947398,3.6805654157752308,1.0841375795389467,0.3870273267169838,0.2456791058231649,0.6159247690016805,0.46821281053726627,1.7000623485406272,-8.419931418757187e-13,False,False,23.65207750738773
15.704783333333333,13.809016666666668,15,4.7007921936383354,2.872240195698396,3.607541316197534,1.0932508774335474,0.5328236748797752,0.30545399120375843,0.7696754471872582,0.3235754302462892,1.8629263246208057,-7.254197242900773e-12,False,False,22.598792782300734
15.839833333333333,13.944083333333333,15,4.629666004817409,2.9324135633760307,3.683119225857359,0.9465467789636932,0.3801473148652111,0.2670028566041266,0.5478845084345939,0.3986622705290993,1.494431287398287,3.643307877609914e-12,False,False,24.110754578447086
15.974883333333334,14.078866666666666,15,4.773454648551706,2.9124936796361,3.658099798960794,1.1153548495894938,0.48436161107951614,0.3136312016920662,0.6764469922279943,0.4389078573614995,1.7918018418174881,-1.41797684705125e-12,False,False,24.299657576309983
16.109666666666666,14.214483333333334,15,4.288686012318067,2.913180359206308,3.65896227032521,0.6297237419921657,0.38624849136444656,0.2970824713211793,0.7116694507463035,-0.08194570875413776,1.3413931927384692,-6.910028105266974e-13,False,False,22.456393830725574
16.244966666666667,14.350050000000001,15,4.319305382545281,2.8026567477645585,3.5201443207370757,0.7991610618137202,0.33142709621528493,0.23360713737918382,0.502642521972763,0.2965185398409571,1.3018035837864832,5.515143897127928e-12,False,False,23.37829921656521
16.381083333333333,14.48565,15,4.477546197871561,2.637584098123625,3.3128126342556574,1.16473356362485,0.2575388180770738,0.09665752453762888,0.3254972264163283,0.8392363372085216,1.4902307900411782,8.946177132429511e-12,False,False,24.51431530220725
16.516933333333334,14.620716666666668,15,4.49004240839713,2.5851135604716546,3.2469094995714234,1.243132908827647,0.26527222099720704,0.13308132910722645,0.33366556406995246,0.9094673447576946,1.5767984728975994,1.9402257578349236e-12,False,False,24.25345039581589
16.652,14.757516666666668,15,4.371516721970693,2.550308958419919,3.203194826932452,1.1683218950456649,0.24785147144674846,0.13263719828284523,0.3191844723621381,0.8491374226835268,1.487506367407803,7.424283410273347e-12,False,False,23.988648245533113
16.78705,14.892833333333334,15,4.069116228973144,2.5602893610775936,3.2157302391844538,0.8533859897911498,0.40889961133303776,0.11603013234263426,0.5366984708028641,0.3166875189882856,1.390084460594014,2.459810133359497e-12,False,False,23.30898971259012
16.922616666666666,15.02895,15,4.266765106018283,2.5346786416121176,3.183563107498316,1.0832019985214174,0.3231337693450614,0.11076889258899131,0.43851495259223755,0.6446870459291798,1.521716951113655,1.4499512701604544e-12,False,False,24.59265018576116
17.05765,15.163466666666666,15,4.067242948520288,2.4774007164523937,3.111621881333026,0.9556210671876215,0.6043240635022114,0.14528277354824679,0.7377907467859205,0.21783032040170103,1.6934118139735421,3.5926817076870066e-13,False,False,23.28265193804691
17.192966666666667,15.299100000000001,15,3.7501770073431544,2.557791340714175,3.212592718971753,0.5375842883709083,0.6287734945551763,0.08215888110456336,0.6799490366740455,-0.14236474830313717,1.2175333250449538,-4.929390229335695e-13,False,False,23.250973333982984
17.327766666666665,15.434116666666666,15,3.6414746370137436,2.5670473859863705,3.224218336423263,0.41725630060182084,0.3625747445377335,0.08110142994303532,0.3736434692404363,0.04361283136138455,0.7908997698422571,1.1340262062731199e-11,False,False,24.64568704085832
17.462783333333334,15.569466666666667,15,3.5109507180313813,2.624453431359143,3.2963204819165064,0.21463023612386678,0.3389948438009808,0.09359900482640779,0.32287347273288247,-0.10824323660901569,0.5375037088567493,8.991918321044068e-12,False,False,23.432337263817317
17.5992,15.704783333333333,15,3.378065145756409,2.603828530976898,3.2704155522442457,0.10764959351809011,0.42277685969541995,0.08276120800010414,0.42563698419651846,-0.31798739067842835,0.5332865777146085,5.926814594658936e-12,False,False,23.21422741342394
17.734916666666667,15.839833333333333,15,3.042363711152575,2.577782208863937,3.237701302475643,-0.19533759133128115,0.32755091040186657,0.0749140500380348,0.4035533175891798,-0.5988909089204609,0.20821572625789864,-8.212985846967058e-12,False,False,23.2934807632264
17.871066666666664,15.974883333333334,15,2.9452709303732263,2.5618853453597694,3.2177347996827623,-0.27246386930391964,0.47186433517851,0.08166079133963976,0.5444435030923029,-0.8169073723962226,0.2719796337883833,5.616396236973742e-12,False,False,22.887992780466448
18.006633333333333,16.109666666666666,15,3.234235370066017,2.4778674212648184,3.1122080638172807,0.12202730624858305,0.5382254349506885,0.14097254152766928,0.6957825174187032,-0.5737552111701202,0.8178098236672863,-1.532107773982716e-13,False,False,25.04976637091022
18.14335,16.244966666666667,15,2.9490916415452375,2.4480830863612937,3.0747988600533165,-0.12570721850715927,0.2963834355671894,0.21087749962239938,0.4747896589877788,-0.6004968774949381,0.34908244048061954,9.197087535994797e-13,False,False,23.786277236547903
18.278650000000003,16.381083333333333,15,2.757047924613289,2.3293078962269647,2.925616905706138,-0.16856898108926544,0.26383104414946723,0.30972549153908185,0.5261825697856699,-0.6947515508749353,0.35761358869640447,3.5833558342801552e-12,False,False,24.03182144719176
18.41395,16.516933333333334,15,2.8015585952452966,2.1885326325173082,2.7488028005028986,0.05275579474891856,0.22735953395716624,0.3589479390906689,0.4463530544964263,-0.39359725974750776,0.4991088492453449,6.520561868228469e-12,False,False,24.259604163875338
18.549266666666664,16.652,15,2.80440826821723,1.9986797314741125,2.510347052428962,0.294061215794045,0.22662617198499851,0.3740068959698324,0.3964083340969782,-0.1023471183029332,0.6904695498910232,5.7767124417296145e-12,False,False,24.63112497754628
18.684833333333334,16.78705,15,2.8087032327021006,1.8922834313270869,2.376713016791626,0.43199021590953635,0.22527394269471243,0.31363323534818305,0.3637314245947292,0.06825879131480717,0.7957216405042655,-9.383605004131823e-13,False,False,24.427510216715746
18.819816666666668,16.922616666666666,15,2.7679959511406196,1.9101416376943234,2.3991429714310297,0.3688529797072988,0.24436235004808526,0.29150510666896295,0.415985596218487,-0.04713261651118822,0.7848385759257859,-2.291056233616473e-12,False,False,24.17491459098528
18.954816666666666,17.05765,15,3.0837132944689074,1.8931200811639428,2.377763851209363,0.7059494432560314,0.3813185119604637,0.26921693830048693,0.31285991792754747,0.3930895253284839,1.018809361183579,-3.5131897391238454e-12,False,False,25.005053102548118
19.08986666666667,17.192966666666667,15,2.9768812729416823,1.940775526676589,2.43761921737482,0.5392620555617214,0.34595685055454545,0.32642481435909265,0.40228333138791883,0.13697872417380252,0.9415453869496402,-5.140776693224325e-12,False,False,23.824143095553154
19.226266666666668,17.327766666666665,15,3.152785222067905,1.990698311590677,2.5003223678519073,0.6524628542078972,0.6215861312858986,0.3415276326349548,0.5245622717988908,0.12790058240900637,1.177025126006788,-8.100631276874992e-12,False,False,25.45805392434704
19.36211666666667,17.462783333333334,15,3.4685950414386753,2.05371191249651,2.5794676179917206,0.8891274234492812,0.40152535387398547,0.3730291388888279,0.26785382572790273,0.6212735977213785,1.1569812491771838,2.326583370404478e-12,False,False,24.847090895520523
19.498766666666665,17.5992,15,3.550880722257716,2.1809029568867118,2.7392199076418544,0.8116608146301587,0.3512593084621388,0.39931225960003913,0.3612620296572627,0.45039878497289604,1.1729228442874213,1.4297008021912916e-11,False,False,24.560468727562693
19.634833333333333,17.734916666666667,15,3.5905478513013804,2.278146105716587,2.8613575609085653,0.7291902903957634,0.3698597424398135,0.39360813683339135,0.3520524312783345,0.3771378591174289,1.0812427216740979,2.9483082641945657e-12,False,False,24.944745625398355
19.771466666666665,17.871066666666664,15,3.6658168890935485,2.3278333830530755,2.923764913242538,0.74205197585934,0.42110596768051156,0.34929783330603914,0.30274882422622174,0.4393031516331183,1.0448008000855618,8.329337219947774e-12,False,False,25.617902302881703
19.908383333333333,18.006633333333333,15,3.6008846874829032,2.617104351742455,3.2870900183943634,0.31379466909902476,0.5504379076377672,0.3526707490641954,0.3549304158908861,-0.04113574679186133,0.6687250849899109,1.0484946244559978e-11,False,False,24.023965245098225
20.0453,18.14335,15,3.8826355999699445,2.821043361138436,3.543237955980588,0.33939764398382977,0.16374833220379786,0.33566669438890245,0.4735100652333422,-0.13411242124951245,0.8129077092171719,-5.526690216584029e-12,False,False,24.177925768017303
20.18113333333333,18.278650000000003,15,3.961692085096729,2.909892081745056,3.654832185098232,0.3068598999971073,0.14366530460314458,0.2033326120314643,0.31321677403566656,-0.006356874038559279,0.6200766740327739,-1.389555137620846e-12,False,False,25.177376451611053
20.316716666666665,18.41395,15,4.140973951009073,2.9015416601214383,3.6443440333552175,0.4966299176562643,0.30679446961331197,0.17221644438617215,0.46246731801609664,0.03416259964016766,0.9590972356723609,2.4087398742267396e-12,False,False,26.303840950800804
20.451233333333334,18.549266666666664,15,3.907216985571722,2.8432103538470983,3.571079757711555,0.33613722786003564,0.33725083565777153,0.2568824578963812,0.3095671946342765,0.026570033225759127,0.6457044224943121,-1.3145040611561853e-13,False,False,24.463508189903223
20.5868,18.684833333333334,15,3.751336855944828,2.671442820534139,3.355339279552428,0.3959975763850707,0.4279388180578774,0.29994602703336687,0.2709137327381272,0.12508384364694353,0.666911309123198,-7.329248319365433e-12,False,False,25.267951346584596
20.722383333333333,18.819816666666668,15,3.5377536525265896,2.582688199941913,3.243863240302849,0.2938904122183885,0.4888114998925908,0.24187500944621237,0.32877303201508856,-0.03488261979670004,0.6226634442334771,-5.352163157112955e-12,False,False,24.708409980870783
20.8585,18.954816666666666,15,3.585898113957228,2.590810097026406,3.254064364617624,0.33183374933923915,0.3287134383109137,0.18599388236290917,0.25655210977103227,0.07528163956820688,0.5883858591102714,-3.645972412869014e-13,False,False,25.800540937911137
20.993033333333337,19.08986666666667,15,3.5465628178535553,2.5219285918101377,3.1675490110752156,0.3790138067715816,0.2793058810602083,0.14825010833889493,0.2835938373087389,0.0954199694628427,0.6626076440803205,-6.758149595498253e-12,False,False,25.13251095007581
21.128083333333333,19.226266666666668,15,3.67832554317647,2.457448887427745,3.0865623310739894,0.5917632121031602,0.5563422005798633,0.20908070313218466,0.725342449403448,-0.13357923730028787,1.3171056615066083,6.794564910705958e-13,False,False,27.40607052038831
21.263666666666666,19.36211666666667,15,3.6437794328812743,2.3099626496950805,2.9013192246694617,0.7424602082251113,0.33015879621947475,0.333362508869205,0.517007717363813,0.22545249086129826,1.2594679255889243,1.3298695478169975e-11,False,False,25.703281000925926
21.399749999999997,19.498766666666665,15,3.5509496980412223,2.1795394650944218,2.7375073583284824,0.8134423397204955,0.38798224392838776,0.4059294435243944,0.4313489184073017,0.3820934213131938,1.2447912581277971,7.755573960821494e-12,False,False,26.003969978672103
21.534783333333333,19.634833333333333,15,3.480369927830907,2.164128390028054,2.7181510071040247,0.7622189207349948,0.34056858151309743,0.36647161502464626,0.4211518215925692,0.34106709914242556,1.183370742327564,8.112621685540944e-12,False,False,25.834198573531467
21.66955,19.771466666666665,15,3.3660757616817136,2.0752273332109326,2.6064910435669546,0.7595847181210047,0.33434635535313606,0.2800163228618507,0.4118912936019857,0.347693424519019,1.1714760117229903,6.245670647331281e-12,False,False,25.839325263164937
21.805400000000002,19.908383333333333,15,3.409170572893345,1.8647827784770925,2.3421721237537314,1.0669984491446485,0.3051921079494312,0.1821351796696892,0.438159357023577,0.6288390921210715,1.5051578061682256,5.03508346128001e-12,False,False,26.876922919414937
21.9402,20.0453,15,3.2547790345415706,1.8849889258854091,2.3675510985782777,0.8872279359666209,0.28145691678694124,0.15183543503861024,0.3331396327454045,0.5540883032212164,1.2203675687120255,3.3280045386163692e-12,False,False,26.243285846881918
22.0747,20.18113333333333,15,3.307535473679309,1.9965679166816699,2.5076946074394018,0.7998408662356269,0.41017270855442284,0.1077662099225,0.3924763006138971,0.4073645656217298,1.192317166849524,-4.2801318045349035e-12,False,False,26.885617946318234
22.20948333333333,20.316716666666665,15,3.2004620866136975,2.0444215405332216,2.567798886125005,0.6326632004820567,0.44204509015409355,0.13473024689486476,0.4797279784446695,0.1529352220373872,1.1123911789267262,-6.635580973579636e-12,False,False,25.696988218274782
22.344533333333334,20.451233333333334,15,3.3282418250237242,1.9796818629401969,2.48648567908058,0.8417561459459648,0.5853192469644385,0.15053193421340663,0.48914292400416404,0.3526132219418008,1.3308990699501289,2.8204105717577477e-12,False,False,26.52099378099956
22.4801,20.5868,15,3.120525312202517,1.9013948001302197,2.3881569202136457,0.7323683919885298,0.48135960931820965,0.18940632292018572,0.3949036816625699,0.33746471032595987,1.1272720736510997,-3.4150460237469815e-13,False,False,26.932950132337282
22.615599999999997,20.722383333333333,15,3.0329405642623897,1.8054453796357848,2.2676441931731692,0.7652963710888798,0.36657420299443355,0.15770020145467636,0.42877958562277646,0.33651678546610336,1.1940759567116563,-3.4061642395499803e-13,False,False,27.135860566821066
22.751166666666666,20.8585,15,2.8866690545983147,1.728521303684829,2.17102734942208,0.7156417051642165,0.31699378021852515,0.20550466392110428,0.43633924772599403,0.2793024574382225,1.1519809528902105,-1.2017942196962395e-11,False,False,27.596462363319006
22.886466666666667,20.993033333333337,15,3.044348682189593,1.7308992156649765,2.174014013186312,0.870334668994019,0.34824251461259226,0.21495622680406107,0.5446346306727514,0.3257000383212676,1.4149692996667704,-9.261924560632906e-12,False,False,27.86593197012553
23.022666666666666,21.128083333333333,15,2.883710685557162,1.746730915048829,2.1938986696709626,0.689812015876214,0.4454245096794639,0.2230206449475951,0.6259639691826494,0.06384804669356459,1.3157759850588633,-9.985345883478658e-12,False,False,27.112848569842754
23.15825,21.263666666666666,15,3.288123598555103,1.7303232581652992,2.1732906090366275,1.1148329895218012,0.2209592995482472,0.20065123330724907,0.19584803966430941,0.9189849498574918,1.3106810291861106,3.325784092567119e-12,False,False,28.070367270091083
23.293533333333336,21.399749999999997,15,3.3931867255669204,1.6514899217690981,2.0742757290941642,1.3189109964723684,0.3602384641642119,0.12854642103667244,0.3577959231286088,0.9611150733437597,1.6767069196009772,-3.8768988019910466e-13,False,False,28.917565482799546
23.42751666666667,21.534783333333333,15,3.1990998122055316,1.5608326898618543,1.9604100049784412,1.2386898072400072,0.2986022036685385,0.0976768352805178,0.3050259963901372,0.93366381084987,1.5437158036301444,1.2916778757698921e-11,False,False,27.495629022014327
23.5634,21.66955,15,3.0217510280635906,1.642445916248107,2.0629164341334723,0.95883459392644,0.4634877133662874,0.12293815481544001,0.5514162259112574,0.4074183680151826,1.5102508198376974,-3.678390925188069e-12,False,False,26.82289809077338
23.69816666666667,21.805400000000002,15,2.9852441017355886,1.6814518590144871,2.1119080018713285,0.8733360998649005,0.39146429367610036,0.15664975227074396,0.5216790056548365,0.35165709421006397,1.3950151055197368,6.403766406037903e-13,False,False,28.008444600942312
23.83295,21.9402,15,2.9900397422461538,1.6372845094192598,2.056433693444634,0.9336060487912619,0.3843151746802773,0.15486350828638135,0.4932425502733238,0.44036349851793805,1.4268485990645856,-1.0258016658326596e-11,False,False,27.922384929290274
23.96825,22.0747,15,3.1000523304610397,1.7065732835144445,2.143460577780913,0.9565917526806516,0.45999221389614314,0.2824599901324129,0.4622901208423339,0.49430163183831766,1.4188818735229853,5.24913446042774e-13,False,False,28.593433694768464
24.1033,22.20948333333333,15,3.1948500297075952,1.866872750728362,2.344797134453551,0.8500528952513378,0.3525704804863226,0.29043643021556576,0.5819834281682956,0.26806946708304213,1.4320363234196334,-2.7062796448262816e-12,False,False,27.49226722403546
24.23755,22.344533333333334,15,3.043759463223978,1.9982776929973625,2.5098420910341077,0.5339173721818042,0.2836448334242038,0.1938191628911341,0.419463614975425,0.11445375720637924,0.9533809871572292,-8.065992318506687e-12,False,False,27.803454674285604
24.373116666666665,22.4801,15,2.8587160856914124,2.0018837935531337,2.514371362912132,0.3443447227764409,0.2948399558550088,0.13867422801821191,0.33929134666918515,0.005053376107255758,0.683636069445626,-2.8395064077813004e-12,False,False,27.849231041473104
24.508166666666668,22.615599999999997,15,2.716956417352776,1.947442846299964,2.445993388534197,0.2709630288336484,0.3092403527836357,0.18689751466487542,0.2560763683665775,0.014886660467070933,0.5270393972002259,1.5069279157842175e-11,False,False,28.197161878735642
24.643483333333332,22.751166666666666,15,2.6339806512842188,1.9458362216064415,2.4439754636509696,0.19000518762322827,0.2896104524747531,0.2017024477418608,0.20799894334782398,-0.017993755724595717,0.39800413097105225,-1.0020873020266663e-11,False,False,28.105180864586146
24.779183333333332,22.886466666666667,15,2.619933013433183,1.875104799048131,2.355136609012461,0.2647964044199398,0.2522922276336652,0.20088491519087193,0.2936599525515607,-0.028863548131620897,0.5584563569715004,-7.824851877558103e-13,False,False,28.55830549975508
24.914466666666666,23.022666666666666,15,2.6508279147092253,1.9379273304875824,2.434041875394903,0.21678603931422913,0.29315256271369206,0.1899412009087246,0.3088084809736057,-0.09202244165937656,0.5255945202878348,-9.325873406851315e-14,False,False,27.724562630508444
25.049783333333334,23.15825,15,2.532824097244884,1.9712363550424925,2.4758780987247064,0.05694599852859028,0.401616653073934,0.18460175233118423,0.3842229546037376,-0.32727695607514734,0.4411689531323279,8.412825991399586e-12,False,False,27.961073860977194
25.184316666666668,23.293533333333336,15,2.8819848119819653,1.9632927018574264,2.4659008492211347,0.416083962756602,0.5933762360598527,0.14559469751281706,0.5932802525382708,-0.1771962897816688,1.0093642152948727,-4.228617456192296e-12,False,False,29.792128548477194
25.318833333333334,23.42751666666667,15,3.003611993364757,1.85702568121269,2.332429188982118,0.6711828043971764,0.41133443117190693,0.2149806813200035,0.3513876121015568,0.3197951922956196,1.0225704164987333,1.45372602844418e-11,False,False,28.509169868120807
25.45361666666667,23.5634,15,2.775745897219167,1.691733269351971,2.1248214805688286,0.6509244166586541,0.5162431786810794,0.31041901173331393,0.35428833510954555,0.29663608154910853,1.0052127517681997,8.315570454442422e-12,False,False,28.585463813433307
25.588183333333333,23.69816666666667,15,2.5708027964428766,1.551746326389548,1.9489975083183688,0.62180528812587,0.35593987208440353,0.4017501193218868,0.39386576198515794,0.22793952614071206,1.015671050111028,1.362243651215067e-12,False,False,29.462844184527057
25.72375,23.83295,15,2.64997217617929,1.5739889128781215,1.976934256037727,0.6730379201435426,0.3296305046690643,0.28229716139624195,0.3357243307982423,0.33731358934530026,1.0087622509417848,1.979749697511579e-12,False,False,28.919170540655614
25.8596,23.96825,15,2.5996147878977354,1.5385201898643572,1.9323854457061427,0.6672293421925133,0.42638078424466025,0.26754493145657265,0.30365689952216496,0.36357244267034833,0.9708862417146782,9.205969320191798e-13,False,False,28.839824330832926
25.994366666666668,24.1033,15,3.033624854288064,1.5780153333071212,1.981991450793149,1.051633403498272,0.4264210976648549,0.24275214479935514,0.2669332014206919,0.7847002020775801,1.318566604918964,3.3570923818615483e-12,False,False,30.312297475364176
26.129133333333336,24.23755,15,2.9708209394812,1.622549331499613,2.0379262708320476,0.9328946686555355,0.286326298531927,0.19150775608807605,0.2032164186961973,0.7296782499593382,1.1361110873517328,6.38289421317495e-12,False,False,29.09723964627483
26.264183333333335,24.373116666666665,15,2.8451947990470217,1.6100066259932646,2.0221725993950916,0.8230221996518594,0.4109030141320371,0.22224105803741587,0.2665579519754428,0.5564642476764166,1.0895801516273023,-7.061018436615996e-14,False,False,29.01810757633939
26.400616666666668,24.508166666666668,15,2.630154748891073,1.5204321806231746,1.9096668580465677,0.7204878908346473,0.5588465348380568,0.29781491692824175,0.32385032785868756,0.3966375629759597,1.0443382186933348,-9.85789228025169e-12,False,False,29.18116298611858
26.53595,24.643483333333332,15,2.449911067276844,1.3614434872215497,1.7099766367643738,0.7399344304944862,0.5509980403288384,0.2939866116572448,0.30995033485213247,0.4299840956423537,1.0498847653466186,-1.7983836642088136e-11,False,False,29.632182242829003
26.670433333333335,24.779183333333332,15,2.346725438408612,1.2244934622431174,1.5379670415696904,0.8087583968335821,0.3915662281242816,0.2750174179239057,0.32441942350557496,0.4843389733280071,1.133177820339157,-5.339284570027303e-12,False,False,30.208628542954102
26.804933333333334,24.914466666666666,15,2.2353298951420584,1.1354339574754704,1.426108066985827,0.8092218281467467,0.30887795658370165,0.2601894426209198,0.3673755959641261,0.4418462321826206,1.1765974241108728,-9.484635299372712e-12,False,False,29.62214046990266
26.93998333333333,25.049783333333334,15,2.181323077806155,1.202340927269688,1.5101433987925845,0.6711796790191329,0.31993477938333603,0.23504010722388205,0.26098759228577356,0.41019208673335933,0.9321672713049065,5.562217353372034e-12,False,False,29.978036121436162
27.075566666666667,25.184316666666668,15,2.109310108819045,1.2544073947174184,1.575539020226839,0.533771088593312,0.446769735883384,0.2412196573638903,0.32128218003375164,0.21248890855956037,0.8550532686270637,1.105782132526656e-12,False,False,30.032997702001012
27.210883333333335,25.318833333333334,15,2.420367451122729,1.2805566452880157,1.6083825484116725,0.811984902723907,0.46625371285069916,0.29326834513861344,0.18260972968989644,0.6293751730340106,0.9945946324138034,1.2850387420826337e-11,False,False,30.48487098472833
27.346466666666668,25.45361666666667,15,2.284363876169664,1.2170750701588986,1.528649521404193,0.7557143547628584,0.471290734767961,0.3208936421150169,0.18505262697531583,0.5706617277875425,0.9407669817381743,-2.6123547769429933e-12,False,False,30.24073035972833
27.4815,25.588183333333333,15,2.2149564676219597,1.1825698665270465,1.4853108939759783,0.7296455736509415,0.37987935445575427,0.2676437491055791,0.22577136247763577,0.5038742111733058,0.9554169361285773,4.960032384815349e-12,False,False,30.56372700809152
27.617866666666664,25.72375,15,2.105774734998704,1.1325719677588495,1.4225134002985824,0.6832613347055485,0.39976638386726393,0.30635293322854457,0.2917892722316155,0.391472062473933,0.975050606937164,5.42699218897269e-12,False,False,29.734716035585734
27.753183333333332,25.8596,15,2.012392458229442,1.2149011565015826,1.52591908007538,0.4864733781614632,0.45888399391195805,0.30353455178953725,0.4342834982305382,0.052189879930925,0.9207568763920013,7.400968726756219e-12,False,False,29.581609538669
27.888233333333336,25.994366666666668,15,1.9864964275984676,1.3058879191885353,1.6401986957258494,0.3462977318781668,0.5191171936789487,0.25678564326705655,0.45820211623211926,-0.11190438435395245,0.8044998481102861,5.548672632471607e-12,False,False,30.07181298060459
28.02355,26.129133333333336,15,2.2391890562867047,1.3375477073750517,1.6799634737955849,0.5592255825008579,0.2952870856943938,0.21289506962053148,0.4134473219798832,0.14577826052097465,0.9726729044807411,9.737988193592173e-12,False,False,30.47617089076084
28.159666666666666,26.264183333333335,15,2.2694974027690478,1.3459496154246153,1.6905162926263664,0.5789811101467421,0.288028787040955,0.19680865748996026,0.3772954144437844,0.20168569570295775,0.9562765245905265,4.0607517348689726e-12,False,False,30.84238182826084
28.294466666666665,26.400616666666668,15,2.449451194865105,1.3419525728131703,1.6854959964878382,0.7639551983761521,0.4219381480478869,0.21313764896594595,0.595686605729004,0.1682685926471481,1.3596418041051561,-1.1148859613285822e-12,False,False,32.07599327061325
28.429783333333333,26.53595,15,2.257432117468852,1.3069632046062907,1.641549257067156,0.6158828603984148,0.2930893395542399,0.22471412752956071,0.44681983987591467,0.1690630205225001,1.0627027002743294,-3.2813751715821127e-12,False,False,30.524357102796785
28.565616666666664,26.670433333333335,15,2.3405970542298746,1.2696988807838352,1.5947451673496578,0.7458518868897954,0.2979292957349101,0.17815134682398362,0.43659092641250824,0.3092609604772872,1.1824428133023037,9.578560167256e-12,False,False,31.70685134845553
28.700666666666667,26.804933333333334,15,2.200822070131835,1.217856734758243,1.5296312942175418,0.6711907759095084,0.32816977697691196,0.1225047721204815,0.41821191595080476,0.2529788599587036,1.0894026918603132,-4.7848391915295e-12,False,False,30.235934022755828
28.835716666666666,26.93998333333333,15,2.001090847530577,1.1996456088527339,1.5067580717005005,0.4943327758292071,0.4197951104379203,0.12467316105788837,0.48698103123952785,0.007351744589679243,0.981313807068735,-8.693046282814976e-13,False,False,30.354799837543396
28.970233333333333,27.075566666666667,15,1.8709827949060127,1.1606749975508137,1.4578108803758674,0.4131719145270836,0.4123274168600429,0.1304738613958185,0.470603852880075,-0.05743193835299143,0.8837757674071586,-3.0617730573112567e-12,False,False,30.570711449428927
29.10555,27.210883333333335,15,1.970179456853657,1.1080553288811643,1.3917204367372469,0.5784590201037645,0.3491309045399313,0.14807208974919883,0.4798641918277481,0.0985948282760164,1.0583232119315125,-1.2645662295085458e-11,False,False,31.928560489439406
29.240850000000002,27.346466666666668,15,2.098783200708567,1.0346719334884256,1.2995506971734587,0.7992325035329486,0.3526954064169276,0.16798502551764327,0.5123370396511925,0.28689546388175613,1.3115695431841412,-2.1598278721057795e-12,False,False,31.981966251158156
29.37615,27.4815,15,1.8131386366658262,0.8875572839097003,1.114774306477441,0.6983643301882694,0.43100181419802336,0.16474687351300732,0.43083229633703474,0.26753203385123464,1.1291966265253042,-1.1590728377086634e-13,False,False,30.733248252930935
29.511466666666667,27.617866666666664,15,1.6773939285922097,0.8172852318239165,1.0265124223727906,0.6508815062165922,0.7016372158711701,0.19437130115320134,0.6095556323955319,0.041325873821060344,1.260437138612124,-2.8268498653005736e-12,False,False,30.723116153501906
29.646250000000002,27.753183333333332,15,1.3793347489627195,0.7637665678048506,0.9592928381870297,0.42004191077012365,0.9178787370266196,0.24854559181433766,0.704602046680028,-0.28456013590990437,1.1246439574501517,-5.566103133958222e-12,False,False,30.702730674805935
29.781833333333335,27.888233333333336,15,0.8965285742597189,0.6338432878510503,0.7961088534105523,0.10041972084218287,0.9218640931678659,0.3356850306546981,0.5869286320158079,-0.48650891117362505,0.6873483528579908,-6.983746914102085e-12,False,False,30.53686809373903
29.9169,28.02355,15,0.4267299068524153,0.5103781907018856,0.6410363633935215,-0.21430645654027103,0.8994166485087642,0.4052729973181026,0.4780266255704065,-0.6923330821106775,0.26372016903013545,8.352207814255053e-13,False,False,30.14013957811403
30.051933333333334,28.159666666666666,15,0.0389942102265195,0.34391627349032206,0.43195975315266016,-0.39296554293287045,0.7253837825517834,0.4417527486276067,0.3413437585862353,-0.7343093015191058,-0.05162178434663517,-6.72978339721908e-12,False,False,30.424044901301386
30.18723333333333,28.294466666666665,15,-0.5004404113715282,0.10634447946358705,0.13356894872127031,-0.634009360084292,0.7876709440564564,0.4427350742517981,0.4553308745001607,-1.0893402345844527,-0.1786784855841313,8.50652881467795e-12,False,False,29.659916002419777
30.321483333333333,28.429783333333333,15,-0.9369864788022824,-0.2077822657483921,-0.2609750777748573,-0.6760114010166944,1.2429155803329335,0.5171687172797472,0.63616224791127,-1.3121736489279643,-0.03984915310542447,1.0730638599909526e-11,False,False,29.15720156955649
30.45705,28.565616666666664,15,-1.7770309493644163,-0.4992244493732869,-0.627027234653745,-1.1500037147079638,1.503564283683691,0.5109724429311706,0.9016375116329276,-2.0516412263408914,-0.2483662030750362,2.7076119124558318e-12,False,False,28.179418670450104
30.591316666666668,28.700666666666667,15,-2.3594876957140514,-0.7383494338500896,-0.9273688504166294,-1.432118845313198,1.8530782539269959,0.48449833493552097,1.2612841068261154,-2.6934029521393135,-0.17083473848708275,-1.5776269179923474e-11,False,False,27.529181129924837
30.72693333333333,28.835716666666666,15,-3.2731711855885806,-1.1065545226265385,-1.3898354200943912,-1.8833357654962128,1.7848733671889285,0.6353236826909481,1.0432021960470845,-2.926537961543297,-0.8401335694491283,-2.0234924846818103e-12,False,False,27.699899421117152
30.8625,28.970233333333333,15,-4.505836255324539,-1.4655801268963842,-1.8407725328456181,-2.6650637224715865,1.8967746078044259,0.7222297034943974,1.0189500547009942,-3.6840137771725807,-1.6461136677705923,7.334133300673784e-12,False,False,25.415232445506263
30.998066666666666,29.10555,15,-5.831183577429329,-2.3010994541982654,-2.890187027579475,-2.9409965498571182,2.1130434778983607,1.408584198648509,0.5760163219677314,-3.51701287182485,-2.3649802278893866,-7.264855383937174e-12,False,False,27.19719258886471
31.132316666666668,29.240850000000002,15,-6.9668000736346585,-3.341307050326577,-4.196690531734686,-2.770109541902002,2.5490118090301728,2.108034422811291,0.6413014944922099,-3.411411036394212,-2.1288080474097923,-2.029487689014786e-12,False,False,27.580285108022508
31.2669,29.37615,15,-8.326128237524244,-4.354038135315932,-5.4686834649052,-2.8574447726232393,3.1474084653343573,2.412570519666469,0.5811591987724565,-3.438603971395696,-2.2762855738507826,-4.1948666762436915e-12,False,False,25.502620577506605
31.402449999999998,29.511466666666667,15,-10.235967219916347,-5.872435917830444,-7.3757951135227,-2.860172106391019,3.6222997910280865,3.018829653888601,0.5269952922651264,-3.3871673986561452,-2.333176814125893,2.6281199438926706e-12,False,False,26.459875898843165
31.537483333333334,29.646250000000002,15,-12.087876935955137,-7.402000115958799,-9.296931809815915,-2.7909451261562026,3.839503486707233,3.3650261749264834,0.5531718781209606,-3.3441170042771633,-2.237773248035242,-1.6980195027826994e-11,False,False,26.24894381046761
31.67255,29.781833333333335,15,-14.360679010438616,-8.786645391188358,-11.036049953956274,-3.324629056478443,4.313286094629949,3.291437260321988,0.7907852015500733,-4.115414258028516,-2.53384385492837,3.89910326248355e-12,False,False,22.376998932813876
31.80785,29.9169,15,-16.52950282904203,-10.614425580406532,-13.331746727299636,-3.197756101739742,4.37586955807427,3.516735779935053,0.5884739934961339,-3.786230095235876,-2.609282108243608,2.652100761224574e-12,False,False,24.942928961187135
31.942633333333333,30.051933333333334,15,-19.130271679117868,-12.576075414184743,-15.795584129848828,-3.3346875492779873,4.749291528005042,3.811661792023019,0.5706887564420461,-3.9053763057200332,-2.7639987928359413,-8.947509400059062e-12,False,False,23.173071797267767
32.077416666666664,30.18723333333333,15,-21.48367973252607,-14.240908325074997,-17.88661868872618,-3.5970610437980213,4.982949305590225,3.648817002422101,0.7862212858232026,-4.383282329621224,-2.8108397579748186,1.8687273950490635e-12,False,False,21.1760976890655
32.21191666666667,30.321483333333333,15,-24.08807486873411,-16.348921086260816,-20.53428831692744,-3.553786551808571,5.1473855909675565,3.7860519830648793,0.6995485245841225,-4.253335076392694,-2.8542380272244485,-1.900701818158268e-12,False,False,22.38103861993295
32.34748333333333,30.45705,15,-26.86658810748486,-18.464471131908795,-23.19142479443674,-3.675163313041139,5.188847116990716,3.630099072770983,0.777870520019818,-4.453033833060958,-2.8972927930213213,6.977529665164184e-12,False,False,21.026922818040475
32.482800000000005,30.591316666666668,15,-29.77425333618885,-20.009728993678436,-25.13227277395524,-4.641980562237222,5.231876995808381,2.9780490956911816,1.7030641456722224,-6.3450447079094445,-2.938916416565,-3.6131098113401094e-12,False,False,16.414134551523603
32.61893333333333,30.72693333333333,15,-32.738100546077476,-21.921904998769605,-27.533970916241213,-5.204129629827548,5.452738262289154,3.0473127798517594,1.7417227960857404,-6.945852425913289,-3.4624068337418077,8.714806654097629e-12,False,False,17.66329856426455
32.75395,30.8625,15,-35.77508615449187,-23.68750211428778,-29.75156558382167,-6.023520570670371,5.852549088999156,3.084828877236817,2.0796615123157944,-8.103182082986166,-3.9438590583545765,-1.6697754290362354e-13,False,False,14.666788513044594
32.889516666666665,30.998066666666666,15,-38.65121535240178,-25.30963735081241,-31.78897175026505,-6.8622436021341855,5.610463536208903,3.5022700156313675,1.3234612725297406,-8.185704874663926,-5.5387823296044445,2.5437429940211587e-12,False,False,15.30016474018339
33.02483333333333,31.132316666666668,15,-41.43974277563393,-27.000943067858316,-33.91325622400162,-7.526486551630114,5.308817231446917,3.383942509607672,1.1545419953926075,-8.681028547022722,-6.371944556237507,2.1955770534987096e-12,False,False,12.754155339382123
33.1599,31.2669,15,-43.917487025493756,-28.853772769136413,-36.24041525103884,-7.677071774448905,4.982122321048389,3.2876750808034405,1.0473983733928887,-8.724470147841794,-6.629673401056016,6.0111915445304476e-12,False,False,13.036336858393042
33.295716666666664,31.402449999999998,15,-46.32285815614159,-30.221637066129915,-37.95845644193433,-8.364401714193264,4.5636893618058565,3.166689272439965,0.7793035473487099,-9.143705261541973,-7.585098166844554,1.3997691894473974e-11,False,False,10.430726840320858
33.4305,31.537483333333334,15,-48.16451678987505,-31.679055839085777,-39.788978292549174,-8.375538497336947,3.612137165178572,2.488136858651594,0.7992585484774803,-9.174797045814428,-7.576279948859467,-1.1070255823142361e-11,False,False,10.840193154435838
33.56581666666667,31.67255,15,-49.58461234992137,-32.657622694539896,-41.01806086266266,-8.566551487262132,2.9602794149664313,1.753241208409464,1.061973202818204,-9.628524690080337,-7.5045782844439275,-3.417710559006082e-12,False,False,7.878197298385203
33.701033333333335,31.80785,15,-50.65939401099604,-33.182441158591246,-41.677234247745176,-8.982159763258096,1.8860613492923894,1.5645536221334997,0.463720547249585,-9.44588031050768,-8.518439216008511,-7.23332505003782e-12,False,False,8.46179800776008
33.83635,31.942633333333333,15,-50.85776921107754,-33.539973336355615,-42.12629561283808,-8.731473598238608,1.5526622516261455,1.1468357204290853,0.6433788495483352,-9.374852447786944,-8.088094748690272,8.526512829121202e-13,False,False,7.149093049403746
33.97085,32.077416666666664,15,-50.979188256227644,-33.79514564717829,-42.44679271312275,-8.532395543099938,1.562290474615103,0.9297658381067488,0.8433385749916346,-9.375734118091572,-7.689056968108303,4.959588295605499e-12,False,False,6.3617816346668405
34.10561666666667,32.21191666666667,15,-50.412345062075474,-33.47484416965381,-42.044493206438304,-8.36785185564213,2.0893410484096204,1.1209729316782846,1.2609969705904867,-9.628848826232616,-7.106854885051643,-4.959588295605499e-12,False,False,6.064124102238566
34.240649999999995,32.34748333333333,15,-49.07533265175152,-32.805464038417995,-41.203749983329224,-7.871582668417432,3.091894938118373,2.0312655241771087,0.8212594082647664,-8.692842076682197,-7.050323260152665,4.867217739956686e-12,False,False,4.32712738752889
34.37566666666667,32.482800000000005,15,-47.5273931185875,-32.17058545925829,-40.40634080128465,-7.121052317310387,3.5775138097170087,2.5356392321749186,0.583495378371854,-7.7045476956822405,-6.537556938938533,-7.538858426414663e-12,False,False,4.667441497935215
34.5115,32.61893333333333,15,-45.37004507877282,-30.641311844519805,-38.48556907850107,-6.884476000278937,4.217380976940971,2.5560030806481877,1.05890600806445,-7.943382008343387,-5.825569992214487,-7.190692485892214e-12,False,False,4.818143217053148
34.646033333333335,32.75395,15,-42.97080449539499,-29.06897502352149,-36.510709854253335,-6.4600946411410405,4.7835056026903375,3.230367473664616,0.8194084989638465,-7.279503140104887,-5.640686142177194,6.110667527536862e-13,False,False,2.744720396818593
34.7824,32.889516666666665,15,-40.82970696098346,-27.509661231335485,-34.55220758879087,-6.277499372181865,4.981842706236213,3.2348195480179163,0.9747179652888086,-7.2522173374706735,-5.302781406893056,1.0722089882619912e-11,False,False,2.7237645392742706
34.918,33.02483333333333,15,-37.9811933009114,-25.838254789050552,-32.45291665701854,-5.5282766438981525,5.171418272130206,3.358084555625921,0.9986103726287219,-6.526887016526874,-4.529666271269431,-5.293543381412746e-12,False,False,3.3501720772328554
35.053850000000004,33.1599,15,-35.41213337993395,-23.71876243004226,-29.79082862345553,-5.621304756472455,5.023377589460684,3.545928883037238,0.8559948234956359,-6.477299579968091,-4.765309932976819,5.965006266706041e-12,False,False,0.0005943649593973532
35.189433333333334,33.295716666666664,15,-32.50376147429051,-21.642756219669536,-27.183359308104194,-5.320402166174517,5.200157695070803,4.092765625927664,0.5339008552954326,-5.85430302146995,-4.786501310879085,1.1802114840975264e-11,False,False,-0.01493793714325875
35.32526666666667,33.4305,15,-29.75349821614509,-19.868433676292625,-24.954805479953173,-4.798692736193061,5.578123318933822,3.9902155731375433,0.8364788847211002,-5.635171620914162,-3.9622138514719607,-1.1439738045737613e-12,False,False,2.2845696818840224
35.459783333333334,33.56581666666667,15,-26.768328993872274,-18.14747962942056,-22.793282625191114,-3.9750463686750663,5.439061166402475,3.730698481673674,1.1059997577466907,-5.081046126421757,-2.8690466109283754,6.092903959142859e-12,False,False,2.300411517455359
35.59403333333333,33.701033333333335,15,-24.09214008192066,-16.200393162820546,-20.347736850506816,-3.74440323141107,5.362140245316275,3.370862638293509,1.2723411974434011,-5.016744428854471,-2.472062033967669,2.7746693831431912e-12,False,False,1.2610748558217892
35.72933333333334,33.83635,15,-21.50862301034067,-14.376466124649596,-18.05687964511506,-3.4517433652163163,4.929914206826481,3.31213800152357,0.9312667541368053,-4.383010119353122,-2.520476611079511,9.29389898374211e-12,False,False,-0.014773036280530505
35.86566666666667,33.97085,15,-18.98651751401121,-12.540493663291272,-15.750893356200061,-3.2356241578108893,4.320989608066186,3.04899427570761,0.7067429742314326,-3.942367132042322,-2.5288811835794567,2.611244553918368e-13,False,False,-0.14416574338974897
36.0015,34.10561666666667,15,-16.84535160293308,-10.995356182982505,-13.81019657611623,-3.035155026808752,3.9294842946932462,2.8565498800835174,0.5674432329218035,-3.6025982597305557,-2.4677117938869486,8.096634473986342e-12,False,False,-0.36990245476772543
36.1376,34.240649999999995,15,-15.13725116677233,-9.700858851570956,-12.184304488898539,-2.952946677881755,3.588016349429227,2.812738533269283,0.5198169913189473,-3.4727636692007025,-2.4331296865628076,-7.963407711031323e-12,False,False,-1.6311933506221976
36.27265,34.37566666666667,15,-13.054623172676656,-8.14810847960689,-10.234045896671226,-2.820577276012955,3.155001593450226,2.1646213366381817,0.6555249092276562,-3.476102185240611,-2.1650523667852988,-7.524647571699461e-12,False,False,-0.47198208146437537
36.40743333333333,34.5115,15,-11.560768145634938,-7.1542700729114586,-8.985782217628214,-2.5749859280113014,2.9870773295913633,1.9519387626140108,0.7282324868115078,-3.303218414822809,-1.8467534411997937,-4.5776715751344454e-12,False,False,-0.9294697067525703
36.54246666666666,34.646033333333335,15,-9.842765123219579,-6.318258287643403,-7.935749194380577,-1.907015928844885,2.6502442101886703,1.6808693997826092,0.8074989974221793,-2.7145149262670643,-1.0995169314227056,-5.8832938520936295e-12,False,False,0.3875180493632797
36.677233333333334,34.7824,15,-8.346132903465332,-5.294548965739523,-6.649967566480609,-1.6961653369853593,2.152547899966256,1.2594910951393508,0.8866505638410452,-2.5828159008264047,-0.8095147731443141,-6.368239269249898e-13,False,False,-0.3505800749117043
36.81306666666667,34.918,15,-7.31012830115651,-4.768944693165395,-5.9898072038059045,-1.3203210973460955,2.0787285360442094,1.297877703114509,0.89663045506537,-2.2169515524114654,-0.4236906422807255,4.510170015237236e-12,False,False,0.12058210080431309
36.94838333333333,35.053850000000004,15,-6.12347469897577,-4.38659288801864,-5.509572320784837,-0.6139023781770447,1.7751250703725652,1.2654424369498827,1.0479286616838046,-1.6618310398608493,0.43402628350675987,1.3887557770431158e-11,False,False,0.8208402523305267
37.083666666666666,35.189433333333334,15,-5.451622495311312,-3.8484487053538032,-4.833661797722646,-0.6179606975911156,1.8384987952905658,0.9641957205210376,1.1402769281193592,-1.7582376257104748,0.5223162305282436,-2.4495960815329454e-12,False,False,0.441690044128336
37.21843333333334,35.32526666666667,15,-4.87772504890745,-3.1548621495931,-3.9625152411034583,-0.9152098078084236,1.487136932201241,0.2919912140046379,1.2546619237490928,-2.1698717315575164,0.33945211594066915,-4.431566225093775e-12,False,False,-1.06502378253208
37.35346666666667,35.459783333333334,15,-4.349357399900327,-2.866737954725977,-3.600630486918909,-0.7487269129846936,1.1652776625118435,0.382690037708151,1.0893133618103732,-1.8380402747950668,0.34058644882567957,-3.2751579226442118e-12,False,False,-1.33205259112583
37.48905,35.59403333333333,15,-3.7907446124045237,-2.675933152935613,-3.3609791489777074,-0.42976546342879374,0.92401365170582,0.5699105199750071,0.802258528846639,-1.2320239922754328,0.3724930654178452,-1.977529251462329e-12,False,False,-1.04213559893833
37.62381666666667,35.72933333333334,15,-3.242328365930007,-2.3991040462969977,-3.0132810556147227,-0.22904731032895143,0.6973735627917007,0.6808163192148198,0.6412829441243671,-0.8703302544533186,0.4122356337954157,-1.3667289522345527e-11,False,False,-0.9734710481570801
37.758833333333335,35.86566666666667,15,-2.5476091416421696,-2.1198201447150495,-2.662499733281498,0.11489059163932325,0.943285226787979,0.6013060296992926,0.6943039106787321,-0.5794133190394088,0.8091945023180553,-5.329070518200751e-15,False,False,0.9412334661465138
37.893633333333334,36.0015,15,-2.298993884556694,-1.8730482369719539,-2.3525535615813142,0.05355967701143527,0.6266665095482694,0.5422195355881374,0.5889149958273991,-0.5353553188159639,0.6424746728388344,-1.3185008640448359e-11,False,False,-0.967518752309843
38.02838333333333,36.1376,15,-1.8715489539899863,-1.669171207529871,-2.096483470981842,0.22493451699665457,0.6714772940331393,0.5318191191684077,0.6494010425868303,-0.4244665255901757,0.8743355595834849,4.798828001639777e-12,False,False,0.4318649446213385
38.16293333333333,36.27265,15,-1.9211033288156614,-1.4181507679022616,-1.7812011319480487,-0.1399021968713896,0.5949324663699448,0.48849580047268654,0.4866049184791438,-0.6265071153505334,0.34670272160775417,-3.7769787297747826e-12,False,False,-0.9109084928786615
38.29783333333333,36.40743333333333,15,-1.7232041940151248,-1.16238002855971,-1.4599524038526304,-0.2632517901633946,0.4998228250022747,0.43340100624065836,0.4943306905485793,-0.757582480711974,0.2310789003851847,-9.001688283660769e-13,False,False,-0.8269851530349115
38.432066666666664,36.54246666666666,15,-1.4271760423580417,-0.9454807878100837,-1.187526381256045,-0.23964966109861052,0.7893457704830922,0.3729742083924243,0.4723111222738181,-0.7119607833724286,0.23266146117520758,3.3861802251067274e-12,False,False,0.44163067096087616
38.567366666666665,36.677233333333334,15,-1.3339179709655582,-0.8146112351350894,-1.0231538754278775,-0.3107640955363422,0.6684623517997725,0.33663043250647756,0.49978441776821564,-0.8105485133045578,0.18902032223187343,1.3384848784880887e-12,False,False,-1.3821300417475868
38.70218333333333,36.81306666666667,15,-1.2274413841223577,-0.6408521842349728,-0.8049120458886103,-0.42252933824102,0.6642898419439927,0.1635561173334527,0.5900364778564692,-1.012565816097489,0.16750713961544916,-7.2726269451095504e-12,False,False,-1.0089915025309892
38.8373,36.94838333333333,15,-0.8974635028353077,-0.5335244395646441,-0.6701081134555278,-0.2273553893787721,0.6303941436763175,0.07549051179573817,0.6977060173205314,-0.9250614066993035,0.4703506279417593,1.0078604617547171e-12,False,False,0.01389692428347189
38.97266666666667,37.083666666666666,15,-0.36630162917572306,-0.5273852582213294,-0.6623972853789603,0.2960956562078536,0.6425564433622948,0.08390509989555202,0.6624009249637411,-0.36630526875588754,0.9584965811715948,4.6164183586938634e-12,False,False,0.9675712406897219
39.10851666666667,37.21843333333334,15,0.3665971201189677,-0.5527514510031324,-0.6942572909007948,1.0608544110086768,1.028815170064067,0.0891699939599534,1.0323173405234098,0.02853707048526699,2.0931717515320867,-1.1085798945487113e-11,False,False,2.72272930930194
39.24381666666667,37.35346666666667,15,1.1592954103980446,-0.5525328768089821,-0.6939827611322773,1.8532781715489364,1.7879404370963439,0.10960619194341252,1.7688512929091824,0.08442687863975396,3.622129464458119,1.8614443320075225e-11,False,False,4.91999493430194
39.37886666666667,37.48905,15,2.9434581035966403,-0.523929480874358,-0.6580568198505375,3.601514923429022,3.6505545951833196,0.1252879505141787,3.6000288256867994,0.0014860977422226362,7.201543749115821,-1.815569916630011e-11,False,False,11.23713360617694
39.514716666666665,37.62381666666667,15,5.717612005981209,-0.4661563414920238,-0.585493603306062,6.303105609300019,5.943322151697547,0.10784504246759995,5.8874323215182365,0.41567328778178236,12.190537930818255,1.2747136679536197e-11,False,False,17.854656789408182
39.65125,37.758833333333335,15,9.171984152540972,-0.3695279648745782,-0.464128105571368,9.636112258111098,7.934952665654534,0.07008219700326306,7.890642490829129,1.7454697672819686,17.526754748940228,-1.241673430740775e-12,False,False,23.901562154977
39.78628333333334,37.893633333333334,15,13.974874035026005,-0.32892831307981396,-0.41313483506000964,14.388008870078465,9.819158819588651,0.10336217282254617,9.72012245921239,4.667886410866075,24.108131329290856,-7.549516567451064e-12,False,False,32.976452170085395
39.92111666666666,38.02838333333333,15,19.28147017829906,-0.29207724683510605,-0.3668497979580235,19.64831997625879,11.837199890451751,0.12723099667729296,11.69493633904356,7.9533836372152305,31.343256315302348,1.7053025658242404e-12,False,False,42.520824728679145
40.05628333333333,38.16293333333333,15,25.874408840049,-0.2555073464027373,-0.32091790586328117,26.195326745904367,13.570472908481705,0.14534676702906987,13.39367138178307,12.801655364121297,39.58899812768744,-7.915446076367516e-12,False,False,54.132763205241645
40.190783333333336,38.29783333333333,15,32.70459302321251,-0.1319637988199247,-0.16574688189317704,32.87033990509963,14.880961345140966,0.2446180243516833,14.58382481883506,18.286515086264565,47.45416472393469,-6.0609295360336546e-12,False,False,64.03226771585469
40.326633333333334,38.432066666666664,15,40.165728122716246,0.586024607764557,0.7360484641866939,39.42967965854086,15.704412853074796,1.158788474060717,14.560248723667844,24.86943093487302,53.9899283822087,1.1311840353300795e-11,False,False,72.60266320523806
40.461666666666666,38.567366666666665,15,48.780697072681505,1.840437947812461,2.3115949517644174,46.46910212092007,16.251025068568914,2.424353398274356,13.737328949107006,32.73177317181306,60.20643107002708,2.9842794901924208e-12,False,False,84.183617269955
40.596983333333334,38.70218333333333,15,58.03458945807506,4.1916046645637834,5.264666594119345,52.769922863953525,17.52392354982016,4.604801291385321,12.624930655236973,40.14499220871655,65.39485351919049,-2.1884716261411086e-12,False,False,94.22470581102243
40.73258333333333,38.8373,15,68.04902042865433,7.9341852904399275,9.965357802768652,58.08366262588561,18.779029188799157,7.58744908734549,10.561046752458983,47.52261587342662,68.64470937834459,-7.105427357601002e-14,False,False,102.07621242770983
40.86815,38.97266666666667,15,78.56060112486011,13.188493735557131,16.564783168444563,61.99581795641416,19.618454610334595,11.030889910149993,7.640699431787466,54.35511852462669,69.63651738820163,-1.3926637620897964e-12,False,False,108.02796378568746
41.00265,39.10851666666667,15,88.40701780608651,19.23366045660441,24.157528629684684,64.24948917640268,19.164508245751875,13.615228218419075,4.946173622329215,59.303315554073464,69.19566279873189,8.526512829121202e-13,False,False,113.32615689265367
41.13848333333333,39.24381666666667,15,96.47723177348234,25.411732463944645,31.917203483585265,64.56002828989585,17.02885915860211,14.763478405096645,4.489633639530497,60.07039465036536,69.04966192942635,-1.2221335055073723e-12,False,False,116.93099585382151
41.2738,39.37886666666667,15,101.62122946654927,31.298200466688286,39.31062293303661,62.31060653350687,13.573525588284904,14.456940584971463,7.269264306280016,55.041342227226856,69.57987083978689,-5.7838178690872155e-12,False,False,116.88358655989578
41.40936666666666,39.514716666666665,15,103.91991001486167,36.02197781992436,45.24369983789962,58.67621017696365,10.170330689576113,12.64583928438361,10.428251215302334,48.24795896166132,69.10446139226599,1.5987211554602254e-12,False,False,118.17081283680454
41.5444,39.65125,15,103.71265348207817,39.5272220963343,49.64629596111105,54.06635752096554,10.178166837392267,10.247891717341012,12.67370326732796,41.39265425363758,66.7400607882935,-1.5774048733874224e-12,False,False,120.62054520708625
41.679449999999996,39.78628333333334,15,100.61975454012281,42.0812778779582,52.85419680794152,47.76555773217615,13.49494602001999,8.042641402978749,14.250442551814572,33.515115180361576,62.01600028399072,-5.144329406903125e-12,False,False,119.28151569279726
41.814483333333335,39.92111666666666,15,94.94464724692807,43.15499847645333,54.20279273210018,40.74185451482981,18.011718590855228,6.814307417797816,15.144185347136105,25.597669167693706,55.88603986196591,1.9184653865522705e-12,False,False,118.58931268203014
41.950066666666665,40.05628333333333,15,87.50465066508332,42.53156345504249,53.41975668898915,34.08489397609037,21.797910775747294,7.711990667524131,14.506796161165049,19.57809781492532,48.59169013725542,-3.794298208958935e-12,False,False,121.89863804317429
42.08565,40.190783333333336,15,78.37248591522075,40.20029252713721,50.49167421028006,27.880811704940243,25.032189364502972,10.118759937047281,13.444734149097775,14.436077555842468,41.32554585403802,-4.476419235288631e-13,False,False,122.42323440041218
42.22211666666667,40.326633333333334,15,67.76160971805803,36.255978457298625,45.53760526008837,22.224004457959836,26.422045216205415,12.392541445405042,11.528601083986318,10.695403373973518,33.75260554194615,-9.819700608204585e-12,False,False,123.85038787734811
42.35741666666667,40.461666666666666,15,56.23560240535153,31.695732507268986,39.809924232090566,16.425678173257893,25.4722741897986,13.251717856617539,9.060014877104178,7.3656632961537145,25.485693050362073,-3.069544618483633e-12,False,False,121.81516380232642
42.49386666666667,40.596983333333334,15,45.02797831877251,26.11579288468056,32.80150524243821,12.226473076324964,22.05916535010727,12.468652029884574,6.497116460731464,5.729356615593501,18.723589537056426,-9.336531547887716e-12,False,False,124.2675561777578
42.62813333333334,40.73258333333333,15,34.768839641998056,20.403008197117742,25.626232498261505,9.142607143746318,17.207319442854427,10.32743729884259,4.299841123044535,4.842766020701783,13.442448266790853,9.766409903022577e-12,False,False,124.52478830667678
42.76425,40.86815,15,26.26594005752122,15.257398482292047,19.16333302660104,7.102607030920808,11.780624762216538,7.529243568578546,2.418158731224431,4.684448299696378,9.520765762145238,6.288303211476887e-13,False,False,125.53733049417497
42.900816666666664,41.00265,15,20.090613612148445,11.411818413660512,14.333274244222391,5.757339367918121,7.424411860255785,5.241069435911356,0.9474515385496453,4.809887829368476,6.704790906467766,-7.933209644761519e-12,False,False,125.85306412108184
43.035833333333336,41.13848333333333,15,16.06361945356184,8.672183281225443,10.892285239762533,5.171334213790033,4.582833140089165,3.5312087568356287,0.31968676961850295,4.85164744417153,5.491020983408536,-9.276135415348108e-12,False,False,126.45108534565952
43.17146666666667,41.2738,15,13.715223276602046,6.798445527529111,8.538865643343627,5.176357633261432,3.222632776242778,2.47598502423158,0.3553933142313439,4.820964319030088,5.531750947492776,3.0127011996228248e-12,False,False,127.41324308261392
43.307300000000005,41.40936666666666,15,12.077061395531928,5.707284770556726,7.168364833805967,4.9086965617161695,2.540745717323928,2.0328564312827497,0.42409356564812833,4.484602996068041,5.332790127364298,-9.79127889877418e-12,False,False,127.48520245761028
43.44291666666666,41.5444,15,10.61238919623429,4.817341106405365,6.050593227405337,4.561795968827937,1.8018842019653392,1.2826472684152905,0.7157334257097097,3.8460625431182276,5.2775293945376465,-1.0151879337172431e-12,False,False,127.09823713479273
43.57848333333333,41.679449999999996,15,9.458283285079233,4.0670757330844935,5.108257925357492,4.350025359729898,1.795202152285804,0.5151279485086844,1.3169032163329295,3.0331221433969686,5.666928576062827,8.15703060652595e-12,False,False,126.30505361659743
43.714333333333336,41.814483333333335,15,8.618015244333947,3.8170638014635188,4.794242275059236,3.8237729692782523,1.8599666157281898,0.537001175707294,1.4127159925642914,2.4110569767139607,5.236488961842544,3.5420555377640994e-12,False,False,126.93701105689979
43.84936666666667,41.950066666666665,15,7.534175053049694,3.6561208645798615,4.592097518771962,2.9420775342796333,1.607441154341746,0.6603853217401733,1.049065730953674,1.8930118033259593,3.9911432652333074,1.901589996577968e-12,False,False,126.88781605211261
43.98466666666666,42.08565,15,6.960085925718886,3.4450485251945793,4.326990099768754,2.6330958259381987,1.5509100108818912,0.6556472875111936,1.0307409542982982,1.6023548716399005,3.6638367802364966,-1.1933565247090883e-11,False,False,127.39925899874652
44.11945,42.22211666666667,15,6.320133119574166,3.109697753603541,3.905788639756727,2.4143444798164637,1.2273095286608746,0.4774249974698996,0.9791512584124983,1.4351932214039653,3.393495738228962,-9.752199048307375e-13,False,False,128.07418563494866
44.25533333333333,42.35741666666667,15,5.606998687675514,2.667251884795405,3.3500754531309282,2.2569232345485943,1.1190130116438768,0.29591696717906496,1.179409594596181,1.0775136399524132,3.4363328291447752,4.008793297316515e-12,False,False,127.58590438494866
44.390366666666665,42.49386666666667,15,5.188461205550993,2.701226949393458,3.3927482245243223,1.795712981028828,0.7087177484260736,0.2730685976506462,0.6464328947322006,1.1492800862966273,2.4421458757610286,2.156941292241754e-12,False,False,128.799922467937
44.52486666666667,42.62813333333334,15,4.92817689946969,2.6737669603535323,3.3582584053399014,1.5699184941377098,0.710073485648717,0.2796952131417203,0.5846780172986202,0.9852404768390896,2.15459651143633,7.920775146885717e-12,False,False,128.2698924211436
44.66018333333333,42.76425,15,4.729106694947404,2.606579808401875,3.2738711639990674,1.4552355309483573,0.503579439749814,0.29094220355335826,0.44172085394300364,1.0135146770053538,1.8969563848913609,2.042810365310288e-14,False,False,129.1513003626169
44.79443333333334,42.900816666666664,15,4.545523142762249,2.4878598101859097,3.124758530847976,1.4207646119152741,0.3625483791545428,0.29840749861597093,0.4611016142342786,0.9596629976809956,1.8818662261495527,1.0009770790020411e-12,False,False,129.08791473467136
44.93001666666667,43.035833333333336,15,4.256662692576356,2.432677722426888,3.0554496820257753,1.2012130105504184,0.28023308503742,0.2871366491649221,0.5031539197069005,0.6980590908435179,1.704366930257319,-1.6209256159527285e-13,False,False,128.23384829341376
45.06505,43.17146666666667,15,4.080992995186534,2.4077913261935464,3.024192302243437,1.056800692941124,0.31916101825768073,0.2827303952629303,0.6068451755987083,0.4499555173424157,1.6636458685398323,-1.9730883593638282e-12,False,False,128.2972932945122
45.200900000000004,43.307300000000005,15,4.0680076019634726,2.2847414833486255,2.869641372735702,1.1983662292336703,0.30837312353837665,0.19881523172270812,0.508399759229372,0.6899664700042983,1.7067659884630424,5.899725152858082e-12,False,False,129.0085969446518
45.335683333333336,43.44291666666666,15,3.9644259880878963,2.152330998193065,2.7033334516182985,1.2610925364574541,0.3797824644772458,0.11830685339839461,0.46979574263103024,0.7912967938264239,1.7308882790884843,-1.2143619443349962e-11,False,False,128.7278651658271
45.469966666666664,43.57848333333333,15,4.172087860919419,2.123939191147656,2.6676732665435203,1.504414594373884,0.3578439400721128,0.1318611073378219,0.48417618566416876,1.0202384087097154,1.9885907800380527,-2.014388655879884e-12,False,False,130.32396444170445
45.60503333333334,43.714333333333336,15,4.097877747735765,2.0876287097671593,2.622067205467103,1.475810542256113,0.2822766818712136,0.17128762264111397,0.44152392107265387,1.0342866211834592,1.9173344633287668,-1.254951698115292e-11,False,False,130.22246279445244
45.74086666666667,43.84936666666667,15,4.120970795076573,2.405514100621076,3.0213321008747314,1.0996386942028948,0.282375953794942,0.44903742431509663,0.5698690554198683,0.5297696387830265,1.6695077496227633,1.0529355165544985e-12,False,False,128.18446250147827
45.87511666666667,43.98466666666666,15,4.245749100729881,2.6739406797933043,3.3584765974177584,0.8872725033111237,0.4500522513105954,0.6447939177049437,0.5059189981351667,0.381353505175957,1.3931915014462906,-9.992007221626409e-13,False,False,129.30238167343487
46.01018333333333,44.11945,15,4.385534045773966,2.8040376337339694,3.521878717183121,0.8636553285864466,0.4755552680820626,0.5012660354181897,0.35226111125854326,0.5113942173279034,1.2159164398449898,-4.39825953435502e-12,False,False,130.08296134065313
46.14521666666667,44.25533333333333,15,4.569639022483898,2.883279493460577,3.621406703513859,0.9482323189677118,0.5165729621781764,0.3852184761742448,0.3759628784109192,0.5722694405567925,1.324195197378631,-2.327027459614328e-12,False,False,130.27894417343487
46.28053333333333,44.390366666666665,15,4.600178805965697,2.8473118863548734,3.576231293437462,1.02394751253496,0.6716189261767138,0.3353066688827472,0.5907046794573463,0.4332428330776137,1.6146521919923063,6.724398815549648e-12,False,False,131.1048409747309
46.41613333333333,44.52486666666667,15,4.947304944944335,2.827116094696976,3.550865325462953,1.3964396194878645,0.6607420530824134,0.3216556905113273,0.7679703908538659,0.6284692286339987,2.1644100103417303,6.482370196181364e-12,False,False,131.82392625258944
46.55116666666667,44.66018333333333,15,5.228830448475492,2.7561466309052776,3.4617274904029283,1.7671029580819777,0.8003909309952941,0.3594461995944005,1.0322823818288682,0.7348205762531095,2.799385339910846,9.414247159611477e-12,False,False,132.85120862287295
46.687016666666665,44.79443333333334,15,5.668789086317702,2.6784806149153155,3.3641787679918074,2.3046103183355626,0.67434589824455,0.3765016980765272,0.9838218406656436,1.320788477669919,3.2884321590012062,9.668266187645713e-12,False,False,133.40223308115674
46.82261666666667,44.93001666666667,15,6.1428409528161865,3.1535601553150627,3.960879932831362,2.1819610199850104,0.5990370870109971,0.7805159258946649,0.7432380640785559,1.4387229559064545,2.925199084063566,1.8607337892717624e-13,False,False,130.51678694871953
46.957649999999994,45.06505,15,6.469838449949748,3.4059009189841163,4.277820602368785,2.1920178475716057,0.6329703747739766,0.8165445393877623,0.6766845440916007,1.515333303480005,2.8687023916632066,-9.35695965154082e-12,False,False,132.41290689638117
47.0927,45.200900000000004,15,6.870398981729522,3.690914252289076,4.635798106166935,2.234600875553042,0.7356213582381267,0.7514318445274636,0.6291882007212731,1.605412674831769,2.863789076274315,-9.545253476517246e-12,False,False,133.11236786152585
47.22721666666666,45.335683333333336,15,7.128886900005455,3.861323388689925,4.849832434195731,2.279054465803256,0.6276329548720978,0.6604567944788895,0.6247106746937283,1.6543437911095276,2.903765140496984,-6.467715252256312e-12,False,False,132.99838364314928
47.36308333333333,45.469966666666664,15,7.229352687914798,3.9045867456115957,4.904171325422889,2.3251813624860915,0.6500104977681767,0.6085932787103837,0.7514386335316211,1.5737427289544703,3.0766199960177127,-5.81668047061612e-12,False,False,133.898621244487
47.49785,45.60503333333334,15,7.6778798826780985,3.8227905825915514,4.801435127369826,2.876444755306693,0.5449897114321061,0.6339086934857678,0.6879852578304879,2.188459497476205,3.564430013137181,-1.5791812302268227e-12,False,False,135.54370138526428
47.632349999999995,45.74086666666667,15,7.874816536415892,3.6786081311256567,4.620341585293208,3.2544749511152986,0.5402305533651288,0.7479264875149894,0.6241293410067386,2.6303456101085603,3.878604292122037,-7.385203559806541e-12,False,False,135.4653304812964
47.767399999999995,45.87511666666667,15,7.885700054459448,3.9548696388446842,4.967326772905306,2.91837328155907,0.4749176781721721,0.6330416420234005,0.50541132413779,2.41296195742128,3.42378460569686,4.927613872496295e-12,False,False,134.68075166348717
47.90298333333333,46.01018333333333,15,8.018293585802894,4.1710386940867465,5.238835680564579,2.779457905239724,0.3041134255260292,0.4604208334809299,0.47979789323337113,2.2996600120063526,3.259255798473095,1.4086509736443986e-12,False,False,135.39785284273967
48.0383,46.14521666666667,15,7.961654151651601,4.142266135062528,5.202697269992909,2.7589568816424617,0.40757962147229637,0.5087971890440076,0.4806457460952178,2.278311135547244,3.2396026277376793,-1.623057244160009e-11,False,False,136.01705419886275
48.17333333333333,46.28053333333333,15,7.763783760026854,4.177477008925052,5.2469222211055335,2.5168615389047773,0.5604524933079419,0.6056675714316597,0.5298163571369682,1.987045181767809,3.0466778960417455,-1.6543211245334533e-11,False,False,135.4420089508494
48.30811666666667,46.41613333333333,15,7.824693374139315,4.548419831742649,5.712827392012048,2.11186598212862,0.45424766995004556,0.8117220825129082,0.8314685344754306,1.2803974476531894,2.9433345166040508,1.3526957332032907e-12,False,False,134.35438561654883
48.44343333333334,46.55116666666667,15,7.554980504784908,4.541099675556325,5.70363325639528,1.8513472484005433,0.44975957416106505,0.830737932043032,1.036818280976823,0.8145289674237204,2.8881655293773663,1.0915712778114539e-11,False,False,134.7801687514875
48.57848333333333,46.687016666666665,15,7.236657176203153,4.314286133063433,5.4187548444707945,1.8179023317334213,0.5629201152130714,0.7115466900225855,1.1253994595743813,0.69250287215904,2.9433017913078023,1.06314956838105e-12,False,False,135.2547779846209
48.71353333333333,46.82261666666667,15,6.922834881806921,3.9161829490149103,4.918736187703955,2.004098694111235,0.56357282212324,0.7289997759399922,1.2588511836746503,0.7452475104365848,3.2629498777858856,8.268941087408166e-12,False,False,136.1566333114897
48.84911666666667,46.957649999999994,15,6.854079926655686,4.089647983222676,5.136608731496544,1.717471195142025,0.42119059194358566,0.5456380506184407,0.8812301307957789,0.836241064346246,2.598701325937804,-1.7116974504460813e-11,False,False,137.2942052159633
48.98441666666667,47.0927,15,6.56912747885508,4.044715183394146,5.080173015543324,1.4889544633037985,0.38735793744928365,0.5291721512460851,0.7471216105535186,0.74183285275028,2.2360760738573173,-7.957190462093422e-12,False,False,136.4099875696702
49.11891666666667,47.22721666666666,15,6.330133167684835,4.06386932679743,5.104230670542794,1.225902497134939,0.558596942948419,0.46582306355637165,0.6740737183696224,0.5518287787653167,1.8999762155045614,-7.101874643922201e-12,False,False,135.9934515547793
49.25395,47.36308333333333,15,6.12130704089941,4.052944332710467,5.090508848946202,1.0307981919477243,0.3807301989038187,0.44702376568240015,0.42998903043196984,0.6008091615157545,1.460787222379694,-5.483613563228573e-12,False,False,136.9025079964049
49.389783333333334,47.49785,15,6.107286749378545,3.9569078766762686,4.969886805036563,1.1373999443335379,0.30573035776582896,0.4819537698666969,0.6317908732984695,0.5056090710350684,1.7691908176320075,-8.44391223608909e-12,False,False,138.0624494782096
49.52455,47.632349999999995,15,6.047170439713227,3.6921754588947806,4.637382185014224,1.4097882547002882,0.26254902555342735,0.5846227198396704,0.617625190534114,0.7921630641661742,2.0274134452344024,1.2851941733060812e-12,False,False,137.67423533648252
49.65958333333333,47.767399999999995,15,5.985126866471546,3.369646288931108,4.232284690708068,1.7528421757647266,0.33705696505215854,0.7530976719338786,0.6978153636485993,1.0550268121161273,2.450657539413326,1.247890679678676e-12,False,False,138.4485272881284
49.7941,47.90298333333333,15,5.656759548051923,3.269583458597481,4.106605509981871,1.5501540380760161,0.5158231024823012,0.7553402177406621,0.7330791971727613,0.8170748409032549,2.2832332352487774,5.964118088286341e-12,False,False,136.81934328901116
49.9294,48.0383,15,5.437595722003607,3.1785428652619885,3.9922582828938293,1.4453374391046054,0.5701529619471665,0.6539935521857952,0.8314952628486311,0.6138421762559744,2.2768327019532366,-5.172307027123679e-12,False,False,136.83606503687042
50.0647,48.17333333333333,15,5.335513716934656,3.0076124197912577,3.777569189288351,1.5579445276539445,0.4109567124184062,0.509736225909178,0.8107728202654496,0.7471717073884949,2.368717347919394,7.639222587840777e-12,False,False,137.51001383368566
50.199733333333334,48.30811666666667,15,5.085120202231337,2.9200224150590657,3.6675559106528963,1.4175642915793105,0.3482980297478418,0.7345550828295561,1.0015628283134552,0.4160014632658553,2.4191271198927655,8.695266728864226e-13,False,False,137.01294216320093
50.33505,48.44343333333334,15,5.05086012546235,3.3046751369038248,4.150680751159278,0.9001793743136659,0.49653047999252353,0.40416314841786716,0.9644810204016587,-0.06430164608799283,1.8646603947153246,1.0594192190183094e-11,False,False,136.44366602449736
50.469833333333334,48.57848333333333,15,4.817611597725772,3.3997182079365302,4.270055100868012,0.5475564968569415,0.5303917501364759,0.22322161633100046,0.7072789624965808,-0.15972246563963932,1.2548354593535223,-8.189005029635155e-13,False,False,137.14557032137236
50.60566666666667,48.71353333333333,15,4.525754686539585,3.3500414439768065,4.2076609533631855,0.3180937331840141,0.49518395555620437,0.2876973080607355,0.47987203220661834,-0.1617782990226042,0.7979657653906325,7.614353592089174e-12,False,False,137.60705709723698
50.741,48.84911666666667,15,4.371080791890563,3.1860214852895297,4.0016514495161415,0.36942934236867586,0.42010133268241756,0.3968411367089726,0.5928896712265499,-0.22346032885787404,0.9623190135952258,-5.74562619704011e-12,False,False,138.42904760800593
50.87656666666667,48.98441666666667,15,4.2662455856916495,3.161073110997677,3.970316225127662,0.2959293605658786,0.5956591200375141,0.3153138081396717,0.6579089064469834,-0.3619795458811048,0.953838267012862,1.8909318555415666e-12,False,False,136.78054629609687
51.01163333333333,49.11891666666667,15,4.016874856031791,3.0805398369848263,3.8691662190226284,0.14770863700414338,0.5204963540625115,0.2942894948516122,0.6362737201941949,-0.48856508319005154,0.7839823571983383,-5.019096249725408e-12,False,False,137.31228439492406
51.14613333333333,49.25395,15,4.000161970798217,3.1025241967981856,3.8967786333519117,0.10338333744994088,0.3863884215138332,0.29248980007368663,0.5126902640038334,-0.40930692655389256,0.6160736014537743,3.6353142718326126e-12,False,False,138.4789083851938
51.28145,49.389783333333334,15,3.9836266512575094,3.1144113899354124,3.911708979511815,0.07191767173708286,0.4691532751785869,0.3231222969750171,0.6267011642201225,-0.5547834924830396,0.6986188359572053,-8.611333868202564e-12,False,False,137.86458862546715
51.41623333333334,49.52455,15,4.31572110056004,3.053436249432707,3.8351240410537093,0.48059705948844567,0.4271144651403981,0.431264981904776,0.7719734394231018,-0.29137637993465615,1.2525704989115476,-1.7885248837501422e-11,False,False,139.05761229697964
51.552083333333336,49.65958333333333,15,4.310455330552941,2.950863017096708,3.706291788743394,0.6041635418018814,0.3398277006190338,0.4266503146910036,0.6649789593436772,-0.06081541754179587,1.2691425011455586,-7.665423851221931e-12,False,False,138.10134241564083
51.68728333333333,49.7941,15,4.51242893095332,2.736806118671666,3.43743575565746,1.0749931752934572,0.34812296624309313,0.20253477294730438,0.3452074745789648,0.7297857007144923,1.420200649872422,-2.4025226252888388e-12,False,False,139.1562732860766
51.82311666666667,49.9294,15,4.302742032210517,2.7085471778627834,3.401942450928732,0.9007995812708032,0.377904249585005,0.18027239936795378,0.3852229936591033,0.5155765876116999,1.2860225749299063,-1.0981882070382198e-11,False,False,137.63045375297952
51.959266666666664,50.0647,15,4.215089394951065,2.6731476686582027,3.3574805733253554,0.857608821629583,0.4234727348599104,0.209304510670001,0.39088857244196173,0.46672024918762123,1.2484973940715447,3.873790177522096e-12,False,False,138.43614826211706
52.09458333333334,50.199733333333334,15,4.185594437454711,2.6563012478691235,3.336321424060029,0.8492730133966688,0.46767132146341983,0.23767600031864194,0.4703448838883373,0.37892812950833155,1.3196178972850061,1.9872992140790302e-12,False,False,138.08354743479867
52.23068333333333,50.33505,15,4.156041790309246,2.6138838240549376,3.2830450270631797,0.8729967632375519,0.4951324996832556,0.2778413982397697,0.4171736111646,0.45582315207295193,1.290170374402152,-8.5140783312454e-12,False,False,138.90645387826953
52.36573333333333,50.469833333333334,15,3.953024210757576,2.718938185407751,3.4149935840099874,0.5380306267552442,0.5258242387900725,0.2413548543874131,0.3320172039150909,0.20601342284015328,0.870047830670335,7.65565388860523e-12,False,False,137.88518064345408
52.50131666666667,50.60566666666667,15,4.065952683369687,2.701532140850759,3.3931315458054647,0.6728211375620958,0.5022667828368823,0.2800389720021493,0.41965095340250846,0.25317018415958736,1.0924720909646042,-2.12674322597195e-12,False,False,139.83119485521456
52.63635,50.741,15,4.058620561663702,2.5776389289785584,3.23752134255897,0.8210992190997786,0.5149378467162098,0.260438271572109,0.5311054833160674,0.2899937357837111,1.352204702415846,-4.952926957457748e-12,False,False,139.76161437171686
52.7722,50.87656666666667,15,4.04786287737079,2.4870811800319643,3.1237805693061103,0.9240823080713199,0.55095584209262,0.10812881764827592,0.509625250593252,0.4144570574780678,1.433707558664572,6.640465954887986e-12,False,False,138.88639875224908
52.90725,51.01163333333333,15,3.942180791811552,2.464400045111688,3.0952930035914843,0.8468877882173729,0.4245903468921248,0.10908790545927773,0.39312291557525864,0.45376487264211424,1.2400107037926316,-2.69473332537018e-12,False,False,139.85710181643663
53.04255,51.14613333333333,15,3.701990705121716,2.400577669373888,3.0151319301141277,0.6868587750022925,0.35379225928337743,0.07383951980166077,0.3635291820284291,0.32332959297386343,1.0503879570307215,-5.295763827461997e-12,False,False,139.23957755899755
53.17733333333333,51.28145,15,3.5806968536562636,2.3685131878155516,2.974858856094277,0.6058379975656862,0.4829184484546715,0.10505723693595626,0.4416959157294596,0.16414208183622664,1.0475339132951458,3.699707207260872e-12,False,False,138.6088095644518
53.313183333333335,51.41623333333334,15,3.787644796000677,2.2881374464668625,2.8739067114339316,0.9137380845609187,0.4830309912766502,0.22795740800222047,0.6732874301418259,0.24045065441909275,1.5870255147027446,-5.8268945224426716e-12,False,False,141.43931493554555
53.44821666666667,51.552083333333336,15,3.9056128540760255,2.1424974809851847,2.690982527881455,1.2146303261852154,0.3997946475709238,0.2331853977132772,0.5613973865980348,0.6532329395871805,1.7760277127832502,-9.355183294701419e-12,False,False,140.54521028306044
53.58273333333333,51.68728333333333,15,3.8014547492493875,2.126321907267993,2.670665964320593,1.1307887849370672,0.4186298050322341,0.17694479061175197,0.47103243209844425,0.659756352838623,1.6018212170355115,8.272937890296816e-12,False,False,139.76493508221756
53.7183,51.82311666666667,15,4.147645148055744,2.171186359340936,2.7270158353112235,1.4206293127485878,0.30990837761563755,0.20353033473128304,0.26106738673272656,1.1595619260158614,1.6816966994813143,4.0669689838068734e-12,False,False,140.81962085941632
53.85308333333333,51.959266666666664,15,4.079134629522741,2.226044131723029,2.7959173431584246,1.2832172863672895,0.31163122383495445,0.18318253250168728,0.2766210396864145,1.0065962466808749,1.559838326053704,2.972733170736319e-12,False,False,140.48942056276428
53.98918333333334,52.09458333333334,15,3.969405139767332,2.21491328886259,2.7819369749554888,1.1874681648214391,0.44307555601700055,0.1692614049993373,0.40561977485099365,0.7818483899704455,1.593087939672433,9.595879646440153e-12,False,False,140.20478249339794
54.12505,52.23068333333333,15,3.7751235716277733,2.3016406441711297,2.8908667636231193,0.8842568080076489,0.4057289769010975,0.21789590667751238,0.511179186202439,0.37307762180521,1.395435994210088,2.9949376312288223e-12,False,False,139.73993645308656
54.25983333333333,52.36573333333333,15,3.763739272733801,2.3306959594883665,2.927360316849991,0.8363789558852659,0.32053834650999297,0.2968523052864382,0.5250120299845293,0.31136692590073656,1.3613909858697952,1.4557244298885053e-12,False,False,140.4165711413225
54.39463333333333,52.50131666666667,15,3.7183253091352526,2.4866804254124872,3.1232772204394013,0.5950480886958758,0.4430961234736132,0.3299244750934731,0.3648662573797981,0.23018183131607767,0.9599143460756738,2.4424906541753444e-14,False,False,140.75272120028967
54.53021666666667,52.63635,15,4.1181857146002585,2.641163759999472,3.3173086990814595,0.8008770155229286,0.6306790656367189,0.417112146829516,0.4007646149559767,0.40011240056695185,1.2016416304789053,4.129585562395732e-12,False,False,141.35745588668215
54.66578333333334,52.7722,15,4.35786741427728,2.7574648783811426,3.463383212734674,0.8944842015403083,0.5873215035679238,0.4843607019168464,0.3960471409246605,0.4984370606156478,1.2905313424649687,-2.297273482554374e-12,False,False,141.04794553513057
54.80056666666667,52.90725,15,4.419657801328867,2.886898183685844,3.6259517880502155,0.7937060132776423,0.49045803019443635,0.3628571725586876,0.386174410221176,0.40753160305646635,1.1798804234988183,-1.0094147739891923e-12,False,False,141.1803001802473
54.935050000000004,53.04255,15,4.650593244659831,2.9135689466420445,3.6594503371768177,0.9911429074868465,0.3654906850938308,0.29433881468321016,0.5032438910680537,0.48789901641879285,1.4943867985549002,3.8333780594257405e-12,False,False,142.01205641734123
55.070100000000004,53.17733333333333,15,4.673745566033176,3.0117373568027688,3.7827501211331267,0.890995444894088,0.40773454027700307,0.1964486606681842,0.500256897047138,0.39073854784694995,1.3912523419412262,-5.9614535530272406e-12,False,False,141.4148866852629
55.20486666666667,53.313183333333335,15,4.284141767369874,3.000474426702567,3.7686038510061457,0.5155379163684302,0.527459366308899,0.2433223312055684,0.5563554655080886,-0.040817549139658404,1.0718933818765186,4.701572464682613e-12,False,False,140.9574584331276
55.340450000000004,53.44821666666667,15,4.4083618386794114,2.905340069315571,3.6491148453939113,0.7592469932951644,0.48042580273605595,0.2561217796171962,0.32427237160132233,0.4349746216938421,1.0835193648964867,9.664269384757063e-12,False,False,141.4075308037718
55.475233333333335,53.58273333333333,15,4.318371889756236,2.8167769900937856,3.5378793826144554,0.7804925071350226,0.5053243706951933,0.2014037845786042,0.3493690135000964,0.4311234936349262,1.129861520635119,-6.757705506288403e-12,False,False,141.22094479072257
55.610800000000005,53.7183,15,4.1023771760301315,2.7890840612562897,3.503096990425458,0.5992801855986727,0.5547100873759443,0.20244494664672041,0.4237571940239093,0.17552299157476337,1.023037379622582,-6.000977492703896e-12,False,False,141.11529175970645
55.746383333333334,53.85308333333333,15,4.195428502236609,2.755955525146419,3.46148746106211,0.733941041170965,0.6034753069473212,0.26221103064429474,0.37716796120953083,0.3567730799614342,1.111109002380496,-3.5345060211966484e-12,False,False,141.81008526832738
55.8809,53.98918333333334,15,4.0087417059912696,2.639037587781786,3.3146382211276517,0.6941034848673553,0.7321354605683638,0.2658550025944379,0.44618795455714677,0.24791553031020852,1.140291439424502,3.737454790098127e-12,False,False,141.38509678623814
56.016200000000005,54.12505,15,3.491015553176112,2.5621888208224846,3.218115965670146,0.2728995875208966,0.8589356178400303,0.12503330403902713,0.801747018122632,-0.5288474306017354,1.0746466056435287,1.4930723324368955e-11,False,False,139.77941243702662
56.15125,54.25983333333333,15,3.181201333529316,2.5076289491480566,3.1495886219031757,0.03161271162434787,0.5820782801786795,0.1052606582272804,0.5626965957902659,-0.531083884165918,0.5943093074146137,-1.7923440509548527e-12,False,False,141.22136800343287
56.28628333333334,54.39463333333333,15,3.120668821669824,2.446086993546487,3.0722917621750945,0.048377059491031105,0.362172613811977,0.1015553741872649,0.4221839380753165,-0.3738068785842854,0.4705609975663476,-3.6983749396313215e-12,True,False,142.0543446396332
56.42106666666667,54.53021666666667,15,3.0600368841405725,2.3471182507346384,2.9479867582828074,0.112050125856058,0.34986625543478883,0.16565272867801142,0.5087197855455238,-0.39666965968946577,0.6207699114015818,-1.7070789226636407e-12,False,False,142.15795166535827
56.55583333333333,54.66578333333334,15,3.1112787084421143,2.2661225482625014,2.8462559408044217,0.26502276763130794,0.2831309343569756,0.26347827610289604,0.5707256574945848,-0.30570288986327687,0.8357484251258928,-6.38467057001435e-12,False,False,142.14995589775208
56.69146666666666,54.80056666666667,15,3.185424339004385,2.2611155579143087,2.839967147625509,0.34545719137713604,0.2678451539497903,0.27775297074696237,0.5852496816622582,-0.23979249028512217,0.9307068730393943,-1.7399415241925453e-12,False,False,142.22490563057363
56.8265,54.935050000000004,15,2.9800408365845215,2.231167535232089,2.8023523515766504,0.17768848500554668,0.3667333391615567,0.24439702871918154,0.5418724918418278,-0.36418400683628116,0.7195609768473745,-2.3243629243552277e-12,False,False,140.90050261981378
56.96208333333333,55.070100000000004,15,3.1462418889350374,2.147721981658833,2.6975445146069785,0.44869737432645707,0.2499348013052292,0.18097578282384172,0.3189599454094006,0.12973742891705647,0.7676573197358576,-1.6018297799291759e-12,False,False,142.2810257035453
57.09711666666667,55.20486666666667,15,3.0632340867377934,2.1346461231478315,2.6811212015798027,0.38211288516140485,0.3629375837860334,0.18109564971438671,0.36352901904715634,0.018583866114248504,0.7456419042085611,3.4141578453272814e-12,False,False,141.17772290098947
57.23243333333333,55.340450000000004,15,3.012630628742045,2.1041064007040404,2.6427632290584997,0.36986739968097027,0.22670070345700494,0.14022467149994017,0.3155354809450599,0.05433191873591037,0.6854028806260302,-2.574829238710663e-12,False,False,141.96010094675876
57.36725,55.475233333333335,15,3.013612130380352,2.090376317872142,2.6255182085462634,0.3880939218488493,0.24142278305290688,0.1425050535363129,0.30939418006139,0.07869974178745925,0.6974881019102392,1.476063715699638e-11,False,False,141.7536790146405
57.502050000000004,55.610800000000005,15,3.0339419864831143,2.098793380493589,2.6360900615595906,0.3978519249162673,0.26801771047040285,0.14237569112253606,0.3452379675602807,0.05261395735598662,0.743089892476548,-7.256417688950023e-12,False,False,141.9702924193407
57.637899999999995,55.746383333333334,15,3.085457200955716,2.114792111358838,2.6561845100286106,0.4292726909279736,0.29904552761955977,0.14506375434062396,0.4376169941545213,-0.008344303226547722,0.866889685082495,8.681944052568724e-13,False,False,142.31553736516798
57.77268333333333,55.8809,15,3.1962714614346623,2.039200995655847,2.5612418678901103,0.6350295935344548,0.33217681733709126,0.1888921652751682,0.5048245117093682,0.1302050818250866,1.139854105243823,-1.0097256364360874e-11,False,False,142.63597193548048
57.90773333333333,56.016200000000005,15,3.0807179036346497,2.1071295360488875,2.6465602950828964,0.4341576085412271,0.4954170279774308,0.23805577770004613,0.7619536982976628,-0.3277960897564357,1.19611130683889,-1.0526246541076034e-11,False,False,141.04087638529018
58.04333333333333,56.15125,15,3.1145338154019555,2.312183710731915,2.9041088832322024,0.2104249321523639,0.4410359089409967,0.27587257459985437,0.33444602291238307,-0.12402109076001916,0.544870955064747,-1.7389201190098902e-11,False,False,142.7025569940888
58.1781,56.28628333333334,15,3.136370671352779,2.452657976977207,3.080544934820569,0.0558257365364625,0.5126750410003,0.2894035614081741,0.31335541975006526,-0.25752968321360276,0.36918115628652776,4.2525982735242e-12,False,False,141.84623294117046
58.31315,56.42106666666667,15,3.2721637326321797,2.5164110810619604,3.1606190029176724,0.11154472970110874,0.38769210299143125,0.1914712908969759,0.3160585373717123,-0.20451380767060356,0.42760326707282104,-1.339861555038624e-11,False,False,142.12089114429546
58.44845,56.55583333333333,15,3.2033229280423257,2.4767699596704915,3.110829649139287,0.09249327889847336,0.3726130485837057,0.18885319645765786,0.29839461226510117,-0.2059013333666278,0.39088789116357453,-4.565237077258644e-12,False,False,141.60758537887887
58.583999999999996,56.69146666666666,15,3.2330935742284055,2.3391142640866747,2.9379337297895547,0.29515984443150955,0.330688693897616,0.2581712924568699,0.25604477066341474,0.03911507376809481,0.5512046150949244,-7.341238728031385e-12,False,False,142.73636939642893
58.7193,56.8265,15,3.172741070680786,2.2655514843390847,2.8455386829995204,0.3272023876811545,0.4841525288622001,0.26460790516100696,0.28288422758635157,0.04431816009480294,0.6100866152675061,-1.1102230246251565e-13,False,False,141.81278437837318
58.85406666666667,56.96208333333333,15,3.053498069406487,2.1674697946509696,2.7223478201871902,0.33115024921744407,0.3142484853691627,0.3009223206945058,0.313945743287571,0.01720450592987305,0.645095992505015,-1.8527401834944612e-12,False,False,143.1154576979461
58.98895,57.09711666666667,15,3.2369402051044744,2.0940221477576415,2.6300973805679715,0.6068428245466748,0.35888925576092234,0.264529170292271,0.42302328164580566,0.18381954290086916,1.0298661061924805,1.0171863351615684e-11,False,False,143.32349482206337
59.12371666666666,57.23243333333333,15,2.879490828687267,2.003317119953863,2.516171624679226,0.3633192040110771,0.298822490216701,0.25637932212876763,0.3332896116156684,0.0300295923954087,0.6966088156267455,3.036237927744878e-12,False,False,141.92533152422402
59.25906666666666,57.36725,15,2.940781925492047,1.9621050211535476,2.4644091191018673,0.4763728063885537,0.26395237393895066,0.28334703591574223,0.3046226843322374,0.17175012205631635,0.7809954907207911,-1.6258105972610792e-12,False,False,143.06647429951408
59.39436666666666,57.502050000000004,15,2.729575259516423,2.0109559462071047,2.5257660107466227,0.20380924877599682,0.42132715190194286,0.3297314646758643,0.4786753712729155,-0.27486612249691866,0.6824846200489123,6.196376745037924e-12,False,False,141.37564621136698
59.52941666666666,57.637899999999995,15,2.788143231671711,1.9838551696993818,2.491727363456933,0.2964158682270863,0.34123717612225196,0.35397906125025563,0.37902320596845346,-0.08260733774136714,0.6754390741955398,1.2308376540204335e-11,False,False,143.04807038589206
59.66445,57.77268333333333,15,2.6256242518065847,1.9614695622840372,2.4636109810736007,0.162013270738953,0.36777311007701546,0.3404274968651268,0.42662656924856607,-0.26461329850961307,0.588639839987519,5.969003069594692e-12,False,False,141.58047883775725
59.799533333333336,57.90773333333333,15,2.4622493934366503,1.9263703178803553,2.4195262368578376,0.04272315656862702,0.37853268681956326,0.3730585564443055,0.6680415334317756,-0.6253183768631486,0.7107646900004027,-1.0185630117121036e-11,False,False,141.19073729700176
59.93483333333334,58.04333333333333,15,2.413910689021577,1.9838540633500088,2.4917259738791815,-0.07781528485793388,0.47514005901028394,0.41248003504593284,0.45278437817387235,-0.5305996630318062,0.3749690933159385,-3.2951419370874646e-13,False,False,142.80124133592471
60.0704,58.1781,15,2.644694954629813,2.0444813412868825,2.56787399603047,0.07682095858945104,0.2990320571360327,0.33867379607715614,0.4692370440445312,-0.39241608545508017,0.5460580026339823,-9.891643060200295e-12,False,False,142.64032225793926
60.20598333333333,58.31315,15,2.779704867869441,2.1170887971493357,2.6590691534828568,0.12063571437829523,0.2909482121902297,0.24507683047544673,0.5130322727718531,-0.3923965583935579,0.6336679871501484,-8.288925101851419e-12,False,False,143.0109271389083
60.34128333333333,58.44845,15,2.897960103029618,2.1231483463161567,2.666679963334197,0.23128013969380845,0.3106343144053016,0.24696856950136506,0.5833371026289622,-0.35205696293515376,0.8146172423227707,-1.6124879209655774e-12,False,False,143.22470241898554
60.47605,58.583999999999996,15,2.471969981401344,2.1005374658670917,2.638280637422051,-0.16631065602314266,0.5278248756918592,0.2621558652227886,0.5315260159489985,-0.6978366719721412,0.36521535992585585,-2.4353852268177434e-12,False,False,141.22201604110887
60.611650000000004,58.7193,15,2.271393860493845,1.9750860078820551,2.480713272918194,-0.20931941243270558,0.715896616214124,0.3237055121898125,0.5517905720910155,-0.761109984523721,0.3424711596583099,-8.356426661748628e-12,False,False,141.79370202467544
60.74696666666667,58.85406666666667,15,1.8803862711356487,1.8467831632115121,2.31956455916234,-0.4391782880416031,0.7263081259834027,0.41254919215418157,0.5061156217855246,-0.9452939098271277,0.06693733374392152,-1.4911627488345403e-11,False,False,141.70266789657762
60.881750000000004,58.98895,15,2.0050869596962,1.6608078824865515,2.0859791125094027,-0.08089215281552242,0.5700091213947226,0.4246586555012015,0.5463227883428411,-0.6272149411583635,0.46543063552731867,-2.319922032256727e-12,False,False,143.38110374010284
61.01731666666667,59.12371666666666,15,2.156092910838197,1.4941518971318146,1.8766587521651539,0.2794341586691189,0.548378377932108,0.43847876544318826,0.575650501860899,-0.29621634319178014,0.855084660530018,-3.924194302840078e-12,False,False,143.19265744183213
61.15213333333334,59.25906666666666,15,1.9604093294110498,1.3124455053912243,1.6484350414173263,0.31197428798486726,0.43211071118840483,0.36592433157475557,0.6171657863579291,-0.3051914983730618,0.9291400743427963,-8.856249067434874e-12,False,False,142.997985334674
61.287400000000005,59.39436666666666,15,1.8869450054262416,1.1610003211826552,1.4582194877217158,0.4287255176959661,0.4911063321433011,0.25618564624121976,0.40547507227476126,0.023250445421204857,0.8342005899707274,-8.559597475255032e-12,False,False,142.30261131307634
61.422450000000005,59.52941666666666,15,1.5957638515610597,1.1285089667908323,1.4174102602889744,0.17835359127138872,0.46757869816918407,0.2082335564606474,0.5104880471509797,-0.332134455879591,0.6888416384223685,-6.965539256498232e-13,False,False,142.13931081006012
61.5575,59.66445,15,1.5498310243638116,1.0350261383900943,1.2999955794709364,0.24983544490487475,0.6507431640962035,0.10624616334956899,0.6735665632668859,-0.42373111836201116,0.9234020081717607,1.1999512494753617e-11,False,False,142.07827565381012
61.69338333333334,59.799533333333336,15,1.3700663252166123,0.9672172016798868,1.2148273748215281,0.15523895040678326,0.4546990288918092,0.09705693504764977,0.5458246669243662,-0.3905857165175829,0.7010636173311494,1.169908614429005e-11,False,False,142.71914479443512
61.8292,59.93483333333334,15,1.0825282541263732,0.963830466636864,1.210573626610283,-0.128045372483939,0.3369246101164328,0.09034612672974439,0.3602048320977859,-0.4882502045817249,0.23215945961384693,-2.930988785010413e-14,False,False,142.30715748974762
61.9643,60.0704,15,0.9059298081992893,0.9386205274495296,1.1789098760182046,-0.2729800678139327,0.5110817924209438,0.13186264063959408,0.4513995023420555,-0.7243795701559882,0.1784194345281228,4.9826809345177026e-12,False,False,141.37405183857481
62.099900000000005,60.20598333333333,15,0.6691701613890473,0.8603002247036784,1.0805393677035071,-0.411369206312429,0.7177966371010547,0.14887710835750134,0.6093327473126448,-1.0207019536250739,0.19796354100021574,2.0308199566443363e-12,False,False,141.38931062763731
62.23493333333333,60.34128333333333,15,0.5161214747859049,0.8843728231404384,1.1107746152914018,-0.594653140506125,0.9103565162552656,0.11246489730371594,0.8846270330350755,-1.4792801735412007,0.28997389252895045,-6.281641873329136e-13,False,False,140.5439417468151
62.36976666666667,60.47605,15,0.46531235513975844,0.8829104708456725,1.1089378969242871,-0.6436255417725079,1.1103759600934133,0.11015747181316624,1.135930599110034,-1.7795561408825418,0.49230505733752605,1.202082877682642e-11,False,False,140.67364145384636
62.5048,60.611650000000004,15,-0.16218080819089664,0.8945613303803839,1.1235714074515866,-1.2857522156359664,1.0974591582784359,0.09037800818530572,1.0530758521959485,-2.3388280678319147,-0.23267636344001796,6.516787109944744e-12,False,False,139.38818006860674
62.6404,60.74696666666667,15,-0.6158437824997236,0.8491872628983401,1.0665814581532806,-1.6824252406554479,0.854514073901737,0.12043083509406055,0.7574120721175088,-2.4398373127729567,-0.925013168537939,-2.4436008771999695e-12,False,False,139.80016737329424
62.77596666666667,60.881750000000004,15,-1.2292044791538501,0.7713399656677211,0.9688050460223023,-2.198009525175621,0.5549648107919424,0.1658929734177162,0.4030609241696329,-2.601070449345254,-1.7949486010059883,5.311306949806749e-13,False,False,138.9744228051859
62.91101666666667,61.01731666666667,15,-1.648450004598999,0.45821883812823216,0.5755240779943488,-2.223974082602126,0.8359858028319898,0.5140535861252986,0.37849958556569485,-2.602473668167821,-1.8454744970364314,-8.778311411106188e-12,False,False,139.31851179213845
63.04578333333333,61.15213333333334,15,-2.247552235821786,0.15579696569693624,0.19568140280595311,-2.4432336386303177,1.2133057889532168,0.6613492084240988,0.502334950511099,-2.9455685891414167,-1.9408986881192187,-2.5788260415993136e-12,False,False,137.90725699040922
63.1811,61.287400000000005,15,-3.016195233511098,-0.12570724300530856,-0.15788863116883764,-2.858306602333869,1.642880409427064,0.6807644872724786,0.8798191380932971,-3.738125740427166,-1.9784874642405716,8.391953798536633e-12,False,False,136.31610121762787
63.31563333333334,61.422450000000005,15,-3.9698354444626602,-0.6369476948966621,-0.8000079969070162,-3.1698274475529615,1.846410775694146,0.9351896082693232,0.7628884904079603,-3.932715937960922,-2.4069389571450013,2.682298827494378e-12,False,False,136.71985272853635
63.450399999999995,61.5575,15,-5.14332117781305,-1.5136299601435894,-1.9011232510534128,-3.242197926758763,2.2262500917039,1.6719479842964349,0.4633822289103208,-3.7055801556690837,-2.7788156978484424,8.739675649849232e-13,False,False,137.40717667642457
63.584916666666665,61.69338333333334,15,-6.568124800498481,-2.2974811607564334,-2.885642441404167,-3.6824823590982305,2.700628067138325,1.9877637524396143,0.3442882700414512,-4.026770629139682,-3.3381940890567794,-3.916422741667702e-12,False,False,134.81339667568682
63.719950000000004,61.8292,15,-7.940650712669594,-3.2282540777596296,-4.054695697853796,-3.8859550148258677,3.1792416476685745,2.210243947277201,0.4848520148822446,-4.3708070297081125,-3.401102999943623,-1.006927874414032e-11,False,False,134.32185408835358
63.85525,61.9643,15,-9.46435279565776,-4.265296638102882,-5.3572239086547295,-4.107128887010731,3.4917782570702203,2.2985874326964755,0.6554849905457762,-4.7626138775565074,-3.4516438964649545,-7.700506898800086e-12,False,False,133.49461814163078
63.990300000000005,62.099900000000005,15,-11.729022069805069,-5.862818447250902,-7.363715544924999,-4.365306524868629,4.1309460760355705,2.828977450119824,0.6167940403739601,-4.982100565242589,-3.7485124844946687,1.1440626224157313e-11,False,False,133.10348568290647
64.12586666666667,62.23493333333333,15,-14.16719112402643,-7.420138821966248,-9.319714072748601,-4.847477051281203,4.736037970708873,3.04740980731604,0.9299850693220767,-5.777462120603279,-3.917491981959126,-3.3733016380210756e-12,False,False,130.69058702612529
64.26116666666667,62.36976666666667,15,-16.485882669738203,-8.808807213863474,-11.063885262111373,-5.421997407631807,4.856791449942875,3.0300673606421524,1.084522540785628,-6.506519948417434,-4.337474866846179,-4.977351863999502e-12,False,False,129.62900713410636
64.39648333333334,62.5048,15,-18.773726278763206,-10.710137568607024,-13.451961238748156,-5.32176504001427,4.846731733400931,3.4233385348985528,0.8251971875376466,-6.146962227551917,-4.496567852476623,7.7982065249671e-13,False,False,131.5641097947664
64.53151666666666,62.6404,15,-21.48548242726247,-12.657330474165065,-15.897640701046504,-5.587841726210627,4.734823207864587,3.7020139259683904,0.5317134427739275,-6.119555168984554,-5.056128283436699,5.337952302397753e-12,False,False,129.7556773784163
64.66633333333333,62.77596666666667,15,-24.174616606607742,-14.307242068898631,-17.969934047191053,-6.204682559413868,5.001208626301897,3.5422434395496336,0.7983397684766839,-7.003022327890552,-5.406342790937185,2.8208546609675977e-12,False,False,126.0126710418117
64.80118333333333,62.91101666666667,15,-26.847811464387632,-16.218408917582565,-20.370364686348612,-6.477446778034846,5.187537320464743,3.6809342790835906,0.7512181363780939,-7.22866491441294,-5.726228641656752,4.1744385725905886e-12,False,False,126.84117607571534
64.93645,63.04578333333333,15,-29.88846784204361,-18.374584330082143,-23.07852673254897,-6.809941109496322,5.618735328395315,3.6871506741031346,1.0867741872960544,-7.896715296792376,-5.723166922200267,-1.680433570072637e-12,False,False,124.39032123342622
65.0715,63.1811,15,-33.044264114309044,-20.43813231150125,-25.670348479237997,-7.3739156350720805,5.9435930373061145,3.815316383929441,1.2527220191159996,-8.62663765418808,-6.121193615956081,-1.0338396805309458e-12,False,False,122.62043564970372
65.2063,63.31563333333334,15,-36.22410000958189,-22.154604350413138,-27.826241920095157,-8.397858089481815,6.049862271846886,3.851966067699627,1.359727880621125,-9.75758597010294,-7.03813020886069,4.916955731459893e-12,False,False,119.76525131707604
65.3411,63.450399999999995,15,-39.186348139810434,-24.081033551949076,-30.24584211498084,-8.940506024821389,5.954060152404484,3.8528079171835232,1.2707619377900272,-10.211267962611416,-7.669744087031361,8.206768598029157e-12,False,False,119.54788941405423
65.47613333333334,63.584916666666665,15,-42.334583015646785,-26.15259860104561,-32.84773331997088,-9.486849695668297,5.859676464843037,3.3571626724131316,1.680549501759032,-11.16739919742733,-7.806300193909266,7.609912699990673e-12,False,False,116.29222504199424
65.61143333333334,63.719950000000004,15,-45.278289657122514,-27.9403394274741,-35.09314054728172,-10.185149109843678,5.528896649995896,3.1775849238846368,1.5811245995240035,-11.766273709367681,-8.604024510319675,-2.8848035071860068e-12,False,False,115.42523453122703
65.74595000000001,63.85525,15,-47.928363018312666,-29.56889059727473,-37.138605142964344,-10.789757875354553,5.295498887553311,3.05636946974197,1.522849664577509,-12.312607539932062,-9.266908210777045,-6.231459792616079e-12,False,False,113.73158351964958
65.88151666666667,63.990300000000005,15,-50.11572466194775,-30.84740666230573,-38.74442471715219,-11.371299944793009,5.04757917207347,2.937614649464388,1.448854056145875,-12.820154000938883,-9.922445888647134,2.5508484213787597e-12,False,False,111.85384919992066
66.01521666666666,64.12586666666667,15,-52.38372190056543,-32.201143454574776,-40.4447217245826,-11.9390001759798,4.11668592059537,2.1573832656937686,1.5236711773872607,-13.46267135336706,-10.415328998592539,3.0340174816956278e-12,False,False,109.30002721805067
66.15079999999999,64.26116666666667,15,-54.32708721081144,-32.63823007573592,-40.993703681926384,-13.333383528884042,2.8784895493841423,1.464127471701652,1.7516216239403288,-15.08500515282437,-11.581761904943713,1.0160761121369433e-12,False,False,104.1828448864544
66.28585,64.39648333333334,15,-55.55794035206054,-32.9872376901003,-41.432058172742536,-14.125882179312157,1.887410703663131,1.2828726248856184,1.1088802428310085,-15.234762422143165,-13.01700193648115,5.8477667153056245e-12,False,False,104.85470603953581
66.42168333333333,64.53151666666666,15,-56.22924976012291,-33.619154416421225,-42.22574725975314,-14.003502500367631,1.1867526673438011,0.7653808712396942,0.9328110235170828,-14.936313523884714,-13.070691476850548,2.1387336346379016e-12,False,False,104.0231766099896
66.55671666666666,64.66633333333333,15,-56.10292199504329,-33.53064463842384,-42.11457874345312,-13.98834325158623,1.2586791275036908,0.9031017620009569,0.862988850430669,-14.8513321020169,-13.12535440115556,3.936406756110955e-12,False,False,101.57677001725824
66.69228333333334,64.80118333333333,15,-55.93777255858731,-33.02769331311356,-41.48287054272169,-14.454902015857897,1.5527652678812862,1.0731594392490107,0.5052870255738361,-14.960189041431732,-13.949614990284061,7.723599537712289e-12,False,False,99.2226565056917
66.82733333333333,64.93645,15,-54.970551515383704,-32.66231793779298,-41.02395810066192,-13.946593414706967,2.1259446787932976,1.2547773413555898,0.8006546310706734,-14.74724804577764,-13.145938783636295,1.481481604059809e-11,False,False,99.71583201976318
66.96265,65.0715,15,-54.048684766523365,-31.712193925697648,-39.83059981736841,-14.218084949156946,2.51099018246652,2.0025407956170085,0.6503520037174236,-14.86843695287437,-13.567732945439522,-1.9895196601282805e-12,False,False,94.42604015838879
67.09823333333333,65.2063,15,-52.878701124791405,-30.647117212996818,-38.49286063673076,-14.385840488057056,2.81328977587916,2.5247821920438724,0.7444236075427139,-15.13026409559977,-13.641416880514342,3.588240815588506e-12,False,False,92.72103158122627
67.23328333333333,65.3411,15,-51.49486046414677,-29.248158620284812,-36.73576492780765,-14.759095536331188,3.02526963775265,2.647378909969481,0.6746778261047481,-15.433773362435936,-14.08441771022644,7.929656931082718e-12,False,False,90.60589598459774
67.36805,65.47613333333334,15,-49.73863652280852,-27.664725092854496,-34.74696821080178,-14.99166831201228,3.1541224699593164,3.0238188129118484,0.9528622351705819,-15.944530547182861,-14.038806076841698,-5.5422333389287814e-12,False,False,87.46033035959408
67.50338333333333,65.61143333333334,15,-48.05129822254821,-25.775813360192842,-32.374490056491204,-15.676808166056162,3.436692484348843,3.3509017615999657,1.1620158867149424,-16.838824052771105,-14.51479227934122,8.455458555545192e-13,False,False,84.14691805490293
67.63841666666666,65.74595000000001,15,-46.01022914812347,-24.400464257982094,-30.647047930358706,-15.363181217755482,3.7063128208845644,3.1486250183272206,1.0308586736987897,-16.394039891454273,-14.332322544056693,9.283240842705709e-12,False,False,85.94667317908898
67.77346666666666,65.88151666666667,15,-43.84678247469856,-22.86452378381,-28.717902614415323,-15.128879860279085,4.01329699376496,3.2759117827313307,1.0694123464099548,-16.19829220668904,-14.05946751386913,4.149569576838985e-12,False,False,83.25468888884643
67.90823333333334,66.01521666666666,15,-41.67380054460227,-21.092866214301466,-26.49269600052276,-15.18110454406542,4.072127717513345,3.7011671805963537,1.1059454088314482,-16.28704995289687,-14.07515913523397,1.4093615163801587e-11,False,False,79.49556467009825
68.04301666666667,66.15079999999999,15,-39.42228850333049,-19.109183409967955,-24.001185128423266,-15.421103374903396,4.224479457325288,4.192764885855471,1.4451204194596605,-16.866223794363055,-13.975982955443735,3.82982534574694e-12,False,False,76.80455568571051
68.17911666666666,66.28585,15,-37.25830545997451,-17.06271167336672,-21.430811190590283,-15.827494269383351,4.29459847648872,3.454393150456314,0.6518344935532953,-16.479328762936646,-15.175659775830056,8.739675649849232e-13,False,False,77.09362625249196
68.31443333333333,66.42168333333333,15,-35.14292973294505,-15.273698647990386,-19.183806078021217,-15.959123654921314,4.370743280485384,3.2153705634942606,0.6046311762996542,-16.56375483122097,-15.35449247862166,2.518873998269555e-12,False,False,73.94231993799622
68.4508,66.55671666666666,15,-33.09948506895307,-13.731072598809988,-17.24626366210649,-15.85322140684184,4.519629529668454,3.2450285179650615,0.7107103246633729,-16.563931731505214,-15.142511082178467,4.742872761198669e-12,False,False,71.73092559653742
68.58558333333333,66.69228333333334,15,-30.919413014002203,-11.85231059752914,-14.886533597374003,-16.032879416625292,3.8934820657068836,2.767787417676132,0.803866401285086,-16.836745817910376,-15.229013015340206,2.9061197892588098e-12,False,False,68.38275146990782
68.72063333333334,66.82733333333333,15,-29.29051391723624,-10.281903181919915,-12.914097711420625,-16.376416205826445,3.515951541395511,2.6514447418196525,1.09938766991411,-17.475803875740553,-15.277028535912335,-1.0828671292983927e-11,False,False,65.44210879781167
68.85568333333335,66.96265,15,-27.397182546221302,-9.057120365145238,-11.375767239790596,-16.02141530642575,2.8956124020001126,2.7998886109867045,0.9131935697423941,-16.934608876168145,-15.108221736683358,4.952482868247898e-12,False,False,63.836610168684274
68.99098333333333,67.09823333333333,15,-25.71948833882925,-7.813135608736047,-9.813319080967696,-15.906169257854344,2.570816008269786,2.361766783536724,0.8073237978589504,-16.713493055713293,-15.098845459995394,7.210232411125617e-12,False,False,63.45627304825757
69.12656666666666,67.23328333333333,15,-23.87645283553138,-6.782267780727125,-8.51854635038249,-15.357906485156946,2.744214268782112,2.0392968213644456,1.2076651268279563,-16.5655716119849,-14.150241358328989,-8.054001909840736e-12,False,False,63.310826899221865
69.26161666666667,67.36805,15,-22.436625937742065,-5.9447333381540375,-7.466600865514637,-14.970025072230328,2.7042531207917873,1.8177505679226795,1.3599214010547123,-16.32994647328504,-13.610103671175615,-2.900790718740609e-12,False,False,60.666845634477795
69.39775,67.50338333333333,15,-21.10381173381029,-5.013049099798081,-6.2964029870249245,-14.807408746786223,2.5470041456320063,1.3673905838485259,1.383215334398407,-16.19062408118463,-13.424193412387815,-8.57980353430321e-13,False,False,58.75897839538811
69.53331666666666,67.63841666666666,15,-19.951490822655614,-4.02882633210902,-5.060216576118845,-14.891274246544072,2.467475117227134,0.8201109201991217,1.5760275701056483,-16.46730181664972,-13.315246676438424,-7.30082660993503e-12,False,False,57.10608567354211
69.66758333333334,67.77346666666666,15,-18.687200078275055,-3.7830897577950964,-4.75157078595617,-13.935629292327576,2.4192944442931728,0.8916665177570694,1.4323574689997969,-15.367986761327373,-12.503271823327779,-8.691714015185426e-12,False,False,56.84043203078909
69.80296666666666,67.90823333333334,15,-17.13008559688751,-3.5264588183854357,-4.429241644291253,-12.70084395259255,2.697414650957211,0.8866175018129272,1.891533802034052,-14.592377754626602,-10.809310150558497,3.709033080667723e-12,False,False,57.27234811458038
69.93826666666668,68.04301666666667,15,-15.775724522471137,-3.1134520238374535,-3.9105040131441244,-11.86522050932399,2.9130681818511186,0.6656999155164277,2.356526634610383,-14.221747143934373,-9.508693874713607,3.0233593406592263e-12,False,False,55.70069284114288
70.07356666666666,68.17911666666666,15,-14.592243504543148,-2.548978198228724,-3.201523388597011,-11.390720115951808,2.6415897238532944,0.2936962092484631,2.509387708386919,-13.900107824338727,-8.881332407564889,-5.6701310313655995e-12,False,False,53.42713327083038
70.20859999999999,68.31443333333333,15,-13.427382283378392,-2.4370461171711213,-3.0609363974296206,-10.366445885953453,2.343976956265603,0.4702957118743241,1.9351414470273252,-12.301587332980779,-8.431304438926128,-4.68247662865906e-12,False,False,52.72522897395538
70.34525000000001,68.4508,15,-12.466627668814908,-2.2034995004796656,-2.7676012264246372,-9.69902644238391,1.790901920862836,0.6211840771875753,1.2649255622984967,-10.963952004682408,-8.434100880085413,6.359357485052897e-12,False,False,50.89896555636369
70.48003333333332,68.58558333333333,15,-11.198474199845805,-1.9330825164470298,-2.427956776089224,-8.770517423754882,1.378224487942151,0.714227723744158,0.6169809169770086,-9.38749834073189,-8.153536506777874,1.6981971384666394e-12,False,False,51.54746409151994
70.6151,68.72063333333334,15,-10.185581112775253,-1.695154730365175,-2.129118844690874,-8.056462268082669,1.4752014632352999,0.6744662776490986,0.8556863115874739,-8.912148579670143,-7.200775956495195,1.7106316363424412e-12,False,False,51.33674107596744
70.75066666666666,68.85568333333335,15,-9.594001281715464,-1.4751405110910127,-1.8527804007922117,-7.741220880925994,1.5078184474536904,0.4854532116675804,1.0793992671651675,-8.82062014809116,-6.661821613760826,-2.7418067816142866e-12,False,False,50.10297740039823
70.88625,68.99098333333333,15,-9.164586771265022,-1.202761055486917,-1.5106710809495378,-7.653915690301346,1.3444449464239399,0.2228377714469064,1.1354679567755348,-8.789383647076882,-6.518447733525812,1.4137135906366893e-11,False,False,48.51322521327529
71.02101666666667,69.12656666666666,15,-8.536087182190386,-1.1069339668320026,-1.3903120030244867,-7.145775179164957,1.3534724892049979,0.23819664979564917,1.1469758045653509,-8.292750983730308,-5.998799374599606,9.414691248821327e-13,False,False,49.04249156055448
71.15686666666667,69.26161666666667,15,-7.943098033225397,-0.9977393814078823,-1.253163313645188,-6.689934719584016,0.6761567371211636,0.27530245089548555,0.48786903262676223,-7.177803752210779,-6.202065686957254,-3.807620885254437e-12,False,False,46.86048472461698
71.29191666666667,69.39775,15,-7.536624157517508,-0.9180578434861673,-1.1530830903333449,-6.383541067180431,0.45832659538278797,0.27751459513071525,0.40106044342315395,-6.784601510603585,-5.982480623757278,3.732125719579926e-12,False,False,46.727092866945895
71.42698333333333,69.53331666666666,15,-7.2343975160692935,-0.7986759389386862,-1.003139101071448,-6.23125841498495,0.5273948270383261,0.207061341024399,0.5504032692556662,-6.781661684240616,-5.680855145729284,1.2895462475626118e-11,False,False,46.078594331789645
71.562,69.66758333333334,15,-7.0663948322762735,-0.6931270886416314,-0.8705694646970128,-6.195825367567068,0.6619031301996448,0.10041077423498204,0.760082541923129,-6.955907909490197,-5.435742825643938,1.2192913345643319e-11,False,False,45.52293083679979
71.69811666666666,69.80296666666666,15,-6.875227404605539,-0.6812394170592597,-0.8556385176087364,-6.019588886999372,0.8138080434509662,0.12448715601503045,0.9436735787826992,-6.963262465782072,-5.075915308216673,-2.5695001681924623e-12,False,False,44.93546745789354
71.83291666666668,69.93826666666668,15,-6.366879767294449,-0.6964147393591702,-0.8746987627322225,-5.492181004569375,0.5814015111132731,0.10713340186294174,0.6162302083695129,-6.108411212938887,-4.875950796199862,-7.148059921746608e-12,False,False,44.64555046570604
71.96849999999999,70.07356666666666,15,-6.00812450893136,-0.7188067028619116,-0.9028231283782109,-5.105301380546734,0.3735223411724063,0.10548811830416906,0.32250447660058257,-5.427805857147317,-4.782796903946152,6.4144245470743044e-12,False,False,43.875195757937036
72.10355,70.20859999999999,15,-5.703373508004006,-0.6284942617858178,-0.7893904624623845,-4.913983045529221,0.6290504341002003,0.22807460833958879,0.42529433355352986,-5.339277379082751,-4.4886887119756915,1.2399858917433448e-11,False,False,43.7276726502605
72.23859999999999,70.34525000000001,15,-5.508252778869064,-0.4923879739071708,-0.6184406033065057,-4.88981217556875,0.6758884415542035,0.339578693452767,0.44481526682922085,-5.334627442397971,-4.444996908739529,-6.191491763729573e-12,False,False,42.24204609512526
72.37336666666667,70.48003333333332,15,-5.190942931410973,-0.3610492806583352,-0.45347885567127355,-4.7374640757520865,1.1425974340119338,0.3327111163247573,0.7630191982775789,-5.500483274029666,-3.9744448774745074,-1.2387424419557647e-11,False,False,43.52167899791675
72.50814999999999,70.6151,15,-4.765302168525523,-0.23681957490407513,-0.2974460152149819,-4.467856153307821,1.072214057385458,0.2172997776179085,0.8319711619180217,-5.299827315225842,-3.6358849913897995,2.7196023211217835e-12,False,False,42.36488010713947
72.64293333333333,70.75066666666666,15,-4.356401697048568,-0.15363210584473563,-0.19296233308041716,-4.163439363973339,0.7355152335221472,0.14819114492937277,0.590758097298118,-4.754197461271457,-3.572681266675221,-5.1878501494684315e-12,False,False,41.48270846613741
72.77943333333333,70.88625,15,-4.088686014118139,-0.1304463717060571,-0.16384098940695874,-3.9248450247191613,0.5800972597284231,0.1416996752887365,0.4307868959206009,-4.3556319206397625,-3.4940581287985606,-7.981171279425325e-12,False,False,41.12128879854572
72.9142,71.02101666666667,15,-3.691561877145432,-0.12077289404624025,-0.1516910757676443,-3.539870801386769,0.8194306199044935,0.14047224146365506,0.7315281490540262,-4.271398950440795,-2.808342652332743,-8.981260180007666e-12,False,False,42.44758304787683
73.04955,71.15686666666667,15,-3.3738180767250014,-0.1200643311785825,-0.15080111892349632,-3.223016957807431,0.3963443372942704,0.13764793835393305,0.38366343610258674,-3.606680393910018,-2.8393535217048442,-5.9259264162392356e-12,False,False,40.60767856675375
73.18405,71.29191666666667,15,-3.2340753555326955,-0.1048430798764457,-0.13168318685119895,-3.1023921686719405,0.393275999380794,0.1311586789113156,0.43361859082776005,-3.5360107594997006,-2.6687735778441803,9.555911617553647e-12,False,False,40.83656040269125
73.31960000000001,71.42698333333333,15,-3.146297239116393,-0.11301046832886641,-0.14194144844494355,-3.004355790673344,0.27375561951303823,0.1438209941372002,0.32996089302054904,-3.334316683693893,-2.674394897652795,-1.894484569220367e-12,False,False,40.004956398785
73.45545,71.562,15,-3.0575956837565172,-0.03796909215816413,-0.0476892806194375,-3.0099064031323906,0.1820187772218946,0.15838506558473237,0.30029358529547795,-3.3101999884278683,-2.7096128178369128,4.689137966806811e-12,False,False,39.224376731552184
73.59131666666667,71.69811666666666,15,-3.048751388785604,0.010979913222399773,0.013790800176598512,-3.0625421889690188,0.17884708475455027,0.20234578753089558,0.33832482425659777,-3.4008670132256165,-2.724217364712421,-6.816325281988611e-12,False,False,38.62482810794609
73.72745,71.83291666666668,15,-2.968250953927054,0.05075144150032429,0.06374394535081128,-3.031994899271922,0.1938329477218988,0.22639686239551426,0.2809306552970704,-3.3129255545689924,-2.7510642439748514,5.943245895423388e-12,False,False,38.75452781497734
73.86255,71.96849999999999,15,-2.660906343779061,0.09469900259136921,0.11894219883236228,-2.779848542601485,0.5147030611221232,0.24592824580150824,0.38056159568799386,-3.1604101382894787,-2.399286946913491,9.938272427234551e-12,False,False,39.40354495641077
73.99758333333332,72.10355,15,-2.7002379152036156,0.08648460499898647,0.10862489363394076,-2.808862808849426,0.4876536611924589,0.2684040063188285,0.3052992504172896,-3.114162059266716,-2.5035635584321363,-1.1869616400872474e-11,False,False,38.01499515172327
74.13265,72.23859999999999,15,-2.561615245693247,0.1521431802175357,0.19109223853717056,-2.7527074842355432,0.4032442484023071,0.25310037171946137,0.28718812366045665,-3.0398956078959998,-2.4655193605750867,-5.125677660089423e-12,False,False,37.80900149937952
74.26821666666666,72.37336666666667,15,-2.3670834423974156,0.1611735873411817,0.20243445387467165,-2.5695178962787395,0.660054524709401,0.2058890474408702,0.6568875863176694,-3.226405482596409,-1.9126303099610702,-6.652012274344088e-12,False,False,39.347912536381045
74.403,72.50814999999999,15,-2.061142693648435,0.23215174104916514,0.29158320349263606,-2.3527258971416813,0.4200245477371206,0.16705978358206566,0.49516518347760263,-2.847891080619284,-1.8575607136640788,-6.10178574333986e-13,False,False,37.65925173339201
74.53831666666666,72.64293333333333,15,-2.0131832364168076,0.23620154929085402,0.2966697734029278,-2.3098530098250194,0.3820754038614892,0.1620730074843317,0.4715956784387869,-2.781448688263806,-1.8382573313862325,-5.283773418796045e-12,False,False,37.20240399421891
74.67336666666667,72.77943333333333,15,-1.9957823304721387,0.17956316103300196,0.22553180728538447,-2.2213141377537795,0.4315054462496594,0.21496850931567113,0.5565935083086744,-2.777907646062454,-1.6647206294451051,3.743672039036028e-12,False,False,37.723034687762265
74.80866666666667,72.9142,15,-2.0875546759671124,0.18127740786076174,0.22768490585512308,-2.3152395818306104,0.5308035102539475,0.22712115752027573,0.64882536613549,-2.9640649479661003,-1.6664142156951205,-8.375078408562331e-12,False,False,36.60731122078141
74.94425,73.04955,15,-1.6764311240513052,0.15361328005747055,0.19293868784159957,-1.8693698118977409,0.25303468643638005,0.24499549814501398,0.41150431023433004,-2.280874122132071,-1.4578655016634108,-4.836131495267182e-12,False,False,37.37025067390641
75.07928333333332,73.18405,15,-1.6619491959063453,0.04352149055193877,0.054663107752533635,-1.716612303671809,0.26627761894351853,0.2588867926762004,0.4691431602668085,-2.1857554639386176,-1.2474691434050005,-1.2930101433994423e-11,False,False,37.16111443054979
75.21431666666668,73.31960000000001,15,-1.6122408632363658,-0.07717290879736538,-0.09692937846722971,-1.5153114847685174,0.22810283207498214,0.22423477149477658,0.22830410268569418,-1.7436155874542116,-1.2870073820828232,6.186162693211372e-13,False,False,36.670178242449765
75.34961666666666,73.45545,15,-1.5646337993603083,-0.24494377622613683,-0.30765003365826454,-1.2569837657092648,0.23925291958873407,0.16149737711888543,0.2874566453216477,-1.5444404110309127,-0.9695271203876171,-7.221112596766943e-12,False,False,37.33344791374111
75.48386666666667,73.59131666666667,15,-1.4757076348614646,-0.3258881339497748,-0.4093163619961331,-1.0663912728505238,0.3110692916257457,0.1423249559762883,0.42399901561347303,-1.4903902884639968,-0.6423922572370508,1.4807710613240488e-11,False,False,37.47840640983486
75.61943333333333,73.72745,15,-1.321500226353237,-0.3707310972531559,-0.46563924303510607,-0.8558609833257833,0.5710640193781208,0.10868996665962978,0.6796526959801037,-1.535513679305887,-0.17620828734567962,-7.652434241833816e-12,False,False,38.02009342155361
75.75448333333334,73.86255,15,-1.4487371949435328,-0.32439460757086636,-0.40744048889651824,-1.0412967060506162,0.4747479530768019,0.13590249833909887,0.554903340296206,-1.5962000463468222,-0.48639336575441017,-3.601563491884008e-12,False,False,35.64301715201873
75.88926666666666,73.99758333333332,15,-1.1722983944855514,-0.237370435759658,-0.29813789791301226,-0.8741604965648548,0.35780913920581003,0.22427369143342069,0.47298373458678683,-1.3471442311516417,-0.401176761978068,7.684297642640558e-12,False,False,36.363353782333434
76.0243,74.13265,15,-0.9380492361451616,-0.13499177132325713,-0.16955002340148173,-0.7684992127401529,0.5740381545232754,0.2673431002028265,0.4877449037141668,-1.2562441164543197,-0.2807543090259861,3.5269565046291973e-12,False,False,37.184123893996
76.16015,74.26821666666666,15,-0.7393664186092792,-0.029284987362188986,-0.03678202192547862,-0.7025843966766843,0.772718925882368,0.26082514279622304,0.6505940461995494,-1.3531784428762337,-0.05199035047713485,7.116307543242328e-12,False,False,37.08494176508975
76.29491666666667,74.403,15,-0.6645451765580219,0.025362708260217914,0.03185562895346667,-0.6964008055065278,0.3814569672989929,0.30581767656513026,0.43876532845848265,-1.1351661339650105,-0.2576354770480452,4.960809540932587e-12,False,False,34.89988266462751
76.42996666666666,74.53831666666666,15,-0.6375376304858946,0.11504233365121763,0.1444934766876751,-0.782031107155035,0.3726777112285344,0.24530270556800277,0.5066502281397169,-1.288681335294752,-0.27538087901531805,1.8534729306907138e-11,False,False,35.69852829221054
76.56580000000001,74.67336666666667,15,-0.7157798651824123,0.17675860224699136,0.22200927399955742,-0.9377891391673074,0.3922994972342621,0.22636760019505917,0.5140847221039754,-1.4518738612712827,-0.42370441706333206,1.4662271397014592e-11,False,False,35.56119919064804
76.70245,74.80866666666667,15,-0.7436664400229347,0.09641728210044676,0.12110036246054924,-0.8647668024750601,0.3920636285321329,0.27740651807746675,0.5188093499369325,-1.3835761524119925,-0.3459574525381276,8.423817199343375e-12,False,False,35.966168567116256
76.83726666666666,74.94425,15,-0.9124271434193361,0.08401710700854892,0.10552570960279,-1.0179528530202333,0.3253506936533279,0.29342783875885525,0.3833810889567925,-1.4013339419770259,-0.6345717640634407,1.892708212380967e-12,False,False,35.767804309303756
76.97258333333333,75.07928333333332,15,-0.6998643880142481,0.02722828101104824,0.03419879328459471,-0.7340631812953688,0.3708643852203645,0.3666377744434446,0.6540134895055847,-1.3880766708009535,-0.08004969178978416,3.4739988663545773e-12,False,False,37.13813592045335
77.1082,75.21431666666668,15,-0.5080902507397695,-0.06731936728829169,-0.08455330415489061,-0.4235369465777694,0.5272203470668042,0.4239568180310089,0.9335197530965167,-1.357056699674286,0.5099828065187473,7.109535182792115e-12,False,False,37.48908806889085
77.2435,75.34961666666666,15,-0.7243374462923384,-0.15680743154734955,-0.1969505505984783,-0.5273868956846854,0.39330614905841105,0.4541328824462919,0.8337495912178758,-1.3611364869025613,0.3063626955331904,9.174661030897369e-12,False,False,35.85639763920335
77.37963333333333,75.48386666666667,15,-0.6103088685267721,-0.23820655820236425,-0.29918806992229624,-0.3111207986116824,0.40591091039000626,0.39357779164481826,0.7690799177163283,-1.0802007163280107,0.45795911910464593,-7.206513163993122e-12,False,False,36.71510058362037
77.51495,75.61943333333333,15,-0.7927629183541285,-0.32125357226323104,-0.4034953402056462,-0.38926757814488155,0.47218116683662303,0.3137894127287558,0.6913421506816061,-1.0806097288264875,0.30207457253672454,3.600730824615539e-12,False,False,34.86878710705787
77.65053333333334,75.75448333333334,15,-0.4476808172039455,-0.4057680085861648,-0.5096456967485098,0.06196487954184704,0.5067489735585411,0.22669260698138913,0.5444367159063795,-0.4824718363645325,0.6064015954482266,-2.7172708527700706e-12,False,False,36.74561816174537
77.78851666666667,75.88926666666666,15,-0.7774788561218884,-0.4064081988399266,-0.5104497774079657,-0.26702907871867865,0.4621906648166362,0.2246099644163736,0.596452360643226,-0.8634814393619047,0.3294232819245474,-4.7559733928892456e-12,False,False,35.05189257580787
77.92493333333333,76.0243,15,-0.7816358230957121,-0.4417771999251272,-0.5548733367323526,-0.2267624863761739,0.5610071084491512,0.2024690194346754,0.6474593380907514,-0.8742218244669253,0.4206968517145775,-1.2814416194828482e-11,False,False,36.143141087013646
78.05971666666666,76.16015,15,-0.6432166983067873,-0.4439081447526405,-0.5575498090967826,-0.08566688921428067,0.41904987971775687,0.20548923244992404,0.5466090672697913,-0.632275956484072,0.46094217805551063,-4.2760239793437904e-12,False,False,35.723524387794896
78.19541666666667,76.29491666666667,15,-0.5010461587698956,-0.423258615515806,-0.5316139455177284,0.03056778675863825,0.44766374135928194,0.22557637307211353,0.685151546496817,-0.6545837597381787,0.7157193332554552,1.0805356609466799e-11,False,False,35.494642551857396
78.33045,76.42996666666666,15,-0.44194965653514373,-0.23179296741363942,-0.29113258285329685,-0.15081707368199204,0.41775183308079744,0.2788905982286941,0.5545562028068114,-0.7053732764888034,0.40373912912481935,-1.4516166046973922e-13,False,False,36.14533679198939
78.46661666666667,76.56580000000001,15,-0.4948875294503523,-0.0760997859215422,-0.09558153328433494,-0.39930599618037377,0.3984355855102078,0.3175954989587148,0.5993683562572918,-0.9986743524376656,0.20006236007691802,-1.4356404953730362e-11,False,False,35.04670397948939
78.60378333333333,76.70245,15,-0.37859391956953914,0.08590540003933711,0.10789741066590386,-0.48649133023718605,0.48337259644847735,0.2477783459769533,0.4507114258702632,-0.9372027561074492,-0.035779904366922854,-1.7430501486614958e-12,False,False,35.98511950683314
78.7399,76.83726666666666,15,-0.5917205813821056,0.16579827450914308,0.20824307324358643,-0.7999636546187503,0.4291040809682886,0.19721969484672172,0.4444425677660803,-1.2444062223848307,-0.35552108685267,6.941780483771254e-12,False,False,34.35242907714564
78.87521666666666,76.97258333333333,15,-0.9249586362493574,0.20938991006551078,0.2629942833080302,-1.1879529195639407,0.5563772647507096,0.1319889696409363,0.5287217178954075,-1.7166746374593482,-0.6592312016685332,-6.552980380547524e-12,False,False,33.94242587106419
79.00971666666666,77.1082,15,-0.9084354464393982,0.18959928994445363,0.23813721186017245,-1.1465726582950992,0.503211265925766,0.13219968826829737,0.48595425407358966,-1.632526912368689,-0.6606184042215095,4.4715342539802805e-12,False,False,34.45359530465794
79.14503333333333,77.2435,15,-0.7873377395517309,0.2254784777360328,0.2832015670431342,-1.070539306592309,0.4800303842453735,0.1407008315675632,0.5129451791309458,-1.5834844857232548,-0.5575941274613632,2.5561774918969604e-12,False,False,33.85737245863129
79.28035,77.37963333333333,15,-0.8785114455058647,0.24418804891320178,0.3067008381455511,-1.1852122836480703,0.3885041691606056,0.1913810278720089,0.4433384073448245,-1.6285506909928948,-0.7418738763032457,3.3455460624054467e-12,False,False,34.17017763441254
79.41595000000001,77.51495,15,-0.6673727034976764,0.2986889563362638,0.3751541226561613,-1.0425268261574274,0.42042239765948364,0.19156721793332057,0.5156270442797478,-1.5581538704371751,-0.5268997818776796,-3.589573083218056e-12,False,False,34.34565370863129
79.55125,77.65053333333334,15,-0.9339357546814426,0.34272334833440254,0.43046143598769737,-1.3643971906585648,0.38671301660733337,0.16216073360966468,0.3213820298201942,-1.685779220478759,-1.0430151608383706,1.0575096354159541e-11,False,False,33.59797304456879
79.68633333333334,77.78851666666667,15,-0.760822497170011,0.3629333858807513,0.4558452968359467,-1.2166677940035697,0.3929175831879665,0.14577203888805917,0.3968824356003058,-1.6135502296038755,-0.8197853584032639,2.3880897259687117e-12,False,False,33.81870687969786
79.82243333333332,77.92493333333333,15,-0.9277034298720537,0.3727035415104183,0.4681166382622279,-1.3958200681258859,0.32321669417297755,0.2100608409379237,0.2326121219462022,-1.6284321900720882,-1.1632079461796836,8.395728556820359e-12,False,False,33.56126061089162
79.95898333333334,78.05971666666666,15,-0.7968586262395547,0.2995804623969889,0.37627385663680923,-1.1731324828842844,0.4179776555966465,0.21709540993173293,0.4185707453166623,-1.5917032282009467,-0.7545617375676221,-7.920331057675867e-12,False,False,34.27647055157286
80.09455,78.19541666666667,15,-0.8310889557833434,0.20829022774705663,0.261613079394633,-1.092702035180082,0.466387456237066,0.16135148315018674,0.5072577126332073,-1.5999597478132892,-0.5854443225468747,-2.105648988504072e-12,False,False,33.71952475079161
80.22959999999999,78.33045,15,-1.006171103381348,0.11568969221116276,0.14530656075874052,-1.1514776641356548,0.5621343889667739,0.06515217626131829,0.5285882185027854,-1.68006588263844,-0.6228894456328694,4.433786671143025e-12,False,False,32.940776948977145
80.3657,78.46661666666667,15,-0.8074297689236118,0.12638105321821058,0.15873493858628845,-0.9661647075131441,0.4260404766267685,0.06595180473721633,0.3957041606960589,-1.361868868209203,-0.5704605468170851,-3.2438496333497824e-12,False,False,33.154399995852145
80.50135,78.60378333333333,15,-0.5624102487527125,0.1467171611438971,0.1842771441659049,-0.7466873929120084,0.5571479804521736,0.07140092293438968,0.5234401460993442,-1.2701275390113524,-0.22324724681266417,6.609046643291094e-12,False,False,34.16767492951476
80.63691666666666,78.7399,15,-0.3407518800777325,0.15974692754389253,0.20064256537920855,-0.5413944454548982,0.24232892161619216,0.08390774483847803,0.18526811025153106,-0.7266625557064292,-0.3561263352033672,2.042810365310288e-12,False,False,32.89356604279601
80.7717,78.87521666666666,15,-0.3710331121510535,0.2224875308929768,0.27944492986249914,-0.6504780419963936,0.2861782163602409,0.12952391620327133,0.2622255112123343,-0.9127035532087279,-0.3882525307840593,1.7159051957094107e-11,False,False,32.6122847043589
80.90806666666667,79.00971666666666,15,-0.5190115232944663,0.23370453886673204,0.2935335216766666,-0.812545044970193,0.16820585070309968,0.14827777967877237,0.26345674267172725,-1.0760017876419203,-0.5490883022984657,9.399148126476575e-13,False,False,32.54362015357765
81.04358333333333,79.14503333333333,15,-0.6263965372709208,0.22505757911130786,0.28267291725231936,-0.9090694545184306,0.2166950182631026,0.169938782018486,0.3726767775116179,-1.2817462320300486,-0.5363926770068127,4.809597164978641e-12,False,False,32.11637405982765
81.17891666666667,79.28035,15,-0.7492705463191669,0.17123199379784637,0.21506783910542976,-0.9643383854263448,0.2142576323879529,0.16388575370728006,0.2537289321503826,-1.2180673175767274,-0.7106094532759621,-1.7481571745747715e-12,False,False,32.68796971687698
81.31423333333333,79.41595000000001,15,-0.6660086739138933,0.10810791270705522,0.13578382555980742,-0.8017924994637724,0.19302580286647564,0.2301997997136655,0.38562808077047606,-1.1874205802342486,-0.41616441869329635,9.928280420012925e-12,False,False,33.34641716492479
81.44956666666667,79.55125,15,-0.4038226932971156,0.05010094396129716,0.06292691871367985,-0.46674961201188125,0.3687813104053689,0.26465682798999973,0.65052504622956,-1.1172746582414412,0.18377543421767872,-1.085798118083403e-12,False,False,33.96439812195604
81.58513333333333,79.68633333333334,15,-0.5820884581116843,0.009839163372816984,0.01235801533500368,-0.5944464734393478,0.25190137207436164,0.25566214791893854,0.49188387121921484,-1.0863303446585626,-0.10256260222013291,7.340239527309222e-12,False,False,32.25309422859573
81.72071666666668,79.82243333333332,15,-0.8174215920698771,-0.04244119733994012,-0.05330625660835374,-0.764115335470251,0.43860789105057074,0.2275872657580338,0.49048208442775154,-1.2545974198980026,-0.27363325104249947,-8.72768524118328e-12,False,False,31.581707509845728
81.85616666666667,79.95898333333334,15,-1.0372430807256023,-0.12873263997971662,-0.1616885378059712,-0.8755545429180529,0.5174260817261782,0.22316173974633113,0.4749271414827479,-1.3504816844008007,-0.400627401435305,1.5782930518071225e-12,False,False,31.87272362128715
81.99146666666667,80.09455,15,-0.9337777144828578,-0.20736204744753195,-0.260447282472624,-0.6733304320136995,0.4554765687902684,0.2216289110934689,0.35787902538180705,-1.0312094573955064,-0.3154514066318924,-3.4656721936698887e-12,False,False,32.51359276191215
82.12785000000001,80.22959999999999,15,-1.0256101089180447,-0.2853655812541547,-0.35841992815812135,-0.6671901807621907,0.4255948407622768,0.2101258785881956,0.3440080346883241,-1.0111982154505148,-0.32318214607386664,-2.2672974608894947e-12,False,False,31.83475983516837
82.26315,80.3657,15,-1.1568432527674304,-0.3898813886407879,-0.48969205989268294,-0.6671511928916516,0.2594572088932409,0.2200343669100673,0.39427221554566766,-1.0614234084373193,-0.27287897734598393,-1.690414475064017e-11,False,False,32.42298691358883
82.39818333333332,80.50135,15,-1.226277231118729,-0.4245919217901246,-0.5332885817403373,-0.6929886493790036,0.31475940537054575,0.1618400154013761,0.4681641997235037,-1.1611528491025074,-0.22482444965549991,-6.118439088709238e-13,False,False,31.96445954219962
82.5335,80.63691666666666,15,-0.7530746288757655,-0.4857346946555481,-0.6100840668913495,-0.1429905619966121,0.5267950478999469,0.12309562468977153,0.5396353515146228,-0.6826259135112349,0.39664478951801074,-1.2196132992414732e-11,False,False,33.75813095655758
82.66963333333334,80.7717,15,-0.8555672178481473,-0.5220688087792951,-0.6557198107560724,-0.19984740710606275,0.4070199190295002,0.1485430979883281,0.4426778263276329,-0.6425252334336957,0.24283041922157017,-1.3987921931857272e-11,False,False,31.86585792627011
82.8052,80.90806666666667,15,-0.926409347972367,-0.4750221436697757,-0.5966290743942302,-0.3297802735874029,0.39550933774850533,0.16111068834232692,0.5015860789521469,-0.8313663525395498,0.171805805364744,-9.266143408126482e-12,False,False,31.64460548486386
82.94059999999999,81.04358333333333,15,-0.9866588086515549,-0.3459016733322642,-0.4344534206285576,-0.5522053880304156,0.4435525321595184,0.17760257260164142,0.611586556506847,-1.1637919445372626,0.05938116847643138,-7.418288205940371e-12,False,False,31.082989694026764
83.07561666666668,81.17891666666667,15,-0.7629547046817606,-0.19837547892529983,-0.24916012853496045,-0.5137945761462106,0.5610005591236732,0.15922542032478476,0.5189063240930933,-1.032700900239304,0.005111747946882739,5.895284260759581e-13,False,False,32.776715279964264
83.21175,81.31423333333333,15,-0.8328432107118715,-0.13572245053001097,-0.17046775842628875,-0.6623754522956915,0.618025902527248,0.19569388249234623,0.5763255535685349,-1.2387010058642263,-0.08604989872715663,-1.0108802683816975e-11,False,False,31.20380865408515
83.34651666666667,81.44956666666667,15,-0.4536550819466356,-0.08448648442936246,-0.10611524889028101,-0.347539833054725,0.7519609300851346,0.21365526216553163,0.633924735779789,-0.981464568834514,0.286384902725064,1.6295853555448048e-12,False,False,32.7525757439289
83.48158333333335,81.58513333333333,15,0.09999949017219478,-0.03193721435673069,-0.040113226076535745,0.14011271625076915,0.5421742358821304,0.21614158985953738,0.44400822203378454,-0.3038955057830154,0.5841209382845537,2.038619273392328e-12,False,False,32.89753424002265
83.61633333333333,81.72071666666668,15,-0.1106017514684936,0.06105158815626055,0.07668095691406208,-0.18728270838118988,0.5108492103810136,0.20898825930716527,0.6152346517340087,-0.8025173601151986,0.42795194335281883,1.3657963648938676e-12,False,False,30.280804149006144
83.75173333333333,81.85616666666667,15,-0.33849852813000325,0.1973616968243732,0.2478868155229806,-0.5863853436667341,0.5844570516501743,0.21246896536136708,0.7666142208519364,-1.3529995645186705,0.1802288771852023,-1.3750223182285026e-11,False,False,30.3804739308398
83.88730000000001,81.99146666666667,15,-0.3867484961192531,0.2884930319887644,0.3623480145891845,-0.7490965107062948,0.43429321838953955,0.21577409646609103,0.6206701324926831,-1.369766643198978,-0.1284263782136117,2.142730437526552e-12,False,False,31.1586721730273
84.02268333333333,82.12785000000001,15,-0.6150289297547715,0.3682477058355289,0.4625200968171828,-1.077549026563247,0.6387716676726691,0.1701975579705537,0.7985359764543085,-1.8760850030175555,-0.2790130501089385,8.707257137530178e-12,False,False,29.42679961443355
84.15803333333334,82.26315,15,-0.5853159433972905,0.4299934226255573,0.5400728811392811,-1.1253888245350936,0.46322985812720996,0.0999764231301066,0.5162336201839293,-1.6416224447190229,-0.6091552043511643,1.4779288903810084e-12,False,False,31.2807424855273
84.29333333333334,82.39818333333332,15,-0.5179458350830828,0.37678180812872597,0.47323895196915544,-0.9911847870389465,0.5166071297170447,0.14321345719618742,0.6085892136458021,-1.5997740006847487,-0.38259557339314443,1.3291701073114837e-11,False,False,31.514812917797826
84.42945,82.5335,15,-0.769403238358791,0.3701391841241275,0.4648957985725685,-1.234299036936136,0.5563496377770742,0.1926957230325501,0.5981736897200189,-1.832472726656155,-0.636125347216117,-4.7764014965423485e-12,False,False,29.866863699047826
84.56448333333333,82.66963333333334,15,-0.7167934096360113,0.2968426044280932,0.37283509975447604,-1.0896285093999722,0.725943372421707,0.21257421993844172,0.5648575722677499,-1.6544860816677223,-0.5247709371322223,-9.484857343977637e-12,False,False,29.615093679516576
84.69980000000001,82.8052,15,-0.6887472800881369,0.25846617883144063,0.3246342072541741,-1.0133814873415758,0.625405144584812,0.1623377654012355,0.5332623378337378,-1.5466438251753136,-0.48011914950783807,7.351896869067787e-13,False,False,30.81534941912105
84.8351,82.94059999999999,15,-0.8811634834346478,0.2010699412676331,0.25254438039504634,-1.1337078638262028,0.5093119831304965,0.10665541561807082,0.520687921606452,-1.654395785432655,-0.6130199422197508,3.4914293678411923e-12,False,False,29.85404570818355
84.97146666666666,83.07561666666668,15,-1.178796297586814,0.2129115204552363,0.26741743531304424,-1.4462137328928293,0.3519513347725496,0.10962903676206483,0.4266171039109555,-1.8728308368037847,-1.0195966289818739,7.029044013506791e-12,False,False,29.19807001169829
85.1068,83.21175,15,-0.8634922906858264,0.18549465419346234,0.23298177845254198,-1.0964740691392763,0.5286164020403622,0.11030222146590009,0.6015524241561143,-1.6980264932953906,-0.49492164498316193,-9.07718344933528e-13,False,False,30.5788381886523
85.24263333333333,83.34651666666667,15,-1.0945466195917106,0.11166651355597423,0.14025343767983744,-1.2348000572683304,0.6443407031512557,0.15782061269282024,0.7770789838574937,-2.011879041125824,-0.4577210734108367,3.2176483699686287e-12,False,False,29.41779758760822
85.3782,83.48158333333335,15,-0.6956769534263003,-0.02866002636801568,-0.03599706925652404,-0.6596798841696909,0.5742288425491942,0.25078817114517843,0.8180229953785252,-1.477702879548216,0.15834311120883426,8.537615059367454e-14,False,False,31.26044986686611
85.5143,83.61633333333333,15,-0.5086752016140963,-0.0996659771699342,-0.12518073209831676,-0.3834944695181548,0.39643634709675624,0.1802701764503113,0.38520132327048723,-0.768695792788642,0.0017068537523324268,-2.375266650034291e-12,False,False,29.26520969698322
85.65068333333333,83.75173333333333,15,-0.5515166029363172,-0.14572544669135823,-0.18303154817892503,-0.36848505476200444,0.2853773420702705,0.11913888755588505,0.35369574168033274,-0.7221807964423372,-0.014789313081671696,-4.612255022351519e-12,False,False,30.31806614229572
85.78575000000001,83.88730000000001,15,-0.7915347242815187,-0.1416715546110936,-0.177939848956533,-0.6135948753258162,0.34795978229408736,0.1039484788936779,0.417616724370726,-1.0312115996965423,-0.19597815095509025,-8.305578447220796e-13,False,False,28.79981663057697
85.92078333333333,84.02268333333333,15,-0.8276520119034103,-0.07558035457259393,-0.09492912613013331,-0.7327228857766386,0.5030726588015779,0.1550404247520661,0.6556884156117061,-1.3884113013883446,-0.07703447016493248,-3.361533273960049e-12,False,False,28.367900546771125
86.05583333333334,84.15803333333334,15,-0.8532121509815624,-0.010938304672890808,-0.013738539727877877,-0.8394736112541068,0.5287650573603659,0.1700348117206559,0.5169363044770116,-1.3564099157311182,-0.32253730677709525,-4.2221781626494703e-13,False,False,30.015849765521125
86.1914,84.29333333333334,15,-0.812064857535006,0.03123398888783413,0.039229973019411155,-0.85129483054925,0.392012474820654,0.15302221250981626,0.44109706249962405,-1.292391893048874,-0.410197768049626,5.167088978907941e-12,False,False,28.49637985471054
86.3267,84.42945,15,-0.6885695687487896,0.02681108651449904,0.033674795888608985,-0.7222443646414831,0.42928878277675386,0.14667114013123814,0.43154716082940225,-1.1537915254708855,-0.29069720381208086,-4.084510507595951e-12,False,False,28.59556198361679
86.4628,84.56448333333333,15,-0.8421906717885577,0.025708698616654146,0.03229019376030941,-0.8744808655469569,0.3392692340292508,0.151325694597229,0.3884691916747135,-1.2629500572216705,-0.4860116738722434,1.910138713867582e-12,False,False,28.535228620181442
86.59826666666666,84.69980000000001,15,-1.0757724312315986,0.019073599629336968,0.02395649180541879,-1.0997289230326714,0.24647092608710922,0.18139717572684072,0.37526116398793286,-1.4749900870206043,-0.7244677590447386,4.345857007592713e-12,False,False,28.237682233462692
86.73403333333334,84.8351,15,-0.942588466743473,0.08329837162818876,0.10462297605566345,-1.0472114428007444,0.2546557907643273,0.21682625580273238,0.48360715802648946,-1.5308186008272338,-0.563604284774255,-1.6080470288670767e-12,False,False,28.17573114451079
86.87028333333333,84.97146666666666,15,-1.0285232494170486,0.15531018710680655,0.19507000760357301,-1.2235932570265504,0.2336706924547498,0.22733745989796733,0.4699841820323677,-1.693577439058918,-0.7536090749941827,-5.928812996103261e-12,False,False,27.6565659432963
87.00503333333333,85.1068,15,-1.1870205359264219,0.2587508700162289,0.3249917801385794,-1.512012316061373,0.1995818762015746,0.14840419442562242,0.23389041739740699,-1.74590273345878,-1.278121898663966,3.6282088444750116e-12,False,False,27.484629786529695
87.14033333333333,85.24263333333333,15,-0.9694667771182139,0.3313114550583123,0.4161280677160643,-1.3855948448272102,0.2607608655843986,0.07587516566679212,0.3293955383333197,-1.7149903831605298,-1.0561993064938906,7.068123863973597e-12,False,False,27.911875880279695
87.2762,85.3782,15,-1.0013434806496662,0.3367715499116457,0.4229859613571525,-1.4243294420139136,0.42576740774952015,0.11562842809784037,0.549846447481188,-1.9741758894951018,-0.8744829945327256,-7.094991261169525e-12,False,False,27.9617417245463
87.41125000000001,85.5143,15,-0.5331427662204078,0.1814828985807253,0.22794300274530446,-0.7610857689701334,0.5404771297180939,0.17656020222160942,0.7388139151333111,-1.4998996841034444,-0.022271853836822286,-4.421130128662298e-12,False,False,29.45292324908951
87.54683333333334,85.65068333333333,15,-0.7505255911237327,0.0887936330291268,0.11152503897396654,-0.8620506301076603,0.44665876075205857,0.23346162164170106,0.6136530983434203,-1.4757037284510806,-0.24839753176423995,-9.960920976936904e-12,False,False,27.33195156940201
87.68211666666666,85.78575000000001,15,-0.5523547939010314,-0.00455955292636645,-0.005726810588435749,-0.5466279833131011,0.38109156017556894,0.2265587293251236,0.4427332216886149,-0.989361205001716,-0.10389476162448624,-5.054845431118338e-13,False,False,28.11014981158951
87.81823333333334,85.92078333333333,15,-0.4253331247527967,-0.09861351706058485,-0.12385883940500587,-0.30147428535155996,0.4654349059261868,0.18539488073057533,0.6116257789468983,-0.9131000642984582,0.31015149359533833,-3.769096146299944e-12,False,False,29.14774746783951
87.95408333333333,86.05583333333334,15,-0.5814704410549894,-0.11719475134668755,-0.14719691903130344,-0.4342735220202485,0.5142338841921631,0.1701582762817411,0.6383123076400014,-1.07258582966025,0.20403878561975286,3.4374170176931784e-12,False,False,27.6424372268375
88.08993333333333,86.1914,15,-0.35026134833606193,-0.11768508130626287,-0.1478127747631418,-0.2024485735696544,0.22299367175919788,0.1679616598944754,0.3573687065773738,-0.5598172801470283,0.1549201330077194,3.265721026934898e-12,False,False,27.63248831394594
88.22635,86.3267,15,-0.4191766351032129,-0.13864719352932298,-0.17414124340330406,-0.24503539170382282,0.23880267273630337,0.15914338633986838,0.3844443782483936,-0.6294797699522164,0.1394089865445708,-3.913980251013527e-12,False,False,27.54093557957094
88.36165,86.4628,15,-0.4074889353069011,-0.09147477327860543,-0.11489255825003547,-0.29259637705217756,0.21938974632485259,0.20225750855253036,0.4299008992694526,-0.7224972763216302,0.13730452221727502,4.688083254933417e-12,False,False,27.26407913795265
88.49723333333333,86.59826666666666,15,-0.3216215235333948,-0.04451183479250176,-0.05590698274963169,-0.2657145407833923,0.22073780469387677,0.2482581011882314,0.4120269030830543,-0.6777414438664466,0.146312362299662,3.708144902248023e-13,False,False,27.5463667356089
88.632,86.73403333333334,15,-0.3794808420461777,-0.005554723498789826,-0.006976747471172093,-0.37250409457055866,0.22615413769563983,0.28332220458946916,0.4897244386763115,-0.8622285332468702,0.11722034410575283,4.446942813984833e-12,False,False,27.01993851295265
88.76705,86.87028333333333,15,-0.3443760770242079,-0.032350060439057415,-0.04063176185270602,-0.30374431516611367,0.2699585232174955,0.25944447532477133,0.5086643143689862,-0.8124086295350998,0.20491999920287252,5.388245405413272e-12,False,False,27.869732290579122
88.90235,87.00503333333333,15,-0.40278977150228457,-0.05352877755649388,-0.06723228681563806,-0.33555748468643287,0.22558779076682425,0.2653885660824088,0.4612960704651289,-0.7968535551515618,0.125738585778696,2.1360690993788012e-13,False,False,27.873119974843576
89.03818333333334,87.14033333333333,15,-0.5410353058214241,-0.05221035506838234,-0.06557634466804556,-0.4754589611602569,0.21101761369591476,0.2598282581644628,0.3678941942544713,-0.8433531554147282,-0.10756476690578559,-6.878331237913926e-12,False,False,27.514538431874826
89.1735,87.2762,15,-0.2786254107923014,-0.036809882232773816,-0.046233309873587335,-0.2323921009146943,0.5025588931661386,0.2394678269382847,0.6867498300932796,-0.9191419310079739,0.4543577291785853,4.019756749684689e-12,False,False,29.109081888906076
89.30856666666666,87.41125000000001,15,-0.16517831741293776,-0.04791409735480556,-0.06018023356634434,-0.1049980838488409,0.5558196605684912,0.2598748678394071,0.8196390380505557,-0.9246371218993966,0.7146409542017148,-2.2474799798999356e-12,False,False,28.595105284024612
89.4435,87.54683333333334,15,0.30412282962061,-0.16671462139856885,-0.20939400737107458,0.5135168369897656,0.5506457120072307,0.2972762640669223,0.8642267304018512,-0.3507098934120856,1.3777435673916167,-1.919020498064583e-12,False,False,29.642499619963928
89.5788,87.68211666666666,15,0.03610159148956882,-0.17903822020525695,-0.22487248021117764,0.2609740716943634,0.5107563335299706,0.2604286978972808,0.8102597341208723,-0.5492856624265089,1.0712338058152358,-6.383116257779875e-12,False,False,27.37061714833544
89.71411666666667,87.81823333333334,15,-0.12337815167120425,-0.19332290986858425,-0.24281408837705834,0.11943593671094277,0.5984032840016266,0.25187851741617984,0.8637087370385892,-0.7442728003276464,0.983144673749532,5.088679477793789e-12,False,False,27.08832955067919
89.84995,87.95408333333333,15,-0.01378898221446434,-0.2073399716136919,-0.26041955516667414,0.2466305729594751,0.5745218078961045,0.2478727319268532,0.7902666467708608,-0.5436360738113857,1.0368972197303359,7.265299473147024e-12,False,False,27.211284842545865
89.98498333333333,88.08993333333333,15,-0.05431987519841641,-0.20906052846476086,-0.2625805791424523,0.208260703931046,0.45134041182620305,0.25046071671002024,0.6997606379723016,-0.4914999340412556,0.9080213419033476,-1.2989886943870488e-11,False,False,27.760601248795865
90.12108333333335,88.22635,15,-0.05271380279009463,-0.1965752826690732,-0.24689907725473403,0.19418527447169254,0.35473446428103245,0.26488119007467614,0.6000075500172538,-0.4058222755455613,0.7941928244889463,7.053135853141157e-12,False,False,27.920818533952115
90.2572,88.36165,15,-0.19472204439807683,-0.230537741092121,-0.2895560152588324,0.09483397085705292,0.2769947255639146,0.28224328725237874,0.5608499926939595,-0.4660160218369066,0.6556839635510124,-3.702649298276128e-12,False,False,27.605755746510113
90.39278333333333,88.49723333333333,15,-0.012860613904194906,-0.17896302007648046,-0.22477802864965754,0.21191741473512593,0.42470518137135227,0.2553672845667976,0.6030922421494453,-0.3911748274143194,0.8150096568845713,-1.0336703715196904e-11,False,False,29.101117074635113
90.52915,88.632,15,0.27006739041098626,-0.10955028347234474,-0.13759544707281676,0.407662837486896,0.5939479849036492,0.1982786104909477,0.7536256364117889,-0.3459627989248929,1.161288473898685,3.0929703243032236e-12,False,False,29.467328012135113
90.66498333333334,88.76705,15,0.10773378052545013,0.0009169111435767263,0.0011516428322007612,0.1065821377010252,0.49593395130177265,0.10663648123643346,0.6148670166000241,-0.5082848788989989,0.7214491543010493,7.775835531020903e-12,False,False,27.653637492156122
90.80083333333333,88.90235,15,0.08999875930385315,0.034279068517207634,0.04305460112347029,0.0469441581767569,0.4931537849810635,0.1011423067993469,0.6060883874485317,-0.5591442292717748,0.6530325456252886,-3.6259606428501456e-12,False,False,28.080517212831182
90.93615,89.03818333333334,15,-0.08084672980476171,0.07315733022551285,0.09188580111318705,-0.17273253092480445,0.5541578443380092,0.11939586927702887,0.689904907365833,-0.8626374382906374,0.5171723764410285,-6.855682688211573e-12,False,False,27.238597922958434
91.07171666666666,89.1735,15,-0.03455974687312846,0.10635686323803384,0.13358450277487424,-0.16814424964741193,0.6610436688115413,0.12940358589927672,0.7595864986605224,-0.9277307483079343,0.5914422490131105,5.907774269786614e-13,False,False,28.772106223739684
91.20701666666668,89.30856666666666,15,0.3206971890722343,0.1339097260206472,0.1681909716268395,0.15250621743871307,0.6577542552893292,0.14808107726097042,0.7883990059462122,-0.6358927885074991,0.9409052233849252,-6.681766251404042e-12,False,False,28.848400169052184
91.3424,89.4435,15,0.4712755413966079,0.12407341240395908,0.15583653559310431,0.31543900580709305,0.6052005853576452,0.15005029075016021,0.7367052485861034,-0.42126624277901037,1.0521442543931965,3.5894620609155936e-12,False,False,28.54215622189804
91.47776666666667,89.5788,15,0.8304743190128647,0.06257504209861509,0.07859441911287086,0.7518798998985403,0.24447736382939667,0.12844160399932394,0.3186427937089058,0.4332371061896345,1.0705226936074461,-1.453503983839255e-12,False,False,28.822490674283472
91.61253333333335,89.71411666666667,15,0.4998397638082679,0.09200064843389555,0.11555305884212108,0.38428670496659834,0.6341245158396224,0.13384510410017064,0.7275370199781506,-0.34325031501155223,1.111823724944749,4.5152770411505116e-13,False,False,26.93235397580429
91.74786666666667,89.84995,15,0.12924372140696505,0.11917045954760397,0.1496784137803257,-0.020434692360595363,0.8407661552264633,0.13453448579949645,0.92154938855669,-0.9419840809172854,0.9011146961960946,1.2765288825988819e-11,False,False,26.99338913205429
91.88371666666667,89.98498333333333,15,-0.21894397835058044,0.14645915074652294,0.1839530824213719,-0.4028970607696465,0.8286671519060944,0.12057036717014674,0.8715717448888468,-1.2744688056584934,0.4686746841192003,2.3058221998439876e-12,False,False,26.96287155392929
92.01955,90.12108333333335,15,-0.1916559274541214,0.1485837571308366,0.1866215936843044,-0.3782775211338958,0.61350897796639,0.11478757305160593,0.6317989418156557,-1.0100764629495513,0.25352142068175987,4.530043007378026e-12,False,False,28.50953326529998
92.15511666666666,90.2572,15,-0.29496489794473746,0.1519914451018849,0.19090165882881327,-0.48586655677900126,0.48626516079240617,0.14655414374817766,0.5031415938575265,-0.9890081506365278,0.01727503707852529,-5.4505289170947435e-12,False,False,27.71607623404998
92.29073333333334,90.39278333333333,15,-0.6335684472323919,0.1554222233426117,0.19521072541338003,-0.8287791726575051,0.4157241864228954,0.1264718471299338,0.4786866771550874,-1.3074658498125924,-0.3500924955024177,-1.1733169991146042e-11,False,False,26.77210573729826
92.42603333333334,90.52915,15,-0.3807482289375912,0.15341820066896616,0.1926936676113897,-0.5734418965535042,0.5070377365235343,0.11432064477397517,0.49447594991782323,-1.0679178464713275,-0.07896594663568096,-4.523270646927813e-12,False,False,28.184245518394164
92.56185,90.66498333333334,15,-0.07100605898813228,0.12936692721268628,0.1624852042556301,-0.23349126325365432,0.5803348049211356,0.09116011015254986,0.5011056778495866,-0.7345969411032409,0.26761441459593227,-9.891948371532067e-12,False,False,28.09199099120451
92.69785,90.80083333333333,15,-0.03446034471562598,0.11869013525574701,0.14907512519372268,-0.18353546991647818,0.648692626082899,0.07901860078708031,0.5805519583911848,-0.764087428307663,0.3970164884747066,-7.129519197235368e-12,False,False,28.39716677245451
92.83368333333333,90.93615,15,-0.19984557988573215,0.09975444071096717,0.12529184254086664,-0.32513742243327215,0.641482804770785,0.0682054880348002,0.5941211145298214,-0.9192585369630936,0.26898369209654927,-6.673328556416891e-12,False,False,26.978465762731503
92.96898333333334,91.07171666666666,15,-0.3452116113585362,0.0888636966701597,0.11161303909323511,-0.4568246504518356,0.6770992270597371,0.06762030824447261,0.6330890100340946,-1.08991366048593,0.17626435958225894,-6.433742427702782e-14,False,False,27.83527746857726
93.10539999999999,91.20701666666668,15,-0.3665952878072858,0.05754167644408881,0.07227249847913432,-0.43886778628848333,0.6889474668437671,0.09442062220685991,0.6329417393312019,-1.0718095256196851,0.19407395304271857,-2.063238468963391e-12,False,False,26.980449861337547
93.24121666666666,91.3424,15,-0.39486242513521574,0.0275667519417766,0.03462391367277223,-0.42948633881178466,0.7061979179676079,0.10652325143521578,0.6120229172133542,-1.0415092560251389,0.18253657840156956,-3.796685188461879e-12,False,False,26.591350740243797
93.37733333333334,91.47776666666667,15,-0.362366534096509,0.0029402556247077882,0.003692968875723286,-0.3660595029741671,0.6772700100913294,0.10835611624896307,0.5684898776130612,-0.9345493805872284,0.20243037463889413,-1.9348411761654916e-12,False,False,26.911785310556297
93.51211666666667,91.61253333333335,15,-0.006047179253073409,-0.06810455758750322,-0.08553950525663877,0.07949232599867173,0.6555196573860756,0.16199683221917524,0.59038231535655,-0.5108899893578782,0.6698746413552217,-4.893627170154957e-12,False,False,28.43452162577887
93.6477,91.74786666666667,15,-0.03755055256988271,-0.13161809875600738,-0.16531268169450924,0.12776212912012852,0.5773484360798724,0.19930035637077828,0.6028805942700546,-0.47511846514992606,0.7306427233901831,-4.4980130731175905e-12,False,False,28.38111586406012
93.78346666666667,91.88371666666667,15,-0.04942676585415029,-0.1862236618908355,-0.23389741405712633,0.18447064820202286,0.5709366410836539,0.2155118238196813,0.6645746869831048,-0.480104038781082,0.8490453351851277,-9.531819777919281e-13,False,False,28.56422133281012
93.91935,92.01955,15,-0.41256053011966287,-0.2761525089808856,-0.34684828490742503,-0.0657122452216754,0.492749657307845,0.24401974602351179,0.567131726604318,-0.6328439718259934,0.5014194813826426,-9.437561843128606e-12,False,False,27.157086961495224
94.05518333333333,92.15511666666666,15,-0.4244025014304498,-0.37799402223390643,-0.47476149610563306,0.050358994673388224,0.5734494269892743,0.19252743171483047,0.4698377003523088,-0.4194787056789206,0.5201966950256971,-1.7950640973651844e-12,False,False,27.406018856403534
94.1905,92.29073333333334,15,-0.6616405222703179,-0.4917123272171011,-0.6175919892688535,-0.04404853300002287,0.6215464923854244,0.1020497335035223,0.5565373200626078,-0.6005858530626307,0.5124887870625849,1.4415135751733033e-12,False,False,27.011976232213783
94.3266,92.42603333333334,15,-0.7146087721121148,-0.5050510384462541,-0.6343454460083227,-0.08026332612007536,0.4889056725872092,0.061051003217908476,0.5046857832127971,-0.5849491093328725,0.42442245709272175,-1.628319701296732e-11,False,False,28.306287411091034
94.4619,92.56185,15,-0.7124552285531536,-0.4892810833371186,-0.614538340496747,-0.09791688805489684,0.4466134003395201,0.07884917979829635,0.46121747427171145,-0.5591343623266083,0.3633005862168146,1.5096812688852879e-12,False,False,27.012128465401474
94.59666666666666,92.69785,15,-0.45230932310732896,-0.43506774328125175,-0.5464462413632861,0.0941369182719427,0.5374517275831252,0.14840869978932061,0.46736069035948463,-0.3732237720875419,0.5614976086314274,1.5985546220065316e-11,False,False,28.08891030687664
94.73196666666666,92.83368333333333,15,-0.49971813396768994,-0.31726395139776287,-0.3984843657997816,-0.10123376816545715,0.45822688709699505,0.25347810030742696,0.6973271536793081,-0.7985609218447652,0.5960933855138509,2.451205904918652e-12,False,False,25.634502879474894
94.86755,92.96898333333334,15,-0.3891009989856684,-0.20324968963541323,-0.255282150135703,-0.1338188488589367,0.4521153492784338,0.3005572445522825,0.6331012321690107,-0.7669200810279474,0.499282383310074,-8.97126817278604e-12,False,False,27.747845164631144
95.00313333333334,93.10539999999999,15,-0.48833519175241236,-0.09625517241511261,-0.12089675226510856,-0.36743843948579524,0.6389042579404012,0.30715364095710573,0.9296200864892559,-1.2970585259750511,0.5621816470034606,1.5085710458606627e-12,False,False,25.787090770099894
95.13926666666666,93.24121666666666,15,-0.46968720641962136,-0.005363497173675569,-0.006736566698816261,-0.462950639718656,0.5803568344361438,0.29526303611406246,0.7948608141025691,-1.2578114538212253,0.3319101743839131,2.1490587087669155e-12,False,False,27.221416941974894
95.27536666666667,93.37733333333334,15,-0.5230714842982707,0.0996079594224284,0.12510786165331939,-0.6481793459502114,0.547635533303271,0.26400322743978516,0.5146524742682477,-1.162831820218459,-0.13352687168196375,1.3786749519795194e-12,False,False,27.213421174354153
95.41068333333332,93.51211666666667,15,-0.5743721901308163,0.1529120286286343,0.19205791418403498,-0.766430104304618,0.6788725048364486,0.1951176479087254,0.5511520923401672,-1.3175821966447852,-0.21527801196445084,1.0233258684877455e-11,False,False,27.298108213712112
95.54546666666667,93.6477,15,-0.5629223889991408,0.15799301498554996,0.19843964654648188,-0.7613620355400599,0.5634851472129039,0.1917573993609745,0.43243417095328146,-1.1937962064933414,-0.3289278645867784,5.562883487186809e-12,False,False,26.283398741055862
95.68183333333333,93.78346666666667,15,-0.2801701322750887,0.16252135502145393,0.2041272536615765,-0.4842973859194899,0.4097842117284372,0.18818830126740219,0.3897341291965478,-0.8740315151160377,-0.09456325672294208,1.7175261213253634e-11,False,False,27.510846281220438
95.81821666666666,93.91935,15,-0.18837964019621722,0.1710090967717406,0.2147878798484921,-0.4031675200462814,0.38175487568048583,0.1950539730758227,0.3149834726189079,-0.7181509926651893,-0.08818404742737351,-1.5720758028692217e-12,False,False,26.115552061368362
95.95378333333333,94.05518333333333,15,-0.4380404987496149,0.13045864194646128,0.16385640086150355,-0.601896899608164,0.4864069732997125,0.21024781387716687,0.3821137481882844,-0.9840106477964483,-0.21978315141987953,2.9545255131324666e-12,False,False,25.856152647305862
96.09076666666667,94.1905,15,-0.6203676101431483,0.11886753871294786,0.1492979444072574,-0.7696655545501017,0.5048635767805053,0.20912041212829122,0.44826779324190635,-1.217933347792008,-0.3213977613081953,3.040900864448304e-13,False,False,25.552715871439432
96.22618333333334,94.3266,15,-0.6931711588113103,0.07028341395925963,0.08827615464792,-0.7814473134590116,0.3748953148344793,0.1768145581676237,0.4426126798387764,-1.224059993297788,-0.33883463362023525,2.1871393585115584e-13,False,False,26.582684133158182
96.3623,94.4619,15,-0.4450488523034437,0.035907156343455426,0.04509948375841963,-0.490148336078164,0.44073962544782647,0.15354837272873337,0.4231075583794222,-0.9132558944575861,-0.06704077769874178,-1.6300627514453936e-11,False,False,26.689495656595682
96.49759999999999,94.59666666666666,15,-0.7103343370217772,0.05373984066682169,0.06749738264292057,-0.7778317196612079,0.4187535195176434,0.17306943230863867,0.5001950033172781,-1.278026722978486,-0.27763671634392983,3.489875055606717e-12,False,False,24.792552636252367
96.63238333333334,94.73196666666666,15,-0.3924589087800996,0.014153903488477226,0.01777734038282212,-0.4102362491630629,0.504941626575155,0.15654608359750113,0.5543576991234618,-0.9645939482865247,0.14412144996039888,-1.4116485758108865e-13,False,False,26.808026051643537
96.76903333333333,94.86755,15,-0.5558282328820496,0.009032848349306732,0.011345281523416335,-0.5671735144096601,0.4275600523206442,0.1442002008747977,0.44594329437958763,-1.0131168087892477,-0.1212302200300725,-4.194200542428916e-12,False,False,26.57774063006218
96.9049,95.00313333333334,15,-0.29127624652392115,0.008327895124239149,0.010459858399950983,-0.3017361049214742,0.4742905548541251,0.14334223255095283,0.5408482783479737,-0.8425843832694478,0.23911217342649949,2.3979707108878756e-12,False,False,26.59299941912468
97.041,95.13926666666666,15,-0.6236599182957434,0.033802713398472406,0.042456297828852664,-0.6661162161249194,0.4523689501176125,0.1317205643201059,0.42136525981506623,-1.0874814759399856,-0.24475095630985322,-3.234079670733081e-13,False,False,25.246655110822758
97.17605,95.27536666666667,15,-0.6904384705376287,0.03882469350719475,0.0487639181868126,-0.7392023887291543,0.50421633437796,0.11942127563149021,0.4558921766753081,-1.1950945654044625,-0.2833102120538462,-4.713007761836252e-12,False,False,25.11289688006218
97.31241666666666,95.41068333333332,15,-0.6565233099572652,0.08281905974945403,0.10402095906263152,-0.7605442690219206,0.48796174725467595,0.0980866932148716,0.46381776011061204,-1.2243620291325326,-0.2967265089113086,-2.0239365738916604e-12,False,False,25.101696614729008
97.44776666666667,95.54546666666667,15,-0.6745857111200166,0.07520363190997159,0.0944559614650773,-0.7690416725754403,0.5087054425900248,0.09675447455961934,0.4776545522805773,-1.2466962248560176,-0.291387120294863,9.653611243720661e-12,False,False,24.773449463347788
97.58306666666667,95.68183333333333,15,-0.8735657819488551,0.06919327871582936,0.08690694188611563,-0.9604727238352098,0.5280063456290417,0.10124606974960157,0.5096149360517098,-1.4700876598869197,-0.45085778778349994,-2.390310172017962e-13,False,False,24.58057826825825
97.7189,95.81821666666666,15,-0.7648752134664392,0.05433827911474509,0.06824902292332541,-0.8331242363833553,0.5948504593985932,0.10186492486427229,0.5347376289089854,-1.3678618652923407,-0.29838660747436996,6.409317521161029e-12,False,False,24.664501608102
97.85421666666666,95.95378333333333,15,-0.9521902342348767,0.04288607180933468,0.05386502012376791,-1.0060552543636732,0.5644094462780577,0.09781549808338082,0.5378057524403771,-1.5438610068040504,-0.46824950192329606,-5.028644167737184e-12,False,False,24.222698518104153
97.99058333333333,96.09076666666667,15,-0.8151036039416795,0.016157721605850384,0.02029414126159093,-0.8353977452106847,0.6128393708595216,0.0860704387553543,0.610149515616217,-1.4455472608269018,-0.22524822959446766,-7.41429140305172e-12,False,False,26.1140865690395
98.12536666666666,96.22618333333334,15,-1.131549961399287,0.030107931674137944,0.03781564216752239,-1.1693656035677122,0.44057474890759324,0.10284903207591943,0.4604405234473548,-1.629806127015067,-0.7089250801203575,-9.028333636251773e-13,False,False,23.757305451697903
98.26093333333333,96.3623,15,-0.8627249939236208,0.041455989365204005,0.05206883277477926,-0.9147938266951314,0.5636222350229775,0.12228467038033253,0.5705327679103925,-1.485326594605524,-0.3442610587847389,3.2686076067989234e-12,False,False,25.519695588416653
98.39731666666667,96.49759999999999,15,-0.689757063966681,0.09518054812360788,0.11954702130012909,-0.8093040852600097,0.6035262582258523,0.16884839329258905,0.6249657319350683,-1.434269817195078,-0.18433835332494142,6.800338070434009e-12,False,False,24.43485607265029
98.53320000000001,96.63238333333334,15,-0.908448075682827,0.2097592142126814,0.26345813029797077,-1.1719062059855787,0.6558148875136863,0.08232007591244628,0.6184992875492694,-1.7904054935348481,-0.5534069184363093,-4.780842388640849e-12,False,False,23.74058117030654
98.66956666666667,96.76903333333333,15,-0.8525742067249666,0.2543917655966652,0.31951673340719994,-1.1720909401360586,0.5582078029997541,0.07373700760311037,0.5734868835803489,-1.7455778237164075,-0.5986040565557097,-3.891997835125949e-12,False,False,23.253886692487868
98.80486666666667,96.9049,15,-0.4959735620795982,0.2815975929988781,0.35368732489944715,-0.8496608869754709,0.48145367724981925,0.07510019634352691,0.4698498991321107,-1.3195107861075817,-0.3798109878433602,3.574474050083154e-12,False,False,24.759349166692118
98.94016666666667,97.041,15,-0.30058734549675137,0.27145488387031946,0.34094805528883154,-0.6415354007854148,0.2239983071805981,0.06166223223296543,0.2536443403866302,-0.895179741172045,-0.3878910603987846,1.680877659282487e-13,False,False,23.86265148280654
99.07601666666666,97.17605,15,-0.13812240508923423,0.23154968881135574,0.29082702428253404,-0.4289494293657299,0.29404682916976377,0.11876682424928757,0.425191164343602,-0.8541405937093318,-0.0037582650221278935,6.038392008633764e-12,False,False,25.035137442406267
99.21178333333334,97.31241666666666,15,-0.36543385783807025,0.1290361455794482,0.1620697416455278,-0.5275035994832251,0.3482415270427677,0.20137068061661342,0.31100544038631633,-0.8385090398695414,-0.21649815909690878,3.729239139715901e-13,False,False,23.469372558131
99.34813333333334,97.44776666666667,15,-0.32980388627765933,0.030908305547200143,0.03882091387836371,-0.3686248001540662,0.3381409050309703,0.26033952501397817,0.30792876624077625,-0.6765535663948424,-0.060696033913289926,1.956879103204301e-12,False,False,24.643963896203786
99.4843,97.58306666666667,15,-0.3770592854125425,-0.13724829917919124,-0.17238422838323242,-0.20467505703254574,0.33868007283757373,0.369562966950338,0.43493432095204954,-0.6396093779845953,0.2302592639195038,-3.2356339829675562e-12,False,False,24.981336887794896
99.62038333333334,97.7189,15,-0.6852806591014087,-0.39164972270373255,-0.49191309217350204,-0.19336756693837742,0.49862084388218975,0.5436979084544924,0.45926468944014676,-0.6526322563785242,0.26589712250176933,-1.0470790900996008e-11,False,False,24.403213488985784
99.75626666666668,97.85421666666666,15,-0.9147932353771466,-0.6123201900736603,-0.7690757854238361,-0.14571744996237612,0.5123269795717802,0.5972560297863664,0.5201801541192959,-0.665897604081672,0.37446270415691973,-9.065637129879178e-12,False,False,24.479507434298284
99.89208333333333,97.99058333333333,15,-0.9010979488084558,-0.7906280695824535,-0.9930309557800304,0.09193300696233564,0.4493589290567983,0.5683860371769875,0.8782349280143198,-0.7863019210519842,0.9701679349766554,-9.238942944023165e-12,False,False,25.990127551485784
100.02768333333333,98.12536666666666,15,-0.5462356278912921,-0.8636424408214225,-1.0847372000263331,0.5385015721344644,0.46657732392712226,0.45578062289447374,0.5908644614618415,-0.05236288932737709,1.1293660335963058,-5.766498389903063e-13,False,False,25.219832216884242
100.16298333333334,98.26093333333333,15,-0.8476455391100899,-0.9060900473450602,-1.1380515065864376,0.2904059674697237,0.42040729017033496,0.39267324604120935,0.6689486243750621,-0.3785426569053384,0.9593545918447858,-6.624034654123534e-12,False,False,24.006758486415492
100.29883333333333,98.39731666666667,15,-0.8358436306843942,-0.9253768020316784,-1.16227572171007,0.3264320910320748,0.42747742235491243,0.37473698902510955,0.6753181723694709,-0.34888608133739607,1.0017502634015458,6.398881424729552e-12,False,False,23.571882998134242
100.43395000000001,98.53320000000001,15,-0.9859122539564851,-0.8770952036065864,-1.1016339058231417,0.11572165186089478,0.6311068549679045,0.39510283816929415,0.9614853454067539,-0.8457636935458591,1.0772069972676488,-5.7618354531996374e-12,False,False,23.19254960338003
100.5695,98.66956666666667,15,-0.8447138461269788,-0.8114456878320198,-1.0191779396056213,0.17446409348576708,0.48147980273596,0.41308633546627344,0.7020845269213237,-0.5276204334355566,0.8765486204070908,7.1245231936245546e-12,False,False,25.274855704134097
100.70428333333332,98.80486666666667,15,-1.1517817121093685,-0.7027113534750242,-0.8826073267893356,-0.26917438531927473,0.3735505646598153,0.44085021329945034,0.5251959455831927,-0.7943703309024674,0.256021560263918,7.581713035165194e-13,False,False,23.318892579496605
100.83948333333333,98.94016666666667,15,-0.7177960594381148,-0.570732203865191,-0.7168411642632525,-0.0009548951675242279,0.5940456081404561,0.43594004369360956,0.5829429032031297,-0.5838977983706539,0.5819880080356055,7.338019081259972e-12,False,False,25.477858998652664
100.97483333333334,99.07601666666666,15,-0.6808737215033034,-0.3995346117517329,-0.5018165337648061,-0.1790571877295406,0.5886976446910869,0.43246304654657347,0.48404543303317016,-0.6631026207627108,0.30498824530362956,8.95672425116345e-12,False,False,24.181014161527855
101.10986666666666,99.21178333333334,15,-0.21207699620208587,-0.2435745362781745,-0.3059302646460976,0.09385326844494557,0.5322018527084806,0.40098868082830524,0.5628848815918197,-0.46903161314687414,0.6567381500367653,9.338085860122192e-13,False,False,25.333052735746605
101.24596666666666,99.34813333333334,15,-0.46425248930609087,-0.03875342298852047,-0.04867440222602027,-0.41557808707693766,0.48433951700819733,0.34896833313397735,0.5019713839804544,-0.917549471057392,0.08639329690351671,3.1329383531897292e-12,False,False,22.92494028180954
101.38235,99.4843,15,-0.5833892370610556,0.20482982028988772,0.25726679843550193,-0.8406560355060719,0.6481131986543441,0.24047431402402678,0.8746610628282515,-1.7153170983343236,0.03400502732217958,-9.514389276432667e-12,False,False,21.963056057909853
101.51848333333334,99.62038333333334,15,-0.6315194392700505,0.3593812703838921,0.45138383033533286,-1.0829032696055947,0.7837264011810278,0.20008001486371982,0.958580331661956,-2.041483601267551,-0.12432293794363869,-2.113864638886298e-13,False,False,22.184308499316103
101.6538,99.75626666666668,15,-0.6946285285521299,0.3314761152614665,0.4163348813686627,-1.110963409913893,0.5420640777158774,0.1751608270407337,0.7004441329218519,-1.8114075428357448,-0.41051927699204105,6.899592008835498e-12,False,False,23.60395639509079
101.78939999999999,99.89208333333333,15,-0.7095053748053033,0.10119499308348168,0.12710118014771982,-0.8366065549462292,0.6925381361484386,0.355641244635836,1.076023177670333,-1.9126297326165622,0.2394166227241039,6.793898776891183e-12,False,False,25.039536452954053
101.92443333333334,100.02768333333333,15,-0.7412907109901425,-0.11951578224397963,-0.15011214000435866,-0.5911785709859032,0.5023123387024487,0.45041833932462627,0.7658021198422302,-1.3569806908281334,0.17462354885632703,-1.1934897514720433e-13,False,False,23.238999343579053
102.06106666666666,100.16298333333334,15,-0.6835383765028382,-0.2399828142079059,-0.3014190521840626,-0.3821193243388734,0.6076946799905115,0.47107932024825216,0.6540849394475439,-1.0362042637864173,0.27196561510867046,-2.0097812303276896e-11,False,False,23.528916335766553
102.19613333333334,100.29883333333333,15,-0.7559144863880647,-0.3332907423755387,-0.41861405784468025,-0.33730042854085696,0.6456917109899609,0.42686324988886015,0.6404596352410163,-0.9777600637818733,0.3031592067001594,2.5274782267104e-12,False,False,23.783341293383273
102.33251666666666,100.43395000000001,15,-0.757897030805907,-0.38203619373598485,-0.47983847425068626,-0.27805855655014966,0.5580368130104408,0.3653961473384245,0.6431469809287546,-0.9212055374789042,0.3650884243786049,5.071054687277865e-12,False,False,24.325180538304267
102.46755,100.5695,15,-0.9745635203689744,-0.2784784363939252,-0.3497696559172672,-0.6247938644551141,0.46704580570112747,0.3966490198463761,0.6202322219987987,-1.2450260864539127,-0.004561642456315407,-3.4068303733647554e-12,False,False,22.663954095565714
102.60285,100.70428333333332,15,-0.4687267376539239,-0.14713575928544742,-0.18480290454374096,-0.2839238331107481,0.847149294521767,0.5071112073710334,0.7427913682297469,-1.026715201340495,0.4588675351189988,-5.651035195342047e-13,False,False,23.94315871858271
102.73790000000001,100.83948333333333,15,-0.6604509781464003,-0.00912065389638883,-0.011455565523815882,-0.648995412626391,0.9040541043633293,0.5818852649540163,0.9586985460817409,-1.6076939587081318,0.30970313345534983,-3.806621684532274e-12,False,False,22.154309527468286
102.87348333333333,100.97483333333334,15,-0.4101015619235113,0.08347544307616772,0.10484537826473347,-0.5149469401994793,0.671382125399303,0.6088749435270757,0.8765579176182761,-1.3915048578177553,0.3616109774187968,-1.1234457808484422e-11,False,False,22.230603472780786
103.00933333333334,101.10986666666666,15,-0.054268759184196824,0.1834005521814106,0.23035158076220846,-0.28462033994810554,0.7457656639943921,0.6337664985206275,0.8820928123992043,-1.16671315234731,0.5974724724510988,-1.700251051062196e-12,False,False,23.771741168093286
103.14598333333333,101.24596666666666,15,0.2863228509122564,0.31180358945857733,0.39162613669815366,-0.10530328578852277,0.30780703634344264,0.7217927909165404,0.9313260781665099,-1.0366293639550328,0.8260227923779871,-2.6255109197848014e-12,False,False,22.117535187106114
103.28155,101.38235,15,0.35451837777145556,0.4940143080566486,0.6204832833187731,-0.2659649055576665,0.35738480010862245,0.7582813123463975,0.9810333986652101,-1.2469983042228767,0.7150684931075436,-1.0348943924043397e-11,False,False,22.568371257264516
103.41658333333334,101.51848333333334,15,0.43128043915203307,0.7137249065635842,0.8964403787271991,-0.4651599395874655,0.49674840551542787,0.6553999631266436,0.6529372238180621,-1.1180971634055274,0.1877772842305966,-1.2299494756007334e-11,False,False,23.407604655702016
103.55375000000001,101.6538,15,0.148417134063493,0.9635048700874904,1.210164676479289,-1.061747542417379,0.5965300838869823,0.43224846135394585,0.3916436970704142,-1.4533912394877933,-0.6701038453469648,-1.5829559885105482e-12,False,False,21.204265455016866
103.68881666666667,101.78939999999999,15,0.4119190381024964,1.1991012291546213,1.5060743293534706,-1.0941552912581756,0.44339144246770273,0.19646103616888402,0.34869593741554444,-1.44285122867372,-0.7454593538426311,-7.201350626928615e-12,False,False,22.50138380518183
103.82411666666667,101.92443333333334,15,0.45077370719445753,1.1388572628056863,1.4304077475749397,-0.9796340403931936,0.5732333791819784,0.275295927358098,0.3804937305864979,-1.3601277709796915,-0.5991403098066956,-1.2711387498143267e-11,False,False,21.501811841735616
103.95994999999999,102.06106666666666,15,0.09923946544950013,0.926259438318084,1.1633843152306091,-1.064144849778586,0.633445494283241,0.5031919916719775,0.26541679173170674,-1.3295616415102927,-0.7987280580468792,2.5230928457631308e-12,False,False,21.974408556430717
104.09525000000001,102.19613333333334,15,-0.02136195519778994,0.7230260509604705,0.9081226407991312,-0.9294845960025668,0.4197197191228196,0.5626305228944609,0.4862360489783638,-1.4157206449809308,-0.443248547024203,-5.645706124823846e-12,False,False,22.65107419801643
104.2316,102.33251666666666,15,-0.15526138448694837,0.48730680192966247,0.6120586378041013,-0.7673200222866399,0.3060802878957123,0.483404106868942,0.563374100571222,-1.330694122857862,-0.20394592171541792,4.409805853811122e-12,False,False,22.38404538942268
104.36743333333334,102.46755,15,-0.2949543580725731,0.24114805930730654,0.3028826031245028,-0.5978369611921153,0.3646131310901599,0.2981554889749181,0.32096880657273996,-0.9188057677648552,-0.2768681546193753,4.9606985186301245e-12,False,False,21.60584714723518
104.50275,102.60285,15,-0.2537170133618929,0.1475467488380673,0.18531910851366737,-0.43903612188432817,0.4278673729460031,0.22340273383866682,0.501770102038559,-0.9408062239228872,0.06273398015423082,-8.767875314674711e-12,False,False,23.05753748663119
104.63831666666667,102.73790000000001,15,0.08477133261840208,0.09136644092359347,0.11475649252434446,-0.02998515989520456,0.5090215625266924,0.19536005409369087,0.5030836453877854,-0.5330688052829899,0.4730984854925808,1.0737813416206166e-11,False,False,23.01176111944369
104.77423333333333,102.87348333333333,15,0.0058443696980248205,0.07499971499055391,0.0941998412725625,-0.08835547158378176,0.4720601086860684,0.18876963080107032,0.515394495681224,-0.6037499672650057,0.4270390240974422,-9.244077725512057e-12,False,False,22.384349855812616
104.909,103.00933333333334,15,-0.24494891373251448,0.04696304478056845,0.05898570900653392,-0.3039346227292299,0.45947301229825954,0.17814563718898205,0.5747755798838985,-0.8787102026131284,0.2708409571546686,9.818534874028728e-12,False,False,21.476451906593866
105.0459,103.14598333333333,15,-0.0801555982689024,0.007265523978276178,0.0091255174183237,-0.08928111568411623,0.37916875471414196,0.15531428905064804,0.434007656011252,-0.5232887716953682,0.3447265403271358,3.109859592065334e-12,False,False,21.941844973000116
105.1815,103.28155,15,0.1544871101541503,-0.054392965332226595,-0.06831770895776171,0.2228048191113885,0.5867397084224267,0.160289216659632,0.6601871618783834,-0.43738234276699495,0.8829919809897719,-5.234979116863769e-13,False,False,24.10014055267675
105.3168,103.41658333333334,15,0.3169351708020258,-0.10338863835204393,-0.1298564044326774,0.446791575239331,0.6515768516732309,0.17553891703714392,0.7050674896702622,-0.25827591443093123,1.1518590649095932,4.62774263354504e-12,False,False,23.3906068612705
105.45211666666667,103.55375000000001,15,0.4512312774131715,-0.16016636039785226,-0.2011693741580483,0.6524006515646761,0.35966385584841815,0.20790599974249177,0.3741542777501898,0.2782463738144863,1.026554929314866,-6.543654507140673e-12,False,False,22.446881457741256
105.58716666666666,103.68881666666667,15,0.35870441238512285,-0.164384720435919,-0.20646764557236577,0.56517205794853,0.422165262517198,0.2231102926255383,0.3185565127244039,0.2466155452241261,0.8837285706729339,-8.958611630305313e-12,False,False,23.240338488991256
105.72328333333333,103.82411666666667,15,0.7234520325218909,-0.08997088700925815,-0.11300367310050734,0.8364557056302147,0.24446785125343443,0.16828882342676085,0.29092829425221667,0.545527411377998,1.1273839998824313,7.816414182570952e-12,False,False,23.994580381680862
105.85991666666668,103.95994999999999,15,0.46794888789008837,-0.06194331918959506,-0.07780097346090509,0.5457498613577627,0.39726003906482016,0.19507755737336058,0.3389592061550012,0.20679065520276152,0.8847090675127639,6.7692518257445045e-12,False,False,22.301922961647506
105.99525,104.09525000000001,15,0.29939862294122577,-0.14038275905841147,-0.17632111831854683,0.4757197412536698,0.33098868534581183,0.14489728581759567,0.32124692625380546,0.15447281499986432,0.7969666675074752,-6.102784944062023e-12,False,False,23.072491809303756
106.13081666666668,104.2316,15,0.1736721141860471,-0.1687313137554156,-0.21192697832882398,0.38559909250625424,0.4846145197780888,0.13759309510768292,0.4604808777162876,-0.07488178521003336,0.8460799702225419,-8.61688498332569e-12,False,False,22.346631162930862
106.26558333333334,104.36743333333334,15,-0.007421031510602916,-0.1882437870335707,-0.23643469660307112,0.2290136650981367,0.5400431947682711,0.12313501995608571,0.5682694599401863,-0.3392557948420496,0.797283125038323,5.668493452404277e-12,False,False,22.247265847487142
106.40141666666666,104.50275,15,-0.2699188819860865,-0.2580368340422865,-0.32409494905839803,0.054176067068056,0.40202317430983964,0.09578426345344043,0.5094982339700469,-0.4553221669019909,0.5636743010381029,-4.255540364539456e-12,False,False,23.0185983946576
106.53753333333334,104.63831666666667,15,0.04491593496277346,-0.2829438386725087,-0.35537821304196676,0.40029414800255836,0.5360042952317429,0.08822290726957097,0.62405304880739,-0.22375890080483163,1.0243471968099485,-2.181865799144589e-12,False,False,24.387799933203496
106.67338333333333,104.77423333333333,15,0.2725620854580484,-0.20647324890524033,-0.2593309491423213,0.5318930346111301,0.6068925797868877,0.1869314380495899,0.6172707477083597,-0.08537771309722952,1.1491637823194898,1.0760503599271942e-11,False,False,23.46650348014373
106.8095,104.909,15,0.08017365057821735,-0.10095584787268308,-0.12680081312764302,0.2069744637092299,0.5857034797210683,0.24953723609836653,0.7638281289987953,-0.5568536652895654,0.9708025927080252,3.36952687973735e-12,False,False,21.77277789420623
106.9454,105.0459,15,0.0765706768615928,0.007573077920824289,0.009511805987212687,0.06705887086673101,0.4775356620353816,0.241775081093368,0.450424835652138,-0.38336596478540697,0.517483706518869,-7.649103572759941e-12,False,False,23.72590289420623
107.08095,105.1815,15,0.10862881532739266,0.12108524853829294,0.1520833938394642,-0.043454578515138564,0.6343912778219326,0.17203139031526976,0.48872459304518373,-0.5321791715603224,0.44527001453004517,-3.0670188611026106e-12,False,False,23.673382111854153
107.21626666666666,105.3168,15,0.19999908549289103,0.16581745128132752,0.20826715932039513,-0.00826807381645267,0.41368270176091687,0.1398779252096809,0.35543259833381874,-0.3637006721502714,0.34716452451736607,1.1051437542874964e-11,False,False,22.246685334510403
107.35158333333334,105.45211666666667,15,0.18735466961879865,0.2043457950167067,0.25665886140652383,-0.06930419179298042,0.47595856445884316,0.10564759101613527,0.4561423196103287,-0.5254465114033091,0.3868381278173483,-5.2552406870631785e-12,False,False,22.269573518104153
107.48661666666666,105.58716666666666,15,0.10043550733098527,0.22225663521385286,0.27915492427612143,-0.1787194169455688,0.4831906311442001,0.09421364272152093,0.42849710481095193,-0.6072165217565207,0.24977768786538312,-4.326539126964235e-13,False,False,22.925701447791653
107.62278333333333,105.72328333333333,15,0.2984895269291883,0.22864812554325908,0.2871826531095045,0.011306873815101426,0.530245260350379,0.095068336671585,0.5111743360142496,-0.4998674621991481,0.522481209829351,-4.582334511837871e-12,False,False,23.712597250414547
107.75859999999999,105.85991666666668,15,0.3870193348011526,0.22235435708716977,0.27927766320861563,0.10774167158842829,0.38050181866511007,0.10691618046386094,0.39674837452871375,-0.28900670294028546,0.504490046117142,-4.108657858381548e-12,False,False,22.40922213801241
107.8939,105.99525,15,0.4576999571872875,0.20628319304523757,0.259092238477255,0.1986077186984403,0.4048644457322933,0.12595901482302926,0.4574579497334825,-0.25885023103504223,0.6560656684319228,-1.1592227178169878e-11,False,False,24.08768893488741
108.02868333333332,106.13081666666668,15,0.34223044015379855,0.2500780648260843,0.3140987137795623,0.028131726366154908,0.519250916524569,0.12694279866612318,0.5600446192447376,-0.5319128928785827,0.5881763456108925,-8.081368907397746e-12,False,False,22.042766107289935
108.16506666666668,106.26558333333334,15,-0.11074258054577513,0.216138712468819,0.27147079705547034,-0.3822133776093324,0.7569334454674362,0.15502128097407722,0.6942113580448154,-1.0764247356541476,0.311997980435483,-8.086920022520871e-12,False,False,21.42503024348116
108.30118333333333,106.40141666666666,15,-0.44735339962426224,0.17445882362153498,0.21912074593638667,-0.6664741455683725,0.6249311681917137,0.2167373746968497,0.5242405199141142,-1.1907146654824867,-0.14223362565425823,-7.723599537712289e-12,False,False,22.092877044779016
108.43675,106.53753333333334,15,-0.707633811456617,0.13132295898685697,0.1649419853603873,-0.8725757968109065,0.48975209498209205,0.13737161752065963,0.5279589499091346,-1.400534746720041,-0.34461684690177186,6.09778894045121e-12,False,False,21.613048261991935
108.57206666666666,106.67338333333333,15,-0.6511872113769641,-0.016629862453555688,-0.020887151420599326,-0.6303000599518782,0.46074018113427034,0.09310978501407234,0.46286204975336376,-1.093162109705242,-0.16743801019851445,4.486633287115183e-12,False,False,22.277966612149612
108.70790000000001,106.8095,15,-0.2714274782483699,-0.0679958495311439,-0.08540296764905739,-0.18602451058768565,0.6936114531210211,0.12742864461084608,0.7958072410761459,-0.9818317516638315,0.6097827304884602,1.1626838380962567e-11,False,False,24.124280088712112
108.8438,106.9454,15,-0.2933320672818809,-0.07903646674458287,-0.09927001219966748,-0.19406205509449137,0.8951705256355121,0.10190120648790542,0.9915135484776701,-1.1855756035721616,0.7974514933831788,-1.2277956429329606e-11,False,False,23.7007261456165
108.97936666666666,107.08095,15,0.04842453360106447,-0.026359665629570372,-0.033107810057892754,0.0815323436622748,0.8176804240277117,0.1121112617978451,0.8039549737123517,-0.7224226300500769,0.8854873173746265,3.3175684421848928e-12,False,False,23.283885664335685
109.1147,107.21626666666666,15,0.10171396636724239,0.027373061591788428,0.03438063807862883,0.06733332829162464,0.6330058761240932,0.16083721389094588,0.6933259443772203,-0.6259926160855956,0.7606592726688449,3.0110774984493105e-12,False,False,21.709209079723223
109.25053333333334,107.35158333333334,15,-0.16518865425314289,0.07446569893727428,0.09352911569097494,-0.25871776993244566,0.703081609619109,0.1718452677262673,0.8230267701991034,-1.081744540131549,0.5643090002666578,1.167216323594289e-11,False,False,21.365886325816973
109.38651666666667,107.48661666666666,15,-0.10162660366040654,0.1149240361082775,0.14434489465947276,-0.2459714983269805,0.6007141567491155,0.154588928785776,0.6411202964474543,-0.8870917947744348,0.39514879812047377,-7.101208510107426e-12,False,False,23.051982517223223
109.52154999999999,107.62278333333333,15,-0.19177410802149097,0.12910358376757358,0.1621544441889697,-0.3539285522101636,0.6408068877701404,0.12675633170607828,0.6589958483118685,-1.0129244005220321,0.3050672961017049,2.970956813896919e-13,False,False,21.759441297064768
109.65715,107.75859999999999,15,0.20260067420531414,0.11153989910962991,0.1400944095988647,0.062506264609965,0.6494266720189822,0.13084025124614657,0.7002021836868024,-0.6376959190768374,0.7627084482967674,3.5155767186267894e-12,False,False,23.539776114281267
109.79418333333334,107.8939,15,0.2988368956903287,0.0635818185073731,0.07985893295687561,0.21897796272969572,0.8216492373166009,0.1591459432209593,0.8924167982482248,-0.6734388355185291,1.1113947609779204,-3.757327782238917e-12,False,False,23.592846456274856
109.93028333333334,108.02868333333332,15,0.6642223624439794,0.01615948401740752,0.02029635485518872,0.6439260075844686,0.45424914324663185,0.17918536000123506,0.5599791589226086,0.08394684866185997,1.2039051665070772,-4.321987212563272e-12,False,False,23.302929464087356
110.06533333333333,108.16506666666668,15,0.742219334377296,0.04479737939982442,0.05626562753500746,0.6859537068548889,0.5372716199241483,0.16886376977893464,0.6132734253553818,0.07268028149950712,1.2992271322102706,1.2600254173378289e-11,False,False,23.447887960181106
110.20116666666667,108.30118333333333,15,0.2558702419701149,0.007849488811189076,0.009858978799824707,0.24601126317475064,0.766680731698784,0.17615865405581915,0.7694920253302748,-0.5234807621555242,1.0155032885050255,4.4604597793096445e-12,False,False,21.738903585181106
110.3369,108.43675,15,0.1926758554254775,-0.03328790882733301,-0.0418097019198705,0.23448555735058108,0.6337881162853802,0.19758236754514727,0.7002950195263445,-0.46580946217576347,0.9347805768769256,5.233091737721907e-12,False,False,23.345684520099894
110.47273333333332,108.57206666666666,15,-0.13843855459344923,-0.004403675491630565,-0.005531028116303102,-0.13290752647253612,0.5308965646795517,0.2523384395386544,0.6199766111590373,-0.7528841376315735,0.48706908468650123,4.610006820726653e-12,False,False,22.140240184162394
110.60751666666667,108.70790000000001,15,-0.2360839341963583,-0.0755506582390808,-0.09489182745634947,-0.14119210674380156,0.594028907755713,0.2144427196687387,0.8302836421352296,-0.9714757488790312,0.6890915353914281,-3.792716141148844e-12,False,False,23.406719676349894
110.74415,108.8438,15,-0.055245820334675955,-0.1511975562243606,-0.1899045322895956,0.1346587119578544,0.5259469056222695,0.1307179292411335,0.6480047784731826,-0.5133460665153282,0.782663490431037,2.934735787718523e-12,False,False,23.000408620922826
110.87946666666667,108.97936666666666,15,0.19133835987304337,-0.20155116985552013,-0.25314880477986546,0.4444871646546744,0.4621494088482596,0.09520398080083912,0.4975611975139972,-0.05307403285932277,0.9420483621686716,1.7655876760613864e-12,False,False,23.508923116431106
111.0148,109.1147,15,0.4353628051612759,-0.2493106825677387,-0.3131348796244506,0.7484976847813414,0.45320618173661553,0.10635796409037933,0.541595488272946,0.20690219650839536,1.2900931730542875,-4.385158902664443e-12,False,False,23.92594678424939
111.15011666666666,109.25053333333334,15,-0.014411604690394597,-0.2737346738722408,-0.34381147758774044,0.3293998728981933,0.7044367885049367,0.12349418397442231,0.7005916721741444,-0.37119179927595114,1.0299915450723378,8.47433234696382e-13,False,False,21.88889844440564
111.28623333333333,109.38651666666667,15,-0.1319905075833958,-0.219257652242959,-0.2753881936975732,0.14339768611534964,0.40032329673811673,0.10736534723122372,0.4175130152128384,-0.27411532909748876,0.560910701328188,1.1722289805504715e-12,False,False,23.574932729112334
111.4226,109.52154999999999,15,-0.03579328281557537,-0.21533605283184443,-0.2704626544190827,0.23466937161356327,0.4628164477193755,0.08299365415428718,0.49135356519580997,-0.2566841935822467,0.7260229368093732,1.0055956067844818e-11,False,False,23.46818311237439
111.55845,109.65715,15,-0.20542288298747735,-0.22529004187163082,-0.28296489109684614,0.07754200810813927,0.44861101277392645,0.09092780698263485,0.5137626797833541,-0.43622067167521483,0.5913046878914934,-1.2295164886211296e-12,False,False,23.657331203474314
111.69401666666666,109.79418333333334,15,-0.27791619507115684,-0.1752009682058997,-0.22005288150593189,-0.0578633135723976,0.3836241175474285,0.10207476027943235,0.4688180480525137,-0.5266813616249113,0.4109547344801161,-7.172651361742055e-12,False,False,22.010906850206084
111.83038333333334,109.93028333333334,15,-0.531346454499726,-0.2134291606671468,-0.2680675927943681,-0.26327886170702186,0.7464307354059558,0.08503427042607889,0.760312442784165,-1.0235913044911868,0.4970335810771431,-1.6640022693081846e-12,False,False,21.353254055036814
111.9663,110.06533333333333,15,-0.4156916692663799,-0.24065164933927008,-0.3022591108858851,-0.11343255839028643,0.6315612374670418,0.07520019437706495,0.6297980657805027,-0.7432306241707891,0.5163655073902162,-9.791611965681568e-12,False,False,23.291120265974314
112.10165,110.20116666666667,15,-0.4116693638243305,-0.256977405584621,-0.32276430410108997,-0.08890505971885432,0.7055455767257612,0.06183978027722854,0.6926326644032458,-0.7815377241221001,0.6037276046843915,4.386213614537837e-12,False,False,22.444257473005564
112.23645,110.3369,15,-0.9194026507757371,-0.33611905300131184,-0.4221664235043483,-0.4972362272683313,0.5168184053182845,0.11538574875322243,0.4800314013286958,-0.9772676285970271,-0.01720482593963546,3.057554209817681e-12,False,False,21.902113761694636
112.37228333333334,110.47273333333332,15,-0.7533165469030791,-0.34114027478790376,-0.42847309140769785,-0.3248434554943742,0.5272721482353662,0.08872437262140437,0.5386208756500656,-0.8634643311444398,0.21377742015569134,1.0070833056374795e-12,False,False,23.244306686217897
