scan_index,channel_id,time_min,direction,DipDepth,RawMinimumMotor,SPRMotor,SPRQuality,TIREdgeSlope,TIRTemplateRelativeRMSE,TIRMotor,TIRQuality,DeltaSPRMotor,SPRAngleEmpirical,DeltaSPRAngle,DeltaTIRMotor,TIRAngleEmpirical,DeltaTIRAngle,BulkSensitivity,PureKineticsCandidate,AngleCalibrationRMSEDeg
0,0,0.14448333333333332,Forward,0.10315902610548275,19855.0,19853.351627253745,ok,0.0005255286635390886,2.8468200768348908e-11,14482.00478084577,ok,-100.57483488356593,68.94826061642986,-0.14315186954826598,-61.785376991807425,61.303024669031586,-0.08794140440161823,1.5934355051406113,-0.0030229134027986715,0.011382457714584297
1,0,0.28031666666666666,Forward,0.10343077994856123,19865.0,19854.10997390772,ok,0.0005270624797526219,0.0021066963498359366,14480.839857788944,ok,-99.8164882295896,68.94933999917414,-0.1420724868039835,-62.950300048632926,61.30136659110724,-0.08959948232595694,1.5934355051406113,0.0006985095764149851,0.011382457714584297
2,0,0.4159,Forward,0.10365821453052954,19850.0,19854.29098374358,ok,0.0005234121014766579,0.0018704311561509276,14480.786495301023,ok,-99.63547839373132,68.9495976371453,-0.14181484883281767,-63.00366253655375,61.301290638311315,-0.08967543512188701,1.5934355051406113,0.0010771734293304747,0.011382457714584297
3,0,0.5517166666666666,Forward,0.10365544067864256,19865.0,19853.894428632528,ok,0.0005198700524610066,0.0014139852734090495,14480.32366055794,ok,-100.03203350478361,68.94903320563924,-0.14237928033888753,-63.466497279636314,61.30063186856199,-0.09033420487120715,1.5934355051406113,0.0015624490315399031,0.011382457714584297
4,0,0.6867666666666666,Forward,0.1036413191979351,19835.0,19854.13564344081,ok,0.0005210576372469291,0.0008141540007209061,14480.61597642456,ok,-99.79081869649963,68.94937653556673,-0.1420359504113907,-63.17418141301641,61.301047932509334,-0.08991814092386183,1.5934355051406113,0.0012428078929277442,0.011382457714584297
5,0,0.82235,Forward,0.10379735066945908,19850.0,19853.539549104946,ok,0.0005215784986393061,0.0019649448252632607,14479.996255752107,ok,-100.38691303236556,68.94852809252723,-0.14288439345089582,-63.79390208547011,61.300165861234134,-0.09080021219906857,1.5934355051406113,0.0017998885414017007,0.011382457714584297
6,0,0.9581833333333334,Forward,0.10378973342748485,19850.0,19852.37876193016,ok,0.0005272130601702684,0.0015164691545416636,14480.50015083395,ok,-101.54770020715296,68.94687590135624,-0.14453658462188645,-63.29000700362667,61.30088307367704,-0.09008299975615905,1.5934355051406113,-0.0009951344008495844,0.011382457714584297
7,0,1.0948333333333333,Forward,0.10381622952367844,19855.0,19852.67645514477,ok,0.0005323741805571633,0.0018113692103245698,14480.267300468478,ok,-101.25000699254088,68.94729961908118,-0.14411286689694175,-63.52285736909835,61.3005516491693,-0.09041442426389855,1.5934355051406113,-4.331309799901484e-05,0.011382457714584297
8,0,1.2304333333333333,Forward,0.10390547904830943,19855.0,19852.42593791671,ok,0.0005251996557513396,0.002470847507845072,14480.166320312923,ok,-101.50052422060253,68.94694304867674,-0.14446943730138329,-63.623837524653936,61.300407920391905,-0.0905581530412989,1.5934355051406113,-0.00017086096542040519,0.011382457714584297
9,0,1.3668,Forward,0.10398106964200773,19855.0,19853.0853467228,ok,0.0005251863237074826,0.0020280859675538727,14480.49841409355,ok,-100.84111541451057,68.94788160953541,-0.14353087644271587,-63.29174374402646,61.30088060171042,-0.09008547172278408,1.5934355051406113,1.4512697708829458e-05,0.011382457714584297
10,0,1.5034,Forward,0.1039695597395905,19855.0,19853.251804082644,ok,0.0005321875926550447,0.0012787897839191835,14480.039292537056,ok,-100.67465805466782,68.94811853443107,-0.14329395154704844,-63.75086530052067,61.30022711707643,-0.09073895635676975,1.5934355051406113,0.0012927232112328602,0.011382457714584297
11,0,1.63895,Forward,0.10402328018178081,19855.0,19853.73792949361,ok,0.0005240153744880824,0.001799942342763403,14480.136126186067,ok,-100.18853264370046,68.94881045464646,-0.14260203133166394,-63.654031651509285,61.30036494397823,-0.09060112945496863,1.5934355051406113,0.0017650251477239198,0.011382457714584297
12,0,1.7745166666666667,Forward,0.10397968956260958,19855.0,19851.93613547129,ok,0.0005276494730449745,0.0015518590235890143,14480.158931677299,ok,-101.99032666602216,68.94624589480269,-0.14516659117543443,-63.63122616027795,61.300397403874484,-0.09056866955871812,1.5934355051406113,-0.0008512574472253343,0.011382457714584297
13,0,1.9103666666666668,Forward,0.10398237955101464,19855.0,19851.996244093967,ok,0.0005228310001560213,0.0016137057463341267,14480.4049686084,ok,-101.93021804334421,68.94633144962087,-0.14508103635725075,-63.38518922917683,61.30074759730712,-0.09021847612607846,1.5934355051406113,-0.0013237132782767391,0.011382457714584297
14,0,2.0468166666666665,Forward,0.10403690779177815,19850.0,19852.07428533584,ok,0.0005258281128622993,0.0016350875295366113,14480.246947866295,ok,-101.85217680147252,68.94644252859693,-0.14496995738119542,-63.54320997128161,61.30052268056045,-0.09044339287275661,1.5934355051406113,-0.0008542439723637218,0.011382457714584297
15,0,2.1837,Forward,0.10394163091915588,19855.0,19851.896116995715,ok,0.0005267943171159041,0.0018631467278955873,14479.947576898361,ok,-102.03034514159663,68.94618893503137,-0.1452235509467489,-63.84258093921562,61.30009657482736,-0.09086949860584423,1.5934355051406113,-0.00042886553387144755,0.011382457714584297
16,0,2.3187166666666665,Forward,0.10410307326706192,19850.0,19852.765624727388,ok,0.0005300278762952378,0.0013003203532399336,14480.086777715154,ok,-101.16083740992326,68.9474265374348,-0.14398594854332647,-63.70338012242246,61.30029470448066,-0.09067136895254024,1.5934355051406113,0.000493030045355225,0.011382457714584297
17,0,2.4539833333333334,Forward,0.10405940680857938,19840.0,19852.534262390778,ok,0.0005298365546772999,0.0023770280034725207,14480.136908687198,ok,-101.39219974653315,68.94709723089338,-0.1443152550847402,-63.65324915037854,61.30036605774093,-0.09060001569226726,1.5934355051406113,5.0026685615017774e-05,0.011382457714584297
18,0,2.5890166666666667,Forward,0.1041699886765291,19855.0,19852.516136780436,ok,0.0005126143394782467,0.00201169598371012,14479.987880458155,ok,-101.41032535687555,68.9470714320441,-0.1443410539340271,-63.80227737942187,61.30015394036955,-0.09081213306365263,1.5934355051406113,0.0003622231871506232,0.011382457714584297
19,0,2.7235833333333335,Forward,0.10417916935793214,19865.0,19851.94191044152,ok,0.000523201856279691,0.0012873489513130789,14479.759032850236,ok,-101.98455169579029,68.94625411453067,-0.14515837144744548,-64.03112498734117,61.29982821313417,-0.09113786029903137,1.5934355051406113,6.393101557602976e-05,0.011382457714584297
20,0,2.8588833333333334,Forward,0.10411821541520269,19855.0,19852.237055851787,ok,0.0005405366225764536,0.0019828560335233953,14479.769585795928,ok,-101.68940628552446,68.94667420587179,-0.14473828010633558,-64.02057204164885,61.29984323353074,-0.09112283990245953,1.5934355051406113,0.0004600883234870956,0.011382457714584297
21,0,2.9933833333333335,Forward,0.1041714420768011,19845.0,19852.14126529488,ok,0.0005237391182638065,0.0015012784518777145,14480.028363738596,ok,-101.78519684243292,68.94653786364142,-0.1448746223366996,-63.76179409898032,61.30021156171476,-0.09075451171843875,1.5934355051406113,-0.0002631611128396105,0.011382457714584297
22,0,3.127883333333333,Forward,0.10419050396833054,19840.0,19851.942675650902,ok,0.0005345303232677755,0.0018573529317309973,14480.027445359106,ok,-101.98378648640937,68.9462552036814,-0.145157282296729,-63.76271247847035,61.30021025455139,-0.09075581888181719,1.5934355051406113,-0.000543738192330806,0.011382457714584297
23,0,3.2629333333333332,Forward,0.10426494600108077,19865.0,19851.544403875923,ok,0.0005329773208540214,0.002304946050911737,14480.049378040354,ok,-102.38205826138801,68.94568832878429,-0.14572415719383922,-63.740779797222785,61.30024147214501,-0.09072460128818724,1.5934355051406113,-0.0011603563115160365,0.011382457714584297
24,0,3.3979833333333334,Forward,0.10424201152475734,19855.0,19853.08944029739,ok,0.0005249659616966436,0.0020120850331965846,14479.76139803184,ok,-100.83702183992136,68.947887436071,-0.14352504990711917,-64.02875980573663,61.29983157958432,-0.09113449384887608,1.5934355051406113,0.0016918883346986047,0.011382457714584297
25,0,3.5335833333333335,Forward,0.10421974994741351,19855.0,19852.142140688753,ok,0.0005226215958061107,0.002040458061140729,14479.983481345977,ok,-101.78432144855833,68.9465391096218,-0.144873376356332,-63.80667649160023,61.300147678951035,-0.09081839448216168,1.5934355051406113,-0.0001601220685893967,0.011382457714584297
26,0,3.668083333333333,Forward,0.1042872725183086,19855.0,19851.698240588692,ok,0.0005281267826129743,0.0018208977519741675,14479.630407352204,ok,-102.22822154861933,68.94590729024779,-0.14550519573033305,-64.15975048537257,61.299645135721846,-0.09132093771134915,1.5934355051406113,8.828781664887986e-06,0.011382457714584297
27,0,3.803383333333333,Forward,0.104090985536681,19845.0,19851.668115060034,ok,0.0005257266281544967,0.001111956572898772,14479.775576096114,ok,-102.258347077277,68.94586441147247,-0.14554807450565957,-64.01458174146319,61.29985175974579,-0.09111431368741056,1.5934355051406113,-0.0003632920496204062,0.011382457714584297
28,0,3.9384166666666665,Forward,0.10428654733008764,19855.0,19850.997415862013,ok,0.0005307662878934585,0.0020853261830679095,14479.895693722327,ok,-102.92904627529788,68.94490978058282,-0.14650270539530869,-63.89446411525023,61.30002272759056,-0.09094334584264113,1.5934355051406113,-0.0015903491733625097,0.011382457714584297
29,0,4.072666666666667,Forward,0.10422891324209879,19870.0,19852.332538829567,ok,0.0005363116072204005,0.0020753376688892535,14479.798810584873,ok,-101.59392330774426,68.94681011031344,-0.14460237566468181,-63.991347252704145,61.299884830250036,-0.09108124318316657,1.5934355051406113,0.0005297110757220558,0.011382457714584297
30,0,4.2077,Forward,0.10418751251759749,19850.0,19851.504191170017,ok,0.0005343113043448801,0.0009636924208155365,14479.714598696499,ok,-102.42227096729403,68.94563109255779,-0.14578139342034363,-64.07555914107797,61.299764968365366,-0.09120110506783047,1.5934355051406113,-0.00045831449720323825,0.011382457714584297
31,0,4.3422,Forward,0.1043596563531341,19855.0,19850.93281867194,ok,0.0005241592315407945,0.0011100663468543582,14479.52259040787,ok,-102.99364346537186,68.94481783702122,-0.14659464895690996,-64.2675674297061,61.29949167589099,-0.09147439754221236,1.5934355051406113,-0.0008360961018017143,0.011382457714584297
32,0,4.478316666666666,Forward,0.10431331209899136,19860.0,19853.02909493979,ok,0.0005386042559587344,0.001992979172007128,14480.136655584465,ok,-100.89736719752182,68.94780154429928,-0.14361094167884383,-63.65350225311158,61.300365697490484,-0.09060037594271624,1.5934355051406113,0.0007549141273675009,0.011382457714584297
33,0,4.6134,Forward,0.1042717894397347,19865.0,19852.09618531238,ok,0.0005284752528222792,0.000897611433957424,14479.370842323846,ok,-101.83027682493048,68.94647369964075,-0.14493878633737828,-64.41931551373091,61.29927568724976,-0.0916903861834432,1.5934355051406113,0.0011639304873742595,0.011382457714584297
34,0,4.748683333333333,Forward,0.10423180838695348,19840.0,19851.909336375775,ok,0.0005367815151155058,0.0023963867708447165,14479.721478710717,ok,-102.01712576153659,68.94620775066227,-0.14520473531586017,-64.06867912685993,61.299774760943194,-0.09119131249000549,1.5934355051406113,0.00010273976608707325,0.011382457714584297
35,0,4.884,Forward,0.104344272086698,19865.0,19852.186632372443,ok,0.0005243590297284216,0.0009210306479708634,14479.601604468307,ok,-101.73982976486877,68.9466024362751,-0.14481004970303066,-64.18855336926936,61.299604139515566,-0.09136193391763654,1.5934355051406113,0.0007692996196416724,0.011382457714584297
36,0,5.019033333333334,Forward,0.10435016455579843,19860.0,19852.885876405762,ok,0.0005203886313780314,0.001301153583564105,14479.568317959105,ok,-101.04058573154907,68.94759769608095,-0.14381478989717497,-64.22183987847166,61.299556761600115,-0.0914093118330819,1.5934355051406113,0.0018400530781275404,0.011382457714584297
37,0,5.1538,Forward,0.10433980394379938,19875.0,19851.72567917235,ok,0.0005312747636820425,0.0018178455232652033,14479.79629326989,ok,-102.20078296496285,68.94594634459526,-0.14546614138286404,-63.993864567686614,61.29988124726283,-0.0910848261703661,1.5934355051406113,-0.0003283453834419525,0.011382457714584297
38,0,5.288833333333334,Forward,0.10442528371577534,19850.0,19851.300514155966,ok,0.000529883489722625,0.002047217765154361,14479.492750261574,ok,-102.62594798134523,68.94534119155641,-0.14607129442171435,-64.29740757600302,61.29944920331089,-0.091516870122306,1.5934355051406113,-0.0002450642494899735,0.011382457714584297
39,0,5.42335,Forward,0.10427167885986886,19850.0,19851.5941837796,ok,0.0005190658727748408,0.0008752049221524856,14479.728432389245,ok,-102.33227835770958,68.94575918235601,-0.14565330362211076,-64.06172544833134,61.29978465837014,-0.09118141506305213,1.5934355051406113,-0.0003615994516805443,0.011382457714584297
40,0,5.5584,Forward,0.10418820677092991,19840.0,19850.815886701806,ok,0.0005332200399059834,0.0013106810977069117,14479.626385558633,ok,-103.11057543550487,68.94465140343817,-0.14676108253996165,-64.16377227894372,61.29963941135482,-0.09132666207837709,1.5934355051406113,-0.0012379366182969365,0.011382457714584297
41,0,5.6931666666666665,Forward,0.10433280506713372,19850.0,19851.17442484801,ok,0.000516649833132655,0.001718217580986952,14480.066155171457,ok,-102.75203728930137,68.9451617239969,-0.1462507619812173,-63.724002666120214,61.30026535165409,-0.09070072177910557,1.5934355051406113,-0.0017250115565101698,0.011382457714584297
42,0,5.828,Forward,0.10427013766257862,19855.0,19851.474918018484,ok,0.0005219993156859793,0.0018489862812062535,14479.946311299322,ok,-102.45154411882686,68.94558942700223,-0.14582305897589087,-63.84384653825509,61.300094773453594,-0.09087129997960545,1.5934355051406113,-0.0010255031901042488,0.011382457714584297
43,0,5.964666666666667,Forward,0.10436498681488099,19845.0,19850.695636920067,ok,0.000523527340711877,0.0006606000128374671,14479.900221154921,ok,-103.23082521724427,68.94448024749155,-0.14693223848656295,-63.88993668265539,61.30002917165224,-0.09093690178095358,1.5934355051406113,-0.0020301504613070287,0.011382457714584297
44,0,6.099966666666667,Forward,0.10428984046113739,19850.0,19851.793311729805,ok,0.0005295466297514988,0.002030667466392046,14480.024423852095,ok,-102.13315040750604,68.94604260850714,-0.14536987747098706,-63.76573398548135,61.30020595392908,-0.09076011950411479,1.5934355051406113,-0.0007494806023256584,0.011382457714584297
45,0,6.235283333333333,Forward,0.1042802509830123,19860.0,19851.487577845033,ok,0.0005198346225004137,0.0010147340725607124,14479.931994819792,ok,-102.43888429227809,68.94560744619999,-0.14580503977813916,-63.858163017785046,61.30007439628059,-0.09089167715260738,1.5934355051406113,-0.0009750142813968743,0.011382457714584297
46,0,6.370866666666666,Forward,0.1043458771753351,19855.0,19850.738008032735,ok,0.0005227049963517278,0.0015792513688069581,14480.109412998461,ok,-103.18845410457652,68.94454055585797,-0.14687193012015845,-63.680744839115505,61.3003269221137,-0.09063915131950215,1.5934355051406113,-0.002444288251851251,0.011382457714584297
47,0,6.504833333333333,Forward,0.10431730558948848,19850.0,19851.425800072022,ok,0.0005322322069963467,0.0021196364083273774,14479.678825770256,ok,-102.50066206528936,68.94551951561861,-0.145892970359515,-64.1113320673212,61.2997140514409,-0.09125202199229629,1.5934355051406113,-0.0004887586011182166,0.011382457714584297
48,0,6.6406833333333335,Forward,0.10421143737921348,19840.0,19851.624703946516,ok,0.0005161259452130993,0.0016248553281406539,14479.410764638238,ok,-102.30175819079523,68.94580262283452,-0.14560986314360763,-64.37939319933866,61.29933251015132,-0.09163356328188378,1.5934355051406113,0.0004023100522950185,0.011382457714584297
49,0,6.77545,Forward,0.1043285963172094,19865.0,19852.908668703298,ok,0.0005202981005260038,0.0016926943943667138,14479.687901985186,ok,-101.01779343401358,68.94763013719813,-0.14378234877999807,-64.10225585239095,61.29972696995215,-0.09123910348104852,1.5934355051406113,0.001601278163902986,0.011382457714584297
50,0,6.911016666666667,Forward,0.10424981354064325,19840.0,19851.54053110347,ok,0.0005314748779401455,0.0015551807881341358,14479.719941767884,ok,-102.38593103384119,68.94568281652451,-0.1457296694536172,-64.07021606969283,61.29977257335581,-0.09119350007738929,1.5934355051406113,-0.00041870859226203483,0.011382457714584297
51,0,7.045833333333333,Forward,0.10433427247347427,19855.0,19851.434530485156,ok,0.0005310126060235366,0.0013478457676791185,14479.818850829726,ok,-102.49193165215547,68.94553194193742,-0.14588054404070977,-63.971307007850555,61.299913354269194,-0.09105271916400892,1.5934355051406113,-0.0007939084851809886,0.011382457714584297
52,0,7.181966666666667,Forward,0.10428590679205574,19855.0,19852.33337919199,ok,0.0005364968216720757,0.0026189550768934773,14479.90644789824,ok,-101.59308294532093,68.94681130643225,-0.14460117954587,-63.88370993933677,61.30003803440552,-0.09092803902767847,1.5934355051406113,0.0002867862536440613,0.011382457714584297
53,0,7.3167333333333335,Forward,0.10430232353993013,19855.0,19850.95439303839,ok,0.0005240225587817471,0.0008993000340300871,14479.668208611227,ok,-102.97206909891975,68.94484854461219,-0.1465639413659354,-64.1219492263499,61.29969893964712,-0.0912671337860766,1.5934355051406113,-0.001135649938782679,0.011382457714584297
54,0,7.451233333333334,Forward,0.10427267251498962,19840.0,19851.86277038221,ok,0.0005273129554195647,0.001401768920110922,14479.649689978385,ok,-102.0636917551019,68.94614147156726,-0.14527101441086404,-64.14046785919163,61.299672581394425,-0.09129349203877313,1.5934355051406113,0.00019927719198878369,0.011382457714584297
55,0,7.58735,Forward,0.1043494790658491,19850.0,19852.107618240734,ok,0.0005273551135605794,0.001055813874024273,14479.857450126663,ok,-101.81884389657716,68.94648997254907,-0.14492251342905002,-63.932707710913746,61.29996829407124,-0.09099777936195855,1.5934355051406113,7.657909524627637e-05,0.011382457714584297
56,0,7.7224,Forward,0.10426923333404939,19855.0,19852.042917679035,ok,0.0005211615270019482,0.0014661060084315545,14479.811612368585,ok,-101.88354445827645,68.94639788185484,-0.14501460412329575,-63.9785454689918,61.29990305150065,-0.09106302193255159,1.5934355051406113,8.844822943013253e-05,0.011382457714584297
57,0,7.857983333333333,Forward,0.10426143197334689,19855.0,19851.78763200625,ok,0.0005297437327555219,0.002023952672644813,14479.498681575918,ok,-102.1388301310617,68.94603452434725,-0.1453779616308711,-64.29147626165832,61.29945764556922,-0.0915084278639786,1.5934355051406113,0.00043481634719083617,0.011382457714584297
58,0,7.993816666666667,Forward,0.10424932159407782,19855.0,19851.914941673855,ok,0.0005172823388940464,0.0016895475138897014,14479.92713641145,ok,-102.01152046345669,68.94621572888963,-0.14519675708849902,-63.86302142612658,61.30006748112892,-0.09089859230427454,1.5934355051406113,-0.000355712743566855,0.011382457714584297
59,0,8.129116666666667,Forward,0.10421324447016433,19865.0,19851.89554321023,ok,0.0005266724168743425,0.002019456512241042,14479.755449013086,ok,-102.03091892708107,68.94618811834135,-0.1452243676367779,-64.03470882449074,61.29982311212666,-0.09114296130654195,1.5934355051406113,6.0629527229572044e-06,0.011382457714584297
60,0,8.264166666666666,Forward,0.10426603441789295,19850.0,19851.88418617715,ok,0.0005205918607905846,0.0010384738496670577,14479.671999090424,ok,-102.04227596016062,68.94617195345756,-0.1452405325205656,-64.11815874715285,61.29970433477588,-0.09126173865732327,1.5934355051406113,0.00017916211687676875,0.011382457714584297
61,0,8.399233333333333,Forward,0.10423496134040756,19840.0,19851.459027921912,ok,0.0005320649850682658,0.001131114294802792,14480.060487954348,ok,-102.46743421539941,68.9455668100421,-0.145845675936031,-63.72966988322878,61.300257285295096,-0.0907087881381025,1.5934355051406113,-0.0013070722885009656,0.011382457714584297
62,0,8.534,Forward,0.10422244854819282,19850.0,19851.19583885218,ok,0.0005229712200331588,0.0012561567000420589,14479.427976866382,ok,-102.7306232851297,68.94519220333834,-0.14622028263978723,-64.3621809711949,61.299357008950054,-0.09160906448314628,1.5934355051406113,-0.0002471466996262217,0.011382457714584297
63,0,8.669833333333333,Forward,0.10418451527007395,19830.0,19852.194930507172,ok,0.0005311228435289238,0.0019482920272973082,14479.419554343169,ok,-101.73153163013922,68.94661424731612,-0.14479823866201155,-64.37060349440799,61.29934502086232,-0.09162105257087878,1.5934355051406113,0.0011939995227811806,0.011382457714584297
64,0,8.805133333333334,Forward,0.10421616610854317,19840.0,19851.87454335356,ok,0.0005344376656170947,0.0013103836171719583,14479.937281274617,ok,-102.05191878375263,68.94615822847132,-0.14525425750680612,-63.852876562959864,61.300081920686594,-0.0908841527466028,1.5934355051406113,-0.00043622166574661114,0.011382457714584297
65,0,8.94045,Forward,0.10415421283081264,19855.0,19851.560329790605,ok,0.0005211320811568294,0.0014182732502571612,14479.721962941425,ok,-102.36613234670585,68.94571099672567,-0.14570148925246346,-64.06819489615191,61.29977545016661,-0.09119062326659064,1.5934355051406113,-0.0003951124035764253,0.011382457714584297
66,0,9.076033333333333,Forward,0.10411987639537243,19855.0,19851.777738116903,ok,0.0005325030942541224,0.002210750670515043,14480.187035083833,ok,-102.14872402040783,68.94602044200987,-0.14539204396825342,-63.603122753744174,61.30043740448886,-0.09052866894434335,1.5934355051406113,-0.0011404486392165014,0.011382457714584297
67,0,9.210816666666666,Forward,0.1042521589987596,19830.0,19852.445583429766,ok,0.0005246481359754652,0.0012580534195449564,14480.244754684612,ok,-101.48087870754534,68.94697101085958,-0.14444147511854077,-63.545403152964354,61.300519558924115,-0.0904465145090835,1.5934355051406113,-0.00032078758355166825,0.011382457714584297
68,0,9.345583333333334,Forward,0.10395368884843223,19850.0,19853.766008898678,ok,0.0005343687116710125,0.0014610748287645836,14480.029893916097,ok,-100.16045323863364,68.94885042109865,-0.14256206487946174,-63.760263921480146,61.3002137396728,-0.09075233376040238,1.5934355051406113,0.0020459259087343695,0.011382457714584297
69,0,9.480616666666666,Forward,0.10372222717772094,19840.0,19853.7735235145,ok,0.0005259134111166523,0.0016559444157080098,14480.476626378602,ok,-100.15293862281032,68.94886111692834,-0.14255136904978138,-63.31353145897447,61.300849590452664,-0.0901164829805366,1.5934355051406113,0.0010434345298052372,0.011382457714584297
70,0,9.615916666666667,Forward,0.10336734769648348,19855.0,19854.805612483615,ok,0.0005179166562299336,0.0019542899793376814,14480.56926513054,ok,-99.1208496536965,68.95033012719955,-0.14108235877857558,-63.22089270703691,61.30098144660284,-0.08998462683035915,1.5934355051406113,0.002302340529747149,0.011382457714584297
71,0,9.7507,Forward,0.10248694880754247,19855.0,19856.770713823003,ok,0.0005242015489077978,0.0012626176738891911,14481.52788601042,ok,-97.15574831430786,68.953127128367,-0.13828535761112698,-62.26227182715593,61.302345887034704,-0.08862018639849731,1.5934355051406113,0.0029251938684177192,0.011382457714584297
72,0,9.886816666666666,Forward,0.10090737073795064,19855.0,19862.38657015178,ok,0.0005325151509024028,0.0016227640104561612,14483.955510743057,ok,-91.53989198553245,68.96112038367295,-0.13029210230517146,-59.83464709451982,61.30580121479578,-0.08516485863742482,1.5934355051406113,0.005412607237982314,0.011382457714584297
73,0,10.02215,Forward,0.098599474164697,19875.0,19867.891020649524,ok,0.0005288461554147447,0.0012920806995648762,14487.297565949044,ok,-86.03544148778747,68.96895507095333,-0.1224574150247966,-56.49259188853284,61.3105580851543,-0.08040798827890608,1.5934355051406113,0.005667528395742472,0.011382457714584297
74,0,10.157716666666667,Forward,0.09559731133191929,19870.0,19876.93499833716,ok,0.0005332023577516959,0.0011785115411513591,14493.565598683854,ok,-76.99146380015009,68.98182769774547,-0.10958478823264817,-50.22455915372302,61.31947960717734,-0.07148646625586198,1.5934355051406113,0.004324285236478528,0.011382457714584297
75,0,10.292233333333334,Forward,0.09215330282708939,19895.0,19886.920136356035,ok,0.0005262248804208977,0.001998104825552083,14498.846660392444,ok,-67.00632578127625,68.99603991272703,-0.09537257325109692,-44.94349744513238,61.32699633696029,-0.06396973647291267,1.5934355051406113,0.0065590760993304575,0.011382457714584297
76,0,10.42815,Forward,0.08860754972094097,19905.0,19899.00291110613,ok,0.0005460488765569839,0.0024981776221845897,14505.675774930472,ok,-54.92355103118098,69.01323777138431,-0.07817471459381813,-38.1143829071043,61.3367164673946,-0.05424960603859759,1.5934355051406113,0.00826853380797378,0.011382457714584297
77,0,10.563433333333334,Forward,0.08541485912983265,19915.0,19908.122722637654,ok,0.0005295909217503823,0.001693381573701305,14512.651007866518,ok,-45.80373949965724,69.0262183352816,-0.06519415069652873,-31.13914997105894,61.346644573530554,-0.044321499902649136,1.5934355051406113,0.005429300889438549,0.011382457714584297
78,0,10.698483333333334,Forward,0.0830130218952912,19915.0,19916.086156360983,ok,0.0005313713230779907,0.0023014393782981413,14518.431493179283,ok,-37.84030577632802,69.03755298402189,-0.05385950195623474,-25.358664658293492,61.35487215133743,-0.03609392209576894,1.5934355051406113,0.0036538350309427148,0.011382457714584297
79,0,10.8341,Forward,0.08105321132540398,19930.0,19922.644585008846,ok,0.0005335147327021361,0.0014665901910984045,14522.358763988088,ok,-31.281877128465567,69.0468878372516,-0.044524648726524625,-21.431393849488813,61.36046198063373,-0.030504092799468658,1.5934355051406113,0.0040816557922528016,0.011382457714584297
80,0,10.9694,Forward,0.07984424354194822,19940.0,19927.21571571068,ok,0.0005341541949925176,0.0029347636770312114,14525.185304042408,ok,-26.710746426630067,69.05339409606549,-0.03801838991262969,-18.60485379516831,61.36448509927566,-0.02648097415753934,1.5934355051406113,0.004177334520704484,0.011382457714584297
81,0,11.105233333333333,Forward,0.07895712510856986,19935.0,19928.984787918624,ok,0.0005334219462207698,0.0029392072035655725,14527.131723714967,ok,-24.941674218687695,69.05591208174478,-0.03550040423334909,-16.658434122609833,61.36725551013813,-0.023710563295072203,1.5934355051406113,0.002280849167902721,0.011382457714584297
82,0,11.241083333333334,Forward,0.0784118454020439,19920.0,19931.737912535737,ok,0.00052679827213988,0.0028563086671271787,14528.267226677193,ok,-22.188549601574778,69.05983070548893,-0.03158178048919551,-15.52293116038345,61.368871713357436,-0.022094360075763098,1.5934355051406113,0.0036241573188866213,0.011382457714584297
83,0,11.37665,Forward,0.07783215582960076,19940.0,19931.48897211809,ok,0.0005270622266967986,0.002587970685352542,14529.352169045571,ok,-22.437490019219695,69.05947637941688,-0.03193610656125172,-14.437988792005854,61.37041595181992,-0.020550121613277145,1.5934355051406113,0.0008091868523015452,0.011382457714584297
84,0,11.510883333333334,Forward,0.07754784240227436,19930.0,19933.50838856648,ok,0.0005297380491750007,0.0026138571607365463,14529.882862766897,ok,-20.418073570832348,69.06235068928095,-0.029061796697180495,-13.907295070679538,61.37117130775417,-0.01979476567902841,1.5934355051406113,0.0024798857517221717,0.011382457714584297
85,0,11.645683333333332,Forward,0.07732644452475548,19935.0,19933.62776704023,ok,0.0005381586503713451,0.0023393002786880855,14530.608407392001,ok,-20.29869509708078,69.06252060506277,-0.028891880915353566,-13.181750445575744,61.37220400216172,-0.01876207127148059,1.5934355051406113,0.0010042695986022601,0.011382457714584297
86,0,11.781,Forward,0.07701002585879035,19925.0,19935.225791552457,ok,0.0005358687734248503,0.0030633432307019897,14531.428545744857,ok,-18.70067058485438,69.06479513225214,-0.026617353725982607,-12.361612092719952,61.373371335308576,-0.017594738124620746,1.5934355051406113,0.001418726705439223,0.011382457714584297
87,0,11.9163,Forward,0.07696050385286518,19935.0,19934.956919211567,ok,0.0005345370408265706,0.0033021469235209855,14531.55583256797,ok,-18.969542925744463,69.06441243633907,-0.027000049639058606,-12.234325269606416,61.373552507335546,-0.017413566097655386,1.5934355051406113,0.0007473448520583272,0.011382457714584297
88,0,12.0511,Forward,0.07665728203813377,19935.0,19935.296299952348,ok,0.0005330122946029622,0.002687927261779653,14532.199426314639,ok,-18.63016218496341,69.06489548945656,-0.026516996521569258,-11.590731522937858,61.37446855803721,-0.016497515395987948,1.5934355051406113,-0.00022926974299819144,0.011382457714584297
89,0,12.1856,Forward,0.07653617299788618,19945.0,19937.56742657597,ok,0.0005396897407041833,0.002034173184112503,14532.714968443695,ok,-16.359035561341443,69.06812806769075,-0.023284418287374712,-11.075189393881374,61.37520234815172,-0.015763725281484977,1.5934355051406113,0.0018340612694261252,0.011382457714584297
90,0,12.320916666666667,Forward,0.07627143803040018,19935.0,19937.46867849701,ok,0.0005301233034809083,0.002820100304959955,14531.872450361563,ok,-16.457783640300477,69.06798751591025,-0.023424970067883726,-11.917707476013675,61.37400316111129,-0.016962912321911987,1.5934355051406113,0.0036043366964380007,0.011382457714584297
91,0,12.4565,Forward,0.07626801168277447,19935.0,19938.540657833666,ok,0.0005304320523432038,0.0023610587353531548,14533.119013516167,ok,-15.385804303645273,69.06951330361187,-0.021899182366248857,-10.671144321409884,61.37577744039594,-0.015188633037256899,1.5934355051406113,0.0023029247898679675,0.011382457714584297
92,0,12.591266666666666,Forward,0.07605085606574324,19940.0,19938.24491095699,ok,0.0005268714974625201,0.003484189166084082,14533.004129534234,ok,-15.681551180321549,69.06909235618146,-0.022320129796670016,-10.786028303342391,61.375613921789984,-0.015352151643216598,1.5934355051406113,0.00214253371193409,0.011382457714584297
93,0,12.7274,Forward,0.07581116224999182,19935.0,19938.519842573653,ok,0.0005367895007416767,0.003004010379816029,14534.007562779518,ok,-15.40661956365875,69.06948367648508,-0.021928809493049636,-9.782595058059087,61.37704214531325,-0.013923928119951731,1.5934355051406113,0.0002580719443072109,0.011382457714584297
94,0,12.862016666666667,Forward,0.07584054256360309,19935.0,19940.043702814244,ok,0.0005325653437626281,0.0016628556264369563,14533.813330506502,ok,-13.882759323067148,69.07165264293303,-0.019759843045095732,-9.976827331074674,61.376765687359914,-0.01420038607328548,1.5934355051406113,0.0028675563107816195,0.011382457714584297
95,0,12.99785,Forward,0.07559468487326848,19945.0,19939.698033815042,ok,0.0005336921577161019,0.0027238510991371336,14533.68944756123,ok,-14.228428322268883,69.07116063950555,-0.020251846472572322,-10.100710276346945,61.37658936019774,-0.01437671323545683,1.5934355051406113,0.0026565188440295442,0.011382457714584297
96,0,13.13315,Forward,0.0755226845290086,19930.0,19939.76496301048,ok,0.0005333047898902141,0.0030961798032443457,14534.649472840072,ok,-14.161499126832496,69.07125590229634,-0.02015658368178403,-9.14068499750465,61.377955799562415,-0.013010273870789018,1.5934355051406113,0.000574448635534363,0.011382457714584297
97,0,13.269916666666667,Forward,0.07538828432642675,19930.0,19939.757140803744,ok,0.0005391654323217357,0.002957923121915888,14534.839135000948,ok,-14.169321333567495,69.07124476866117,-0.02016771731694639,-8.951022836628908,61.37822575270668,-0.01274032072651234,1.5934355051406113,0.00013316207555719856,0.011382457714584297
98,0,13.404666666666667,Forward,0.07530974263423265,19945.0,19940.407171194136,ok,0.000538589236119398,0.003511547404288549,14534.91247065772,ok,-13.519290943175292,69.0721699808751,-0.019242505103020717,-8.877687179856366,61.37833013405003,-0.012635939383170411,1.5934355051406113,0.0008920493509275707,0.011382457714584297
99,0,13.539733333333333,Forward,0.07513247993441233,19945.0,19942.417760979824,ok,0.0005247419490281779,0.003093451044899038,14534.898543414074,ok,-11.50870115748694,69.07503172742481,-0.016380758553308356,-8.891614423502688,61.37831031089081,-0.012655762542392429,1.5934355051406113,0.003785382826368349,0.011382457714584297
100,0,13.674766666666667,Forward,0.07516908487192295,19920.0,19940.96964226883,ok,0.0005343128154565896,0.0027979124855074186,14535.565701136173,ok,-12.956819868482853,69.07297056668767,-0.01844191929045378,-8.224456701404051,61.37925990106724,-0.011706172365957668,1.5934355051406113,0.0002111113867590414,0.011382457714584297
101,0,13.809016666666666,Forward,0.07506188527285347,19960.0,19941.65761069231,ok,0.0005390090066242298,0.004068803200093007,14535.10092762042,ok,-12.268851445001928,69.07394977750243,-0.01746270847568604,-8.689230217156364,61.37859837179132,-0.01236770164187931,1.5934355051406113,0.0022444264374702864,0.011382457714584297
102,0,13.944083333333333,Forward,0.07492008877612963,19945.0,19941.436179456887,ok,0.000530841876485355,0.0028984935004686533,14535.720512460768,ok,-12.49028268042457,69.0736346062634,-0.01777787971473237,-8.069645376808694,61.379480249731685,-0.011485823701515664,1.5934355051406113,0.0005240395770482464,0.011382457714584297
103,0,14.078866666666666,Forward,0.07491061905409216,19945.0,19942.24411331043,ok,0.0005295460033838828,0.0031544326524042257,14536.486525046259,ok,-11.682348826881935,69.07478456829654,-0.01662791768158702,-7.303632791317796,61.38057054367884,-0.010395529754352137,1.5934355051406113,-6.331147625666597e-05,0.011382457714584297
104,0,14.214483333333334,Forward,0.07493586034975762,19945.0,19942.284119459586,ok,0.0005245413496720598,0.0030697343266577488,14536.001648011235,ok,-11.642342677725537,69.07484151052321,-0.016570975454917744,-7.7885098263413965,61.37988040032296,-0.011085673110242352,1.5934355051406113,0.001093329677324971,0.011382457714584297
105,0,14.35005,Forward,0.07476272791911374,19940.0,19942.717681797723,ok,0.00052992978231372,0.0038048839505736526,14536.356765985198,ok,-11.208780339587975,69.07545861577962,-0.01595387019849886,-7.433391852378918,61.38038585282449,-0.010580220608711794,1.5934355051406113,0.0009050289716429211,0.011382457714584297
106,0,14.48565,Forward,0.07458812155586882,19935.0,19942.933318945106,ok,0.0005250926121014722,0.0030539376374066085,14535.929257627984,ok,-10.993143192205025,69.0757655400796,-0.015646945898522027,-7.860900209592728,61.37977736442226,-0.011188709010939983,1.5934355051406113,0.0021815402961964346,0.011382457714584297
107,0,14.620716666666667,Forward,0.07469716783699329,19935.0,19941.769754891364,ok,0.0005257941842446685,0.00221012112942931,14536.43738389352,ok,-12.156707245947473,69.07410939647444,-0.01730308950368153,-7.352773944056025,61.38050059926488,-0.010465474168323866,1.5934355051406113,-0.0006270313857423722,0.011382457714584297
108,0,14.757516666666668,Forward,0.07451573394947611,19955.0,19943.72441871694,ok,0.0005361169812531602,0.003158055173677843,14536.218785876596,ok,-10.202043420369591,69.07689154154377,-0.014520944434353044,-7.571371960981196,61.38018946065014,-0.01077661278305397,1.5934355051406113,0.0026508929993173287,0.011382457714584297
109,0,14.892833333333334,Forward,0.07432748673373414,19950.0,19942.7310481762,ok,0.0005442775034741434,0.0024545679135788917,14536.759081988681,ok,-11.195413961111626,69.07547764063878,-0.015934845339346033,-7.031075848895853,61.38095848402109,-0.01000758941210619,1.5934355051406113,1.1602950773226955e-05,0.011382457714584297
110,0,15.02895,Forward,0.07427379906776585,19935.0,19943.88642109033,ok,0.0005321481971144554,0.0037087691630241083,14536.86120675465,ok,-10.04004104698106,69.07712212549302,-0.014290360485110946,-6.928951082927597,61.38110384196469,-0.009862231468516627,1.5934355051406113,0.0014244692967384787,0.011382457714584297
111,0,15.163466666666666,Forward,0.07418233376384734,19935.0,19943.545324632953,ok,0.0005312400748210016,0.003110255073413349,14537.266211393038,ok,-10.381137504358776,69.07663663033286,-0.014775855645271424,-6.523946444538524,61.38168029999445,-0.009285773438749692,1.5934355051406113,2.042544472396178e-05,0.011382457714584297
112,0,15.2991,Forward,0.07421153690270069,19930.0,19944.313145806947,ok,0.000534667624625046,0.003099691819093402,14537.751731617498,ok,-9.613316330363887,69.07772949851069,-0.013682987467427932,-6.038426220078691,61.38237135882557,-0.008594714607627755,1.5934355051406113,1.213594491679057e-05,0.011382457714584297
113,0,15.434116666666666,Forward,0.07411675978282589,19960.0,19944.694790078975,ok,0.0005305683588037502,0.0027942012396496305,14537.580210310816,ok,-9.231672058336699,69.07827270687,-0.013139779108136794,-6.209947526760516,61.38212722622772,-0.008838847205481783,1.5934355051406113,0.0009443538535907521,0.011382457714584297
114,0,15.569466666666667,Forward,0.07396356048060516,19930.0,19944.954822146126,ok,0.0005324990642686244,0.003423375886558588,14537.805319175455,ok,-8.97163999118493,69.07864282009561,-0.012769665882513607,-5.984838662121547,61.382447631971985,-0.008518441461219193,1.5934355051406113,0.0008039211902549255,0.011382457714584297
115,0,15.704783333333333,Forward,0.07386804706118255,19945.0,19945.17857018344,ok,0.0005268653407374141,0.0034512228939498403,14537.606899784425,ok,-8.74789195386984,69.07896128892419,-0.012451197053939432,-6.183258053151803,61.382165214339246,-0.008800859093954984,1.5934355051406113,0.0015724043021080707,0.011382457714584297
116,0,15.839833333333333,Forward,0.07369813731231792,19935.0,19945.022685237753,ok,0.0005320015795082279,0.003200836321660346,14538.60510901423,ok,-8.90377689955858,69.07873941213526,-0.012673073842855934,-5.185048823346733,61.38358600232873,-0.007380071104470749,1.5934355051406113,-0.0009134065145299571,0.011382457714584297
117,0,15.974883333333333,Forward,0.07372162669979791,19950.0,19945.86222178562,ok,0.0005248771946250728,0.002900713924790977,14538.399555483857,ok,-8.064240351690387,69.07993435544807,-0.011478130530042534,-5.390602353720169,61.38329343041251,-0.007672643020688846,1.5934355051406113,0.0007477312773923831,0.011382457714584297
118,0,16.109666666666666,Forward,0.07357964657268887,19940.0,19945.552962837148,ok,0.0005252449135768874,0.0037712350839845974,14538.867559566508,ok,-8.37349930016353,69.07949417578783,-0.011918310190289685,-4.922598271068637,61.383959557873375,-0.007006515559825023,1.5934355051406113,-0.000753879529944346,0.011382457714584297
119,0,16.244966666666667,Forward,0.07341164501153025,19950.0,19946.83131485345,ok,0.0005251541441089377,0.003250049772496615,14538.465646535593,ok,-7.09514728386057,69.08131370133104,-0.010098784647081794,-5.3245113019838755,61.38338750024248,-0.007578573190721792,1.5934355051406113,0.0019771829533210793,0.011382457714584297
120,0,16.381083333333333,Forward,0.07328917368413396,19945.0,19947.17568867271,ok,0.0005348650096303008,0.003288380103265214,14539.334169833077,ok,-6.750773464602389,69.08180386128117,-0.009608624696957526,-4.455988004499886,61.384623701464434,-0.006342371968766083,1.5934355051406113,0.0004975359848829117,0.011382457714584297
121,0,16.516933333333334,Forward,0.07305178782516207,19950.0,19946.99784144833,ok,0.0005271008199535928,0.004014444342870806,14539.455283251122,ok,-6.928620688981027,69.08155072477149,-0.009861761206634581,-4.334874586455044,61.38479608665642,-0.00616998677677873,1.5934355051406113,-3.0285210267273766e-05,0.011382457714584297
122,0,16.652,Forward,0.0729375142517638,19940.0,19948.278479423996,ok,0.0005329251372621805,0.0033106973686510507,14539.9678658809,ok,-5.647982713315287,69.08337350400492,-0.008038981973208136,-3.822291956676054,61.385525664406515,-0.005440409026680738,1.5934355051406113,0.0006299589323924271,0.011382457714584297
123,0,16.78705,Forward,0.07283958332474791,19940.0,19947.835994013647,ok,0.0005326341899900656,0.0034175161257354284,14540.437606451464,ok,-6.090468123664323,69.08274369821092,-0.008668787767198522,-3.3525513861131913,61.386194263474636,-0.004771809958568017,1.5934355051406113,-0.0010652163554326953,0.011382457714584297
124,0,16.922616666666666,Forward,0.07275300854271963,19955.0,19949.49593156831,ok,0.0005265370283414518,0.004280363778447726,14540.677704058291,ok,-4.430530568999529,69.08510634851564,-0.0063061374624902395,-3.1124537792857154,61.38653600324812,-0.004430070185082852,1.5934355051406113,0.0007528936606856166,0.011382457714584297
125,0,17.05765,Forward,0.07259846055023358,19960.0,19950.59887874318,ok,0.0005348558377934765,0.003577135233336208,14541.018801480403,ok,-3.3275833941297606,69.08667621388284,-0.004736272095290071,-2.771356357174227,61.38702149978142,-0.003944573651781237,1.5934355051406113,0.0015491516141003109,0.011382457714584297
126,0,17.192966666666667,Forward,0.07233687520670068,19930.0,19949.63223586516,ok,0.0005298869643131788,0.004502316015751357,14541.537824110943,ok,-4.294226272151718,69.08530035544534,-0.0061121305327864524,-2.2523337266338785,61.38776024382197,-0.0032058296112294944,1.5934355051406113,-0.0010038478068222535,0.011382457714584297
127,0,17.327766666666665,Forward,0.0722952523287321,19940.0,19949.84436343802,ok,0.000522871024268591,0.004118681556994452,14541.64020691248,ok,-4.082098699291237,69.08560228443854,-0.00581020153958583,-2.149950925097073,61.38790596903709,-0.0030601043961043578,1.5934355051406113,-0.0009341225453962775,0.011382457714584297
128,0,17.462783333333334,Forward,0.072282953685299,19945.0,19951.44222398257,ok,0.0005393613618886119,0.004163704819627947,14542.174038113855,ok,-2.484238154742343,69.08787657824666,-0.003535907731453907,-1.6161197237215674,61.388665790662344,-0.0023002827708581454,1.5934355051406113,0.00012944450749468673,0.011382457714584297
129,0,17.5992,Forward,0.07202883958134457,19965.0,19951.193854407305,ok,0.0005356094742763179,0.004046744843366701,14542.140717396835,ok,-2.7326077300058387,69.08752306467562,-0.0038894213025081298,-1.6494404407421825,61.38861836405765,-0.002347709375552171,1.5934355051406113,-0.00014849782775180724,0.011382457714584297
130,0,17.734916666666667,Forward,0.07189334821334635,19945.0,19951.439570415576,ok,0.0005257690070206518,0.003274395582730902,14542.21627165424,ok,-2.4868917217354465,69.08787280132697,-0.003539684651162243,-1.5738861833360716,61.38872590321705,-0.0022401702161537296,1.5934355051406113,2.9882108815627254e-05,0.011382457714584297
131,0,17.871066666666668,Forward,0.07181101549452,19960.0,19951.623359671208,ok,0.0005256562262556913,0.0035823489500968887,14542.535220486992,ok,-2.303102466103155,69.08813439534873,-0.0032780906293862675,-1.2549373505844414,61.38917987484675,-0.0017861985864563923,1.5934355051406113,-0.00043189838249468046,0.011382457714584297
132,0,18.006633333333333,Forward,0.07148071291639295,19950.0,19951.784430985947,ok,0.0005303356502378646,0.0038041698816236474,14543.063044763161,ok,-2.1420311513647903,69.08836365408789,-0.003048831890238571,-0.7271130744156835,61.38993114659394,-0.0010349268392644473,1.5934355051406113,-0.0013997427193316503,0.011382457714584297
133,0,18.14335,Forward,0.07156396600843624,19965.0,19953.130067082802,ok,0.0005278960464680439,0.003856569159014429,14542.97967391346,ok,-0.7963950545090484,69.09027894754294,-0.0011335384351756179,-0.810483924116852,61.389812481790614,-0.0011535916425859378,1.5934355051406113,0.0007046354465542934,0.011382457714584297
134,0,18.27865,Forward,0.07132382067507896,19960.0,19954.16847371073,ok,0.0005340829322761609,0.004360506797986914,14544.06508491014,ok,0.24201157342031365,69.0917569499708,0.000344463992683087,0.27492707256351423,61.39135738726904,0.000391313835836381,1.5934355051406113,-0.0002790693669913671,0.011382457714584297
135,0,18.41395,Forward,0.07135144110991795,19960.0,19953.26685820014,ok,0.00051827827668205,0.004164685464971781,14543.236833492034,ok,-0.6596039371725055,69.0904736473822,-0.0009388385959266445,-0.5533243455429329,61.390178506497364,-0.0007875669358318231,1.5934355051406113,0.0003160985223025799,0.011382457714584297
136,0,18.549266666666668,Forward,0.07130312642685901,19960.0,19953.448620687406,ok,0.0005280873549450814,0.0030447852360351102,14543.397257186554,ok,-0.4778414499050996,69.09073235662986,-0.0006801293482684741,-0.3929006510225008,61.390406843454784,-0.0005592299784107549,1.5934355051406113,0.0002109675548702403,0.011382457714584297
137,0,18.684833333333334,Forward,0.07110584095295698,19960.0,19953.850809832144,ok,0.0005317022043658272,0.003919495012970859,14544.47968709657,ok,-0.07565230516775046,69.09130480726373,-0.00010767871439149657,0.6895292589924793,61.39194750584268,0.0009814324094817165,1.5934355051406113,-0.0016715279615553628,0.011382457714584297
138,0,18.819816666666668,Forward,0.0710271090030388,19955.0,19953.675035016717,ok,0.0005331493887171443,0.004438213229022629,14544.981055751954,ok,-0.2514271205945988,69.0910546204901,-0.0003578654880211525,1.190897914377274,61.39266112232969,0.0016950488964918413,1.5934355051406113,-0.003058816582640665,0.011382457714584297
139,0,18.954816666666666,Forward,0.07102386890531424,19950.0,19954.64877271432,ok,0.0005247895885910973,0.004378350322656976,14544.253611567461,ok,0.722310577009921,69.09244057724581,0.001028091267692975,0.46345372988434974,61.39162572420925,0.0006596507760501676,1.5934355051406113,-2.301969985891994e-05,0.011382457714584297
140,0,19.089866666666666,Forward,0.07086574212788228,19935.0,19954.97052143649,ok,0.0005380399403113619,0.003417798773766727,14545.10762936782,ok,1.044059299179935,69.09289853406133,0.0014860480831998051,1.3174715302429831,61.392841279222495,0.0018752057892934722,1.5934355051406113,-0.0015019714009056374,0.011382457714584297
141,0,19.226266666666668,Forward,0.07075150279086395,19945.0,19955.150636673923,ok,0.000533353996822068,0.0037008731868327966,14545.06774578049,ok,1.2241745366118266,69.09315489871757,0.0017424127394515872,1.2775879429136694,61.392784511442585,0.0018184380093901546,1.5934355051406113,-0.0011551509486079012,0.011382457714584297
142,0,19.362116666666665,Forward,0.07056404122654597,19960.0,19955.322530273144,ok,0.000537218912225946,0.003434963358698505,14545.103265050657,ok,1.3960681358330476,69.09339956121312,0.001987075234999158,1.3131072130800021,61.39283506732902,0.0018689938958123087,1.5934355051406113,-0.000991045997479247,0.011382457714584297
143,0,19.49876666666667,Forward,0.07047563172869432,19970.0,19956.542226177822,ok,0.0005255434236898258,0.0034357022526563964,14545.269271670286,ok,2.6157640405108395,69.09513559935067,0.0037231133725424467,1.4791138327091176,61.393071350669516,0.002105277236319973,1.5934355051406113,0.0003684898760259003,0.011382457714584297
144,0,19.634833333333333,Forward,0.07042422356773784,19960.0,19955.26362055312,ok,0.000533529873735609,0.004525042032162545,14545.588555622167,ok,1.337158415808517,69.09331571283728,0.0019032268591520662,1.7983977845906338,61.39352579928663,0.002559725853426936,1.5934355051406113,-0.002175531199124766,0.011382457714584297
145,0,19.771466666666665,Forward,0.07041062639454351,19945.0,19956.72046383211,ok,0.0005317955243690663,0.0037295758752905854,14545.99966527634,ok,2.794001694797771,69.09538929157362,0.003976805595498718,2.209507438763467,61.394110946810386,0.0031448733771818915,1.5934355051406113,-0.0010343473028743694,0.011382457714584297
146,0,19.908383333333333,Forward,0.07032975053944963,19960.0,19956.124903742242,ok,0.0005310057720992136,0.004097360502749071,14545.905573299184,ok,2.1984416049308493,69.09454160894614,0.003129122968015587,2.115415461606972,61.393977022231184,0.0030109487979863266,1.5934355051406113,-0.0016686297508562713,0.011382457714584297
147,0,20.0453,Forward,0.07018096379791944,19955.0,19956.011301705334,ok,0.0005280803704350922,0.0036966573945553262,14546.24512185376,ok,2.0848395680222893,69.09437991497978,0.00296742900165931,2.4549640161840216,61.39446031420424,0.003494240771036919,1.5934355051406113,-0.0026004183064208216,0.011382457714584297
148,0,20.18113333333333,Forward,0.06999485887618637,19960.0,19956.73810652057,ok,0.0005290520761138999,0.004086438839287564,14546.497996795131,ok,2.811644383258681,69.09541440306239,0.004001917084271836,2.707838957554486,61.394820240428935,0.0038541669957331643,1.5934355051406113,-0.002139449449470511,0.011382457714584297
149,0,20.316716666666668,Forward,0.07013189994668155,19945.0,19957.451818875932,ok,0.0005394155709832981,0.004698643024678007,14546.254796750238,ok,3.525356738620758,69.0964302561643,0.005017770186174092,2.46463891266103,61.394474084840994,0.0035080114077968307,1.5934355051406113,-0.0005720197434476776,0.011382457714584297
150,0,20.451233333333334,Forward,0.07002633229877075,19955.0,19957.747506785312,ok,0.000534173476656165,0.004156663614242572,14547.063075899134,ok,3.8210446480006794,69.0968511196644,0.005438633686268891,3.272918061556993,61.39562453834574,0.004658464912545711,1.5934355051406113,-0.001984329704833198,0.011382457714584297
151,0,20.5868,Forward,0.06981104079557135,19960.0,19957.866722246723,ok,0.0005363592876231132,0.004346858831303631,14546.915633967294,ok,3.9402601094116108,69.09702080342475,0.005608317446622969,3.1254761297168443,61.39541467880964,0.004448605376438492,1.5934355051406113,-0.0014802483085535386,0.011382457714584297
152,0,20.722383333333333,Forward,0.06972635496223764,19960.0,19958.34484823684,ok,0.0005356421332913903,0.003891241538586157,14547.055550984454,ok,4.418386099529016,69.09770133776959,0.0062888517914634024,3.2653931468776136,61.395613827857325,0.004647754424123916,1.5934355051406113,-0.001117045127110001,0.011382457714584297
153,0,20.8585,Forward,0.06960761118661876,19970.0,19959.0553946911,ok,0.0005266276347323353,0.004225590460535702,14547.086801101903,ok,5.128932553787308,69.09871268472776,0.007300198749633617,3.2966432643261214,61.39565830730133,0.004692233868127336,1.5934355051406113,-0.00017657329426374897,0.011382457714584297
154,0,20.993033333333333,Forward,0.06968821063588926,19950.0,19958.58288011215,ok,0.0005317730998783188,0.0038116252950827585,14547.257513753731,ok,4.656417974838405,69.09804013731127,0.006627651333138679,3.467355916154702,61.39590128891092,0.0049352154777227665,1.5934355051406113,-0.0012362962345842604,0.011382457714584297
155,0,21.128083333333333,Forward,0.06944363790278874,19965.0,19959.408417633804,ok,0.0005369843554314403,0.003848289389752792,14547.795693010552,ok,5.481955496492446,69.09921515529408,0.007802669315955457,4.005535172975215,61.39666729928375,0.005701225850547564,1.5934355051406113,-0.0012818663771325114,0.011382457714584297
156,0,21.263666666666666,Forward,0.06944533080549348,19960.0,19959.417402682102,ok,0.0005365727833199008,0.0038316054908256103,14548.056251828408,ok,5.4909405447906465,69.0992279440445,0.007815458066375559,4.266093990830996,61.39703816225307,0.006072088819863122,1.5934355051406113,-0.0018600238495616924,0.011382457714584297
157,0,21.39975,Forward,0.06930646798279544,19945.0,19959.05796666279,ok,0.0005284750779820404,0.004174510184079688,14547.730476510278,ok,5.131504525477794,69.09871634550987,0.00730385953174024,3.9403186727013235,61.39657447423511,0.005608400801911785,1.5934355051406113,-0.0016327654330850743,0.011382457714584297
158,0,21.534783333333333,Forward,0.06917388206235084,19965.0,19960.39519440881,ok,0.0005245593367897119,0.004470024855492242,14547.505133741128,ok,6.468732271499903,69.10061967104926,0.009207185071140732,3.7149759035510215,61.396253735565935,0.005287662132736797,1.5934355051406113,0.0007816364896503919,0.011382457714584297
159,0,21.66955,Forward,0.06915266220233987,19970.0,19960.74701261945,ok,0.000529446470916601,0.003510569831157108,14548.878704984883,ok,6.82055048213806,69.10112042687604,0.009707940897906771,5.088547147306599,61.39820879014523,0.007242716712035712,1.5934355051406113,-0.0018328610647262017,0.011382457714584297
160,0,21.8054,Forward,0.06908221181509994,19960.0,19960.471986352644,ok,0.000530479294963016,0.00427871074688088,14548.33204610137,ok,6.545524215332989,69.10072897185337,0.00931648587525021,4.541888263793226,61.39743071040719,0.006464636973990881,1.5934355051406113,-0.0009844962069516221,0.011382457714584297
161,0,21.9402,Forward,0.06897443334318315,19960.0,19961.627201780997,ok,0.0005242334207809616,0.0039018919494927637,14548.726829031062,ok,7.700739643685665,69.1023732325523,0.010960746574172904,4.936671193485381,61.39799261950221,0.007026546069010516,1.5934355051406113,-0.00023560141069464344,0.011382457714584297
162,0,22.0747,Forward,0.06886455947402241,19965.0,19960.9334981967,ok,0.0005315943124422938,0.004004349149080978,14549.534706668908,ok,7.0070360593890655,69.10138585867175,0.009973372693625594,5.744548831331485,61.39914250152148,0.008176428088282953,1.5934355051406113,-0.0030552381274734364,0.011382457714584297
163,0,22.209483333333335,Forward,0.06871701125329466,19975.0,19962.33474641968,ok,0.0005285099280962982,0.0035699702666404515,14549.589298316261,ok,8.408284282370005,69.10338030691571,0.011967820937593666,5.799140478684421,61.39922020382534,0.008254130392137984,1.5934355051406113,-0.0011846034932991942,0.011382457714584297
164,0,22.344533333333334,Forward,0.06858209400501919,19950.0,19962.305756473284,ok,0.0005339640347467658,0.004357159911166348,14549.221394481221,ok,8.3792943359731,69.10333904445648,0.01192655847835498,5.431236643644297,61.39869655273647,0.0077304793032652915,1.5934355051406113,-0.00039146171522259215,0.011382457714584297
165,0,22.4801,Forward,0.06854014030203066,19965.0,19962.56962616927,ok,0.0005245832570141004,0.004555987168523184,14549.943049265274,ok,8.643164031956985,69.10371461992067,0.012302133942544957,6.152891427696886,61.39972371058987,0.008757637156670415,1.5934355051406113,-0.0016525960440323516,0.011382457714584297
166,0,22.6156,Forward,0.06844446908447455,19960.0,19963.569887343696,ok,0.0005350460449410245,0.004919048940933822,14549.611705103987,ok,9.643425206384563,69.10513832851856,0.013725842540442436,5.821547266410562,61.39925209623219,0.008286022798993849,1.5934355051406113,0.0005225996161210503,0.011382457714584297
167,0,22.751166666666666,Forward,0.06841858733724196,19970.0,19963.553532414506,ok,0.0005354587482262654,0.004241254199009023,14550.399769199748,ok,9.627070277194434,69.10511504994503,0.013702563966904563,6.609611362171563,61.40037377690672,0.009407703473514994,1.5934355051406113,-0.0012880047696288855,0.011382457714584297
168,0,22.886466666666667,Forward,0.0682589556923204,19960.0,19964.111975578722,ok,0.0005305742282332125,0.003979976841518554,14550.054225739685,ok,10.185513441410876,69.10590990268415,0.014497416706027435,6.264067902107854,61.399881952163724,0.00891587873052077,1.5934355051406113,0.00029053897728764135,0.011382457714584297
169,0,23.022666666666666,Forward,0.06826062722118731,19965.0,19964.186208462612,ok,0.0005312723241916269,0.0045462274174655724,14550.337941637943,ok,10.259746325300512,69.10601556108392,0.014603075105795756,6.547783800366233,61.40028577545911,0.009319702025913411,1.5934355051406113,-0.00024726899962555955,0.011382457714584297
170,0,23.15825,Forward,0.06795516402995466,19960.0,19963.481639361147,ok,0.0005256798134701105,0.00395912835309973,14550.80888401182,ok,9.555177223835926,69.1050127219123,0.013600235934174327,7.0187261742430564,61.40095608509818,0.00999001166497981,1.5934355051406113,-0.0023182033495733785,0.011382457714584297
171,0,23.293533333333333,Forward,0.06803564561561909,19955.0,19964.275094323748,ok,0.0005329413820066441,0.0038624377603192496,14550.548724808397,ok,10.348632186436589,69.1061420756063,0.01472958962816875,6.758566970820539,61.40058579091482,0.009619717481616389,1.5934355051406113,-0.0005988097564606307,0.011382457714584297
172,0,23.427516666666666,Forward,0.0679867867381589,19950.0,19963.94377701596,ok,0.0005320316021686802,0.0030313571388540382,14550.88743241361,ok,10.017314878648904,69.1056704994702,0.014258013492066584,7.097274576033669,61.40106788593364,0.010101812500441008,1.5934355051406113,-0.0018385732124093761,0.011382457714584297
173,0,23.5634,Forward,0.0677354656228066,19965.0,19965.059230024093,ok,0.0005286859387872239,0.004330203122684754,14551.751848046675,ok,11.132767886781949,69.10725816485083,0.01584567887269923,7.9616902090983785,61.40229824056543,0.01133216713222555,1.5934355051406113,-0.00221139858597642,0.011382457714584297
174,0,23.698166666666665,Forward,0.06771283094040728,19980.0,19966.054750515243,ok,0.0005307632118664825,0.004905666087346451,14551.902053940245,ok,12.128288377931312,69.10867512585948,0.017262639881351367,8.111896102667743,61.402512034150135,0.011545960716938022,1.5934355051406113,-0.0011351038659764244,0.011382457714584297
175,0,23.83295,Forward,0.0676108094010811,19960.0,19965.60099462486,ok,0.000532802490744746,0.00355870462211078,14551.585576603795,ok,11.674532487548277,69.10802927837584,0.016616792397713253,7.795418766218063,61.40206158029223,0.011095506859023411,1.5934355051406113,-0.0010631821789858324,0.011382457714584297
176,0,23.96825,Forward,0.06750674528471887,19960.0,19965.23020994362,ok,0.0005288257198711271,0.003927720563469286,14551.966653300278,ok,11.30374780630882,69.10750152687238,0.016089040894260782,8.176495462701496,61.40260398080032,0.01163790736712302,1.5934355051406113,-0.0024552139100505292,0.011382457714584297
177,0,24.1033,Forward,0.06741716190758454,19965.0,19965.44700088853,ok,0.0005362278206682118,0.004372629327684269,14552.100007487823,ok,11.520538751217828,69.10781009341491,0.01639760743678394,8.309849650246178,61.40279378873072,0.011827715297518448,1.5934355051406113,-0.0024490940629767026,0.011382457714584297
178,0,24.23755,Forward,0.06741662395203983,19965.0,19966.910311633026,ok,0.0005336197575409799,0.0051602802130781234,14551.894557309755,ok,12.983849495714821,69.1098928775333,0.018480391555170183,8.104399472178557,61.40250136391965,0.011535290486446647,1.5934355051406113,9.965013195538386e-05,0.011382457714584297
179,0,24.373116666666668,Forward,0.06729509420851146,19965.0,19965.524390437215,ok,0.0005347499914351315,0.0038640319520302367,14552.663451896025,ok,11.597928299903288,69.10792024481204,0.016507758833906747,8.873294058448664,61.40359575992474,0.012629686491546048,1.5934355051406113,-0.0036168320405174856,0.011382457714584297
180,0,24.508166666666668,Forward,0.0671264618286874,19960.0,19966.939611095087,ok,0.0005312319597080841,0.005657413510935634,14552.537094630248,ok,13.013148957776139,69.10993458053758,0.018522094559462375,8.746936792671477,61.403415910971,0.012449837537799794,1.5934355051406113,-0.0013159186065001827,0.011382457714584297
181,0,24.643483333333332,Forward,0.06709219273587645,19975.0,19966.616167742555,ok,0.00054176402942786,0.004902575475116917,14552.714664949159,ok,12.689705605243944,69.10947421169223,0.01806172571409917,8.924507111581988,61.40366865335092,0.012702579917717687,1.5934355051406113,-0.0021790161336782965,0.011382457714584297
182,0,24.779183333333332,Forward,0.06695344318928251,19975.0,19968.084226036546,ok,0.0005224110477123713,0.005092357861470492,14552.49216451248,ok,14.157763899234851,69.11156375317279,0.02015126719466864,8.702006674902805,61.403351960278314,0.012385886845113546,1.5934355051406113,0.0004151553330106854,0.011382457714584297
183,0,24.914466666666666,Forward,0.06699386071967771,19965.0,19968.671837329257,ok,0.0005320701187122697,0.003474648720963526,14553.069310548404,ok,14.74537519194564,69.11240012198431,0.020987636006177052,9.279152710827475,61.4041734335041,0.01320736007090243,1.5934355051406113,-5.7440459975299785e-05,0.011382457714584297
184,0,25.049783333333334,Forward,0.06690417548465499,19970.0,19968.977525132585,ok,0.000528735126758917,0.004387455074055374,14553.328248613723,ok,15.051062995273242,69.11283521870203,0.021422732723910754,9.538090776146419,61.404541989596595,0.01357591616339346,1.5934355051406113,-0.00020961410565269525,0.011382457714584297
185,0,25.184316666666668,Forward,0.0667480520682413,19955.0,19967.304907101443,ok,0.0005371096281083079,0.004865054672360958,14552.922309677953,ok,13.378444964131631,69.11045451980777,0.01904203382964704,9.132151840376537,61.40396420174693,0.012998128313727427,1.5934355051406113,-0.0016696453258197054,0.011382457714584297
186,0,25.318833333333334,Forward,0.06663200510930559,19975.0,19968.989267352237,ok,0.0005287002173695538,0.004705512140932551,14552.858781710547,ok,15.062805214925902,69.11285193183608,0.02143944585794543,9.06862387297042,61.40387378004936,0.012907706616159491,1.5934355051406113,0.0008718478458185214,0.011382457714584297
187,0,25.453616666666665,Forward,0.06658700329561129,19970.0,19968.11275746475,ok,0.0005352385947903186,0.004520608111895848,14553.562382384549,ok,14.186295327439439,69.1116043630062,0.020191877028063812,9.772224546972211,61.40487524082248,0.01390916738927814,1.5934355051406113,-0.001971484136955918,0.011382457714584297
188,0,25.588183333333333,Forward,0.06650496288359407,19985.0,19970.349595807027,ok,0.0005335125582406558,0.004126047526345636,14554.125219180785,ok,16.423133669715753,69.11478813746572,0.023375651487597335,10.335061343208508,61.40567634718,0.014710273746798471,1.5934355051406113,-6.422099088915917e-05,0.011382457714584297
189,0,25.72375,Forward,0.06647579896319407,19975.0,19970.939099933246,ok,0.0005323645326497223,0.0041595894599502714,14553.84514879282,ok,17.012637795935007,69.11562720041692,0.024214714438805744,10.054990955242829,61.40527771267377,0.014311639240574228,1.5934355051406113,0.001410040336111154,0.011382457714584297
190,0,25.8596,Forward,0.06632312971169309,19960.0,19969.101634921688,ok,0.0005294263183911096,0.0038347057448571554,14553.644343010426,ok,15.175172784376628,69.11301186873939,0.021599382761268097,9.854185172849611,61.40499189840225,0.014025824969052232,1.5934355051406113,-0.0007498647333074454,0.011382457714584297
191,0,25.994366666666668,Forward,0.06626112477067708,19960.0,19970.593593772075,ok,0.0005311001133531446,0.003781500421919447,14554.995239122438,ok,16.66713163476379,69.11513542876283,0.023722942784699993,11.20508128486108,61.40691467863076,0.015948605197563696,1.5934355051406113,-0.0016901309945680926,0.011382457714584297
192,0,26.129133333333332,Forward,0.06620838594674275,19970.0,19970.033364305735,ok,0.0005265856254843497,0.003914511691433396,14554.612071154585,ok,16.106902168423403,69.11433803351404,0.02292554753592332,10.821913317007784,61.406369301539044,0.015403228105841797,1.5934355051406113,-0.0016185030217047633,0.011382457714584297
193,0,26.26418333333333,Forward,0.06609036783550981,19960.0,19969.99622208186,ok,0.0005240245988950694,0.004605327729405102,14554.265738975322,ok,16.069759944548423,69.1142851676178,0.022872681639667672,10.475581137745394,61.405876354182936,0.014910280749740918,1.5934355051406113,-0.0008858890985840792,0.011382457714584297
194,0,26.400616666666668,Forward,0.06606023243149445,19970.0,19971.172015154283,ok,0.0005294239802489869,0.003978715951061946,14554.685017466089,ok,17.245553016971826,69.11595871723598,0.024546231257861605,10.894859628511767,61.40647312871291,0.015507055279712224,1.5934355051406113,-0.00016326120501002767,0.011382457714584297
195,0,26.53595,Forward,0.0658538500666025,19960.0,19970.644172733817,ok,0.0005380225916328469,0.004047830796379047,14555.162779554312,ok,16.71771059650564,69.11520741966335,0.023794933685222355,11.372621716735011,61.407153145102775,0.016187071669573744,1.5934355051406113,-0.0019981210373321637,0.011382457714584297
196,0,26.67043333333333,Forward,0.06594742013152996,19975.0,19971.449369111942,ok,0.0005302898338485983,0.004321706634175737,14554.839627489106,ok,17.52290697463104,69.11635348534683,0.024940999368706546,11.049469651528852,61.406693190857396,0.015727117424198158,1.5934355051406113,-0.0001191479285263565,0.011382457714584297
197,0,26.804933333333334,Forward,0.06583645988417619,19970.0,19971.852143641463,ok,0.000524566618357531,0.0036735618530092202,14555.410648976596,ok,17.925681504151726,69.11692676918045,0.02551428320232217,11.620491139019578,61.40750594678766,0.016539873354458064,1.5934355051406113,-0.0008409382512004487,0.011382457714584297
198,0,26.939983333333334,Forward,0.06577463618663165,19965.0,19971.50224204623,ok,0.0005297661389224874,0.004223362371738066,14555.289553704808,ok,17.575779908918776,69.11642874134303,0.025016255364906335,11.499395867231215,61.407333587423906,0.016367513990706406,1.5934355051406113,-0.0010643225587709491,0.011382457714584297
199,0,27.075566666666667,Forward,0.06572308597264734,19960.0,19971.229928089386,ok,0.0005395267010333432,0.004275937017670475,14555.891539911818,ok,17.303465952074475,69.11604114685112,0.02462866087298918,12.101382074240973,61.40819041658078,0.01722434314757731,1.5934355051406113,-0.0028172190510858987,0.011382457714584297
200,0,27.210883333333335,Forward,0.06553087366580992,19955.0,19971.853277105263,ok,0.0005305552425055312,0.004391626378168763,14556.390916212744,ok,17.92681496795194,69.11692838248125,0.02551589650312703,12.60075837516706,61.40890119727625,0.017935123843050748,1.5934355051406113,-0.003062566617483959,0.011382457714584297
201,0,27.346466666666668,Forward,0.06553440558200052,19970.0,19972.384463459097,ok,0.0005168625471000371,0.0045387851130595964,14555.593761904045,ok,18.45800132178556,69.11768443959751,0.02627195361938121,11.803604066468324,61.4077665781666,0.016800504733401816,1.5934355051406113,-0.0004985671271041416,0.011382457714584297
202,0,27.4815,Forward,0.06547011009893247,19960.0,19972.95318414437,ok,0.0005218879050517939,0.004176875482149897,14555.998363285798,ok,19.026722007060016,69.11849392071116,0.027081434733042104,12.208205448221634,61.40834246222634,0.01737638879313555,1.5934355051406113,-0.0006067201210674979,0.011382457714584297
203,0,27.617866666666668,Forward,0.06549887450843539,19970.0,19972.617604847062,ok,0.0005356330962750879,0.005021932485126128,14556.247788281116,ok,18.691142709751148,69.11801627832828,0.02660379235016301,12.457630443539529,61.408697478015654,0.01773140458245462,1.5934355051406113,-0.0016500572675331136,0.011382457714584297
204,0,27.753183333333332,Forward,0.06538544189587915,19975.0,19972.878040564752,ok,0.0005483169415505826,0.005239826749155415,14556.03363285645,ok,18.951578427440836,69.1183869660846,0.026974480106474855,12.243475018873141,61.408392662706234,0.017426589273034653,1.5934355051406113,-0.0007936659746810744,0.011382457714584297
205,0,27.888233333333332,Forward,0.06531100756823247,19960.0,19973.14924074101,ok,0.000522223221009755,0.003957700781383671,14555.933024094618,ok,19.222778603700135,69.11877297529156,0.027360489313432865,12.142866257041533,61.40824946254721,0.017283389114010735,1.5934355051406113,-0.00017947654999257365,0.011382457714584297
206,0,28.02355,Forward,0.06530099488543846,19965.0,19973.417605640636,ok,0.0005316498500931738,0.00433334725707097,14556.220577198841,ok,19.491143503324565,69.11915494894478,0.02774246296665183,12.430419361264285,61.408658747479286,0.017692674046086924,1.5934355051406113,-0.0004496720392628724,0.011382457714584297
207,0,28.159666666666666,Forward,0.06522852581709136,19970.0,19972.30671982371,ok,0.0005313449180753,0.004442772488600857,14556.895987500313,ok,18.3802576864,69.11757378421574,0.02616129823760698,13.105829662736141,61.409620083856126,0.018654010422923004,1.5934355051406113,-0.0035626642835415653,0.011382457714584297
208,0,28.29446666666667,Forward,0.06514826936001157,19975.0,19975.28977997074,ok,0.0005258497534455189,0.004149623086137522,14556.469561077525,ok,21.363317833427573,69.12181968367474,0.030407197696614686,12.679403239948442,61.409013135411044,0.018047061977842206,1.5934355051406113,0.00165036837764777,0.011382457714584297
209,0,28.429783333333333,Forward,0.06502208361008104,19980.0,19973.874110978606,ok,0.0005287036147351752,0.005258337877487126,14556.810509733255,ok,19.947648841294722,69.11980470981851,0.028392223840381776,13.020351895678687,61.40949842019967,0.01853234676647006,1.5934355051406113,-0.001137875490889416,0.011382457714584297
210,0,28.565616666666667,Forward,0.06486186177882845,19990.0,19975.877880478944,ok,0.0005292298661404873,0.004609946986480545,14557.050432295493,ok,21.951418341632234,69.1226567488047,0.03124426282656738,13.260274457916239,61.40983991082574,0.018873837392538468,1.5934355051406113,0.001170020207046086,0.011382457714584297
211,0,28.700666666666667,Forward,0.06499198573419446,19975.0,19974.680850978326,ok,0.0005200471533677499,0.004530311820228681,14557.057095676986,ok,20.75438884101459,69.1209529725955,0.02954048661737727,13.266937839409366,61.409849395062224,0.01888332162902127,1.5934355051406113,-0.0005488685212948693,0.011382457714584297
212,0,28.835716666666666,Forward,0.0649019331945601,19975.0,19973.0173273022,ok,0.0005194180244044696,0.0036094076884443153,14556.760839529155,ok,19.090865164889692,69.11858521803194,0.027172732053815016,12.970681691578648,61.40942772276739,0.018461649334194915,1.5934355051406113,-0.002244715478746686,0.011382457714584297
213,0,28.970233333333333,Forward,0.06473006414515545,19970.0,19974.808568199423,ok,0.0005242152102680009,0.005243776132830982,14557.062423249143,ok,20.882106062112143,69.12113475722379,0.029722271245657197,13.272265411565968,61.409856977992035,0.01889090455883919,1.5934355051406113,-0.0003791668026198042,0.011382457714584297
214,0,29.10555,Forward,0.06473997869169792,19975.0,19976.25734133844,ok,0.0005346659202181036,0.00422587543161711,14557.449132470398,ok,22.3308792011303,69.12319684943245,0.03178436345432805,13.6589746328209,61.41040739548025,0.01944132204705366,1.5934355051406113,0.000805870637679798,0.011382457714584297
215,0,29.24085,Forward,0.06465018758609264,19975.0,19976.206696691144,ok,0.0005281303140380869,0.005229128737705056,14557.662905176132,ok,22.280234553832997,69.12312476503925,0.031712279061133525,13.8727473385552,61.41071166605171,0.01974559261851106,1.5934355051406113,0.0002489507127556301,0.011382457714584297
216,0,29.37615,Forward,0.06456229117725978,19970.0,19976.636357524338,ok,0.0005248650049407563,0.005064674823060261,14558.184907334578,ok,22.709895387026336,69.12373631713989,0.03232383116176086,14.394749497001612,61.41145465096415,0.020488577530953053,1.5934355051406113,-0.00032339572588589716,0.011382457714584297
217,0,29.511466666666667,Forward,0.06461508224781208,19985.0,19976.207261359064,ok,0.000532497090627396,0.004755368411672553,14558.079438181578,ok,22.280799221753114,69.12312556875193,0.031713082773797155,14.289280344000872,61.41130453283123,0.02033845939803037,1.5934355051406113,-0.0006949405508851758,0.011382457714584297
218,0,29.64625,Forward,0.06463021631819856,19965.0,19975.572908000097,ok,0.0005325749132904691,0.0049962999103511235,14558.43097818515,ok,21.646445862785185,69.12222267023466,0.030810184256532782,14.640820347573026,61.411804892675626,0.020838819242425012,1.5934355051406113,-0.0023951302095546086,0.011382457714584297
219,0,29.781833333333335,Forward,0.06441197537272916,19980.0,19976.407815760926,ok,0.000532459048461786,0.0047176036826273695,14558.356575519118,ok,22.481353623614268,69.12341102522427,0.03199853924614231,14.56641768154077,61.411698992618675,0.02073291918547515,1.5934355051406113,-0.0010380303092047613,0.011382457714584297
220,0,29.9169,Forward,0.06441319198507381,19960.0,19976.131376365895,ok,0.0005313664172708278,0.004388667387775261,14558.421127753922,ok,22.20491422858322,69.12301755884413,0.031605072865995634,14.630969916344839,61.411790872193784,0.020824798760583765,1.5934355051406113,-0.0015779008665267324,0.011382457714584297
221,0,30.051933333333334,Forward,0.06438830343019294,19970.0,19976.574983957078,ok,0.0005316507293722799,0.004297337727641567,14558.320306488418,ok,22.648521819766756,69.12364896187945,0.0322364759013299,14.530148650841511,61.41164736957045,0.020681296137251278,1.5934355051406113,-0.0007178356560936655,0.011382457714584297
222,0,30.18723333333333,Forward,0.06436994833668871,19975.0,19975.806650755876,ok,0.0005260803607532032,0.00518757662019347,14558.096808604321,ok,21.880188618564716,69.12255536491442,0.031142878936289805,14.306650766744497,61.411329256794176,0.020363183360972714,1.5934355051406113,-0.0013045404287726388,0.011382457714584297
223,0,30.321483333333333,Forward,0.06430992531343774,19980.0,19977.882269629463,ok,0.0005333431854364854,0.003969599079141213,14558.84461520468,ok,23.955807492151507,69.12550966976183,0.03409718378369619,15.054457367103169,61.41239363749165,0.02142756405844845,1.5934355051406113,-4.6257575710424714e-05,0.011382457714584297
224,0,30.45705,Forward,0.06432728174295593,19990.0,19977.28586730055,ok,0.000524710264821244,0.004965245880278331,14557.762861545316,ok,23.35940516323899,69.12466078834446,0.033248302366335615,13.972703707739129,61.41085393763623,0.019887864203033186,1.5934355051406113,0.0015582734238075505,0.011382457714584297
225,0,30.591316666666668,Forward,0.06424214698474048,19975.0,19976.527566543824,ok,0.0005266114586708909,0.004210274552735304,14558.634567981037,ok,22.601104406512604,69.12358147092743,0.032168984949300664,14.844410143459754,61.41209466953617,0.021128596102967464,1.5934355051406113,-0.0014980702549432512,0.011382457714584297
226,0,30.726933333333335,Forward,0.06421412659572043,19975.0,19977.21831102285,ok,0.0005358594425719771,0.004558503465477141,14558.854463079162,ok,23.291848885539366,69.12456463300438,0.033152147026248614,15.064305241585316,61.41240765433438,0.02144158090117882,1.5934355051406113,-0.001013629268034541,0.011382457714584297
227,0,30.8625,Forward,0.06425784084849623,19985.0,19977.621165859095,ok,0.0005380644874413364,0.00480997733514847,14559.247375457358,ok,23.6947037217833,69.1251380311415,0.03372554516338344,15.457217619781659,61.41296690100451,0.022000827571308355,1.5934355051406113,-0.001331354631215774,0.011382457714584297
228,0,30.998066666666666,Forward,0.06421591887075699,19985.0,19976.609659766724,ok,0.0005377902072266688,0.004403253764690834,14559.14063445092,ok,22.68319762941246,69.12369831723743,0.032285831259304176,15.350476613342835,61.41281497259571,0.021848899162508373,1.5934355051406113,-0.002528980414473629,0.011382457714584297
229,0,31.132316666666668,Forward,0.06425323063186694,19980.0,19976.7012859362,ok,0.0005318024871568779,0.004565516679212114,14558.849784865619,ok,22.774823798888974,69.12382873214167,0.032416246163542335,15.059627028042087,61.412400995660605,0.021434922227409836,1.5934355051406113,-0.0017389199635401767,0.011382457714584297
230,0,31.2669,Forward,0.06421729019407893,19975.0,19976.96933912884,ok,0.0005317318977033726,0.0045734875749561185,14558.964340206443,ok,23.04287699152701,69.12421026213084,0.03279777615271845,15.17418236886624,61.41256404649957,0.021597973066366728,1.5934355051406113,-0.001617200970300936,0.011382457714584297
231,0,31.40245,Forward,0.06418695597354895,19990.0,19976.371496609656,ok,0.0005294245369494924,0.004795992542806247,14559.039150738019,ok,22.44503447234456,69.12335933083759,0.031946844859463135,15.248992900442317,61.412670527086576,0.02170445365337851,1.5934355051406113,-0.002637802211509034,0.011382457714584297
232,0,31.537483333333334,Forward,0.06420703416908742,19975.0,19977.218904815054,ok,0.0005261975615909325,0.00507913922907782,14558.299867664762,ok,23.292442677742656,69.1245654781707,0.033152992192577974,14.509709827185361,61.41161827823939,0.020652204806192842,1.5934355051406113,0.00024503579495472466,0.011382457714584297
233,0,31.67255,Forward,0.06427774411370639,19965.0,19976.666653867815,ok,0.0005276969814350709,0.004541661295804434,14559.28758308523,ok,22.740191730503284,69.12377943904224,0.03236695306411568,15.497425247653155,61.41302413000326,0.022058056570059076,1.5934355051406113,-0.002781137449016584,0.011382457714584297
234,0,31.80785,Forward,0.0641945483356014,19985.0,19977.55597347816,ok,0.000524733566885339,0.004647946015218317,14558.811384596893,ok,23.629511340848694,69.12504524042282,0.03363275444469228,15.02122675931605,61.41234633914274,0.02138026570954777,1.5934355051406113,-0.000435320046241465,0.011382457714584297
235,0,31.942633333333333,Forward,0.06438949258328763,19975.0,19977.219549202644,ok,0.0005294029941259126,0.004596185860589895,14558.271258795177,ok,23.293087065332656,69.12456639535131,0.033153909373186116,14.481100957600574,61.411577558180824,0.020611484747626842,1.5934355051406113,0.0003108377626533376,0.011382457714584297
236,0,32.077416666666664,Forward,0.06434324241129655,19990.0,19976.390760994556,ok,0.0005306793521372573,0.003815668501970051,14558.656010395935,ok,22.464298857245012,69.12338675054667,0.03197426456855229,14.865852558357801,61.41212518931563,0.021159115882431568,1.5934355051406113,-0.001741421935898789,0.011382457714584297
237,0,32.21191666666667,Forward,0.06453637417920893,19975.0,19976.910793787192,ok,0.00052584086914052,0.005651447997636751,14558.463032459093,ok,22.984331649880914,69.12412693238818,0.0327144464100479,14.672874621515803,61.41185051670521,0.020884443272006895,1.5934355051406113,-0.0005635670046628474,0.011382457714584297
238,0,32.34748333333334,Forward,0.06458606648899044,19970.0,19975.482640086975,ok,0.0005238293023220244,0.0040968769425193145,14558.198301662964,ok,21.556177949663834,69.12209418858676,0.030681702608628496,14.408143825387015,61.41147371560544,0.020507642172241637,1.5934355051406113,-0.001995902555340257,0.011382457714584297
239,0,32.4828,Forward,0.06477301432128425,19980.0,19975.118103573066,ok,0.0005256603436481874,0.004388072140244069,14558.016500001553,ok,21.19164143575472,69.12157533033016,0.030162844352036675,14.22634216397637,61.411214950599785,0.020248877166581487,1.5934355051406113,-0.002102435464425286,0.011382457714584297
240,0,32.61893333333333,Forward,0.06510395367440065,19980.0,19973.245322499126,ok,0.0005319559337472893,0.004211176765827981,14557.068681174593,ok,19.318860361814586,69.11890973199934,0.027497246021206644,13.27852333701594,61.40986588512799,0.018899811694791182,1.5934355051406113,-0.0026183849737453774,0.011382457714584297
241,0,32.75395,Forward,0.06529176758249619,19970.0,19972.34023203159,ok,0.0005166453313146939,0.004163435276406601,14556.062898193277,ok,18.41376989427954,69.11762148337642,0.026208997398298614,12.27274035570008,61.40843431713883,0.017468243705622943,1.5934355051406113,-0.0016255223346899848,0.011382457714584297
242,0,32.889516666666665,Forward,0.0656838845528578,19975.0,19972.468717170526,ok,0.0005295590054487718,0.003924231468507188,14555.768892357526,ok,18.542255033215042,69.11780436101047,0.026391875032341753,11.978734519949285,61.40801584779612,0.017049774362923542,1.5934355051406113,-0.000775840792176765,0.011382457714584297
243,0,33.02483333333333,Forward,0.06616182824040742,19975.0,19971.477654945178,ok,0.0005343496273308122,0.004391998100386549,14555.926594926366,ok,17.551192807866755,69.11639374561585,0.02498125963773021,12.136437088789535,61.408240311675065,0.01727423824186683,1.5934355051406113,-0.0025441249011181263,0.011382457714584297
244,0,33.1599,Forward,0.06666764890608765,19975.0,19968.79088121743,ok,0.0005245788094195757,0.004049015634903951,14554.943423941122,ok,14.864419080116932,69.11256956153814,0.02115707556001518,11.15326610354532,61.40684092817335,0.01587485474015633,1.5934355051406113,-0.004138481621899646,0.011382457714584297
245,0,33.295716666666664,Forward,0.06716770710056329,19960.0,19968.04163135292,ok,0.0005310290826658583,0.004879989867232324,14553.275261666578,ok,14.115169215609058,69.11150312658961,0.020090640611479034,9.485103829001673,61.40446657132169,0.013500497888491924,1.5934355051406113,-0.001421532061119852,0.011382457714584297
246,0,33.4305,Forward,0.06778500990496916,19970.0,19965.768326733756,ok,0.0005514353312208533,0.004448533637635446,14552.29759426965,ok,11.841864596444793,69.10826744833408,0.016854962355951034,8.507436432073519,61.40307502128009,0.012108947846886826,1.5934355051406113,-0.002439865073174393,0.011382457714584297
247,0,33.56581666666667,Forward,0.06854331841428579,19950.0,19963.64235048154,ok,0.000533924840105156,0.004489430091839089,14550.36940932814,ok,9.715888344228006,69.10524146797356,0.013828981995432657,6.579251490562456,61.40033056458243,0.009364491149228105,1.5934355051406113,-0.0010927306893224117,0.011382457714584297
248,0,33.701033333333335,Forward,0.06933912800959166,19975.0,19959.829215835525,ok,0.0005432038890753514,0.0039022108513173857,14549.217295811291,ok,5.902753698213928,69.09981409288467,0.00840160690654375,5.427137973714707,61.39869071894849,0.007724645515282827,1.5934355051406113,-0.003907117522133099,0.011382457714584297
249,0,33.83635,Forward,0.07039377988529447,19945.0,19957.352086114708,ok,0.0005281545361685961,0.004319343809944848,14546.831756866848,ok,3.4256239773967536,69.09628830284923,0.004875816871103228,3.0415990292713104,61.395295293440974,0.004329220007772797,1.5934355051406113,-0.0020225159988470605,0.011382457714584297
250,0,33.97085,Forward,0.0711990762739419,19960.0,19954.289812913266,ok,0.0005297003504900927,0.002727281002828927,14545.242904197547,ok,0.36335077595504117,69.09192965653018,0.0005171705520570185,1.4527463599697512,61.3930338208737,0.002067747440499051,1.5934355051406113,-0.0027776516352977926,0.011382457714584297
251,0,34.10561666666667,Forward,0.07229660421819248,19955.0,19949.33621061903,ok,0.0005293045438573834,0.004774232400914969,14542.961454218988,ok,-4.590251518282457,69.0848790118014,-0.006533474176712487,-0.8287036185884062,61.38978654902792,-0.0011795244052817022,1.5934355051406113,-0.004653978110156758,0.011382457714584297
252,0,34.24065,Forward,0.07345302284601643,19955.0,19944.57179470808,ok,0.0005320105421272205,0.003921773131366034,14540.230844650205,ok,-9.354667429230176,69.07809764302515,-0.013314842952979961,-3.5593131873720267,61.385899971781924,-0.005066101651272608,1.5934355051406113,-0.005242336709190708,0.011382457714584297
253,0,34.37566666666667,Forward,0.07486843558143319,19950.0,19942.32136593351,ok,0.0005369252496422778,0.003688440634328565,14538.003821086035,ok,-11.605096203802532,69.0748945248024,-0.01651796117572622,-5.786336751541967,61.38273016705783,-0.008235906375367287,1.5934355051406113,-0.0033945755402020657,0.011382457714584297
254,0,34.5115,Forward,0.07617263698444307,19940.0,19937.406533926543,ok,0.0005296787334922637,0.0022191992760326454,14535.3117501535,ok,-16.51992821076783,69.06789906325253,-0.023513422725598497,-8.478407684076956,61.3788984432733,-0.012067630159901168,1.5934355051406113,-0.004284432365906303,0.011382457714584297
255,0,34.646033333333335,Forward,0.0776549963333523,19935.0,19933.558247532288,ok,0.0005380361070522954,0.0026542405093965844,14532.526176193593,ok,-20.36821460502324,69.06242165538472,-0.028990830593407322,-11.263981643984152,61.3749336331835,-0.01603244024969471,1.5934355051406113,-0.003444171065498363,0.011382457714584297
256,0,34.7824,Forward,0.07912847181114047,19935.0,19928.839990746892,ok,0.0005318035681091149,0.0037177148707993103,14529.563564088678,ok,-25.08647139041932,69.05570598659321,-0.03570649938491141,-14.226593748899177,61.37071683817652,-0.020249235256675213,1.5934355051406113,-0.0034406489749800664,0.011382457714584297
257,0,34.918,Forward,0.08078864264786229,19925.0,19923.508031304573,ok,0.0005254859976921993,0.0032499338995523744,14526.25446410317,ok,-30.418430832738522,69.04811681218982,-0.043295673788301306,-17.535693734405868,61.36600687419801,-0.024959199235197505,1.5934355051406113,-0.0035247995470592125,0.011382457714584297
258,0,35.05385,Forward,0.08220754556014322,19915.0,19918.78713603081,ok,0.0005338084240409551,0.0020430350055638223,14523.939013488764,ok,-35.13932610650227,69.04139738794058,-0.05001509803755036,-19.85114434881325,61.362711207993996,-0.028254865439201974,1.5934355051406113,-0.004992792253755561,0.011382457714584297
259,0,35.189433333333334,Forward,0.08375415529893676,19915.0,19914.72344028215,ok,0.0005408592847001086,0.0023590737935072262,14519.796813375684,ok,-39.20302185516266,69.03561337999894,-0.055799105979194324,-23.993344461892775,61.35681546189691,-0.034150611536293146,1.5934355051406113,-0.0013823090350002648,0.011382457714584297
260,0,35.325266666666664,Forward,0.0853502080879604,19895.0,19910.33758776375,ok,0.0005247967928814993,0.0021093103202291137,14516.618351119778,ok,-43.58887437355952,69.02937083445264,-0.06204165152548656,-27.171806717798972,61.35229143941406,-0.0386746340191371,1.5934355051406113,-0.00041611653107456736,0.011382457714584297
261,0,35.459783333333334,Forward,0.08690789118701313,19890.0,19904.793353545945,ok,0.0005204642467634565,0.0022893824582039136,14514.093818383732,ok,-49.13310859136618,69.02147952153712,-0.06993296444100175,-29.696339453845212,61.34869817891983,-0.04226789451336706,1.5934355051406113,-0.0025818005958646445,0.011382457714584297
262,0,35.594033333333336,Forward,0.08837506502389238,19895.0,19899.94343590146,ok,0.0005215206927036719,0.0017661376300858245,14510.864745649595,ok,-53.98302623585187,69.01457645499202,-0.07683603098609726,-32.92541218798215,61.34410212067789,-0.04686395275531367,1.5934355051406113,-0.0021613447545482806,0.011382457714584297
263,0,35.72933333333334,Forward,0.08981605867260528,19890.0,19896.126773394408,ok,0.0005266705397331168,0.002705915879575315,14507.604592092928,ok,-57.79968874290353,69.0091440585685,-0.08226842740963335,-36.18556574464856,61.33946182395563,-0.051504249477565454,1.5934355051406113,-0.00019972762646076891,0.011382457714584297
264,0,35.86566666666667,Forward,0.09115115623286549,19905.0,19892.376866373204,ok,0.000531022755830713,0.002239468044054043,14505.360268039805,ok,-61.549595764106925,69.00380667768849,-0.08760580828964065,-38.429889797771466,61.33626739480794,-0.05469867862526057,1.5934355051406113,-0.0004469916838746174,0.011382457714584297
265,0,36.0015,Forward,0.09243361964631705,19875.0,19888.400603113012,ok,0.0005415679068478572,0.002109163807570972,14502.527356566696,ok,-65.52585902429928,68.99814711563033,-0.09326537034779948,-41.26280127088103,61.332235207490804,-0.05873086594239462,1.5934355051406113,0.0003184766924656107,0.011382457714584297
266,0,36.1376,Forward,0.09380032360217497,19885.0,19883.660945892694,ok,0.0005345179187628667,0.001981358491131114,14500.403475150075,ok,-70.26551624461717,68.991400986811,-0.10001149916712017,-43.38668268750189,61.329212208787,-0.06175386464619639,1.5934355051406113,-0.0016106986602232864,0.011382457714584297
267,0,36.27265,Forward,0.09493237667713561,19885.0,19880.2627348598,ok,0.0005296977356936349,0.0019815063950452626,14498.567940863835,ok,-73.6637272775115,68.98656418779422,-0.10484829818390737,-45.222216973741524,61.32659962518198,-0.06436644825122383,1.5934355051406113,-0.002284514200611515,0.011382457714584297
268,0,36.40743333333333,Forward,0.09598286658520463,19870.0,19876.24334987919,ok,0.0005308210029095338,0.0013483176643333242,14496.067951767418,ok,-77.68311225812067,68.98084324900198,-0.11056923697614636,-47.72220607015879,61.32304129855468,-0.06792477487852301,1.5934355051406113,-0.0023354890060247463,0.011382457714584297
269,0,36.54246666666667,Forward,0.09695847979257975,19880.0,19874.25392376213,ok,0.0005242329385958571,0.0012476074759595495,14494.282172987587,ok,-79.67253837518001,68.97801162548188,-0.11340086049623356,-49.50798484998995,61.32049953379584,-0.07046653963735558,1.5934355051406113,-0.0011169743136729693,0.011382457714584297
270,0,36.677233333333334,Forward,0.09795722823398709,19870.0,19870.574435404433,ok,0.0005289853724961843,0.0012601860994979556,14492.389083939912,ok,-83.35202673287858,68.97277447408119,-0.11863801189693347,-51.4010738976649,61.31780503037747,-0.07316104305572804,1.5934355051406113,-0.00206060829881545,0.011382457714584297
271,0,36.813066666666664,Forward,0.09868301821543038,19855.0,19868.54582576357,ok,0.0005255825511507959,0.0010865106655396886,14490.787973643972,ok,-85.38063637374216,68.96988707920742,-0.12152540677070532,-53.00218419360499,61.3155261110784,-0.07543996235479669,1.5934355051406113,-0.001316692248101159,0.011382457714584297
272,0,36.94838333333333,Forward,0.09943135774561196,19865.0,19866.09590590543,ok,0.0005339137798691006,0.0017658730558964184,14489.995707068127,ok,-87.83055623188193,68.96640001797245,-0.1250124680056767,-53.79445076945012,61.31439844885908,-0.07656762457411957,1.5934355051406113,-0.003006896464997799,0.011382457714584297
273,0,37.083666666666666,Forward,0.10009726566932502,19860.0,19864.007785433063,ok,0.0005267217199388051,0.0022721049614761075,14488.219197318293,ok,-89.91867670424836,68.96342791913871,-0.12798456683941892,-55.5709605192842,61.31186987705229,-0.07909619638091281,1.5934355051406113,-0.0019498792044981283,0.011382457714584297
274,0,37.21843333333333,Forward,0.10076435820247207,19855.0,19862.596314241982,ok,0.000529960135025307,0.0021195853324862627,14487.291611288965,ok,-91.33014789532899,68.96141892016743,-0.1299935658106887,-56.49854654861156,61.31054960966712,-0.08041646376607718,1.5934355051406113,-0.0018551172479678302,0.011382457714584297
275,0,37.35346666666667,Forward,0.10122190319773623,19855.0,19860.4428713224,ok,0.0005258848581311008,0.0011760357678562109,14486.183907528368,ok,-93.48359081491071,68.95835384548687,-0.13305864049125343,-57.60625030920892,61.308972974076134,-0.08199309935706504,1.5934355051406113,-0.002407924799184169,0.011382457714584297
276,0,37.48905,Forward,0.101697717545155,19865.0,19859.091593972615,ok,0.000531929343308976,0.0018361797481186626,14485.292404532282,ok,-94.83486816469667,68.95643052262858,-0.13498196334954127,-58.49775330529519,61.307704065002156,-0.08326200843104338,1.5934355051406113,-0.0023093228861998105,0.011382457714584297
277,0,37.62381666666667,Forward,0.10205418374919016,19855.0,19858.303634466658,ok,0.0005219977608084448,0.0006788618950551658,14484.565198772661,ok,-95.62282767065335,68.95530899082058,-0.1361034951575389,-59.22495906491531,61.306669006240625,-0.08429706719257557,1.5934355051406113,-0.0017815553136651952,0.011382457714584297
278,0,37.758833333333335,Forward,0.10241553913430335,19870.0,19857.88897628431,ok,0.0005186168093526937,0.0011928963314770363,14483.361918419834,ok,-96.03748585300127,68.95471879254589,-0.1366936934322396,-60.42823941774259,61.30495633296309,-0.08600974047011398,1.5934355051406113,0.000357280820769329,0.011382457714584297
279,0,37.893633333333334,Forward,0.10270453365254628,19855.0,19856.581830166524,ok,0.0005358491813590936,0.0019112156813626917,14482.946816401502,ok,-97.3446319707873,68.95285828329672,-0.13855420268140173,-60.84334143607521,61.304365502960266,-0.08660057047293095,1.5934355051406113,-0.0005617789244019011,0.011382457714584297
280,0,38.02838333333333,Forward,0.10295709269319041,19855.0,19856.29690537436,ok,0.0005226678941574209,0.0019747928565569204,14483.090345908027,ok,-97.6295567629495,68.95245273933807,-0.13895974664004596,-60.69981192954947,61.30456979379722,-0.08639627963598066,1.5934355051406113,-0.0012928471560176014,0.011382457714584297
281,0,38.162933333333335,Forward,0.10316036698713044,19860.0,19854.3182047781,ok,0.0005354268241962572,0.0018376387763062191,14482.74808166854,ok,-99.60825735921026,68.94963638184707,-0.14177610413105168,-61.04207616903659,61.30408263648974,-0.0868834369434604,1.5934355051406113,-0.0033329508966964128,0.011382457714584297
282,0,38.29783333333334,Forward,0.10338965899470091,19855.0,19854.535443448538,ok,0.0005265594517693807,0.0014079740920591123,14481.992833119624,ok,-99.39101868877333,68.94994558565384,-0.14146690032428205,-61.797324717952506,61.30300766339258,-0.08795841004061827,1.5934355051406113,-0.001310846789844472,0.011382457714584297
283,0,38.432066666666664,Forward,0.10342403083318594,19850.0,19854.09487084343,ok,0.000529590565076295,0.002110042473054882,14481.83188498758,ok,-99.8315912938815,68.94931850242605,-0.1420939835520696,-61.95827284999723,61.3027785799839,-0.08818749344929776,1.5934355051406113,-0.0015729003806034814,0.011382457714584297
284,0,38.567366666666665,Forward,0.10366084426397755,19845.0,19853.756992298684,ok,0.0005341975751454307,0.0024839712087476036,14481.757553220326,ok,-100.16946983862726,68.94883758743956,-0.14257489853857291,-62.0326046172504,61.3026727808398,-0.08829329259340211,1.5934355051406113,-0.0018852312544774263,0.011382457714584297
285,0,38.70218333333333,Forward,0.10383616138922938,19845.0,19852.882027778534,ok,0.0005346863989370913,0.0021282871937456185,14481.23676768978,ok,-101.04443435877693,68.94759221818796,-0.1438202677901638,-62.55339014779747,61.30193152759869,-0.08903454583451163,1.5934355051406113,-0.0019494612733838568,0.011382457714584297
286,0,38.8373,Forward,0.10393688270603424,19840.0,19852.694439980325,ok,0.0005256691824094362,0.0014097338083290153,14481.26397410611,ok,-101.2320221569862,68.94732521756052,-0.14408726841759897,-62.52618373146652,61.30197025149384,-0.08899582193935443,1.5934355051406113,-0.00227816593025984,0.011382457714584297
287,0,38.97266666666667,Forward,0.10391455567610708,19855.0,19853.63846246777,ok,0.0005253148175713684,0.0010662401153680365,14481.168719618801,ok,-100.28799966954102,68.94866887956235,-0.1427436064157689,-62.62143821877544,61.3018346722711,-0.08913140116209857,1.5934355051406113,-0.0007184671811498733,0.011382457714584297
288,0,39.10851666666667,Forward,0.10407698368053739,19855.0,19852.33509219335,ok,0.0005265343181537344,0.0012271218143972845,14480.961036330946,ok,-101.59136994396249,68.94681374461022,-0.14459874136789755,-62.829121506631054,61.301539068992554,-0.08942700444064117,1.5934355051406113,-0.0021025773738128084,0.011382457714584297
289,0,39.24381666666667,Forward,0.1040891087332366,19845.0,19851.58288447257,ok,0.00052600758437306,0.001832327039891812,14480.816719410102,ok,-102.34357766474204,68.94574309963583,-0.14566938634228793,-62.97343842747432,61.30133365739979,-0.08963241603341265,1.5934355051406113,-0.002845912223113617,0.011382457714584297
290,0,39.37886666666667,Forward,0.10417429005818973,19855.0,19853.545648868097,ok,0.000530692376442612,0.0023867154947836986,14480.982670171605,ok,-100.38081326921383,68.94853677454495,-0.1428757114331726,-62.807487665972076,61.301569861235365,-0.08939621219783582,1.5934355051406113,-0.0004286128920568122,0.011382457714584297
291,0,39.514716666666665,Forward,0.1042135031117479,19850.0,19851.748795975793,ok,0.0005179302266863339,0.0011314868356247806,14480.370837575363,ok,-102.17766616151857,68.94597924759366,-0.14543323838446628,-63.41932026221366,61.30069901734977,-0.09026705608342557,1.5934355051406113,-0.0015985062766171731,0.011382457714584297
292,0,39.65125,Forward,0.10429034904546547,19840.0,19852.057808276335,ok,0.0005285356285617126,0.0016722288551522587,14480.59051989839,ok,-101.86865386097634,68.94641907619081,-0.14499340978731032,-63.199637939187596,61.30101169929735,-0.08995437413585594,1.5934355051406113,-0.0016569161965351575,0.011382457714584297
293,0,39.78628333333333,Forward,0.10435911672066078,19855.0,19851.953999389207,ok,0.0005271550971998888,0.0013703807790429593,14480.58396298314,ok,-101.97246274810459,68.9462713211755,-0.14514116480262143,-63.206194854436035,61.30100236659819,-0.08996370683500847,1.5934355051406113,-0.0017898001576578393,0.011382457714584297
294,0,39.92111666666667,Forward,0.10445303286006397,19865.0,19851.973771731064,ok,0.0005279801592990168,0.0014391042213495644,14480.132586803926,ok,-101.95269040624771,68.94629946387845,-0.14511302209967356,-63.65757103365104,61.30035990624518,-0.09060616718802804,1.5934355051406113,-0.0007379383175634135,0.011382457714584297
295,0,40.05628333333333,Forward,0.10424706282355196,19855.0,19852.063603548537,ok,0.0005279931262384036,0.0007533757031349384,14480.39030269224,ok,-101.86285858877454,68.94642732481535,-0.14498516116277926,-63.399855145336915,61.30072672276808,-0.09023935066511583,1.5934355051406113,-0.0011945758521496597,0.011382457714584297
296,0,40.190783333333336,Forward,0.104244333841989,19860.0,19852.402250470423,ok,0.0005298245733120116,0.0019382087419406622,14480.003902124514,ok,-101.52421166688873,68.94690933346135,-0.14450315251677112,-63.78625571306293,61.30017674459781,-0.09078932883538603,1.5934355051406113,0.00016378753741927432,0.011382457714584297
297,0,40.326633333333334,Forward,0.10443636731906053,19850.0,19851.596311946556,ok,0.0005306155094175768,0.0020629983003523813,14480.19330915022,ok,-102.33015019075538,68.94576221145448,-0.14565027452364335,-63.596848687357124,61.3004463345988,-0.09051973883440068,1.5934355051406113,-0.001412908748853886,0.011382457714584297
298,0,40.461666666666666,Forward,0.10412116705440753,19860.0,19851.78280714269,ok,0.0005267631443609532,0.0016610585837058618,14480.564876935006,ok,-102.14365499462292,68.94602765694111,-0.14538482903701602,-63.225280902570375,61.30097520072239,-0.08999087271080515,1.5934355051406113,-0.001990177321029768,0.011382457714584297
299,0,40.596983333333334,Forward,0.10395569093074672,19865.0,19853.613705860906,ok,0.0005345011291532371,0.002220236055643196,14480.230678606895,ok,-100.31275627640571,68.94863364257131,-0.14277884340681596,-63.55947923068197,61.300499523923875,-0.09046654950932503,1.5934355051406113,0.0013737686089035084,0.011382457714584297
300,0,40.73258333333333,Forward,0.10369420587899456,19835.0,19853.13219580732,ok,0.0005203834179307756,0.0018259749563316835,14480.170973230152,ok,-100.79426632999093,68.9479482915642,-0.14346419441392233,-63.61918460742527,61.3004145430605,-0.09055153037270681,1.5934355051406113,0.0008238291267671505,0.011382457714584297
301,0,40.86815,Forward,0.10325914974031683,19860.0,19854.448252240836,ok,0.0005282454628943518,0.001589194764843917,14480.812437629835,ok,-99.47820989647516,68.94982148319417,-0.14159100278395936,-62.977720207742095,61.30132756298411,-0.08963851044908866,1.5934355051406113,0.0012421823935361842,0.011382457714584297
302,0,41.00265,Forward,0.10288968287961095,19840.0,19854.769277241154,ok,0.0005248188241227625,0.001668690176761413,14480.129709555913,ok,-99.15718489615756,68.95027840990969,-0.1411340760684405,-63.660448281663776,61.30035581095203,-0.09061026248117622,1.5934355051406113,0.003247533299175903,0.011382457714584297
303,0,41.13848333333333,Forward,0.10219755864008787,19850.0,19857.777171938753,ok,0.0005317582038245592,0.0016130950055454924,14480.503650716213,ok,-96.14929019855845,68.95455965729988,-0.13685282867823487,-63.286507121363684,61.300888055188466,-0.090078018244733,1.5934355051406113,0.006680683825626449,0.011382457714584297
304,0,41.2738,Forward,0.1016628968779954,19860.0,19859.65628413325,ok,0.0005256756778456809,0.001820195446626791,14479.81874732976,ok,-94.27017800406247,68.95723426694796,-0.13417821903016078,-63.97141050781647,61.299913206953875,-0.09105286647932528,1.5934355051406113,0.010908651262823532,0.011382457714584297
305,0,41.40936666666666,Forward,0.10069833130579536,19865.0,19861.592705555897,ok,0.0005243506117121709,0.0018246627842303444,14480.761897309327,ok,-92.33375658141449,68.9599904469328,-0.13142203904531383,-63.02826052825003,61.30125562708308,-0.08971044635011853,1.5934355051406113,0.011525771350976988,0.011382457714584297
306,0,41.5444,Forward,0.09970883596791882,19870.0,19864.777010048532,ok,0.0005227971374003478,0.0018417309793882979,14480.001494464244,ok,-89.14945208877907,68.96452278488653,-0.12688970109159586,-63.78866337333238,61.30017331768621,-0.09079275574699079,1.5934355051406113,0.017782699525218548,0.011382457714584297
307,0,41.67945,Forward,0.09840101650670821,19880.0,19868.30434788779,ok,0.0005348933473294569,0.0018733656095665198,14480.677510429481,ok,-85.62211424951965,68.96954337484627,-0.12186911113186197,-63.112647408095654,61.30113551612661,-0.08983055730659419,1.5934355051406113,0.02127008832703356,0.011382457714584297
308,0,41.814483333333335,Forward,0.09710809679037471,19880.0,19871.738101419873,ok,0.0005249726920945511,0.0013327625430886022,14480.56877155955,ok,-82.18836071743863,68.97443076281219,-0.11698172316593174,-63.22138627802633,61.30098074408506,-0.08998532934814078,1.5934355051406113,0.026404095559167243,0.011382457714584297
309,0,41.950066666666665,Forward,0.09549376168070475,19870.0,19877.729722370386,ok,0.0005246426287966082,0.0019933440042005962,14480.46975164423,ok,-76.19673976692502,68.98295885775447,-0.10845362822365773,-63.32040619334657,61.30083980538984,-0.09012626804336224,1.5934355051406113,0.03515676722245531,0.011382457714584297
310,0,42.08565,Forward,0.09362563371887142,19895.0,19884.033886864563,ok,0.0005239930875142673,0.0015624795242420479,14480.004129182342,ok,-69.89257527274822,68.99193180744238,-0.09948067853573664,-63.786028655234986,61.30017706777759,-0.09078900565561046,1.5934355051406113,0.045185746552324824,0.011382457714584297
311,0,42.222116666666665,Forward,0.09133279451082785,19890.0,19889.745084907103,ok,0.0005244743331657635,0.0013703618279273884,14481.059384475539,ok,-64.18137723020845,69.00006076612371,-0.09135171985440795,-62.730773362038235,61.30167905153174,-0.08928702190145664,1.5934355051406113,0.05092139099164043,0.011382457714584297
312,0,42.357416666666666,Forward,0.0888908629559258,19900.0,19896.746218590837,ok,0.0005279210151630927,0.0012066209388319241,14481.979445677327,ok,-57.18024354647423,69.01002573774852,-0.08138674822960583,-61.81071216024975,61.30298860855252,-0.08797746488068377,1.5934355051406113,0.0587996679635369,0.011382457714584297
313,0,42.49386666666667,Forward,0.08585506116580949,19895.0,19905.527195449893,ok,0.0005165660130951162,0.00153679131343168,14483.596350453101,ok,-48.399266687418276,69.02252402576748,-0.06888846021064812,-60.193807384475804,61.305290008716895,-0.08567606471630347,1.5934355051406113,0.0676308232490346,0.011382457714584297
314,0,42.62813333333333,Forward,0.08260766054488586,19915.0,19915.164184459936,ok,0.0005220451814963157,0.0018334944245004187,14486.70707594852,ok,-38.762277677375096,69.03624070743244,-0.05517177854568826,-57.08308188905721,61.309717618971845,-0.08124845446135101,1.5934355051406113,0.07429239353082855,0.011382457714584297
315,0,42.76425,Forward,0.07902960903423686,19935.0,19927.07252621598,ok,0.0005257072554492738,0.0010902903977233458,14491.198408430831,ok,-26.853935921331868,69.05319028917991,-0.038222196798218554,-52.59174940674529,61.31611029803864,-0.07485577539456327,1.5934355051406113,0.08105565348030952,0.011382457714584297
316,0,42.900816666666664,Forward,0.07524906470397298,19935.0,19938.579874718864,ok,0.000533084711035274,0.0017780288762848668,14496.200393233614,ok,-15.346587418447598,69.06956912245006,-0.02184336352806328,-47.589764603962976,61.323229807375135,-0.06773626605806515,1.5934355051406113,0.08609000779450861,0.011382457714584297
317,0,43.035833333333336,Forward,0.0718280795234574,19960.0,19948.875763494252,ok,0.0005282106329014828,0.001974167896487477,14502.127788364494,ok,-5.05069864305915,69.08422364043723,-0.007188845540893346,-41.662369473082435,61.331666487341046,-0.05929958609215564,1.5934355051406113,0.08730122037848985,0.011382457714584297
318,0,43.17146666666667,Forward,0.06854843131493868,19950.0,19959.802087107928,ok,0.000530853859182447,0.0021961724162856498,14507.450642420408,ok,5.875624970616627,69.09977547956674,0.00836299358862466,-36.33951541716851,61.33924270171235,-0.05172337172084916,1.5934355051406113,0.09078085053421156,0.011382457714584297
319,0,43.3073,Forward,0.06611372136254165,19975.0,19968.242250627798,ok,0.0005321837979264367,0.0019167705382879706,14512.004781329237,ok,14.315788490486739,69.1117886753981,0.020376189419979738,-31.78537650834005,61.34572477548096,-0.04524129795223668,1.5934355051406113,0.09246527987571888,0.011382457714584297
320,0,43.44291666666667,Forward,0.06426719416952117,19975.0,19974.35590829901,ok,0.000528776562635889,0.0024579394606742953,14515.955242587073,ok,20.42944616169916,69.12049046970307,0.029077983724940238,-27.8349152505034,61.35134761259814,-0.0396184608350592,1.5934355051406113,0.0922074458785463,0.011382457714584297
321,0,43.57848333333333,Forward,0.0632584138464962,19985.0,19978.813462290826,ok,0.0005225637612990227,0.0033267203700722207,14518.233340393801,ok,24.887000153514236,69.1268350705993,0.0354225846211723,-25.5568174437758,61.3545901131742,-0.0363759602590016,1.5934355051406113,0.09338533123144932,0.011382457714584297
322,0,43.714333333333336,Forward,0.062358298498786824,19985.0,19981.377558873744,ok,0.0005349871746711767,0.0021138517360737687,14520.405832216056,ok,27.4510967364331,69.13048464377505,0.039072157796928346,-23.384325621520475,61.357682300860056,-0.03328377257314355,1.5934355051406113,0.09210770276000056,0.011382457714584297
323,0,43.84936666666667,Forward,0.06183316805084761,19990.0,19982.74089768806,ok,0.000523144237583847,0.0025130822877027347,14521.993531087413,ok,28.814435550750204,69.13242513416037,0.04101264818225335,-21.79662675016334,61.359942131184184,-0.03102394224901161,1.5934355051406113,0.09044729927126031,0.011382457714584297
324,0,43.98466666666667,Forward,0.06126980599833022,19975.0,19984.497892947293,ok,0.0005269302675059393,0.0023050794821073907,14523.062623141803,ok,30.571430809981393,69.13492593027343,0.04351344429529259,-20.72753469577401,61.36146380931055,-0.029502264122647254,1.5934355051406113,0.09052339943035476,0.011382457714584297
325,0,44.11945,Forward,0.060925392273857744,19990.0,19985.69432899093,ok,0.0005250975500096964,0.0025117893180855713,14523.437065175842,ok,31.767866853617306,69.13662886179341,0.04521637581528654,-20.35309266173499,61.36199676645905,-0.02896930697414986,1.5934355051406113,0.09137709810721446,0.011382457714584297
326,0,44.25533333333333,Forward,0.06060966261975744,19975.0,19987.311024979954,ok,0.0005262451496333869,0.0025053495607995184,14523.961616354452,ok,33.38456284264248,69.13892996478391,0.047517478805791706,-19.828541483124354,61.36274337948585,-0.02822269394735454,1.5934355051406113,0.09248852139222347,0.011382457714584297
327,0,44.390366666666665,Forward,0.06013849721542484,19995.0,19988.443470062197,ok,0.0005380217656980555,0.0016972576528162654,14525.26214061622,ok,34.51700792488555,69.14054181560994,0.04912932963181105,-18.528017221357004,61.36459446360327,-0.026371609829936856,1.5934355051406113,0.09115078906254759,0.011382457714584297
328,0,44.52486666666667,Forward,0.059867108264470156,19995.0,19988.54485142607,ok,0.0005278982885300427,0.0016356210261152255,14525.924306136621,ok,34.61838928876023,69.14068611544192,0.049273629463799984,-17.865851700955318,61.365536948195015,-0.02542912523818347,1.5934355051406113,0.08979330048298872,0.011382457714584297
329,0,44.660183333333336,Forward,0.059435226976744054,19975.0,19991.295635805403,ok,0.0005397054432339669,0.0026541192484991387,14526.048947265997,ok,37.36917366809212,69.14460140823938,0.05318892226126169,-17.74121057157936,61.36571435450857,-0.025251718924631655,1.5934355051406113,0.09342590776160087,0.011382457714584297
330,0,44.79443333333333,Forward,0.05926691707626671,19980.0,19991.90306546934,ok,0.0005185496073648505,0.0020402262954231885,14526.08671415588,ok,37.97660333203021,69.14546598526914,0.054053499291017486,-17.703443681697536,61.365768109514974,-0.025197963918224087,1.5934355051406113,0.09420482965556778,0.011382457714584297
331,0,44.93001666666667,Forward,0.05906440432105121,19995.0,19993.26789577261,ok,0.0005299733257930025,0.0022398345343302376,14526.805858462549,ok,39.34143363529802,69.14740859854567,0.05599611256754039,-16.98429937502806,61.36679169411339,-0.0241743793198113,1.5934355051406113,0.09451642689046466,0.011382457714584297
332,0,45.06505,Forward,0.05873121495470303,19995.0,19995.078307355816,ok,0.0005292864761164032,0.003201821078415252,14526.7998032322,ok,41.151845218504604,69.14998542408148,0.05857293810335051,-16.990354605377433,61.36678307548084,-0.024182997952355532,1.5934355051406113,0.09710698566137652,0.011382457714584297
333,0,45.2009,Forward,0.058488931901442845,19995.0,19995.61901482219,ok,0.0005329145549730759,0.0035461800972732336,14527.397137634773,ok,41.69255268487905,69.15075503294814,0.05934254697001995,-16.39302020280411,61.367633283553005,-0.023332789880198504,1.5934355051406113,0.0965218427991138,0.011382457714584297
334,0,45.335683333333336,Forward,0.05818224594425595,19995.0,19996.4825910207,ok,0.0005244915280701563,0.002180255363513926,14527.544734804604,ok,42.55612888338874,69.15198419278178,0.06057170680366186,-16.24542303297312,61.36784336404506,-0.023122709388137055,1.5934355051406113,0.09741625291776759,0.011382457714584297
335,0,45.469966666666664,Forward,0.058088145323216274,19995.0,19995.923765468884,ok,0.0005222507977110308,0.00295569008328409,14527.877627644963,ok,41.997303331572766,69.1511887957763,0.05977630979817427,-15.912530192614213,61.368317182694746,-0.02264889073845417,1.5934355051406113,0.09586585645287751,0.011382457714584297
336,0,45.60503333333333,Forward,0.05793671396777967,20000.0,19998.286931984097,ok,0.0005230227561256613,0.0023064534711085363,14528.854418832047,ok,44.360469846786145,69.15455237778067,0.06313989180254237,-14.935739005530195,61.36970748559459,-0.021258587838616193,1.5934355051406113,0.09701408045374382,0.011382457714584297
337,0,45.74086666666667,Forward,0.05773020253905444,20000.0,19997.03252981488,ok,0.0005255378667225043,0.0033911423630332994,14528.942586261972,ok,43.1060676775669,69.15276694093757,0.061354454959449155,-14.847571575604888,61.36983297754733,-0.021133095885865937,1.5934355051406113,0.09502868027752892,0.011382457714584297
338,0,45.87511666666666,Forward,0.05742977650049935,19995.0,19998.042811914693,ok,0.0005275773422419115,0.002922345882718405,14528.76698269811,ok,44.1163497773814,69.15420491268793,0.06279242670980821,-15.02317513946764,61.369583034522364,-0.021383038910832302,1.5934355051406113,0.09686492011813162,0.011382457714584297
339,0,46.01018333333333,Forward,0.05743811749367515,19995.0,19998.040439911543,ok,0.0005178013222791975,0.0025611938385333584,14529.726386796809,ok,44.1139777742319,69.15420153652842,0.06278905055029656,-14.063771040768188,61.37094858973845,-0.0200174836947577,1.5934355051406113,0.09468561979309674,0.011382457714584297
340,0,46.14521666666667,Forward,0.05731569102929599,20000.0,19999.539958861806,ok,0.0005342378184807614,0.00246507474842342,14530.06717564927,ok,45.613496724494325,69.15633585712067,0.06492337114253642,-13.72298218830656,61.37143364707319,-0.019532426360012206,1.5934355051406113,0.09604703280612426,0.011382457714584297
341,0,46.28053333333333,Forward,0.05705731373795344,20015.0,19999.765418061626,ok,0.0005332841225537079,0.0026679065713941445,14530.198371971735,ok,45.83895592431509,69.15665676150991,0.06524427553177616,-13.591785865841302,61.37162038363468,-0.019345689798520447,1.5934355051406113,0.09607038452817515,0.011382457714584297
342,0,46.416133333333335,Forward,0.05708133907280435,19985.0,20000.05496196216,ok,0.0005234844852633777,0.0031486731161987557,14530.02945464011,ok,46.128499824848404,69.15706888001574,0.06565639403761936,-13.760703197467592,61.3713799573705,-0.01958611606269877,1.5934355051406113,0.09686560677972841,0.011382457714584297
343,0,46.55116666666667,Forward,0.05689920642726406,20000.0,20001.61432483226,ok,0.0005320505642912892,0.0026962369686165705,14530.374464732393,ok,47.6878626949474,69.15928837866485,0.06787589268673219,-13.415693105183891,61.371871022951474,-0.01909505048172508,1.5934355051406113,0.09830262409676527,0.011382457714584297
344,0,46.687016666666665,Forward,0.05668432556455573,20015.0,20001.88027582587,ok,0.0005279490966507722,0.002812017963700231,14530.443756516997,ok,47.95381368856033,69.15966691651667,0.06825443053855153,-13.346401320579389,61.37196964850251,-0.018996424930691824,1.5934355051406113,0.09852400849385415,0.011382457714584297
345,0,46.82261666666667,Forward,0.05663381587810089,20015.0,20001.26417026953,ok,0.0005411494694260396,0.0030046496804673117,14531.204642458179,ok,47.33770813221781,69.15878999076948,0.06737750479135433,-12.585515379398203,61.37305264550787,-0.017913427925335797,1.5934355051406113,0.09592139686636171,0.011382457714584297
346,0,46.95765,Forward,0.0565741962481352,20000.0,20002.05009329681,ok,0.0005235546099764387,0.0024012042980461916,14530.927085485038,ok,48.12363115949847,69.15990862398232,0.0684961380041904,-12.863072352538438,61.372657588437605,-0.018308484995597764,1.5934355051406113,0.09766952804151002,0.011382457714584297
347,0,47.0927,Forward,0.056438834366551345,20000.0,20002.2397440671,ok,0.0005232316550396679,0.0029943184014674966,14531.579131720811,ok,48.31328192978981,69.16017856091395,0.06876607493582844,-12.211026116765424,61.37358566987856,-0.017380403554640128,1.5934355051406113,0.09646062705346412,0.011382457714584297
348,0,47.22721666666666,Forward,0.056375563256721876,20000.0,20002.996728182297,ok,0.0005275474386630793,0.0032294245229504176,14531.165649459619,ok,49.070266044986056,69.16125600430657,0.06984351832844383,-12.624508377957682,61.37299714533579,-0.01796892809741706,1.5934355051406113,0.0984758463481869,0.011382457714584297
349,0,47.363083333333336,Forward,0.05615384293273724,20000.0,20003.068949555865,ok,0.0005287593648645099,0.0038616886057466337,14531.836867543976,ok,49.14248741855408,69.16135879964955,0.06994631367142974,-11.95329029360073,61.37395251477548,-0.01701355865772033,1.5934355051406113,0.09705632210543376,0.011382457714584297
350,0,47.49785,Forward,0.056162050272142196,20000.0,20003.933753182926,ok,0.0005269332205870963,0.002435333053945064,14531.896198737237,ok,50.00729104561469,69.1625897065275,0.0711772205493696,-11.893959100339998,61.37403696304972,-0.016929110383481195,1.5934355051406113,0.09815266610485313,0.011382457714584297
351,0,47.63235,Forward,0.05611685075257881,20000.0,20003.560998366036,ok,0.0005302375946162295,0.0030276793211572056,14532.150649974215,ok,49.634536228724755,69.16205915085736,0.07064666487922916,-11.63950786336136,61.37439913287405,-0.016566940559145614,1.5934355051406113,0.09704501617772583,0.011382457714584297
352,0,47.7674,Forward,0.05595695470094649,20010.0,20003.841130587327,ok,0.0005199048969331405,0.0026882576577857706,14532.18337447273,ok,49.9146684500156,69.16245787337323,0.0710453873951042,-11.606783364846706,61.37444571085897,-0.01652036257422697,1.5934355051406113,0.0973695196786736,0.011382457714584297
353,0,47.90298333333333,Forward,0.05585125865291053,19990.0,20005.47863952749,ok,0.0005248253382764257,0.003567089586150814,14533.074637953472,ok,51.55217739017826,69.16478860020422,0.07337611422610184,-10.715519884104651,61.375714279021935,-0.015251794411266275,1.5934355051406113,0.09767886495811867,0.011382457714584297
354,0,48.0383,Forward,0.05579978891932332,20005.0,20005.68637202814,ok,0.0005281230515353984,0.0031964920638797374,14533.03020955006,ok,51.75990989082857,69.16508427352915,0.07367178755102904,-10.759948287517545,61.37565104243778,-0.015315030995417403,1.5934355051406113,0.09807530170145609,0.011382457714584297
355,0,48.17333333333333,Forward,0.05552769682500053,20000.0,20005.6038212225,ok,0.000522237823600898,0.0029096402987634725,14533.355589707051,ok,51.67735908518807,69.16496677592477,0.07355428994664487,-10.434568130525804,61.37611416800832,-0.014851905424878813,1.5934355051406113,0.09721984336963722,0.011382457714584297
356,0,48.30811666666666,Forward,0.05530072158265174,20000.0,20006.734237746776,ok,0.0005274419026543589,0.0030531789333033623,14533.55820125754,ok,52.80777560946444,69.16657573942946,0.07516325345134019,-10.23195658003715,61.37640255249613,-0.014563520937068301,1.5934355051406113,0.09836928479232349,0.011382457714584297
357,0,48.44343333333333,Forward,0.055237880704272824,19990.0,20005.715186815018,ok,0.0005285730803840124,0.003250877997409199,14533.63832012524,ok,51.78872467770634,69.1651252866774,0.073712800699268,-10.15183771233751,61.376516588633606,-0.014449484799593444,1.5934355051406113,0.09673712280992977,0.011382457714584297
358,0,48.57848333333333,Forward,0.05499365598440641,20010.0,20007.142889118466,ok,0.0005340910748845922,0.0031520802358465765,14533.734228533807,ok,53.216426981154655,69.16715738798915,0.07574490201102851,-10.055929303769517,61.37665309860658,-0.014312974826618578,1.5934355051406113,0.09855170428394634,0.011382457714584297
359,0,48.71353333333333,Forward,0.05471031903129349,20010.0,20007.395986664662,ok,0.000530521136003539,0.0031665123418304366,14534.423865697489,ok,53.469524527350586,69.1675176310555,0.07610514507737777,-9.366292140088262,61.377634684600785,-0.0133313888324161,1.5934355051406113,0.09734785337578462,0.011382457714584297
360,0,48.84911666666667,Forward,0.054737715589459696,20010.0,20009.01666109355,ok,0.0005332589384869757,0.0026971298755809527,14534.732489180225,ok,55.090198956237145,69.1698243967061,0.0784119107279778,-9.057668657351314,61.37807395977923,-0.012892113653973723,1.5934355051406113,0.09895466236052759,0.011382457714584297
361,0,48.98441666666667,Forward,0.05448553884835996,20010.0,20009.711854757217,ok,0.000514112119583369,0.0030528684212044388,14535.370058748334,ok,55.785392619905906,69.17081389147154,0.07940140549341791,-8.420099089242285,61.37898143604551,-0.011984637387693502,1.5934355051406113,0.09849815222320436,0.011382457714584297
362,0,49.118916666666664,Forward,0.054335037492952876,20000.0,20010.051310237246,ok,0.0005236828270941408,0.002901399282049403,14535.743794763788,ok,56.12484809993475,69.17129705096816,0.07988456499003344,-8.046363073788598,61.37951338829173,-0.011452685141471549,1.5934355051406113,0.09813368012365052,0.011382457714584297
363,0,49.25395,Forward,0.05412458337358654,20000.0,20009.811094955265,ok,0.0005303982472028015,0.0027987147476815923,14536.29619927188,ok,55.88463281795339,69.17095514370328,0.07954265772516439,-7.49395856569754,61.38029964598901,-0.010666427444188999,1.5934355051406113,0.09653892192774137,0.011382457714584297
364,0,49.389783333333334,Forward,0.05398502133374988,20010.0,20009.196527576336,ok,0.0005285872713297226,0.003393115554585414,14536.580011970833,ok,55.27006543902462,69.1700804073007,0.07866792132257541,-7.210145866743915,61.380703607064405,-0.010262466368798863,1.5934355051406113,0.09502049960493096,0.011382457714584297
365,0,49.52455,Forward,0.053750164917663074,20015.0,20010.78210424195,ok,0.0005330541345937875,0.0033671111896255903,14536.527960079964,ok,56.85564210463781,69.17233721701118,0.08092473103305023,-7.262197757612739,61.38062951968956,-0.010336553743637915,1.5934355051406113,0.097395362768957,0.011382457714584297
366,0,49.65958333333333,Forward,0.053475308379059665,20015.0,20012.491841986895,ok,0.0005298791341209644,0.0029512157117936957,14537.163474097666,ok,58.56537984958413,69.17477074976227,0.0833582637841569,-6.626683739910732,61.38153407021518,-0.009432003218016943,1.5934355051406113,0.09838755259634559,0.011382457714584297
367,0,49.7941,Forward,0.05342487179305443,20015.0,20013.337556218787,ok,0.0005294163977132143,0.003562214960226387,14537.529249892064,ok,59.41109408147531,69.17597448600047,0.08456200002234167,-6.260907945512372,61.382054692385374,-0.008911381047826501,1.5934355051406113,0.09876171098378556,0.011382457714584297
368,0,49.9294,Forward,0.05313977655894003,20015.0,20013.3748487589,ok,0.0005317420563148868,0.004243508846674658,14537.971955922683,ok,59.448386621588725,69.17602756584736,0.08461507986923994,-5.818201914893507,61.38268481219633,-0.00828126123687429,1.5934355051406113,0.09781073555142009,0.011382457714584297
369,0,50.0647,Forward,0.053035775321922024,20010.0,20014.299191563372,ok,0.0005272308317784643,0.0034731502775713656,14538.033149819375,ok,60.37272942606069,69.17734321703105,0.08593073105292655,-5.757008018201304,61.382771911725015,-0.0081941617081843,1.5934355051406113,0.09898759925361106,0.011382457714584297
370,0,50.199733333333334,Forward,0.052874324311711365,20020.0,20015.0420219958,ok,0.0005205572358364393,0.003117047917623215,14539.099325290339,ok,61.11555985848827,69.17840051496529,0.08698802898717084,-4.690832547237733,61.38428943857069,-0.006676634862511323,1.5934355051406113,0.09762681603195598,0.011382457714584297
371,0,50.33505,Forward,0.05275716715294039,20025.0,20017.514267195696,ok,0.0005289778583088397,0.003436897405754714,14538.892536727612,ok,63.58780505838513,69.18191935268207,0.09050686670394835,-4.897621109965257,61.3839951087874,-0.006970964645800691,1.5934355051406113,0.10161464927564712,0.011382457714584297
372,0,50.469833333333334,Forward,0.0524303172917463,20015.0,20017.085602583134,ok,0.0005349784805451212,0.0035557512507919313,14539.467048426366,ok,63.15914044582314,69.18130921853898,0.08989673256086503,-4.32310941121068,61.38481283246399,-0.006153240969204266,1.5934355051406113,0.09970152519288093,0.011382457714584297
373,0,50.605666666666664,Forward,0.05227754093845369,20015.0,20017.940737301502,ok,0.0005239418243627951,0.0037205582622802775,14539.942130214698,ok,64.01427516419062,69.1825263633028,0.09111387732467847,-3.8480276228783623,61.38548903388423,-0.005477039548969893,1.5934355051406113,0.09984118660506643,0.011382457714584297
374,0,50.741,Forward,0.05227421752282756,20015.0,20016.71934262161,ok,0.0005303117484619093,0.003247024208649493,14540.149419241296,ok,62.79288048429953,69.18078790723588,0.08937542125775944,-3.640738596281153,61.38578407599619,-0.00518199743700835,1.5934355051406113,0.0976325999614362,0.011382457714584297
375,0,50.87656666666667,Forward,0.051986379696870894,20025.0,20017.528415459878,ok,0.0005226493629815575,0.004012003555771012,14539.88480647222,ok,63.60195332256626,69.18193949042796,0.0905270044498441,-3.905351365356182,61.38540744288868,-0.005558630544517668,1.5934355051406113,0.09938432371943764,0.011382457714584297
376,0,51.011633333333336,Forward,0.05198879947690344,20035.0,20018.196406053663,ok,0.0005206823420837691,0.0036742187710511877,14540.28616250388,ok,64.26994391635162,69.18289026606138,0.09147778008324915,-3.5039953336963663,61.385978707722,-0.004987365711191415,1.5934355051406113,0.09942482568458241,0.011382457714584297
377,0,51.14613333333333,Forward,0.05181013189326757,20020.0,20019.022130807483,ok,0.0005202474271142659,0.0031493551218588806,14540.725117542226,ok,65.09566867017202,69.18406555053863,0.09265306456050944,-3.0650402953506273,61.386603488607406,-0.0043625848257982745,1.5934355051406113,0.09960456211612408,0.011382457714584297
378,0,51.28145,Forward,0.05150475447626559,20015.0,20019.466214801385,ok,0.0005292105183721404,0.003613130107932772,14541.5095179392,ok,65.5397526640736,69.18469763165552,0.09328514567739189,-2.280639898377558,61.3877199546044,-0.0032461188288011966,1.5934355051406113,0.09845762667310917,0.011382457714584297
379,0,51.41623333333333,Forward,0.05143801692231386,20030.0,20021.111404632713,ok,0.000531698693960907,0.003593806344009147,14541.585162037449,ok,67.18494249540163,69.18703929098201,0.09562680500389291,-2.2049958001280174,61.387827621637584,-0.0031384517956188846,1.5934355051406113,0.10062772552620435,0.011382457714584297
380,0,51.552083333333336,Forward,0.05134538899779487,20005.0,20021.30036471737,ok,0.0005285843075350905,0.003919610317515436,14541.840997045168,ok,67.37390258005689,69.18730824483534,0.09589575885720736,-1.9491607924082928,61.388191761033816,-0.0027743123993835155,1.5934355051406113,0.1003164467367369,0.011382457714584297
381,0,51.68728333333333,Forward,0.05115222521114028,20030.0,20021.668353374414,ok,0.0005238821442710124,0.004583354559271974,14542.67408943011,ok,67.74189123710312,69.1878320166545,0.09641953067636777,-1.1160684074675373,61.389377532132016,-0.0015885413011882566,1.5934355051406113,0.09895076878706341,0.011382457714584297
382,0,51.823116666666664,Forward,0.05103549292178874,20025.0,20021.930775783978,ok,0.0005219356233354648,0.0029765661768001725,14542.04405143839,ok,68.00431364666656,69.18820553214258,0.09679304616445042,-1.7461063991868286,61.388480775836015,-0.0024852975971887867,1.5934355051406113,0.10075320759665168,0.011382457714584297
383,0,51.959266666666664,Forward,0.0510551299827959,20020.0,20022.711017531856,ok,0.0005233995236273292,0.0033389864007172957,14542.373016057627,ok,68.78455539454444,69.18931607898104,0.0979035930029079,-1.4171417799498158,61.38894900330378,-0.002017070129417853,1.5934355051406113,0.10111766416348086,0.011382457714584297
384,0,52.09458333333333,Forward,0.05085021530677709,20015.0,20021.952542372375,ok,0.0005248023207918819,0.003302384584359624,14542.817052245771,ok,68.026080235064,69.18823651333012,0.09682402735200484,-0.9731055918055063,61.389581016376965,-0.0013850570562317884,1.5934355051406113,0.0990310264420501,0.011382457714584297
385,0,52.23068333333333,Forward,0.05068295395556415,20030.0,20022.346406762983,ok,0.0005300108223389762,0.003573051812950062,14542.905797360596,ok,68.41994462567163,69.18879711503462,0.0973846290564893,-0.8843604769808735,61.38970733056993,-0.001258742863271601,1.5934355051406113,0.09939035462666862,0.011382457714584297
386,0,52.36573333333333,Forward,0.05078356768223429,20015.0,20024.08011896589,ok,0.0005217040199501466,0.0027139525130341507,14543.278080623466,ok,70.15365682857737,69.1912647715154,0.09985228553727714,-0.5120772141108318,61.390237215059855,-0.0007288583733485341,1.5934355051406113,0.10101367434758972,0.011382457714584297
387,0,52.50131666666667,Forward,0.05059725346592265,20020.0,20023.994724667813,ok,0.0005306956477264431,0.003692485207094108,14543.338545421611,ok,70.06826253050167,69.19114322666343,0.0997307406853025,-0.4516124159654282,61.3903232768357,-0.0006427965974938328,1.5934355051406113,0.10075499560633275,0.011382457714584297
388,0,52.63635,Forward,0.050368734428688236,20015.0,20023.721316415267,ok,0.0005162212502927087,0.003169940221710739,14543.84346505899,ok,69.79485427795589,69.1907540746201,0.0993415886419791,0.053307221412978834,61.39104194756627,7.587413307240933e-05,1.5934355051406113,0.09922068810441977,0.011382457714584297
389,0,52.7722,Forward,0.05036493958542973,20025.0,20024.56900913435,ok,0.0005146763850027166,0.0030643875682568543,14543.63650003502,ok,70.64254699703815,69.19196062691204,0.10054814093390742,-0.1536578025570634,61.390747366619195,-0.00021870681400756837,1.5934355051406113,0.10089663613656326,0.011382457714584297
390,0,52.90725,Forward,0.05015526773074918,20015.0,20024.132011556914,ok,0.0005280323998369468,0.004490990050484488,14544.121397996132,ok,70.2055494196029,69.1913386321529,0.09992614617477766,0.33124015855537436,61.391437539759956,0.0004714663267561974,1.5934355051406113,0.0991748949902461,0.011382457714584297
391,0,53.04255,Forward,0.05021670172566341,20035.0,20025.666695102835,ok,0.000529278060914654,0.003139538433193355,14544.63795962505,ok,71.74023296552332,69.19352300381027,0.1021105178321391,0.8478017874731449,61.39217278096619,0.001206707532989184,1.5934355051406113,0.1001877072047535,0.011382457714584297
392,0,53.17733333333333,Forward,0.05013888517175998,20035.0,20025.189826117003,ok,0.0005337825578217457,0.004042356270242102,14544.917817914096,ok,71.26336397969135,69.19284425860596,0.1014317726278297,1.1276600765195326,61.392571113584204,0.001605040151003908,1.5934355051406113,0.09887424466404382,0.011382457714584297
393,0,53.313183333333335,Forward,0.05005410152854868,20030.0,20025.810801180593,ok,0.0005247949771344559,0.003521607627004513,14544.59429568099,ok,71.88433904328122,69.19372811530229,0.10231562932417579,0.8041378434136277,61.39211063246521,0.0011445590320127022,1.5934355051406113,0.10049184832483737,0.011382457714584297
394,0,53.44821666666667,Forward,0.04986309842366314,20015.0,20024.4904666715,ok,0.0005227641391427271,0.003401528631956132,14544.781344133697,ok,70.56400453418973,69.19184883452968,0.10043634855156156,0.9911862961198494,61.392376865422314,0.0014107919891137965,1.5934355051406113,0.09818834250573968,0.011382457714584297
395,0,53.58273333333333,Forward,0.049836387171556445,20025.0,20025.88485190093,ok,0.0005225969428994319,0.003972356229200027,14545.200150556982,ok,71.95838976361847,69.19383351442197,0.1024210284438457,1.4099927194056363,61.392972968041235,0.002006894608040186,1.5934355051406113,0.09922317132031921,0.011382457714584297
396,0,53.7183,Forward,0.04967673024605262,20025.0,20025.119048314402,ok,0.0005184925016168082,0.003935244198104776,14545.114731232261,ok,71.19258617709056,69.19274351795073,0.10133103197260962,1.3245733946841938,61.392851387567916,0.0018853141347181961,1.5934355051406113,0.09832690549200619,0.011382457714584297
397,0,53.85308333333333,Forward,0.04953997532753913,20015.0,20026.640971366833,ok,0.0005236099746043687,0.0030336710432232275,14545.948873304982,ok,72.71450922952135,69.19490972712738,0.10349724114925199,2.1587154674052726,61.39403865272542,0.003072579292221325,1.5934355051406113,0.09860128421266671,0.011382457714584297
398,0,53.98918333333334,Forward,0.04944191026571622,20030.0,20026.604952804344,ok,0.0005200846553393474,0.0033755362325166736,14546.055206350089,ok,72.67849066703275,69.1948584605798,0.10344597460166427,2.265048512512294,61.394190000467816,0.0032239270346208254,1.5934355051406113,0.09830885479871676,0.011382457714584297
399,0,54.12505,Forward,0.04927768641318569,20020.0,20026.894382718117,ok,0.0005344438613515836,0.003760312711085994,14545.92325051318,ok,72.9679205808061,69.19527041684407,0.1038579308659506,2.1330926756036206,61.39400218286143,0.0030361094282270284,1.5934355051406113,0.09902008630552149,0.011382457714584297
400,0,54.25983333333333,Forward,0.04913125033714067,20030.0,20029.162957803765,ok,0.0005263259574393148,0.0031385467294307097,14546.484883850791,ok,75.23649566645327,69.19849936338022,0.10708687740209923,2.6947260132146766,61.394801576291925,0.0038355028587281252,1.5934355051406113,0.10097525096693352,0.011382457714584297
401,0,54.39463333333333,Forward,0.04907984285815956,20025.0,20028.6404735127,ok,0.0005339225225502256,0.004187882587066977,14547.01914654686,ok,74.71401137538851,69.19775569223066,0.10634320625253076,3.2289887092829304,61.39556201207947,0.0045959386462748626,1.5934355051406113,0.0990198744341085,0.011382457714584297
402,0,54.53021666666667,Forward,0.04895915063636889,20030.0,20028.970108006448,ok,0.0005217333376731255,0.003948027998605786,14546.967226797164,ok,75.04364586913653,69.19822487315551,0.10681238717738392,3.1770689595869044,61.39548811278604,0.0045220393528376075,1.5934355051406113,0.0996068091169294,0.011382457714584297
403,0,54.66578333333333,Forward,0.0487962553326927,20040.0,20029.28267837595,ok,0.0005309776985892349,0.003807681197365762,14547.307011490948,ok,75.35621623863699,69.19866976608336,0.10725728010523396,3.516853653371072,61.395971740864724,0.005005667431525477,1.5934355051406113,0.09928107189291525,0.011382457714584297
404,0,54.80056666666667,Forward,0.048766698674872086,20025.0,20029.574297047253,ok,0.0005184667403804696,0.004312371291583958,14547.945809917253,ok,75.6478349099416,69.19908483768691,0.10767235170878929,4.155652079676656,61.39688096621017,0.005914892776970979,1.5934355051406113,0.09824735154886399,0.011382457714584297
405,0,54.93505,Forward,0.048641620192282777,20015.0,20030.060049419586,ok,0.0005206225936369978,0.004247071440303632,14547.153767708975,ok,76.13358728227468,69.19977622694266,0.1083637409645359,3.3636098713977844,61.39575362334148,0.0047875499082750605,1.5934355051406113,0.10073508895805774,0.011382457714584297
406,0,55.0701,Forward,0.04852637209560769,20040.0,20031.334766807457,ok,0.0005290308184012807,0.0038877914048601804,14548.452462153688,ok,77.4083046701453,69.20159057918525,0.11017809320712833,4.662304316110749,61.39760210301283,0.006636029579634542,1.5934355051406113,0.09960400806177533,0.011382457714584297
407,0,55.20486666666667,Forward,0.0484533503714939,20025.0,20030.989928640858,ok,0.0005361478240488254,0.0032754154400137605,14548.285983383868,ok,77.0634665035468,69.20109975831244,0.10968727233431935,4.495825546291599,61.397365147643555,0.006399074210358554,1.5934355051406113,0.0994907602875044,0.011382457714584297
408,0,55.34045,Forward,0.048275017069031576,20025.0,20031.852200558857,ok,0.0005230385708090615,0.004574450923981454,14548.712086091142,ok,77.92573842154525,69.20232706171556,0.11091457573743552,4.921928253565056,61.39797163533241,0.007005561899216198,1.5934355051406113,0.09975166467376413,0.011382457714584297
409,0,55.475233333333335,Forward,0.04827434067127493,20020.0,20032.098072989877,ok,0.0005244959469882577,0.004107782879577316,14548.691629226505,ok,78.17161085256521,69.20267702100918,0.1112645350310464,4.9014713889282575,61.397942518322964,0.006976444889765039,1.5934355051406113,0.10014802004403801,0.011382457714584297
410,0,55.6108,Forward,0.04821476333717631,20040.0,20032.325061639087,ok,0.0005261325768725452,0.004061091829062523,14549.197299321584,ok,78.3985995017756,69.2030001023201,0.11158761634197593,5.4071414840072975,61.39866225720763,0.007696183774437493,1.5934355051406113,0.09932424386170015,0.011382457714584297
411,0,55.746383333333334,Forward,0.048109610936743555,20030.0,20032.59481430445,ok,0.0005119052603250124,0.004408937711665549,14549.401329580827,ok,78.66835216714026,69.20338405123145,0.1119715652533242,5.611171743250452,61.39895266099591,0.007986587562710054,1.5934355051406113,0.09924545306598759,0.011382457714584297
412,0,55.8809,Forward,0.04791838828694645,20045.0,20032.50639343265,ok,0.0005303621835595132,0.0036892488178157418,14549.744157937435,ok,78.57993129533861,69.20325819854554,0.11184571256740981,5.954000099858604,61.39944062123208,0.00847454779888078,1.5934355051406113,0.09834206721466196,0.011382457714584297
413,0,56.0162,Forward,0.04773031060174948,20035.0,20032.448624087046,ok,0.0005164964831406554,0.0037093825529498467,14549.418246413943,ok,78.52216194973516,69.20317597330663,0.11176348732850898,5.628088576366281,61.398976739348015,0.008010665914816428,1.5934355051406113,0.09899900784002079,0.011382457714584297
414,0,56.15125,Forward,0.047624376199678575,20025.0,20034.795637092615,ok,0.0005235504284867894,0.0027553108820824856,14549.938266715248,ok,80.8691749553036,69.20651656342532,0.11510407744720196,6.148108877670893,61.39971690341014,0.008750829976939803,1.5934355051406113,0.10116019426249728,0.011382457714584297
415,0,56.28628333333333,Forward,0.047636102427109514,20030.0,20034.805407389882,ok,0.0005210779010272336,0.004693081054973659,14550.782440744573,ok,80.8789452525707,69.20653046984955,0.11511798387142275,6.992282906996479,61.40091844742125,0.009952373988043087,1.5934355051406113,0.09925951779843703,0.011382457714584297
416,0,56.42106666666667,Forward,0.04749275817030057,20030.0,20034.105299662544,ok,0.0005236549017817666,0.003645682555221923,14550.212906484318,ok,80.17883752523267,69.20553398071615,0.11412149473803612,6.422748646740729,61.40010780831632,0.009141734883123996,1.5934355051406113,0.0995547297966839,0.011382457714584297
417,0,56.55583333333333,Forward,0.04747847217522032,20035.0,20035.084399195464,ok,0.0005279666505320261,0.004676399522217247,14550.502423839776,ok,81.15793705815304,69.20692756916971,0.11551508319158563,6.712266002199613,61.400519889039586,0.009553815606384335,1.5934355051406113,0.10029169419480635,0.011382457714584297
418,0,56.69146666666666,Forward,0.04742953823054233,20030.0,20035.60810855394,ok,0.0005286729847394346,0.004522459142335371,14550.454601173009,ok,81.68164641662952,69.20767298400288,0.1162604980247556,6.664443335432225,61.4004518212753,0.009485747842092595,1.5934355051406113,0.10114557062035433,0.011382457714584297
419,0,56.8265,Forward,0.04727024402336594,20050.0,20036.534291809032,ok,0.0005220785839530776,0.004168749056529605,14551.119949995418,ok,82.60782967172054,69.20899125476777,0.11757876878964495,7.329792157841439,61.40139883677813,0.010432763344925695,1.5934355051406113,0.10095483325911081,0.011382457714584297
420,0,56.96208333333333,Forward,0.04704777431321378,20035.0,20036.451363007352,ok,0.0005345579170594388,0.0038433862538345687,14551.285055279017,ok,82.52490087004117,69.20887321914769,0.11746073316956619,7.494897441440116,61.401633837213836,0.010667763780639156,1.5934355051406113,0.10046233960104273,0.011382457714584297
421,0,57.097116666666665,Forward,0.04707726494729671,20030.0,20037.034527614367,ok,0.000522136423255971,0.004125688938497411,14551.414803788717,ok,83.10806547705579,69.20970325882755,0.11829077284942416,7.624645951140337,61.40181851305006,0.010852439616857933,1.5934355051406113,0.10099811024652816,0.011382457714584297
422,0,57.23243333333333,Forward,0.04688673738625185,20055.0,20038.322571066637,ok,0.0005214126170830767,0.004148873526749426,14551.06193646402,ok,84.39610892932615,69.21153657854879,0.12012409257065826,7.271778626443847,61.40131626398058,0.01035019054738368,1.5934355051406113,0.10363173146748636,0.011382457714584297
423,0,57.36725,Forward,0.04681346381229816,20040.0,20037.184712508013,ok,0.0005252777170696985,0.004093110228908543,14552.154666581737,ok,83.25825037070172,69.20991702252229,0.11850453654417158,8.364508744160048,61.40287158703375,0.011905513600549648,1.5934355051406113,0.09953386846612133,0.011382457714584297
424,0,57.50205,Forward,0.046819156109458,20050.0,20036.853551052638,ok,0.0005383374229803931,0.004433701263252944,14552.474242437956,ok,82.92708891532675,69.20944566821667,0.11803318223855294,8.68408460037972,61.40332645112906,0.012360377695860325,1.5934355051406113,0.098337717561021,0.011382457714584297
425,0,57.6379,Forward,0.04663701027134833,20040.0,20037.55591696329,ok,0.0005318207424459973,0.004045900938972824,14552.68106655098,ok,83.62945482597934,69.21044537150561,0.1190328855274849,8.890908713403405,61.4036208315124,0.012654758079196558,1.5934355051406113,0.09886834469512809,0.011382457714584297
426,0,57.77268333333333,Forward,0.046670721451093355,20035.0,20037.5815046045,ok,0.0005250345050338691,0.004128203391032543,14552.946477257246,ok,83.65504246718774,69.21048179133847,0.11906930536034421,9.156319419669671,61.40399860035332,0.013032526920121097,1.5934355051406113,0.09830281424412243,0.011382457714584297
427,0,57.90773333333333,Forward,0.046409257965593524,20035.0,20039.212518888653,ok,0.0005249424096536509,0.004343019337153614,14552.82848573702,ok,85.28605675134168,69.21280327408618,0.12139078810806,9.038327899443175,61.40383065867357,0.012864585240367717,1.5934355051406113,0.10089190122715022,0.011382457714584297
428,0,58.04333333333334,Forward,0.046376960431829324,20040.0,20040.247432693865,ok,0.0005225534724790951,0.004070479552597226,14553.526257234867,ok,86.32097055655322,69.21427630505073,0.1228638190726035,9.736099397290673,61.404823822565405,0.013857749132210056,1.5934355051406113,0.10078238958400851,0.011382457714584297
429,0,58.1781,Forward,0.04624180214424097,20035.0,20038.52235373827,ok,0.0005243489906643307,0.003928600298120152,14552.83687755262,ok,84.59589160095857,69.21182093658905,0.12040845061092387,9.046719715042855,61.403842603054024,0.012876529620822223,1.5934355051406113,0.09989053113011097,0.011382457714584297
430,0,58.31315,Forward,0.04612932651114583,20030.0,20039.52626691245,ok,0.0005224835016516867,0.0039773521311921144,14554.068559624115,ok,85.59980477513818,69.2132498432128,0.12183735723467641,10.27840178653787,61.40559570154459,0.01462962811139109,1.5934355051406113,0.09852598837498266,0.011382457714584297
431,0,58.44845,Forward,0.04600149339619612,20040.0,20039.411397306783,ok,0.000532360789539989,0.004565940484198006,14554.163203375745,ok,85.48493516947201,69.21308634506912,0.12167385909098648,10.373045538168299,61.40573041148473,0.014764338051533099,1.5934355051406113,0.09814783862977508,0.011382457714584297
432,0,58.584,Forward,0.046123383277505973,20040.0,20040.172790209777,ok,0.0005261540245738503,0.0037906282796719153,14554.206095009755,ok,86.24632807246599,69.2141700636519,0.12275757767377661,10.415937172178019,61.40579146072835,0.014825387295149354,1.5934355051406113,0.0991342791802251,0.011382457714584297
433,0,58.7193,Forward,0.045806812386120124,20030.0,20041.201602564193,ok,0.0005261250986242185,0.004220234610472317,14554.765772091612,ok,87.27514042688199,69.21563441019663,0.12422192421851122,10.975614254035463,61.406588069747926,0.015621996314731275,1.5934355051406113,0.09932928062944263,0.011382457714584297
434,0,58.85406666666667,Forward,0.0458231817306193,20035.0,20042.24317604576,ok,0.0005274271102516664,0.004056567875585481,14554.777593588127,ok,88.31671390844713,69.217116920124,0.12570443414587587,10.987435750550503,61.406604895719646,0.01563882228644622,1.5934355051406113,0.10078497945606818,0.011382457714584297
435,0,58.98895,Forward,0.04576258380946303,20040.0,20041.56051177547,ok,0.0005260547732811635,0.0035897528999258815,14554.820223283963,ok,87.63404963815992,69.21614525890598,0.12473277292785298,11.030065446386288,61.406665572137,0.015699498703804812,1.5934355051406113,0.09971663428030139,0.011382457714584297
436,0,59.12371666666667,Forward,0.04562233622487542,20035.0,20040.883683089487,ok,0.0005145384281356036,0.004220482936116319,14554.5473866273,ok,86.9572209521757,69.2151819036902,0.12376941771206063,10.75722878972374,61.40627723366717,0.015311160233970306,1.5934355051406113,0.09937207137035531,0.011382457714584297
437,0,59.25906666666667,Forward,0.04554809105648542,20045.0,20042.049789081495,ok,0.0005326137655076353,0.00436083977296232,14555.439843030515,ok,88.12332694418365,69.21684166532977,0.12542917935164596,11.649685192938705,61.40754749976065,0.01658142632745627,1.5934355051406113,0.09900774591560385,0.011382457714584297
438,0,59.39436666666667,Forward,0.04559723079818277,20045.0,20043.205488054526,ok,0.0005243842345726033,0.003975257702387971,14556.019417223184,ok,89.27902591721431,69.21848661427566,0.12707412829753167,12.229259385607293,61.408372429071434,0.017406355638237492,1.5934355051406113,0.09933822320845959,0.011382457714584297
439,0,59.52941666666667,Forward,0.04529378301701131,20050.0,20042.747091274385,ok,0.0005226233763292427,0.0035533013657211587,14555.488059033738,ok,88.82062913707341,69.21783416124256,0.126421675264444,11.697901196161183,61.40761612737522,0.016650053942022416,1.5934355051406113,0.09989088815071909,0.011382457714584297
440,0,59.66445,Forward,0.04539986219026892,20040.0,20042.953746158495,ok,0.0005228668302809809,0.003948568271957813,14556.063340571529,ok,89.02728402118373,69.21812830075615,0.1267158147780303,12.273182733952126,61.4084349467921,0.017468873358894573,1.5934355051406113,0.09888029173316275,0.011382457714584297
441,0,59.799533333333336,Forward,0.045252225018036114,20045.0,20042.608777890346,ok,0.0005235755772312009,0.003251153320631154,14555.779233313488,ok,88.68231575303435,69.21763729470501,0.12622480872688854,11.989075475910795,61.4080305664599,0.017064493026697835,1.5934355051406113,0.09903363966092384,0.011382457714584297
442,0,59.93483333333333,Forward,0.04518644124556832,20050.0,20044.022474285848,ok,0.000536093053162601,0.0038854025918228486,14556.74198195329,ok,90.09601214853683,69.21964946089176,0.1282369749136301,12.951824115712952,61.4094008820846,0.018434808651399386,1.5934355051406113,0.098862296278017,0.011382457714584297
443,0,60.0704,Forward,0.04522395994722416,20045.0,20043.505357452323,ok,0.0005204586229763291,0.004661273763887681,14556.389336022721,ok,89.57889531501132,69.21891342944234,0.12750094346421478,12.59917818514441,61.40889894813355,0.017932874700347743,1.5934355051406113,0.09892606420744289,0.011382457714584297
444,0,60.205983333333336,Forward,0.04499677884940095,20035.0,20045.26066979242,ok,0.0005230232762901332,0.0038625313209996043,14556.788100030999,ok,91.33420765510891,69.22141183019454,0.12999934421642095,12.997942193422205,61.409466523644454,0.018500450211255733,1.5934355051406113,0.10052006998871994,0.011382457714584297
445,0,60.34128333333334,Forward,0.04489492114003655,20045.0,20045.969655183944,ok,0.0005260986627866641,0.00417906500891406,14556.84597428335,ok,92.04319304663295,69.22242095523458,0.13100846925646273,13.055816445772507,61.409548898200995,0.018582824767796095,1.5934355051406113,0.1013979364856501,0.011382457714584297
446,0,60.47605,Forward,0.044909864603186515,20035.0,20044.3316406524,ok,0.0005139648423472365,0.004329868552726953,14556.391791953083,ok,90.40517851508775,69.22008950877674,0.1286770227986149,12.601634115506386,61.40890244374975,0.017936370316554366,1.5934355051406113,0.10009657350286702,0.011382457714584297
447,0,60.61165,Forward,0.044889791516374046,20055.0,20044.842970117923,ok,0.0005194265053107212,0.003887007274181568,14556.559542966048,ok,90.91650798061164,69.22081730285197,0.1294048168738386,12.769385128471185,61.409141209949595,0.018175136516392795,1.5934355051406113,0.10044390903784067,0.011382457714584297
448,0,60.746966666666665,Forward,0.044805094589980735,20055.0,20045.737151744986,ok,0.0005229393492359347,0.004499985173318689,14556.8915117463,ok,91.81068960767516,69.22209002452014,0.13067753854201772,13.101353908723468,61.40961371335047,0.018647639917266253,1.5934355051406113,0.10096372701076833,0.011382457714584297
449,0,60.88175,Forward,0.04472140137906227,20035.0,20045.515346471144,ok,0.0005171495403191465,0.0045138985082849295,14557.696173493589,ok,91.58888433383254,69.22177432089842,0.13036183492030165,13.906015656011732,61.410759018074174,0.01979294464097415,1.5934355051406113,0.09882305417809086,0.011382457714584297
450,0,61.017316666666666,Forward,0.044604622812812605,20055.0,20044.870215192743,ok,0.0005169145223466072,0.004416681244540504,14557.64458030227,ok,90.94375305543144,69.22085608177117,0.12944359579304787,13.854422464693926,61.410685583583316,0.019719510150113133,1.5934355051406113,0.09802182817587694,0.011382457714584297
451,0,61.15213333333333,Forward,0.04458816346218226,20030.0,20047.146941696774,ok,0.0005165944712404991,0.0045558904224212195,14557.539880668099,ok,93.22047955946255,69.22409663052156,0.1326841445434331,13.749722830521932,61.410536560734904,0.019570487301702875,1.5934355051406113,0.10149983522399628,0.011382457714584297
452,0,61.2874,Forward,0.04450277601627148,20040.0,20045.19437951173,ok,0.0005352372716400666,0.004139016982922247,14557.736118812116,ok,91.26791737441818,69.22131747679467,0.12990499081653972,13.945960974539048,61.41081587371836,0.019849800285166915,1.5934355051406113,0.09827561427220452,0.011382457714584297
453,0,61.42245,Forward,0.044424881610011666,20055.0,20045.12115163758,ok,0.000525291487854305,0.004656947707001078,14557.855315414936,ok,91.1946895002693,69.22121324886231,0.12980076288417877,14.06515757735906,61.410985530636594,0.02001945720339343,1.5934355051406113,0.0979010489826487,0.011382457714584297
454,0,61.5575,Forward,0.04434833729572003,20040.0,20046.582860706676,ok,0.0005251353734314699,0.0035041098259013933,14558.444487593997,ok,92.65639856936468,69.22329375325705,0.1318812672789302,14.654329756420339,61.411824121115174,0.02085804768197675,1.5934355051406113,0.09864531353455264,0.011382457714584297
455,0,61.69338333333334,Forward,0.04435095719532724,20060.0,20047.675901428756,ok,0.000526636541776406,0.005163075910900683,14558.770943646019,ok,93.74943929144501,69.22484951840487,0.13343703242673613,14.980785808442306,61.41228877804677,0.021322704613567965,1.5934355051406113,0.09946067782985141,0.011382457714584297
456,0,61.8292,Forward,0.04417608001480329,20055.0,20046.74618206754,ok,0.0005181249157075904,0.004329273211777644,14558.604833122823,ok,92.81971993023035,69.22352621456979,0.1321137285916647,14.814675285246267,61.41205234681648,0.021086273383283744,1.5934355051406113,0.09851411191163895,0.011382457714584297
457,0,61.9643,Forward,0.044153766083673926,20050.0,20046.90410645549,ok,0.0005303187143922529,0.0050496590867091865,14558.846613022524,ok,92.97764431817996,69.22375099417205,0.1323385081939223,15.056455184947481,61.412396481059425,0.021430407626223245,1.5934355051406113,0.09819053579266204,0.011382457714584297
458,0,62.0999,Forward,0.04408409695885957,20050.0,20047.423403041812,ok,0.0005228788219857895,0.004100882919029267,14559.135723670131,ok,93.49694090450066,69.22449012814396,0.13307764216583387,15.345565832554712,61.412807982900404,0.021841909467207602,1.5934355051406113,0.09827396812071842,0.011382457714584297
459,0,62.23493333333333,Forward,0.04414707834851494,20040.0,20047.13863378805,ok,0.0005256859267508613,0.004472135651771231,14558.839664790641,ok,93.21217165073904,69.22408480556885,0.13267231959072814,15.049506953064338,61.41238659138488,0.021420517951681116,1.5934355051406113,0.09854010574801761,0.011382457714584297
460,0,62.36976666666666,Forward,0.04407905312160588,20055.0,20048.27565793951,ok,0.0005260022256607922,0.0045308247802813935,14559.322141586348,ok,94.34919580219866,69.22570317395287,0.134290687974742,15.531983748771381,61.41307331839168,0.022107244958482354,1.5934355051406113,0.09906421893705544,0.011382457714584297
461,0,62.5048,Forward,0.04402752528737304,20055.0,20047.12437183173,ok,0.0005222890287106594,0.004599012179572655,14559.486275500889,ok,93.19790969441965,69.22406450600074,0.13265202002262147,15.69611766331218,61.41330693624201,0.022340862808812326,1.5934355051406113,0.0970532960075845,0.011382457714584297
462,0,62.6404,Forward,0.04401136872161584,20055.0,20048.236298657022,ok,0.0005237023130092388,0.003537336049010214,14559.170479771019,ok,94.3098365197111,69.22564715243537,0.13423466645724513,15.380321933442247,61.41285745253987,0.021891379106665807,1.5934355051406113,0.09935216573219048,0.011382457714584297
463,0,62.77596666666667,Forward,0.0440907070024135,20060.0,20048.270511594907,ok,0.0005339645140058387,0.004345102379743034,14559.388386300454,ok,94.34404945759525,69.2256958489709,0.13428336299278032,15.59822846287716,61.41316760693496,0.022201533501763692,1.5934355051406113,0.09890665124250128,0.011382457714584297
464,0,62.91101666666667,Forward,0.043928129073011406,20060.0,20047.60520461604,ok,0.0005291911815009656,0.004233082517498504,14559.860225501005,ok,93.67874247872896,69.22474889302553,0.13333640704740418,16.070067663427835,61.41383919306049,0.02287311962729086,1.5934355051406113,0.09688956611995034,0.011382457714584297
465,0,63.04578333333333,Forward,0.04406556473687435,20065.0,20049.161008783583,ok,0.0005256740690399379,0.004200187299797302,14559.79200812936,ok,95.23454664627207,69.22696332644213,0.13555084046400004,16.00185029178283,61.41374209676103,0.02277602332782433,1.5934355051406113,0.09925871622753393,0.011382457714584297
466,0,63.1811,Forward,0.043861491960631424,20045.0,20048.489191983244,ok,0.0005188904514496942,0.00407179963007298,14559.46885437044,ok,94.56272984593306,69.2260071048279,0.13459461884977816,15.678696532862887,61.413282140104926,0.022316066671723485,1.5934355051406113,0.0990354058799689,0.011382457714584297
467,0,63.31563333333333,Forward,0.04397051820751247,20035.0,20048.35116631148,ok,0.0005237895524560463,0.0036651439019994604,14560.09739663318,ok,94.42470417416916,69.22581064780184,0.13439816182370865,16.307238795603553,61.41417676747474,0.0232106940415381,1.5934355051406113,0.0974134178389662,0.011382457714584297
468,0,63.4504,Forward,0.04393755351553969,20055.0,20048.48406150442,ok,0.0005180878904823521,0.0035662556309183804,14560.165569061102,ok,94.5575993671082,69.22599980242829,0.1345873164501639,16.37541122352559,61.41427379980415,0.02330772637094716,1.5934355051406113,0.09744795770659456,0.011382457714584297
469,0,63.584916666666665,Forward,0.04394157771319437,20045.0,20047.871350761394,ok,0.0005348533839550084,0.0037923475464478654,14560.46904940361,ok,93.94488862408252,69.22512770864401,0.133715222665889,16.67889156603269,61.41470575456153,0.02373968112833089,1.5934355051406113,0.09588757187529004,0.011382457714584297
470,0,63.71995,Forward,0.043896389416996535,20045.0,20049.0673532732,ok,0.0005256114705726215,0.004801323621360078,14560.182579410073,ok,95.14089113588852,69.22683002310217,0.13541753712405002,16.39242157249646,61.41429801126081,0.02333193782761689,1.5934355051406113,0.09823959898579197,0.011382457714584297
471,0,63.85525,Forward,0.04391355426868121,20055.0,20049.033305022396,ok,0.00051338624172094,0.004636673561996652,14560.25809296642,ok,95.10684288508492,69.22678156097183,0.1353690749937067,16.467935128843237,61.414405492488896,0.02343941905569739,1.5934355051406113,0.09801987245048907,0.011382457714584297
472,0,63.9903,Forward,0.04403548566036872,20040.0,20049.41220519481,ok,0.000517162315242619,0.0055798894430121775,14560.395820838467,ok,95.48574305749935,69.227320863553,0.13590837757487503,16.605663000889763,61.41460152564565,0.02363545221245265,1.5934355051406113,0.09824680883949877,0.011382457714584297
473,0,64.12586666666667,Forward,0.04403776477568035,20055.0,20048.66927442954,ok,0.0005211501547433126,0.004271882743867583,14559.637482031827,ok,94.74281229222834,69.22626342281131,0.13485093683319654,15.847324194250177,61.413522154070776,0.022556080637573774,1.5934355051406113,0.09890927708847182,0.011382457714584297
474,0,64.26116666666667,Forward,0.044014114105903536,20040.0,20048.14001527238,ok,0.0005206094554394649,0.004156143057332425,14560.189734050635,ok,94.21355313506865,69.22551010874513,0.13409762276700235,16.399576213058026,61.41430819472444,0.023342121291238974,1.5934355051406113,0.09690345793624355,0.011382457714584297
475,0,64.39648333333334,Forward,0.04403839218325128,20040.0,20047.365366309077,ok,0.0005313843410720393,0.003991229149346075,14560.227000295803,ok,93.4389041717659,69.2244075223231,0.1329950363449735,16.436842458226238,61.414361237144774,0.023395163711572544,1.5934355051406113,0.09571635183837661,0.011382457714584297
476,0,64.53151666666666,Forward,0.04415592749369519,20055.0,20047.402523455352,ok,0.0005297316115967697,0.003950913777407354,14559.976428470281,ok,93.47606131804059,69.22446040945896,0.13304792348083067,16.18627063270469,61.41400458902976,0.023038515596553937,1.5934355051406113,0.0963375347435459,0.011382457714584297
477,0,64.66633333333333,Forward,0.04438694680231954,20040.0,20046.914663449214,ok,0.0005307361203288278,0.004354938229013083,14560.504674301534,ok,92.98820131190223,69.22376602033033,0.13235353435220437,16.714516463956897,61.414756460791835,0.023790387358634132,1.5934355051406113,0.09444508645390838,0.011382457714584297
478,0,64.80118333333333,Forward,0.04431724500236168,20040.0,20045.401107016456,ok,0.0005298751347341484,0.004768186515299317,14560.048898811901,ok,91.47464487914476,69.22161171967186,0.13019923369372582,16.25874097432461,61.414107738738146,0.023141665304944742,1.5934355051406113,0.09332448254874624,0.011382457714584297
479,0,64.93645,Forward,0.044557134582788066,20050.0,20046.404607037788,ok,0.0005174489496685644,0.004170511781007032,14559.739847272333,ok,92.47814490047676,69.22304003823993,0.1316275522618021,15.949689434755783,61.41366785429064,0.022701780857435926,1.5934355051406113,0.09545372861364221,0.011382457714584297
480,0,65.0715,Forward,0.04457430807729238,20055.0,20045.693861458636,ok,0.0005283001131637734,0.0045531579962013085,14559.137505136741,ok,91.76739932132477,69.22202840785995,0.1306159218818312,15.34734729916454,61.41281051852749,0.021844445094295926,1.5934355051406113,0.09580820747848541,0.011382457714584297
481,0,65.2063,Forward,0.04487850636258378,20045.0,20044.88489647303,ok,0.0005255552900738748,0.004795963717343379,14558.689310291127,ok,90.95843433572009,69.22087697817854,0.12946449220041573,14.899152453550414,61.41217258628385,0.02120651285065033,1.5934355051406113,0.09567328168396885,0.011382457714584297
482,0,65.3411,Forward,0.04518666470087776,20040.0,20043.940060872625,ok,0.0005237469235716298,0.004884368397740399,14557.916662732136,ok,90.01359873531328,69.21953215884307,0.12811967286493706,14.12650489455882,61.411072848534346,0.020106775101146713,1.5934355051406113,0.09608082352489268,0.011382457714584297
483,0,65.47613333333334,Forward,0.045552046867844996,20035.0,20043.192779334466,ok,0.0005257830687617218,0.004830929907948683,14557.34132276156,ok,89.26631719715442,69.21846852548597,0.12705603950784344,13.551164923983379,61.41025394594794,0.01928787251473862,1.5934355051406113,0.0963220586242332,0.011382457714584297
484,0,65.61143333333334,Forward,0.04598428395915574,20055.0,20040.129666626075,ok,0.0005280803351849382,0.004146015282044634,14556.708512530737,ok,86.20320448876373,69.21410868426574,0.1226961982876136,12.918354693159927,61.40935324382184,0.01838717038863999,1.5934355051406113,0.09339742815128456,0.011382457714584297
485,0,65.74595,Forward,0.04630941208835535,20020.0,20038.99981888532,ok,0.0005236789592278603,0.003987381239776112,14555.834435036095,ok,85.07335674800925,69.2125005303316,0.1210880443534696,12.044277198518103,61.40810913710635,0.017143063673149002,1.5934355051406113,0.09377167802978777,0.011382457714584297
486,0,65.88151666666667,Forward,0.04684522905091299,20035.0,20037.033507941236,ok,0.000530468392680191,0.003996863045885705,14554.734588468802,ok,83.10704580392485,69.2097018074892,0.11828932151107306,10.94443063122526,61.4065436849482,0.01557761151499746,1.5934355051406113,0.09346740223778888,0.011382457714584297
487,0,66.01521666666666,Forward,0.04736369023548245,20040.0,20035.69490825156,ok,0.0005260803929723557,0.0055881095831814605,14553.64424620943,ok,81.76844611424895,69.20779652921183,0.11638404323370205,9.854088371852413,61.404991760621826,0.01402568718862496,1.5934355051406113,0.09403501528335123,0.011382457714584297
488,0,66.1508,Forward,0.04810412975235733,20035.0,20032.822433272395,ok,0.0005314118808961301,0.0050227456038517025,14551.871549374275,ok,78.89597113508353,69.20370802969826,0.11229554372013897,8.081391536697993,61.402468615877034,0.011502542443834382,1.5934355051406113,0.09396698419074642,0.011382457714584297
489,0,66.28585,Forward,0.048809530341953844,20040.0,20030.026969325092,ok,0.0005239219317096003,0.003265795968371601,14550.567294574897,ok,76.10050718778075,69.19972914282488,0.10831665684675314,6.7771367373206886,61.40061222194794,0.009646148514733657,1.5934355051406113,0.09294614131551715,0.011382457714584297
490,0,66.42168333333333,Forward,0.0496247816975787,20020.0,20025.86383293641,ok,0.0005273127750815354,0.004015809771504449,14548.714694352528,ok,71.93737079909988,69.19380359735504,0.1023911113769145,4.924536514950887,61.39797534776699,0.007009274333783795,1.5934355051406113,0.09122228478819261,0.011382457714584297
491,0,66.55671666666667,Forward,0.05053583990834801,20015.0,20023.764558300332,ok,0.000532745638544573,0.0037321311439652647,14546.675397451221,ok,69.83809616302096,69.19081562238895,0.09940313641083223,2.885239613644444,61.395072741321506,0.004106667888305011,1.5934355051406113,0.0928594259897862,0.011382457714584297
492,0,66.69228333333334,Forward,0.051654573958628255,20000.0,20019.8218952907,ok,0.0005245470578089414,0.0042867428301852,14544.16879450048,ok,65.8954331533896,69.18520388480589,0.0937913988277587,0.37863666290286346,61.39150500095157,0.0005389275183678998,1.5934355051406113,0.09293265258529397,0.011382457714584297
493,0,66.82733333333333,Forward,0.05283231480609058,20015.0,20015.647988303685,ok,0.0005218672226849317,0.0037202252237296084,14541.759513595669,ok,61.72152616637322,69.17926300914644,0.08785052316831879,-2.030644241907794,61.38807578263677,-0.00289029079643084,1.5934355051406113,0.09245601514353283,0.011382457714584297
494,0,66.96265,Forward,0.0539034869620492,20015.0,20011.07831269988,ok,0.0005217153088103161,0.0038196299364852103,14539.526721942355,ok,57.15185056256814,69.17275882142721,0.08134633544908358,-4.263435895221846,61.38489776797879,-0.006068305454408649,1.5934355051406113,0.09101578881617675,0.011382457714584297
495,0,67.09823333333334,Forward,0.05534003895408077,20005.0,20006.396903531702,ok,0.000528558479039385,0.0025003752128558783,14536.932836496304,ok,52.470441394390946,69.16609559920745,0.0746831132293227,-6.857321341272836,61.38120579521616,-0.009760278217039663,1.5934355051406113,0.0902354870804042,0.011382457714584297
496,0,67.23328333333333,Forward,0.05682436848469015,19995.0,20001.515899429,ok,0.000522212231464265,0.002872757585343889,14533.556947372967,ok,47.58943729168823,69.15914828616056,0.0677358001824402,-10.233210464610238,61.376400767796,-0.014565305637197745,1.5934355051406113,0.09094467532797579,0.011382457714584297
497,0,67.36805,Forward,0.058031713691712526,19985.0,19996.420372292414,ok,0.0005275254140283496,0.002640878372100621,14530.448010169172,ok,42.49391015510264,69.15189563457251,0.060483148594390315,-13.342147668405232,61.37197570288243,-0.018990370550768222,1.5934355051406113,0.09074307928576106,0.011382457714584297
498,0,67.50338333333333,Forward,0.05952251590264623,19975.0,19992.09473720943,ok,0.0005284850429834123,0.002841774387817342,14527.671213949196,ok,38.168275072119286,69.14573879872158,0.054326312743459004,-16.11894388838118,61.36802338647342,-0.022942686959781466,1.5934355051406113,0.0908840047285013,0.011382457714584297
499,0,67.63841666666667,Forward,0.061175234843533,19980.0,19985.881414192605,ok,0.0005312246627228328,0.002738550650121896,14524.433925169595,ok,31.95495205529369,69.13689514705668,0.04548266107855139,-19.356232667982113,61.36341563403113,-0.02755043940206981,1.5934355051406113,0.0893825094040343,0.011382457714584297
500,0,67.77346666666666,Forward,0.06261957850978156,19965.0,19981.145246474764,ok,0.0005278645797059459,0.002968773353605195,14521.210375927012,ok,27.218784337452234,69.13015398497485,0.038741498996723966,-22.579781910564634,61.3588274375783,-0.03213863585489826,1.5934355051406113,0.08995234245470393,0.011382457714584297
501,0,67.90823333333333,Forward,0.06412323702147359,19965.0,19975.082614353483,ok,0.0005319732296457022,0.002190416833356572,14518.053280870108,ok,21.156152216171904,69.12152481721584,0.030112331237717668,-25.73687696746856,61.354333827817364,-0.03663224561583494,1.5934355051406113,0.08848345203502056,0.011382457714584297
502,0,68.04301666666667,Forward,0.06563623748346953,19980.0,19971.35308166918,ok,0.000534530530760167,0.002417293910086686,14515.087945997833,ok,17.42661953186689,69.11621643588052,0.02480394990238958,-28.70221183974354,61.35011315739524,-0.04085291603795656,1.5934355051406113,0.08990043680579787,0.011382457714584297
503,0,68.17911666666667,Forward,0.06720966504763046,19960.0,19965.377543797487,ok,0.0005309605686086323,0.0024219570686696804,14512.602438699649,ok,11.451081660175987,69.10771123257713,0.016298746599005442,-31.18771913792807,61.34657544324515,-0.044390630188050714,1.5934355051406113,0.0870323528362121,0.011382457714584297
504,0,68.31443333333333,Forward,0.06872801361626742,19960.0,19959.703453478676,ok,0.0005358855594720692,0.0018361965826319793,14509.154553752915,ok,5.776991341364919,69.09963509068673,0.008222604708602548,-34.63560408466219,61.34166794151588,-0.04929813191732239,1.5934355051406113,0.08677599844276963,0.011382457714584297
505,0,68.4508,Forward,0.0703438924928133,19945.0,19954.163760771182,ok,0.0005260622262514622,0.0016747448419657054,14506.872190900021,ok,0.2372986338705232,69.09175024187023,0.0003377558921090068,-36.91796693755532,61.33841937034241,-0.05254670309079148,1.5934355051406113,0.08406753827505804,0.011382457714584297
506,0,68.58558333333333,Forward,0.0717540146108925,19945.0,19950.459992806896,ok,0.000529408435534661,0.0010893982542601367,14503.748166675894,ok,-3.4664693304148386,69.08647853241057,-0.004933953567560814,-40.041991161682745,61.33397283151671,-0.05699324191648918,1.5934355051406113,0.0858811016552412,0.011382457714584297
507,0,68.72063333333334,Forward,0.07331257136054445,19950.0,19945.325667245495,ok,0.0005204291723354049,0.0015900273520471112,14501.268607185446,ok,-8.600794891815895,69.07917065759442,-0.012241828383710372,-42.52155065213083,61.330443583100596,-0.06052249033260355,1.5934355051406113,0.08419685657178952,0.011382457714584297
508,0,68.85568333333333,Forward,0.07465138706375796,19940.0,19941.224336891213,ok,0.0005235331160490802,0.0016815840371366651,14498.584194022353,ok,-12.702125246098149,69.07333308293143,-0.018079403046698875,-45.205963815224095,61.326622758901564,-0.06434331453163554,1.5934355051406113,0.08444751884643903,0.011382457714584297
509,0,68.99098333333333,Forward,0.07603177694337607,19935.0,19934.80862103671,ok,0.0005166415883952182,0.001096344647761432,14496.761661182834,ok,-19.117841100600344,69.06420135808071,-0.02721112789741013,-47.02849665474241,61.32402868073487,-0.06693739269832799,1.5934355051406113,0.07944929024964559,0.011382457714584297
510,0,69.12656666666666,Forward,0.077154882208374,19930.0,19932.31680268772,ok,0.0005324857446833645,0.0010135237891218747,14494.846439938297,ok,-21.609659449590254,69.0606546611794,-0.030757824798732767,-48.94371789927936,61.321302675744946,-0.06966339768825834,1.5934355051406113,0.08024630648646845,0.011382457714584297
511,0,69.26161666666667,Forward,0.07830757280825565,19920.0,19928.77115666069,ok,0.0005313892351816356,0.0015006476803477646,14493.047179318872,ok,-25.155305476622743,69.05560801250118,-0.035804473476940234,-50.74297851870506,61.31874172178689,-0.072224351646309,1.5934355051406113,0.07928037277204927,0.011382457714584297
512,0,69.39775,Forward,0.07938069703338002,19920.0,19925.850964760477,ok,0.0005236226005101609,0.0008934314573691522,14491.604820934015,ok,-28.07549737683439,69.05145159573512,-0.03996089024301248,-52.18533690356162,61.31668875993426,-0.0742773134989421,1.5934355051406113,0.07839521831266186,0.011382457714584297
513,0,69.53331666666666,Forward,0.08031543318197952,19915.0,19922.64722272926,ok,0.0005252572241141885,0.0011491953056031057,14490.830804667738,ok,-31.27923940804976,69.04689159161629,-0.044520894361833846,-52.95935316983923,61.31558707405323,-0.07537899937997469,1.5934355051406113,0.07559067959218996,0.011382457714584297
514,0,69.66758333333334,Forward,0.08131871235944355,19935.0,19919.8051217971,ok,0.0005170488433765101,0.0018958470506631178,14489.493945275479,ok,-34.121340340210736,69.04284632460337,-0.04856616137474736,-54.296212562097935,61.31368427280532,-0.07728180062788668,1.5934355051406113,0.07457740364692528,0.011382457714584297
515,0,69.80296666666666,Forward,0.08220910158187242,19910.0,19917.380385230786,ok,0.0005262905850021446,0.001574661659486009,14488.020526608856,ok,-36.54607690652483,69.03939510767589,-0.05201737830223966,-55.769631228720755,61.311587101708795,-0.07937897172439956,1.5934355051406113,0.07446789360497125,0.011382457714584297
516,0,69.93826666666666,Forward,0.08310624095116426,19920.0,19913.799570512656,ok,0.0005292745875968581,0.0011506666502238624,14486.869429600472,ok,-40.1268916246554,69.03429840210336,-0.057114083874759546,-56.92072823710441,61.30994870290882,-0.08101737052438071,1.5934355051406113,0.07198187085192109,0.011382457714584297
517,0,70.07356666666666,Forward,0.08395877902966145,19905.0,19913.445963605005,ok,0.0005263644740288284,0.002115255159320297,14486.1995369171,ok,-40.48049853230623,69.03379510035822,-0.05761738561991278,-57.590620920476795,61.3089952199612,-0.08197085347200353,1.5934355051406113,0.07299788268905619,0.011382457714584297
518,0,70.2086,Forward,0.08457313895824572,19910.0,19909.467200893123,ok,0.0005292489826473552,0.0013902963294455575,14485.155418505166,ok,-44.45926124418838,69.02813198073834,-0.06328050523978826,-58.63473933241039,61.307509087740634,-0.08345698569256445,1.5934355051406113,0.06970281891475594,0.011382457714584297
519,0,70.34525,Forward,0.08530018885016091,19895.0,19907.736829209385,ok,0.0005233048406706215,0.0009983014083107427,14484.753264577757,ok,-46.18963292792614,69.0256690789416,-0.0657434070365171,-59.03689325981941,61.30693668723288,-0.08402938620031994,1.5934355051406113,0.06815200041024522,0.011382457714584297
520,0,70.48003333333334,Forward,0.0858888051570931,19905.0,19906.229188660873,ok,0.0005258932433771079,0.0016217548339777217,14484.245969263126,ok,-47.69727347643857,69.02352319857923,-0.06788928739889782,-59.544188574451255,61.306214635113314,-0.0847514383198854,1.5934355051406113,0.06715666353174213,0.011382457714584297
521,0,70.6151,Forward,0.08660864631148094,19920.0,19903.773478589254,ok,0.0005382470986891505,0.0017035101733869893,14483.849290926293,ok,-50.15298354805782,69.02002789592,-0.07138459005813434,-59.94086691128359,61.30565002821545,-0.08531604521774991,1.5934355051406113,0.06456102555001021,0.011382457714584297
522,0,70.75066666666666,Forward,0.08728450934465547,19905.0,19902.38754534227,ok,0.000530318523025839,0.0011960629039364733,14482.733424328866,ok,-51.53891679504159,69.01805524604585,-0.07335723993227541,-61.05673350871075,61.30406177415793,-0.08690429927526924,1.5934355051406113,0.06511915608230409,0.011382457714584297
523,0,70.88625,Forward,0.08777105016557638,19890.0,19899.216900262963,ok,0.0005249475925612703,0.0019139233308136997,14483.081293874762,ok,-54.709561874347855,69.01354235003859,-0.07787013593953365,-60.708863962814576,61.30455690970463,-0.08640916372857314,1.5934355051406113,0.05981729351508308,0.011382457714584297
524,0,71.02101666666667,Forward,0.08825289442935415,19895.0,19898.363196076476,ok,0.0005197941103572364,0.001389342004938763,14482.331814270054,ok,-55.5632660608353,69.01232724140353,-0.0790852445745947,-61.458343567523116,61.303490147758396,-0.08747592567480483,1.5934355051406113,0.0603020012406805,0.011382457714584297
525,0,71.15686666666667,Forward,0.08873340505381895,19895.0,19897.33810017275,ok,0.0005213299437219593,0.001586749463276111,14481.580734948584,ok,-56.588361964561045,69.01086818462005,-0.0805443013580783,-62.209422888992776,61.30242110887633,-0.08854496455686611,1.5934355051406113,0.06054638896824918,0.011382457714584297
526,0,71.29191666666667,Forward,0.08911266478570617,19890.0,19896.548303978077,ok,0.000527499311410704,0.0008105284504673195,14481.79379867571,ok,-57.37815815923386,69.0097440385853,-0.08166844739282356,-61.996359161867076,61.302724370332406,-0.08824170310079436,1.5934355051406113,0.05893901536205856,0.011382457714584297
527,0,71.42698333333334,Forward,0.08961709478310326,19890.0,19894.764727659956,ok,0.0005180321398675321,0.001076268839291184,14481.199245329948,ok,-59.16173447735491,69.0072054086714,-0.08420707730672423,-62.59091250762867,61.301878120640914,-0.0890879527922851,1.5934355051406113,0.05774882975279351,0.011382457714584297
528,0,71.562,Forward,0.09000391357229005,19895.0,19893.97698585027,ok,0.0005254315410394804,0.0015980610336758145,14481.250602077755,ok,-59.94947628704176,69.00608418671852,-0.08532829925959698,-62.53955575982218,61.30195121859301,-0.08901485484018873,1.5934355051406113,0.05651113092769733,0.011382457714584297
529,0,71.69811666666666,Forward,0.09030452250445334,19900.0,19892.862524061788,ok,0.0005363727331851935,0.0020298872583628283,14481.4647718131,ok,-61.063938075523765,69.00449793217736,-0.08691455380076524,-62.32538602447676,61.302256054271346,-0.08871001916185182,1.5934355051406113,0.05443914039343342,0.011382457714584297
530,0,71.83291666666666,Forward,0.09053254056869156,19890.0,19891.63467140249,ok,0.0005257897808489687,0.0020323022205606047,14481.37895794555,ok,-62.2917907348201,69.00275028423032,-0.08866220174780452,-62.41119989202707,61.30213391223067,-0.08883216120252449,1.5934355051406113,0.05288611791067231,0.011382457714584297
531,0,71.9685,Forward,0.09086695441567488,19895.0,19890.270333814573,ok,0.0005201295540043372,0.0015877030435400901,14480.72792137518,ok,-63.65612832273837,69.00080837225372,-0.09060411372440957,-63.06223646239596,61.3012072678837,-0.08975880554949747,1.5934355051406113,0.05242075393717183,0.011382457714584297
532,0,72.10355,Forward,0.09120182743543728,19885.0,19889.069454369284,ok,0.0005273450097891988,0.001447628452049504,14481.529857561989,ok,-64.85700776802696,68.99909911627637,-0.09231336970175383,-62.260300275587724,61.302348693216715,-0.08861738021648144,1.5934355051406113,0.04889271030773287,0.011382457714584297
533,0,72.2386,Forward,0.09143790755884781,19900.0,19889.1904448913,ok,0.0005252430868408234,0.0014595142356051802,14481.185707131548,ok,-64.7360172460103,68.99927132654591,-0.09214115943221318,-62.60445070602873,61.30185885122413,-0.0891072222090684,1.5934355051406113,0.04984545220017042,0.011382457714584297
534,0,72.37336666666667,Forward,0.09191987204270011,19880.0,19888.386175028092,ok,0.0005153020850700869,0.0017322642996969555,14480.279788281721,ok,-65.54028710921921,68.99812657960526,-0.09328590637286659,-63.510369555855505,61.30056942353417,-0.09039664989902535,1.5934355051406113,0.050755325122005854,0.011382457714584297
535,0,72.50815,Forward,0.0920487384136172,19890.0,19887.456226231898,ok,0.0005219859660465679,0.0011305713494933168,14480.527135685375,ok,-66.47023590541357,68.99680294920692,-0.0946095367712013,-63.2630221522013,61.3009214822107,-0.09004459122249855,1.5934355051406113,0.04887071192860053,0.011382457714584297
536,0,72.64293333333333,Forward,0.09221878461844073,19885.0,19885.734486961017,ok,0.0005307485539234784,0.00255223101047428,14480.543900544404,ok,-68.19197517629436,68.9943523342416,-0.09706015173653124,-63.246257293172675,61.30094534425248,-0.09002072918071206,1.5934355051406113,0.04638207433866287,0.011382457714584297
537,0,72.77943333333333,Forward,0.09254345473178374,19905.0,19886.606284225363,ok,0.0005282061723169514,0.0012783784727026493,14480.922328395265,ok,-67.32017791194812,68.99559319542126,-0.09581929055686629,-62.86782944231163,61.30148397456098,-0.08948209887221983,1.5934355051406113,0.046764662860631454,0.011382457714584297
538,0,72.9142,Forward,0.09273491996995206,19895.0,19886.64506432149,ok,0.0005288644640284968,0.0014938847809083434,14480.656747815718,ok,-67.28139781582286,68.99564839256146,-0.09576409341666696,-63.13341002185916,61.30110596393315,-0.0898601095000469,1.5934355051406113,0.04742219555653092,0.011382457714584297
539,0,73.04955,Forward,0.09295648999753194,19885.0,19884.39847592709,ok,0.0005234420412897356,0.0021366116268731633,14480.497512449625,ok,-69.52798621022157,68.99245074049337,-0.09896174548476061,-63.29264538795178,61.30087931836738,-0.09008675506581641,1.5934355051406113,0.044585688580017074,0.011382457714584297
540,0,73.18405,Forward,0.09310314835735015,19880.0,19884.348700804687,ok,0.0005255610819372529,0.0016017445375280355,14480.900854347925,ok,-69.5777613326245,68.992379893727,-0.09903259225112342,-62.889303489651866,61.3014534097579,-0.08951266367530483,1.5934355051406113,0.04360006420881758,0.011382457714584297
541,0,73.3196,Forward,0.0932432997992463,19880.0,19882.763428420454,ok,0.000527870775453556,0.0018089477420542796,14481.055357891997,ok,-71.16303371685717,68.99012351711143,-0.10128896886669393,-62.73479994557965,61.30167332034698,-0.0892927530862258,1.5934355051406113,0.04099327425265216,0.011382457714584297
542,0,73.45545,Forward,0.09350498657686859,19875.0,19883.29800135953,ok,0.0005300359081080988,0.001154621792880717,14480.28420112938,ok,-70.62846077778158,68.99088439447928,-0.10052809149883969,-63.50595670819712,61.3005757045029,-0.0903903689303013,1.5934355051406113,0.043503131677461185,0.011382457714584297
543,0,73.59131666666667,Forward,0.09358738622061435,19900.0,19882.834069790468,ok,0.0005232151010740044,0.001213298027687136,14480.371694898484,ok,-71.09239234684355,68.99022406357712,-0.10118842240100391,-63.41846293909293,61.30070023760938,-0.09026583582382801,1.5934355051406113,0.042644365301876944,0.011382457714584297
544,0,73.72745,Forward,0.09383357248910375,19885.0,19883.69330848236,ok,0.0005178254572585722,0.0018279091710423465,14480.687539241082,ok,-70.23315365495,68.99144704967772,-0.09996543630040364,-63.10261859649472,61.30114979050381,-0.08981628292939353,1.5934355051406113,0.0431510178590466,0.011382457714584297
545,0,73.86255,Forward,0.09404998320151978,19895.0,19881.815882796654,ok,0.0005309553875839077,0.002394287444515189,14480.351926561667,ok,-72.11057934065684,68.98877484049977,-0.1026376454783556,-63.43823127590986,61.300672100606945,-0.0902939728262549,1.5934355051406113,0.04123997672320048,0.011382457714584297
546,0,73.99758333333334,Forward,0.09403987181497335,19890.0,19882.09241817749,ok,0.000529296762377693,0.0022147739220786202,14480.478436939919,ok,-71.83404395982143,68.98916844350005,-0.10224404247807567,-63.31172089765823,61.30085216749132,-0.09011390594188025,1.5934355051406113,0.04134665475661781,0.011382457714584297
547,0,74.13265,Forward,0.09417430340790586,19880.0,19881.00172076592,ok,0.0005202627276886364,0.0015130840753100586,14480.579279403813,ok,-72.92474137139288,68.98761601367246,-0.1037964723056629,-63.210878433763355,61.3009957002871,-0.08997037314609573,1.5934355051406113,0.03956551467607543,0.011382457714584297
548,0,74.26821666666666,Forward,0.09427852912319629,19875.0,19881.042405813987,ok,0.0005251209762464444,0.0011639379680033722,14480.52126354919,ok,-72.88405632332433,68.98767392220097,-0.10373856377714862,-63.268894288386946,61.30091312418283,-0.09005294925037094,1.5934355051406113,0.039755002901018036,0.011382457714584297
549,0,74.403,Forward,0.09440553947264972,19880.0,19880.42053171882,ok,0.0005279260615772347,0.0017477590838568995,14480.272592457115,ok,-73.5059304184906,68.98678878587985,-0.10462370009827456,-63.51756538046175,61.30055918145179,-0.09040689198141622,1.5934355051406113,0.03943385149432606,0.011382457714584297
550,0,74.53831666666666,Forward,0.09457901200317823,19890.0,19881.16315174189,ok,0.0005200510290870797,0.0012331022501370676,14480.645996138785,ok,-72.76331039542129,68.9878457843307,-0.10356670164742529,-63.14416169879223,61.30109066067509,-0.08987541275811867,1.5934355051406113,0.03964397208052847,0.011382457714584297
551,0,74.67336666666667,Forward,0.09462807280866553,19885.0,19880.31503436996,ok,0.0005292240970424237,0.0016928612384169578,14480.245752941588,ok,-73.61142776735142,68.98663862761472,-0.10477385836340414,-63.54440489598892,61.30052097978006,-0.09044509365313591,1.5934355051406113,0.03934456512927037,0.011382457714584297
552,0,74.80866666666667,Forward,0.09483020717717008,19880.0,19879.287264277937,ok,0.0005181115975656646,0.0014961067177307562,14480.257783654744,ok,-74.63919785937469,68.98517576456047,-0.10623672141765873,-63.53237418283243,61.300538103537534,-0.09042796989566372,1.5934355051406113,0.03785441647187816,0.011382457714584297
553,0,74.94425,Forward,0.0947928272282686,19880.0,19879.746635903983,ok,0.000516458596238426,0.0014893815490531505,14479.843947544277,ok,-74.17982623332864,68.98582960512766,-0.1055828808504627,-63.94621029329937,61.299949075348046,-0.09101699808515575,1.5934355051406113,0.0394468354697395,0.011382457714584297
554,0,75.07928333333334,Forward,0.09500182556653836,19880.0,19878.77449354047,ok,0.00052247470554752,0.0023832675726592157,14480.156855559237,ok,-75.15196859684147,68.98444591906977,-0.10696656690836218,-63.633302278340125,61.30039444885912,-0.09057162457407905,1.5934355051406113,0.03735347544624129,0.011382457714584297
555,0,75.21431666666666,Forward,0.09493573187524823,19870.0,19879.03358654654,ok,0.0005273076062464229,0.002106798640348903,14479.84436033072,ok,-74.89287559077275,68.98481469569514,-0.10659779028299106,-63.94579750685625,61.2999496628822,-0.09101641055099648,1.5934355051406113,0.03843098983942127,0.011382457714584297
556,0,75.34961666666666,Forward,0.09520931911525854,19885.0,19878.215368533234,ok,0.0005291069331868491,0.0012521888862207047,14480.426372387721,ok,-75.71109360407718,68.98365009583834,-0.10776239013978621,-63.36378544985564,61.30077806209515,-0.09018801133805496,1.5934355051406113,0.03594638926429457,0.011382457714584297
557,0,75.48386666666667,Forward,0.09521222623608736,19875.0,19878.04752308275,ok,0.0005203978469675593,0.001284728022120923,14480.070587993276,ok,-75.87893905456076,68.9834111952221,-0.10800129075602598,-63.71956984430108,61.300271661052776,-0.0906944123804223,1.5934355051406113,0.03651440604880314,0.011382457714584297
558,0,75.61943333333333,Forward,0.09523380504529419,19880.0,19878.80795241817,ok,0.0005321036934506328,0.002132110494851463,14480.081959944451,ok,-75.118509719141,68.98449354232365,-0.10691894365448008,-63.70819789312554,61.30028784717004,-0.09067822626315875,1.5934355051406113,0.03757096161641092,0.011382457714584297
559,0,75.75448333333334,Forward,0.09531274300534906,19875.0,19876.897423464176,ok,0.0005284782497217461,0.001271862055444367,14479.994273155737,ok,-77.0290386731358,68.98177421604379,-0.10963826993433001,-63.79588468184011,61.30016303933164,-0.09080303410155793,1.5934355051406113,0.0350505085775861,0.011382457714584297
560,0,75.88926666666667,Forward,0.09551508543965881,19870.0,19876.768303042816,ok,0.0005243178437844229,0.0008792653471431282,14480.407069849964,ok,-77.1581590944952,68.98159043418886,-0.10982205178926278,-63.38308798761318,61.300750588081684,-0.09021548535151187,1.5934355051406113,0.03393050568332896,0.011382457714584297
561,0,76.0243,Forward,0.09553253138209394,19880.0,19877.39301344483,ok,0.0005239514929492766,0.0024059744310158996,14480.114620911958,ok,-76.5334486924803,68.98247960753007,-0.10893287844805659,-63.67553692561887,61.30033433472893,-0.09063173870426543,1.5934355051406113,0.03548295189594648,0.011382457714584297
562,0,76.16015,Forward,0.0955949538223245,19880.0,19878.524489335003,ok,0.0005238066463467369,0.001471862434065527,14479.561988331181,ok,-75.40197280230859,68.98409007886929,-0.10732240710883557,-64.22816950639572,61.29954775240739,-0.09141832102580812,1.5934355051406113,0.03834679143402954,0.011382457714584297
563,0,76.29491666666667,Forward,0.09543234247491286,19880.0,19876.083923879793,ok,0.0005256525663935296,0.0013249963799156779,14480.997690735412,ok,-77.84253825751875,68.9806163321008,-0.11079615387732604,-62.792467102164665,61.30159124055747,-0.08937483287573016,1.5934355051406113,0.03161687809287074,0.011382457714584297
564,0,76.42996666666667,Forward,0.09564449340738188,19875.0,19875.620350049678,ok,0.0005326090508569468,0.0014303575293868112,14480.2675879814,ok,-78.30611208763366,68.97995651038167,-0.1114559755964611,-63.52256985617714,61.30055205839704,-0.09041401503616045,1.5934355051406113,0.03261292612447404,0.011382457714584297
565,0,76.5658,Forward,0.09561117928585827,19875.0,19876.926981144377,ok,0.0005194396508298942,0.0018313676989205631,14480.473449809677,ok,-76.99948099293397,68.98181628657949,-0.10959619939864083,-63.31670802789995,61.30084506912503,-0.09012100430817246,1.5934355051406113,0.034005808624931175,0.011382457714584297
566,0,76.70245,Forward,0.09582341475282419,19870.0,19875.43485040561,ok,0.0005210468704866112,0.0012817350733589248,14480.033474775079,ok,-78.49161173170069,68.97969248190098,-0.11172000407713893,-63.75668306249827,61.300218836441374,-0.09074723699182764,1.5934355051406113,0.0328798653390487,0.011382457714584297
567,0,76.83726666666666,Forward,0.09586847643421094,19865.0,19876.08853869202,ok,0.0005240796125435209,0.0013989311738732834,14480.127789154922,ok,-77.83792344529138,68.98062290053313,-0.11078958544498681,-63.66236868265514,61.30035307757451,-0.09061299585869073,1.5934355051406113,0.03359637938341019,0.011382457714584297
568,0,76.97258333333333,Forward,0.09593319817744099,19890.0,19875.741698931415,ok,0.000525449518073476,0.0020630582474351813,14480.311183368967,ok,-78.18476320589616,68.98012923071781,-0.1112832552603211,-63.47897446860952,61.300614109319035,-0.09035196411416578,1.5934355051406113,0.03268677231838105,0.011382457714584297
569,0,77.1082,Forward,0.09596548839701961,19890.0,19877.173430839426,ok,0.0005309208143076823,0.0015933851353166202,14480.199064829578,ok,-76.75303129788517,68.98216706751427,-0.1092454184638605,-63.59109300799901,61.30045452686937,-0.09051154656382336,1.5934355051406113,0.03497889345612333,0.011382457714584297
570,0,77.2435,Forward,0.09584223530545877,19880.0,19875.57262379201,ok,0.0005282147653768199,0.0017191079481050527,14480.21416305534,ok,-78.35383834530148,68.97988857984,-0.1115239061381279,-63.5759947822371,61.300476016730606,-0.09049005670259534,1.5934355051406113,0.03266616307397466,0.011382457714584297
571,0,77.37963333333333,Forward,0.09597842848575538,19870.0,19875.132514216915,ok,0.0005227879670265393,0.0011724167360772303,14480.403260618301,ok,-78.79394792039602,68.9792621556599,-0.11215033031823035,-63.38689721927585,61.30074516626186,-0.09022090717134071,1.5934355051406113,0.03161086647457914,0.011382457714584297
572,0,77.51495,Forward,0.09609940513632212,19880.0,19875.363092408505,ok,0.0005203570931643372,0.0008414866581815087,14480.280582882799,ok,-78.56336972880672,68.9795903460988,-0.11182213987932703,-63.509574954778145,61.300570554519176,-0.09039551891402398,1.5934355051406113,0.03221728946388845,0.011382457714584297
573,0,77.65053333333333,Forward,0.0962041545770111,19870.0,19875.642077341916,ok,0.0005202188877813423,0.0014311182636946257,14480.146010785742,ok,-78.28438479539545,68.97998743563755,-0.11142505034057854,-63.64414705183481,61.30037901309328,-0.09058706033991837,1.5934355051406113,0.03291958791136232,0.011382457714584297
574,0,77.78851666666667,Forward,0.09606184638810009,19865.0,19874.717594332433,ok,0.0005202721456401594,0.0012611882897643361,14480.19921149591,ok,-79.20886780487854,68.9786715848949,-0.11274090108322525,-63.590946341666495,61.300454735624974,-0.09051133780822636,1.5934355051406113,0.03148307819817843,0.011382457714584297
575,0,77.92493333333333,Forward,0.09623875741394006,19875.0,19875.97879859214,ok,0.0005206140216235641,0.0009666804286310607,14479.963254102156,ok,-77.94766354517196,68.9804667034041,-0.11094578257402515,-63.826903735420274,61.30011888876936,-0.09084718466384083,1.5934355051406113,0.033813347011404454,0.011382457714584297
576,0,78.05971666666667,Forward,0.09620047257387959,19870.0,19874.41057606498,ok,0.0005314932081514236,0.0021038329512862927,14479.825990196243,ok,-79.51588607233134,68.97823459447854,-0.11317789149958754,-63.964167641333916,61.2999235159927,-0.09104255744049797,1.5934355051406113,0.031892552004905456,0.011382457714584297
577,0,78.19541666666667,Forward,0.09626321692473816,19885.0,19874.8387215846,ok,0.0005214097197014931,0.0016580577077001475,14479.895240015554,ok,-79.08774055270987,68.9788439897775,-0.11256849620061955,-63.89491782202276,61.30002208181298,-0.09094399162021352,1.5934355051406113,0.0323448890262389,0.011382457714584297
578,0,78.33045,Forward,0.09627659804692668,19870.0,19875.616962308188,ok,0.0005239489120514874,0.0013455553759897485,14480.389518641277,ok,-78.30949982912352,68.97995168848433,-0.1114607974937914,-63.40063919629938,61.300725606799446,-0.09024046663374982,1.5934355051406113,0.03233156604088222,0.011382457714584297
579,0,78.46661666666667,Forward,0.09628582693789726,19880.0,19874.97323556372,ok,0.0005260970113500817,0.0011574579227472824,14480.133743467117,ok,-78.95322657359065,68.979035448482,-0.11237703749612767,-63.65641437045997,61.30036155256653,-0.09060452086667509,1.5934355051406113,0.031995422979085794,0.011382457714584297
580,0,78.60378333333334,Forward,0.09638613140823543,19865.0,19876.061147941404,ok,0.0005232625896116968,0.0008400532093950325,14480.333702166581,ok,-77.86531419590756,68.9805839142682,-0.1108285717099265,-63.45645567099564,61.30064616115369,-0.09031991227950815,1.5934355051406113,0.03309038333742728,0.011382457714584297
581,0,78.7399,Forward,0.09646239964916667,19875.0,19874.87412776484,ok,0.0005309905595288567,0.0016962612359720604,14480.163504238784,ok,-79.0523343724708,68.97889438469886,-0.11251810127925921,-63.62665359879247,61.300403912169784,-0.09056216126341714,1.5934355051406113,0.03178686190013938,0.011382457714584297
582,0,78.87521666666666,Forward,0.09639747016406969,19875.0,19875.144377351335,ok,0.0005292412925831954,0.001650144636753581,14480.20646539322,ok,-78.78208478597662,68.97927904089637,-0.11213344508175141,-63.58369244435744,61.30046506036438,-0.0905010130688171,1.5934355051406113,0.03207408239329623,0.011382457714584297
583,0,79.00971666666666,Forward,0.09639457060586028,19875.0,19874.878866257626,ok,0.0005149063718407727,0.0014046398527637974,14480.488686674784,ok,-79.0475958796851,68.97890112917031,-0.11251135680782261,-63.30147116279295,61.30086675631675,-0.09009931711645451,1.5934355051406113,0.03105609407445921,0.011382457714584297
584,0,79.14503333333333,Forward,0.09653356503153188,19880.0,19874.667818169353,ok,0.0005186172814016569,0.0014528757144924207,14479.99590153713,ok,-79.25864396795805,68.97860073664731,-0.11281174933082139,-63.79425630044716,61.3001653570669,-0.09080071636630131,1.5934355051406113,0.03187333601944531,0.011382457714584297
585,0,79.28035,Forward,0.09657093430021244,19880.0,19874.381619439206,ok,0.0005283723237307248,0.001241886941741102,14480.04816294912,ok,-79.54484269810564,68.97819337944577,-0.11321910653235592,-63.74199488845625,61.30023974266088,-0.09072633077232652,1.5934355051406113,0.031347450171400365,0.011382457714584297
586,0,79.41595,Forward,0.09653047721768312,19870.0,19873.194224957784,ok,0.0005261610803911023,0.0009815733130347447,14480.75420631556,ok,-80.73223717952715,68.97650331711453,-0.1149091688635898,-63.03595152201706,61.30124468020817,-0.08972139322502723,1.5934355051406113,0.028056084671850876,0.011382457714584297
587,0,79.55125,Forward,0.09668393984641446,19880.0,19874.115567798697,ok,0.0005327680181738738,0.0020771442542467443,14480.494772680826,ok,-79.81089433861416,68.97781469833951,-0.11359778763861147,-63.295385156750854,61.30087541875346,-0.09009065467973247,1.5934355051406113,0.029955860209436413,0.011382457714584297
588,0,79.68633333333334,Forward,0.09660899822045033,19885.0,19873.62201957622,ok,0.000520180604047536,0.0006041392762228625,14480.068218093158,ok,-80.30444256108967,68.97711221296291,-0.11430027301521076,-63.721939744418705,61.30026828788659,-0.09069778554661119,1.5934355051406113,0.030220798712388475,0.011382457714584297
589,0,79.82243333333334,Forward,0.09669435067980832,19875.0,19874.60481408568,ok,0.0005356975525495143,0.0017875312293898537,14480.2218929528,ok,-79.3216480516312,68.97851106061276,-0.11290142536536252,-63.568264884776,61.30048701897857,-0.09047905445462492,1.5934355051406113,0.03127111247418762,0.011382457714584297
590,0,79.95898333333334,Forward,0.09673342878749593,19880.0,19873.927162861422,ok,0.0005284616696054938,0.0016550755860464368,14479.997255163962,ok,-79.99929927588892,68.97754653464793,-0.11386595133019722,-63.79290267361466,61.30016728373386,-0.09079878969933769,1.5934355051406113,0.030816064000523058,0.011382457714584297
591,0,80.09455,Forward,0.0967015730641494,19865.0,19873.60254190975,ok,0.0005180914063916235,0.0011768883032874573,14480.045048985681,ok,-80.32392022756176,68.9770844896823,-0.11432799629582209,-63.745108851895566,61.300235310441934,-0.09073076299126637,1.5934355051406113,0.030245622862959523,0.011382457714584297
592,0,80.2296,Forward,0.09687032376913063,19865.0,19873.072552699614,ok,0.0005280527529858717,0.0014099506558359826,14480.621959410013,ok,-80.85390943769744,68.9763301365048,-0.11508234947332584,-63.168198427563766,61.30105644831306,-0.08990962512014196,1.5934355051406113,0.028182839446990557,0.011382457714584297
593,0,80.3657,Forward,0.09684429137598091,19880.0,19872.580060506214,ok,0.0005288335623185599,0.0016594448091654737,14479.826814549866,ok,-81.34640163109725,68.97562915421331,-0.11578333176481781,-63.96334328771081,61.2999246893256,-0.0910413841076016,1.5934355051406113,0.029285242109378773,0.011382457714584297
594,0,80.50135,Forward,0.09698600601739671,19875.0,19872.359019308748,ok,0.0005330512417849485,0.0014619150934876155,14480.131546838773,ok,-81.5674428285638,68.97531453812965,-0.11609794784846493,-63.65861099880385,61.30035842602444,-0.09060764740876182,1.5934355051406113,0.028279494569917865,0.011382457714584297
595,0,80.63691666666666,Forward,0.09686360720224632,19870.0,19872.095524037704,ok,0.0005270289224326766,0.0012096638998279569,14480.034847299401,ok,-81.83093809960701,68.97493949559829,-0.11647299037983604,-63.75531053817576,61.30022079000583,-0.09074528342736995,1.5934355051406113,0.028123766157383143,0.011382457714584297
596,0,80.7717,Forward,0.09701436578170253,19865.0,19871.92326308485,ok,0.0005267406289401602,0.001220853663017129,14480.24310460042,ok,-82.00319905246215,68.97469431023478,-0.11671817574335094,-63.54705323715643,61.300517210298466,-0.09044886313473406,1.5934355051406113,0.027406254175138034,0.011382457714584297
597,0,80.90806666666667,Forward,0.09705402156512719,19865.0,19873.191656003317,ok,0.0005343859599656439,0.0011737799486981127,14480.314292987585,ok,-80.73480613399443,68.97649966062696,-0.11491282535117142,-63.47586484999192,61.300618535353834,-0.09034753807937082,1.5934355051406113,0.029050149626541427,0.011382457714584297
598,0,81.04358333333333,Forward,0.09702515745204718,19885.0,19872.34346519534,ok,0.0005266225525563117,0.0012994716252398,14479.979004672978,ok,-81.58299694197194,68.97529239938675,-0.11612008659138327,-63.81115316459909,61.30014130713735,-0.09082476629584535,1.5934355051406113,0.028603320770515014,0.011382457714584297
599,0,81.17891666666667,Forward,0.09704662424680431,19875.0,19872.68690071779,ok,0.000534438776452907,0.0025944643419871264,14480.30969007453,ok,-81.23956141952294,68.97578122382444,-0.11563126215369192,-63.48046776304727,61.30061198385802,-0.09035408957517993,1.5934355051406113,0.02834215221005494,0.011382457714584297
600,0,81.31423333333333,Forward,0.09712418206291698,19865.0,19871.964350345686,ok,0.0005298811333354479,0.0020868959297131984,14479.932019381378,ok,-81.96211179162492,68.97475279124754,-0.11665969473057795,-63.8581384561985,61.300074431240006,-0.09089164219319594,1.5934355051406113,0.028170275060596925,0.011382457714584297
601,0,81.44956666666667,Forward,0.09717406812067499,19860.0,19872.778266458172,ok,0.0005301131037015706,0.0018483968823608996,14479.725037559825,ok,-81.14819567913946,68.97591126805034,-0.11550121792778095,-64.0651202777517,61.29977982638431,-0.09118624704889516,1.5934355051406113,0.029798185700451896,0.011382457714584297
602,0,81.58513333333333,Forward,0.09721330351257897,19865.0,19871.18597174842,ok,0.0005290494854276815,0.001155964069056569,14480.492393236707,ok,-82.7404903888928,68.97364489630003,-0.11776758967809887,-63.297764600869414,61.30087203200295,-0.09009404143024966,1.5934355051406113,0.02579145473847015,0.011382457714584297
603,0,81.72071666666666,Forward,0.0972342556010615,19875.0,19872.828624464033,ok,0.0005257959712628036,0.0018542251067230238,14479.777641913524,ok,-81.09783767327826,68.97598294445622,-0.11542954152190767,-64.01251592405242,61.29985470009986,-0.09111137333334646,1.5934355051406113,0.029750555669568066,0.011382457714584297
604,0,81.85616666666667,Forward,0.0972014524544332,19855.0,19871.47860736708,ok,0.0005244664991880773,0.0007849616741205876,14479.388098947966,ok,-82.44785477023106,68.97406141536224,-0.11735107061588676,-64.402058889611,61.299300249238925,-0.09166582419427646,1.5934355051406113,0.028712508263250613,0.011382457714584297
605,0,81.99146666666667,Forward,0.09738663608837161,19865.0,19871.591465110512,ok,0.0005310807258996718,0.002204945312350698,14480.03762098205,ok,-82.3349970267991,68.97422204994825,-0.11719043602986942,-63.75253685552707,61.300224737890574,-0.0907413355426217,1.5934355051406113,0.027400029807621684,0.011382457714584297
606,0,82.12785,Forward,0.0973042302934519,19865.0,19870.466233189403,ok,0.0005289212072635094,0.0012694784739089061,14480.193136879889,ok,-83.46022894790804,68.97262046588034,-0.11879202009777876,-63.59702095768807,61.30044608940008,-0.09051998403311237,1.5934355051406113,0.025445736385343726,0.011382457714584297
607,0,82.26315,Forward,0.09735646557358654,19870.0,19872.071313398206,ok,0.0005310117970807233,0.0016439974261823445,14479.993396418762,ok,-81.85514873910506,68.97490503570272,-0.1165074502754065,-63.79676141881464,61.30016179143959,-0.09080428199360918,1.5934355051406113,0.02818331667201067,0.011382457714584297
608,0,82.39818333333334,Forward,0.09741686037934795,19875.0,19871.40484149453,ok,0.0005343237411214262,0.0021202654506345996,14480.264195750511,ok,-82.52162064278309,68.97395642167692,-0.11745606430120484,-63.525962087065636,61.300547230109785,-0.09041884332341729,1.5934355051406113,0.02662053098407438,0.011382457714584297
609,0,82.5335,Forward,0.09745750465193015,19875.0,19872.266728489736,ok,0.000529395005232558,0.0014993042529186493,14480.355898129248,ok,-81.6597336475752,68.97518317720524,-0.11622930877288422,-63.43425970832868,61.30067775348547,-0.09028831994772976,1.5934355051406113,0.027639305931323674,0.011382457714584297
610,0,82.66963333333334,Forward,0.09747331724028588,19865.0,19870.901470994842,ok,0.0005253831556664913,0.001978513236783186,14479.690867112913,ok,-83.02499114246893,68.97323995589113,-0.11817253008699403,-64.09929072466366,61.29973119032773,-0.09123488310546349,1.5934355051406113,0.02720437196060481,0.011382457714584297
611,0,82.8052,Forward,0.09746328758361272,19870.0,19871.15050551469,ok,0.0005258602699054693,0.0021068300624435352,14479.51201295214,ok,-82.77595662261956,68.97359441590233,-0.11781807007580174,-64.27814488543663,61.299476620608374,-0.09148945282482497,1.5934355051406113,0.027964472401161358,0.011382457714584297
612,0,82.9406,Forward,0.09755844068623534,19880.0,19871.727768149947,ok,0.0005233654745962746,0.0011923945301481828,14479.712391545312,ok,-82.1986939873641,68.97441605508824,-0.11699643088988763,-64.07776629226464,61.29976182684573,-0.09120424658746719,1.5934355051406113,0.028331653842182017,0.011382457714584297
613,0,83.07561666666666,Forward,0.09765900070004052,19875.0,19871.403968639235,ok,0.0005225354527683358,0.0014152380537605827,14479.962688125344,ok,-82.52249349807607,68.97395517930981,-0.11745730666831565,-63.827469712232414,61.3001180831937,-0.09084799023949872,1.5934355051406113,0.0273031065499693,0.011382457714584297
614,0,83.21175,Forward,0.09754322351593585,19865.0,19872.486924984645,ok,0.0005213655852556428,0.0011383843218991854,14480.701444517843,ok,-81.43953715266616,68.9754965909926,-0.11591589498552185,-63.08871331973387,61.30116958239675,-0.08979649103644928,1.5934355051406113,0.027169022068997073,0.011382457714584297
615,0,83.34651666666667,Forward,0.09756877816952791,19875.0,19870.758763134792,ok,0.000521932294646302,0.001201641333752154,14480.273589443765,ok,-83.16769900251893,68.9730368345339,-0.11837565144423057,-63.51656839381212,61.30056060049963,-0.09040547293357017,1.5934355051406113,0.025679638987148673,0.011382457714584297
616,0,83.48158333333333,Forward,0.09746449364604243,19880.0,19872.56588426789,ok,0.0005404428818347772,0.0022445247602499,14480.162401960399,ok,-81.36057786942183,68.97560897665079,-0.11580350932734301,-63.62775587717806,61.30040234325632,-0.0905637301768719,1.5934355051406113,0.028503953814458888,0.011382457714584297
617,0,83.61633333333333,Forward,0.09762935279879065,19870.0,19871.65984816348,ok,0.0005254148645741194,0.0011249697845956749,14479.951346998803,ok,-82.26661397383214,68.97431938206805,-0.11709310391007055,-63.8388108387735,61.30010194095028,-0.09086413248292392,1.5934355051406113,0.027693030932020746,0.011382457714584297
618,0,83.75173333333333,Forward,0.09764592795492291,19870.0,19871.837713157503,ok,0.0005277474490470547,0.0015765133080199595,14480.188603097942,ok,-82.08874897980786,68.97457254386993,-0.1168399421082019,-63.601554739634594,61.300439636301135,-0.0905264371320662,1.5934355051406113,0.02740809697191182,0.011382457714584297
619,0,83.8873,Forward,0.09771803738966316,19860.0,19869.924540341464,ok,0.0005214572044077898,0.0016002307564976467,14479.759032007418,ok,-84.00192179584701,68.97184945448377,-0.1195630314943489,-64.031125830159,61.29982821193455,-0.09113786149864504,1.5934355051406113,0.025659272880179648,0.011382457714584297
620,0,84.02268333333333,Forward,0.09772076172283345,19860.0,19870.716670564816,ok,0.0005287511766992074,0.0020326364176323827,14480.411800422979,ok,-83.2097915724953,68.97297692262757,-0.11843556335055569,-63.37835741459821,61.30075732128063,-0.09020875215257686,1.5934355051406113,0.025306265203789813,0.011382457714584297
621,0,84.15803333333334,Forward,0.0976542350137364,19875.0,19871.35116965153,ok,0.0005308465487151436,0.0018202998259851156,14480.202617318984,ok,-82.57529248578066,68.97388002856451,-0.11753245741361808,-63.587540518592505,61.30045958325849,-0.09050649017471091,1.5934355051406113,0.02668379747642617,0.011382457714584297
622,0,84.29333333333334,Forward,0.09767107350733967,19880.0,19870.539791226664,ok,0.0005255314559378018,0.001324909902878852,14479.921419834704,ok,-83.38667091064781,68.97272516374603,-0.11868732223209205,-63.868738002873215,61.30005934451454,-0.09090672891866365,1.5934355051406113,0.02616668728309937,0.011382457714584297
623,0,84.42945,Forward,0.09761786239112566,19865.0,19871.69660424019,ok,0.0005277995309363296,0.0018541639638320598,14480.341417298228,ok,-82.22985789712038,68.97437169834681,-0.11704078763130521,-63.448740539348364,61.300657142384935,-0.0903089310482648,1.5934355051406113,0.02686066953229524,0.011382457714584297
624,0,84.56448333333333,Forward,0.0977703656754027,19870.0,19870.17250791372,ok,0.0005306630641846206,0.0024244064066323715,14479.651737374816,ok,-83.75395422358997,68.97220239586913,-0.11921009010899107,-64.13842046276113,61.29967549552923,-0.09129057790396922,1.5934355051406113,0.026255558007998434,0.011382457714584297
625,0,84.6998,Forward,0.09786385819729834,19865.0,19870.159370781308,ok,0.0005295909860049901,0.001540607709768869,14479.86003993999,ok,-83.76709135600322,68.97218369730436,-0.11922878867377258,-63.93011789758748,61.299971980248,-0.0909940931851941,1.5934355051406113,0.025764430165589033,0.011382457714584297
626,0,84.8351,Forward,0.09776749879111901,19875.0,19869.97540950953,ok,0.0005255662058321912,0.001419243239058515,14479.80257829708,ok,-83.95105262778088,68.97192185844565,-0.11949062753246856,-63.98757954049688,61.29989019297369,-0.09107588045950897,1.5934355051406113,0.02563291405365506,0.011382457714584297
627,0,84.97146666666667,Forward,0.09779221516184008,19855.0,19870.29495807863,ok,0.0005294414232625036,0.001450909332786621,14480.14364319711,ok,-83.63150405868146,68.97237668370221,-0.11903580227592189,-63.646514640466194,61.300375643217116,-0.09059043021608368,1.5934355051406113,0.025314205656348704,0.011382457714584297
628,0,85.1068,Forward,0.09774165854573938,19865.0,19869.730282514192,ok,0.0005306018104060366,0.0022728037916343725,14479.583928648482,ok,-84.19617962311895,68.97157296015813,-0.11983952581999761,-64.2062291890943,61.2995789808697,-0.09138709256350126,1.5934355051406113,0.025779912182256823,0.011382457714584297
629,0,85.24263333333333,Forward,0.09775239247712894,19875.0,19869.85913571386,ok,0.0005250186811984189,0.002182176882533451,14480.12702366109,ok,-84.06732642345014,68.97175636166658,-0.11965612431154651,-63.66313417648598,61.300351988018924,-0.09061408541427528,1.5934355051406113,0.024731576653403697,0.011382457714584297
630,0,85.3782,Forward,0.09790667502776298,19875.0,19871.007811306084,ok,0.0005292848914799449,0.000817262808494709,14480.87375102443,ok,-82.91865083122684,68.9733913139757,-0.11802117200243667,-62.91640681314675,61.30141483259857,-0.08955124083462859,1.5934355051406113,0.024672954672858266,0.011382457714584297
631,0,85.5143,Forward,0.09785475460102935,19870.0,19869.97608833726,ok,0.0005314637646943666,0.0011656228659619357,14479.846622827277,ok,-83.95037380005306,68.97192282464619,-0.11948966133194283,-63.943535010299456,61.29995288317694,-0.0910131902562545,1.5934355051406113,0.025533987458490615,0.011382457714584297
632,0,85.65068333333333,Forward,0.09784480003958376,19880.0,19871.642567919575,ok,0.0005192300857516154,0.0012522715053492027,14480.347410880468,ok,-82.28389421773682,68.97429478645998,-0.11711769951814754,-63.44274695710919,61.30066567327145,-0.09030040016174809,1.5934355051406113,0.026770164227986865,0.011382457714584297
633,0,85.78575,Forward,0.09783454370770338,19870.0,19870.31668043338,ok,0.0005321327796890719,0.0024001254089797896,14480.474322535812,ok,-83.60978170392991,68.97240760193037,-0.11900488404774608,-63.31583530176431,61.300846311308305,-0.09011976212489606,1.5934355051406113,0.0245951446368894,0.011382457714584297
634,0,85.92078333333333,Forward,0.09791404403802012,19870.0,19869.22112792047,ok,0.0005309421248791309,0.0017550232631764753,14480.093705988138,ok,-84.70533421684013,68.9708482616581,-0.12056422432002153,-63.696451849438745,61.30030456574697,-0.09066150768623532,1.5934355051406113,0.02389904097680426,0.011382457714584297
635,0,86.05583333333334,Forward,0.0979742781509062,19880.0,19870.413005410155,ok,0.0005239446478259936,0.001591063377714131,14480.209494895,ok,-83.51345672715615,68.97254470482024,-0.11886778115788979,-63.580662942576964,61.30046937236593,-0.09049670106726942,1.5934355051406113,0.02533287542079357,0.011382457714584297
636,0,86.1914,Forward,0.09795404529797422,19870.0,19870.331799583575,ok,0.0005139857506286811,0.0018239399970832253,14480.289551498843,ok,-83.59466255373627,68.97242912157412,-0.11898336440400313,-63.50060633873363,61.300583319880964,-0.09038275355223621,1.5934355051406113,0.02503572415850376,0.011382457714584297
637,0,86.3267,Forward,0.09805271288257499,19865.0,19871.09117518678,ok,0.0005322396549477795,0.001680333195335087,14479.722495456743,ok,-82.83528695053246,68.97350996885976,-0.11790251711835942,-64.06766238083401,61.29977620811529,-0.09118986531791085,1.5934355051406113,0.02740265198819017,0.011382457714584297
638,0,86.4628,Forward,0.0980625527077586,19865.0,19870.546485823743,ok,0.0005270098464441322,0.0012882119424112843,14479.767346581011,ok,-83.37997631356848,68.97273469241281,-0.11867779356531484,-64.02281125656555,61.29984004637362,-0.09112602705958504,1.5934355051406113,0.026525653393832074,0.011382457714584297
639,0,86.59826666666666,Forward,0.09802048508931413,19865.0,19869.469163202724,ok,0.0005324354207618465,0.002134356035924289,14480.48008566874,ok,-84.45729893458702,68.9712012994176,-0.1202111865605306,-63.310072168836996,61.30085451418782,-0.09011155924537897,1.5934355051406113,0.023375771364637962,0.011382457714584297
640,0,86.73403333333333,Forward,0.09806414076162598,19880.0,19869.708597447603,ok,0.0005337863525109899,0.0013557364261150946,14480.337214552357,ok,-84.21786468970822,68.97154209500357,-0.11987039097455766,-63.45294328521959,61.300651160461825,-0.0903149129713711,1.5934355051406113,0.024040597997709398,0.011382457714584297
641,0,86.87028333333333,Forward,0.0980286444103482,19875.0,19869.336839537285,ok,0.0005288557208422049,0.002944976975418999,14480.398184732834,ok,-84.5896226000259,68.9710129582673,-0.12039952771082914,-63.39197310474265,61.30073794156698,-0.09022813186621619,1.5934355051406113,0.02337318116730873,0.011382457714584297
642,0,87.00503333333333,Forward,0.09803751442640952,19865.0,19869.963961634796,ok,0.0005298966010019778,0.0008584128088784629,14480.05318004436,ok,-83.96250050251547,68.9719055642636,-0.11950692171453216,-63.73697779321628,61.30024688367745,-0.09071918975574783,1.5934355051406113,0.025048256239864855,0.011382457714584297
643,0,87.14033333333333,Forward,0.0981510514055492,19865.0,19869.288546394248,ok,0.0005190936930912232,0.0015936891784674961,14479.89435603136,ok,-84.63791574306379,68.97094422085678,-0.12046826512133782,-63.895801806216696,61.3000208236057,-0.09094524982749926,1.5934355051406113,0.02444712497768256,0.011382457714584297
644,0,87.2762,Forward,0.09821886121593318,19865.0,19868.6380976772,ok,0.0005140492145387784,0.002351289975114318,14479.91790748546,ok,-85.28836446010973,68.97001841322312,-0.12139407275500874,-63.87225035211668,61.3000543452584,-0.09091172817480253,1.5934355051406113,0.023467902752413672,0.011382457714584297
645,0,87.41125,Forward,0.0981417554471751,19870.0,19868.836907036602,ok,0.0005246219793377622,0.0016729751922596615,14479.724188400261,ok,-85.08955510070882,68.97030138591221,-0.12111110006591727,-64.06596943731529,61.299778617744195,-0.09118745568900094,1.5934355051406113,0.024190229452373063,0.011382457714584297
646,0,87.54683333333334,Forward,0.09812069867304214,19875.0,19869.184470640146,ok,0.0005242443708709469,0.001488318827567589,14479.826987244332,ok,-84.74199149716515,68.97079608599988,-0.12061639997824813,-63.963170593244286,61.299924935128,-0.0910411383052021,1.5934355051406113,0.024451782225677815,0.011382457714584297
647,0,87.68211666666667,Forward,0.09818319854061228,19870.0,19870.444779728834,ok,0.0005285609837225757,0.0017532404690199367,14480.027993991931,ok,-83.48168240847735,68.97258993037917,-0.11882255559895391,-63.76216384564577,61.300211035440704,-0.09075503799249608,1.5934355051406113,0.025789744208674442,0.011382457714584297
648,0,87.81823333333334,Forward,0.098151626717511,19865.0,19869.54897640325,ok,0.0005245228395688735,0.0011790930887385673,14479.860198305698,ok,-84.37748573406134,68.97131490048771,-0.12009758549041094,-63.92995953187892,61.299972205655756,-0.09099386777744395,1.5934355051406113,0.024895274176238436,0.011382457714584297
649,0,87.95408333333333,Forward,0.0981535956144183,19875.0,19869.51693627915,ok,0.0005268419523094579,0.0016859598698479765,14480.099829301656,ok,-84.40952585816194,68.97126929659812,-0.1201431893800009,-63.690328535920344,61.300313281284794,-0.09065279214840716,1.5934355051406113,0.02430618826940309,0.011382457714584297
650,0,88.08993333333333,Forward,0.09808832794140335,19875.0,19868.710371824793,ok,0.0005187079473038276,0.0020203588487964987,14480.696409798069,ok,-85.21609031251865,68.97012128368132,-0.12129120229681063,-63.09374803950777,61.301162416294524,-0.08980365713867675,1.5934355051406113,0.021805133479431013,0.011382457714584297
651,0,88.22635,Forward,0.09818982436824195,19865.0,19869.118081271692,ok,0.000533080184063937,0.002362307964932993,14480.073748051364,ok,-84.80838086561926,68.97070159156473,-0.12071089441339522,-63.71640978621326,61.300276158879925,-0.09068991455327026,1.5934355051406113,0.023797635393953853,0.011382457714584297
652,0,88.36165,Forward,0.09827056001894821,19870.0,19869.442521126137,ok,0.000533303480582848,0.001504727774943889,14479.862757916064,ok,-84.48394101117447,68.971163378768,-0.12024910721013005,-63.927399921512915,61.29997584884353,-0.09099022458966607,1.5934355051406113,0.02473794727176218,0.011382457714584297
653,0,88.49723333333333,Forward,0.09825790630261835,19870.0,19870.153314082138,ok,0.0005267622945193014,0.0018078462832123033,14479.66037724167,ok,-83.7731480551738,68.97217507658118,-0.11923740939694417,-64.1297805959075,61.299687792970175,-0.09127828046302211,1.5934355051406113,0.02620864354101786,0.011382457714584297
654,0,88.632,Forward,0.09811888374424615,19875.0,19868.82965269878,ok,0.0005328596702077948,0.0013964962406906587,14480.363949113475,ok,-85.09680943853164,68.9702910605458,-0.121121425432326,-63.42620872410225,61.30068921274807,-0.09027686068513141,1.5934355051406113,0.02272892967599495,0.011382457714584297
655,0,88.76705,Forward,0.0982967462681705,19860.0,19869.417808194128,ok,0.0005338776736737001,0.0019200777096674139,14479.317954488322,ok,-84.50865394318316,68.97112820394098,-0.12028428203714477,-64.47220334925441,61.29920041004408,-0.0917656633891211,1.5934355051406113,0.0259383841598627,0.011382457714584297
656,0,88.90235,Forward,0.09814363998982183,19855.0,19869.11842069333,ok,0.000525658257794297,0.0012635686829104212,14480.08529669306,ok,-84.8080414439828,68.97070207467605,-0.12071041130206941,-63.704861144517054,61.300292596487324,-0.09067347694587603,1.5934355051406113,0.023771926238038144,0.011382457714584297
657,0,89.03818333333334,Forward,0.09817688563736776,19865.0,19869.252900850544,ok,0.0005340679259188768,0.0023152679640716816,14479.71481193727,ok,-84.67356128676693,68.9708934852406,-0.12051900073753918,-64.07534590030627,61.29976527187882,-0.09120080155438032,1.5934355051406113,0.024803594556493475,0.011382457714584297
658,0,89.1735,Forward,0.09809778100010398,19865.0,19869.028811780743,ok,0.0005300106714974463,0.0012211618306709766,14479.85369023458,ok,-84.89765035656819,68.97057453100791,-0.12083795497022096,-63.936467602996345,61.29996294247826,-0.09100313095494447,1.5934355051406113,0.02416966497234818,0.011382457714584297
659,0,89.30856666666666,Forward,0.09814524943822991,19855.0,19869.186079983847,ok,0.0005289226707845587,0.001615567992429941,14480.173133427776,ok,-84.74038215346445,68.97079837663809,-0.1206141093400406,-63.61702440980116,61.30041761774939,-0.09054845568380633,1.5934355051406113,0.02366901488218759,0.011382457714584297
660,0,89.4435,Forward,0.09809784009448509,19875.0,19869.422589231337,ok,0.0005140517423153138,0.0013568371689214088,14480.312270308636,ok,-84.50387290597428,68.97113500896747,-0.1202774770106625,-63.47788752894121,61.300615656400325,-0.09035041703287268,1.5934355051406113,0.023690085393777857,0.011382457714584297
661,0,89.5788,Forward,0.0980885392514626,19865.0,19869.58428160571,ok,0.0005279112478919256,0.0014210004422769876,14480.383377717086,ok,-84.34218053160293,68.97136515168367,-0.12004733429444774,-63.40678012049102,61.3007168661957,-0.09024920723749831,1.5934355051406113,0.02375895682857511,0.011382457714584297
662,0,89.71411666666667,Forward,0.09818760552859006,19870.0,19869.586631112146,ok,0.0005246188507668662,0.000962819513486949,14479.966715501503,ok,-84.33983102516504,68.97136849582279,-0.12004399015533491,-63.82344233607364,61.30012381550663,-0.09084225792656805,1.5934355051406113,0.02470728899199974,0.011382457714584297
663,0,89.84995,Forward,0.09814556156738297,19860.0,19869.67090969219,ok,0.0005276746104788955,0.0010925244083671859,14480.076443911339,ok,-84.25555244511997,68.97148845263217,-0.11992403334595718,-63.71371392623769,61.3002799959968,-0.09068607743640111,1.5934355051406113,0.02457838226313523,0.011382457714584297
664,0,89.98498333333333,Forward,0.0981133790913835,19870.0,19870.230701443914,ok,0.0005348498850639575,0.0024837307718756155,14480.136714504737,ok,-83.69576069339746,68.9722852248656,-0.11912726111252972,-63.65344333283974,61.300365781353875,-0.0906002920793216,1.5934355051406113,0.025238461062771028,0.011382457714584297
665,0,90.12108333333333,Forward,0.09821124133130452,19865.0,19869.372355794734,ok,0.0005192759801071631,0.001345281968350849,14480.499174601035,ok,-84.55410634257714,68.9710635098656,-0.12034897611251895,-63.29098323654216,61.30088168416875,-0.09008438926445035,1.5934355051406113,0.023194688200363953,0.011382457714584297
666,0,90.2572,Forward,0.09806509962382623,19865.0,19869.132513739492,ok,0.000519698945202303,0.001213667611231877,14479.842913405824,ok,-84.7939483978189,68.9707221338281,-0.12069035215001285,-63.94724443175255,61.29994760342066,-0.09101847001253316,1.5934355051406113,0.024341709591533492,0.011382457714584297
667,0,90.39278333333333,Forward,0.09814292795641805,19880.0,19870.685653497167,ok,0.0005253738153663407,0.0026061335610653943,14479.815978006245,ok,-83.24080864014468,68.97293277489193,-0.11847971108619008,-63.97417983133164,61.29990926527364,-0.09105680815955812,1.5934355051406113,0.02661344002002715,0.011382457714584297
668,0,90.52915,Forward,0.09814567004530343,19865.0,19868.90307086504,ok,0.0005288785778739261,0.00197435044248024,14480.47477560025,ok,-85.02339127227242,68.97039555932793,-0.1210169266501905,-63.31538223732605,61.30084695617162,-0.0901191172615817,1.5934355051406113,0.02258207448634393,0.011382457714584297
669,0,90.66498333333334,Forward,0.0982385479685864,19880.0,19868.85489156028,ok,0.0005367549555842229,0.0016729244484636955,14481.017247613274,ok,-85.0715705770308,68.97032698394764,-0.12108550203048003,-62.772910224302905,61.30161907658257,-0.08934699685062826,1.5934355051406113,0.021283175028997417,0.011382457714584297
670,0,90.80083333333333,Forward,0.09810660367611634,19875.0,19869.308377906902,ok,0.0005300904989383997,0.0014936616755705516,14480.357494678383,ok,-84.6180842304093,68.97097244777972,-0.12044003819841274,-63.43266315919391,61.3006800259127,-0.0902860475204995,1.5934355051406113,0.0234249555395636,0.011382457714584297
671,0,90.93615,Forward,0.09818343072520613,19865.0,19869.003963823965,ok,0.0005293996420481774,0.001583803014314759,14479.818331215234,ok,-84.9224983133463,68.97053916399516,-0.12087332198296681,-63.97182662234263,61.29991261468273,-0.09105345875046782,1.5934355051406113,0.024214492055884676,0.011382457714584297
672,0,91.07171666666666,Forward,0.09807395360737797,19860.0,19869.37199472978,ok,0.0005288923040529497,0.0016953320827202032,14480.21392003224,ok,-84.55446740753177,68.97106299594854,-0.12034949002957726,-63.57623780533686,61.30047567082687,-0.09049040260633075,1.5934355051406113,0.023841130357818652,0.011382457714584297
673,0,91.20701666666666,Forward,0.09812286257105565,19860.0,19870.91683553479,ok,0.0005183567055847897,0.0015152829017575653,14479.929447135537,ok,-83.00962660252117,68.97326182480715,-0.11815066117096928,-63.860710702039796,61.30007077006769,-0.0908953033655115,1.5934355051406113,0.026685142462163636,0.011382457714584297
674,0,91.3424,Forward,0.09824540629622336,19855.0,19869.651585038926,ok,0.0005197924407018419,0.001259755642561752,14479.95737728074,ok,-84.27487709838533,68.9714609471409,-0.11995153883723152,-63.83278055683695,61.30011052407282,-0.09085554936037524,1.5934355051406113,0.02482091935264573,0.011382457714584297
675,0,91.47776666666667,Forward,0.09821502091536477,19865.0,19870.48554394986,ok,0.0005174604866444185,0.0013719803226048576,14480.04697698832,ok,-83.44091818745073,68.97264795159748,-0.1187645343806502,-63.74318084925653,61.30023805463915,-0.09072801879404654,1.5934355051406113,0.025804712076848244,0.011382457714584297
676,0,91.61253333333333,Forward,0.09818078737538967,19860.0,19869.075329236035,ok,0.0005350355223862679,0.0031801734961659847,14480.042404228914,ok,-84.85113290127629,68.9706407410166,-0.12077174496153067,-63.747753608662606,61.30023154606214,-0.09073452737105522,1.5934355051406113,0.023807872493661314,0.011382457714584297
677,0,91.74786666666667,Forward,0.0981528374587786,19860.0,19870.912554482762,ok,0.0005367712085950541,0.0024397557710740887,14480.551446819964,ok,-83.01390765454926,68.97325573142801,-0.11815675455011491,-63.23871101761324,61.300956085144634,-0.09000998828856235,1.5934355051406113,0.025268356606170952,0.011382457714584297
678,0,91.88371666666667,Forward,0.09817053944154848,19865.0,19869.79863328298,ok,0.0005340468885836857,0.0020310549752237525,14480.088573353827,ok,-84.12782885433262,68.97167024632667,-0.11974223965146298,-63.701584483749684,61.300297260279365,-0.09066881315383235,1.5934355051406113,0.024732666436813558,0.011382457714584297
679,0,92.01955,Forward,0.098224027177921,19885.0,19870.00951675433,ok,0.0005183428964074974,0.0005894038849057448,14480.23729434424,ok,-83.9169453829818,68.97197040454432,-0.11944208143379703,-63.55286349333619,61.30050894034669,-0.09045713308651325,1.5934355051406113,0.024695526119482697,0.011382457714584297
680,0,92.15511666666667,Forward,0.0980755865888065,19860.0,19870.42430767826,ok,0.0005299274387590948,0.001111777104748237,14480.767893091132,ok,-83.50215445905269,68.97256079175501,-0.11885169422311112,-63.02226474644522,61.30126416110032,-0.08970191233287897,1.5934355051406113,0.024082517767108708,0.011382457714584297
681,0,92.29073333333334,Forward,0.09792647636079815,19880.0,19870.145240542497,ok,0.0005165278949970137,0.001044439360378017,14479.4672452764,ok,-83.78122159481427,68.97216358521463,-0.11924890076349469,-64.32291256117605,61.299412901125415,-0.09155317230778358,1.5934355051406113,0.026635174599983866,0.011382457714584297
682,0,92.42603333333334,Forward,0.09798585623502598,19880.0,19869.626303225545,ok,0.0005292368442210794,0.0010454764589512945,14479.999801939954,ok,-84.30015891176663,68.97142496260406,-0.1199875233740721,-63.79035589762316,61.300170908654,-0.0907951647791981,1.5934355051406113,0.02468871588019446,0.011382457714584297
683,0,92.56185,Forward,0.09800354706749903,19875.0,19870.318756832534,ok,0.0005291975794531162,0.0013680036337579656,14480.12747531881,ok,-83.60770530477748,68.97241055734582,-0.11900192863229904,-63.662682518766815,61.30035263088,-0.09061344255319606,1.5934355051406113,0.025384747974982677,0.011382457714584297
684,0,92.69785,Forward,0.09807175624751369,19880.0,19870.060098131995,ok,0.0005242180113135971,0.002685425701993611,14479.97498988114,ok,-83.86636400531643,68.97204239888353,-0.11937008709460167,-63.8151679564362,61.300135592736154,-0.09083048069704715,1.5934355051406113,0.025362425797062188,0.011382457714584297
685,0,92.83368333333334,Forward,0.09804076230474197,19880.0,19869.891215283584,ok,0.0005314167839609582,0.0012357856326050017,14480.208796142724,ok,-84.03524685372759,68.97180202170057,-0.1196104642775489,-63.5813616948526,61.30046837780606,-0.09049769562713846,1.5934355051406113,0.02459177706814175,0.011382457714584297
686,0,92.96898333333333,Forward,0.09809891230585821,19880.0,19869.893596322287,ok,0.0005296951553600581,0.0017803635138054013,14479.670781602685,ok,-84.0328658150247,68.97180541072072,-0.11960707525740108,-64.11937623489212,61.2997026018807,-0.0912634715524976,1.5934355051406113,0.025815380636738744,0.011382457714584297
687,0,93.1054,Forward,0.09815978074105805,19860.0,19868.99340951532,ok,0.0005238701575325851,0.0013809381174938434,14480.780508354776,ok,-84.93305262199283,68.97052414165864,-0.12088834431948162,-63.00964948280125,61.30128211687005,-0.08968395656315219,1.5934355051406113,0.02201725630973342,0.011382457714584297
688,0,93.24121666666667,Forward,0.09816010019535701,19870.0,19868.516898902286,ok,0.0005344183093593191,0.0024761102022177774,14480.607582729177,ok,-85.40956323502542,68.96984590653955,-0.12156657943857652,-63.18257510839976,61.30103598545332,-0.08993008797988171,1.5934355051406113,0.021731215728985898,0.011382457714584297
689,0,93.37733333333334,Forward,0.0981348822147235,19880.0,19870.506293754515,ok,0.0005362777458227729,0.002754871031482046,14480.106742120917,ok,-83.42016838279596,68.97267748555925,-0.11873500041887407,-63.68341571665951,61.30032312055525,-0.09064295287795562,1.5934355051406113,0.025698698987647775,0.011382457714584297
690,0,93.51211666666667,Forward,0.09804970165090351,19855.0,19869.28319789179,ok,0.0005300810065961276,0.0012605713662117834,14480.918261776322,ok,-84.643264245522,68.9709366081361,-0.12047587784202549,-62.87189606125503,61.301478186392345,-0.0894878870408523,1.5934355051406113,0.022117298648880956,0.011382457714584297
691,0,93.6477,Forward,0.09807768918697937,19865.0,19868.537044214696,ok,0.0005250524276279283,0.0017792054520928593,14480.604848930243,ok,-85.3894179226154,68.96987458010523,-0.12153790587289313,-63.18530890733382,61.301032094336534,-0.08993397909666885,1.5934355051406113,0.021766089538312564,0.011382457714584297
692,0,93.78346666666667,Forward,0.09810200110735343,19875.0,19869.72860277031,ok,0.0005173388644480413,0.001213794451519969,14480.326577882866,ok,-84.19785936700282,68.97157056931674,-0.1198419166613807,-63.46357995471044,61.30063602089809,-0.09033005253511132,1.5934355051406113,0.024093196229282368,0.011382457714584297
693,0,93.91935,Forward,0.09816160146055539,19860.0,19867.746837332314,ok,0.0005289287552117497,0.0022455946550741317,14480.122106600917,ok,-86.17962480499773,68.96874984952353,-0.12266263645459277,-63.668051236660176,61.30034498938594,-0.09062108404725769,1.5934355051406113,0.02173621638063908,0.011382457714584297
694,0,94.05518333333333,Forward,0.09822850403305455,19870.0,19870.711560955922,ok,0.0005323748034476562,0.0019654356816587774,14480.393394636068,ok,-83.214901181389,68.97296964993289,-0.11844283604522766,-63.39676320150829,61.300731123645704,-0.0902349497874995,1.5934355051406113,0.02534073675075431,0.011382457714584297
695,0,94.1905,Forward,0.09817304081018803,19880.0,19870.79341990739,ok,0.0005373354088675508,0.001981613117388814,14480.273015624656,ok,-83.13304222992156,68.97308616279574,-0.11832632318238885,-63.51714221292059,61.30055978376174,-0.09040628967145747,1.5934355051406113,0.02573026866813842,0.011382457714584297
696,0,94.3266,Forward,0.09817869914984714,19880.0,19869.29043587852,ok,0.0005370553651772615,0.001885250100155645,14480.782987731056,ok,-84.63602625879139,68.9709469102294,-0.12046557574872897,-63.00717010652079,61.30128564585769,-0.0896804275755056,1.5934355051406113,0.022434401666272794,0.011382457714584297
697,0,94.4619,Forward,0.09825731319597146,19875.0,19869.421745760996,ok,0.0005153039756146374,0.001809692051389469,14479.741473785525,ok,-84.50471637631563,68.97113380842504,-0.12027867755308858,-64.04868405205161,61.29980322067016,-0.09116285276303818,1.5934355051406113,0.024983448789442336,0.011382457714584297
698,0,94.59666666666666,Forward,0.0982379762065498,19875.0,19869.091407356285,ok,0.0005136684718261397,0.0012512751941669684,14480.287874614154,ok,-84.83505478102597,68.97066362559777,-0.12074886038035966,-63.50228322342264,61.300580933109174,-0.09038514032402188,1.5934355051406113,0.02327403134905319,0.011382457714584297
699,0,94.73196666666666,Forward,0.09835159775915649,19875.0,19868.645728386222,ok,0.0005319716746041528,0.0021499546246277843,14480.100506197627,ok,-85.28073375108943,68.97002927429253,-0.12138321168560207,-63.68965163995017,61.30031424473577,-0.0906518286974233,1.5934355051406113,0.023064630766796795,0.011382457714584297
700,0,94.86755,Forward,0.0983861645829161,19875.0,19868.71566794601,ok,0.0005301725130566878,0.001479530526191981,14480.291974791662,ok,-85.21079419130183,68.97012882184585,-0.12128366413227455,-63.49818304591463,61.30058676904295,-0.09037930439024748,1.5934355051406113,0.022729928413056502,0.011382457714584297
701,0,95.00313333333334,Forward,0.09831040965386353,19875.0,19868.716136947518,ok,0.0005212253347798233,0.0017368377629954847,14480.078294757004,ok,-85.21032518979337,68.97012948939299,-0.12128299658514077,-63.711863080572584,61.30028263037366,-0.09068344305954619,1.5934355051406113,0.023215221314337064,0.011382457714584297
702,0,95.13926666666667,Forward,0.09827340346032964,19875.0,19869.34830228855,ok,0.0005174983127757235,0.001352226072672381,14480.299378918078,ok,-84.57815984876288,68.97102927362367,-0.12038321235445427,-63.49077891949855,61.30059730760898,-0.09036876582421295,1.5934355051406113,0.023613587665584093,0.011382457714584297
703,0,95.27536666666667,Forward,0.09832287170345956,19880.0,19870.139445482993,ok,0.0005304448972880601,0.0023989618230937136,14480.514407342505,ok,-83.787016654318,68.97215533689284,-0.11925714908528476,-63.27575049507141,61.300903365491145,-0.09006270794205586,1.5934355051406113,0.02425196743869637,0.011382457714584297
704,0,95.41068333333334,Forward,0.09836450088117538,19870.0,19869.846298812816,ok,0.0005276573597896417,0.0006908773144765715,14480.152580259131,ok,-84.08016332449552,68.97173809043217,-0.11967439554595598,-63.637577578445416,61.3003883636669,-0.09057770976630095,1.5934355051406113,0.02465534316998945,0.011382457714584297
705,0,95.54546666666667,Forward,0.09844272539881659,19875.0,19868.976291920084,ok,0.0005332030555643474,0.0022779494180122086,14480.33313666177,ok,-84.95017021722742,68.97049977755441,-0.12091270842371146,-63.45702117580731,61.300645356249845,-0.09032071718335039,1.5934355051406113,0.02300752918600274,0.011382457714584297
706,0,95.68183333333333,Forward,0.0983005560893124,19880.0,19869.9301167072,ok,0.0005286932161300109,0.0015974149304617154,14480.009966022557,ok,-83.99634543011052,68.97185739153066,-0.11955509444745852,-63.78019181501986,61.30018537556741,-0.09078069786579387,1.5934355051406113,0.02509809271333996,0.011382457714584297
707,0,95.81821666666667,Forward,0.09838599359952008,19875.0,19869.492820190164,ok,0.0005214578916906634,0.0013987700815137837,14479.922278470362,ok,-84.43364194714741,68.97123497127978,-0.12017751469834181,-63.86787936721521,61.300060566642316,-0.09090550679088341,1.5934355051406113,0.024674547435052763,0.011382457714584297
708,0,95.95378333333333,Forward,0.0984760987913041,19870.0,19868.8370185467,ok,0.0005256101029545595,0.0017608893147538019,14480.219232965597,ok,-85.08944359061206,68.97030154462864,-0.12111094134948644,-63.570924871979514,61.30048323292074,-0.09048284051245538,1.5934355051406113,0.02306762932903525,0.011382457714584297
709,0,96.09076666666667,Forward,0.09844125168298633,19870.0,19868.567152389725,ok,0.0005250577913787442,0.0014131643380285602,14480.25208458928,ok,-85.35930974758594,68.9699174341805,-0.12149505179762528,-63.53807324829722,61.3005299918476,-0.09043608158559996,1.5934355051406113,0.022609011546662713,0.011382457714584297
710,0,96.22618333333334,Forward,0.0984133099549506,19865.0,19868.94237489406,ok,0.0005225562556863946,0.0014050669231291189,14480.440953865551,ok,-84.98408724325054,68.97045150220114,-0.12096098377698793,-63.34920397202586,61.30079881645,-0.0901672569832054,1.5934355051406113,0.022714724901189268,0.011382457714584297
711,0,96.3623,Forward,0.09842619488040596,19870.0,19868.61336401318,ok,0.0005371189824809658,0.0012495739157766606,14480.384531842736,ok,-85.31309812413019,68.96998320888747,-0.12142927709065997,-63.4056259948411,61.30071850890528,-0.09024756452792121,1.5934355051406113,0.022374396480598066,0.011382457714584297
712,0,96.4976,Forward,0.09858042104872877,19875.0,19868.558713701244,ok,0.0005221803404866068,0.0013418824179689092,14480.09560884532,ok,-85.3677484360669,68.96990542308414,-0.12150706289397939,-63.69454899225639,61.300307274153724,-0.09065879927947082,1.5934355051406113,0.02295188673134549,0.011382457714584297
713,0,96.63238333333334,Forward,0.09844327909337788,19865.0,19868.977778877805,ok,0.0005296373103887982,0.0017729160851092276,14480.071587540817,ok,-84.94868325950665,68.97050189399614,-0.12091059198198013,-63.718570296759935,61.30027308374564,-0.09069298968756496,1.5934355051406113,0.023602837853537187,0.011382457714584297
714,0,96.76903333333334,Forward,0.09849729892274274,19870.0,19868.492345662162,ok,0.0005322269987254114,0.0014725701785858725,14480.235338716731,ok,-85.4341164751495,68.96981095900787,-0.12160152697024582,-63.55481912084542,61.30050615682997,-0.09045991660322904,1.5934355051406113,0.022540515937398004,0.011382457714584297
715,0,96.9049,Forward,0.09851264879082983,19860.0,19868.645446804963,ok,0.0005317161799332936,0.0026903373191626253,14480.324842575772,ok,-85.28101533234803,68.97002887350754,-0.12138361247058617,-63.46531526180479,61.30063355097154,-0.09033252246165989,1.5934355051406113,0.022555436088734462,0.011382457714584297
716,0,97.041,Forward,0.09844141002548232,19865.0,19870.04287048661,ok,0.0005236604499250686,0.0014810907968158564,14480.214193842003,ok,-83.88359165070142,68.97201787814086,-0.11939460783726688,-63.57596399557406,61.300476060550395,-0.09049001288280308,1.5934355051406113,0.02479539155082286,0.011382457714584297
717,0,97.17605,Forward,0.09867471251204285,19875.0,19868.661120957007,ok,0.000530611496962027,0.0007962192825109074,14480.193597350768,ok,-85.26534118030395,68.97005118310588,-0.12136130287225282,-63.59656048680881,61.300446744805264,-0.09051932862793756,1.5934355051406113,0.02287540926499386,0.011382457714584297
718,0,97.31241666666666,Forward,0.09866943514085837,19870.0,19868.41635401212,ok,0.0005258880695231293,0.002091132228078524,14480.219365629526,ok,-85.51010812519235,68.96970279729142,-0.12170968868670587,-63.57079220805099,61.30048342174621,-0.09048265168699608,1.5934355051406113,0.02246858111062472,0.011382457714584297
719,0,97.44776666666667,Forward,0.09862658923388792,19880.0,19868.51074915374,ok,0.0005214183605029156,0.0017919201519291021,14480.596112686013,ok,-85.41571298357303,68.96983715337578,-0.12157533260235612,-63.19404515156384,61.30101965971811,-0.08994641371508813,1.5934355051406113,0.02174847657133175,0.011382457714584297
720,0,97.58306666666667,Forward,0.09868128403860377,19875.0,19867.981329368737,ok,0.0005257347817913123,0.0013258879160281093,14480.169410733073,ok,-85.9451327685747,68.96908361068205,-0.12232887529607833,-63.62074710450361,61.300412319100815,-0.09055375433239005,1.5934355051406113,0.021962691980932425,0.011382457714584297
721,0,97.7189,Forward,0.09854812604192675,19880.0,19867.91632055902,ok,0.0005230290404021338,0.001488686255055371,14480.282942360087,ok,-86.01014157829195,68.96899108124704,-0.12242140473108964,-63.50721547748981,61.30057391285017,-0.09039216058303219,1.5934355051406113,0.02161267332828551,0.011382457714584297
722,0,97.85421666666667,Forward,0.0987187445214861,19875.0,19868.16619516473,ok,0.0005306467110523303,0.002650768950781733,14480.37248374417,ok,-85.76026697258203,68.9693467369834,-0.12206574899472755,-63.417674093407186,61.30070136040251,-0.09026471303068766,1.5934355051406113,0.021765249609698556,0.011382457714584297
723,0,97.99058333333333,Forward,0.09859156697603544,19860.0,19867.448183896624,ok,0.0005239343991635557,0.0009669564546971721,14479.76500381499,ok,-86.47827824068736,68.96832476508054,-0.12308772089758965,-64.02515402258723,61.299836711828384,-0.09112936160481504,1.5934355051406113,0.02212103944432023,0.011382457714584297
724,0,98.12536666666666,Forward,0.0986108358763084,19855.0,19867.675493215418,ok,0.0005294969984335086,0.0016371658176747403,14480.146560784582,ok,-86.25096892189322,68.9686483028123,-0.1227641831658221,-63.643597052994664,61.3003797959269,-0.09058627750629696,1.5934355051406113,0.021579207691231783,0.011382457714584297
725,0,98.26093333333333,Forward,0.09868021408505613,19865.0,19868.37294305383,ok,0.0005314502451417342,0.0013824999711217248,14480.297756043277,ok,-85.55351908348166,68.96964100887442,-0.12177147710371089,-63.49240179429944,61.30059499771147,-0.09037107572173413,1.5934355051406113,0.022229003589050972,0.011382457714584297
726,0,98.39731666666667,Forward,0.09873466781027122,19855.0,19868.028422443083,ok,0.0005211056934347839,0.001367722289664478,14480.111895000919,ok,-85.89803969422792,68.96915063999056,-0.12226184598757069,-63.67826283665818,61.30033045483928,-0.09063561859392123,1.5934355051406113,0.022160166710365983,0.011382457714584297
727,0,98.5332,Forward,0.09884755805149248,19870.0,19867.654798349686,ok,0.0005261458925148788,0.0010220950509465425,14480.102672364073,ok,-86.27166378762558,68.96861884704713,-0.12279363893100499,-63.68748547350333,61.300317327920325,-0.09064874551287741,1.5934355051406113,0.02164929066566955,0.011382457714584297
728,0,98.66956666666667,Forward,0.09863546470331633,19870.0,19867.626143861296,ok,0.0005305790425001931,0.0015423534222356544,14480.422721321653,ok,-86.30031827601488,68.96857806205763,-0.1228344239204969,-63.367436515924055,61.30077286539824,-0.09019320803496371,1.5934355051406113,0.020882636084947725,0.011382457714584297
729,0,98.80486666666667,Forward,0.09883719844297142,19855.0,19867.52053548513,ok,0.0005363996091674679,0.0017896730438338036,14480.273011685895,ok,-86.40592665217991,68.96842774576325,-0.12298474021488091,-63.51714615168203,61.30055977815556,-0.09040629527764181,1.5934355051406113,0.02107186056873951,0.011382457714584297
730,0,98.94016666666667,Forward,0.09875514321382214,19880.0,19867.679339482736,ok,0.0005292648005060903,0.0030766270929801598,14479.806988741442,ok,-86.24712265457492,68.96865377734635,-0.12275870863177953,-63.98316909613459,61.299896470521716,-0.09106960291148483,1.5934355051406113,0.022354830086437197,0.011382457714584297
731,0,99.07601666666666,Forward,0.09878697510334841,19875.0,19867.01933943993,ok,0.0005241299484447116,0.0015323376850887576,14479.809193969586,ok,-86.90712269738287,68.96771437495866,-0.12369811101945705,-63.980963867990795,61.29989960930421,-0.09106646412898592,1.5934355051406113,0.021410426251282977,0.011382457714584297
732,0,99.21178333333333,Forward,0.09890528627278115,19865.0,19868.577835744574,ok,0.0005313283063959563,0.0019139056969446338,14479.524086880525,ok,-85.34862639273706,68.96993264019324,-0.12147984578489421,-64.26607095705185,61.29949380587567,-0.09147226755752551,1.5934355051406113,0.024275313076988603,0.011382457714584297
733,0,99.34813333333334,Forward,0.09887335932198149,19860.0,19867.803652359584,ok,0.000528650242347801,0.0011952901001016857,14479.930685144922,ok,-86.12280977772753,68.96883071644598,-0.12258176953215058,-63.85947269265489,61.30007253217208,-0.09089354126112255,1.5934355051406113,0.022251226301285232,0.011382457714584297
734,0,99.4843,Forward,0.09899391417080006,19855.0,19867.030917792403,ok,0.0005217839858396388,0.0016738221488669382,14479.846040935921,ok,-86.89554434490856,68.96773085485451,-0.12368163112361724,-63.944116901655434,61.29995205494953,-0.09101401848366922,1.5934355051406113,0.02134333739378516,0.011382457714584297
735,0,99.62038333333334,Forward,0.09898911970513653,19860.0,19866.611618278872,ok,0.0005225630505685313,0.0012583194940258956,14479.602884044705,ok,-87.31484385843942,68.96713405040207,-0.1242784355760641,-64.18727379287157,61.299605960783815,-0.09136011264938602,1.5934355051406113,0.02129801167311346,0.011382457714584297
736,0,99.75626666666666,Forward,0.09905899497770039,19875.0,19867.024783192555,ok,0.0005216879070280065,0.0009396246475018744,14479.830284356301,ok,-86.90167894475599,68.96772212325243,-0.1236903627256935,-63.95987348127528,61.29992962802899,-0.09103644540420931,1.5934355051406113,0.02137034164316845,0.011382457714584297
737,0,99.89208333333333,Forward,0.09903969750387853,19865.0,19866.128281933226,ok,0.0005161236987948558,0.0012574306614405912,14479.79972699975,ok,-87.79818020408493,68.96644609996615,-0.12496638601197467,-63.99043083782635,61.29988613461711,-0.09107993881609314,1.5934355051406113,0.02016362230362266,0.011382457714584297
738,0,100.02768333333333,Forward,0.09897811291663097,19865.0,19867.287329115727,ok,0.0005305906736929581,0.002085018069059992,14479.921801300754,ok,-86.63913302158471,68.96809581454198,-0.12331667143614028,-63.86835653682283,61.300059887469224,-0.09090618596397379,1.5934355051406113,0.021536472915770655,0.011382457714584297
739,0,100.16298333333333,Forward,0.09893399125909347,19870.0,19867.32735480561,ok,0.0005217239090606125,0.0027228403684406927,14479.749817878728,ok,-86.59910733170182,68.96815278458169,-0.12325970139643473,-64.04033995884856,61.299815097125574,-0.09115097630762978,1.5934355051406113,0.021983500580373225,0.011382457714584297
740,0,100.29883333333333,Forward,0.0989857874847216,19870.0,19866.71974097928,ok,0.0005245823353206552,0.0011943474351995163,14479.609161095523,ok,-87.20672115803245,68.96728794542682,-0.12412454055131181,-64.18099674205405,61.2996148951416,-0.09135117829159348,1.5934355051406113,0.021437670374943485,0.011382457714584297
741,0,100.43395,Forward,0.09906895800781837,19865.0,19866.242541678264,ok,0.0005276080141533851,0.0013576141148333024,14479.573198941764,ok,-87.68392045904693,68.96660873007272,-0.12480375590539548,-64.21695889581315,61.299563708882644,-0.09140236455055734,1.5934355051406113,0.02084001702326814,0.011382457714584297
742,0,100.5695,Forward,0.09899409636051232,19865.0,19866.649891954454,ok,0.0005126544910700165,0.0013289912894830264,14479.892003495557,ok,-87.27657018285754,68.96718852673524,-0.12422395924289019,-63.89815434201955,61.30001747515478,-0.09094859827841889,1.5934355051406113,0.020696766396712737,0.011382457714584297
743,0,100.70428333333334,Forward,0.09905904040578278,19860.0,19866.9994489668,ok,0.000515635458044547,0.002295159924710115,14479.79210978042,ok,-86.92701317051251,68.96768606411513,-0.1237264218629996,-63.998048057157575,61.29987529274807,-0.09109078068512813,1.5934355051406113,0.021420862271660165,0.011382457714584297
744,0,100.83948333333333,Forward,0.09909502801799724,19870.0,19868.299086743224,ok,0.0005341828290343975,0.001978585937342105,14479.442823576603,ok,-85.62737539408772,68.96953588646528,-0.12187659951284469,-64.3473342609741,61.29937814081994,-0.09158793261325844,1.5934355051406113,0.024062864155547037,0.011382457714584297
745,0,100.97483333333334,Forward,0.09907871907702821,19865.0,19866.750856678667,ok,0.0005198193089557184,0.0012016892278183101,14479.729771198383,ok,-87.17560545864399,68.96733223354863,-0.12408025242948773,-64.0603866391939,61.29978656394654,-0.09117950948666004,1.5934355051406113,0.02120841532786158,0.011382457714584297
746,0,101.10986666666666,Forward,0.09916322925421703,19880.0,19866.959368651886,ok,0.0005352603351735275,0.001925011540999343,14480.277849851786,ok,-86.96709348542572,68.9676290163256,-0.12378346965252421,-63.51230798579127,61.3005666644954,-0.09039940893780093,1.5934355051406113,0.020262158192693308,0.011382457714584297
747,0,101.24596666666666,Forward,0.09908099768938308,19880.0,19867.204891504545,ok,0.0005308519937912727,0.0015100519455844656,14480.047119236551,ok,-86.72157063276609,68.96797847805145,-0.12343400792667858,-63.743038601025546,61.3002382571063,-0.0907278163268963,1.5934355051406113,0.021134915912474045,0.011382457714584297
748,0,101.38235,Forward,0.09927604384975924,19860.0,19866.421727172183,ok,0.0005310291228167876,0.0018018941653750774,14480.268253929919,ok,-87.50473496512859,68.96686377139076,-0.1245487145873557,-63.52190390765827,61.300553006266114,-0.09041306716708752,1.5934355051406113,0.01951867676534444,0.011382457714584297
749,0,101.51848333333334,Forward,0.09911474089883072,19880.0,19866.020667926223,ok,0.0005206934674207512,0.002152456839697836,14479.656898576382,ok,-87.9057942110885,68.96629292898348,-0.12511955699465613,-64.13325926119433,61.299682841657656,-0.09128323177554395,1.5934355051406113,0.020334385540475258,0.011382457714584297
750,0,101.6538,Forward,0.09922175714517645,19875.0,19866.775682612613,ok,0.000528143394226712,0.0015617819234837957,14479.71290719371,ok,-87.15077952469801,68.96736756921547,-0.12404491676265056,-64.07725064386614,61.2997625607871,-0.09120351264609546,1.5934355051406113,0.021281998481178677,0.011382457714584297
751,0,101.7894,Forward,0.0992598358874176,19870.0,19866.563867339817,ok,0.0005214441108420822,0.001649439365647585,14479.649097809854,ok,-87.36259479749424,68.96706608473046,-0.12434640124765876,-64.14106002772314,61.29967173853913,-0.0912943348940706,1.5934355051406113,0.021125233390750744,0.011382457714584297
752,0,101.92443333333334,Forward,0.09942084350405364,19870.0,19866.10275472905,ok,0.0005343190540515394,0.0016321606954132185,14479.577694607498,ok,-87.82370740826082,68.96640976615555,-0.125002719822578,-64.21246323007836,61.29957010772939,-0.09139596570381257,1.5934355051406113,0.020630856956490584,0.011382457714584297
753,0,102.06106666666666,Forward,0.09927638607716333,19865.0,19865.852546707243,ok,0.0005226325462503689,0.0008093041456716547,14479.659952756207,ok,-88.07391543006815,68.96605363585576,-0.1253588501223608,-64.13020508137015,61.299687188784375,-0.09127888464882708,1.5934355051406113,0.020088165546714554,0.011382457714584297
754,0,102.19613333333334,Forward,0.09913258867818589,19875.0,19867.34451678515,ok,0.0005225800859254656,0.0007134488622228734,14479.817409517143,ok,-86.58194535216171,68.96817721185974,-0.1232352741183869,-63.97274832043331,61.29991130279586,-0.09105477063733287,1.5934355051406113,0.021854630327574107,0.011382457714584297
755,0,102.33251666666666,Forward,0.09924267469039005,19880.0,19866.936403398584,ok,0.0005338861157542659,0.0012650830891823845,14480.098002018149,ok,-86.99005873872738,68.96759632903411,-0.12381615694401803,-63.69215581942808,61.300310680444824,-0.09065539298837504,1.5934355051406113,0.020637364976133984,0.011382457714584297
756,0,102.46755,Forward,0.0992944434896492,19880.0,19865.64698850028,ok,0.0005312392288173062,0.001882793437173775,14479.803200138029,ok,-88.2794736370306,68.96576105728319,-0.12565142869494042,-63.98695769954793,61.299891078062835,-0.09107499537036608,1.5934355051406113,0.01947070255871769,0.011382457714584297
757,0,102.60285,Forward,0.09923212068845166,19875.0,19866.35766067322,ok,0.0005234259641754012,0.0014152248241214647,14480.185751791321,ok,-87.56880146409094,68.96677258318138,-0.12463990279673719,-63.60440604625546,61.300435577931324,-0.09053049550187517,1.5934355051406113,0.01961460303392311,0.011382457714584297
758,0,102.7379,Forward,0.0992881447106011,19870.0,19866.109767027407,ok,0.0005291577427705946,0.0014597737698970107,14479.997712059741,ok,-87.81669510990469,68.96641974701826,-0.12499273895986344,-63.79244577783538,61.300167934050464,-0.09079813938273446,1.5934355051406113,0.019688240133291665,0.011382457714584297
759,0,102.87348333333334,Forward,0.09935579789438775,19880.0,19866.510495191313,ok,0.0005295181615683835,0.0015981956777327531,14479.473486469333,ok,-87.41596694599866,68.96699011818427,-0.12442236779385356,-64.31667136824399,61.29942178444536,-0.09154428898784106,1.5934355051406113,0.021447552572225068,0.011382457714584297
760,0,103.00933333333333,Forward,0.09910189491782068,19855.0,19865.216504633212,ok,0.000531329236480421,0.002263227576160347,14479.684089642245,ok,-88.7099575040993,68.96514833372811,-0.12626415225001852,-64.10606819533132,61.299721543703924,-0.09124452972927358,1.5934355051406113,0.01912812107046405,0.011382457714584297
761,0,103.14598333333333,Forward,0.09928784727070972,19865.0,19867.397864990522,ok,0.0005209034499702839,0.0012762545010371505,14479.990019864603,ok,-86.52859714678925,68.9682531443268,-0.12315934165133434,-63.80013797297397,61.300156985465605,-0.09080908796759958,1.5934355051406113,0.021539083305675902,0.011382457714584297
762,0,103.28155,Forward,0.09929214480042747,19855.0,19867.4563737583,ok,0.0005204397200763406,0.0016751636862497572,14480.078993646492,ok,-86.47008837901012,68.96833642201253,-0.12307606396559671,-63.71116419108512,61.30028362512882,-0.09068244830437852,1.5934355051406113,0.021420568855678043,0.011382457714584297
763,0,103.41658333333334,Forward,0.09928134063288466,19865.0,19866.791124293853,ok,0.0005303968112494327,0.0018605606914483086,14479.97026768328,ok,-87.13533784345782,68.96738954792954,-0.12402293804858099,-63.819890154296445,61.300128871457886,-0.09083720197531574,1.5934355051406113,0.02072028476651598,0.011382457714584297
764,0,103.55375,Forward,0.09925603249754672,19870.0,19867.343534679312,ok,0.0005262041732549322,0.0014580132755242544,14480.152741054375,ok,-86.58292745799918,68.9681758139923,-0.12323667198582451,-63.63741678320184,61.3003885925327,-0.09057748090050406,1.5934355051406113,0.02109270204723425,0.011382457714584297
765,0,103.68881666666667,Forward,0.09916464281495097,19865.0,19865.851287127618,ok,0.0005270529983993704,0.0016179851831136358,14479.92520827075,ok,-88.07517500969334,68.96605184304966,-0.12536064292846782,-63.86494956682691,61.300064736735195,-0.09090133669800209,1.5934355051406113,0.019484774430869906,0.011382457714584297
766,0,103.82411666666667,Forward,0.09923031111194418,19875.0,19867.612899279524,ok,0.0005377170109478462,0.001929115159331078,14480.254545524755,ok,-86.31356285778747,68.96855921055621,-0.12285327542191202,-63.535612312822195,61.30053349458777,-0.09043257884543145,1.5934355051406113,0.02124520653182621,0.011382457714584297
767,0,103.95995,Forward,0.09933724245114223,19855.0,19865.410334392996,ok,0.0005341110190516916,0.0019663635907041545,14480.061861646545,ok,-88.51612774431487,68.96542421876953,-0.1259882672086028,-63.728296191031404,61.30025924052184,-0.09070683291136546,1.5934355051406113,0.01854722091122385,0.011382457714584297
768,0,104.09525,Forward,0.09927355233200996,19855.0,19866.42190546931,ok,0.000532953008377361,0.001824529718686858,14480.004342550272,ok,-87.5045566680019,68.96686402516764,-0.12454846081048346,-63.78581528730501,61.30017737147203,-0.09078870196117127,1.5934355051406113,0.02011748036007588,0.011382457714584297
769,0,104.2316,Forward,0.0992275582685512,19880.0,19866.898504761648,ok,0.000524433267497416,0.0015098958224631894,14479.680853800533,ok,-87.02795737566339,68.96754238650726,-0.12387009947086385,-64.10930403704333,61.299716938011144,-0.09124913542205122,1.5934355051406113,0.02152951272401639,0.011382457714584297
770,0,104.36743333333334,Forward,0.09918445960934137,19875.0,19866.466000786575,ok,0.0005354545672811465,0.0014536193131385682,14479.824353439883,ok,-87.4604613507363,68.966926787658,-0.1244856983201229,-63.96580439769423,61.299921186337045,-0.09104488709615433,1.5934355051406113,0.02058845734040768,0.011382457714584297
771,0,104.50275,Forward,0.09921106411038658,19855.0,19867.153038922137,ok,0.0005274029695317585,0.0019119979296080346,14480.198211944546,ok,-86.77342321517426,68.96790467435969,-0.12350781161843934,-63.59194589303115,61.30045331292668,-0.09051276050652585,1.5934355051406113,0.020718434640947844,0.011382457714584297
772,0,104.63831666666667,Forward,0.09917045013577672,19855.0,19866.651188001037,ok,0.0005317092858613042,0.001386731562748272,14479.900772995483,ok,-87.27527413627467,68.96719037144611,-0.12422211453201819,-63.88938484209393,61.300029957107256,-0.09093611632594233,1.5934355051406113,0.020678721921335116,0.011382457714584297
773,0,104.77423333333333,Forward,0.09923252349475095,19870.0,19866.02271082238,ok,0.0005373370385491528,0.0017917398847582043,14480.0060765452,ok,-87.90375131493056,68.96629583671287,-0.125116649265256,-63.78408129237687,61.30017983953093,-0.09078623390227722,1.5934355051406113,0.019545359212632785,0.011382457714584297
774,0,104.909,Forward,0.09924164223939716,19865.0,19866.62316029456,ok,0.0005256815407079734,0.0015091928951703054,14480.570357195813,ok,-87.30330184275226,68.96715047857842,-0.1242620073997128,-63.21980064176387,61.3009830009796,-0.08998307245360392,1.5934355051406113,0.019120215109499794,0.011382457714584297
775,0,105.0459,Forward,0.09924797889365075,19865.0,19866.860991766287,ok,0.0005309956258478875,0.0013313422328447109,14480.183635736568,ok,-87.06547037102428,68.96748899287829,-0.12392349309984155,-63.60652210100852,61.3004325660726,-0.09053350736060024,1.5934355051406113,0.020335811933447745,0.011382457714584297
776,0,105.1815,Forward,0.09922925885322104,19865.0,19866.682213817596,ok,0.0005259619135374724,0.0010105385641460925,14480.59707683423,ok,-87.24424831971555,68.96723453163439,-0.12417795434373807,-63.19308100334638,61.30102103202581,-0.08994504140739296,1.5934355051406113,0.01914366814614432,0.011382457714584297
777,0,105.3168,Forward,0.09913797668038432,19860.0,19866.3511385057,ok,0.0005295400384647515,0.0019472159603493035,14479.148492698412,ok,-87.57532363161226,68.96676329993996,-0.12464918603816896,-64.64166513916462,61.29895920883236,-0.09200686460084295,1.5934355051406113,0.021957818733479045,0.011382457714584297
778,0,105.45211666666667,Forward,0.09919193452427982,19865.0,19865.598073367186,ok,0.0005216194941091339,0.0014983639578522283,14480.143829509901,ok,-88.32838877012546,68.9656914345713,-0.12572105140682294,-63.64632832767529,61.300375908402984,-0.09059016503022115,1.5934355051406113,0.01862853396887884,0.011382457714584297
779,0,105.58716666666666,Forward,0.09914851699897471,19865.0,19865.76591456202,ok,0.0005178160542455569,0.002343458728336078,14479.760533618966,ok,-88.16054757529128,68.96593032913032,-0.12548215684780584,-64.02962421861048,61.299830349233616,-0.09113572419958058,1.5934355051406113,0.019736741878508268,0.011382457714584297
780,0,105.72328333333333,Forward,0.0991957134336716,19865.0,19867.079203994865,ok,0.0005376515658321381,0.0023015435524799946,14480.370793704844,ok,-86.84725814244666,68.96779958238623,-0.12361290359188618,-63.41936413273288,61.30069895490725,-0.09026711852595258,1.5934355051406113,0.020221928014102497,0.011382457714584297
781,0,105.85991666666666,Forward,0.09914126345566751,19870.0,19866.917017246993,ok,0.0005341937307267676,0.0019499107001385622,14480.203481474406,ok,-87.00944489031826,68.96756873601,-0.12384374996812583,-63.58667636317114,61.30046081324275,-0.09050526019044802,1.5934355051406113,0.020370545021323155,0.011382457714584297
782,0,105.99525,Forward,0.09922237285199897,19880.0,19866.642591634176,ok,0.0005281865836495903,0.0013150895368023682,14479.631565226462,ok,-87.2838705031354,68.9671781359203,-0.12423435005782205,-64.15859261111473,61.29964678376696,-0.09131928966624021,1.5934355051406113,0.021277048400585225,0.011382457714584297
783,0,106.13081666666666,Forward,0.09909599598578608,19875.0,19867.000270453846,ok,0.0005186258396378109,0.0016940628565892666,14480.105317998114,ok,-86.92619168346573,68.96768723336791,-0.12372525261020698,-63.684839839463166,61.30032109354877,-0.0906449798844334,1.5934355051406113,0.020711676700405718,0.011382457714584297
784,0,106.26558333333334,Forward,0.09910346336611486,19875.0,19866.385116417772,ok,0.000537359257948692,0.0019432828673362004,14480.043440575158,ok,-87.5413457195391,68.9668116619546,-0.12460082402353327,-63.746717262418315,61.30023302113195,-0.09073305230124734,1.5934355051406113,0.019976443003054276,0.011382457714584297
785,0,106.40141666666666,Forward,0.09915904383759183,19860.0,19866.412155463942,ok,0.0005256066025742503,0.001075800070341484,14479.810540150267,ok,-87.51430667336899,68.96685014762564,-0.12456233835249506,-63.979617687309656,61.299901525372796,-0.09106454806040397,1.5934355051406113,0.02054314578653621,0.011382457714584297
786,0,106.53753333333333,Forward,0.09916235390476846,19865.0,19867.064639552675,ok,0.0005178513796694005,0.0009225679578198674,14480.01827520858,ok,-86.86182258463668,68.96777885227884,-0.12363363369928176,-63.771882628996536,61.30019720233814,-0.09076887109506102,1.5934355051406113,0.021000708265119822,0.011382457714584297
787,0,106.67338333333333,Forward,0.09903626119210598,19860.0,19866.10655006314,ok,0.000525803533736233,0.001024926250764535,14480.052123804087,ok,-87.81991207417013,68.96641516819444,-0.1249973177836756,-63.738034033489384,61.30024538029174,-0.09072069314146018,1.5934355051406113,0.019560255718893388,0.011382457714584297
788,0,106.8095,Forward,0.09919073954151375,19865.0,19866.86003486912,ok,0.0005217401783351942,0.0017169610464517929,14480.16248233855,ok,-87.06642726818973,68.96748763089127,-0.12392485508684713,-63.627675499026736,61.30040245766151,-0.09056361577168649,1.5934355051406113,0.020382425757670367,0.011382457714584297
789,0,106.9454,Forward,0.09905187634372933,19870.0,19867.27298846686,ok,0.0005184068795242177,0.0021790357312077638,14480.399806044472,ok,-86.65347367045251,68.96807540296787,-0.1233370830102516,-63.390351793104855,61.300740249239595,-0.09022582419360266,1.5934355051406113,0.02043194874040964,0.011382457714584297
790,0,107.08095,Forward,0.0990760814192703,19875.0,19866.49868754777,ok,0.0005323032417249682,0.0013061821984761903,14480.093681084667,ok,-87.42777458954151,68.96697331193,-0.12443917404812257,-63.6964767529098,61.300304530300934,-0.09066154313226359,1.5934355051406113,0.020024147729663183,0.011382457714584297
791,0,107.21626666666667,Forward,0.09896146399512307,19875.0,19866.891410630396,ok,0.0005181614281227999,0.0015148160227821427,14480.17821967979,ok,-87.0350515069149,68.96753228916877,-0.12388019680935462,-63.611938157786426,61.30042485719936,-0.09054121623384108,1.5934355051406113,0.020391391816261248,0.011382457714584297
792,0,107.35158333333334,Forward,0.09914178328406402,19860.0,19867.30548502144,ok,0.000522977637942683,0.0014291741442500753,14480.520883289031,ok,-86.62097711587194,68.96812165651178,-0.12329082946633606,-63.26927454854558,61.300912582944534,-0.09005349048867062,1.5934355051406113,0.020203599640154044,0.011382457714584297
793,0,107.48661666666666,Forward,0.09914330377000673,19875.0,19866.840264138682,ok,0.0005313122056699889,0.001408180398833814,14480.28324889308,ok,-87.08619799862936,68.96745949048191,-0.12395299549620543,-63.5069089444969,61.300574349149876,-0.09039172428332498,1.5934355051406113,0.020080387347725367,0.011382457714584297
794,0,107.62278333333333,Forward,0.09908551998477719,19860.0,19867.246926258587,ok,0.0005401589711638895,0.0020052616842116903,14480.439863870732,ok,-86.67953587872398,68.96803830766622,-0.12337417831190371,-63.35029396684513,61.30079726502019,-0.09016880841300746,1.5934355051406113,0.02030400246960383,0.011382457714584297
795,0,107.7586,Forward,0.09910605881812393,19880.0,19868.044790246986,ok,0.0005267653921897275,0.001969771743431131,14480.358501830637,ok,-85.88167189032538,68.96917393688915,-0.12223854908898009,-63.4316560069401,61.300681459429626,-0.09028461400357433,1.5934355051406113,0.02162416043223049,0.011382457714584297
796,0,107.8939,Forward,0.09905618689186918,19865.0,19867.638423366592,ok,0.0005278626881510616,0.001827659600216949,14480.179713386464,ok,-86.28803877071914,68.96859553993012,-0.12281694604800278,-63.610444451112926,61.30042698324712,-0.09053909018607659,1.5934355051406113,0.021451254857619534,0.011382457714584297
797,0,108.02868333333333,Forward,0.09909333520906405,19880.0,19867.210547733044,ok,0.0005196987549708747,0.001835972348037242,14480.044112792115,ok,-86.7159144042671,68.96798652876996,-0.12342595720817469,-63.74604504546187,61.30023397792313,-0.09073209551007617,1.5934355051406113,0.021149785233389742,0.011382457714584297
798,0,108.16506666666666,Forward,0.09894240051312961,19870.0,19866.32435847599,ok,0.0005311828548593114,0.00188200923925195,14479.898628921585,ok,-87.60210366132014,68.9667251829366,-0.12468730304152949,-63.89152891599224,61.30002690536785,-0.09093916806534957,1.5934355051406113,0.020218396161747768,0.011382457714584297
799,0,108.30118333333333,Forward,0.0990165377004669,19860.0,19865.896901858643,ok,0.0005277369914685732,0.0013549995152284176,14480.085678925572,ok,-88.02956027866821,68.96611676817763,-0.1252957178004997,-63.70447891200456,61.30029314053294,-0.09067293290025241,1.5934355051406113,0.019185752837994757,0.011382457714584297
800,0,108.43675,Forward,0.09904916108083103,19865.0,19867.053840015134,ok,0.0005277588765328997,0.0021649213517828834,14480.504684669426,ok,-86.87262212217684,68.96776348089901,-0.12364900507911966,-63.28547316815093,61.30088952685219,-0.0900765465810151,1.5934355051406113,0.01988216242352195,0.011382457714584297
801,0,108.57206666666667,Forward,0.09907832779976557,19865.0,19866.643360024296,ok,0.0005373665676156011,0.0022423986862268363,14480.060576520455,ok,-87.28310211301505,68.96717922959829,-0.12423325637984187,-63.72958131712221,61.3002574113545,-0.09070866207869858,1.5934355051406113,0.020305146400158236,0.011382457714584297
802,0,108.7079,Forward,0.09907098917881678,19855.0,19867.267976710875,ok,0.0005275685500019436,0.000857693074977611,14480.383258650434,ok,-86.65848542643653,68.96806826955086,-0.1233442164272705,-63.4068991871427,61.30071669672375,-0.0902493767094523,1.5934355051406113,0.020462344738380933,0.011382457714584297
803,0,108.8438,Forward,0.09900685855841605,19865.0,19868.564518822124,ok,0.0005249229545078108,0.0024744614833787123,14479.925367759079,ok,-85.36194331518709,68.96991368572667,-0.1214988002514619,-63.86479007849812,61.300064963740816,-0.09090110969238518,1.5934355051406113,0.023346255389066012,0.011382457714584297
804,0,108.97936666666666,Forward,0.09909705097241064,19870.0,19867.66020938128,ok,0.0005256555503817172,0.000744713566983033,14480.39889210912,ok,-86.26625275603146,68.96862654876783,-0.12278593721029345,-63.39126572845635,61.30073894840173,-0.09022712503147491,1.5934355051406113,0.020985167341619856,0.011382457714584297
805,0,109.1147,Forward,0.09907055209960308,19870.0,19867.470192460034,ok,0.0005250905242072322,0.0029443716253272274,14480.202672298297,ok,-86.4562696772773,68.96835609068005,-0.1230563952980809,-63.58748553927944,61.300459661512576,-0.09050641192062817,1.5934355051406113,0.02115973489912948,0.011382457714584297
806,0,109.25053333333334,Forward,0.09898704533100026,19880.0,19866.040226538145,ok,0.0005127356981349469,0.0015635372874499235,14480.443221076759,ok,-87.88623559916596,68.96632076747673,-0.1250917185014016,-63.3469367608177,61.30080204345528,-0.09016402997792634,1.5934355051406113,0.01857884815198868,0.011382457714584297
807,0,109.38651666666667,Forward,0.09899886770964739,19860.0,19867.33068395423,ok,0.0005323016728142906,0.0020911280206981444,14480.447278801876,ok,-86.59577818308026,68.96815752308163,-0.12325496289649354,-63.34287903570112,61.300807818965,-0.09015825446820541,1.5934355051406113,0.020406400854647122,0.011382457714584297
808,0,109.52155,Forward,0.09907144548364599,19865.0,19866.44657323152,ok,0.0005214289913011656,0.0012966703096743612,14480.323459486226,ok,-87.4798889057929,68.96689913570282,-0.12451335027530956,-63.466698351350715,61.300631582369206,-0.0903344910639895,1.5934355051406113,0.019428835124858587,0.011382457714584297
809,0,109.65715,Forward,0.09899746711618743,19880.0,19867.17905587538,ok,0.0005310055918202296,0.002566784192087993,14480.320880400952,ok,-86.74740626193307,68.9679417052482,-0.12347078072993985,-63.46927743662491,61.30062791146208,-0.090338161971122,1.5934355051406113,0.020477254023989297,0.011382457714584297
810,0,109.79418333333334,Forward,0.09895414204116446,19860.0,19867.40476452953,ok,0.0005284493365981056,0.0025307333645725313,14480.268247410162,ok,-86.5216976077827,68.96826296469497,-0.12314952128315822,-63.521910427414696,61.3005529969863,-0.09041307644689717,1.5934355051406113,0.020917884856320082,0.011382457714584297
811,0,109.93028333333334,Forward,0.09894419281130465,19865.0,19866.71637933588,ok,0.0005314802570559083,0.0017352076345428574,14479.957111775813,ok,-87.21008280142996,68.96728316067586,-0.12412932530226532,-63.833046061763525,61.30011014616988,-0.0908559272633234,1.5934355051406113,0.020643735051587023,0.011382457714584297
812,0,110.06533333333333,Forward,0.0989514263459425,19875.0,19867.56449915549,ok,0.0005271501741973689,0.0011367354748327047,14480.857971452637,ok,-86.3619629818204,68.96849032087572,-0.12292216510241412,-62.932186384939996,61.30139237295242,-0.08957370048077655,1.5934355051406113,0.01980774957048588,0.011382457714584297
813,0,110.20116666666667,Forward,0.09906258606377652,19860.0,19867.670039396748,ok,0.0005230394796633942,0.001352893532520436,14480.216776998075,ok,-86.25642274056372,68.96864054019116,-0.12277194578695654,-63.573380839501624,61.30047973725165,-0.09048633618155338,1.5934355051406113,0.021412195014820154,0.011382457714584297
814,0,110.3369,Forward,0.09901796285234601,19870.0,19868.389128056057,ok,0.0005307749819867107,0.002039516571523906,14479.643152802691,ok,-85.53733408125481,68.96966404558464,-0.12174844039348313,-64.1470050348853,61.29966327679131,-0.09130279664188977,1.5934355051406113,0.023736677494336986,0.011382457714584297
815,0,110.47273333333334,Forward,0.09915765153865697,19870.0,19867.334142076517,ok,0.0005255820164480138,0.0015740731393163185,14479.88731551001,ok,-86.59232006079401,68.96816244515455,-0.12325004082358161,-63.90284232756676,61.30001080257216,-0.09095527086104133,1.5934355051406113,0.021681317146082887,0.011382457714584297
816,0,110.60751666666667,Forward,0.09903207293188715,19865.0,19867.086663482,ok,0.0005297861414593283,0.0010675467795062123,14480.613834108935,ok,-86.83979865531,68.96781019974922,-0.12360228622889752,-63.176323728641364,61.301044883272546,-0.08992119016065381,1.5934355051406113,0.019681330837588856,0.011382457714584297
817,0,110.74415,Forward,0.09909002099401595,19865.0,19866.28910943646,ok,0.000538479287326746,0.002964758633365091,14480.409836659359,ok,-87.6373527008509,68.9666750116794,-0.12473747429872767,-63.380321178217855,61.30075452618348,-0.09021154724971849,1.5934355051406113,0.01900880806264363,0.011382457714584297
818,0,110.87946666666667,Forward,0.09909185640277504,19855.0,19867.570357864668,ok,0.000528022754245401,0.001968070132630538,14479.945304987534,ok,-86.35610427264328,68.96849865979243,-0.12291382618569788,-63.844852850043026,61.300093341132936,-0.09087273230026457,1.5934355051406113,0.021886011910681735,0.011382457714584297
819,0,111.0148,Forward,0.09906343831618161,19850.0,19867.3510096805,ok,0.0005277806398716805,0.0015049719612012628,14480.488196298198,ok,-86.57545245681104,68.96818645343701,-0.12322603254111454,-63.30196153937868,61.300866058345676,-0.09010001508752363,1.5934355051406113,0.020342530513050364,0.011382457714584297
820,0,111.15011666666666,Forward,0.09913452587420019,19855.0,19865.0155759605,ok,0.0005206306317874071,0.0018872165642377463,14480.169367101887,ok,-88.91088617681089,68.96486234454227,-0.12655014143586024,-63.6207907356893,61.30041225699894,-0.09055381643426483,1.5934355051406113,0.01774152479648272,0.011382457714584297
821,0,111.28623333333333,Forward,0.09902566652860562,19855.0,19866.607707857424,ok,0.0005343161431485399,0.0016886090082601673,14480.451803377908,ok,-87.3187542798878,68.96712848455508,-0.12428400142304467,-63.33835445966906,61.30081425896083,-0.09015181447236896,1.5934355051406113,0.019367100610077223,0.011382457714584297
822,0,111.4226,Forward,0.09899396376623888,19865.0,19866.05996046094,ok,0.0005279618910986181,0.0016027346156059308,14479.91048116979,ok,-87.86650167636981,68.9663488554964,-0.12506363048171895,-63.87967666778604,61.300043775109586,-0.09092229832361914,1.5934355051406113,0.019815187876122464,0.011382457714584297
823,0,111.55845,Forward,0.0990996203498232,19855.0,19866.197142473247,ok,0.000518973357397534,0.002100694864219293,14479.29072268586,ok,-87.72931966406395,68.96654411171087,-0.12486837426725227,-64.49943515171617,61.299161650015904,-0.09180442341729397,1.5934355051406113,0.021416053534826132,0.011382457714584297
824,0,111.69401666666667,Forward,0.09909925362489062,19880.0,19867.527757756405,ok,0.0005320637700762194,0.0019163622232417942,14480.354571929958,ok,-86.39870438090657,68.96843802548815,-0.12297446048997397,-63.43558590761859,61.30067586585714,-0.09029020757606109,1.5934355051406113,0.020897162028237562,0.011382457714584297
825,0,111.83038333333333,Forward,0.0991913181099078,19870.0,19865.137554466655,ok,0.0005215614251127469,0.0011294901948641677,14480.239076160811,ok,-88.78890767065604,68.96503596104604,-0.12637652493207988,-63.551081676765534,61.30051147647188,-0.09045459696131278,1.5934355051406113,0.017757041469259965,0.011382457714584297
826,0,111.9663,Forward,0.09924325604270487,19880.0,19868.26852867871,ok,0.0005278558550008905,0.002681259507734978,14480.022055883632,ok,-85.6579334586022,68.96949239204572,-0.12192009393239893,-63.768101953945006,61.30020258351229,-0.09076348992090938,1.5934355051406113,0.022705673478050095,0.011382457714584297
827,0,112.10165,Forward,0.09924906190459051,19870.0,19867.321095609746,ok,0.0005289648367983046,0.0014040786739038602,14479.958418797985,ok,-86.60536652756491,68.96814387563751,-0.12326861034061254,-63.83173903959141,61.30011200650271,-0.09085406693049067,1.5934355051406113,0.021501485692852762,0.011382457714584297
828,0,112.23645,Forward,0.0992218535886677,19860.0,19867.1548369642,ok,0.000520885609724993,0.0021994293113444877,14480.0610156281,ok,-86.7716251731108,68.96790723357923,-0.12350525239889691,-63.72914220947678,61.3002580363526,-0.09070803708060189,1.5934355051406113,0.021032154486945273,0.011382457714584297
829,0,112.37228333333333,Forward,0.09930477127184248,19855.0,19866.684581094785,ok,0.0005188560894250893,0.0007888556893991821,14480.017136155653,ok,-87.24188104252607,68.96723790106726,-0.1241745849108595,-63.77302168192364,61.30019558108212,-0.09077049235107618,1.5934355051406113,0.020462340420439568,0.011382457714584297
