scan_index,channel_id,time_min,direction,DipDepth,CentroidWidthMotor,RawMinimumMotor,SPRMotor,SPRQuality,TIREdgeSlope,TIRMotor,TIRQuality,DeltaSPRMotor,SPRAngleEmpirical,DeltaSPRAngle,DeltaTIRMotor,TIRAngleEmpirical,DeltaTIRAngle,BulkSensitivity,PureKineticsCandidate,AngleCalibrationRMSEDeg
0,0,0.14448333333333332,Forward,0.10315902610548275,469.06363359829993,19855.0,19863.12624159238,ok,0.0005255286635390886,14482.004780857962,ok,-96.82493579459333,68.9621731852977,-0.13781449995849515,-62.383894021535525,61.30302466904894,-0.08879329575059476,1.5934355051406113,0.003671890108953496,0.011382457714584297
1,0,0.28031666666666666,Forward,0.10343077994856123,470.03257244188353,19865.0,19862.47206653132,ok,0.0005270624797526219,14480.982384342198,ok,-97.47911085565283,68.96124207382124,-0.13874561143494882,-63.406290537299355,61.30156945440383,-0.09024851039569622,1.5934355051406113,0.005059569315605084,0.011382457714584297
2,0,0.4159,Forward,0.10365821453052954,470.3892785399221,19850.0,19862.395004381822,ok,0.0005234121014766579,14481.375602218028,ok,-97.55617300515223,68.96113238842345,-0.1388552968327426,-63.01307266146978,61.3021291359,-0.08968882889952505,1.5934355051406113,0.004058067550241962,0.011382457714584297
3,0,0.5517166666666666,Forward,0.10365544067864256,469.9860226342171,19865.0,19862.12344806856,ok,0.0005198700524610066,14480.97864120245,ok,-97.82772931841464,68.96074587231357,-0.13924181294262386,-63.41003367704798,61.301564126655066,-0.09025383814446772,1.5934355051406113,0.004571857231985027,0.011382457714584297
4,0,0.6867666666666666,Forward,0.1036413191979351,470.4220668758462,19835.0,19862.084430593306,ok,0.0005210576372469291,14481.14720927693,ok,-97.86674679366843,68.9606903373029,-0.13929734795328633,-63.24146560256668,61.301804055808674,-0.09001390899085703,1.5934355051406113,0.004134010589240955,0.011382457714584297
5,0,0.82235,Forward,0.10379735066945908,470.41143643528267,19850.0,19861.938832297325,ok,0.0005215784986393061,14480.714731074693,ok,-98.0123450896499,68.96048310188166,-0.13950458337452185,-63.67394380480437,61.30118849364284,-0.09062947115668976,1.5934355051406113,0.004907633778664572,0.011382457714584297
6,0,0.9581833333333334,Forward,0.10378973342748485,470.3969378887814,19850.0,19861.966602914115,ok,0.0005272130601702684,14481.31281745405,ok,-97.9845744728591,68.96052262882414,-0.13946505643205442,-63.075857425446884,61.30203977203127,-0.08977819276825895,1.5934355051406113,0.0035907035122474396,0.011382457714584297
7,0,1.0948333333333333,Forward,0.10381622952367844,470.53421568244084,19855.0,19861.87073682392,ok,0.0005323741805571633,14480.820571807999,ok,-98.08044056305516,68.96038617908447,-0.13960150617173073,-63.568103071498626,61.30133914065971,-0.090478824139823,1.5934355051406113,0.004570664676036673,0.011382457714584297
8,0,1.2304333333333333,Forward,0.10390547904830943,471.2037584781501,19855.0,19861.6335049639,ok,0.0005251996557513396,14480.889874472132,ok,-98.31767242307615,68.96004851823403,-0.1399391670221585,-63.49880040736571,61.301437781695974,-0.09038018310355594,1.5934355051406113,0.004075825696157109,0.011382457714584297
9,0,1.3668,Forward,0.10398106964200773,471.05759447467426,19855.0,19861.731967919997,ok,0.0005251863237074826,14481.330555868159,ok,-98.21920946697719,68.96018866418866,-0.13979902106752548,-63.05811901133893,61.302065019769884,-0.08975294502964408,1.5934355051406113,0.003216508233642945,0.011382457714584297
10,0,1.5034,Forward,0.1039695597395905,470.51330961784697,19855.0,19861.519169388434,ok,0.0005321875926550447,14480.638652174152,ok,-98.43200799854094,68.95988578019521,-0.14010190506097914,-63.750022705346055,61.30108020773953,-0.09073775706000074,1.5934355051406113,0.0044828586952492255,0.011382457714584297
11,0,1.63895,Forward,0.10402328018178081,470.69576330538985,19855.0,19861.704296072636,ok,0.0005240153744880824,14480.891134955793,ok,-98.24688131433868,68.96014927782836,-0.13983840742782364,-63.49753992370461,61.301439575788834,-0.0903783890107013,1.5934355051406113,0.004173726519237864,0.011382457714584297
12,0,1.7745166666666667,Forward,0.10397968956260958,470.9595547092431,19855.0,19861.45689865461,ok,0.0005276494730449745,14480.91093519437,ok,-98.49427873236345,68.95979714796454,-0.14019053729164754,-63.477739685127744,61.30146775819821,-0.09035020660132365,1.5934355051406113,0.0037766898036911967,0.011382457714584297
13,0,1.9103666666666668,Forward,0.10398237955101464,471.04871622844075,19855.0,19861.210114634658,ok,0.0005228310001560213,14478.993910038276,ok,-98.7410627523168,68.9594458911728,-0.1405417940833873,-65.39476484122133,61.29873918563447,-0.0930787791650624,1.5934355051406113,0.007773237413365303,0.011382457714584297
14,0,2.0468166666666665,Forward,0.10403690779177815,470.51005251827155,19850.0,19861.183376457,ok,0.0005258281128622993,14480.580088452993,ok,-98.76780092997433,68.95940783373901,-0.14057985151718194,-63.80858642650492,61.30099685183662,-0.09082111296290926,1.5934355051406113,0.004137734494303907,0.011382457714584297
15,0,2.1837,Forward,0.10394163091915588,470.91971756246494,19855.0,19861.440979164363,ok,0.0005267943171159041,14480.74281174262,ok,-98.5101982226115,68.9597744891673,-0.14021319608888944,-63.64586313687687,61.30122846189252,-0.09058950290701141,1.5934355051406113,0.004135334236181176,0.011382457714584297
16,0,2.3187166666666665,Forward,0.10410307326706192,470.8131818715956,19850.0,19861.23736945707,ok,0.0005300278762952378,14480.753964882228,ok,-98.71380792990385,68.95948468396612,-0.1405030012900694,-63.634709997269965,61.30124433656721,-0.09057362823231858,1.5934355051406113,0.0038202337647131046,0.011382457714584297
17,0,2.4539833333333334,Forward,0.10405940680857938,470.6740738316621,19840.0,19861.197603862605,ok,0.0005298365546772999,14480.764626462,ok,-98.75357352436913,68.95942808412981,-0.14055960112638027,-63.62404841749776,61.30125951158668,-0.09055845321285676,1.5934355051406113,0.0037394535136005547,0.011382457714584297
18,0,2.5890166666666667,Forward,0.1041699886765291,470.96176922005907,19855.0,19861.125916786415,ok,0.0005126143394782467,14480.081478586351,ok,-98.82526060055898,68.95932604927198,-0.1406616359842143,-64.30719629314626,61.30028716203532,-0.09153080276421544,1.5934355051406113,0.0051867949543089875,0.011382457714584297
19,0,2.7235833333333335,Forward,0.10417916935793214,470.5116808133571,19865.0,19860.99599233147,ok,0.000523201856279691,14480.489238583395,ok,-98.95518505550353,68.9591411230064,-0.14084656224978445,-63.89943629610207,61.30086754186861,-0.09095042293091571,1.5934355051406113,0.004077070855891457,0.011382457714584297
20,0,2.8588833333333334,Forward,0.10411821541520269,471.58143443346125,19855.0,19861.09148893087,ok,0.0005405366225764536,14480.671013234343,ok,-98.85968845610478,68.9592770468362,-0.1407106384199789,-63.717661645154294,61.301126268429286,-0.09069169637024294,1.5934355051406113,0.003800730597798091,0.011382457714584297
21,0,2.9933833333333335,Forward,0.1041714420768011,470.94432670499737,19845.0,19860.84868575974,ok,0.0005237391182638065,14480.44260292984,ok,-99.10249162723267,68.95893145613334,-0.14105622912285648,-63.94607194965829,61.30080116362398,-0.09101680117555222,1.5934355051406113,0.003973173434592164,0.011382457714584297
22,0,3.127883333333333,Forward,0.10419050396833054,470.8875807986915,19840.0,19860.97940469131,ok,0.0005345303232677755,14480.44597557066,ok,-98.971772695666,68.95911751320676,-0.1408701720494267,-63.9426993088382,61.30080596402797,-0.09101200077156181,1.5934355051406113,0.0041515813738645935,0.011382457714584297
23,0,3.2629333333333332,Forward,0.10426494600108077,470.7946537890639,19865.0,19860.8446961855,ok,0.0005329773208540214,14480.618218830352,ok,-99.1064812014738,68.95892577762527,-0.14106190763092444,-63.77045604914565,61.30105112420816,-0.09076684059137737,1.5934355051406113,0.003569198856814282,0.011382457714584297
24,0,3.3979833333333334,Forward,0.10424201152475734,470.90027302366434,19855.0,19860.816482034377,ok,0.0005249659616966436,14480.74036899874,ok,-99.13469535259719,68.95888561938403,-0.1411020658721555,-63.64830588075711,61.30122498504512,-0.09059297975441254,1.5934355051406113,0.0032520045850099877,0.011382457714584297
25,0,3.5335833333333335,Forward,0.10421974994741351,471.2464955715732,19855.0,19860.82481768974,ok,0.0005226215958061107,14480.465973617152,ok,-99.12635969723488,68.95889748382956,-0.14109020142663684,-63.92270126234507,61.30083442798464,-0.09098353681488598,1.5934355051406113,0.0038861965174704083,0.011382457714584297
26,0,3.668083333333333,Forward,0.1042872725183086,471.3226747988592,19855.0,19860.807806215587,ok,0.0005281267826129743,14480.316673186042,ok,-99.14337117138712,68.95887327077138,-0.14111441448481868,-64.0720016934556,61.30062192317803,-0.09119604162150662,1.5934355051406113,0.004200596163170922,0.011382457714584297
27,0,3.803383333333333,Forward,0.104090985536681,471.0654302140174,19845.0,19860.811276398403,ok,0.0005257266281544967,14480.699206323186,ok,-99.13990098857175,68.95887821001048,-0.14110947524571113,-63.68946855631111,61.3011663966918,-0.0906515681077316,1.5934355051406113,0.0033379519738206964,0.011382457714584297
28,0,3.9384166666666665,Forward,0.10428654733008764,471.4997504158491,19855.0,19860.73627003812,ok,0.0005307662878934585,14479.056442066892,ok,-99.21490734885447,68.95877145069325,-0.14121623456293905,-65.33223281260507,61.29882818977565,-0.09298977502388309,1.5934355051406113,0.006956974575153901,0.011382457714584297
29,0,4.072666666666667,Forward,0.10422891324209879,471.6395261293619,19870.0,19860.74638054772,ok,0.0005363116072204005,14480.6823935568,ok,-99.20479683925441,68.95878584135423,-0.14120184390196497,-63.70628132269667,61.301142466461705,-0.09067549833782501,1.5934355051406113,0.003283714595843895,0.011382457714584297
30,0,4.2077,Forward,0.10418751251759749,471.87918989919854,19850.0,19860.64359762954,ok,0.0005343113043448801,14480.396246921728,ok,-99.30757975743472,68.95863954663834,-0.14134813861785658,-63.992427957769905,61.30073518340901,-0.09108278139052006,1.5934355051406113,0.0037863991567586297,0.011382457714584297
31,0,4.3422,Forward,0.1043596563531341,470.92537244976484,19855.0,19860.66383973838,ok,0.0005241592315407945,14480.482754294977,ok,-99.28733764859498,68.95866835797794,-0.141319327278247,-63.90592058452057,61.300858312541905,-0.09095965225762426,1.5934355051406113,0.0036190121642948603,0.011382457714584297
32,0,4.478316666666666,Forward,0.10431331209899136,471.3155580068269,19860.0,19860.609147064733,ok,0.0005386042559587344,14480.6205926997,ok,-99.34203032224104,68.95859051187963,-0.14139717337654875,-63.76808217979669,61.30105450302389,-0.09076346177563524,1.5934355051406113,0.003228549186221147,0.011382457714584297
33,0,4.6134,Forward,0.1042717894397347,471.74434638686216,19865.0,19860.61800062833,ok,0.0005284752528222792,14480.248890923103,ok,-99.333176758646,68.95860311348304,-0.141384571773153,-64.13978395639424,61.30052544618482,-0.09129251861471382,1.5934355051406113,0.004084168741242178,0.011382457714584297
34,0,4.748683333333333,Forward,0.10423180838695348,472.089918563066,19840.0,19860.550406854967,ok,0.0005367815151155058,14480.868350588382,ok,-99.4007705320073,68.958506904774,-0.1414807804821973,-63.520324291115685,61.30140714595889,-0.09041081884063984,1.5934355051406113,0.0025830283073139393,0.011382457714584297
35,0,4.884,Forward,0.104344272086698,471.2090532888069,19865.0,19860.383791392633,ok,0.0005243590297284216,14479.00534866066,ok,-99.56738599434175,68.95826975484522,-0.1417179304109686,-65.38332621883819,61.29875546664732,-0.09306249815221164,1.5934355051406113,0.0065711583418479325,0.011382457714584297
36,0,5.019033333333334,Forward,0.10435016455579843,471.22873027696915,19860.0,19860.526514159974,ok,0.0005203886313780314,14480.279164204023,ok,-99.42466322700056,68.95847289742056,-0.1415147878356351,-64.10951067547467,61.300568535261384,-0.09124942953814698,1.5934355051406113,0.00388529301427476,0.011382457714584297
37,0,5.1538,Forward,0.10433980394379938,471.8214094596842,19875.0,19860.411741282223,ok,0.0005312747636820425,14480.290310604389,ok,-99.53943610475108,68.95830953695327,-0.1416781483029174,-64.0983642751089,61.300584400343865,-0.09123356445566447,1.5934355051406113,0.0036966525612728285,0.011382457714584297
38,0,5.288833333333334,Forward,0.10442528371577534,471.49114521633965,19850.0,19860.409026765814,ok,0.000529883489722625,14480.586066545095,ok,-99.54215062116054,68.95830567328201,-0.14168201197417657,-63.802608334402976,61.301005360675454,-0.09081260412407581,1.5934355051406113,0.0030220157514045387,0.011382457714584297
39,0,5.42335,Forward,0.10427167885986886,471.91261798543565,19850.0,19860.425379626122,ok,0.0005190658727748408,14478.829387509744,ok,-99.52579776085258,68.95832894891083,-0.14165873634535495,-65.55928736975329,61.29850501465552,-0.0933129501440098,1.5934355051406113,0.007029431503525974,0.011382457714584297
40,0,5.5584,Forward,0.10418820677092991,472.0158704930145,19840.0,19860.460418574985,ok,0.0005332200399059834,14480.622179946797,ok,-99.49075881198951,68.95837882113824,-0.14160886411794774,-63.76649493270088,61.30105676221119,-0.09076120258833989,1.5934355051406113,0.003013258575572997,0.011382457714584297
41,0,5.6931666666666665,Forward,0.10433280506713372,471.7455056390718,19850.0,19860.410496515102,ok,0.000516649833132655,14479.10580939753,ok,-99.54068087187261,68.95830776523036,-0.14167992002584198,-65.28286548196775,61.29889845611696,-0.09291950868257094,1.5934355051406113,0.006381324229187857,0.011382457714584297
42,0,5.828,Forward,0.10427013766257862,471.17833524290836,19855.0,19860.345183553614,ok,0.0005219993156859793,14480.864933957537,ok,-99.60599383336012,68.95821480288491,-0.14177288237127855,-63.52374092196078,61.30140228294228,-0.09041568185725427,1.5934355051406113,0.0022986753215681888,0.011382457714584297
43,0,5.964666666666667,Forward,0.10436498681488099,471.07869177995235,19845.0,19860.320942379414,ok,0.000523527340711877,14480.57223721671,ok,-99.63023500756026,68.95818029952818,-0.14180738572801596,-63.8164376627883,61.30098567688263,-0.09083228791689783,1.5934355051406113,0.0029280068519235702,0.011382457714584297
44,0,6.099966666666667,Forward,0.10428984046113739,471.52793950304476,19850.0,19860.369962952835,ok,0.0005295466297514988,14480.534944312913,ok,-99.58121443413984,68.95825007231716,-0.14173761293903167,-63.853730566585,61.300932596518095,-0.09088536828143992,1.5934355051406113,0.0030823597783950496,0.011382457714584297
45,0,6.235283333333333,Forward,0.1042802509830123,471.354913989966,19860.0,19860.24076590291,ok,0.0005198346225004137,14480.38999762497,ok,-99.71041148406584,68.95806618139396,-0.1419215038622277,-63.99867725452714,61.3007262885546,-0.09109167624493564,1.5934355051406113,0.0032272072892263193,0.011382457714584297
46,0,6.370866666666666,Forward,0.1043458771753351,471.51585622026687,19855.0,19860.420113615997,ok,0.0005227049963517278,14480.820570438007,ok,-99.5310637709772,68.95832145360453,-0.14166623165166364,-63.568104441490505,61.30133913870975,-0.09047882608978294,1.5934355051406113,0.002505942303239167,0.011382457714584297
47,0,6.504833333333333,Forward,0.10431730558948848,471.6242815365622,19850.0,19860.512630422327,ok,0.0005322322069963467,14480.466925982284,ok,-99.43854696464768,68.95845313618503,-0.14153454907116486,-63.92174889721355,61.30083578352104,-0.09098218127849134,1.5934355051406113,0.003439688913122657,0.011382457714584297
48,0,6.6406833333333335,Forward,0.10421143737921348,471.89850794007725,19840.0,19860.602372648522,ok,0.0005161259452130993,14480.393462498198,ok,-99.3488047384526,68.95858086960335,-0.14140681565283889,-63.99521238130001,61.30073122023637,-0.09108674456316071,1.5934355051406113,0.003734037181774924,0.011382457714584297
49,0,6.77545,Forward,0.1043285963172094,471.4764312741172,19865.0,19860.545618216787,ok,0.0005202981005260038,14480.2581738883,ok,-99.40555917018719,68.95850008892877,-0.14148759632742175,-64.13050099119755,61.30053865897134,-0.09127930582819127,1.5934355051406113,0.003960090463806548,0.011382457714584297
50,0,6.911016666666667,Forward,0.10424981354064325,470.8983237809043,19840.0,19860.653529739397,ok,0.0005314748779401455,14480.862297381944,ok,-99.29764764757783,68.95865368337638,-0.14133400187981254,-63.52637749755377,61.30139853020705,-0.09041943459247653,1.5934355051406113,0.002743535554578763,0.011382457714584297
51,0,7.045833333333333,Forward,0.10433427247347427,471.1907946098181,19855.0,19860.620577190817,ok,0.0005310126060235366,14480.440172204937,ok,-99.33060019615732,68.9586067807994,-0.1413809044567941,-63.94850267456059,61.30079770388363,-0.09102026091589904,1.5934355051406113,0.0036540109737617232,0.011382457714584297
52,0,7.181966666666667,Forward,0.10428590679205574,471.44057370599694,19855.0,19860.422469583013,ok,0.0005364968216720757,14481.005039588148,ok,-99.52870780396188,68.95832480693922,-0.14166287831697283,-63.38363529134949,61.30160170045043,-0.09021626434909268,1.5934355051406113,0.0020909204380225865,0.011382457714584297
53,0,7.3167333333333335,Forward,0.10430232353993013,471.5524880017001,19855.0,19860.490652239005,ok,0.0005240225587817471,14480.424789886398,ok,-99.46052514796975,68.95842185382662,-0.1415658314295746,-63.96388499309978,61.30077580966268,-0.09104215513684827,1.5934355051406113,0.003503971029999109,0.011382457714584297
54,0,7.451233333333334,Forward,0.10427267251498962,471.01543894913266,19840.0,19860.610455871258,ok,0.0005273129554195647,14480.156222536923,ok,-99.34072151571672,68.95859237475221,-0.14139531050398177,-64.2324523425741,61.30039354785513,-0.09142441694440064,1.5934355051406113,0.004283601492005129,0.011382457714584297
55,0,7.58735,Forward,0.1043494790658491,470.7031236746516,19850.0,19860.63850432153,ok,0.0005273551135605794,14480.477160466948,ok,-99.31267306544396,68.95863229714531,-0.1413553881108789,-63.91151441254988,61.30085035064029,-0.09096761415923965,1.5934355051406113,0.0035956381083853683,0.011382457714584297
56,0,7.7224,Forward,0.10426923333404939,471.584692016786,19855.0,19860.78523207125,ok,0.0005211615270019482,14480.111133978276,ok,-99.16594531572264,68.95884114015969,-0.14114654509650523,-64.27754090122107,61.300329371647706,-0.09148859315182889,1.5934355051406113,0.0046346275469831,0.011382457714584297
57,0,7.857983333333333,Forward,0.10426143197334689,471.07382523619526,19855.0,19860.626651803203,ok,0.0005297437327555219,14480.265151578835,ok,-99.3245255837719,68.95861542701911,-0.14137225823708358,-64.12352330066278,61.30054859057547,-0.09126937422406448,1.5934355051406113,0.004059603183506094,0.011382457714584297
58,0,7.993816666666667,Forward,0.10424932159407782,471.5077398594003,19855.0,19860.636610950874,ok,0.0005172823388940464,14480.392787001834,ok,-99.3145664361,68.95862960224107,-0.14135808301512082,-63.995887877663336,61.3007302587775,-0.09108770602203256,1.5934355051406113,0.003784301842196136,0.011382457714584297
59,0,8.129116666666667,Forward,0.10421324447016433,470.8659596456964,19865.0,19860.669919553467,ok,0.0005266724168743425,14480.479158244989,ok,-99.28125783350697,68.95867701160286,-0.1413106736533381,-63.90951663450869,61.300853194151415,-0.09096477064811812,1.5934355051406113,0.0036358216143458355,0.011382457714584297
60,0,8.264166666666666,Forward,0.10426603441789295,470.6726499510223,19850.0,19860.725872603653,ok,0.0005205918607905846,14480.078822503458,ok,-99.22530478332192,68.95875665164154,-0.14123103361465258,-64.30985237604,61.30028338153463,-0.09153458326489788,1.5934355051406113,0.004623421307885317,0.011382457714584297
61,0,8.399233333333333,Forward,0.10423496134040756,471.0362079704755,19840.0,19860.720355266756,ok,0.0005320649850682658,14480.681550820314,ok,-99.23082212021836,68.95874879861258,-0.1412388866436192,-63.707124059183116,61.3011412669638,-0.09067669783572835,1.5934355051406113,0.0032485831767371798,0.011382457714584297
62,0,8.534,Forward,0.10422244854819282,470.6301386061896,19850.0,19860.790284056133,ok,0.0005229712200331588,14480.357499214035,ok,-99.16089333084165,68.95884833083598,-0.14113935442021447,-64.0311756654628,61.30068003236846,-0.09113793243106981,1.5934355051406113,0.004083062980558161,0.011382457714584297
63,0,8.669833333333333,Forward,0.10418451527007395,471.2159169255465,19830.0,19860.818816533116,ok,0.0005311228435289238,14480.295144739379,ok,-99.1323608538587,68.95888894216213,-0.1410987430940544,-64.09353014011867,61.30059128094638,-0.0912266838531529,1.5934355051406113,0.004265093973797124,0.011382457714584297
64,0,8.805133333333334,Forward,0.10421616610854317,470.33978264440157,19840.0,19860.90914830863,ok,0.0005344376656170947,14480.902185971583,ok,-99.04202907834406,68.95901751470774,-0.14097017054845187,-63.48648890791446,61.30145530510693,-0.09036265969260103,1.5934355051406113,0.003016899744677004,0.011382457714584297
65,0,8.94045,Forward,0.10415421283081264,470.5511824040768,19855.0,19860.603066616586,ok,0.0005211320811568294,14480.616734118736,ok,-99.3481107703883,68.95858185735368,-0.14140582790251421,-63.771940760761936,61.30104901096338,-0.09076895383614537,1.5934355051406113,0.0032286459044689186,0.011382457714584297
66,0,9.076033333333333,Forward,0.10411987639537243,471.1576031792101,19855.0,19860.762288068217,ok,0.0005325030942541224,14479.447645849545,ok,-99.18888931875699,68.95880848311448,-0.14117920214171034,-64.94102902995292,61.29938500453876,-0.09243296026076822,1.5934355051406113,0.006106758583048905,0.011382457714584297
67,0,9.210816666666666,Forward,0.1042521589987596,471.1223264952205,19830.0,19861.005731389225,ok,0.0005246481359754652,14480.50853609491,ok,-98.94544599774963,68.95915498496628,-0.14083270028991424,-63.88013878458696,61.300895008728034,-0.09092295607149492,1.5934355051406113,0.004047166146745884,0.011382457714584297
68,0,9.345583333333334,Forward,0.10395368884843223,471.2074701631791,19850.0,19861.42630513183,ok,0.0005343687116710125,14480.863503263121,ok,-98.52487225514415,68.95975360307594,-0.140234082180259,-63.52517161637661,61.301400246582176,-0.09041771821734987,1.5934355051406113,0.003840720321065333,0.011382457714584297
69,0,9.480616666666666,Forward,0.10372222717772094,470.8644337007936,19840.0,19861.906693706445,ok,0.0005259134111166523,14481.073951761124,ok,-98.04448368052908,68.96043735784069,-0.13955032741550713,-63.31472311837388,61.30169978568625,-0.0901181791132828,1.5934355051406113,0.004047178842218752,0.011382457714584297
70,0,9.615916666666667,Forward,0.10336734769648348,468.98434127232395,19855.0,19863.2787072158,ok,0.0005179166562299336,14480.684454272143,ok,-96.67247017117552,68.9623901952392,-0.13759749001699867,-63.70422060735473,61.3011453995538,-0.09067256524572352,1.5934355051406113,0.006883394787715824,0.011382457714584297
71,0,9.7507,Forward,0.10248694880754247,467.3706966662394,19855.0,19865.721361144944,ok,0.0005242015489077978,14481.820551073886,ok,-94.22981624203021,68.96586691460962,-0.13412077064657787,-62.56812380561132,61.30276244800679,-0.08905551679274168,1.5934355051406113,0.0077834517396226655,0.011382457714584297
72,0,9.886816666666666,Forward,0.10090737073795064,463.57233250835634,19855.0,19869.975065747367,ok,0.0005325151509024028,14485.227007541385,ok,-89.97611163960755,68.97192136915629,-0.1280663160998932,-59.16166733811224,61.307610983054566,-0.08420698174496546,1.5934355051406113,0.006112078393262083,0.011382457714584297
73,0,10.02215,Forward,0.098599474164697,458.3641606603014,19875.0,19876.454546699697,ok,0.0005288461554147447,14487.513308295933,ok,-83.4966306872775,68.98114385322106,-0.11884383203514441,-56.875366583564755,61.31086515918861,-0.08095280561092577,1.5934355051406113,0.010149242666050814,0.011382457714584297
74,0,10.157716666666667,Forward,0.09559731133191929,451.371236303803,19870.0,19885.388644480445,ok,0.0005332023577516959,14494.656511176969,ok,-74.56253290652967,68.99386008389169,-0.10612760136450329,-49.73216370252885,61.32103234313841,-0.07078562166111708,1.5934355051406113,0.0066647214437710045,0.011382457714584297
75,0,10.292233333333334,Forward,0.09215330282708939,443.3089149645457,19895.0,19895.404602328643,ok,0.0005262248804208977,14500.139245228916,ok,-64.54657505833165,69.0081161658723,-0.09187151938389586,-44.24942965058108,61.328836120601046,-0.06298184419848551,1.5934355051406113,0.00848598734120519,0.011382457714584297
76,0,10.42815,Forward,0.08860754972094097,434.7323715206694,19905.0,19906.149061339456,ok,0.0005460488765569839,14506.65530000291,ok,-53.80211604751821,69.02340915040926,-0.07657853484692613,-37.73337487658682,61.33811066153423,-0.05370730326529826,1.5934355051406113,0.009000589061354411,0.011382457714584297
77,0,10.563433333333334,Forward,0.08541485912983265,426.0197049083836,19915.0,19915.491084017118,ok,0.0005295909217503823,14512.827085503706,ok,-44.46009336985662,69.03670599562128,-0.06328168963492295,-31.5615893757913,61.34689519132155,-0.044922773477975436,1.5934355051406113,0.008299852614272088,0.011382457714584297
78,0,10.698483333333334,Forward,0.0830130218952912,419.5830596359847,19915.0,19923.023284802577,ok,0.0005313713230779907,14519.894721271065,ok,-36.92789258439734,69.04742685462641,-0.052560830629788245,-24.493953608433003,61.35695481781316,-0.03486314698637028,1.5934355051406113,0.002991345599230061,0.011382457714584297
79,0,10.8341,Forward,0.08105321132540398,414.6873381138321,19930.0,19929.016421698292,ok,0.0005335147327021361,14522.358886067022,ok,-30.934755688682344,69.05595710726936,-0.044030577986833325,-22.02978881247509,61.360462154393176,-0.031355810406352325,1.5934355051406113,0.005932883607105928,0.011382457714584297
80,0,10.9694,Forward,0.07984424354194822,411.0572965376814,19940.0,19933.029780890407,ok,0.0005341541949925176,14526.171518145366,ok,-26.921396496567468,69.06166946933473,-0.03831821592146104,-18.217156734132004,61.36588881415898,-0.02592915064055354,1.5934355051406113,0.0029982133273363937,0.011382457714584297
81,0,11.105233333333333,Forward,0.07895712510856986,408.6133032501675,19935.0,19935.659585424044,ok,0.0005334219462207698,14527.06928946016,ok,-24.291591962930397,69.06541256705866,-0.03457511819753759,-17.319385419337777,61.367166645162015,-0.024651319637516034,1.5934355051406113,0.0047051697614504395,0.011382457714584297
82,0,11.241083333333334,Forward,0.0784118454020439,407.09766290870175,19920.0,19937.46184098801,ok,0.00052679827213988,14529.79647163782,ok,-22.48933639896495,69.06797778383165,-0.03200990142453372,-14.592203241678362,61.37104834407589,-0.02076962072364142,1.5934355051406113,0.0010851496648207545,0.011382457714584297
83,0,11.37665,Forward,0.07783215582960076,406.08117580371254,19940.0,19938.97888166008,ok,0.0005270622266967986,14530.200256781241,ok,-20.972295726893208,69.07013704373638,-0.02985064151981462,-14.18841809825608,61.37162306635352,-0.02019489844600973,1.5934355051406113,0.0023286266867662414,0.011382457714584297
84,0,11.510883333333334,Forward,0.07754784240227436,405.4741122906562,19930.0,19939.933472880984,ok,0.0005297380491750007,14530.604446774381,ok,-20.01770450598997,69.07149574860608,-0.02849193665010382,-13.784228105116199,61.37219836486868,-0.01961959993085274,1.5934355051406113,0.0027706304763712164,0.011382457714584297
85,0,11.645683333333332,Forward,0.07732644452475548,404.19818662180114,19935.0,19940.734057688755,ok,0.0005381586503713451,14531.287915742716,ok,-19.217119698219904,69.0726352504715,-0.027352434784682904,-13.100759136781562,61.37317117144309,-0.018646793356438814,1.5934355051406113,0.002360027806486774,0.011382457714584297
86,0,11.781,Forward,0.07701002585879035,404.0229246374547,19925.0,19941.564669318785,ok,0.0005358687734248503,14532.020050056468,ok,-18.38650806818987,69.0738174906198,-0.026170194636389497,-12.368624823029677,61.37421324519738,-0.017604719602150758,1.5934355051406113,0.001881790635722417,0.011382457714584297
87,0,11.9163,Forward,0.07696050385286518,403.30989997784854,19935.0,19942.108772852564,ok,0.0005345370408265706,14532.103710344012,ok,-17.84240453441089,69.07459193323439,-0.025395752021808517,-12.284964535485415,61.374332321968254,-0.017485642831278885,1.5934355051406113,0.002466492095758662,0.011382457714584297
88,0,12.0511,Forward,0.07665728203813377,402.71738276946417,19935.0,19942.595161476023,ok,0.0005330122946029622,14532.329740888557,ok,-17.3560159109511,69.07528422808981,-0.02470345716638188,-12.058933990940204,61.3746540395735,-0.017163925226033813,1.5934355051406113,0.002646150696358991,0.011382457714584297
89,0,12.1856,Forward,0.07653617299788618,403.31807123775434,19945.0,19943.401107748057,ok,0.0005396897407041833,14532.736518748847,ok,-16.550069638917194,69.07643136112493,-0.023556324131257588,-11.652156130650837,61.375233021495355,-0.01658494330417752,1.5934355051406113,0.0028707133803629187,0.011382457714584297
90,0,12.320916666666667,Forward,0.07627143803040018,402.3449370848539,19935.0,19943.672747399152,ok,0.0005301233034809083,14531.888679466478,ok,-16.278429987822165,69.07681799585262,-0.023169689403567412,-12.49999541301986,61.3740262605945,-0.01779170420503402,1.5934355051406113,0.005180243773693308,0.011382457714584297
91,0,12.4565,Forward,0.07626801168277447,401.18480662024376,19935.0,19944.40675006701,ok,0.0005304320523432038,14532.897346250926,ok,-15.544427319964598,69.07786272890418,-0.02212495635201562,-11.491328628571864,61.37546193320696,-0.016356031592574555,1.5934355051406113,0.0039373251107942125,0.011382457714584297
92,0,12.591266666666666,Forward,0.07605085606574324,401.59857029013074,19940.0,19944.80168177323,ok,0.0005268714974625201,14532.969604329492,ok,-15.149495613743056,69.0784248497583,-0.021562835497877998,-11.419070550005927,61.37556478079352,-0.016253184006012226,1.5934355051406113,0.004335564968885396,0.011382457714584297
93,0,12.7274,Forward,0.07581116224999182,401.3799161626994,19935.0,19945.07794123806,ok,0.0005367895007416767,14535.200688957086,ok,-14.873236148912838,69.07881806003718,-0.02116962521901816,-9.187985922411826,61.37874036577887,-0.013077599020660389,1.5934355051406113,-0.0003313146175058096,0.011382457714584297
94,0,12.862016666666667,Forward,0.07584054256360309,400.4507205621085,19935.0,19945.54826349507,ok,0.0005325653437626281,14533.32376504332,ok,-14.402913891903154,69.07948748704105,-0.020500198215145468,-11.064909836177321,61.376068870791414,-0.01574909400811358,1.5934355051406113,0.004594967351179969,0.011382457714584297
95,0,12.99785,Forward,0.07559468487326848,400.2607264397302,19945.0,19945.74439927179,ok,0.0005336921577161019,14533.117570139762,ok,-14.206778115185443,69.07976665432136,-0.020221030934831796,-11.271104739735165,61.37577538598511,-0.016042578814425234,1.5934355051406113,0.005341783742089944,0.011382457714584297
96,0,13.13315,Forward,0.0755226845290086,399.1841297712235,19930.0,19946.324404866125,ok,0.0005333047898902141,14535.598799146364,ok,-13.626772520849045,69.08059219766204,-0.01939548759415587,-8.789875733133158,61.379307010685096,-0.01251095411443278,1.5934355051406113,0.0005399108949663382,0.011382457714584297
97,0,13.269916666666667,Forward,0.07538828432642675,399.883932241406,19930.0,19946.641015341982,ok,0.0005391654323217357,14535.785675054998,ok,-13.310162044992467,69.08104284102217,-0.018944844234016076,-8.60299982449942,61.37957299805386,-0.012244966745669805,1.5934355051406113,0.0005667205378002763,0.011382457714584297
98,0,13.404666666666667,Forward,0.07530974263423265,399.53972301415706,19945.0,19946.70759204168,ok,0.000538589236119398,14535.847695612458,ok,-13.243585345295287,69.08113760209278,-0.018850083163405935,-8.540979267039802,61.37966127419929,-0.012156690600239902,1.5934355051406113,0.0005208192640254565,0.011382457714584297
99,0,13.539733333333333,Forward,0.07513247993441233,399.2610502046373,19945.0,19947.4444076477,ok,0.0005247419490281779,14535.942445013148,ok,-12.506769739273295,69.08218633890291,-0.01780134635328345,-8.446229866349313,61.37979613451363,-0.012021830285896621,1.5934355051406113,0.001354664861038933,0.011382457714584297
100,0,13.674766666666667,Forward,0.07516908487192295,399.0311674319928,19920.0,19947.4374367775,ok,0.0005343128154565896,14536.211780240632,ok,-12.513740609472734,69.08217641700642,-0.01781126824977558,-8.176894638865633,61.38017948927026,-0.011638475529270555,1.5934355051406113,0.0007338918842742896,0.011382457714584297
101,0,13.809016666666666,Forward,0.07506188527285347,399.0991663411405,19960.0,19947.607561528235,ok,0.0005390090066242298,14536.413191651536,ok,-12.343615858739213,69.08241856183471,-0.01756912342147802,-7.9754832279613765,61.38046616555516,-0.011351799244366113,1.5934355051406113,0.0005192365417233044,0.011382457714584297
102,0,13.944083333333333,Forward,0.07492008877612963,398.5182328725714,19945.0,19948.022139720713,ok,0.000530841876485355,14536.295006325374,ok,-11.929037666261138,69.08300864625689,-0.016979038999307375,-8.093668554123724,61.38029794802428,-0.011520016775251427,1.5934355051406113,0.0013773647501936978,0.011382457714584297
103,0,14.078866666666666,Forward,0.07491061905409216,398.06993541604606,19945.0,19948.20444725382,ok,0.0005295460033838828,14537.17870285347,ok,-11.746730133156234,69.08326813128838,-0.016719553967819007,-7.209972026026662,61.38155574586463,-0.010262218934898454,1.5934355051406113,-0.00036736995542554357,0.011382457714584297
104,0,14.214483333333334,Forward,0.07493586034975762,397.68014714837045,19945.0,19948.42513649902,ok,0.0005245413496720598,14536.701386486873,ok,-11.526040887954878,69.0835822464254,-0.016405438830803438,-7.687288392624396,61.380876363886784,-0.010941600912741661,1.5934355051406113,0.0010292965466380428,0.011382457714584297
105,0,14.35005,Forward,0.07476272791911374,397.57742742433766,19940.0,19948.90055027467,ok,0.00052992978231372,14537.177226455826,ok,-11.050627112304937,69.0842589203754,-0.01572876488078327,-7.211448423671754,61.38155364445345,-0.010264320346084823,1.5934355051406113,0.0006267675948054552,0.011382457714584297
106,0,14.48565,Forward,0.07458812155586882,397.551803067774,19935.0,19949.04590807029,ok,0.0005250926121014722,14536.620505845747,ok,-10.905269316685008,69.08446581348362,-0.015521871772576855,-7.768169033750382,61.38076124348912,-0.011056721310412224,1.5934355051406113,0.00209630053387881,0.011382457714584297
107,0,14.620716666666667,Forward,0.07469716783699329,397.2852510535413,19935.0,19949.13963862023,ok,0.0005257941842446685,14536.661914932753,ok,-10.811538766745798,69.08459922363014,-0.015388461626061393,-7.726759946745005,61.38082018256894,-0.010997782230592019,1.5934355051406113,0.0021357950579684384,0.011382457714584297
108,0,14.757516666666668,Forward,0.07451573394947611,397.4465241330108,19955.0,19949.771467031253,ok,0.0005361169812531602,14536.756052245015,ok,-10.179710355721909,69.08549852829591,-0.014489156960272085,-7.632622634482686,61.380954171675256,-0.010863793124269341,1.5934355051406113,0.002821596724441133,0.011382457714584297
109,0,14.892833333333334,Forward,0.07432748673373414,397.48451575883155,19950.0,19949.736142570677,ok,0.0005442775034741434,14537.035853488669,ok,-10.215034816297702,69.08544824968916,-0.014539435567023596,-7.352821390828467,61.38135242309846,-0.01046554170106391,1.5934355051406113,0.0021367301599813076,0.011382457714584297
110,0,15.02895,Forward,0.07427379906776585,396.9282979574782,19935.0,19950.06354189323,ok,0.0005321481971144554,14537.295023533188,ok,-9.88763549374562,69.08591424921246,-0.014073436043719138,-7.093651346309343,61.38172130937551,-0.010096655424026808,1.5934355051406113,0.002014933192095711,0.011382457714584297
111,0,15.163466666666666,Forward,0.07418233376384734,396.1650491047003,19935.0,19950.278452931878,ok,0.0005312400748210016,14537.333465908969,ok,-9.672724455096613,69.08622014001513,-0.013767545241066754,-7.055208970528838,61.381776025825886,-0.010041938973642105,1.5934355051406113,0.0022336368599898456,0.011382457714584297
112,0,15.2991,Forward,0.07421153690270069,395.56638376372575,19930.0,19950.447918167414,ok,0.000534667624625046,14537.838981633226,ok,-9.503259219560277,69.08646134613113,-0.013526339125058228,-6.549693246272,61.382495544988885,-0.009322419810650798,1.5934355051406113,0.001328335595058969,0.011382457714584297
113,0,15.434116666666666,Forward,0.07411675978282589,396.40858598509294,19960.0,19950.81751088799,ok,0.0005305683588037502,14537.59199291846,ok,-9.133666498983075,69.08698740107305,-0.013000284183150473,-6.796681961037393,61.38214399684747,-0.009673967952061338,1.5934355051406113,0.00241455982725647,0.011382457714584297
114,0,15.569466666666667,Forward,0.07396356048060516,395.32063769132947,19930.0,19951.143107440894,ok,0.0005324990642686244,14539.49368550377,ok,-8.80806994608065,69.08745083464785,-0.012536850608336132,-4.894989375727164,61.38485074599807,-0.006967218801457289,1.5934355051406113,-0.0014350367980108716,0.011382457714584297
115,0,15.704783333333333,Forward,0.07386804706118255,395.2221966436082,19945.0,19951.491492106215,ok,0.0005268653407374141,14537.845480198312,ok,-8.459685280759004,69.08794670338301,-0.012040981873175129,-6.543194681185923,61.38250479463609,-0.009313170163435074,1.5934355051406113,0.0027989541306585076,0.011382457714584297
116,0,15.839833333333333,Forward,0.07369813731231792,395.31367085675447,19935.0,19952.009848098394,ok,0.0005320015795082279,14538.322806721166,ok,-7.941329288580164,69.08868449857262,-0.011303186683574749,-6.065868158331796,61.38318419106972,-0.008633773729817794,1.5934355051406113,0.002454174920867207,0.011382457714584297
117,0,15.974883333333333,Forward,0.07372162669979791,394.06488174690094,19950.0,19952.1284884818,ok,0.0005248771946250728,14538.653534760953,ok,-7.822688905172981,69.08885336380325,-0.011134321452940039,-5.735140118544223,61.38365492847895,-0.008163036320579844,1.5934355051406113,0.0018729504500242626,0.011382457714584297
118,0,16.109666666666666,Forward,0.07357964657268887,394.7782758544199,19940.0,19952.673180839058,ok,0.0005252449135768874,14540.415618700006,ok,-7.2779965479167,69.08962864451199,-0.010359040744200545,-3.973056179491323,61.38616296749754,-0.0056549973019881985,1.5934355051406113,-0.0013481672617381858,0.011382457714584297
119,0,16.244966666666667,Forward,0.07341164501153025,394.1190749734851,19950.0,19953.269390714162,ok,0.0005251541441089377,14539.560850216723,ok,-6.68178667281245,69.09047725200276,-0.00951043325343888,-4.827824662774219,61.38494634400962,-0.006871620789906809,1.5934355051406113,0.0014390512910610036,0.011382457714584297
120,0,16.381083333333333,Forward,0.07328917368413396,393.65290721970086,19945.0,19953.207789477736,ok,0.0005348650096303008,14540.5029417027,ok,-6.743387909238663,69.0903895726924,-0.009598112563786305,-3.8857331767976575,61.38628725754589,-0.005530707253641233,1.5934355051406113,-0.000785287257295644,0.011382457714584297
121,0,16.516933333333334,Forward,0.07305178782516207,393.23409810713565,19950.0,19953.84714296945,ok,0.0005271008199535928,14540.621830455853,ok,-6.104034417523508,69.0912995880829,-0.008688097173284365,-3.7668444236442156,61.386456476290334,-0.0053614885091920845,1.5934355051406113,-0.00014491102233429344,0.011382457714584297
122,0,16.652,Forward,0.0729375142517638,393.25469857451753,19940.0,19954.2019761315,ok,0.0005329251372621805,14541.08017834228,ok,-5.749201255475782,69.09180463520114,-0.008183050055049875,-3.3084965372181614,61.3871088597312,-0.0047091050683309025,1.5934355051406113,-0.000679394841733811,0.011382457714584297
123,0,16.78705,Forward,0.07283958332474791,392.8134751658872,19940.0,19954.67451173074,ok,0.0005326341899900656,14540.924632597724,ok,-5.2766656562344,69.0924772125366,-0.00751047271959787,-3.4640422817738,61.38688746573976,-0.004930499059772146,1.5934355051406113,0.0003459595403054686,0.011382457714584297
124,0,16.922616666666666,Forward,0.07275300854271963,392.00939963157725,19955.0,19955.126377196175,ok,0.0005265370283414518,14541.51177348877,ok,-4.824800190799579,69.09312036930872,-0.006867315947467174,-2.876901390727653,61.38772316501124,-0.004094799788291417,1.5934355051406113,-0.000342516578361372,0.011382457714584297
125,0,17.05765,Forward,0.07259846055023358,391.43826560351954,19960.0,19955.56326505169,ok,0.0005348558377934765,14541.6514842636,ok,-4.387912335285364,69.0937422078966,-0.0062454773595918295,-2.737190615896907,61.387922020506615,-0.0038959442929161407,1.5934355051406113,-3.7541397209316964e-05,0.011382457714584297
126,0,17.192966666666667,Forward,0.07233687520670068,390.4027671728618,19930.0,19955.978283891003,ok,0.0005298869643131788,14542.350099016756,ok,-3.9728934959712205,69.09433291950765,-0.005654765748537733,-2.038575862741709,61.38891638463482,-0.0029015801647130487,1.5934355051406113,-0.001031284893072218,0.011382457714584297
127,0,17.327766666666665,Forward,0.0722952523287321,390.67981137452443,19940.0,19956.428905770004,ok,0.000522871024268591,14542.137689427893,ok,-3.5222716169701016,69.09497430623738,-0.0050133790188151145,-2.25098545160472,61.38861405423785,-0.003203910561684817,1.5934355051406113,9.184582546847148e-05,0.011382457714584297
128,0,17.462783333333334,Forward,0.072282953685299,390.47981790658014,19945.0,19956.638633490038,ok,0.0005393613618886119,14542.439298997117,ok,-3.312543896936404,69.09527281943159,-0.004714865824598328,-1.9493758823809912,61.38904334625466,-0.002774618544869596,1.5934355051406113,-0.0002936901219815361,0.011382457714584297
129,0,17.5992,Forward,0.07202883958134457,390.0199953398078,19965.0,19957.081221616627,ok,0.0005356094742763179,14542.29680989391,ok,-2.8699557703475875,69.09590277142539,-0.004084913830797875,-2.0918649855866533,61.38884053626211,-0.0029774285374264847,1.5934355051406113,0.0006594265147563672,0.011382457714584297
130,0,17.734916666666667,Forward,0.07189334821334635,390.3937744697505,19945.0,19957.497754540545,ok,0.0005257690070206518,14544.056769662939,ok,-2.453422846429021,69.09649563808887,-0.0034920471673191003,-0.33190521655888006,61.391345551871204,-0.0004724129283257659,1.5934355051406113,-0.002739287634237378,0.011382457714584297
131,0,17.871066666666668,Forward,0.07181101549452,389.6819449703107,19960.0,19957.941451118375,ok,0.0005256562262556913,14542.476747591423,ok,-2.0097262685994792,69.09712716778218,-0.0028605174740116424,-1.9119272880743665,61.389096648219244,-0.0027213165802861686,1.5934355051406113,0.0014757249857441698,0.011382457714584297
132,0,18.006633333333333,Forward,0.07148071291639295,389.1295871393231,19950.0,19958.488094678454,ok,0.0005303356502378646,14544.543587348304,ok,-1.4630827085202327,69.09790522570981,-0.0020824595463754055,0.1549124688062875,61.39203845742625,0.00022049262672546615,1.5934355051406113,-0.002433800326421479,0.011382457714584297
133,0,18.14335,Forward,0.07156396600843624,389.68169115599085,19965.0,19958.823898398135,ok,0.0005278960464680439,14542.873932696988,ok,-1.1272789888389525,69.09838318752134,-0.0016044977348617388,-1.514742182509508,61.389661976419724,-0.0021559883798058163,1.5934355051406113,0.0018309306981914304,0.011382457714584297
134,0,18.27865,Forward,0.07132382067507896,389.2181557935146,19960.0,19959.150554157764,ok,0.0005340829322761609,14545.719160212484,ok,-0.8006232292100322,69.09884812870412,-0.0011395565520725855,1.3304853329864272,61.39371169361394,0.0018937288144101735,1.5934355051406113,-0.004157091282061591,0.011382457714584297
135,0,18.41395,Forward,0.07135144110991795,388.60167210742657,19960.0,19959.359858448315,ok,0.00051827827668205,14543.006989342757,ok,-0.5913189386592421,69.09914603921555,-0.0008416460406458852,-1.381685536740406,61.38985136084794,-0.001966603951586579,1.5934355051406113,0.0022920105203619976,0.011382457714584297
136,0,18.549266666666668,Forward,0.07130312642685901,388.0751556647301,19960.0,19959.938591420156,ok,0.0005280873549450814,14544.576026193732,ok,-0.01258596681873314,69.09996977118571,-1.7914070475580685e-05,0.18735131423454732,61.39208462883061,0.0002666640310774448,1.5934355051406113,-0.0004428260055383006,0.011382457714584297
137,0,18.684833333333334,Forward,0.07110584095295698,388.1319877818423,19960.0,19960.124402640813,ok,0.0005317022043658272,14545.359196274461,ok,0.1732252538386092,69.10023424314484,0.0002465578886475686,0.9705213949637255,61.393199343673146,0.0013813788736167245,1.5934355051406113,-0.0019545802546244656,0.011382457714584297
138,0,18.819816666666668,Forward,0.0710271090030388,387.9407314599739,19955.0,19960.35601911498,ok,0.0005331493887171443,14546.078030262484,ok,0.40484172800643137,69.10056391140961,0.0005762261534146549,1.6893553829868324,61.394222486583594,0.002404521784062188,1.5934355051406113,-0.003255224230194082,0.011382457714584297
139,0,18.954816666666666,Forward,0.07102386890531424,387.9410030178369,19950.0,19960.536060168703,ok,0.0005247895885910973,14545.35356657434,ok,0.5848827817280835,69.10082017047745,0.0008324852212573372,0.9648916948426631,61.393191330713464,0.0013733659139309427,1.5934355051406113,-0.0013558847875501118,0.011382457714584297
140,0,19.089866666666666,Forward,0.07086574212788228,386.3101572821579,19935.0,19960.895668938352,ok,0.0005380399403113619,14545.720944820756,ok,0.9444915513777232,69.10133201489401,0.0013443296378143595,1.332269941258346,61.39371423371267,0.0018962689131419512,1.5934355051406113,-0.0016772525756804232,0.011382457714584297
141,0,19.226266666666668,Forward,0.07075150279086395,386.9819453960117,19945.0,19961.396794986198,ok,0.000533353996822068,14546.234757650722,ok,1.445617599223624,69.10204528606877,0.002057600812572176,1.8460827712242462,61.39444556245204,0.002627597652509562,1.5934355051406113,-0.0021293065801606826,0.011382457714584297
142,0,19.362116666666665,Forward,0.07056404122654597,386.1899171207551,19960.0,19961.756128425674,ok,0.000537218912225946,14546.061736696698,ok,1.8049510386990733,69.10255673859774,0.0025690533415439584,1.6730618172005052,61.394199295350845,0.0023813305513187225,1.5934355051406113,-0.0012254433084033607,0.011382457714584297
143,0,19.49876666666667,Forward,0.07047563172869432,386.67727696441943,19970.0,19962.073717818883,ok,0.0005255434236898258,14544.457222230352,ok,2.122540431908419,69.10300877528702,0.0030210900308335776,0.06854735085471475,61.39191553077057,9.756597103831538e-05,1.5934355051406113,0.002865624948487605,0.011382457714584297
144,0,19.634833333333333,Forward,0.07042422356773784,386.3026513758523,19960.0,19962.06541618588,ok,0.000533529873735609,14546.234466641265,ok,2.114238798905717,69.10299695926679,0.0030092740105933636,1.8457917617670319,61.394445148247556,0.0026271834480228766,1.5934355051406113,-0.0011769733740040213,0.011382457714584297
145,0,19.771466666666665,Forward,0.07041062639454351,385.28849305288895,19945.0,19962.758213171783,ok,0.0005317955243690663,14546.719420946065,ok,2.8070357848082494,69.10398304275242,0.003995357496230352,2.3307460665673716,61.39513540158437,0.0033174367848343884,1.5934355051406113,-0.0012907640627842776,0.011382457714584297
146,0,19.908383333333333,Forward,0.07032975053944963,385.8386654031492,19960.0,19962.793029758035,ok,0.0005310057720992136,14546.640307789738,ok,2.841852371060668,69.10403259848293,0.00404491322673781,2.251632910240005,61.395022796912954,0.0032048321134249074,1.5934355051406113,-0.0010617800508082604,0.011382457714584297
147,0,20.0453,Forward,0.07018096379791944,385.4873932888804,19955.0,19962.988269178608,ok,0.0005280803704350922,14546.425073917906,ok,3.0370917916334292,69.1043104899465,0.0043228046903118445,2.03639903840849,61.394716446609934,0.0028984818104046454,1.5934355051406113,-0.0002957391373911546,0.011382457714584297
148,0,20.18113333333333,Forward,0.06999485887618637,385.64994074999777,19960.0,19963.334206322845,ok,0.0005290520761138999,14546.858490086262,ok,3.383028935870243,69.1048028750347,0.004815189778500341,2.469815206764906,61.39533334381751,0.0035153790179863914,1.5934355051406113,-0.0007863399627855107,0.011382457714584297
149,0,20.316716666666668,Forward,0.07013189994668155,384.8726105005808,19945.0,19963.51837271551,ok,0.0005394155709832981,14546.762818410036,ok,3.5671953285345808,69.10506500584951,0.005077320593314811,2.3741435305382765,61.39519717079441,0.0033792059948786366,1.5934355051406113,-0.00030722621810881125,0.011382457714584297
150,0,20.451233333333334,Forward,0.07002633229877075,384.6083131796113,19955.0,19963.747508029126,ok,0.000534173476656165,14547.409974919052,ok,3.796330642151588,69.10539114258701,0.00540345733081755,3.021300039554262,61.39611829250704,0.0043003277075139845,1.5934355051406113,-0.0014488375220751632,0.011382457714584297
151,0,20.5868,Forward,0.06981104079557135,384.40323195292876,19960.0,19963.989170902918,ok,0.0005363592876231132,14547.363903783871,ok,4.037993515943526,69.10573511026266,0.005747425006466952,2.97522890437358,61.39605271776222,0.004234752962688794,1.5934355051406113,-0.0010003807197807657,0.011382457714584297
152,0,20.722383333333333,Forward,0.06972635496223764,383.9965283558595,19960.0,19964.175415017264,ok,0.0005356421332913903,14547.300316969846,ok,4.224237630289281,69.10600019837533,0.006012513119132721,2.911642090348323,61.39596221230609,0.0041442475065588255,1.5934355051406113,-0.0005910779999085602,0.011382457714584297
153,0,20.8585,Forward,0.06960761118661876,384.1292153995928,19970.0,19964.67118926987,ok,0.0005266276347323353,14547.451698463898,ok,4.720011882895051,69.10670585214265,0.006718166886465001,3.063023584400071,61.3961776791663,0.0043597143667689865,1.5934355051406113,-0.00022875677781631926,0.011382457714584297
154,0,20.993033333333333,Forward,0.06968821063588926,384.15133223636076,19950.0,19964.66312917718,ok,0.0005317730998783188,14547.36125414047,ok,4.711951790206513,69.10669437991565,0.0067066946594568,2.9725792609715427,61.3960489464271,0.0042309816275722415,1.5934355051406113,-3.510168751442045e-05,0.011382457714584297
155,0,21.128083333333333,Forward,0.06944363790278874,383.4540274406427,19965.0,19965.17190460332,ok,0.0005369843554314403,14547.926621791443,ok,5.220727216346859,69.10741853873247,0.007430853476287302,3.537946911945255,61.39685365504346,0.0050356902439243735,1.5934355051406113,-0.0005931941512719793,0.011382457714584297
156,0,21.263666666666666,Forward,0.06944533080549348,383.4308472291268,19960.0,19965.480269487536,ok,0.0005365727833199008,14549.665847321528,ok,5.529092100561684,69.1078574458381,0.007869760581921535,5.27717244203086,61.39932915884603,0.007511194046501442,1.5934355051406113,-0.004098842697774642,0.011382457714584297
157,0,21.39975,Forward,0.06930646798279544,383.0779504464954,19945.0,19965.8803006116,ok,0.0005284750779820404,14547.913237946335,ok,5.929123224625073,69.10842682488162,0.008439139625431412,3.5245630668378,61.396834605323406,0.005016640523871691,1.5934355051406113,0.00044544649816706354,0.011382457714584297
158,0,21.534783333333333,Forward,0.06917388206235084,382.518543337399,19965.0,19966.22823571228,ok,0.0005245593367897119,14547.591766982956,ok,6.277058325304097,69.10892205373486,0.008934368478666199,3.2030921034584026,61.39637704385222,0.004559079052689376,1.5934355051406113,0.0016697700453681234,0.011382457714584297
159,0,21.66955,Forward,0.06915266220233987,382.73723475132283,19970.0,19966.399953327913,ok,0.000529446470916601,14550.038237404695,ok,6.4487759409385035,69.10916646574648,0.009178780490288129,5.649562525197325,61.39985919537722,0.008041230577689667,1.5934355051406113,-0.003634401817224934,0.011382457714584297
160,0,21.8054,Forward,0.06908221181509994,382.3866504498401,19960.0,19966.62651277643,ok,0.000530479294963016,14548.39149200407,ok,6.67533538945645,69.10948893616025,0.009501250904052315,4.002817124572175,61.3975153219516,0.005697357152071765,1.5934355051406113,0.0004228797324743669,0.011382457714584297
161,0,21.9402,Forward,0.06897443334318315,382.1862878123502,19960.0,19967.121532448113,ok,0.0005242334207809616,14550.036890055808,ok,7.1703550611382525,69.11019351590474,0.010205830648542634,5.648215176310259,61.39985727764589,0.008039312846357166,1.5934355051406113,-0.0026042958777759036,0.011382457714584297
162,0,22.0747,Forward,0.06886455947402241,382.29058956847075,19965.0,19967.49625575002,ok,0.0005315943124422938,14550.46402850861,ok,7.545078363044013,69.11072687339215,0.010739188135961926,6.0753536291122145,61.40046523954953,0.008647274750001762,1.5934355051406113,-0.003039686473396785,0.011382457714584297
163,0,22.209483333333335,Forward,0.06871701125329466,382.4690255883361,19975.0,19967.485436776937,ok,0.0005285099280962982,14550.54815104075,ok,7.534259389962244,69.11071147434899,0.010723789092801273,6.159476161252314,61.40058497425018,0.008767009450644628,1.5934355051406113,-0.0032458750397591635,0.011382457714584297
164,0,22.344533333333334,Forward,0.06858209400501919,381.69211961451583,19950.0,19967.926388419637,ok,0.0005339640347467658,14550.154764866242,ok,7.975211032662628,69.11133909707496,0.011351411818764638,5.766089986744191,61.400025053208296,0.008207088408761018,1.5934355051406113,-0.0017260542455831297,0.011382457714584297
165,0,22.4801,Forward,0.06854014030203066,380.45733927758556,19965.0,19968.325676414577,ok,0.0005245832570141004,14550.827428951849,ok,8.374499027602724,69.11190741839539,0.01191973313920255,6.438754072351003,61.400982480794866,0.00916451599533441,1.5934355051406113,-0.0026833320351923474,0.011382457714584297
166,0,22.6156,Forward,0.06844446908447455,380.0672490049801,19960.0,19968.529536880356,ok,0.0005350460449410245,14550.63642526397,ok,8.578359493381868,69.11219758051037,0.012209895254179419,6.247750384472965,61.400710618205764,0.008892653406228412,1.5934355051406113,-0.0019599744182145287,0.011382457714584297
167,0,22.751166666666666,Forward,0.06841858733724196,379.3527880543261,19970.0,19969.042348476676,ok,0.0005354587482262654,14551.28980588712,ok,9.091171089701675,69.11292748415698,0.012939798900794367,6.901131007622098,61.401640598929454,0.009822634129922275,1.5934355051406113,-0.002711935075829742,0.011382457714584297
168,0,22.886466666666667,Forward,0.0682589556923204,380.45753722631343,19960.0,19969.173254330817,ok,0.0005305742282332125,14550.926111912406,ok,9.222076943842694,69.11311380728421,0.013126122028013953,6.537437032908201,61.40112293988995,0.009304975090421913,1.5934355051406113,-0.001700755655513293,0.011382457714584297
169,0,23.022666666666666,Forward,0.06826062722118731,379.13464823465256,19965.0,19969.674873043296,ok,0.0005312723241916269,14550.99226124107,ok,9.72369565632107,69.11382777968669,0.013840094430502152,6.603586361572525,61.40121709266762,0.009399127868088645,1.5934355051406113,-0.0011368096318668738,0.011382457714584297
170,0,23.15825,Forward,0.06795516402995466,379.93605724825466,19960.0,19969.760560696515,ok,0.0005256798134701105,14551.372109515889,ok,9.809383309540863,69.11394974208186,0.013962056825666086,6.983434636391394,61.401757744717884,0.009939779918355046,1.5934355051406113,-0.001876341409524489,0.011382457714584297
171,0,23.293533333333333,Forward,0.06803564561561909,378.96161769041646,19955.0,19969.908497573222,ok,0.0005329413820066441,14551.298891333816,ok,9.95732018624767,69.11416030609124,0.01417262083504505,6.910216454318288,61.40165353058062,0.00983556578108279,1.5934355051406113,-0.001499718893678316,0.011382457714584297
172,0,23.427516666666666,Forward,0.0679867867381589,379.14906055199754,19950.0,19970.340475379035,ok,0.0005320316021686802,14551.373465844623,ok,10.389297992060165,69.1147751560244,0.014787470768201846,6.984790965125285,61.401759675230565,0.009941710431034518,1.5934355051406113,-0.0010540036144353268,0.011382457714584297
173,0,23.5634,Forward,0.0677354656228066,379.18410307836893,19965.0,19970.598730677302,ok,0.0005286859387872239,14552.012337005375,ok,10.647553290327778,69.11514274030938,0.015155055053182808,7.623662125877672,61.402669004101625,0.010851039302099052,1.5934355051406113,-0.0021353762384580203,0.011382457714584297
174,0,23.698166666666665,Forward,0.06771283094040728,377.9236417828324,19980.0,19971.150021423044,ok,0.0005307632118664825,14552.21215095018,ok,11.198844036069204,69.11592741274765,0.015939727491461286,7.823476070681863,61.40295340665415,0.011135441854622735,1.5934355051406113,-0.0018038809251233988,0.011382457714584297
175,0,23.83295,Forward,0.0676108094010811,378.8937291068469,19960.0,19971.073747766084,ok,0.000532802490744746,14553.325394104279,ok,11.122570379109675,69.11581884964036,0.015831164384162325,8.936719224780973,61.404537926668084,0.012719961868556518,1.5934355051406113,-0.004437274481230345,0.011382457714584297
176,0,23.96825,Forward,0.06750674528471887,377.46394657516066,19960.0,19971.483446252678,ok,0.0005288257198711271,14552.137494653227,ok,11.532268865703372,69.11640198859727,0.016414303341088083,7.748819773729338,61.40284714559496,0.011029180795435543,1.5934355051406113,-0.0011599849309738806,0.011382457714584297
177,0,24.1033,Forward,0.06741716190758454,378.05292108177673,19965.0,19972.050298515383,ok,0.0005362278206682118,14552.247941449568,ok,12.099121128409024,69.11720881031623,0.017221125060039155,7.8592665700707585,61.403004348591125,0.01118638379159452,1.5934355051406113,-0.0006036560476170051,0.011382457714584297
178,0,24.23755,Forward,0.06741662395203983,377.3952085648889,19965.0,19972.3207240186,ok,0.0005336197575409799,14552.58008446535,ok,12.369546631623962,69.11759371690249,0.017606031646299675,8.191409585851943,61.40347709998785,0.011659135188318365,1.5934355051406113,-0.0009720483220010748,0.011382457714584297
179,0,24.373116666666668,Forward,0.06729509420851146,376.9948396808504,19965.0,19972.332750863152,ok,0.0005347499914351315,14552.871322839866,ok,12.381573476177437,69.11761083515364,0.01762314989744659,8.482647960368922,61.40389163030097,0.012073665501438631,1.5934355051406113,-0.0016154573897370454,0.011382457714584297
180,0,24.508166666666668,Forward,0.0671264618286874,376.8742987049518,19960.0,19972.55804265753,ok,0.0005312319597080841,14552.69070846103,ok,12.606865270554408,69.11793150126854,0.017943816012347832,8.302033581532669,61.40363455519836,0.011816590398828314,1.5934355051406113,-0.0008851586788488595,0.011382457714584297
181,0,24.643483333333332,Forward,0.06709219273587645,377.5242784502989,19975.0,19972.74086569546,ok,0.00054176402942786,14552.508121025154,ok,12.789688308486802,69.11819172003705,0.018204034780858008,8.119446145656184,61.40337467177094,0.011556706971408301,1.5934355051406113,-0.00021083242989000314,0.011382457714584297
182,0,24.779183333333332,Forward,0.06695344318928251,377.47607161184715,19975.0,19973.354538147665,ok,0.0005224110477123713,14552.32703085911,ok,13.403360760690703,69.11906518265744,0.019077497401253637,7.938355979613334,61.40311691946286,0.011298954663329933,1.5934355051406113,0.001073341869729641,0.011382457714584297
183,0,24.914466666666666,Forward,0.06699386071967771,374.9301745979101,19965.0,19973.57940266189,ok,0.0005320701187122697,14553.23989038204,ok,13.628225274915167,69.11938524060875,0.01939755535256482,8.85121550254189,61.40441622606867,0.01259826126913689,1.5934355051406113,-0.0006769614567157176,0.011382457714584297
184,0,25.049783333333334,Forward,0.06690417548465499,376.0757286950793,19970.0,19973.69570161555,ok,0.000528735126758917,14554.996126804439,ok,13.744524228575756,69.11955077319612,0.01956308793993913,10.607451924941415,61.40691594210128,0.015097977301743875,1.5934355051406113,-0.004494565148466606,0.011382457714584297
185,0,25.184316666666668,Forward,0.0667480520682413,375.47058833107076,19955.0,19974.010372165572,ok,0.0005371096281083079,14554.583967943627,ok,14.059194778597885,69.11999865538833,0.020010970132135594,10.195293064129146,61.40632930120304,0.014511336403506608,1.5934355051406113,-0.0031119085202513004,0.011382457714584297
186,0,25.318833333333334,Forward,0.06663200510930559,375.43718525067015,19975.0,19974.15410312076,ok,0.0005287002173695538,14552.567434372106,ok,14.202925733785378,69.12020323295458,0.020215547698391283,8.178759492608151,61.403459094643864,0.01164112984433838,1.5934355051406113,0.0016661580844705114,0.011382457714584297
187,0,25.453616666666665,Forward,0.06658700329561129,375.39367977823713,19970.0,19974.713106027837,ok,0.0005352385947903186,14553.317816434985,ok,14.761928640862607,69.12099888239635,0.02101119714015931,8.92914155548715,61.404527141092075,0.012709176292547518,1.5934355051406113,0.0007599443945227741,0.011382457714584297
188,0,25.588183333333333,Forward,0.06650496288359407,375.4663946524852,19985.0,19974.638230294175,ok,0.0005335125582406558,14553.831913082684,ok,14.687052907200268,69.1208923090048,0.02090462374861489,9.44323820318641,61.40525887379969,0.013440909000156178,1.5934355051406113,-0.0005125978735979579,0.011382457714584297
189,0,25.72375,Forward,0.06647579896319407,374.8534058405203,19975.0,19975.226701803167,ok,0.0005323645326497223,14553.520081198212,ok,15.275524416192638,69.12172990219386,0.021742216937663338,9.131406318714653,61.404815031984796,0.012997067185267101,1.5934355051406113,0.0010322286219607915,0.011382457714584297
190,0,25.8596,Forward,0.06632312971169309,375.3641225895881,19960.0,19975.299131213145,ok,0.0005294263183911096,14552.973206941459,ok,15.347953826170851,69.12183299364273,0.02184530838653981,8.584532061961,61.404036645698085,0.012218680898551,1.5934355051406113,0.0023756284168052616,0.011382457714584297
191,0,25.994366666666668,Forward,0.06626112477067708,374.52751736379287,19960.0,19975.739697394605,ok,0.0005311001133531446,14555.799643199169,ok,15.788520007630723,69.1224600677275,0.02247238247131195,11.410968319671156,61.40805961660247,0.016241651802939006,1.5934355051406113,-0.0034076421736220844,0.011382457714584297
192,0,26.129133333333332,Forward,0.06620838594674275,374.6827361700307,19970.0,19975.551844934587,ok,0.0005265856254843497,14555.68287984578,ok,15.60066754761283,69.12219269039716,0.022205005140969482,11.29420496628154,61.40789342301784,0.016075458218313198,1.5934355051406113,-0.003410200745495199,0.011382457714584297
193,0,26.26418333333333,Forward,0.06609036783550981,374.29524321970166,19960.0,19976.261124795394,ok,0.0005240245988950694,14555.587252537422,ok,16.309947408419248,69.12320223456618,0.02321454930999465,11.198577657924034,61.407757313145154,0.01593934834562891,1.5934355051406113,-0.0021837742727347197,0.011382457714584297
194,0,26.400616666666668,Forward,0.06606023243149445,374.3670743239527,19970.0,19976.22179509367,ok,0.0005294239802489869,14555.507930703041,ok,16.270617706693884,69.12314625515208,0.02315856989588694,11.119255823543426,61.407644411454584,0.015826446655054647,1.5934355051406113,-0.0020598521244909983,0.011382457714584297
195,0,26.53595,Forward,0.0658538500666025,374.3849039407687,19960.0,19976.618724598025,ok,0.0005380225916328469,14555.928097761944,ok,16.667547211050987,69.12371121954594,0.023723534289747165,11.53942288244616,61.40824245071634,0.016424485916805908,1.5934355051406113,-0.0024478247237733133,0.011382457714584297
196,0,26.67043333333333,Forward,0.06594742013152996,374.24254486570135,19975.0,19976.92448984808,ok,0.0005302898338485983,14555.988708876066,ok,16.973312461104797,69.12414642649645,0.024158741240260868,11.600033996568527,61.40832872074911,0.01651075594958364,1.5934355051406113,-0.0021500835065172905,0.011382457714584297
197,0,26.804933333333334,Forward,0.06583645988417619,373.18426186982833,19970.0,19976.948755403064,ok,0.000524566618357531,14555.908818113938,ok,16.997578016089392,69.12418096455525,0.02419327929906745,11.520143234440184,61.408215009282706,0.016397044483176082,1.5934355051406113,-0.0019343535597953036,0.011382457714584297
198,0,26.939983333333334,Forward,0.06577463618663165,372.9029696075231,19965.0,19977.146254396746,ok,0.0005297661389224874,14555.892388548287,ok,17.19507700977192,69.12446207215253,0.024474386896333564,11.503713668789715,61.408191624476345,0.016373659676813205,1.5934355051406113,-0.001615983781789742,0.011382457714584297
199,0,27.075566666666667,Forward,0.06572308597264734,372.325964038675,19960.0,19977.52586101915,ok,0.0005395267010333432,14556.627332032807,ok,17.57468363217413,69.12500238025,0.025014694993808335,12.23865715330976,61.40923769662693,0.01741973182739799,1.5934355051406113,-0.0027425241899955675,0.011382457714584297
200,0,27.210883333333335,Forward,0.06553087366580992,372.45513369760374,19955.0,19977.778845954697,ok,0.0005305552425055312,14556.551278287852,ok,17.827668567722867,69.12536246303347,0.025374777777272758,12.162603408354698,61.409129446528496,0.017311481728960663,1.5934355051406113,-0.002209951856246138,0.011382457714584297
201,0,27.346466666666668,Forward,0.06553440558200052,372.57280348845234,19970.0,19977.92405957016,ok,0.0005168625471000371,14556.217098645815,ok,17.972882183184993,69.12556915092475,0.025581465668546275,11.828423766317428,61.40865379632655,0.01683583152701912,1.5934355051406113,-0.0012453460451716629,0.011382457714584297
202,0,27.4815,Forward,0.06547011009893247,372.7612517494017,19960.0,19978.14090858272,ok,0.0005218879050517939,14556.60207979506,ok,18.1897311957473,69.1258778001171,0.025890114860900672,12.213404915562933,61.40920175418618,0.01738378938664807,1.5934355051406113,-0.0018098323616708954,0.011382457714584297
203,0,27.617866666666668,Forward,0.06549887450843539,372.19325311314606,19970.0,19978.204230749332,ok,0.0005356330962750879,14557.12779815139,ok,18.253053362357605,69.1259679288908,0.02598024363461038,12.739123271892822,61.40995002850004,0.01813206370051187,1.5934355051406113,-0.0029120304472564917,0.011382457714584297
204,0,27.753183333333332,Forward,0.06538544189587915,372.1206847199064,19975.0,19978.675529633125,ok,0.0005483169415505826,14556.69147337173,ok,18.724352246150374,69.12663874596358,0.02665106070738064,12.302798492231886,61.409328991358784,0.017511026559252747,1.5934355051406113,-0.00125163074359292,0.011382457714584297
205,0,27.888233333333332,Forward,0.06531100756823247,371.82137798994154,19960.0,19978.886710635023,ok,0.000522223221009755,14556.176168589043,ok,18.93553324804816,69.12693932766743,0.026951642411240675,11.787493709545743,61.408595539068116,0.01677757426858696,1.5934355051406113,0.0002176598815406862,0.011382457714584297
206,0,28.02355,Forward,0.06530099488543846,371.4554640693641,19965.0,19979.1969513475,ok,0.0005316498500931738,14556.627533056104,ok,19.245773960527004,69.12738090470857,0.027393219452383693,12.2388581766063,61.409237982750795,0.017420017951265417,1.5934355051406113,-0.00036445565134943236,0.011382457714584297
207,0,28.159666666666666,Forward,0.06522852581709136,371.27023193339846,19970.0,19979.05396898604,ok,0.0005313449180753,14557.422739346513,ok,19.10279159906713,69.12717739264336,0.027189707387172725,13.034064467015924,61.410369829174215,0.018551864374682012,1.5934355051406113,-0.002371491993998817,0.011382457714584297
208,0,28.29446666666667,Forward,0.06514826936001157,370.3678759158829,19975.0,19979.593099317688,ok,0.0005258497534455189,14556.687033611624,ok,19.64192193071358,69.12794475671605,0.027957071459852663,12.298358732126871,61.409322672084585,0.017504707285051456,1.5934355051406113,6.444936475815885e-05,0.011382457714584297
209,0,28.429783333333333,Forward,0.06502208361008104,370.9872193077608,19980.0,19979.77773097789,ok,0.0005287036147351752,14557.311900299712,ok,19.826553590915864,69.12820754976329,0.028219864507103055,12.923225420214294,61.410212067873516,0.018394103073985178,1.5934355051406113,-0.0010899524162009885,0.011382457714584297
210,0,28.565616666666667,Forward,0.06486186177882845,371.4301194868531,19990.0,19979.80683324662,ok,0.0005292298661404873,14557.0604307534,ok,19.855655859646504,69.12824897209505,0.028261286838859406,12.67175587390193,61.4098541419994,0.01803617719987617,1.5934355051406113,-0.0004781982884308582,0.011382457714584297
211,0,28.700666666666667,Forward,0.06499198573419446,369.975190299323,19975.0,19979.909346507193,ok,0.0005200471533677499,14557.20784750611,ok,19.958169120218372,69.12839488299733,0.0284071977411377,12.819172626612271,61.410063965697134,0.018246000897599864,1.5934355051406113,-0.0006666279159253871,0.011382457714584297
212,0,28.835716666666666,Forward,0.0649019331945601,370.18905402972086,19975.0,19980.05755157699,ok,0.0005194180244044696,14556.979251827424,ok,20.10637419001432,69.12860582873581,0.02861814347962569,12.59057694792682,61.409738597041915,0.017920632242385458,1.5934355051406113,6.277179004109124e-05,0.011382457714584297
213,0,28.970233333333333,Forward,0.06473006414515545,370.2239947345115,19970.0,19980.3646340792,ok,0.0005242152102680009,14558.831111962056,ok,20.413456692225736,69.12904291057988,0.02905522532368752,14.442437082558172,61.41237441782871,0.020556453029178502,1.5934355051406113,-0.0037001567927607733,0.011382457714584297
214,0,29.10555,Forward,0.06473997869169792,369.59073665445976,19975.0,19980.607807314584,ok,0.0005346659202181036,14557.742542811493,ok,20.656629927609174,69.12938902800886,0.029401342752660084,13.35386793199541,61.41082501723346,0.0190070524339299,1.5934355051406113,-0.0008851694436330902,0.011382457714584297
215,0,29.24085,Forward,0.06465018758609264,369.09043328896587,19975.0,19980.74747292464,ok,0.0005281303140380869,14559.36469196804,ok,20.796295537664264,69.12958781921954,0.029600133963345453,14.976017088541994,61.4131338819183,0.021315917118764995,1.5934355051406113,-0.004365405198329252,0.011382457714584297
216,0,29.37615,Forward,0.06456229117725978,370.3770806827524,19970.0,19980.979575851714,ok,0.0005248650049407563,14559.70502349062,ok,21.02839846473944,69.12991817987066,0.0299304946144656,15.316348611122521,61.41361828831856,0.021800323519034125,1.5934355051406113,-0.004806914904315292,0.011382457714584297
217,0,29.511466666666667,Forward,0.06461508224781208,369.7926880971463,19985.0,19981.142092519996,ok,0.000532497090627396,14557.999048461812,ok,21.190915133021917,69.13014949583479,0.0301618105785865,13.610373582314423,61.41119011118003,0.019372146380495857,1.5934355051406113,-0.0007064552748767827,0.011382457714584297
218,0,29.64625,Forward,0.06463021631819856,369.13055202296164,19965.0,19981.391359112695,ok,0.0005325749132904691,14559.855964696962,ok,21.440181725720322,69.13050428616381,0.03051660090761873,15.467289817464916,61.413833128501054,0.02201516370151913,1.5934355051406113,-0.004563142585864651,0.011382457714584297
219,0,29.781833333333335,Forward,0.06441197537272916,369.4123536650877,19980.0,19981.323585320748,ok,0.000532459048461786,14559.759760398492,ok,21.372407933773502,69.13040782122768,0.030420135971486403,15.371085518994732,61.41369619737707,0.021878232577540357,1.5934355051406113,-0.004441416607290392,0.011382457714584297
220,0,29.9169,Forward,0.06441319198507381,369.0599467110551,19960.0,19981.552922701307,ok,0.0005313664172708278,14558.386055095925,ok,21.60174531433222,69.1307342455745,0.030746560318315207,13.9973802164277,61.41174095198693,0.019922987187393864,1.5934355051406113,-0.00099943483453966,0.011382457714584297
221,0,30.051933333333334,Forward,0.06438830343019294,369.2857152693614,19970.0,19981.832141469073,ok,0.0005316507293722799,14559.889175640621,ok,21.880964082098217,69.13113166793832,0.031143982682119622,15.500500761123476,61.41388039886127,0.022062434061740837,1.5934355051406113,-0.004011083081681816,0.011382457714584297
222,0,30.18723333333333,Forward,0.06436994833668871,369.3120831239721,19975.0,19982.06017428594,ok,0.0005260803607532032,14557.980150722204,ok,22.108996898965415,69.13145623545155,0.03146855019536175,13.591475842706132,61.411163213330695,0.019345248531165104,1.5934355051406113,0.0006431443300340157,0.011382457714584297
223,0,30.321483333333333,Forward,0.06430992531343774,369.30590074567226,19980.0,19981.892172873937,ok,0.0005333431854364854,14559.70270368894,ok,21.940995486962493,69.13121711284953,0.031229427593342976,15.31402880944188,61.41361498645933,0.021797021659797175,1.5934355051406113,-0.00350272062569678,0.011382457714584297
224,0,30.45705,Forward,0.06432728174295593,369.1137697483937,19990.0,19981.959855508147,ok,0.000524710264821244,14559.373490087153,ok,22.008678121172125,69.1313134480375,0.031325762781308004,14.984815207655629,61.41314640460551,0.021328439805986737,1.5934355051406113,-0.0026597304748055897,0.011382457714584297
225,0,30.591316666666668,Forward,0.06424214698474048,368.72771259484216,19975.0,19982.081713190284,ok,0.0005266114586708909,14559.801931011092,ok,22.130535803309613,69.131486892568,0.03149920731181104,15.413256131594608,61.413756220364334,0.02193825556480806,1.5934355051406113,-0.003457988026002723,0.011382457714584297
226,0,30.726933333333335,Forward,0.06421412659572043,368.4954419508067,19975.0,19982.091232453917,ok,0.0005358594425719771,14558.53192103814,ok,22.140055066942296,69.1315004416868,0.03151275643060719,14.143246158642796,61.41194856835891,0.020130603559378804,1.5934355051406113,-0.0005640620208169633,0.011382457714584297
227,0,30.8625,Forward,0.06425784084849623,368.33274256816367,19985.0,19982.172182414924,ok,0.0005380644874413364,14558.71044561557,ok,22.221005027950014,69.13161566075001,0.031627975493820466,14.321770736072722,61.41220266897015,0.020384704170620112,1.5934355051406113,-0.000853735893433516,0.011382457714584297
228,0,30.998066666666666,Forward,0.06421591887075699,368.164361729283,19985.0,19982.43853076017,ok,0.0005377902072266688,14560.191646565883,ok,22.48735337319522,69.13199476416706,0.03200707891086389,15.802971686385717,61.41431091687788,0.022492952078354146,1.5934355051406113,-0.003833989546211912,0.011382457714584297
229,0,31.132316666666668,Forward,0.06425323063186694,368.8277830256411,19980.0,19982.170198414387,ok,0.0005318024871568779,14558.379461772822,ok,22.219021027412964,69.13161283684892,0.031625151592728384,13.990786893324184,61.41173156746713,0.019913602667599256,1.5934355051406113,-0.00010588993308706385,0.011382457714584297
230,0,31.2669,Forward,0.06421729019407893,368.1079442256596,19975.0,19982.321489956277,ok,0.0005317318977033726,14559.947030819514,ok,22.37031256930277,69.1318281756769,0.03184049042071094,15.558355940016554,61.41396274626986,0.02214478147032651,1.5934355051406113,-0.0034457906276872327,0.011382457714584297
231,0,31.40245,Forward,0.06418695597354895,368.9412140411878,19990.0,19982.44087493563,ok,0.0005294245369494924,14560.110934852606,ok,22.489697548655386,69.13199810071839,0.032010415462199626,15.722259973108521,61.41419603692145,0.02237807212191723,1.5934355051406113,-0.0036475991934605823,0.011382457714584297
232,0,31.537483333333334,Forward,0.06420703416908742,369.17042538873284,19975.0,19982.238631578864,ok,0.0005261975615909325,14560.042038413605,ok,22.287454191889992,69.13171024029428,0.03172255503808658,15.653363534107484,61.414097974080384,0.022280009280853313,1.5934355051406113,-0.003779202804887423,0.011382457714584297
233,0,31.67255,Forward,0.06427774411370639,368.6139210919682,19965.0,19982.30395981802,ok,0.0005276969814350709,14560.254318509686,ok,22.352782431044034,69.13180322438498,0.031815539128789025,15.86564363018806,61.41440012016551,0.022582155365974906,1.5934355051406113,-0.004167669013956966,0.011382457714584297
234,0,31.80785,Forward,0.0641945483356014,368.9427033355714,19985.0,19982.42679280606,ok,0.000524733566885339,14558.62374047628,ok,22.475615419087262,69.13197805710433,0.03199037184813621,14.235065596782079,61.412079258349564,0.020261293550028318,1.5934355051406113,-0.00029469267455536907,0.011382457714584297
235,0,31.942633333333333,Forward,0.06438949258328763,368.4143721637811,19975.0,19982.00751079158,ok,0.0005294029941259126,14558.032283490209,ok,22.05633340460554,69.13138127755892,0.03139359230273097,13.643608610711453,61.41123741582095,0.01941945102141356,1.5934355051406113,0.00044994955487149754,0.011382457714584297
236,0,32.077416666666664,Forward,0.06434324241129655,369.4097758357566,19990.0,19981.53751559467,ok,0.0005306793521372573,14559.957928236841,ok,21.586338207696826,69.13071231607175,0.030724630815555,15.569253357343769,61.413978256965606,0.02216029216607306,1.5934355051406113,-0.004586365526155156,0.011382457714584297
237,0,32.21191666666667,Forward,0.06453637417920893,369.8736206458161,19975.0,19981.10203137889,ok,0.00052584086914052,14559.854371468235,ok,21.150853991915938,69.13009247533604,0.03010479007984845,15.465696588737046,61.41383086079988,0.0220128960003464,1.5934355051406113,-0.004971339978071258,0.011382457714584297
238,0,32.34748333333334,Forward,0.06458606648899044,370.59814116209964,19970.0,19980.834196418076,ok,0.0005238293023220244,14558.053009323763,ok,20.883019031101867,69.12971125596427,0.029723570708071127,13.664334444265478,61.411266915663774,0.019448950864238455,1.5934355051406113,-0.001267078136741602,0.011382457714584297
239,0,32.4828,Forward,0.06477301432128425,370.115904138147,19980.0,19980.180850909717,ok,0.0005256603436481874,14559.105899771957,ok,20.229673522742814,69.12878132522074,0.02879363996455227,14.717224892459853,61.412765533446866,0.020947568647335258,1.5934355051406113,-0.004584959664482014,0.011382457714584297
240,0,32.61893333333333,Forward,0.06510395367440065,371.26013942118516,19980.0,19979.54599718548,ok,0.0005319559337472893,14557.471269384718,ok,19.59481979850534,69.12787771451515,0.027890029258956932,13.082594505220186,61.41043890376635,0.018620938966812654,1.5934355051406113,-0.0017812360298186808,0.011382457714584297
241,0,32.75395,Forward,0.06529176758249619,373.06245630988997,19970.0,19978.6061316457,ok,0.0005166453313146939,14556.589004045218,ok,18.65495425872723,69.12653996925016,0.026552283993961114,12.200329165720177,61.40918314298948,0.01736517818994163,1.5934355051406113,-0.001118007486985255,0.011382457714584297
242,0,32.889516666666665,Forward,0.0656838845528578,373.3694980577311,19975.0,19977.19188298766,ok,0.0005295590054487718,14556.489031627956,ok,17.240705600685033,69.12452701700778,0.02453933175159111,12.10035674845858,61.40904084856313,0.017222883763599046,1.5934355051406113,-0.0029042227382373685,0.011382457714584297
243,0,33.02483333333333,Forward,0.06616182824040742,373.20538156527255,19975.0,19976.059900250297,ok,0.0005343496273308122,14556.435313885846,ok,16.108722863322328,69.12291582425428,0.02292813899808142,12.046639006348414,61.408964390120815,0.01714642532128707,1.5934355051406113,-0.004393583895099411,0.011382457714584297
244,0,33.1599,Forward,0.06666764890608765,375.4102584928514,19975.0,19974.49694579807,ok,0.0005245788094195757,14555.549496268883,ok,14.545768411095196,69.12069121357393,0.02070352831774453,11.160821389385092,61.4077035732565,0.01588560845697015,1.5934355051406113,-0.004609164218353671,0.011382457714584297
245,0,33.295716666666664,Forward,0.06716770710056329,376.91606564627,19960.0,19972.730664344155,ok,0.0005310290826658583,14554.990620605877,ok,12.77948695718078,69.11817720007772,0.018189514821535514,10.6019457263792,61.40690810492591,0.015090140126378907,1.5934355051406113,-0.005855650233383667,0.011382457714584297
246,0,33.4305,Forward,0.06778500990496916,377.9451816618748,19970.0,19970.776908329124,ok,0.0005514353312208533,14552.59008337947,ok,10.825730942149676,69.11539634712861,0.015408661872418983,8.201408499971876,61.40349133181086,0.011673367011332323,1.5934355051406113,-0.0031920955879750825,0.011382457714584297
247,0,33.56581666666667,Forward,0.06854331841428579,379.9733814770552,19950.0,19968.53438027635,ok,0.000533924840105156,14551.297987082262,ok,8.583202889374661,69.1122044742944,0.01221678903821728,6.90931220276434,61.401652243526044,0.009834278726516512,1.5934355051406113,-0.0034534998520631254,0.011382457714584297
248,0,33.701033333333335,Forward,0.06933912800959166,382.87075700045534,19975.0,19966.02723481503,ok,0.0005432038890753514,14550.15125529736,ok,6.0760574280539,69.10863596174917,0.008648276492976583,5.762580417862409,61.40002005790954,0.008202093110013403,1.5934355051406113,-0.0044212298849879515,0.011382457714584297
249,0,33.83635,Forward,0.07039377988529447,385.37616736864584,19945.0,19962.74520170613,ok,0.0005281545361685961,14548.803226023108,ok,2.7940243191551417,69.10396452305378,0.003976837797580468,4.414551143610879,61.398101358156886,0.006283393357353597,1.5934355051406113,-0.006035344270791423,0.011382457714584297
250,0,33.97085,Forward,0.0711990762739419,387.7296415073288,19960.0,19960.021034883164,ok,0.0005297003504900927,14545.83689686433,ok,0.06985749618979753,69.10008711600537,9.943074918400325e-05,1.4482219848323439,61.393879272530135,0.002061307730603356,1.5934355051406113,-0.0031851301757802025,0.011382457714584297
251,0,34.10561666666667,Forward,0.07229660421819248,390.6155696076021,19955.0,19956.21437300815,ok,0.0005293045438573834,14544.561345405553,ok,-3.7368043788228533,69.09466895385003,-0.005318731406160595,0.17267052605529898,61.39206373312368,0.0002457683241470337,1.5934355051406113,-0.005710347379895385,0.011382457714584297
252,0,34.24065,Forward,0.07345302284601643,394.09353500677025,19955.0,19952.690919250574,ok,0.0005320105421272205,14540.97608096102,ok,-7.260258136400807,69.08965389224691,-0.010333793009275042,-3.4125939184777963,61.386960694091556,-0.004857270707972736,1.5934355051406113,-0.00259404540511181,0.011382457714584297
253,0,34.37566666666667,Forward,0.07486843558143319,397.6517831096753,19950.0,19948.53979614645,ok,0.0005369252496422778,14538.241146144088,ok,-11.411381240523042,69.08374544572779,-0.016242239528407223,-6.147528735409651,61.38306796056045,-0.008750004239076082,1.5934355051406113,-0.0022996721037325356,0.011382457714584297
254,0,34.5115,Forward,0.07617263698444307,401.143392042959,19940.0,19944.47167433816,ok,0.0005296787334922637,14536.066369491073,ok,-15.479503048813058,69.07795513801233,-0.02203254724386087,-8.322305388424866,61.37997252079076,-0.011845444008770592,1.5934355051406113,-0.003157596186130672,0.011382457714584297
255,0,34.646033333333335,Forward,0.0776549963333523,405.2110862246918,19935.0,19940.093564514107,ok,0.0005380361070522954,14532.67019866166,ok,-19.85761287286732,69.07172361292828,-0.028264072327909572,-11.718476217836724,61.375138625670786,-0.01667933912874193,1.5934355051406113,-0.0016866211578911092,0.011382457714584297
256,0,34.7824,Forward,0.07912847181114047,409.4138541300563,19935.0,19935.43996044696,ok,0.0005318035681091149,14530.869210333525,ok,-24.511216940012673,69.06509996673368,-0.034887718522511726,-13.519464545972369,61.37257521260125,-0.01924275219828057,1.5934355051406113,-0.004225633953148917,0.011382457714584297
257,0,34.918,Forward,0.08078864264786229,413.15610813258536,19925.0,19930.600961873286,ok,0.0005254859976921993,14526.972736837972,ok,-29.350215513688454,69.05821244170453,-0.04177524355166065,-17.415938041525806,61.36702921825605,-0.024788746543481177,1.5934355051406113,-0.0022759746813461393,0.011382457714584297
258,0,35.05385,Forward,0.08220754556014322,416.99144721498305,19915.0,19926.07575692742,ok,0.0005338084240409551,14525.250819877152,ok,-33.875420459553425,69.05177155071188,-0.0482161345443187,-19.137855002345532,61.36457835037808,-0.02723961442145062,1.5934355051406113,-0.0048115657788390526,0.011382457714584297
259,0,35.189433333333334,Forward,0.08375415529893676,421.1551772454404,19915.0,19921.32093547362,ok,0.0005408592847001086,14520.783434730403,ok,-38.63024191335353,69.0450038380801,-0.05498384717608868,-23.605240149094243,61.35821975643667,-0.033598208362863397,1.5934355051406113,-0.0014472690615899356,0.011382457714584297
260,0,35.325266666666664,Forward,0.0853502080879604,425.01051638499484,19895.0,19916.50604786792,ok,0.0005247967928814993,14517.16483658496,ok,-43.44512951905563,69.03815063108037,-0.061837054175821526,-27.223838294537927,61.3530692723194,-0.03874869248012636,1.5934355051406113,-9.351180021317795e-05,0.011382457714584297
261,0,35.459783333333334,Forward,0.08690789118701313,429.154668255007,19890.0,19911.76330337003,ok,0.0005204642467634565,14513.775206525346,ok,-48.18787401694499,69.03140010802508,-0.06858757723110274,-30.613468354151337,61.34824468691817,-0.04357327788135924,1.5934355051406113,0.0008436308204131382,0.011382457714584297
262,0,35.594033333333336,Forward,0.08837506502389238,433.104476755987,19895.0,19907.125454368528,ok,0.0005215206927036719,14511.570026375757,ok,-52.8257230184463,69.02479888659613,-0.07518879866006237,-32.818648503740405,61.34510597273117,-0.04671199206836092,1.5934355051406113,-0.0007562519824894504,0.011382457714584297
263,0,35.72933333333334,Forward,0.08981605867260528,436.82776351357825,19890.0,19902.871796642772,ok,0.0005266705397331168,14509.744304144984,ok,-57.07938074420235,69.01874449877073,-0.08124318648545967,-34.64437073451336,61.34250735498635,-0.04931060981318294,1.5934355051406113,-0.002669910028998926,0.011382457714584297
264,0,35.86566666666667,Forward,0.09115115623286549,440.01606763285236,19905.0,19898.851169666985,ok,0.000531022755830713,14508.080243899596,ok,-61.10000771998966,69.01302179220097,-0.08696589305521404,-36.30843097990146,61.34013883670397,-0.05167912809555476,1.5934355051406113,-0.004618535473047386,0.011382457714584297
265,0,36.0015,Forward,0.09243361964631705,443.42579941864824,19875.0,19894.958784082268,ok,0.0005415679068478572,14504.079201340986,ok,-64.99239330470664,69.00748161632995,-0.09250606892624601,-40.309473538511156,61.33444400535704,-0.05737395944248393,1.5934355051406113,-0.001084364880094682,0.011382457714584297
266,0,36.1376,Forward,0.09380032360217497,446.24701750138047,19885.0,19891.293501538537,ok,0.0005345179187628667,14501.433081711117,ok,-68.65767584843707,69.00226468458787,-0.0977230006683171,-42.9555931683808,61.330677685755305,-0.061140279044228564,1.5934355051406113,-0.00029990924503882355,0.011382457714584297
267,0,36.27265,Forward,0.09493237667713561,449.1481135289905,19885.0,19887.751996972074,ok,0.0005296977356936349,14499.81891917298,ok,-72.19918041490018,68.99722393060314,-0.1027637546530473,-44.56975570651775,61.328380188718825,-0.06343777608070479,1.5934355051406113,-0.001679749878892467,0.011382457714584297
268,0,36.40743333333333,Forward,0.09598286658520463,451.85996915429496,19870.0,19884.45034518051,ok,0.0005308210029095338,14496.54516420467,ok,-75.50083220646411,68.99252456791359,-0.10746311734260004,-47.843510674827485,61.32372053260605,-0.06809743219347898,1.5934355051406113,0.0010457489233946654,0.011382457714584297
269,0,36.54246666666667,Forward,0.09695847979257975,454.299001772466,19880.0,19881.5793792234,ok,0.0005242329385958571,14495.347689321377,ok,-78.37179816357457,68.98843821624675,-0.11154946900945169,-49.040985558120155,61.32201612246729,-0.06980184233224669,1.5934355051406113,-0.0003247351130228754,0.011382457714584297
270,0,36.677233333333334,Forward,0.09795722823398709,456.4772278517412,19870.0,19879.04167493069,ok,0.0005289853724961843,14492.535345447446,ok,-80.90950245628483,68.98482620819043,-0.11516147706576811,-51.853329432051396,61.318013209772154,-0.0738047550273751,1.5934355051406113,0.0024416400430564006,0.011382457714584297
271,0,36.813066666666664,Forward,0.09868301821543038,458.69431137854554,19855.0,19876.719190413958,ok,0.0005255825511507959,14491.013055927588,ok,-83.23198697301632,68.98152053037398,-0.11846715488221103,-53.37561895190993,61.31584647898892,-0.07597148581061489,1.5934355051406113,0.002588507986708885,0.011382457714584297
272,0,36.94838333333333,Forward,0.09943135774561196,460.136800048851,19865.0,19874.61010849408,ok,0.0005339137798691006,14491.093301513176,ok,-85.34106889289615,68.97851859633938,-0.12146908891681095,-53.295373366321655,61.31596069548863,-0.07585726931089848,1.5934355051406113,-0.0005954226738120461,0.011382457714584297
273,0,37.083666666666666,Forward,0.10009726566932502,462.0384120272174,19860.0,19872.56100189971,ok,0.0005267217199388051,14489.17412056552,ok,-87.39017548726406,68.97560202739619,-0.12438565785999674,-55.214554313977715,61.3132290545073,-0.0785889102922278,1.5934355051406113,0.000840702109949451,0.011382457714584297
274,0,37.21843333333333,Forward,0.10076435820247207,462.2850302471961,19855.0,19870.89400543515,ok,0.000529960135025307,14487.431402028617,ok,-89.05717195182297,68.97322932988484,-0.12675835537133961,-56.957272850881054,61.31074857897937,-0.08106938582015626,1.5934355051406113,0.002420482374440175,0.011382457714584297
275,0,37.35346666666667,Forward,0.10122190319773623,464.27998423223835,19855.0,19869.361579645254,ok,0.0005258848581311008,14486.418565616425,ok,-90.58959774172035,68.97104817177485,-0.12893951348133553,-57.97010926307303,61.30930697158206,-0.08251099321747082,1.5934355051406113,0.0025364326757986444,0.011382457714584297
276,0,37.48905,Forward,0.101697717545155,465.32152584124924,19865.0,19868.172460346905,ok,0.000531929343308976,14486.083330863232,ok,-91.77871704006975,68.96935565444812,-0.1306320308080774,-58.305344016265735,61.30882981960152,-0.08298814519800993,1.5934355051406113,0.0016042262561959397,0.011382457714584297
277,0,37.62381666666667,Forward,0.10205418374919016,465.68828445173494,19855.0,19867.16563977361,ok,0.0005219977608084448,14485.106690287455,ok,-92.78553761336298,68.96792260961604,-0.13206507564015132,-59.281984592042136,61.30743973107231,-0.08437823372722243,1.5934355051406113,0.0023861978418579233,0.011382457714584297
278,0,37.758833333333335,Forward,0.10241553913430335,466.5928626498171,19870.0,19866.087522110985,ok,0.0005186168093526937,14482.787357178828,ok,-93.863655275989,68.9663880850088,-0.13359960024739123,-61.601317700669824,61.30413853877118,-0.08767942602835439,1.5934355051406113,0.006111910256538511,0.011382457714584297
279,0,37.893633333333334,Forward,0.10270453365254628,467.0151839746686,19855.0,19864.88786399458,ok,0.0005358491813590936,14482.714300542017,ok,-95.06331339239478,68.96468056739387,-0.13530711786231997,-61.67437433748091,61.30403455456723,-0.08778341023230087,1.5934355051406113,0.004570084764151855,0.011382457714584297
280,0,38.02838333333333,Forward,0.10295709269319041,468.5324172785331,19855.0,19864.51478612456,ok,0.0005226678941574209,14484.62865283321,ok,-95.43639126241396,68.96414955191031,-0.1358381333458866,-59.76002204628821,61.30675932274384,-0.0850586420556939,1.5934355051406113,-0.0003026730752975493,0.011382457714584297
281,0,38.162933333333335,Forward,0.10316036698713044,469.0212620816965,19860.0,19863.673037871074,ok,0.0005354268241962572,14482.441574160986,ok,-96.27813951589997,68.96295146059536,-0.13703622466082643,-61.94710071851114,61.303646373056765,-0.08817159174276326,1.5934355051406113,0.003459520166855301,0.011382457714584297
282,0,38.29783333333334,Forward,0.10338965899470091,469.5210997681388,19855.0,19863.255839090383,ok,0.0005265594517693807,14482.339748517948,ok,-96.69533829659122,68.9623576461934,-0.1376300390627924,-62.04892636154909,61.30350144086587,-0.08831652393366085,1.5934355051406113,0.003096645863703368,0.011382457714584297
283,0,38.432066666666664,Forward,0.10342403083318594,469.7671250961939,19850.0,19862.948495166387,ok,0.000529590565076295,14482.025222957107,ok,-97.0026822205873,68.96192019225808,-0.13806749299811602,-62.363451922390595,61.30305376504212,-0.08876419975741241,1.5934355051406113,0.0033725344807385427,0.011382457714584297
284,0,38.567366666666665,Forward,0.10366084426397755,469.92026931531655,19845.0,19862.334210777837,ok,0.0005341975751454307,14482.083358144271,ok,-97.61696660913731,68.96104585864612,-0.13894182661006824,-62.30531673522637,61.303136510996794,-0.08868145380273368,1.5934355051406113,0.002366350526694483,0.011382457714584297
285,0,38.70218333333333,Forward,0.10383616138922938,470.2762589298509,19845.0,19861.935117222118,ok,0.0005346863989370913,14481.330283495832,ok,-98.01606016485675,68.96047781407819,-0.13950987117799662,-63.05839138366537,61.30206463209231,-0.08975333270721558,1.5934355051406113,0.0035062758623787826,0.011382457714584297
286,0,38.8373,Forward,0.10393688270603424,469.9621194559186,19840.0,19861.826894784474,ok,0.0005256691824094362,14481.727064940731,ok,-98.1242826025009,68.96032377709375,-0.1396639081624348,-62.66160993876656,61.30262938574769,-0.08918857905183963,1.5934355051406113,0.0024523403518066367,0.011382457714584297
287,0,38.97266666666667,Forward,0.10391455567610708,470.9171185845007,19855.0,19861.501603157478,ok,0.0005253148175713684,14481.169330222596,ok,-98.44957422949665,68.95986077753122,-0.14012690772496697,-63.21934465690174,61.30183554136599,-0.08998242343354264,1.5934355051406113,0.003254280612636412,0.011382457714584297
288,0,39.10851666666667,Forward,0.10407698368053739,471.51988790565156,19855.0,19861.460704182435,ok,0.0005265343181537344,14481.302158413871,ok,-98.49047320453974,68.95980256451256,-0.1401851207436292,-63.08651646562612,61.30202460062651,-0.08979336417302451,1.5934355051406113,0.00289481385568896,0.011382457714584297
289,0,39.24381666666667,Forward,0.1040891087332366,471.54437798564686,19845.0,19861.21404191073,ok,0.00052600758437306,14481.331531165768,ok,-98.73713547624357,68.9594514810096,-0.14053620424659793,-63.0571437137296,61.302066407946924,-0.08975155685260851,1.5934355051406113,0.002477113083994592,0.011382457714584297
290,0,39.37886666666667,Forward,0.10417429005818973,470.9569957719068,19855.0,19861.044017555032,ok,0.000530692376442612,14481.535020726426,ok,-98.90715983194241,68.95920947907724,-0.1407782061789422,-62.85365415307206,61.30235604213897,-0.0894619226605623,1.5934355051406113,0.0017735977465411779,0.011382457714584297
291,0,39.514716666666665,Forward,0.1042135031117479,470.88551438799914,19850.0,19860.98206691357,ok,0.0005179302266863339,14480.488110811382,ok,-98.96911047340473,68.95912130244584,-0.14086638281035613,-63.90056406811527,61.30086593666914,-0.09095202813039033,1.5934355051406113,0.0040598080771554745,0.011382457714584297
292,0,39.65125,Forward,0.10429034904546547,470.59324938288773,19840.0,19860.907327515746,ok,0.0005285356285617126,14480.856040271745,ok,-99.0438498712283,68.95901492310611,-0.1409727621500761,-63.5326346077527,61.301389624231476,-0.09042834056805167,1.5934355051406113,0.00311896638200454,0.011382457714584297
293,0,39.78628333333333,Forward,0.10435911672066078,470.5355247002881,19855.0,19860.689490338835,ok,0.0005271550971998888,14480.954730351648,ok,-99.26168704813972,68.95870486742302,-0.14128281783317104,-63.433944527849235,61.301530093459796,-0.09028787133973622,1.5934355051406113,0.00258508204313207,0.011382457714584297
294,0,39.92111666666667,Forward,0.10445303286006397,470.8998634765958,19865.0,19860.640465863722,ok,0.0005279801592990168,14480.807975831842,ok,-99.3107115232524,68.95863508908062,-0.14135259617557772,-63.5806990476558,61.30132121234257,-0.09049675245695891,1.5934355051406113,0.002848142289261474,0.011382457714584297
295,0,40.05628333333333,Forward,0.10424706282355196,471.36366432659634,19855.0,19860.509860312526,ok,0.0005279931262384036,14480.700487263044,ok,-99.4413170744483,68.95844919338565,-0.14153849187054676,-63.68818761645343,61.30116821990072,-0.09064974489881839,1.5934355051406113,0.0029060301831694557,0.011382457714584297
296,0,40.190783333333336,Forward,0.104244333841989,471.18384729825266,19860.0,19860.670668359053,ok,0.0005298245733120116,14481.013604462978,ok,-99.28050902792165,68.95867807740544,-0.14130960785074853,-63.37507041651952,61.30161389115247,-0.09020407364705695,1.5934355051406113,0.0024247658067905464,0.011382457714584297
297,0,40.326633333333334,Forward,0.10443636731906053,471.5370030927661,19850.0,19860.801083331855,ok,0.0005306155094175768,14480.84832771314,ok,-99.15009405511955,68.95886370184316,-0.14112398341303187,-63.540347166357606,61.30137864666254,-0.09043931813698898,1.5934355051406113,0.002985237167153626,0.011382457714584297
298,0,40.461666666666666,Forward,0.10412116705440753,470.8604248034462,19860.0,19860.97878356249,ok,0.0005267631443609532,14480.584789044942,ok,-98.97239382448606,68.95911662913122,-0.14087105612497028,-63.80388583455533,61.3010035423624,-0.09081442243712967,1.5934355051406113,0.003835868965190309,0.011382457714584297
299,0,40.596983333333334,Forward,0.10395569093074672,470.6328600181405,19865.0,19861.48020942069,ok,0.0005345011291532371,14481.330679066288,ok,-98.47096796628466,68.95983032703711,-0.14015735821908287,-63.057995813209345,61.302065195122324,-0.08975276967720532,1.5934355051406113,0.002857891669283713,0.011382457714584297
300,0,40.73258333333333,Forward,0.10369420587899456,470.05813824240977,19835.0,19862.075164684484,ok,0.0005203834179307756,14480.66413476923,ok,-97.8760127024907,68.96067714879335,-0.13931053646284247,-63.72454011026821,61.30111647805636,-0.09070148674317091,1.5934355051406113,0.00521643288276652,0.011382457714584297
301,0,40.86815,Forward,0.10325914974031683,469.33144907114547,19860.0,19863.327704111176,ok,0.0005282454628943518,14481.265446412755,ok,-96.62347327579846,68.96245993432635,-0.13752775092984623,-63.12322846674215,61.301972347082156,-0.08984561771736989,1.5934355051406113,0.005635446322301313,0.011382457714584297
302,0,41.00265,Forward,0.10288968287961095,467.5269039089071,19840.0,19864.41786395192,ok,0.0005248188241227625,14480.999335572422,ok,-95.53331343505488,68.96401159900955,-0.1359760862466325,-63.389339307075716,61.30159358171461,-0.09022438308491845,1.5934355051406113,0.0077906491902845765,0.011382457714584297
303,0,41.13848333333333,Forward,0.10219755864008787,467.14362291051657,19850.0,19866.006809619117,ok,0.0005317582038245592,14481.157716379003,ok,-93.94436776785733,68.96627320394417,-0.1337144813120256,-63.230958500495035,61.30181901095433,-0.08999895384520025,1.5934355051406113,0.009693047170427627,0.011382457714584297
304,0,41.2738,Forward,0.1016628968779954,465.017125472983,19860.0,19868.06423155666,ok,0.0005256756778456809,14480.676416298911,ok,-91.88694583031611,68.96920160842178,-0.13078607683440843,-63.71225858058642,61.30113395881024,-0.0906840059892935,1.5934355051406113,0.01371303805731569,0.011382457714584297
305,0,41.40936666666666,Forward,0.10069833130579536,463.71792826157616,19865.0,19870.428971741203,ok,0.0005243506117121709,14481.43521598635,ok,-89.52220564577146,68.97256743028771,-0.12742025496847773,-62.9534588931474,61.302213986373744,-0.08960397842578531,1.5934355051406113,0.015357905657021914,0.011382457714584297
306,0,41.5444,Forward,0.09970883596791882,461.00153949610103,19870.0,19873.112202311415,ok,0.0005227971374003478,14480.688901043017,ok,-86.83897507555957,68.9763865712587,-0.12360111399748264,-63.699773836480745,61.301151728806694,-0.09066623599283635,1.5934355051406113,0.020869685550960415,0.011382457714584297
307,0,41.67945,Forward,0.09840101650670821,458.6876628188729,19880.0,19876.44660472162,ok,0.0005348933473294569,14481.577245066339,ok,-83.50457266535523,68.98113254911092,-0.11885513614527349,-62.81142981315861,61.3024161415983,-0.08940182320122887,1.5934355051406113,0.023600903167868253,0.011382457714584297
308,0,41.814483333333335,Forward,0.09710809679037471,455.53704944808123,19880.0,19880.320802753773,ok,0.0005249726920945511,14480.68065995892,ok,-79.63037463320143,68.98664683796801,-0.11334084728817438,-63.708014920577625,61.30113999896794,-0.09067796583158716,1.5934355051406113,0.031148643001803797,0.011382457714584297
309,0,41.950066666666665,Forward,0.09549376168070475,452.5944611396699,19870.0,19884.80447169317,ok,0.0005246426287966082,14481.48143632912,ok,-75.14670569380542,68.9930286092317,-0.10695907602448715,-62.90723855037686,61.302279773491236,-0.08953819130829788,1.5934355051406113,0.03571425707222717,0.011382457714584297
310,0,42.08565,Forward,0.09362563371887142,447.92581817951213,19895.0,19890.322528566358,ok,0.0005239930875142673,14480.35715621466,ok,-69.62864882061695,69.00088266296777,-0.09910502228843013,-64.03151866483677,61.30067954416481,-0.09113842063472129,1.5934355051406113,0.04611817303337451,0.011382457714584297
311,0,42.222116666666665,Forward,0.09133279451082785,442.50459143136686,19890.0,19896.741172741982,ok,0.0005244743331657635,14481.52422596082,ok,-63.210004644992296,69.01001855580586,-0.08996912945033116,-62.864448918677226,61.3023406775512,-0.08947728724832925,1.5934355051406113,0.052607156954821946,0.011382457714584297
312,0,42.357416666666666,Forward,0.0888908629559258,435.7185697676141,19900.0,19904.011590545502,ok,0.0005279210151630927,14481.936139216976,ok,-55.93958684147219,69.02036680944381,-0.07962087581237301,-62.45253566252177,61.302926968871276,-0.0888909959282527,1.5934355051406113,0.06202119318701435,0.011382457714584297
313,0,42.49386666666667,Forward,0.08585506116580949,428.6243973902383,19895.0,19912.635825903257,ok,0.0005165660130951162,14483.012876186258,ok,-47.31535148371768,69.03264200150669,-0.0673456837495069,-61.37579869323963,61.30445952828679,-0.08735843651273971,1.5934355051406113,0.0718543506634645,0.011382457714584297
314,0,42.62813333333333,Forward,0.08260766054488586,420.9691715518784,19915.0,19922.406105983453,ok,0.0005220451814963157,14486.76323103565,ok,-37.54507140352143,69.04654840126473,-0.053439283991461535,-57.62544384384819,61.309797546577165,-0.08202041822236601,1.5934355051406113,0.07725496255053846,0.011382457714584297
315,0,42.76425,Forward,0.07902960903423686,411.01037099092355,19935.0,19933.307397559744,ok,0.0005257072554492738,14491.430384692943,ok,-26.6437798272309,69.06206461137279,-0.03792307388340251,-52.95829018655422,61.316440478402846,-0.07537748639668494,1.5934355051406113,0.08218608922932871,0.011382457714584297
316,0,42.900816666666664,Forward,0.07524906470397298,401.55419401691324,19935.0,19944.988756011353,ok,0.000533084711035274,14496.452600577017,ok,-14.962421375621489,69.07869111941675,-0.021296565839444826,-47.93607430248085,61.32358878338304,-0.06822918141649376,1.5934355051406113,0.08742223431627631,0.011382457714584297
317,0,43.035833333333336,Forward,0.0718280795234574,391.7426034614946,19960.0,19956.114414214528,ok,0.0005282106329014828,14502.386167503742,ok,-3.8367631724468083,69.09452667881472,-0.0054610064414775715,-42.00250737575516,61.33203424789346,-0.05978371690607341,1.5934355051406113,0.08980049070593482,0.011382457714584297
318,0,43.17146666666667,Forward,0.06854843131493868,383.12893755019104,19950.0,19966.116904165225,ok,0.000530853859182447,14507.530281071597,ok,6.165726778250246,69.10876359144041,0.008775906184207451,-36.85839380790094,61.339356054339966,-0.052461910459565796,1.5934355051406113,0.0923705769779872,0.011382457714584297
319,0,43.3073,Forward,0.06611372136254165,376.33134601842903,19975.0,19974.17240108957,ok,0.0005321837979264367,14512.413886248158,ok,14.221223702596035,69.12022927712803,0.020241591871838983,-31.974788631339834,61.34630706959114,-0.045510895208388434,1.5934355051406113,0.09276026816761883,0.011382457714584297
320,0,43.44291666666667,Forward,0.06426719416952117,371.7760320903508,19975.0,19979.94633498223,ok,0.000528776562635889,14516.699382341889,ok,19.995157595254568,69.1284475300572,0.028459844801004122,-27.689292537608708,61.3524067741392,-0.03941119066033111,1.5934355051406113,0.09125903529904177,0.011382457714584297
321,0,43.57848333333333,Forward,0.0632584138464962,367.3990837316669,19985.0,19983.421664878806,ok,0.0005225637612990227,14520.267280218197,ok,23.47048749183159,69.13339409519517,0.03340640993897259,-24.121394661300656,61.35748509469465,-0.03433287010487531,1.5934355051406113,0.08811362415746157,0.011382457714584297
322,0,43.714333333333336,Forward,0.062358298498786824,364.9857075353866,19985.0,19986.52809464164,ok,0.0005349871746711767,14521.160895418123,ok,26.576917254664295,69.1378155911756,0.03782790591940041,-23.227779461374666,61.35875701014621,-0.03306095465331879,1.5934355051406113,0.09050840489784229,0.011382457714584297
323,0,43.84936666666667,Forward,0.06183316805084761,363.9619630969719,19990.0,19988.064375943693,ok,0.000523144237583847,14522.30641095543,ok,28.113198556719,69.14000223697815,0.04001455172195903,-22.082263924066865,61.36038746463268,-0.031430500166845725,1.5934355051406113,0.09009702663213892,0.011382457714584297
324,0,43.98466666666667,Forward,0.06126980599833022,362.2930553017977,19975.0,19989.78684996187,ok,0.0005269302675059393,14523.026016562,ok,29.835672574896307,69.14245389773639,0.042466212480197926,-21.362658317497335,61.36141170581625,-0.030406258983282274,1.5934355051406113,0.09091662512266056,0.011382457714584297
325,0,44.11945,Forward,0.060925392273857744,360.6105563139354,19990.0,19990.95979731426,ok,0.0005250975500096964,14525.067917865583,ok,31.0086199272846,69.14412339693637,0.044135711680176326,-19.320757013914772,61.36431801920348,-0.027499945596048982,1.5934355051406113,0.08795510138235596,0.011382457714584297
326,0,44.25533333333333,Forward,0.06060966261975744,360.05138013150645,19975.0,19992.504894865837,ok,0.0005262451496333869,14525.26354569601,ok,32.55371747886238,69.14632259123184,0.046334905975636706,-19.125129183486933,61.36459646350512,-0.027221501294411934,1.5934355051406113,0.08971061264138379,0.011382457714584297
327,0,44.390366666666665,Forward,0.06013849721542484,359.3355790025562,19995.0,19993.684593635662,ok,0.0005380217656980555,14526.20608508735,ok,33.73341624868772,69.1480016999731,0.048014014716901775,-18.182589792148065,61.36593801456159,-0.025879950237934973,1.5934355051406113,0.08925204629729958,0.011382457714584297
328,0,44.52486666666667,Forward,0.059867108264470156,358.6555082936902,19995.0,19994.82596376948,ok,0.0005278982885300427,14526.481957870925,ok,34.87478638250468,69.14962625415399,0.04963856889779211,-17.90671700857274,61.36633067446277,-0.025487290336757798,1.5934355051406113,0.0902509222502092,0.011382457714584297
329,0,44.660183333333336,Forward,0.059435226976744054,356.7608442828714,19975.0,19995.984800276758,ok,0.0005397054432339669,14526.542160549858,ok,36.033622889783146,69.15127566886801,0.051287983611818175,-17.84651432963983,61.36641636315469,-0.02540160164483961,1.5934355051406113,0.09176379756014377,0.011382457714584297
330,0,44.79443333333333,Forward,0.05926691707626671,355.5997661008623,19980.0,19996.762426069734,ok,0.0005185496073648505,14526.355048528294,ok,36.81124868275947,69.15238249232144,0.052394807065243534,-18.033626351203566,61.366150039717695,-0.025667925081838672,1.5934355051406113,0.0932949902339345,0.011382457714584297
331,0,44.93001666666667,Forward,0.05906440432105121,354.6764934863786,19995.0,19997.729526555697,ok,0.0005299733257930025,14528.659704616008,ok,37.77834916872234,69.15375900208917,0.05377131683298906,-15.728970263489828,61.36943034167398,-0.022387623125549577,1.5934355051406113,0.08944455039694678,0.011382457714584297
332,0,45.06505,Forward,0.05873121495470303,354.7345815315566,19995.0,19998.933792725995,ok,0.0005292864761164032,14529.022274567466,ok,38.98261533902041,69.15547307851706,0.05548539326086961,-15.366400312032056,61.369946400849756,-0.021871563949779703,1.5934355051406113,0.09033631981140201,0.011382457714584297
333,0,45.2009,Forward,0.058488931901442845,354.6906069981087,19995.0,19999.725349991735,ok,0.0005329145549730759,14527.682583227912,ok,39.77417260476068,69.15659973114917,0.05661204589297598,-16.706091651585666,61.36803956878687,-0.023778396012658458,1.5934355051406113,0.0945013863548399,0.011382457714584297
334,0,45.335683333333336,Forward,0.05818224594425595,353.383427216595,19995.0,20000.305329882976,ok,0.0005244915280701563,14527.593473292722,ok,40.354152496001916,69.15742523790568,0.057437552649489174,-16.795201586775875,61.36791273533164,-0.023905229467891777,1.5934355051406113,0.09552899404216153,0.011382457714584297
335,0,45.469966666666664,Forward,0.058088145323216274,352.35058085235505,19995.0,20000.91695038644,ok,0.0005222507977110308,14527.978883718732,ok,40.965772999465116,69.15829577991181,0.05830809465560999,-16.409791160765963,61.368461304196714,-0.023356660602821457,1.5934355051406113,0.0955254269416646,0.011382457714584297
336,0,45.60503333333333,Forward,0.05793671396777967,351.8647385788827,20000.0,20001.692467636924,ok,0.0005230227561256613,14530.200831687824,ok,41.74129024994909,69.15939960219899,0.05941191694278783,-14.187843191673892,61.37162388463925,-0.020194080160280986,1.5934355051406113,0.09158988126383516,0.011382457714584297
337,0,45.74086666666667,Forward,0.05773020253905444,351.7228545828875,20000.0,20002.207154563024,ok,0.0005255378667225043,14530.314753080416,ok,42.25597717604978,69.1601321750716,0.060144489815402144,-14.07392179908129,61.371786033156326,-0.020031931643208573,1.5934355051406113,0.09206408093224039,0.011382457714584297
338,0,45.87511666666666,Forward,0.05742977650049935,350.21864357993036,19995.0,20002.36369560854,ok,0.0005275773422419115,14530.14868002563,ok,42.412518221564824,69.16035498571158,0.060367300455384416,-14.239994853867756,61.3715496552562,-0.02026830954332441,1.5934355051406113,0.09266354451089782,0.011382457714584297
339,0,46.01018333333333,Forward,0.05743811749367515,350.472365168891,19995.0,20003.110579473636,ok,0.0005178013222791975,14530.590998691649,ok,43.15940208666143,69.16141805304594,0.06143036778975083,-13.797676187848992,61.37217922371684,-0.01963874108268528,1.5934355051406113,0.09272343510716513,0.011382457714584297
340,0,46.14521666666667,Forward,0.05731569102929599,350.00448512927323,20000.0,20003.633095956047,ok,0.0005342378184807614,14530.953913360358,ok,43.68191856907288,69.16216177001465,0.062174084758449565,-13.434761519140011,61.37269577354138,-0.01912219125814593,1.5934355051406113,0.0926440632452687,0.011382457714584297
341,0,46.28053333333333,Forward,0.05705731373795344,349.3577695642889,20015.0,20004.045736747983,ok,0.0005332841225537079,14531.214561821213,ok,44.09455936100858,69.16274909686321,0.06276141160701817,-13.174113058285002,61.37306676410289,-0.018751200696645445,1.5934355051406113,0.0926402405610704,0.011382457714584297
342,0,46.416133333333335,Forward,0.05708133907280435,349.81977623167404,19985.0,20004.448745863443,ok,0.0005234844852633777,14531.133537418416,ok,44.49756847646859,69.16332271459164,0.06333502933544777,-13.255137461081176,61.372951439083934,-0.018866525715600057,1.5934355051406113,0.09339762126933328,0.011382457714584297
343,0,46.55116666666667,Forward,0.05689920642726406,348.90625823063965,20000.0,20004.83875459073,ok,0.0005320505642912892,14531.005913607441,ok,44.887577203757246,69.16387782838841,0.06389014313221558,-13.382761272056086,61.37276978740972,-0.019048177389809448,1.5934355051406113,0.09424218529335457,0.011382457714584297
344,0,46.687016666666665,Forward,0.05668432556455573,349.0283022217518,20015.0,20005.491267307356,ok,0.0005279490966507722,14531.368315567246,ok,45.54008992038143,69.16480657378875,0.06481888853256257,-13.020359312251458,61.37328560747678,-0.01853235732275145,1.5934355051406113,0.09434900468458733,0.011382457714584297
345,0,46.82261666666667,Forward,0.05663381587810089,348.7648138150289,20015.0,20005.755089846003,ok,0.0005411494694260396,14531.967913803821,ok,45.80391245902865,69.16518208213216,0.06519439687597711,-12.420761075676637,61.37413903774731,-0.017678927052218095,1.5934355051406113,0.09336462693377227,0.011382457714584297
346,0,46.95765,Forward,0.0565741962481352,348.63772097088804,20000.0,20006.14126320016,ok,0.0005235546099764387,14531.34395868579,ok,46.19008581318485,69.165731736901,0.06574405164479859,-13.044716193708155,61.37325093942964,-0.01856702536989195,1.5934355051406113,0.09532940909403091,0.011382457714584297
347,0,47.0927,Forward,0.056438834366551345,347.6742853794167,20000.0,20006.361605812464,ok,0.0005232316550396679,14532.209506224166,ok,46.410428425489954,69.16604535866263,0.06605767340643648,-12.179168655331523,61.37448290514398,-0.01733505965555638,1.5934355051406113,0.09367997294533059,0.011382457714584297
348,0,47.22721666666666,Forward,0.056375563256721876,347.42537331595304,20000.0,20006.887168031408,ok,0.0005275474386630793,14532.101412505102,ok,46.93599064443333,69.1667934107404,0.06680572548420304,-12.28726237439514,61.374329051369436,-0.017488913430094472,1.5934355051406113,0.09467318109004605,0.011382457714584297
349,0,47.363083333333336,Forward,0.05615384293273724,347.2440434510645,20000.0,20007.151309888246,ok,0.0005287593648645099,14532.44468068633,ok,47.20013250127158,69.16716937358116,0.06718168832496854,-11.943994193166873,61.374817637624204,-0.01700032717533057,1.5934355051406113,0.09427061324514707,0.011382457714584297
350,0,47.49785,Forward,0.056162050272142196,347.16443151536805,20000.0,20007.38700832179,ok,0.0005269332205870963,14533.72803165574,ok,47.435830934817204,69.16750485184917,0.0675171665929738,-10.660643223756779,61.376644278361624,-0.01517368643791034,1.5934355051406113,0.0916954573070107,0.011382457714584297
351,0,47.63235,Forward,0.05611685075257881,346.15479610097464,20000.0,20007.9182203981,ok,0.0005302375946162295,14534.149768890118,ok,47.9670430111255,69.16826094557717,0.06827326032097428,-10.238905989379418,61.377244552511996,-0.014573412287531404,1.5934355051406113,0.09149505289097927,0.011382457714584297
352,0,47.7674,Forward,0.05595695470094649,346.49109032066553,20010.0,20008.306705956402,ok,0.0005199048969331405,14532.277409663244,ok,48.355528569427406,69.16881389139138,0.0688262061351812,-12.111265216253742,61.37457955461164,-0.01723841018788393,1.5934355051406113,0.09629450098073308,0.011382457714584297
353,0,47.90298333333333,Forward,0.05585125865291053,345.40297707207355,19990.0,20008.90669116184,ok,0.0005248253382764257,14533.140349724135,ok,48.95551377486481,69.16966787244895,0.06968018719275984,-11.248325155362181,61.37580780900717,-0.016010155792361116,1.5934355051406113,0.09519133787514066,0.011382457714584297
354,0,48.0383,Forward,0.05579978891932332,345.02297630633257,20005.0,20009.210664803395,ok,0.0005281230515353984,14533.140660785182,ok,49.2594874164206,69.17010052933705,0.07011284408086194,-11.248014094315295,61.37580825175182,-0.016009713047707774,1.5934355051406113,0.09562328927819241,0.011382457714584297
355,0,48.17333333333333,Forward,0.05552769682500053,344.7185916844501,20000.0,20010.03539077634,ok,0.000522237823600898,14533.140559879279,ok,50.08421338936387,69.17127439221268,0.07128670695648603,-11.248115000218604,61.37580810812873,-0.016009856670799214,1.5934355051406113,0.09679738100794977,0.011382457714584297
356,0,48.30811666666666,Forward,0.05530072158265174,344.34369765739393,20000.0,20010.58173492086,ok,0.0005274419026543589,14534.987246181528,ok,50.63055753388471,69.1720520239711,0.07206433871492192,-9.401428697969095,61.37843656480919,-0.013381399990336022,1.5934355051406113,0.09338673656801157,0.011382457714584297
357,0,48.44343333333333,Forward,0.055237880704272824,343.15287248771347,19990.0,20010.63046303154,ok,0.0005285730803840124,14534.969435482775,ok,50.679285644564516,69.1721213804871,0.0721336952309077,-9.419239396722332,61.37841121418518,-0.013406750614350852,1.5934355051406113,0.09349648766838003,0.011382457714584297
358,0,48.57848333333333,Forward,0.05499365598440641,343.15250829818615,20010.0,20011.346172846486,ok,0.0005340910748845922,14534.862826596049,ok,51.39499545951185,69.17314007664686,0.07315239139066143,-9.525848283448795,61.378259473827235,-0.013558490972294468,1.5934355051406113,0.09475697230204388,0.011382457714584297
359,0,48.71353333333333,Forward,0.05471031903129349,343.12405019019207,20010.0,20012.081379052684,ok,0.000530521136003539,14535.709501739282,ok,52.13020166571005,69.17418652273889,0.0741988374826943,-8.679173140215426,61.37946457776595,-0.012353387033578408,1.5934355051406113,0.09388316299074179,0.011382457714584297
360,0,48.84911666666667,Forward,0.054737715589459696,342.3263112924833,20010.0,20012.792104499862,ok,0.0005332589384869757,14535.690993819373,ok,52.840927112887584,69.17519812446427,0.07521043920808394,-8.697681060124523,61.379438234761366,-0.012379730038163046,1.5934355051406113,0.09493674059494868,0.011382457714584297
361,0,48.98441666666667,Forward,0.05448553884835996,341.5721167116426,20010.0,20013.22442153756,ok,0.000514112119583369,14536.081912933289,ok,53.273244150586834,69.17581345723869,0.0758257719824888,-8.306761946209008,61.379994644344976,-0.01182332045455356,1.5934355051406113,0.09466547058342967,0.011382457714584297
362,0,49.118916666666664,Forward,0.054335037492952876,340.9460919486337,20000.0,20013.839061774324,ok,0.0005236828270941408,14536.665047247147,ok,53.887884387349914,69.17668829734251,0.0767006120863188,-7.723627632351054,61.38082464090747,-0.010993323892062045,1.5934355051406113,0.09421776469544103,0.011382457714584297
363,0,49.25395,Forward,0.05412458337358654,339.89881880706525,20000.0,20014.61823681469,ok,0.0005303982472028015,14536.96380575735,ok,54.667059427716595,69.17779732589685,0.07780964064065811,-7.424869122147356,61.3812498749069,-0.010568089892636386,1.5934355051406113,0.09464921029710256,0.011382457714584297
364,0,49.389783333333334,Forward,0.05398502133374988,339.30666986601136,20010.0,20015.064017816723,ok,0.0005285872713297226,14537.011675953077,ok,55.11284042974876,69.17843182242795,0.07844413717176234,-7.3769989264201286,61.38131801032091,-0.01049995447862425,1.5934355051406113,0.09517513744036239,0.011382457714584297
365,0,49.52455,Forward,0.053750164917663074,339.81118507559586,20015.0,20015.780192553415,ok,0.0005330541345937875,14537.069323736076,ok,55.82901516644051,69.17945118032796,0.07946349507177132,-7.3193511434219545,61.38140006253527,-0.01041790226426014,1.5934355051406113,0.0960637504287282,0.011382457714584297
366,0,49.65958333333333,Forward,0.053475308379059665,338.67001624758996,20015.0,20016.515125163,ok,0.0005298791341209644,14537.317040612344,ok,56.56394777602691,69.18049723699986,0.08050955174366221,-7.071634267153058,61.38175264709579,-0.010065317703742572,1.5934355051406113,0.096547986343326,0.011382457714584297
367,0,49.7941,Forward,0.05342487179305443,337.8836850153202,20015.0,20017.10817624054,ok,0.0005294163977132143,14538.970851517503,ok,57.15699885356662,69.18134134845761,0.08135366320142107,-5.417823361995033,61.38410657711444,-0.00771138768509766,1.5934355051406113,0.09364126213275975,0.011382457714584297
368,0,49.9294,Forward,0.05313977655894003,337.2474765069055,20015.0,20017.799467864497,ok,0.0005317420563148868,14538.212704339836,ok,57.84829047752282,69.1823252893061,0.08233760404991415,-6.175970539661648,61.383027478292135,-0.008790486507396113,1.5934355051406113,0.0963446773582586,0.011382457714584297
369,0,50.0647,Forward,0.053035775321922024,337.48799437363414,20010.0,20018.342709220393,ok,0.0005272308317784643,14538.139963490044,ok,58.39153183341841,69.18309850475113,0.08311081949493493,-6.248711389453092,61.38292394355949,-0.008894021240038028,1.5934355051406113,0.09728286872228625,0.011382457714584297
370,0,50.199733333333334,Forward,0.052874324311711365,336.5882052305533,20020.0,20019.166045350674,ok,0.0005205572358364393,14540.46847543699,ok,59.21486796369936,69.18427038941246,0.08428270415626996,-3.92019944250751,61.38623820043952,-0.0055797643600080955,1.5934355051406113,0.09317369879782503,0.011382457714584297
371,0,50.33505,Forward,0.05275716715294039,335.672090452259,20025.0,20019.703107436475,ok,0.0005289778583088397,14539.968842585766,ok,59.751930049500515,69.18503480967459,0.08504712441840541,-4.419832293731815,61.385527054586554,-0.006290910212977096,1.5934355051406113,0.0950712841114148,0.011382457714584297
372,0,50.469833333333334,Forward,0.0524303172917463,334.8677200959755,20015.0,20020.40822939373,ok,0.0005349784805451212,14540.84028093368,ok,60.457052006757294,69.18603843574624,0.08605075049005342,-3.5483939458172244,61.38676740490723,-0.005050559892298519,1.5934355051406113,0.09409849194328103,0.011382457714584297
373,0,50.605666666666664,Forward,0.05227754093845369,334.9260877832385,20015.0,20020.7291432209,ok,0.0005239418243627951,14540.838782076873,ok,60.7779658339241,69.18649520422493,0.08650751896872903,-3.5498928026245267,61.38676527152909,-0.005052693270438278,1.5934355051406113,0.09455865982243042,0.011382457714584297
374,0,50.741,Forward,0.05227421752282756,333.57711950203884,20015.0,20021.168106239278,ok,0.0005303117484619093,14540.865473176173,ok,61.21692885230368,69.1871199964686,0.08713231121239848,-3.5232017033249576,61.386803261954526,-0.005014702845005763,1.5934355051406113,0.0951229167733603,0.011382457714584297
375,0,50.87656666666667,Forward,0.051986379696870894,333.95118905613344,20025.0,20022.012528268417,ok,0.0005226493629815575,14540.849491645466,ok,62.061350881442195,69.18832189346696,0.08833420821077645,-3.5391832340319525,61.386780514852816,-0.005037449946719604,1.5934355051406113,0.09636105981124815,0.011382457714584297
376,0,51.011633333333336,Forward,0.05198879947690344,333.52039286844956,20035.0,20022.47005897852,ok,0.0005206823420837691,14541.100339802926,ok,62.51888159154623,69.18897311379065,0.08898542853445844,-3.2883350765714567,61.38713755628126,-0.004680408518267054,1.5934355051406113,0.09644335764602772,0.011382457714584297
377,0,51.14613333333333,Forward,0.05181013189326757,332.412263051865,20020.0,20023.00468113826,ok,0.0005202474271142659,14541.29572973833,ok,63.05350375128546,69.18973406121609,0.08974637595989744,-3.0929451411684568,61.38741566197814,-0.004402302821387359,1.5934355051406113,0.09676116157987674,0.011382457714584297
378,0,51.28145,Forward,0.05150475447626559,332.90358991985704,20015.0,20023.5130620647,ok,0.0005292105183721404,14541.808733738864,ok,63.561884677725175,69.19045765852695,0.0904699732707633,-2.5799411406333093,61.38814583948077,-0.003672125318760946,1.5934355051406113,0.09632126813300278,0.011382457714584297
379,0,51.41623333333333,Forward,0.05143801692231386,332.5257941820164,20030.0,20023.988946581812,ok,0.000531698693960907,14541.97970850444,ok,64.03776919483789,69.19113500250066,0.09114731724445835,-2.4089663750582986,61.38838919416652,-0.0034287706330090473,1.5934355051406113,0.09661084211007841,0.011382457714584297
380,0,51.552083333333336,Forward,0.05134538899779487,331.6134084609148,20005.0,20024.65349112414,ok,0.0005285843075350905,14542.087008322616,ok,64.70231373716524,69.19208087324199,0.09209318798580621,-2.301666556881173,61.388541917952665,-0.0032760468468648616,1.5934355051406113,0.09731335734810462,0.011382457714584297
381,0,51.68728333333333,Forward,0.05115222521114028,330.5616946831651,20030.0,20024.877825469724,ok,0.0005238821442710124,14543.00040829021,ok,64.92664808275003,69.19240017658474,0.09241249132855121,-1.3882665892870136,61.38984199379328,-0.001975971006245261,1.5934355051406113,0.09556107368703083,0.011382457714584297
382,0,51.823116666666664,Forward,0.05103549292178874,330.15130826690074,20025.0,20025.30094219535,ok,0.0005219356233354648,14542.253626553605,ok,65.34976480837577,69.19300241421587,0.09301472895967022,-2.1350483258920576,61.388779071822164,-0.003038892977365304,1.5934355051406113,0.09785700892612656,0.011382457714584297
383,0,51.959266666666664,Forward,0.0510551299827959,329.86133841800984,20020.0,20025.62972049255,ok,0.0005233995236273292,14544.10394803922,ok,65.67854310557595,69.19347037648461,0.09348269122841855,-0.28472684027838113,61.3914127025931,-0.0004052622064317293,1.5934355051406113,0.09412845041703849,0.011382457714584297
384,0,52.09458333333333,Forward,0.05085021530677709,329.73456066055223,20015.0,20026.21926599723,ok,0.0005248023207918819,14544.614139731582,ok,66.26808861025711,69.19430949833131,0.09432181307511694,0.22546485208476952,61.39213887723385,0.00032091243431543444,1.5934355051406113,0.09381045980823763,0.011382457714584297
385,0,52.23068333333333,Forward,0.05068295395556415,329.84959238237934,20030.0,20026.52614533521,ok,0.0005300108223389762,14543.061120165812,ok,66.57496794823601,69.19474629100424,0.09475860574803827,-1.3275547136854584,61.38992840724359,-0.001889557555940263,1.5934355051406113,0.0977694938466802,0.011382457714584297
386,0,52.36573333333333,Forward,0.05078356768223429,328.7076572020851,20015.0,20026.803591273914,ok,0.0005217040199501466,14543.010278080288,ok,66.85241388693976,69.19514119003509,0.0951535047788942,-1.3783967992094404,61.38985604182929,-0.0019619229702401387,1.5934355051406113,0.09827970249802576,0.011382457714584297
387,0,52.50131666666667,Forward,0.05059725346592265,330.2169048130236,20020.0,20027.352146458994,ok,0.0005306956477264431,14542.904815205926,ok,67.4009690720195,69.19592196884905,0.09593428359285368,-1.4838596735717147,61.389705932632985,-0.002112032166545271,1.5934355051406113,0.09929967063502596,0.011382457714584297
388,0,52.63635,Forward,0.050368734428688236,329.569529704273,20015.0,20027.427471043942,ok,0.0005162212502927087,14543.558490794676,ok,67.47629365696775,69.19602918110716,0.09604149585097742,-0.8301840848216671,61.39063633319209,-0.0011816316074395752,1.5934355051406113,0.09792434960826801,0.011382457714584297
389,0,52.7722,Forward,0.05036493958542973,328.17486665954493,20025.0,20027.86149451804,ok,0.0005146763850027166,14544.913927351856,ok,67.91031713106713,69.1966469427154,0.09665925745920763,0.525252472358261,61.39256557600356,0.0007476112040350986,1.5934355051406113,0.09546798722265717,0.011382457714584297
390,0,52.90725,Forward,0.05015526773074918,327.70359018718955,20015.0,20028.199844452927,ok,0.0005280323998369468,14543.640513604052,ok,68.24866706595276,69.19712852864886,0.09714084339267184,-0.7481612754454545,61.39075307927993,-0.0010648855195996192,1.5934355051406113,0.09883766978851198,0.011382457714584297
391,0,53.04255,Forward,0.05021670172566341,327.9415659145452,20035.0,20028.43015706645,ok,0.000529278060914654,14545.596205929625,ok,68.47897967947574,69.19745634108071,0.0974686558245245,1.2075310501277272,61.39353668825122,0.0017187234516813576,1.5934355051406113,0.09472998085309761,0.011382457714584297
392,0,53.17733333333333,Forward,0.05013888517175998,327.5500575056176,20035.0,20028.735197245038,ok,0.0005337825578217457,14545.76543018186,ok,68.7840198580634,69.19789051601029,0.09790283075409524,1.3767553023626533,61.39377755136681,0.0019595865672746536,1.5934355051406113,0.0947803559424032,0.011382457714584297
393,0,53.313183333333335,Forward,0.05005410152854868,326.2269439543961,20030.0,20029.121441458472,ok,0.0005247949771344559,14545.3924154562,ok,69.17026407149751,69.19844027163573,0.09845258637953876,1.0037405767016025,61.393246625758934,0.00142866095940037,1.5934355051406113,0.09617610728202196,0.011382457714584297
394,0,53.44821666666667,Forward,0.04986309842366314,326.9967360428418,20015.0,20029.329043589405,ok,0.0005227641391427271,14545.859809077794,ok,69.3778662024306,69.19873575940063,0.09874807414444217,1.4711341982965678,61.39391188432808,0.002093919528541575,1.5934355051406113,0.09541154842275673,0.011382457714584297
395,0,53.58273333333333,Forward,0.049836387171556445,326.1043085624915,20025.0,20029.810834413096,ok,0.0005225969428994319,14545.869340903268,ok,69.85965702612157,69.19942151003818,0.09943382478198888,1.480666023770027,61.393925451326595,0.0021074865270687233,1.5934355051406113,0.0960756809231521,0.011382457714584297
396,0,53.7183,Forward,0.04967673024605262,326.67847361604436,20025.0,20030.388652993173,ok,0.0005184925016168082,14545.991426535427,ok,70.43747560619886,69.20024394052085,0.10025625526465931,1.602751655929751,61.39409922030677,0.0022812555072403437,1.5934355051406113,0.09662122174312499,0.011382457714584297
397,0,53.85308333333333,Forward,0.04953997532753913,325.09148681677834,20015.0,20030.86480238932,ok,0.0005236099746043687,14546.522756823075,ok,70.9136250023439,69.20092166150664,0.10093397625044417,2.1340819435772573,61.39485548228933,0.0030375174897970454,1.5934355051406113,0.09609388803471598,0.011382457714584297
398,0,53.98918333333334,Forward,0.04944191026571622,325.96893926320627,20030.0,20031.075765671074,ok,0.0005200846553393474,14546.535958515922,ok,71.12458828409945,69.20122193332139,0.10123424806520087,2.1472836364246177,61.394874272745355,0.003056307945824037,1.5934355051406113,0.09636421846968149,0.011382457714584297
399,0,54.12505,Forward,0.04927768641318569,325.4218909206975,20020.0,20031.50585260528,ok,0.0005344438613515836,14546.58990260029,ok,71.55467521830724,69.2018340919073,0.10184640665110761,2.2012277207923034,61.39495105334895,0.0031330885494138265,1.5934355051406113,0.09685403211572213,0.011382457714584297
400,0,54.25983333333333,Forward,0.04913125033714067,324.6115349912943,20030.0,20032.116527488775,ok,0.0005263259574393148,14547.057962567958,ok,72.16535010180087,69.20270328797767,0.1027156027214714,2.6692876884608268,61.39561726035301,0.0037992955534821827,1.5934355051406113,0.09666167029203004,0.011382457714584297
401,0,54.39463333333333,Forward,0.04907984285815956,324.5920521883563,20025.0,20032.179428639833,ok,0.0005339225225502256,14547.525439777877,ok,72.22825125285817,69.20279281750442,0.10280513224822643,3.1367648983796244,61.3962826378965,0.004464673096965657,1.5934355051406113,0.09569096361667527,0.011382457714584297
402,0,54.53021666666667,Forward,0.04895915063636889,324.223041266825,20030.0,20032.821513402498,ok,0.0005217333376731255,14548.61542661057,ok,72.87033601552321,69.20370672041354,0.10371903515734246,4.2267517310719995,61.39783405633098,0.006016091531443272,1.5934355051406113,0.09413278130896499,0.011382457714584297
403,0,54.66578333333333,Forward,0.0487962553326927,323.497019459126,20040.0,20033.11769920758,ok,0.0005309776985892349,14547.732730405916,ok,73.16652182060716,69.20412829258694,0.1041406073307446,3.3440555264187424,61.39657768228785,0.004759717488318495,1.5934355051406113,0.09655630449041921,0.011382457714584297
404,0,54.80056666666667,Forward,0.048766698674872086,323.458188911216,20025.0,20033.611461044668,ok,0.0005184667403804696,14548.102442080419,ok,73.66028365769307,69.20483108200908,0.10484339675289242,3.713767200921211,61.39710390654126,0.00528594174173257,1.5934355051406113,0.09642058950351094,0.011382457714584297
405,0,54.93505,Forward,0.048641620192282777,322.40550666295894,20015.0,20033.884755868636,ok,0.0005206225936369978,14549.099445506148,ok,73.93357848166124,69.20522007260533,0.10523238734914048,4.710770626650628,61.39852297826536,0.006705013465831547,1.5934355051406113,0.09454838083023859,0.011382457714584297
406,0,55.0701,Forward,0.04852637209560769,323.55666180218395,20040.0,20034.195244882143,ok,0.0005290308184012807,14549.500225120992,ok,74.24406749516857,69.20566200306249,0.10567431780628939,5.111550241494115,61.399093422663384,0.0072754578638571385,1.5934355051406113,0.09408134492986495,0.011382457714584297
407,0,55.20486666666667,Forward,0.0484533503714939,322.24337533123617,20025.0,20034.766281571705,ok,0.0005361478240488254,14548.262028359666,ok,74.81510418473044,69.2064747806304,0.1064870953742175,3.873353480168589,61.39733105157466,0.005513086775129456,1.5934355051406113,0.09770234716380506,0.011382457714584297
408,0,55.34045,Forward,0.048275017069031576,322.0424769755591,20025.0,20035.13422332904,ok,0.0005230385708090615,14549.9171923809,ok,75.18304594206711,69.2069984856955,0.10701080043929262,5.5285175014032575,61.399686907533294,0.007868942733760365,1.5934355051406113,0.09447214769940063,0.011382457714584297
409,0,55.475233333333335,Forward,0.04827434067127493,321.4333081756595,20020.0,20035.452551351256,ok,0.0005244959469882577,14549.631799128605,ok,75.50137396428181,69.20745157370266,0.10746388844647047,5.243124249107495,61.39928069679807,0.007462731998541211,1.5934355051406113,0.09557250631464595,0.011382457714584297
410,0,55.6108,Forward,0.04821476333717631,321.0216522094779,20040.0,20035.696688097774,ok,0.0005261325768725452,14548.765130566944,ok,75.74551071079986,69.20779906253254,0.1078113772763547,4.376455687446651,61.398047135489975,0.00622917069044575,1.5934355051406113,0.0978855955306172,0.011382457714584297
411,0,55.746383333333334,Forward,0.048109610936743555,320.23244394564244,20030.0,20036.007838573547,ok,0.0005119052603250124,14550.434552667806,ok,76.05666118657246,69.20824193447332,0.10825424921712641,6.045877788308644,61.400423285498874,0.008605320699344627,1.5934355051406113,0.09454222568166924,0.011382457714584297
412,0,55.8809,Forward,0.04791838828694645,320.14151810825933,20045.0,20036.764193924504,ok,0.0005303621835595132,14550.690069932352,ok,76.81301653752962,69.20931848292261,0.1093307976664249,6.301395052854787,61.40078697263954,0.008969007840009433,1.5934355051406113,0.09503926212826937,0.011382457714584297
413,0,56.0162,Forward,0.04773031060174948,320.08925059998364,20035.0,20037.315314425967,ok,0.0005164964831406554,14550.627925818424,ok,77.36413703899234,69.21010291304594,0.1101152277897465,6.239250938926489,61.400698520631636,0.008880555832103528,1.5934355051406113,0.09596463482148922,0.011382457714584297
414,0,56.15125,Forward,0.047624376199678575,319.0530051078749,20025.0,20037.692483458057,ok,0.0005235504284867894,14550.69272752353,ok,77.74130607108236,69.21063975163128,0.11065206637508351,6.3040526440327085,61.40079075528702,0.008972790487488348,1.5934355051406113,0.09635450343213164,0.011382457714584297
415,0,56.28628333333333,Forward,0.047636102427109514,319.52397536627177,20030.0,20037.878754928974,ok,0.0005210779010272336,14551.35780088986,ok,77.9275775419992,69.21090487868156,0.11091719342536523,6.969126010362743,61.40173737872306,0.009919413923530997,1.5934355051406113,0.0951112470894248,0.011382457714584297
416,0,56.42106666666667,Forward,0.04749275817030057,318.33040244730364,20030.0,20037.8397558004,ok,0.0005236549017817666,14551.207398108607,ok,77.88857841342542,69.2108493697844,0.11086168452820867,6.81872322910931,61.40152330490085,0.009705340101320764,1.5934355051406113,0.09539685102129919,0.011382457714584297
417,0,56.55583333333333,Forward,0.04747847217522032,318.68486705635587,20035.0,20038.63600670876,ok,0.0005279666505320261,14551.415650056257,ok,78.68482932178449,69.21198270305105,0.11199501779485597,7.0269751767591515,61.401819717573844,0.010001752774308545,1.5934355051406113,0.09605786981063413,0.011382457714584297
418,0,56.69146666666666,Forward,0.04742953823054233,318.53035027481747,20030.0,20038.836171124687,ok,0.0005286729847394346,14551.295168559682,ok,78.88499373771265,69.21226760444205,0.11227991918584831,6.906493680184212,61.40164823181897,0.009830267019441114,1.5934355051406113,0.09661602269205807,0.011382457714584297
419,0,56.8265,Forward,0.04727024402336594,318.8078375482655,20050.0,20039.294705902452,ok,0.0005220785839530776,14551.7425412329,ok,79.34352851547737,69.21292025389224,0.1129325686360404,7.353866353401827,61.40228499383434,0.010467029034810543,1.5934355051406113,0.09625403293863562,0.011382457714584297
420,0,56.96208333333333,Forward,0.04704777431321378,318.4467529147005,20035.0,20039.688712078936,ok,0.0005345579170594388,14551.79556011269,ok,79.73753469196163,69.21348105740577,0.11349337214958911,7.406885233192952,61.40236045756016,0.010542492760624668,1.5934355051406113,0.09669458987212191,0.011382457714584297
421,0,57.097116666666665,Forward,0.04707726494729671,317.05636605710606,20030.0,20040.00841260244,ok,0.000522136423255971,14553.539638622358,ok,80.05723521546679,69.21393609894463,0.1139484136884423,9.150963742860768,61.40484286878745,0.013024903987915656,1.5934355051406113,0.09319406922304996,0.011382457714584297
422,0,57.23243333333333,Forward,0.04688673738625185,316.65150005381656,20055.0,20040.31246218124,ok,0.0005214126170830767,14551.681659132888,ok,80.36128479426407,69.214368863917,0.11438117866081915,7.292984253390387,61.402198338097364,0.010380373297828704,1.5934355051406113,0.09784072329144536,0.011382457714584297
423,0,57.36725,Forward,0.04681346381229816,317.2529569298822,20040.0,20040.843931295614,ok,0.0005252777170696985,14552.343224909195,ok,80.89275390863986,69.21512532349676,0.1151376382405752,7.954550029697202,61.40313996905124,0.01132200425170607,1.5934355051406113,0.09709675467655379,0.011382457714584297
424,0,57.50205,Forward,0.046819156109458,316.05540126570486,20050.0,20041.10710695578,ok,0.0005383374229803931,14552.71780520319,ok,81.15592956880573,69.2154999111142,0.11551222585800414,8.32913032369288,61.40367312299023,0.011855158190695853,1.5934355051406113,0.09662179587789084,0.011382457714584297
425,0,57.6379,Forward,0.04663701027134833,316.0462028243346,20040.0,20041.583248305793,ok,0.0005318207424459973,14552.621968577178,ok,81.6320709188185,69.21617762064763,0.11618993539143237,8.233293697679983,61.40353671518801,0.011718750388477467,1.5934355051406113,0.09751686244655204,0.011382457714584297
426,0,57.77268333333333,Forward,0.046670721451093355,315.07813934984733,20035.0,20041.811365614416,ok,0.0005250345050338691,14552.649313921784,ok,81.86018822744154,69.2165023084211,0.11651462316490485,8.26063904228613,61.4035756368249,0.011757672025369472,1.5934355051406113,0.09777953110188262,0.011382457714584297
427,0,57.90773333333333,Forward,0.046409257965593524,315.9953956932841,20035.0,20042.01353124873,ok,0.0005249424096536509,14552.932538468807,ok,82.06235386175467,69.21679005821997,0.11680237296378684,8.543863589309694,61.40397876076197,0.012160795962439033,1.5934355051406113,0.0974249289064659,0.011382457714584297
428,0,58.04333333333334,Forward,0.046376960431829324,314.91969736244573,20040.0,20042.67336278401,ok,0.0005225534724790951,14554.82331581816,ok,82.72218539703681,69.21772922076468,0.1177415355084919,10.434640938661687,61.40666997385492,0.014852009055382228,1.5934355051406113,0.09407581695697598,0.011382457714584297
429,0,58.1781,Forward,0.04624180214424097,314.9834794850467,20035.0,20043.027467064832,ok,0.0005243489906643307,14552.659431439322,ok,83.07628967785786,69.21823323043941,0.11824554518321084,8.270756559824804,61.40359003746053,0.011772072661000894,1.5934355051406113,0.0994875066360769,0.011382457714584297
430,0,58.31315,Forward,0.04612932651114583,314.69115156347834,20030.0,20043.113788770966,ok,0.0005224835016516867,14555.233095707752,ok,83.16261138399204,69.21835609530545,0.1183684100492582,10.844420828254442,61.40725322867573,0.015435263876196955,1.5934355051406113,0.09377331255771168,0.011382457714584297
431,0,58.44845,Forward,0.04600149339619612,314.0496629826084,20040.0,20043.122040271366,ok,0.000532360789539989,14553.63677088136,ok,83.17086288439168,69.21836783997011,0.11838015471391665,9.248096001861995,61.40498112071185,0.01316315591232169,1.5934355051406113,0.09740551472352171,0.011382457714584297
432,0,58.584,Forward,0.046123383277505973,314.06234711584693,20040.0,20044.33994363555,ok,0.0005261540245738503,14555.267016498312,ok,84.38876624857585,69.22010132671869,0.12011364146250463,10.878341618814375,61.40730150938721,0.015483544587677426,1.5934355051406113,0.09544161177107166,0.011382457714584297
433,0,58.7193,Forward,0.045806812386120124,314.0041165293769,20030.0,20044.03595178689,ok,0.0005261250986242185,14555.548046510285,ok,84.08477439991475,69.21966864391575,0.11968095865955845,11.159371630787064,61.40770150976165,0.015883544962121347,1.5934355051406113,0.094371554169417,0.011382457714584297
434,0,58.85406666666667,Forward,0.0458231817306193,313.6976073415135,20035.0,20044.43608603485,ok,0.0005274271102516664,14555.50341848874,ok,84.48490864787527,69.2202381697393,0.12025048448311214,11.114743609243305,61.407637989053654,0.015820024254126895,1.5934355051406113,0.09504229614440073,0.011382457714584297
435,0,58.98895,Forward,0.04576258380946303,312.74664685981406,20040.0,20044.713114804887,ok,0.0005260547732811635,14555.88158788649,ok,84.76193741791212,69.22063247499862,0.12064478974242818,11.49291300699224,61.40817625149631,0.016358286696778416,1.5934355051406113,0.09457891491651212,0.011382457714584297
436,0,59.12371666666667,Forward,0.04562233622487542,313.13434891954967,20035.0,20044.996987217983,ok,0.0005145384281356036,14553.887302095909,ok,85.04580983100823,69.22103652106735,0.12104883581115829,9.498627216411478,61.405337711023776,0.01351974622424689,1.5934355051406113,0.09950599215695258,0.011382457714584297
437,0,59.25906666666667,Forward,0.04554809105648542,312.3299727417216,20045.0,20045.701972331713,ok,0.0005326137655076353,14556.210515227249,ok,85.75079494473903,69.22203995236457,0.12205226710837189,11.821840347751277,61.40864442590425,0.01682646110471761,1.5934355051406113,0.09524038655824733,0.011382457714584297
438,0,59.39436666666667,Forward,0.04559723079818277,312.041442676662,20045.0,20045.920196847626,ok,0.0005243842345726033,14556.420393289269,ok,85.96901946065191,69.22235055936153,0.12236287410534444,12.031718409771202,61.40894315308576,0.017125188286224807,1.5934355051406113,0.09507499105785573,0.011382457714584297
439,0,59.52941666666667,Forward,0.04529378301701131,312.47313608753393,20050.0,20046.282140967523,ok,0.0005226233763292427,14556.119171081387,ok,86.330963580549,69.22286572776818,0.12287804251198665,11.730496201889764,61.40851441241462,0.016696447615085708,1.5934355051406113,0.09627333007238881,0.011382457714584297
440,0,59.66445,Forward,0.04539986219026892,312.54846451054254,20040.0,20046.354484075157,ok,0.0005228668302809809,14556.453322390927,ok,86.40330668818206,69.22296869637975,0.12298101112355428,12.06464751142994,61.40899002228987,0.017172057490339836,1.5934355051406113,0.095618445022131,0.011382457714584297
441,0,59.799533333333336,Forward,0.045252225018036114,311.49068578687366,20045.0,20046.548115083013,ok,0.0005235755772312009,14556.13976017179,ok,86.59693769603837,69.22324429853022,0.12325661327402497,11.751085292293283,61.408543717625875,0.01672575282634431,1.5934355051406113,0.09660520487032202,0.011382457714584297
442,0,59.93483333333333,Forward,0.04518644124556832,311.50006554524225,20050.0,20046.930858259504,ok,0.000536093053162601,14557.177693102069,ok,86.97968087252957,69.22378907100074,0.12380138574454394,12.78901822257103,61.410021045822404,0.01820308102287559,1.5934355051406113,0.09479595013974271,0.011382457714584297
443,0,60.0704,Forward,0.04522395994722416,311.13073266555875,20045.0,20047.236184509195,ok,0.0005204586229763291,14557.024612198313,ok,87.28500712222012,69.22422365310585,0.12423596784965964,12.635937318815195,61.40980316012973,0.017985195330195554,1.5934355051406113,0.09557771904363692,0.011382457714584297
444,0,60.205983333333336,Forward,0.04499677884940095,310.0249000291187,20035.0,20047.381988437028,ok,0.0005230232762901332,14558.568758731291,ok,87.43081105005331,69.22443118121048,0.12444349595428902,14.180083851793825,61.41200100080536,0.02018303600583044,1.5934355051406113,0.09228312978106745,0.011382457714584297
445,0,60.34128333333334,Forward,0.04489492114003655,310.02263733133077,20045.0,20047.896469356063,ok,0.0005260986627866641,14557.139422267035,ok,87.94529196908843,69.22516346086564,0.12517577560945375,12.750747387537558,61.40996657353229,0.01814860873275891,1.5934355051406113,0.09625713808577076,0.011382457714584297
446,0,60.47605,Forward,0.044909864603186515,309.4415939279097,20035.0,20047.87542790713,ok,0.0005139648423472365,14556.728058186949,ok,87.9242505201546,69.22513351179582,0.1251458265396256,12.339383307451499,61.409381063874754,0.017563099075223847,1.5934355051406113,0.0971601608928617,0.011382457714584297
447,0,60.61165,Forward,0.044889791516374046,309.1136827598275,20055.0,20047.973042619604,ok,0.0005194265053107212,14556.988924720681,ok,88.02186523262935,69.22527245041404,0.12528476515784312,12.60024984118354,61.40975236482742,0.017934400027888094,1.5934355051406113,0.09670745539001147,0.011382457714584297
448,0,60.746966666666665,Forward,0.044805094589980735,310.1135226427068,20055.0,20048.433947307516,ok,0.0005229393492359347,14557.139763733881,ok,88.48276992054161,69.22592847304469,0.12594078778850004,12.751088854383852,61.40996705955464,0.018149094755107266,1.5934355051406113,0.09702137581955088,0.011382457714584297
449,0,60.88175,Forward,0.04472140137906227,310.0138297127269,20035.0,20048.95914752905,ok,0.0005171495403191465,14559.224036282178,ok,89.00797014207637,69.2266760098782,0.12668832462201216,14.835361402680064,61.41293368149622,0.021115716696690837,1.5934355051406113,0.09304179192101455,0.011382457714584297
450,0,61.017316666666666,Forward,0.044604622812812605,309.5139650036035,20055.0,20048.939768504937,ok,0.0005169145223466072,14557.480902538862,ok,88.98859111796264,69.22664842699889,0.12666074174270528,13.092227659364653,61.4104526149897,0.018634650190172092,1.5934355051406113,0.09696762850380983,0.011382457714584297
451,0,61.15213333333333,Forward,0.04458816346218226,309.11216874934325,20030.0,20049.268126333136,ok,0.0005165944712404991,14559.446223973924,ok,89.31694894616157,69.22711579079862,0.12712810554242618,15.057549094426577,61.41324992942744,0.02143196462790493,1.5934355051406113,0.09297765215940478,0.011382457714584297
452,0,61.2874,Forward,0.04450277601627148,308.42692675118815,20040.0,20049.646014985155,ok,0.0005352372716400666,14557.726449979842,ok,89.69483759818104,69.22765365364552,0.12766596838933303,13.337775100344516,61.41080211171301,0.018984146913480195,1.5934355051406113,0.09741595466258814,0.011382457714584297
453,0,61.42245,Forward,0.044424881610011666,308.30321956919215,20055.0,20049.82230798819,ok,0.000525291487854305,14558.94316211429,ok,89.87113060121555,69.22790457797467,0.1279168927184844,14.55448723479276,61.41253390294041,0.02071593814087785,1.5934355051406113,0.09490738136251303,0.011382457714584297
454,0,61.5575,Forward,0.04434833729572003,307.61277208435786,20040.0,20050.130275688836,ok,0.0005251353734314699,14558.346132118593,ok,90.17909830186181,69.2283429197543,0.12835523449810582,13.957457239095675,61.41168412814178,0.01986616334224782,1.5934355051406113,0.09669978447764527,0.011382457714584297
455,0,61.69338333333334,Forward,0.04435095719532724,308.29472347887713,20060.0,20050.122740060644,ok,0.000526636541776406,14559.858801924272,ok,90.17156267366954,69.22833219401694,0.12834450876074624,15.470127044774927,61.41383716683126,0.022019202031726002,1.5934355051406113,0.09325833044852974,0.011382457714584297
456,0,61.8292,Forward,0.04417608001480329,308.31586353195235,20055.0,20050.522504031742,ok,0.0005181249157075904,14558.468143094067,ok,90.5713266447674,69.22890119281179,0.12891350755559336,14.079468214569715,61.41185779086034,0.02003982606080696,1.5934355051406113,0.09698133719346144,0.011382457714584297
457,0,61.9643,Forward,0.044153766083673926,308.1482492138457,20050.0,20050.6758950273,ok,0.0005303187143922529,14560.280538614286,ok,90.72471764032525,69.22911951986956,0.12913183461336478,15.891863734788785,61.414437440206825,0.0226194754072923,1.5934355051406113,0.09308915939173033,0.011382457714584297
458,0,62.0999,Forward,0.04408409695885957,307.8785320082716,20050.0,20050.781355447943,ok,0.0005228788219857895,14560.171844181941,ok,90.83017806096905,69.2292696255734,0.12928194031720197,15.783169302443639,61.41428273141493,0.022464766615399093,1.5934355051406113,0.09348578357752757,0.011382457714584297
459,0,62.23493333333333,Forward,0.04414707834851494,307.2657205371979,20040.0,20050.975763654173,ok,0.0005256859267508613,14560.025464783266,ok,91.02458626719817,69.22954633393896,0.1295586486827632,15.636789903768658,61.414074384221436,0.02225641942190946,1.5934355051406113,0.09409447975859159,0.011382457714584297
460,0,62.36976666666666,Forward,0.04407905312160588,307.5751775930621,20055.0,20051.013484672098,ok,0.0005260022256607922,14560.26284538351,ok,91.0623072851231,69.22960002365411,0.12961233839792374,15.874170504012,61.41441225677931,0.022594291979778074,1.5934355051406113,0.0936097913438316,0.011382457714584297
461,0,62.5048,Forward,0.04402752528737304,307.45681944334865,20055.0,20051.00881304264,ok,0.0005222890287106594,14560.485196558828,ok,91.05763565566667,69.22959337435172,0.1296056890955282,16.09652167933018,61.41472873740271,0.02291077260318552,1.5934355051406113,0.0930988505794096,0.011382457714584297
462,0,62.6404,Forward,0.04401136872161584,306.06344640984753,20055.0,20051.49360940937,ok,0.0005237023130092388,14558.651133354377,ok,91.54243202239377,69.23028340288946,0.13029571763325867,14.262458474879168,61.412118247642624,0.020300282843090003,1.5934355051406113,0.09794852618668226,0.011382457714584297
463,0,62.77596666666667,Forward,0.0440907070024135,306.65869609742003,20060.0,20051.42657480773,ok,0.0005339645140058387,14560.189888055102,ok,91.47539742075605,69.23018799007014,0.13020030481393888,15.801213175604062,61.41430841392467,0.022490449125142177,1.5934355051406113,0.09436322465137872,0.011382457714584297
464,0,62.91101666666667,Forward,0.043928129073011406,307.4679170115887,20060.0,20051.64320681304,ok,0.0005291911815009656,14560.64946467906,ok,91.69202942606717,69.23049633038806,0.13050864513187405,16.26078979956219,61.41496254627295,0.023144581473422438,1.5934355051406113,0.09362924726050313,0.011382457714584297
465,0,63.04578333333333,Forward,0.04406556473687435,307.4048878640897,20065.0,20051.41254777754,ok,0.0005256740690399379,14560.784118614703,ok,91.46137039056703,69.23016802488104,0.13018033962485262,16.395443735205845,61.41515420418273,0.02333623938319417,1.5934355051406113,0.09299554723521039,0.011382457714584297
466,0,63.1811,Forward,0.043861491960631424,308.29964111102527,20045.0,20051.730514627416,ok,0.0005188904514496942,14560.688843853417,ok,91.77933724044124,69.23062059881832,0.13063291356212592,16.300168973919426,61.41501859610328,0.02320063130375059,1.5934355051406113,0.09366420390105301,0.011382457714584297
467,0,63.31563333333333,Forward,0.04397051820751247,306.8913597533319,20035.0,20051.61653894227,ok,0.0005237895524560463,14561.173299112948,ok,91.66536155529684,69.23045837302466,0.13047068776846338,16.784624233450813,61.41570813913057,0.023890174331036636,1.5934355051406113,0.09240323576539075,0.011382457714584297
468,0,63.4504,Forward,0.04393755351553969,306.37407646163047,20055.0,20051.76523885164,ok,0.0005180878904823521,14560.95611272915,ok,91.81406146466543,69.23067002308655,0.13068233783035427,16.567437849653288,61.4153990097453,0.023581044945768084,1.5934355051406113,0.09310746356545084,0.011382457714584297
469,0,63.584916666666665,Forward,0.04394157771319437,306.48331883387436,20045.0,20051.740441056067,ok,0.0005348533839550084,14561.350908186592,ok,91.78926366909218,69.23063472747009,0.13064704221390014,16.96223330709472,61.415960936671524,0.02414297187199502,1.5934355051406113,0.09217677363345218,0.011382457714584297
470,0,63.71995,Forward,0.043896389416996535,306.93410386849064,20045.0,20051.939217333605,ok,0.0005256114705726215,14560.52794956363,ok,91.98803994663103,69.23091765307255,0.130929967816358,16.139274684132033,61.41478958933027,0.02297162453074052,1.5934355051406113,0.094326165678317,0.011382457714584297
471,0,63.85525,Forward,0.04391355426868121,306.3504341554617,20055.0,20051.791661745043,ok,0.00051338624172094,14561.215666738266,ok,91.84048435806835,69.23070763176464,0.13071994650844834,16.82699185876845,61.4157684425333,0.023950477733767166,1.5934355051406113,0.0925564049223841,0.011382457714584297
472,0,63.9903,Forward,0.04403548566036872,306.04472602590613,20040.0,20051.4716379862,ok,0.000517162315242619,14561.357218150632,ok,91.52046059922577,69.23025213015302,0.13026444489682537,16.968543271133967,61.41596991787592,0.024151953076389204,1.5934355051406113,0.0917798653464168,0.011382457714584297
473,0,64.12586666666667,Forward,0.04403776477568035,307.28398800225114,20055.0,20051.42372134332,ok,0.0005211501547433126,14560.58421356094,ok,91.47254395634445,69.23018392862906,0.13019624337286684,16.195538681442486,61.414869671951465,0.023051707151930743,1.5934355051406113,0.09346483474287663,0.011382457714584297
474,0,64.26116666666667,Forward,0.044014114105903536,306.54776720413065,20040.0,20051.35082971238,ok,0.0005206094554394649,14560.902849006734,ok,91.39965232540635,69.23008017928404,0.1300924940278613,16.5141741272364,61.41532319752595,0.02350523272642013,1.5934355051406113,0.09263842164499042,0.011382457714584297
475,0,64.39648333333334,Forward,0.04403839218325128,307.4836923371331,20040.0,20051.015108417876,ok,0.0005313843410720393,14561.139260470258,ok,91.06393103090159,69.22960233479134,0.12961464953513943,16.750585590760238,61.41565969067581,0.023841725876274745,1.5934355051406113,0.0916243970200536,0.011382457714584297
476,0,64.53151666666666,Forward,0.04415592749369519,307.2243238437004,20055.0,20050.788977031683,ok,0.0005297316115967697,14560.913912426191,ok,90.83779964470887,69.22928047365446,0.12929278839826058,16.52523754669346,61.41533894449864,0.02352097969911671,1.5934355051406113,0.09181362422999648,0.011382457714584297
477,0,64.66633333333333,Forward,0.04438694680231954,307.1403486702038,20040.0,20050.59280956878,ok,0.0005307361203288278,14561.190302193932,ok,90.64163218180693,69.22900126127402,0.12901357601783298,16.80162731443488,61.41573234024244,0.02391437544291286,1.5934355051406113,0.09090756110383288,0.011382457714584297
478,0,64.80118333333333,Forward,0.04431724500236168,308.6335665790175,20040.0,20050.166314797938,ok,0.0005298751347341484,14559.285733011668,ok,90.21513741096351,69.22839421554664,0.12840653029044527,14.89705813217006,61.413021496725364,0.02120353192583569,1.5934355051406113,0.0946200696854362,0.011382457714584297
479,0,64.93645,Forward,0.044557134582788066,308.7662335358473,20050.0,20049.661571381966,ok,0.0005174489496685644,14560.96600648725,ok,89.71039399499205,69.22767579563849,0.12768811038230282,16.577331607752058,61.41541309189587,0.023595127096341206,1.5934355051406113,0.09009079711868745,0.011382457714584297
480,0,65.0715,Forward,0.04457430807729238,309.195487066223,20055.0,20048.77829785736,ok,0.0005283001131637734,14560.356749623103,ok,88.82712047038513,69.2264185998746,0.12643091461840872,15.96807474360503,61.41454591414471,0.022727949345179792,1.5934355051406113,0.09021539317276193,0.011382457714584297
481,0,65.2063,Forward,0.04487850636258378,310.05166705649754,20045.0,20048.32332010481,ok,0.0005255552900738748,14558.282194818628,ok,88.37214271783523,69.22577101326951,0.12578332801331227,13.893519939130783,61.411593123826094,0.01977515902656151,1.5934355051406113,0.09427288750058731,0.011382457714584297
482,0,65.3411,Forward,0.04518666470087776,310.19665850097226,20040.0,20047.08644852606,ok,0.0005237469235716298,14557.93181181093,ok,87.1352711390864,69.22401052836199,0.1240228431057905,13.543136931431945,61.41109441077657,0.01927644597703873,1.5934355051406113,0.09330706967305208,0.011382457714584297
483,0,65.47613333333334,Forward,0.045552046867844996,311.8505713463164,20035.0,20046.030874950393,ok,0.0005257830687617218,14557.451902328557,ok,86.07969756341845,69.22250809158466,0.12252040632846395,13.063227449059923,61.41041133792147,0.018593373121935083,1.5934355051406113,0.09289306543564546,0.011382457714584297
484,0,65.61143333333334,Forward,0.04598428395915574,313.835600097118,20055.0,20044.27830400429,ok,0.0005280803351849382,14557.122420828306,ok,84.3271266173142,69.22001359275956,0.12002590750337276,12.733745948808064,61.40994237475789,0.01812440995836415,1.5934355051406113,0.09114582916599126,0.011382457714584297
485,0,65.74595,Forward,0.04630941208835535,314.9958921009529,20020.0,20042.93652077149,ok,0.0005236789592278603,14556.366639456133,ok,82.98534338451645,69.21810378322793,0.11811609797173514,11.977964576635713,61.408866643273754,0.01704867847422622,1.5934355051406113,0.09095012837517662,0.011382457714584297
486,0,65.88151666666667,Forward,0.04684522905091299,317.0416796596983,20035.0,20040.815574756565,ok,0.000530468392680191,14555.811393319324,ok,80.86439736959073,69.21508496258956,0.11509727733336118,11.422718439825985,61.40807634098158,0.016258376182049623,1.5934355051406113,0.08919060346895086,0.011382457714584297
487,0,66.01521666666666,Forward,0.04736369023548245,319.14616910995755,20040.0,20038.966348728733,ok,0.0005260803929723557,14553.549465437382,ok,79.0151713417581,69.21245289102406,0.11246520576786453,9.160790557883956,61.404856855655474,0.013038890855941867,1.5934355051406113,0.0916885741303535,0.011382457714584297
488,0,66.1508,Forward,0.04810412975235733,320.4629876874169,20035.0,20036.203197801056,ok,0.0005314118808961301,14552.605918397248,ok,76.25202041408193,69.20851999646251,0.10853231120632939,8.21724351775083,61.40351387037533,0.011695905575795407,1.5934355051406113,0.08989563999708494,0.011382457714584297
489,0,66.28585,Forward,0.048809530341953844,323.0721081173069,20040.0,20033.761834455498,ok,0.0005239219317096003,14550.92560261727,ok,73.81065706852314,69.20504511402729,0.10505742877109653,6.536927737772203,61.40112221499142,0.009304250191882886,1.5934355051406113,0.09023170616663899,0.011382457714584297
490,0,66.42168333333333,Forward,0.0496247816975787,325.4490777050596,20020.0,20030.7414712429,ok,0.0005273127750815354,14550.212659494591,ok,70.7902938559273,69.20074611974012,0.1007584344839227,5.82398461509365,61.40010745676675,0.008289491967212013,1.5934355051406113,0.08754966366378919,0.011382457714584297
491,0,66.55671666666667,Forward,0.05053583990834801,329.0009285217275,20015.0,20027.368022976312,ok,0.000532745638544573,14547.287111208523,ok,67.41684558933775,69.19594456648133,0.09595688122514066,2.8984363290255715,61.395943416059254,0.00412545125972085,1.5934355051406113,0.0893832407131744,0.011382457714584297
492,0,66.69228333333334,Forward,0.051654573958628255,331.59898640273605,20000.0,20023.61242253445,ok,0.0005245470578089414,14545.297931965852,ok,63.66124514747571,69.19059908194585,0.09061139668965779,0.9092570863540459,61.39311214392458,0.0012941791250492963,1.5934355051406113,0.08854920572179242,0.011382457714584297
493,0,66.82733333333333,Forward,0.05283231480609058,334.75826010006494,20015.0,20019.96219065191,ok,0.0005218672226849317,14542.268304559146,ok,60.01101326493517,69.1854035723646,0.08541588710840618,-2.120370320351867,61.38879996356846,-0.0030180012310676288,1.5934355051406113,0.09022487742454742,0.011382457714584297
494,0,66.96265,Forward,0.0539034869620492,339.0823222699255,20015.0,20015.18541168556,ok,0.0005217153088103161,14540.68229186361,ok,55.23423429858667,69.17860460679589,0.07861692153970053,-3.7063830158876954,61.38654253324053,-0.005275431559002846,1.5934355051406113,0.08702298149075495,0.011382457714584297
495,0,67.09823333333334,Forward,0.05534003895408077,344.5889995131147,20005.0,20010.82871317309,ok,0.000528558479039385,14537.064870724867,ok,50.877535786115914,69.17240355722082,0.07241587196462192,-7.323804154630125,61.38139372440028,-0.010424240399244968,1.5934355051406113,0.0890262267309,0.011382457714584297
496,0,67.23328333333333,Forward,0.05682436848469015,348.2415779638941,19995.0,20005.92713253604,ok,0.000522212231464265,14534.692164598771,ok,45.97595514906425,69.16542695683417,0.06543927157797608,-9.696510280726216,61.37801656431613,-0.01380140048340017,1.5934355051406113,0.0874309131288907,0.011382457714584297
497,0,67.36805,Forward,0.058031713691712526,352.8317724142689,19985.0,20001.041782168908,ok,0.0005275254140283496,14531.311434202784,ok,41.09060478193351,69.15847345758893,0.05848577233273548,-13.0772406767137,61.37320464613417,-0.01861331866536417,1.5934355051406113,0.08814489516262321,0.011382457714584297
498,0,67.50338333333333,Forward,0.05952251590264623,356.69599955431477,19975.0,19995.96633611818,ok,0.0005284850429834123,14527.857350203278,ok,36.01515873120661,69.15124938815055,0.05126170289435116,-16.53132467621981,61.3682883210646,-0.023529643734935296,1.5934355051406113,0.08875467264490641,0.011382457714584297
499,0,67.63841666666667,Forward,0.061175234843533,361.2172801698907,19980.0,19990.87729304804,ok,0.0005312246627228328,14524.133098541866,ok,30.926115661066433,69.14400596557326,0.04401828031706734,-20.255576337631283,61.3629874564038,-0.028830508395727324,1.5934355051406113,0.08995783602607374,0.011382457714584297
500,0,67.77346666666666,Forward,0.06261957850978156,366.70302697645457,19965.0,19986.06966488314,ok,0.0005278645797059459,14523.536020620113,ok,26.11848749616547,69.13716309120319,0.03717540594700036,-20.852654259384508,61.362137613390246,-0.029680351409279552,1.5934355051406113,0.08446913168759658,0.011382457714584297
501,0,67.90823333333333,Forward,0.06412323702147359,370.5964735932357,19965.0,19980.85339740615,ok,0.0005319732296457022,14519.737529748443,ok,20.90222001917573,69.1297385854383,0.02975090018212027,-24.651145131054363,61.35673108132514,-0.03508688347439372,1.5934355051406113,0.0856595860749506,0.011382457714584297
502,0,68.04301666666667,Forward,0.06563623748346953,375.0785858373638,19980.0,19975.79278828137,ok,0.000534530530760167,14516.080076434228,ok,15.841610894396581,69.1225356339435,0.0225479486873073,-28.308598445270036,61.35152529321401,-0.04029267158552118,1.5934355051406113,0.08675172218864699,0.011382457714584297
503,0,68.17911666666667,Forward,0.06720966504763046,379.000466739024,19960.0,19970.909505490046,ok,0.0005309605686086323,14512.692944348146,ok,10.958328103071835,69.11558507755511,0.015597392298919549,-31.695730531351728,61.34670426327058,-0.045113701528954296,1.5934355051406113,0.0874831660834716,0.011382457714584297
504,0,68.31443333333333,Forward,0.06872801361626742,383.75277636474857,19960.0,19965.928672424663,ok,0.0005358855594720692,14510.397501571902,ok,5.977495037688641,69.10849567426608,0.008507989009887328,-33.99117330759509,61.34343707496009,-0.04838088983943685,1.5934355051406113,0.08559981665034266,0.011382457714584297
505,0,68.4508,Forward,0.0703438924928133,386.98032548711126,19945.0,19961.064051288668,ok,0.0005260622262514622,14507.301702658146,ok,1.1128739016930922,69.10157167969956,0.0015839944433741328,-37.08697222135197,61.339030710258996,-0.05278725454053568,1.5934355051406113,0.08569708004715863,0.011382457714584297
506,0,68.58558333333333,Forward,0.0717540146108925,391.6955914944083,19945.0,19956.035567741183,ok,0.000529408435534661,14503.37860764413,ok,-3.9156096457918466,69.09441445372302,-0.005573231533168715,-41.01006723536739,61.33344682452533,-0.058371140274198006,1.5934355051406113,0.08743741585528146,0.011382457714584297
507,0,68.72063333333334,Forward,0.07331257136054445,395.113680073111,19950.0,19951.619421239964,ok,0.0005204291723354049,14501.509413517495,ok,-8.33175614701031,69.08812878963438,-0.011858895621808007,-42.87926136200258,61.330786331628815,-0.06103163317071867,1.5934355051406113,0.08539107560913259,0.011382457714584297
508,0,68.85568333333333,Forward,0.07465138706375796,399.4007617354764,19940.0,19947.29280063545,ok,0.0005235331160490802,14499.78964817511,ok,-12.658376751525793,69.08197055105433,-0.01801713420186105,-44.59902670438714,61.32833852622866,-0.06347943857086347,1.5934355051406113,0.08313325706334519,0.011382457714584297
509,0,68.99098333333333,Forward,0.07603177694337607,403.2785027079881,19935.0,19943.42440512399,ok,0.0005166415883952182,14496.618805940421,ok,-16.526772262983286,69.07646452113882,-0.023523164117379678,-47.76986893907633,61.323825349602885,-0.06799261519664512,1.5934355051406113,0.08481868302431775,0.011382457714584297
510,0,69.12656666666666,Forward,0.077154882208374,405.7450152408783,19930.0,19939.378844851137,ok,0.0005324857446833645,14495.443431378158,ok,-20.57233253583763,69.07070632608833,-0.029281359167858685,-48.945243501339064,61.322152395665626,-0.06966556913390162,1.5934355051406113,0.08172623217592803,0.011382457714584297
511,0,69.26161666666667,Forward,0.07830757280825565,408.9965270520988,19920.0,19936.053583016743,ok,0.0005313892351816356,14492.90861989751,ok,-23.897594370231673,69.06597335835458,-0.03401432690160721,-51.48005498198836,61.31854450505534,-0.07327345974418636,1.5934355051406113,0.08274220543927063,0.011382457714584297
512,0,69.39775,Forward,0.07938069703338002,412.1551177320034,19920.0,19932.591182139597,ok,0.0005236226005101609,14491.683298091652,ok,-27.35999524737781,69.06104519556652,-0.03894248968967275,-52.705376787846035,61.31680045936529,-0.07501750543424243,1.5934355051406113,0.0805930669763279,0.011382457714584297
513,0,69.53331666666666,Forward,0.08031543318197952,414.73755205781345,19915.0,19929.594950566316,ok,0.0005252572241141885,14491.149124983796,ok,-30.356226820658776,69.05678054873104,-0.043207136525148675,-53.2395498957012,61.31604015109195,-0.07577781370758338,1.5934355051406113,0.07753992233844559,0.011382457714584297
514,0,69.66758333333334,Forward,0.08131871235944355,416.63888497803055,19935.0,19926.65873614222,ok,0.0005170488433765101,14490.491742599248,ok,-33.29244124475372,69.05260132651615,-0.04738635874003354,-53.89693228024953,61.31510447451375,-0.07671349028577647,1.5934355051406113,0.07485164040458206,0.011382457714584297
515,0,69.80296666666666,Forward,0.08220910158187242,419.2350633165079,19910.0,19924.170431041246,ok,0.0005262905850021446,14489.435949149703,ok,-35.7807463457284,69.04905963015023,-0.05092805510596232,-54.95272572979411,61.31360172478183,-0.07821624001769589,1.5934355051406113,0.07370447881683423,0.011382457714584297
516,0,69.93826666666666,Forward,0.08310624095116426,421.0372288951403,19920.0,19921.228724997727,ok,0.0005292745875968581,14486.892804220013,ok,-38.72245238924734,69.04487259151101,-0.05511509374518735,-57.49587065948435,61.30998197286637,-0.08183599193316077,1.5934355051406113,0.07528528139951166,0.011382457714584297
517,0,70.07356666666666,Forward,0.08395877902966145,423.7426600668259,19905.0,19918.963953712184,ok,0.0005263644740288284,14487.02024378888,ok,-40.987223674790584,69.04164905906374,-0.058338626192444905,-57.36843109061738,61.31016336230199,-0.08165460249753453,1.5934355051406113,0.07177271658526987,0.011382457714584297
518,0,70.2086,Forward,0.08457313895824572,425.47240812792006,19910.0,19916.58566260793,ok,0.0005292489826473552,14485.93935485952,ok,-43.36551477904504,69.03826394967433,-0.06172373558186799,-58.44932001997768,61.30862489324867,-0.08319307155086264,1.5934355051406113,0.07083905840897983,0.011382457714584297
519,0,70.34525,Forward,0.08530018885016091,427.8826844562427,19895.0,19914.693223975795,ok,0.0005233048406706215,14485.518560813476,ok,-45.25795341117919,69.03557037201637,-0.06441731323982776,-58.870114066021415,61.30802596157301,-0.08379200322652162,1.5934355051406113,0.06909983974816845,0.011382457714584297
520,0,70.48003333333334,Forward,0.0858888051570931,428.973640331129,19905.0,19912.703980215283,ok,0.0005258932433771079,14485.482916159921,ok,-47.24719717169137,69.03273900805107,-0.06724867720511997,-58.905758719576625,61.30797522722379,-0.08384273757574263,1.5934355051406113,0.0663493176962552,0.011382457714584297
521,0,70.6151,Forward,0.08660864631148094,430.5107458605744,19920.0,19910.894358500755,ok,0.0005382470986891505,14484.86451964002,ok,-49.056818886219844,69.03016330676446,-0.06982437849172698,-59.524155239478205,61.30709504066371,-0.0847229241358154,1.5934355051406113,0.06517613692561572,0.011382457714584297
522,0,70.75066666666666,Forward,0.08728450934465547,432.072655008993,19905.0,19909.230133803176,ok,0.000530318523025839,14482.514878013419,ok,-50.721043583798746,69.02779455441123,-0.07219313084496347,-61.87379686607892,61.30375070913182,-0.08806725566771119,1.5934355051406113,0.06813636117626327,0.011382457714584297
523,0,70.88625,Forward,0.08777105016557638,433.3747882844509,19890.0,19907.39882107465,ok,0.0005249475925612703,14484.348044241025,ok,-52.552356312324264,69.02518797950489,-0.07479970575129524,-60.04063063847207,61.30635992219171,-0.08545804260781938,1.5934355051406113,0.0613721735398233,0.011382457714584297
524,0,71.02101666666667,Forward,0.08825289442935415,434.8691091078581,19895.0,19906.208995888628,ok,0.0005197941103572364,14482.310608390117,ok,-53.742181498346326,69.02349445746222,-0.07649322779397973,-62.078066489380944,61.30345996464786,-0.08835800015167139,1.5934355051406113,0.06429954681091297,0.011382457714584297
525,0,71.15686666666667,Forward,0.08873340505381895,435.2274848829584,19895.0,19904.546128770657,ok,0.0005213299437219593,14481.907049782794,ok,-55.4050486163178,69.02112763740207,-0.07886004785412233,-62.48162509670328,61.30288556480741,-0.0889323999921222,1.5934355051406113,0.0628479958506918,0.011382457714584297
526,0,71.29191666666667,Forward,0.08911266478570617,437.1512081205401,19890.0,19903.442147040227,ok,0.000527499311410704,14482.0332259908,ok,-56.50903034674775,69.01955629951381,-0.08043138574238369,-62.35544888869845,61.303065156054956,-0.0887528087445769,1.5934355051406113,0.06099049089217927,0.011382457714584297
527,0,71.42698333333334,Forward,0.08961709478310326,437.31693963173166,19890.0,19902.250045134835,ok,0.0005180321398675321,14481.125779104854,ok,-57.70113225213936,69.01785953693252,-0.08212814832366379,-63.262895774643766,61.301773553454865,-0.0900444113446628,1.5934355051406113,0.06135181375240796,0.011382457714584297
528,0,71.562,Forward,0.09000391357229005,438.21263970723885,19895.0,19901.19762097331,ok,0.0005254315410394804,14481.514338584113,ok,-58.75355641366332,69.01636158283243,-0.08362610242375586,-62.87433629538464,61.3023266044835,-0.08949136031603284,1.5934355051406113,0.05897260850714238,0.011382457714584297
529,0,71.69811666666666,Forward,0.09030452250445334,438.7383551754283,19900.0,19900.065561679792,ok,0.0005363727331851935,14481.699638235868,ok,-59.885615707182296,69.01475028111372,-0.08523740414246453,-62.68903664362915,61.302590348307746,-0.08922761649178347,1.5934355051406113,0.056941048014613194,0.011382457714584297
530,0,71.83291666666666,Forward,0.09053254056869156,440.21007022745107,19890.0,19899.081844966986,ok,0.0005257897808489687,14482.0491778797,ok,-60.869332419988496,69.01335012085787,-0.08663756439832881,-62.33949699979712,61.30308786096639,-0.08873010383313762,1.5934355051406113,0.0547481334242057,0.011382457714584297
531,0,71.9685,Forward,0.09086695441567488,441.2211783244493,19895.0,19898.095123142666,ok,0.0005201295540043372,14480.817155348484,ok,-61.856054244308325,69.01194568331601,-0.08804200194017499,-63.57151953101311,61.30133427788695,-0.09048368691257626,1.5934355051406113,0.05613791742235087,0.011382457714584297
532,0,72.10355,Forward,0.09120182743543728,441.3826688314257,19885.0,19897.29453379086,ok,0.0005273450097891988,14481.451825858212,ok,-62.65664359611401,69.0108061749829,-0.08918151027328929,-62.936849021285525,61.30223762781658,-0.08958033698294589,1.5934355051406113,0.053558979237797275,0.011382457714584297
533,0,72.2386,Forward,0.09143790755884781,442.5137810895685,19900.0,19896.38269320105,ok,0.0005252430868408234,14481.206713004529,ok,-63.56848418592563,69.00950831866216,-0.09047936659403434,-63.18196187496869,61.301888749657394,-0.08992921514213628,1.5934355051406113,0.05281703776287429,0.011382457714584297
534,0,72.37336666666667,Forward,0.09191987204270011,443.19412910379106,19880.0,19895.920832718693,ok,0.0005153020850700869,14481.29219991678,ok,-64.03034466828103,69.00885093561405,-0.09113674964215152,-63.096474962718275,61.30201042633054,-0.08980753846899311,1.5934355051406113,0.05196577078362341,0.011382457714584297
535,0,72.50815,Forward,0.0920487384136172,444.00726211736765,19890.0,19895.10929755031,ok,0.0005219859660465679,14480.718460432565,ok,-64.84187983666561,69.00769584769674,-0.09229183755945122,-63.67021444693273,61.301193801775355,-0.09062416302417176,1.5934355051406113,0.05211192142691501,0.011382457714584297
536,0,72.64293333333333,Forward,0.09221878461844073,444.29590655458014,19885.0,19894.450491582564,ok,0.0005307485539234784,14481.690014896445,ok,-65.50068580441075,69.00675814488011,-0.09322954037607976,-62.698659983052494,61.30257665105404,-0.08924131374548858,1.5934355051406113,0.048970737471374606,0.011382457714584297
537,0,72.77943333333333,Forward,0.09254345473178374,443.6200196058744,19905.0,19893.693786916218,ok,0.0005282061723169514,14481.315445757444,ok,-66.25739047075695,69.00568109923735,-0.09430658601884677,-63.07322912205382,61.30204351299237,-0.08977445180716373,1.5934355051406113,0.048743212945222644,0.011382457714584297
538,0,72.9142,Forward,0.09273491996995206,445.0604190043159,19895.0,19893.15184097728,ok,0.0005288644640284968,14481.250210692408,ok,-66.79933640969466,69.00490972760703,-0.09507795764916402,-63.138464187089994,61.301950661519825,-0.08986730327970995,1.5934355051406113,0.048119794147965106,0.011382457714584297
539,0,73.04955,Forward,0.09295648999753194,445.7112623503381,19885.0,19892.416797532092,ok,0.0005234420412897356,14481.303947419556,ok,-67.53437985488199,69.00386351317874,-0.09612417207745097,-63.08472745994186,61.30202714698424,-0.08979081781529366,1.5934355051406113,0.04695170506505009,0.011382457714584297
540,0,73.18405,Forward,0.09310314835735015,446.09941485983654,19880.0,19891.999848181447,ok,0.0005255610819372529,14481.55090519464,ok,-67.95132920552714,69.00327005379975,-0.09671763145643865,-62.83776968485836,61.30237865108806,-0.08943931371147276,1.5934355051406113,0.04579814656683155,0.011382457714584297
541,0,73.3196,Forward,0.0932432997992463,446.0644492034735,19880.0,19891.51154304472,ok,0.000527870775453556,14481.507403782238,ok,-68.43963434225589,69.00257503110035,-0.09741265415584119,-62.88127109725974,61.302316733924386,-0.08950123087514951,1.5934355051406113,0.04520178487440915,0.011382457714584297
542,0,73.45545,Forward,0.09350498657686859,446.31788488369784,19875.0,19890.853035487497,ok,0.0005300359081080988,14481.036976323625,ok,-69.09814189947792,69.00163775302242,-0.09834993223377318,-63.351698555872645,61.30164715718319,-0.09017080761634166,1.5934355051406113,0.04533143414930908,0.011382457714584297
543,0,73.59131666666667,Forward,0.09358738622061435,447.8947373913725,19900.0,19890.42286589434,ok,0.0005232151010740044,14480.952442846254,ok,-69.52831149263511,69.00102547678497,-0.0989622084712093,-63.43623203324387,61.30152683756906,-0.0902911272304789,1.5934355051406113,0.044910879457004046,0.011382457714584297
544,0,73.72745,Forward,0.09383357248910375,447.9638474744206,19885.0,19890.219405468983,ok,0.0005178254572585722,14481.246750479595,ok,-69.73177191799186,69.00073588406228,-0.099251801193908,-63.141924399902564,61.30194573647138,-0.08987222832814505,1.5934355051406113,0.04395379835026217,0.011382457714584297
545,0,73.86255,Forward,0.09404998320151978,447.5592938522641,19895.0,19889.483403295344,ok,0.0005309553875839077,14481.172327352566,ok,-70.46777409163042,68.99968830504045,-0.10029938021573707,-63.21634752693171,61.30183980729154,-0.08997815750798596,1.5934355051406113,0.04307501064462203,0.011382457714584297
546,0,73.99758333333334,Forward,0.09403987181497335,448.13442693721663,19890.0,19889.288778901086,ok,0.000529296762377693,14481.272390651948,ok,-70.66239848588884,68.9994112889665,-0.10057639628968884,-63.11628422754984,61.30198223107376,-0.08983573372577179,1.5934355051406113,0.04257105145931378,0.011382457714584297
547,0,74.13265,Forward,0.09417430340790586,448.2307608676383,19880.0,19888.74104185597,ok,0.0005202627276886364,14481.134755969633,ok,-71.2101355310042,68.9986316746413,-0.10135601061488142,-63.253918909864296,61.301786330557384,-0.09003163424214654,1.5934355051406113,0.04210359197238811,0.011382457714584297
548,0,74.26821666666666,Forward,0.09427852912319629,449.03037618612507,19875.0,19888.50369720048,ok,0.0005251209762464444,14481.179196339837,ok,-71.44748018649625,68.99829385324493,-0.10169383201126064,-63.20947853966027,61.301849584174306,-0.08996838062522051,1.5934355051406113,0.04166498001697039,0.011382457714584297
549,0,74.403,Forward,0.09440553947264972,448.90675612988707,19880.0,19888.186560579317,ok,0.0005279260615772347,14480.68128991648,ok,-71.76461680765715,68.99784246100279,-0.10214522425340511,-63.70738496301783,61.30114089560976,-0.09067706918977288,1.5934355051406113,0.04234283729567079,0.011382457714584297
550,0,74.53831666666666,Forward,0.09457901200317823,449.8428524779083,19890.0,19887.689749227142,ok,0.0005200510290870797,14480.908091615122,ok,-72.26142815983258,68.9971353310934,-0.10285235416278103,-63.48058326437604,61.30146371082705,-0.0903542539724784,1.5934355051406113,0.04112132215745816,0.011382457714584297
551,0,74.67336666666667,Forward,0.09462807280866553,449.6013717485439,19885.0,19887.628270650694,ok,0.0005292240970424237,14481.04401931792,ok,-72.32290673628086,68.99704782636954,-0.10293985888666078,-63.34465556157738,61.301657181736566,-0.09016078306296554,1.5934355051406113,0.040725534017148776,0.011382457714584297
552,0,74.80866666666667,Forward,0.09483020717717008,449.9163993511829,19880.0,19887.182723386126,ok,0.0005181115975656646,14479.325411369684,ok,-72.76845400084858,68.99641366252558,-0.10357402273061661,-65.06326350981362,61.29921102369817,-0.09260694110135897,1.5934355051406113,0.043989165242754175,0.011382457714584297
553,0,74.94425,Forward,0.0947928272282686,450.2446674004932,19880.0,19887.13417749978,ok,0.000516458596238426,14479.92958970016,ok,-72.81699988719265,68.9963445653762,-0.10364311987998878,-64.45908517933822,61.30007097298517,-0.09174699181436058,1.5934355051406113,0.04254979436685841,0.011382457714584297
554,0,75.07928333333334,Forward,0.09500182556653836,450.06506834075844,19880.0,19886.763327710898,ok,0.00052247470554752,14480.991715832448,ok,-73.18784967607644,68.99581672120264,-0.10417096405355122,-63.39695904704968,61.301582736257856,-0.09023522854167716,1.5934355051406113,0.03961305291923464,0.011382457714584297
555,0,75.21431666666666,Forward,0.09493573187524823,450.3302527661763,19870.0,19886.382698910522,ok,0.0005273076062464229,14480.902456251695,ok,-73.56847847645258,68.99527495820158,-0.10471272705461246,-63.48621862780237,61.30145568980657,-0.09036227499295532,1.5934355051406113,0.03927373024444214,0.011382457714584297
556,0,75.34961666666666,Forward,0.09520931911525854,450.4490246846981,19885.0,19886.28765219644,ok,0.0005291069331868491,14480.853261575447,ok,-73.66352519053544,68.99513967471013,-0.10484801054606567,-63.53541330405096,61.30138566921062,-0.09043229558891215,1.5934355051406113,0.039250020056677645,0.011382457714584297
557,0,75.48386666666667,Forward,0.09521222623608736,450.44285726629096,19875.0,19886.01284469938,ok,0.0005203978469675593,14479.216822650864,ok,-73.93833268759408,68.99474853107051,-0.10523915418567859,-65.17185222863372,61.29905646537223,-0.09276149942729553,1.5934355051406113,0.042570312511854586,0.011382457714584297
558,0,75.61943333333333,Forward,0.09523380504529419,451.0469601017612,19880.0,19885.885554391003,ok,0.0005321036934506328,14481.188481371511,ok,-74.06562299597135,68.99456735408285,-0.10542033117334827,-63.200193507986114,61.301862799902125,-0.08995516489740442,1.5934355051406113,0.037917422444954316,0.011382457714584297
559,0,75.75448333333334,Forward,0.09531274300534906,451.1089432735789,19875.0,19885.550081300604,ok,0.0005284782497217461,14480.526053426487,ok,-74.40109608637067,68.99408986286818,-0.10589782238801836,-63.86262145301043,61.30091994179173,-0.09089802300779583,1.5934355051406113,0.038942314819691695,0.011382457714584297
560,0,75.88926666666667,Forward,0.09551508543965881,450.9411004262911,19870.0,19885.37077267903,ok,0.0005243178437844229,14481.051966006704,ok,-74.58040470794367,68.99383464629801,-0.10615303895818735,-63.33670887279368,61.30166849255161,-0.09014947224791502,1.5934355051406113,0.03749433089132863,0.011382457714584297
561,0,76.0243,Forward,0.09553253138209394,451.58627691189395,19880.0,19885.28709603625,ok,0.0005239514929492766,14480.809167184356,ok,-74.66408135072561,68.99371554624813,-0.10627213900807185,-63.57950769514173,61.301322908038514,-0.09049505676101392,1.5934355051406113,0.03792589747464266,0.011382457714584297
562,0,76.16015,Forward,0.0955949538223245,451.2661565942253,19880.0,19884.99288790909,ok,0.0005238066463467369,14480.520276487528,ok,-74.95828947788323,68.99329678897661,-0.10669089627958678,-63.868398391969095,61.300911719261585,-0.0909062455379462,1.5934355051406113,0.03816234299960697,0.011382457714584297
563,0,76.29491666666667,Forward,0.09543234247491286,451.96281168982387,19880.0,19884.8224296685,ok,0.0005256525663935296,14481.2271037306,ok,-75.12874771847419,68.9930541694799,-0.10693351577629044,-63.161571148897565,61.301917772529386,-0.08990019227014343,1.5934355051406113,0.03631664250592363,0.011382457714584297
564,0,76.42996666666667,Forward,0.09564449340738188,451.18122387529,19875.0,19884.664221266445,ok,0.0005326090508569468,14480.867073061378,ok,-75.2869561205298,68.9928289856299,-0.1071586996262935,-63.52160181811996,61.30140532760762,-0.09041263719191303,1.5934355051406113,0.036908006588697265,0.011382457714584297
565,0,76.5658,Forward,0.09561117928585827,452.33329342307115,19875.0,19884.635842635205,ok,0.0005194396508298942,14481.105783934878,ok,-75.31533475176911,68.99278859327805,-0.10719909197813611,-63.282890944619794,61.301745093592444,-0.09007287120708582,1.5934355051406113,0.0363262190531919,0.011382457714584297
566,0,76.70245,Forward,0.09582341475282419,452.45634780509863,19870.0,19884.36937252774,ok,0.0005210468704866112,14480.34305667527,ok,-75.58180485923367,68.99240931655235,-0.10757836870383433,-64.04561820422714,61.3006594757707,-0.09115848902882641,1.5934355051406113,0.03767680430966855,0.011382457714584297
567,0,76.83726666666666,Forward,0.09586847643421094,452.0552755796489,19865.0,19884.359039010353,ok,0.0005240796125435209,14480.744483891027,ok,-75.59213837662173,68.99239460847618,-0.10759307678001287,-63.644190988470655,61.30123084192298,-0.09058712287655162,1.5934355051406113,0.03675166112001976,0.011382457714584297
568,0,76.97258333333333,Forward,0.09593319817744099,452.43426445316436,19890.0,19883.931136230072,ok,0.000525449518073476,14481.02474781995,ok,-76.02004115690215,68.99178555867707,-0.10820212657912968,-63.36392705954677,61.30162975190318,-0.09018821289634789,1.5934355051406113,0.03550697399509141,0.011382457714584297
569,0,77.1082,Forward,0.09596548839701961,452.79825630287087,19890.0,19884.04512361931,ok,0.0005309208143076823,14481.076236478106,ok,-75.90605376766325,68.9919478011296,-0.10803988412659804,-63.31243840139177,61.301703037608135,-0.09011492719139046,1.5934355051406113,0.035552440403324614,0.011382457714584297
570,0,77.2435,Forward,0.09584223530545877,452.49148503799734,19880.0,19883.880590667108,ok,0.0005282147653768199,14480.896830634565,ok,-76.0705867198667,68.99171361531425,-0.10827406994194128,-63.49184424493251,61.30144768265836,-0.09037028214116961,1.5934355051406113,0.03572514623137288,0.011382457714584297
571,0,77.37963333333333,Forward,0.09597842848575538,452.44657293153796,19870.0,19883.42196191844,ok,0.0005227879670265393,14481.03124864196,ok,-76.52921546853395,68.99106083211181,-0.10892685314438258,-63.357426237536856,61.30163900476276,-0.09017896003676928,1.5934355051406113,0.03476750359486189,0.011382457714584297
572,0,77.51495,Forward,0.09609940513632212,452.42784591512464,19880.0,19883.467616215697,ok,0.0005203570931643372,14480.61157962257,ok,-76.48356117127696,68.99112581355585,-0.10886187170033829,-63.77709525692808,61.30104167437901,-0.09077629042052672,1.5934355051406113,0.03578429248068454,0.011382457714584297
573,0,77.65053333333333,Forward,0.0962041545770111,452.6596940273266,19870.0,19883.415327178514,ok,0.0005202188877813423,14480.757485985743,ok,-76.53585020846003,68.99105138864192,-0.1089362966142673,-63.63118889375437,61.30124934828363,-0.09056861651590152,1.5934355051406113,0.035378952593634536,0.011382457714584297
574,0,77.78851666666667,Forward,0.09606184638810009,452.0364719455574,19865.0,19883.319824768245,ok,0.0005202721456401594,14480.438620387105,ok,-76.63135261872958,68.99091545654129,-0.10907222871489942,-63.950054492392155,61.30079549512411,-0.09102246967541672,1.5934355051406113,0.03596620623149417,0.011382457714584297
575,0,77.92493333333333,Forward,0.09623875741394006,453.0227748844518,19875.0,19883.193274088433,ok,0.0005206140216235641,14480.476125914854,ok,-76.75790329854135,68.99073533229422,-0.1092523529619701,-63.912548964643065,61.300848878124164,-0.09096908667536614,1.5934355051406113,0.03570101961677201,0.011382457714584297
576,0,78.05971666666667,Forward,0.09620047257387959,452.967045431782,19870.0,19883.283257386276,ok,0.0005314932081514236,14480.874242117854,ok,-76.66792000069836,68.9908634088387,-0.10912427641748206,-63.51443276164355,61.30141553158994,-0.09040243320958799,1.5934355051406113,0.03492617040977815,0.011382457714584297
577,0,78.19541666666667,Forward,0.09626321692473816,453.2975660374068,19885.0,19883.15481419495,ok,0.0005214097197014931,14480.545632678446,ok,-76.79636319202473,68.99068059091024,-0.10930709434594697,-63.8430422010515,61.300947809662716,-0.09087015513681675,1.5934355051406113,0.03548863720669233,0.011382457714584297
578,0,78.33045,Forward,0.09627659804692668,452.74153843462045,19870.0,19882.99027406063,ok,0.0005239489120514874,14480.722362430963,ok,-76.96090332634412,68.99044639487234,-0.10954129038386055,-63.66631244853488,61.3011993556335,-0.09061860916602947,1.5934355051406113,0.03485361888775125,0.011382457714584297
579,0,78.46661666666667,Forward,0.09628582693789726,453.08873466944715,19880.0,19882.92031024173,ok,0.0005260970113500817,14480.787361761444,ok,-77.03086714524397,68.99034681279011,-0.1096408724660767,-63.60131311805344,61.30129187157637,-0.09052609322316389,1.5934355051406113,0.03460661861738151,0.011382457714584297
580,0,78.60378333333334,Forward,0.09638613140823543,452.9791009422479,19865.0,19882.60714019623,ok,0.0005232625896116968,14481.013137011538,ok,-77.34403719074544,68.98990106632131,-0.11008661893488224,-63.37553786795979,61.30161322581161,-0.09020473898792154,1.5934355051406113,0.03364881490041351,0.011382457714584297
581,0,78.7399,Forward,0.09646239964916667,453.60218102683575,19875.0,19882.705153939176,ok,0.0005309905595288567,14479.140104666187,ok,-77.2460234477985,68.9900405728943,-0.10994711236188592,-65.24857021331081,61.298947269836916,-0.09287069496261223,1.5934355051406113,0.03803635037862371,0.011382457714584297
582,0,78.87521666666666,Forward,0.09639747016406969,454.39130198730345,19875.0,19882.541918246305,ok,0.0005292412925831954,14480.723223690447,ok,-77.40925914066975,68.98980823351599,-0.11017945174020632,-63.665451189050145,61.30120058149587,-0.09061738330365994,1.5934355051406113,0.03421350419878144,0.011382457714584297
583,0,79.00971666666666,Forward,0.09639457060586028,453.9714117807598,19875.0,19882.382711346585,ok,0.0005149063718407727,14481.135556978765,ok,-77.56846604038947,68.98958162846745,-0.11040605678873806,-63.25311790073283,61.3017874706632,-0.09003049413632556,1.5934355051406113,0.03305172911343669,0.011382457714584297
584,0,79.14503333333333,Forward,0.09653356503153188,454.5474809265579,19880.0,19882.316536292998,ok,0.0005186172814016569,14480.616343358315,ok,-77.63464109397682,68.98948743907455,-0.11050024618163594,-63.77233152118242,61.301048454779675,-0.09076951001985478,1.5934355051406113,0.034135113868217146,0.011382457714584297
585,0,79.28035,Forward,0.09657093430021244,453.9086373910177,19880.0,19882.148577264536,ok,0.0005283723237307248,14480.827268485427,ok,-77.80260012243889,68.9892483767986,-0.1107393084575988,-63.56140639407022,61.30134867228752,-0.09046929251200828,1.5934355051406113,0.03341767435598683,0.011382457714584297
586,0,79.41595,Forward,0.09653047721768312,454.3539040689102,19870.0,19882.16994769234,ok,0.0005261610803911023,14481.41567157899,ok,-77.78122969463584,68.98927879411617,-0.11070889114002036,-62.973003300507116,61.30218616809837,-0.089631796701162,1.5934355051406113,0.032113596113156284,0.011382457714584297
587,0,79.55125,Forward,0.09668393984641446,453.92031784985375,19880.0,19882.007515791953,ok,0.0005327680181738738,14480.751380973412,ok,-77.9436615950217,68.98904759880531,-0.11094008645086956,-63.63729390608569,61.301240658794555,-0.09057730600497554,1.5934355051406113,0.03338900889744437,0.011382457714584297
588,0,79.68633333333334,Forward,0.09660899822045033,454.6537579903634,19885.0,19882.06594423874,ok,0.000520180604047536,14480.468109723583,ok,-77.88523314823397,68.98913076216724,-0.11085692308895952,-63.92056515591503,61.30083746838366,-0.09098049641586997,1.5934355051406113,0.03411463017540582,0.011382457714584297
589,0,79.82243333333334,Forward,0.09669435067980832,454.0371498232598,19875.0,19881.776792294007,ok,0.0005356975525495143,14481.069292263757,ok,-78.17438509296699,68.98871920154653,-0.11126848370966516,-63.319382615740324,61.301693153651904,-0.09012481114762752,1.5934355051406113,0.03233959026705688,0.011382457714584297
590,0,79.95898333333334,Forward,0.09673342878749593,454.1703111098468,19880.0,19881.651407728234,ok,0.0005284616696054938,14480.750832489633,ok,-78.29976965874084,68.98854073707255,-0.11144694818364421,-63.63784238986409,61.30123987811738,-0.09057808668215375,1.5934355051406113,0.032883391123403535,0.011382457714584297
591,0,80.09455,Forward,0.0967015730641494,454.8616673544457,19865.0,19881.692483091378,ok,0.0005180914063916235,14480.502937883937,ok,-78.2586942955968,68.98859920115089,-0.11138848410529648,-63.885736995560364,61.300887040588016,-0.09093092421151619,1.5934355051406113,0.03350407904858346,0.011382457714584297
592,0,80.2296,Forward,0.09687032376913063,454.8629499865674,19865.0,19881.370173687996,ok,0.0005280527529858717,14481.169152299506,ok,-78.58100369897875,68.98814044629715,-0.11184723895903824,-63.21952257999146,61.301835288121495,-0.08998267667803425,1.5934355051406113,0.031534352907329574,0.011382457714584297
593,0,80.3657,Forward,0.09684429137598091,454.0472689786766,19880.0,19881.054763008866,ok,0.0005288335623185599,14480.791555993452,ok,-78.8964143781086,68.98769151065191,-0.11229617460427394,-63.59711888604579,61.30129784138138,-0.09052012341815342,1.5934355051406113,0.03194180397992183,0.011382457714584297
594,0,80.50135,Forward,0.09698600601739671,454.74630882743804,19875.0,19881.275567094883,ok,0.0005330512417849485,14480.800518940812,ok,-78.67561029209173,68.9880057892461,-0.11198189601009276,-63.588155938685304,61.30131059867472,-0.09050736612481258,1.5934355051406113,0.03223575464994424,0.011382457714584297
595,0,80.63691666666666,Forward,0.09686360720224632,455.106341295781,19870.0,19881.167136505344,ok,0.0005270289224326766,14480.807340949752,ok,-78.78404088163006,68.9878514559914,-0.11213622926479411,-63.5813339297456,61.301320308691494,-0.09049765610803827,1.5934355051406113,0.032065949109759184,0.011382457714584297
596,0,80.7717,Forward,0.09701436578170253,455.06913769483435,19865.0,19880.876296564853,ok,0.0005267406289401602,14480.843481777883,ok,-79.07488082212149,68.98743749278411,-0.11255019247208004,-63.54519310161413,61.30137174926428,-0.09044621553525452,1.5934355051406113,0.03157001866739484,0.011382457714584297
597,0,80.90806666666667,Forward,0.09705402156512719,454.63196050863917,19865.0,19880.737555604963,ok,0.0005343859599656439,14480.689971756588,ok,-79.21362178201161,68.98724001766209,-0.1127476675941042,-63.69870312290914,61.30115325279279,-0.09066471200674477,1.5934355051406113,0.03172070358079118,0.011382457714584297
598,0,81.04358333333333,Forward,0.09702515745204718,455.08088574992144,19885.0,19880.610533361894,ok,0.0005266225525563117,14479.11468960644,ok,-79.34064402508011,68.98705922222166,-0.11292846303453939,-65.2739852730574,61.298911095645614,-0.09290686915391583,1.5934355051406113,0.035112640946763155,0.011382457714584297
599,0,81.17891666666667,Forward,0.09704662424680431,456.3633698368103,19875.0,19880.457602527196,ok,0.000534438776452907,14481.027472972668,ok,-79.49357485977816,68.98684155012779,-0.11314613512839813,-63.36120190682959,61.30163363071349,-0.09018433408603993,1.5934355051406113,0.03055678481176055,0.011382457714584297
600,0,81.31423333333333,Forward,0.09712418206291698,455.42745273583205,19865.0,19880.46640989272,ok,0.0005298811333354479,14480.830323907185,ok,-79.4847674942539,68.98685408597578,-0.11313359928041933,-63.55835097231284,61.301353021181924,-0.0904649436176021,1.5934355051406113,0.03101645385041138,0.011382457714584297
601,0,81.44956666666667,Forward,0.09717406812067499,455.3303464364908,19860.0,19880.533001915333,ok,0.0005301131037015706,14480.8743484267,ok,-79.418175471641,68.98694886885605,-0.11303881640013848,-63.51432645279783,61.30141568290324,-0.09040228189628947,1.5934355051406113,0.03101138931913948,0.011382457714584297
602,0,81.58513333333333,Forward,0.09721330351257897,455.97481860917105,19865.0,19880.214062457635,ok,0.0005290494854276815,14480.940072513262,ok,-79.73711492933944,68.98649491057022,-0.11349277468597704,-63.44860236623572,61.30150923041815,-0.09030873438138069,1.5934355051406113,0.030408369101627586,0.011382457714584297
603,0,81.72071666666666,Forward,0.0972342556010615,455.233292161538,19875.0,19880.103884379358,ok,0.0005257959712628036,14480.658372805834,ok,-79.84729300761683,68.98633809005038,-0.11364959520581087,-63.73030207366355,61.30110827684148,-0.09070968795805003,1.5934355051406113,0.0308904422467718,0.011382457714584297
604,0,81.85616666666667,Forward,0.0972014524544332,455.80956010800946,19855.0,19879.90995128812,ok,0.0005244664991880773,14480.216419793065,ok,-80.04122609885599,68.9860620579335,-0.11392562732269479,-64.17225508643241,61.30047922882859,-0.09133873597094107,1.5934355051406113,0.03161675756806662,0.011382457714584297
605,0,81.99146666666667,Forward,0.09738663608837161,456.40970336002647,19865.0,19879.952182381527,ok,0.0005310807258996718,14481.18112376696,ok,-79.9989950054478,68.98612216700533,-0.11386551825086336,-63.20755111253675,61.30185232755238,-0.08996563724715313,1.5934355051406113,0.02948892238135109,0.011382457714584297
606,0,82.12785,Forward,0.0973042302934519,456.3180383375038,19865.0,19879.857101851714,ok,0.0005289212072635094,14480.68732235539,ok,-80.09407553526034,68.9859868353827,-0.11400084987349106,-63.70135252410728,61.30114948180241,-0.09066848299712359,1.5934355051406113,0.030473530131363488,0.011382457714584297
607,0,82.26315,Forward,0.09735646557358654,456.2741441939106,19870.0,19879.877974674746,ok,0.0005310117970807233,14480.860662593725,ok,-80.07320271222852,68.98601654444107,-0.11397114081512458,-63.528012285773,61.30139620335272,-0.09042176144680515,1.5934355051406113,0.03011010431156924,0.011382457714584297
608,0,82.39818333333334,Forward,0.09741686037934795,456.80276861519087,19875.0,19879.660506261487,ok,0.0005343237411214262,14481.168984467615,ok,-80.29067112548728,68.98570701363288,-0.11428067162332055,-63.219690411882766,61.30183504924018,-0.08998291555935121,1.5934355051406113,0.029101300885019235,0.011382457714584297
609,0,82.5335,Forward,0.09745750465193015,456.2465080237562,19875.0,19879.650863866438,ok,0.000529395005232558,14480.954978064696,ok,-80.30031352053629,68.98569328925659,-0.11429439599960003,-63.433696814801806,61.30153044603891,-0.09028751876062543,1.5934355051406113,0.02957294206462957,0.011382457714584297
610,0,82.66963333333334,Forward,0.09747331724028588,456.1056246019398,19865.0,19879.52958874925,ok,0.0005253831556664913,14480.5936172256,ok,-80.4215886377242,68.98552067391225,-0.11446701134393772,-63.79505765389695,61.30101610783733,-0.09080185696220325,1.5934355051406113,0.03021989147233614,0.011382457714584297
611,0,82.8052,Forward,0.09746328758361272,455.88837824327857,19870.0,19879.483598229646,ok,0.0005258602699054693,14480.457640193392,ok,-80.46757915732815,68.98545521391056,-0.11453247134564117,-63.931034686105704,61.300822566715446,-0.09099539808408372,1.5934355051406113,0.030462826765941795,0.011382457714584297
612,0,82.9406,Forward,0.09755844068623534,455.99748458877366,19880.0,19879.335981026717,ok,0.0005233654745962746,14478.86276025773,ok,-80.61519636025696,68.98524510490464,-0.11474258035154915,-65.52591462176679,61.29855251531781,-0.09326544948172423,1.5934355051406113,0.03386989825552826,0.011382457714584297
613,0,83.07561666666666,Forward,0.09765900070004052,456.02733830186116,19875.0,19879.469292452795,ok,0.0005225354527683358,14480.996250618635,ok,-80.4818849341791,68.98543485197106,-0.1145528332851256,-63.392424260862754,61.30158919078618,-0.09022877401335096,1.5934355051406113,0.029220898813056354,0.011382457714584297
614,0,83.21175,Forward,0.09754322351593585,456.01652838434165,19865.0,19879.456441582217,ok,0.0005213655852556428,14481.202464109454,ok,-80.49473580475751,68.98541656085331,-0.11457112440288632,-63.186210770043544,61.301882702048424,-0.0899352627511051,1.5934355051406113,0.02873491642887442,0.011382457714584297
615,0,83.34651666666667,Forward,0.09756877816952791,456.11644399711076,19875.0,19879.318099065287,ok,0.000521932294646302,14480.710603453546,ok,-80.63307832168721,68.98521965284984,-0.11476803240635881,-63.6780714259512,61.30118261864752,-0.09063534615200684,1.5934355051406113,0.02965354617295836,0.011382457714584297
616,0,83.48158333333333,Forward,0.09746449364604243,456.98751731358425,19880.0,19879.249259930908,ok,0.0005404428818347772,14480.805526514156,ok,-80.70191745606644,68.98512167157256,-0.11486601368364234,-63.58314836534191,61.301317726138436,-0.09050023866110025,1.5934355051406113,0.029340279822653817,0.011382457714584297
617,0,83.61633333333333,Forward,0.09762935279879065,455.9347547422876,19870.0,19879.23713576202,ok,0.0005254148645741194,14480.673036108863,ok,-80.7140416249531,68.9851044147961,-0.11488327046009993,-63.71563877063454,61.30112914766116,-0.09068881713837842,1.5934355051406113,0.029623510687396618,0.011382457714584297
618,0,83.75173333333333,Forward,0.09764592795492291,456.4146108696914,19870.0,19879.13894381114,ok,0.0005277474490470547,14480.968335340716,ok,-80.8122335758344,68.98496465457318,-0.11502303068301774,-63.42033953878126,61.3015494579422,-0.09026850685733345,1.5934355051406113,0.02881401313948613,0.011382457714584297
619,0,83.8873,Forward,0.09771803738966316,456.6805054911092,19860.0,19879.038818543824,ok,0.0005214572044077898,14480.15406577373,ok,-80.91235884315029,68.9848221425897,-0.11516554266647645,-64.23460910576796,61.30039047805458,-0.09142748674494995,1.5934355051406113,0.030518260858699423,0.011382457714584297
620,0,84.02268333333333,Forward,0.09772076172283345,456.6774112217681,19860.0,19879.10106243475,ok,0.0005287511766992074,14481.358552777483,ok,-80.85011495222352,68.9849107366139,-0.11507694864229097,-63.0301221020145,61.30210486880286,-0.08971309599667271,1.5934355051406113,0.027875083794895353,0.011382457714584297
621,0,84.15803333333334,Forward,0.0976542350137364,456.40437533281147,19875.0,19878.98591315222,ok,0.0005308465487151436,14481.053973678243,ok,-80.9652642347537,68.98474684039581,-0.11524084486036998,-63.334701201254575,61.30167135014452,-0.09014661465501322,1.5934355051406113,0.028401971599157055,0.011382457714584297
622,0,84.29333333333334,Forward,0.09767107350733967,456.325468039955,19880.0,19878.74128219631,ok,0.0005255314559378018,14480.867856259385,ok,-81.20989519066279,68.98439864813949,-0.1155890371166964,-63.52081862011255,61.30140644236221,-0.09041152243732141,1.5934355051406113,0.028475892808748557,0.011382457714584297
623,0,84.42945,Forward,0.09761786239112566,457.2547902229453,19865.0,19878.85906796492,ok,0.0005277995309363296,14481.045854579132,ok,-81.09210942205391,68.98456629696538,-0.1154213882908041,-63.34282030036593,61.30165979393149,-0.09015817086803793,1.5934355051406113,0.02823984224886146,0.011382457714584297
624,0,84.56448333333333,Forward,0.0977703656754027,456.43482271417815,19870.0,19878.720948951206,ok,0.0005306630641846206,14480.315372641953,ok,-81.23022843576837,68.98436970708228,-0.11561797817391231,-64.07330223754434,61.30062007206568,-0.09119789273384449,1.5934355051406113,0.029699982102200456,0.011382457714584297
625,0,84.6998,Forward,0.09786385819729834,456.6424302886444,19865.0,19878.64673418458,ok,0.0005295909860049901,14480.642672480171,ok,-81.30444320239621,68.98426407446948,-0.11572361078671414,-63.746002399326244,61.30108592998927,-0.09073203481025946,1.5934355051406113,0.028852034933607162,0.011382457714584297
626,0,84.8351,Forward,0.09776749879111901,457.127493097134,19875.0,19878.593798986505,ok,0.0005255662058321912,14480.423119055404,ok,-81.35737840046932,68.98418872985094,-0.1157989554052546,-63.965555824093826,61.300773431507345,-0.09104453329218677,1.5934355051406113,0.02927463649147223,0.011382457714584297
627,0,84.97146666666667,Forward,0.09779221516184008,457.1728843394085,19855.0,19878.448116292984,ok,0.0005294414232625036,14480.809929955398,ok,-81.50306109399025,68.98398137430357,-0.11600631095261885,-63.57874492409974,61.301323993718654,-0.0904939710808751,1.5934355051406113,0.02818999556881524,0.011382457714584297
628,0,85.1068,Forward,0.09774165854573938,457.72622774415504,19865.0,19878.72550031898,ok,0.0005306018104060366,14480.356274022346,ok,-81.225677067996,68.98437618521179,-0.11561150004440436,-64.03240085715152,61.30067828850797,-0.09113967629155934,1.5934355051406113,0.029613696085588267,0.011382457714584297
629,0,85.24263333333333,Forward,0.09775239247712894,457.27287372601495,19875.0,19878.35202060491,ok,0.0005250186811984189,14480.745339379033,ok,-81.5991567820638,68.98384459776878,-0.11614308748741685,-63.64333550046467,61.301232059570594,-0.09058590522894053,1.5934355051406113,0.02819971016967955,0.011382457714584297
630,0,85.3782,Forward,0.09790667502776298,456.6840742813838,19875.0,19878.53476404203,ok,0.0005292848914799449,14481.174423592234,ok,-81.41641334494489,68.98410470323851,-0.11588298201767848,-63.21425128726332,61.30184279094673,-0.08997517385280125,1.5934355051406113,0.027486654580574213,0.011382457714584297
631,0,85.5143,Forward,0.09785475460102935,457.7624286256578,19870.0,19878.459863631884,ok,0.0005314637646943666,14480.573117815195,ok,-81.49131375509023,68.98399809472403,-0.1159895905321707,-63.81555706430299,61.300986930270916,-0.09083103452861596,1.5934355051406113,0.028743804854378774,0.011382457714584297
632,0,85.65068333333333,Forward,0.09784480003958376,457.31872912566905,19880.0,19878.30878837842,ok,0.0005192300857516154,14480.771006791087,ok,-81.64238900855344,68.98378306374732,-0.11620462150886356,-63.61766808841094,61.30126859294423,-0.0905493718552968,1.5934355051406113,0.02807996257354635,0.011382457714584297
633,0,85.78575,Forward,0.09783454370770338,456.9878472042692,19870.0,19878.375858826268,ok,0.0005321327796890719,14481.185095595467,ok,-81.57531856070636,68.98387852758788,-0.11610915766831276,-63.20357928403064,61.30185798080228,-0.08995998399724392,1.5934355051406113,0.027236274874776922,0.011382457714584297
634,0,85.92078333333333,Forward,0.09791404403802012,457.23897001318255,19870.0,19878.18645484034,ok,0.0005309421248791309,14480.580668821694,ok,-81.76472254663531,68.98360894191352,-0.11637874334267168,-63.80800605780314,61.30099767789679,-0.09082028690274438,1.5934355051406113,0.028337526395218054,0.011382457714584297
635,0,86.05583333333334,Forward,0.0979742781509062,457.28647003043807,19880.0,19878.19957397219,ok,0.0005239446478259936,14481.037459853853,ok,-81.75160341478477,68.98362761485744,-0.11636007039875454,-63.351215025644706,61.30164784540958,-0.09017011938994594,1.5934355051406113,0.027320199339953194,0.011382457714584297
636,0,86.1914,Forward,0.09795404529797422,457.9505515930796,19870.0,19878.003858040553,ok,0.0005139857506286811,14481.05091269907,ok,-81.94731934642186,68.9833490451581,-0.11663864009809002,-63.3377621804284,61.301666993340035,-0.09015097145949508,1.5934355051406113,0.027011118648387344,0.011382457714584297
637,0,86.3267,Forward,0.09805271288257499,457.0954613362119,19865.0,19878.165711080197,ok,0.0005322396549477795,14480.732674502511,ok,-81.78546630677738,68.98357941655513,-0.11640826870107009,-63.65600037698641,61.301214033185026,-0.0906039316145049,1.5934355051406113,0.027963252838813943,0.011382457714584297
638,0,86.4628,Forward,0.0980625527077586,457.14249736622514,19865.0,19878.026590739104,ok,0.0005270098464441322,14480.502942442152,ok,-81.92458664787046,68.98338140144585,-0.11660628381034391,-63.88573243734572,61.30088704707589,-0.09093091772364127,1.5934355051406113,0.028286269005525777,0.011382457714584297
639,0,86.59826666666666,Forward,0.09802048508931413,457.6097146558459,19865.0,19877.936880073143,ok,0.0005324354207618465,14481.313698970987,ok,-82.01429731383178,68.98325371294837,-0.11673397230782591,-63.07497590851017,61.30204102672682,-0.08977693807271135,1.5934355051406113,0.02631978836004227,0.011382457714584297
640,0,86.73403333333333,Forward,0.09806414076162598,457.7309803192147,19880.0,19877.940061978148,ok,0.0005337863525109899,14480.921560474964,ok,-82.0111154088263,68.98325824187104,-0.1167294433851507,-63.46711440453328,61.301482881551706,-0.09033508324781943,1.5934355051406113,0.027213685621757605,0.011382457714584297
641,0,86.87028333333333,Forward,0.0980286444103482,457.33582425665736,19875.0,19877.703040949276,ok,0.0005288557208422049,14480.989005606649,ok,-82.24813643769812,68.98292088110436,-0.1170668041518329,-63.39966927284877,61.301578878693576,-0.09023908610595244,1.5934355051406113,0.026723359600832525,0.011382457714584297
642,0,87.00503333333333,Forward,0.09803751442640952,457.8859011421555,19865.0,19877.765832193916,ok,0.0005298966010019778,14480.57634308798,ok,-82.18534519305831,68.98301025419725,-0.11697743105893289,-63.81233179151786,61.30099152092055,-0.0908264438789815,1.5934355051406113,0.027748649423497376,0.011382457714584297
643,0,87.14033333333333,Forward,0.0981510514055492,456.8210730623723,19865.0,19877.61684140631,ok,0.0005190936930912232,14480.371943961918,ok,-82.33433598066404,68.98279819011765,-0.11718949513854009,-64.01673091757948,61.30070059211054,-0.09111737268899274,1.5934355051406113,0.0280001616392304,0.011382457714584297
644,0,87.2762,Forward,0.09821886121593318,457.53551209752186,19865.0,19877.71879500829,ok,0.0005140492145387784,14480.720268563093,ok,-82.23238237868281,68.98294330443723,-0.11704438081896215,-63.6684063164048,61.30119637535418,-0.090621589445346,1.5934355051406113,0.02735527733552784,0.011382457714584297
645,0,87.41125,Forward,0.0981417554471751,457.6871884376269,19870.0,19877.831515017053,ok,0.0005246219793377622,14480.64457110984,ok,-82.11966236992157,68.98310374298042,-0.11688394227577836,-63.74410376965716,61.301088632378864,-0.09072933242067041,1.5934355051406113,0.02768739736102302,0.011382457714584297
646,0,87.54683333333334,Forward,0.09812069867304214,457.9801923588311,19875.0,19877.528777323874,ok,0.0005242443708709469,14480.821966769463,ok,-82.42240006310021,68.9826728452632,-0.11731483999299981,-63.5667081100346,61.30134112615978,-0.09047683863975478,1.5934355051406113,0.02685416708846343,0.011382457714584297
647,0,87.68211666666667,Forward,0.09818319854061228,457.8792235511828,19870.0,19877.65496743419,ok,0.0005285609837225757,14479.47911610803,ok,-82.2962099527831,68.98285245629842,-0.11713522895778102,-64.90955877146735,61.299429797317615,-0.09238816748191263,1.5934355051406113,0.030079357362775824,0.011382457714584297
648,0,87.81823333333334,Forward,0.098151626717511,458.34090223738167,19865.0,19877.516680033572,ok,0.0005245228395688735,14480.296723402706,ok,-82.43449735340255,68.98265562674402,-0.11733205851217761,-64.09195147679202,61.30059352791608,-0.09122443688345258,1.5934355051406113,0.028028198154374476,0.011382457714584297
649,0,87.95408333333333,Forward,0.0981535956144183,457.15117256455414,19875.0,19877.550202728347,ok,0.0005268419523094579,14480.607025492864,ok,-82.40097465862709,68.9827033408311,-0.11728434442510048,-63.781649386633944,61.30103519231834,-0.09078277248119641,1.5934355051406113,0.02737214850153992,0.011382457714584297
650,0,88.08993333333333,Forward,0.09808832794140335,457.47042018362845,19875.0,19877.395821652957,ok,0.0005187079473038276,14481.300697365818,ok,-82.55535573401721,68.9824836045562,-0.11750408069999024,-63.087977513680016,61.30202252106296,-0.08979544373657197,1.5934355051406113,0.025579167549719645,0.011382457714584297
651,0,88.22635,Forward,0.09818982436824195,457.05663324353736,19865.0,19877.259516162983,ok,0.000533080184063937,14480.882122731991,ok,-82.6916612239911,68.98228959592828,-0.11769808932791435,-63.50655214750623,61.30142674835851,-0.09039121644101708,1.5934355051406113,0.026334484302052028,0.011382457714584297
652,0,88.36165,Forward,0.09827056001894821,458.12265698193005,19870.0,19877.580566786157,ok,0.000533303480582848,14480.501770691553,ok,-82.3706106008176,68.98274655911375,-0.11724112614244028,-63.88690418794431,61.300885379280075,-0.09093258551945746,1.5934355051406113,0.02765408419849824,0.011382457714584297
653,0,88.49723333333333,Forward,0.09825790630261835,458.218573639213,19870.0,19877.55788406073,ok,0.0005267622945193014,14480.605923482208,ok,-82.39329332624402,68.9827142739546,-0.11727341130159567,-63.78275139728976,61.30103362378595,-0.09078434101358152,1.5934355051406113,0.02738558098023809,0.011382457714584297
654,0,88.632,Forward,0.09811888374424615,458.244844546658,19875.0,19877.75172394687,ok,0.0005328596702077948,14480.765358397763,ok,-82.19945344010557,68.98299017340922,-0.11699751184696702,-63.623316481734946,61.30126055337782,-0.09055741142170734,1.5934355051406113,0.027299882766007366,0.011382457714584297
655,0,88.76705,Forward,0.0982967462681705,456.3208158348425,19860.0,19877.44805024634,ok,0.0005338776736737001,14480.440173486288,ok,-82.5031271406333,68.98255794343825,-0.11742974181794844,-63.94850139320988,61.300797705707424,-0.09102025909210536,1.5934355051406113,0.02760517070650978,0.011382457714584297
656,0,88.90235,Forward,0.09814363998982183,458.27914448787124,19855.0,19877.569966510393,ok,0.000525658257794297,14479.26697920368,ok,-82.38121087658146,68.98273147135055,-0.11725621390564746,-65.12169567581805,61.29912785504256,-0.09269010975696723,1.5934355051406113,0.030439497956484332,0.011382457714584297
657,0,89.03818333333334,Forward,0.09817688563736776,457.83503299552103,19865.0,19877.614555472603,ok,0.0005340679259188768,14480.538313970634,ok,-82.33662191437179,68.98279493646395,-0.1171927487922429,-63.85036090886388,61.300937392676126,-0.09088057212340422,1.5934355051406113,0.027619581556681483,0.011382457714584297
658,0,89.1735,Forward,0.09809778100010398,457.9656730689494,19865.0,19877.6144607689,ok,0.0005300106714974463,14480.55099123358,ok,-82.33671661807603,68.98279480166867,-0.11719288358751578,-63.83768364591742,61.300955436691744,-0.090862528107785,1.5934355051406113,0.027590694786265607,0.011382457714584297
659,0,89.30856666666666,Forward,0.09814524943822991,458.2946828417771,19855.0,19877.65378229677,ok,0.0005289226707845587,14480.692437850246,ok,-82.2973950902051,68.98285076944863,-0.11713691580755638,-63.69623702925128,61.30115676287478,-0.09066120192474451,1.5934355051406113,0.02732586227805385,0.011382457714584297
660,0,89.4435,Forward,0.09809784009448509,457.89223509730436,19875.0,19877.57295812046,ok,0.0005140517423153138,14480.888559103918,ok,-82.37821926651304,68.98273572941942,-0.1172519558367702,-63.500115775579616,61.301435909483914,-0.09038205531561758,1.5934355051406113,0.026766020130717577,0.011382457714584297
661,0,89.5788,Forward,0.0980885392514626,458.3283984990667,19865.0,19877.574790491453,ok,0.0005279112478919256,14480.980976863962,ok,-82.37638689552114,68.98273833750059,-0.11724934775559859,-63.40769801553506,61.30156745108818,-0.09025051371134692,1.5934355051406113,0.02655902514924116,0.011382457714584297
662,0,89.71411666666667,Forward,0.09818760552859006,457.3721590283785,19870.0,19877.58857183873,ok,0.0005246188507668662,14480.505120239135,ok,-82.36260554824548,68.98275795300013,-0.1172297322560585,-63.88355464036249,61.30089014681461,-0.09092781798492426,1.5934355051406113,0.027657881326082864,0.011382457714584297
663,0,89.84995,Forward,0.09814556156738297,457.9539270970163,19860.0,19877.563906512587,ok,0.0005276746104788955,14480.51959070542,ok,-82.38727087438747,68.9827228459323,-0.11726483932388844,-63.869084174077216,61.30091074316263,-0.09090722163689774,1.5934355051406113,0.027589955306031214,0.011382457714584297
664,0,89.98498333333333,Forward,0.0981133790913835,457.70922404002704,19870.0,19877.60529296917,ok,0.0005348498850639575,14480.8434121292,ok,-82.34588441780579,68.9827817528014,-0.11720593245478442,-63.54526275029821,61.30137165013073,-0.09044631466879371,1.5934355051406113,0.026914436647591578,0.011382457714584297
665,0,90.12108333333333,Forward,0.09821124133130452,458.0234250075846,19865.0,19877.637687107475,ok,0.0005192759801071631,14480.623354667137,ok,-82.31349027949909,68.98282786057247,-0.1171598246837264,-63.765320212360166,61.30105843423395,-0.09075953056558027,1.5934355051406113,0.02745963374936375,0.011382457714584297
666,0,90.2572,Forward,0.09806509962382623,457.92273853469305,19865.0,19877.57100681559,ok,0.000519698945202303,14480.71324929289,ok,-82.38017057138495,68.98273295205527,-0.11725473320091696,-63.67542558660716,61.30118638456818,-0.09063158023134625,1.5934355051406113,0.027160844626710076,0.011382457714584297
667,0,90.39278333333333,Forward,0.09814292795641805,457.37791721139365,19880.0,19877.682749923148,ok,0.0005253738153663407,14480.808169192567,ok,-82.26842746382681,68.98289200013897,-0.11709568511722288,-63.58050568693034,61.30132148756002,-0.09049647723951135,1.5934355051406113,0.027104614806363725,0.011382457714584297
668,0,90.52915,Forward,0.09814567004530343,457.4332370105876,19865.0,19877.557788983413,ok,0.0005288785778739261,14481.08850850665,ok,-82.3933884035614,68.98271413862754,-0.11727354662864592,-63.30016637284825,61.3017205048387,-0.09009745996083335,1.5934355051406113,0.02629094499593057,0.011382457714584297
669,0,90.66498333333334,Forward,0.0982385479685864,457.2923223835278,19880.0,19877.725305794695,ok,0.0005367549555842229,14481.660046426037,ok,-82.22587159227987,68.9829525714795,-0.11703511377669566,-62.72862845346026,61.30253399582551,-0.08928396897401905,1.5934355051406113,0.02523313242637905,0.011382457714584297
670,0,90.80083333333333,Forward,0.09810660367611634,457.2877527273122,19875.0,19877.54778385058,ok,0.0005300904989383997,14480.964160341928,ok,-82.40339353639501,68.98269989795321,-0.11728778730298428,-63.42451453756985,61.301543515512535,-0.09027444928699431,1.5934355051406113,0.026558725397928,0.011382457714584297
671,0,90.93615,Forward,0.09818343072520613,457.36658529748456,19865.0,19877.6780809259,ok,0.0005293996420481774,14480.77248123774,ok,-82.2730964610746,68.98288535458309,-0.11710233067309886,-63.61619364175749,61.3012706915785,-0.09054727322102875,1.5934355051406113,0.027178909370956017,0.011382457714584297
672,0,91.07171666666666,Forward,0.09807395360737797,458.05264111986617,19860.0,19877.744045328458,ok,0.0005288923040529497,14480.597265996046,ok,-82.20713205851644,68.98297924414862,-0.11700844110757516,-63.79140888345137,61.30102130126679,-0.09079666353273909,1.5934355051406113,0.027670186313797057,0.011382457714584297
673,0,91.20701666666666,Forward,0.09812286257105565,458.04064794852457,19860.0,19877.680872952435,ok,0.0005183567055847897,14480.400493515548,ok,-82.27030443453987,68.98288932857737,-0.11709835667882149,-63.98818136394948,61.30074122774252,-0.09107673705701148,1.5934355051406113,0.028026549840176246,0.011382457714584297
674,0,91.3424,Forward,0.09824540629622336,457.59889022440984,19855.0,19877.83575016581,ok,0.0005197924407018419,14480.60947970803,ok,-82.11542722116428,68.98310977102375,-0.11687791423245,-63.77919517146802,61.30103868549324,-0.09077927930629155,1.5934355051406113,0.027773012545271314,0.011382457714584297
675,0,91.47776666666667,Forward,0.09821502091536477,457.38421221291355,19865.0,19877.702564831405,ok,0.0005174604866444185,14480.661993085545,ok,-82.24861255556971,68.98292020342825,-0.11706748182794861,-63.726681793952594,61.30111342971903,-0.09070453508049858,1.5934355051406113,0.027464344846589953,0.011382457714584297
676,0,91.61253333333333,Forward,0.09818078737538967,457.64198719840715,19860.0,19877.723342647627,ok,0.0005350355223862679,14480.975435323575,ok,-82.2278347393476,68.98294977725992,-0.11703790799627622,-63.4132395559227,61.301559563609494,-0.09025840119003467,1.5934355051406113,0.026783033097150633,0.011382457714584297
677,0,91.74786666666667,Forward,0.0981528374587786,457.39006481978504,19860.0,19877.681387964472,ok,0.0005367712085950541,14481.359167588687,ok,-82.26978942250207,68.98289006161299,-0.1170976236432054,-63.029507290810216,61.3021057438863,-0.08971222091322449,1.5934355051406113,0.02585301440494457,0.011382457714584297
678,0,91.88371666666667,Forward,0.09817053944154848,457.44270009437605,19865.0,19877.75436992943,ok,0.0005340468885836857,14480.699403638508,ok,-82.19680745754522,68.98299393953373,-0.11699374572246138,-63.68927124098991,61.301166677537964,-0.09065128726156214,1.5934355051406113,0.02745323398681257,0.011382457714584297
679,0,92.01955,Forward,0.098224027177921,456.8207347173193,19885.0,19877.716586202198,ok,0.0005183428964074974,14480.789126302427,ok,-82.23459118477695,68.9829401605621,-0.11704752469408966,-63.59954857707089,61.30129438311259,-0.09052358168694473,1.5934355051406113,0.02719596441838451,0.011382457714584297
680,0,92.15511666666667,Forward,0.0980755865888065,456.80640992221015,19860.0,19877.818893029787,ok,0.0005299274387590948,14481.28971731861,ok,-82.13228435718702,68.98308577764071,-0.11690190761548341,-63.09895756088736,61.30200689275706,-0.08981107204247253,1.5934355051406113,0.02620624333173363,0.011382457714584297
681,0,92.29073333333334,Forward,0.09792647636079815,457.54937808909744,19880.0,19877.834433489028,ok,0.0005165278949970137,14479.750217149412,ok,-82.11674389794644,68.98310789694915,-0.11687978830704504,-64.63845773008507,61.29981566542225,-0.09200229937727906,1.5934355051406113,0.02971994207528736,0.011382457714584297
682,0,92.42603333333334,Forward,0.09798585623502598,457.6670260189094,19880.0,19877.802710484317,ok,0.0005292368442210794,14480.695893048056,ok,-82.14846690265767,68.98306274442727,-0.11692494082891952,-63.69278183144161,61.301161680785185,-0.09065628401434787,1.5934355051406113,0.027530000883653594,0.011382457714584297
683,0,92.56185,Forward,0.09800354706749903,457.7172273223805,19875.0,19877.808241831546,ok,0.0005291975794531162,14480.867232381166,ok,-82.14293555542827,68.98307061739766,-0.1169170678585296,-63.52144249833145,61.301405554373346,-0.09041241042618572,1.5934355051406113,0.027149277019899914,0.011382457714584297
684,0,92.69785,Forward,0.09807175624751369,457.8714975159601,19880.0,19877.83696139984,ok,0.0005242180113135971,14481.08192078559,ok,-82.11421598713423,68.98311149501778,-0.1168761902384105,-63.30675409390824,61.301711128292496,-0.09010683650703291,1.5934355051406113,0.026703242307795944,0.011382457714584297
685,0,92.83368333333334,Forward,0.09804076230474197,457.5553597179278,19880.0,19877.673883008654,ok,0.0005314167839609582,14480.684186198363,ok,-82.27729437832022,68.98287937953275,-0.11710830572344436,-63.704488681134535,61.301145017994514,-0.09067294680501518,1.5934355051406113,0.0273731870713928,0.011382457714584297
686,0,92.96898333333333,Forward,0.09809891230585821,457.8225326050888,19880.0,19877.71353803202,ok,0.0005296951553600581,14478.820188221944,ok,-82.23763935495299,68.98293582198914,-0.11705186326705284,-65.56848665755388,61.29849192097012,-0.09332604382941023,1.5934355051406113,0.03165716852503829,0.011382457714584297
687,0,93.1054,Forward,0.09815978074105805,457.4053954130941,19860.0,19877.71590072815,ok,0.0005238701575325851,14481.172692852548,ok,-82.23527665882284,68.98293918490162,-0.11704850035456488,-63.21598202694986,61.30184032752114,-0.08997763727838994,1.5934355051406113,0.026325061553485074,0.011382457714584297
688,0,93.24121666666667,Forward,0.09816010019535701,457.04969777185397,19870.0,19877.579447291413,ok,0.0005344183093593191,14481.024111420315,ok,-82.37173009556136,68.98274496569562,-0.11724271956057221,-63.364563459183046,61.30162884609213,-0.09018911870740708,1.5934355051406113,0.026467824365151535,0.011382457714584297
689,0,93.37733333333334,Forward,0.0981348822147235,457.9257840988794,19880.0,19877.6607902101,ok,0.0005362777458227729,14481.090725004866,ok,-82.29038717687581,68.98286074406998,-0.11712694118621217,-63.29794987463174,61.30172365966231,-0.09009430513722452,1.5934355051406113,0.02643252343041355,0.011382457714584297
690,0,93.51211666666667,Forward,0.09804970165090351,457.5041002342332,19855.0,19877.682264670722,ok,0.0005300810065961276,14481.338816273785,ok,-82.26891271625209,68.98289130946131,-0.11709637579488555,-63.04985860571287,61.30207677710968,-0.08974118768984862,1.5934355051406113,0.025900418943606784,0.011382457714584297
691,0,93.6477,Forward,0.09807768918697937,457.77923929445024,19865.0,19877.699691226167,ok,0.0005250524276279283,14480.961335779979,ok,-82.25148616080696,68.98291611331999,-0.11707157193620017,-63.427339099518576,61.301539495209404,-0.09027846959012564,1.5934355051406113,0.026781346858462993,0.011382457714584297
692,0,93.78346666666667,Forward,0.09810200110735343,457.2148799014685,19875.0,19877.70529312512,ok,0.0005173388644480413,14480.910275998387,ok,-82.24588426185437,68.98292408670925,-0.11706359854694219,-63.47839888111048,61.301466819940266,-0.09035114485926299,1.5934355051406113,0.026905123601910066,0.011382457714584297
693,0,93.91935,Forward,0.09816160146055539,458.11179716532206,19860.0,19877.58867577215,ok,0.0005289287552117497,14480.92588903446,ok,-82.3625016148253,68.9827581009324,-0.1172295843237907,-63.462785845036706,61.30148904254999,-0.09032892224954284,1.5934355051406113,0.0267037275297166,0.011382457714584297
694,0,94.05518333333333,Forward,0.09822850403305455,457.75330110415234,19870.0,19877.562976711433,ok,0.0005323748034476562,14480.877978137114,ok,-82.38820067554116,68.98272152251205,-0.11726616274414176,-63.510696742383516,61.301420849203865,-0.09039711559567033,1.5934355051406113,0.02677581080829944,0.011382457714584297
695,0,94.1905,Forward,0.09817304081018803,457.48839279740787,19880.0,19877.49848091403,ok,0.0005373354088675508,14481.157938992492,ok,-82.45269647294481,68.98262972326637,-0.11735796198981814,-63.23073588700572,61.30181932780832,-0.08999863699121566,1.5934355051406113,0.02604906160624608,0.011382457714584297
696,0,94.3266,Forward,0.09817869914984714,457.45380189730713,19880.0,19877.337583794782,ok,0.0005370553651772615,14481.527528540832,ok,-82.61359359219205,68.98240071246609,-0.1175869727901027,-62.861146338666,61.30234537823506,-0.08947258656447044,1.5934355051406113,0.024981823378491322,0.011382457714584297
697,0,94.4619,Forward,0.09825731319597146,458.02244217241605,19875.0,19877.48447614248,ok,0.0005153039756146374,14480.723880171248,ok,-82.4667012444952,68.98260978975883,-0.1173778954973636,-63.66479470824925,61.30120151588919,-0.09061644891033899,1.5934355051406113,0.027013571546130793,0.011382457714584297
698,0,94.59666666666666,Forward,0.0982379762065498,457.83215835001465,19875.0,19877.35331586806,ok,0.0005136684718261397,14480.676617992282,ok,-82.59786151891603,68.98242310450584,-0.11756458075034505,-63.71205688721602,61.301134245887845,-0.09068371891168525,1.5934355051406113,0.026934076701725332,0.011382457714584297
699,0,94.73196666666666,Forward,0.09835159775915649,457.5459296138688,19875.0,19877.279660036624,ok,0.0005319716746041528,14480.838641017632,ok,-82.67151735035077,68.9823182674461,-0.11766941781008491,-63.55003386186581,61.30136485923178,-0.0904531055677449,1.5934355051406113,0.026461772151791713,0.011382457714584297
700,0,94.86755,Forward,0.0983861645829161,457.7373340831509,19875.0,19877.266509076162,ok,0.0005301725130566878,14480.793382923921,ok,-82.68466831081241,68.98229954919935,-0.11768813605683738,-63.59529195557661,61.30130044171885,-0.09051752308067834,1.5934355051406113,0.02654569905730024,0.011382457714584297
701,0,95.00313333333334,Forward,0.09831040965386353,457.90309791027175,19875.0,19877.27104158231,ok,0.0005212253347798233,14480.734919100514,ok,-82.68013580466504,68.98230600048242,-0.11768168477377551,-63.653755778983395,61.30121722800409,-0.09060073679543422,1.5934355051406113,0.02668474602796879,0.011382457714584297
702,0,95.13926666666667,Forward,0.09827340346032964,458.1081826448135,19875.0,19877.138543886205,ok,0.0005174983127757235,14481.001237957382,ok,-82.81263350076915,68.98211741162785,-0.1178702736283344,-63.38743692211574,61.30159628944925,-0.09022167535028547,1.5934355051406113,0.02589214720807996,0.011382457714584297
703,0,95.27536666666667,Forward,0.09832287170345956,457.8696485382861,19880.0,19877.029221881177,ok,0.0005304448972880601,14481.47598042854,ok,-82.92195550579709,68.98196180958863,-0.11802587566755854,-62.91269445095713,61.302272007906836,-0.08954595689269124,1.5934355051406113,0.024659831387046333,0.011382457714584297
704,0,95.41068333333334,Forward,0.09836450088117538,457.89007662525546,19870.0,19877.21869605408,ok,0.0005276573597896417,14480.546526817265,ok,-82.73248133289599,68.9822314951627,-0.11775619009349515,-63.84214806223281,61.300949082323456,-0.0908688824760793,1.5934355051406113,0.027037513556339113,0.011382457714584297
705,0,95.54546666666667,Forward,0.09844272539881659,457.7551607514288,19875.0,19877.07353848859,ok,0.0005332030555643474,14480.975350318664,ok,-82.87763889838607,68.98202488704942,-0.11796279820677753,-63.413324560833644,61.301559442618874,-0.09025852218065758,1.5934355051406113,0.025858335677403657,0.011382457714584297
706,0,95.68183333333333,Forward,0.0983005560893124,457.78924461524,19880.0,19876.93752985112,ok,0.0005286932161300109,14480.974419660888,ok,-83.01364753585585,68.9818313009426,-0.11815638431359095,-63.41425521860947,61.301558117979354,-0.09025984682017275,1.5934355051406113,0.025666860298225222,0.011382457714584297
707,0,95.81821666666667,Forward,0.09838599359952008,458.2457810255182,19875.0,19877.05347105158,ok,0.0005214578916906634,14480.644066800936,ok,-82.89770633539592,68.98199632432666,-0.11799136092953347,-63.744608078561214,61.30108791457741,-0.09073005022212173,1.5934355051406113,0.026581122477586094,0.011382457714584297
708,0,95.95378333333333,Forward,0.0984760987913041,457.342466804399,19870.0,19876.852663850947,ok,0.0005256101029545595,14480.569904035818,ok,-83.0985135360279,68.9817105080365,-0.11827717721968695,-63.818770843679886,61.30098235598027,-0.09083560881925885,1.5934355051406113,0.026463507003983755,0.011382457714584297
709,0,96.09076666666667,Forward,0.09844125168298633,458.3630439015287,19870.0,19876.77043194849,ok,0.0005250577913787442,14480.538109469704,ok,-83.18074543848343,68.98159346433877,-0.11839422091741361,-63.85056540979349,61.300937101602415,-0.09088086319711498,1.5934355051406113,0.02641857323869609,0.011382457714584297
710,0,96.22618333333334,Forward,0.0984133099549506,458.5630012982656,19865.0,19876.85046587736,ok,0.0005225562556863946,14479.484110172638,ok,-83.10071150961448,68.98170737957969,-0.11828030567650721,-64.90456470685967,61.29943690555385,-0.09238105924568177,1.5934355051406113,0.028922954128060452,0.011382457714584297
711,0,96.3623,Forward,0.09842619488040596,458.04927177873833,19870.0,19876.750111141573,ok,0.0005371189824809658,14480.779461986227,ok,-83.20106624540131,68.98156454098529,-0.11842314427089852,-63.609212893270524,61.30128062753512,-0.09053733726440587,1.5934355051406113,0.025842263467095936,0.011382457714584297
712,0,96.4976,Forward,0.09858042104872877,458.2915643625347,19875.0,19876.801947292006,ok,0.0005221803404866068,14480.69101436775,ok,-83.14923009496852,68.98163832128881,-0.11834936396737399,-63.69766051174702,61.30115473677968,-0.09066322801984843,1.5934355051406113,0.026116642570111606,0.011382457714584297
713,0,96.63238333333334,Forward,0.09844327909337788,458.12151110785635,19865.0,19876.70407765986,ok,0.0005296373103887982,14480.778850271567,ok,-83.24709972711571,68.98149901983403,-0.11848866542215729,-63.60982460793093,61.3012797568591,-0.09053820794042904,1.5934355051406113,0.025778129681925957,0.011382457714584297
714,0,96.76903333333334,Forward,0.09849729892274274,458.0028773090926,19870.0,19876.683137256412,ok,0.0005322269987254114,14480.598320894222,ok,-83.26804013056244,68.98146921458597,-0.11851847067021924,-63.79035398527594,61.301022802742246,-0.09079516205728383,1.5934355051406113,0.02615776424685247,0.011382457714584297
715,0,96.9049,Forward,0.09851264879082983,458.60127795688095,19860.0,19876.57835566255,ok,0.0005317161799332936,14480.98659891308,ok,-83.37282172442428,68.98132007508131,-0.118667610174877,-63.402075966418124,61.30157545315791,-0.09024251164161731,1.5934355051406113,0.025128011947940967,0.011382457714584297
716,0,97.041,Forward,0.09844141002548232,458.24696601323376,19865.0,19876.46831603376,ok,0.0005236604499250686,14480.990894262439,ok,-83.48286135321541,68.98116345162174,-0.11882423363445396,-63.39778061705874,61.30158156688698,-0.09023639791255308,1.5934355051406113,0.024961646655404263,0.011382457714584297
717,0,97.17605,Forward,0.09867471251204285,458.74719085328616,19875.0,19876.49170047583,ok,0.000530611496962027,14480.724026966627,ok,-83.4594769111427,68.98119673556006,-0.11879094969613155,-63.66464791287035,61.301201724828466,-0.09061623997106551,1.5934355051406113,0.025600184416106064,0.011382457714584297
718,0,97.31241666666666,Forward,0.09866943514085837,459.0991239367104,19870.0,19876.47401405158,ok,0.0005258880695231293,14481.044759979537,ok,-83.47716333539574,68.98117156182052,-0.11881612343566966,-63.34391489996051,61.30165823594754,-0.09015972885198642,1.5934355051406113,0.024847589650935864,0.011382457714584297
719,0,97.44776666666667,Forward,0.09862658923388792,458.17175069948644,19880.0,19876.43908619351,ok,0.0005214183605029156,14481.021692232309,ok,-83.51209119346458,68.98112184771273,-0.11886583754345477,-63.366982647188706,61.30162540277267,-0.09019256202686367,1.5934355051406113,0.02485019308974666,0.011382457714584297
720,0,97.58306666666667,Forward,0.09868128403860377,458.4092082017705,19875.0,19876.305869211825,ok,0.0005257347817913123,14480.524515974384,ok,-83.6453081751497,68.9809322350725,-0.11905545018369303,-63.86415890511307,61.30091775347949,-0.09090021132004202,1.5934355051406113,0.025788173958446445,0.011382457714584297
721,0,97.7189,Forward,0.09854812604192675,458.09767137613017,19880.0,19876.32314308525,ok,0.0005230290404021338,14480.762364378685,ok,-83.62803430172426,68.98095682161323,-0.11903086364295395,-63.626310500812906,61.301256291880115,-0.09056167291941666,1.5934355051406113,0.025273321391775544,0.011382457714584297
722,0,97.85421666666667,Forward,0.0987187445214861,458.2086006621539,19875.0,19876.325000237342,ok,0.0005306467110523303,14480.802688778225,ok,-83.62617714963199,68.98095946496626,-0.1190282202899288,-63.58598610127228,61.30131368708429,-0.09050427771524523,1.5934355051406113,0.025184509188649173,0.011382457714584297
723,0,97.99058333333333,Forward,0.09859156697603544,459.13389061628914,19860.0,19876.22912757244,ok,0.0005239343991635557,14478.932914622736,ok,-83.72204981453615,68.98082300586856,-0.11916467938762947,-65.455760256762,61.298652368611315,-0.09316559618821366,1.5934355051406113,0.029288689436262963,0.011382457714584297
724,0,98.12536666666666,Forward,0.0986108358763084,458.9426661935431,19855.0,19876.31026205657,ok,0.0005294969984335086,14480.889402035273,ok,-83.64091533040482,68.98093848757034,-0.11904919768585308,-63.49927284422483,61.30143710925918,-0.09038085554035095,1.5934355051406113,0.024966866517126665,0.011382457714584297
725,0,98.26093333333333,Forward,0.09868021408505613,458.4997033177824,19865.0,19876.14880060904,ok,0.0005314502451417342,14481.164294389157,ok,-83.80237677793411,68.98070867354082,-0.11927901171538188,-63.22438049034099,61.30182837367864,-0.08998959112089104,1.5934355051406113,0.02411359786973219,0.011382457714584297
726,0,98.39731666666667,Forward,0.09873466781027122,458.5178683244776,19855.0,19875.989783881505,ok,0.0005211056934347839,14480.927319600429,ok,-83.96139350546946,68.98048233917136,-0.1195053460848341,-63.46135527906881,61.30149107872726,-0.09032688607227192,1.5934355051406113,0.024424721251514958,0.011382457714584297
727,0,98.5332,Forward,0.09884755805149248,458.44758012655075,19870.0,19875.96983337784,ok,0.0005261458925148788,14478.9419884259,ok,-83.98134400913477,68.98045394288414,-0.11953374237205074,-65.44668645359707,61.298665283689814,-0.09315268110972034,1.5934355051406113,0.028899047107218787,0.011382457714584297
728,0,98.66956666666667,Forward,0.09863546470331633,459.3446604449491,19870.0,19875.916457904797,ok,0.0005305790425001931,14480.86215225448,ok,-84.03471948217702,68.980377971606,-0.11960971365018275,-63.526522625017606,61.301398323641784,-0.09041964115774503,1.5934355051406113,0.024468152932641513,0.011382457714584297
729,0,98.80486666666667,Forward,0.09883719844297142,458.63312281057006,19855.0,19875.87297327623,ok,0.0005363996091674679,14480.711200863445,ok,-84.07820411074499,68.98031607833138,-0.11967160692481077,-63.677474016052656,61.30118346896305,-0.09063449583647848,1.5934355051406113,0.024748616731552958,0.011382457714584297
730,0,98.94016666666667,Forward,0.09875514321382214,458.8370645875402,19880.0,19876.025409790906,ok,0.0005292648005060903,14480.564253078428,ok,-83.92576759606891,68.98053304684133,-0.1194546384148593,-63.82442180106955,61.30097431276433,-0.09084365203519855,1.5934355051406113,0.025298862154665216,0.011382457714584297
731,0,99.07601666666666,Forward,0.09878697510334841,458.80432715552524,19875.0,19875.63109581136,ok,0.0005241299484447116,14480.382688397496,ok,-84.32008157561359,68.97997180522034,-0.12001588003584912,-64.00598648200139,61.30071588506172,-0.09110207973780843,1.5934355051406113,0.025149408410525903,0.011382457714584297
732,0,99.21178333333333,Forward,0.09890528627278115,459.47616444632877,19865.0,19875.51638843366,ok,0.0005313283063959563,14480.791538223455,ok,-84.43478895331282,68.9798085379817,-0.1201791472744942,-63.597136656042494,61.301297816088685,-0.09052014871084471,1.5934355051406113,0.024058871611973884,0.011382457714584297
733,0,99.34813333333334,Forward,0.09887335932198149,459.49724234204405,19860.0,19875.585906769345,ok,0.000528650242347801,14480.599384363291,ok,-84.365270617629,68.97990748599123,-0.12008019926495937,-63.789290516206165,61.30102431641697,-0.09079364838255871,1.5934355051406113,0.02459362370906211,0.011382457714584297
734,0,99.4843,Forward,0.09899391417080006,458.71128515636155,19855.0,19875.565056347772,ok,0.0005217839858396388,14480.38307461249,ok,-84.38612103920241,68.97987780881769,-0.12010987643850442,-64.00560026700805,61.30071643477576,-0.09110153002377301,1.5934355051406113,0.025054536074008885,0.011382457714584297
735,0,99.62038333333334,Forward,0.09898911970513653,459.3563453507886,19860.0,19875.395088851612,ok,0.0005225630505685313,14480.395020156619,ok,-84.5560885353625,68.97963588781562,-0.12035179744057142,-63.993654722879,61.30073343730901,-0.09108452749051682,1.5934355051406113,0.024785522631774137,0.011382457714584297
736,0,99.75626666666666,Forward,0.09905899497770039,459.26674430503044,19875.0,19875.437930140906,ok,0.0005216879070280065,14478.833309707326,ok,-84.5132472460682,68.97969686540175,-0.12029081985444426,-65.55536517217115,61.298510597263906,-0.093307367535624,1.5934355051406113,0.028388452468023462,0.011382457714584297
737,0,99.89208333333333,Forward,0.09903969750387853,459.2227641979407,19865.0,19875.274172003083,ok,0.0005161236987948558,14480.553777533885,ok,-84.67700538389181,68.97946378240827,-0.12052390284792201,-63.83489734561226,61.30095940253567,-0.09085856226386123,1.5934355051406113,0.024253356209343394,0.011382457714584297
738,0,100.02768333333333,Forward,0.09897811291663097,459.0018994131424,19865.0,19875.436065926286,ok,0.0005305906736929581,14480.671631057017,ok,-84.51511146068879,68.97969421199636,-0.12029347325982627,-63.717043822480264,61.30112714779907,-0.09069081700045885,1.5934355051406113,0.0242164945389146,0.011382457714584297
739,0,100.16298333333333,Forward,0.09893399125909347,459.4120086882758,19870.0,19875.200729814467,ok,0.0005217239090606125,14480.577630778233,ok,-84.75044757250726,68.97935924943422,-0.12062843582196257,-63.811044101265,61.30099335373755,-0.090824611061982,1.5934355051406113,0.024094724184786268,0.011382457714584297
740,0,100.29883333333333,Forward,0.0989857874847216,459.1201925607784,19870.0,19875.254609784388,ok,0.0005245823353206552,14480.062352221703,ok,-84.69656760258658,68.97943593878136,-0.12055174647482839,-64.32632265779466,61.30025993877554,-0.0915580260239926,1.5934355051406113,0.0253400629723895,0.011382457714584297
741,0,100.43395,Forward,0.09906895800781837,459.7145610282023,19865.0,19875.34210872645,ok,0.0005276080141533851,14480.571518232486,ok,-84.60906866052392,68.9795604792507,-0.12042720600549263,-63.81715664701187,61.30098465352589,-0.09083331127364407,1.5934355051406113,0.024309817227420774,0.011382457714584297
742,0,100.5695,Forward,0.09899409636051232,459.34008158929646,19865.0,19875.263223572456,ok,0.0005126544910700165,14478.743995612123,ok,-84.68795381451855,68.97944819910342,-0.12053948615277806,-65.64467926737416,61.2983834732202,-0.09343449157932862,1.5934355051406113,0.028342350134485647,0.011382457714584297
743,0,100.70428333333334,Forward,0.09905904040578278,459.07044926825984,19860.0,19875.050428815168,ok,0.000515635458044547,14480.587210270267,ok,-84.90074857180662,68.97914532048202,-0.12084236477416602,-63.80146460923061,61.30100698858165,-0.09081097621788174,1.5934355051406113,0.023859068987886423,0.011382457714584297
744,0,100.83948333333333,Forward,0.09909502801799724,459.4068332318493,19870.0,19875.151604651437,ok,0.0005341828290343975,14480.303311865086,ok,-84.79957273553737,68.979289327779,-0.12069835747719337,-64.085363014412,61.30060290551742,-0.09121505928210488,1.5934355051406113,0.024646956586418217,0.011382457714584297
745,0,100.97483333333334,Forward,0.09907871907702821,459.116359127529,19865.0,19875.121592919088,ok,0.0005198193089557184,14480.56309477213,ok,-84.82958446788689,68.97924661097414,-0.12074107428204013,-63.825580107368296,61.30097266410428,-0.09084530069524722,1.5934355051406113,0.02401505332094185,0.011382457714584297
746,0,101.10986666666666,Forward,0.09916322925421703,459.788946821438,19880.0,19875.162703886253,ok,0.0005352603351735275,14480.963850545384,ok,-84.78847350072101,68.97930512572901,-0.1206825595271758,-63.42482433411351,61.3015430745677,-0.0902748902318336,1.5934355051406113,0.023164655790899213,0.011382457714584297
747,0,101.24596666666666,Forward,0.09908099768938308,459.7250121944817,19880.0,19874.92646983164,ok,0.0005308519937912727,14480.718404648564,ok,-85.02470755533432,68.9789688850918,-0.12101880016438898,-63.670270230933966,61.301193722375935,-0.09062424242359683,1.5934355051406113,0.02338508533984024,0.011382457714584297
748,0,101.38235,Forward,0.09927604384975924,459.61799737213005,19860.0,19874.735735573293,ok,0.0005310291228167876,14480.869254425796,ok,-85.21544181368154,68.97869740599168,-0.12129027926451295,-63.51942045370197,61.301408432424,-0.09040953237553462,1.5934355051406113,0.0227714796258235,0.011382457714584297
749,0,101.51848333333334,Forward,0.09911474089883072,459.9099904105169,19880.0,19874.53585137039,ok,0.0005206934674207512,14479.007443449986,ok,-85.415326016584,68.97841290343821,-0.12157478181797753,-65.3812314295119,61.298758448238175,-0.09305951656135229,1.5934355051406113,0.026709555962101936,0.011382457714584297
750,0,101.6538,Forward,0.09922175714517645,460.10814641370234,19875.0,19874.58603990359,ok,0.000528143394226712,14480.58535437879,ok,-85.3651374833862,68.9784843386274,-0.12150334662879261,-63.80332050070683,61.301004347022904,-0.09081361777662562,1.5934355051406113,0.023202296286751245,0.011382457714584297
751,0,101.7894,Forward,0.0992598358874176,460.0333789829201,19870.0,19874.46840613402,ok,0.0005214441108420822,14480.62421411459,ok,-85.48277125295499,68.97831690614734,-0.12167077910884865,-63.7644607649072,61.301059657517186,-0.09075830728234234,1.5934355051406113,0.022946730101297344,0.011382457714584297
752,0,101.92443333333334,Forward,0.09942084350405364,460.157648120723,19870.0,19874.52759908647,ok,0.0005343190540515394,14480.722287381395,ok,-85.42357830050605,68.97840115765834,-0.12158652759785231,-63.66638749810227,61.30119924881269,-0.09061871598684497,1.5934355051406113,0.022808551885839592,0.011382457714584297
753,0,102.06106666666666,Forward,0.09927638607716333,460.4012823696539,19865.0,19874.296323668175,ok,0.0005226325462503689,14480.333576712683,ok,-85.65485371879913,68.97807197483097,-0.121915710425222,-64.05509816681479,61.30064598259054,-0.09117198220899658,1.5934355051406113,0.0233609631006413,0.011382457714584297
754,0,102.19613333333334,Forward,0.09913258867818589,459.96465780312064,19875.0,19874.74783100426,ok,0.0005225800859254656,14480.570125565497,ok,-85.20334638271379,68.9787146218644,-0.1212730633917946,-63.81854931400085,61.30098267129163,-0.09083529350790139,1.5934355051406113,0.023467118403563927,0.011382457714584297
755,0,102.33251666666666,Forward,0.09924267469039005,460.0746572949938,19880.0,19874.684430574085,ok,0.0005338861157542659,14480.574453900532,ok,-85.26674681288932,68.97862438169527,-0.12136330356092138,-63.81422097896575,61.30098883197042,-0.09082913282910908,1.5934355051406113,0.023367061590113716,0.011382457714584297
756,0,102.46755,Forward,0.0992944434896492,460.609264332219,19880.0,19874.622648144556,ok,0.0005312392288173062,14480.464828352731,ok,-85.32852924241888,68.9785364444861,-0.12145124077009134,-63.92384652676628,61.30083279788758,-0.09098516691194966,1.5934355051406113,0.023527754628554,0.011382457714584297
757,0,102.60285,Forward,0.09923212068845166,460.12839884694404,19875.0,19874.607801864135,ok,0.0005234259641754012,14480.499841612469,ok,-85.34337552283978,68.97851531322796,-0.12147237202822912,-63.88883326702853,61.300882633550714,-0.09093533124882139,1.5934355051406113,0.0234272134553654,0.011382457714584297
758,0,102.7379,Forward,0.0992881447106011,460.5694586092868,19870.0,19874.561236278336,ok,0.0005291577427705946,14479.153169109266,ok,-85.3899411086386,68.97844903471335,-0.12153865054284392,-65.23550577023161,61.29896586494029,-0.09285209985923912,1.5934355051406113,0.026415182099729248,0.011382457714584297
759,0,102.87348333333334,Forward,0.09935579789438775,459.6361874259783,19880.0,19874.621390969907,ok,0.0005295181615683835,14479.967650525583,ok,-85.32978641706723,68.97853465510309,-0.12145303015310617,-64.42102435391462,61.30012514636087,-0.09169281843866231,1.5934355051406113,0.02465356231347006,0.011382457714584297
760,0,103.00933333333333,Forward,0.09910189491782068,460.959629801142,19855.0,19874.652151868573,ok,0.000531329236480421,14480.832950752156,ok,-85.29902551840132,68.97857843822396,-0.121409247032228,-63.55572412734182,61.30135676006719,-0.09046120473233273,1.5934355051406113,0.022734848426064852,0.011382457714584297
761,0,103.14598333333333,Forward,0.09928784727070972,460.4927788113746,19865.0,19874.647364867746,ok,0.0005209034499702839,14480.397531505834,ok,-85.30381251922881,68.97857162470925,-0.12141606054694844,-63.99114337366336,61.30073701180491,-0.0910809529946131,1.5934355051406113,0.023715563796711178,0.011382457714584297
762,0,103.28155,Forward,0.09929214480042747,459.97385970301184,19855.0,19874.632131034115,ok,0.0005204397200763406,14479.088388861412,ok,-85.319046352859,68.97854994183234,-0.12143774342385372,-65.3002860180859,61.298873660825805,-0.09294430397372637,1.5934355051406113,0.026663010528463482,0.011382457714584297
763,0,103.41658333333334,Forward,0.09928134063288466,460.00479804713905,19865.0,19874.799680696004,ok,0.0005303968112494327,14480.785527937522,ok,-85.15149669097082,68.97878842144176,-0.12119926381442417,-63.603146941975865,61.301289261427186,-0.09052870337234506,1.5934355051406113,0.02305238637341303,0.011382457714584297
764,0,103.55375,Forward,0.09925603249754672,460.21565224330334,19870.0,19874.549482492534,ok,0.0005262041732549322,14480.562373652769,ok,-85.40169489444088,68.97843230511678,-0.12155538013940567,-63.8263012267289,61.300971637708514,-0.0908463270910127,1.5934355051406113,0.023202382959031348,0.011382457714584297
765,0,103.68881666666667,Forward,0.09916464281495097,460.1372597376321,19865.0,19874.54799966544,ok,0.0005270529983993704,14480.579161519441,ok,-85.40317772153503,68.97843019455433,-0.12155749070186386,-63.80951336005637,61.300995532497936,-0.09082243230159862,1.5934355051406113,0.023162197590732903,0.011382457714584297
766,0,103.82411666666667,Forward,0.09923031111194418,459.88729441459145,19875.0,19874.767060505223,ok,0.0005377170109478462,14480.991402955746,ok,-85.18411688175183,68.9787419919219,-0.12124569333430088,-63.39727192375176,61.30158229092891,-0.09023567387061947,1.5934355051406113,0.02253903324143311,0.011382457714584297
767,0,103.95995,Forward,0.09933724245114223,460.6582895818465,19855.0,19874.612794780787,ok,0.0005341110190516916,14478.770586376599,ok,-85.33838260618722,68.97852241983027,-0.12146526542592509,-65.6180885028989,61.29842132083538,-0.09339664396414975,1.5934355051406113,0.027356263127527675,0.011382457714584297
768,0,104.09525,Forward,0.09927355233200996,460.8609392266335,19855.0,19874.562324386807,ok,0.000532953008377361,14480.762070717934,ok,-85.38885300016773,68.97845058345824,-0.12153710179795106,-63.62660416156359,61.301255873901944,-0.09056209089758707,1.5934355051406113,0.022767749258035555,0.011382457714584297
769,0,104.2316,Forward,0.0992275582685512,460.17919366376736,19880.0,19874.68787397249,ok,0.000524433267497416,14480.356531633852,ok,-85.26330341448556,68.97862928281114,-0.1213584024450541,-64.03214324564578,61.30067865517592,-0.091139309623608,1.5934355051406113,0.02386620942320629,0.011382457714584297
770,0,104.36743333333334,Forward,0.09918445960934137,460.5627852060243,19875.0,19874.752896692677,ok,0.0005354545672811465,14480.445874950283,ok,-85.19828069429786,68.97872183204544,-0.12126585321075747,-63.94279992921474,61.30080582081128,-0.09101214398825248,1.5934355051406113,0.023756128419093664,0.011382457714584297
771,0,104.50275,Forward,0.09921106411038658,459.8049169910191,19855.0,19874.70163811261,ok,0.0005274029695317585,14480.723796846054,ok,-85.24953927436582,68.9786488738191,-0.12133881143709324,-63.66487803344353,61.301201397289375,-0.09061656751015927,1.5934355051406113,0.023052844587565707,0.011382457714584297
772,0,104.63831666666667,Forward,0.09917045013577672,459.6500118621407,19855.0,19874.588696350325,ok,0.0005317092858613042,14480.658149161667,ok,-85.36248103664911,68.97848811964596,-0.12149956561023852,-63.73052571783046,61.30110795852049,-0.09071000627903603,1.5934355051406113,0.02304097906630527,0.011382457714584297
773,0,104.77423333333333,Forward,0.09923252349475095,460.34833389686537,19870.0,19874.641561167024,ok,0.0005373370385491528,14480.980833290412,ok,-85.30961621995084,68.97856336408809,-0.121424321168103,-63.407841589085365,61.301567246734656,-0.090250718064873,1.5934355051406113,0.022384377360900792,0.011382457714584297
774,0,104.909,Forward,0.09924164223939716,459.64772863858525,19865.0,19874.759778170475,ok,0.0005256815407079734,14480.74602546997,ok,-85.19139921649912,68.97873162670643,-0.12125605854976415,-63.64264940952671,61.30123303610911,-0.09058492869042009,1.5934355051406113,0.023085183056181652,0.011382457714584297
775,0,105.0459,Forward,0.09924797889365075,459.23885055655774,19865.0,19874.724265766294,ok,0.0005309956258478875,14480.906801312702,ok,-85.22691162068077,68.97868108059262,-0.12130660466357722,-63.48187356679591,61.30146187429206,-0.09035609050747148,1.5934355051406113,0.022669998056726384,0.011382457714584297
776,0,105.1815,Forward,0.09922925885322104,459.82579509716015,19865.0,19874.735032023757,ok,0.0005259619135374724,14481.149585073032,ok,-85.21614536321795,68.9786964046037,-0.12129128065250006,-63.23908980646593,61.30180743736683,-0.09001052743269805,1.5934355051406113,0.022134689595194018,0.011382457714584297
777,0,105.3168,Forward,0.09913797668038432,459.72026561758685,19860.0,19874.827686446595,ok,0.0005295400384647515,14480.393481414501,ok,-85.12349094037927,68.97882828305885,-0.12115940219735143,-63.99519346499619,61.30073124716064,-0.09108671763888826,1.5934355051406113,0.023981407735170726,0.011382457714584297
778,0,105.45211666666667,Forward,0.09919193452427982,460.8463906608886,19865.0,19874.86636230501,ok,0.0005216194941091339,14480.781280155039,ok,-85.08481508196564,68.97888333183366,-0.12110435342252913,-63.60739472445857,61.30128321540181,-0.09053474939772047,1.5934355051406113,0.02315693071680623,0.011382457714584297
779,0,105.58716666666666,Forward,0.09914851699897471,460.1438464796811,19865.0,19874.816722411968,ok,0.0005178160542455569,14480.714179344921,ok,-85.13445497500652,68.97881267754423,-0.12117500771195655,-63.674495534576636,61.30118770834552,-0.09063025645401068,1.5934355051406113,0.023238460761863117,0.011382457714584297
780,0,105.72328333333333,Forward,0.0991957134336716,460.3237017403735,19865.0,19874.899058951785,ok,0.0005376515658321381,14480.74177627333,ok,-85.05211843518919,68.97892987017617,-0.12105781508001605,-63.64689860616818,61.30122698807091,-0.0905909767286198,1.5934355051406113,0.023293063684733592,0.011382457714584297
781,0,105.85991666666666,Forward,0.09914126345566751,459.9191206689975,19870.0,19874.880542846146,ok,0.0005341937307267676,14480.96944880746,ok,-85.0706345408289,68.97890351552054,-0.1210841697356528,-63.41922607203742,61.30155104278046,-0.09026692201907599,1.5934355051406113,0.02275034874930172,0.011382457714584297
782,0,105.99525,Forward,0.09922237285199897,460.0231124597558,19880.0,19874.901293710063,ok,0.0005281865836495903,14480.600848190234,ok,-85.04988367691112,68.97893305099001,-0.12105463426618858,-63.787826689263966,61.301026399935814,-0.09079156486371712,1.5934355051406113,0.023615868754935085,0.011382457714584297
783,0,106.13081666666666,Forward,0.09909599598578608,459.5332354399761,19875.0,19874.93039086786,ok,0.0005186258396378109,14480.508458816324,ok,-85.02078651911506,68.97897446604718,-0.1210132192090138,-63.880216063173066,61.300894898734576,-0.09092306606495491,1.5934355051406113,0.023866822495130793,0.011382457714584297
784,0,106.26558333333334,Forward,0.09910346336611486,459.8052635095628,19875.0,19874.92665295668,ok,0.000537359257948692,14479.051802896862,ok,-85.02452443029324,68.97896914574042,-0.12101853951576827,-65.33687198263578,61.29882158667395,-0.0929963781255816,1.5934355051406113,0.027165191239015146,0.011382457714584297
785,0,106.40141666666666,Forward,0.09915904383759183,460.1038163934463,19860.0,19875.07860842056,ok,0.0005256066025742503,14480.156119333584,ok,-84.87256896641338,68.97918542955304,-0.12080225570314597,-64.23255554591378,61.30039340096201,-0.09142456383751793,1.5934355051406113,0.02487689035754949,0.011382457714584297
786,0,106.53753333333333,Forward,0.09916235390476846,459.4763252803823,19865.0,19874.955694947883,ok,0.0005178513796694005,14480.379378139329,ok,-84.99548243909157,68.97901048227695,-0.12097720297924067,-64.00929674016879,61.30071117344926,-0.09110679135026993,1.5934355051406113,0.024195593117716963,0.011382457714584297
787,0,106.67338333333333,Forward,0.09903626119210598,460.91369585424763,19860.0,19875.089409998494,ok,0.000525803533736233,14480.738000993792,ok,-84.86176738848008,68.97920080383705,-0.12078688141914129,-63.650673885706055,61.30122161457639,-0.09059635022313799,1.5934355051406113,0.023572559662560305,0.011382457714584297
788,0,106.8095,Forward,0.09919073954151375,459.95310750144927,19865.0,19875.1273860803,ok,0.0005217401783351942,14480.538733070933,ok,-84.82379130667323,68.97925485659404,-0.12073282866215629,-63.849941808564836,61.30093798919703,-0.09087997560250109,1.5934355051406113,0.024078551169181478,0.011382457714584297
789,0,106.9454,Forward,0.09905187634372933,459.7022206767033,19870.0,19875.10997451469,ok,0.0005184068795242177,14480.783883687558,ok,-84.84120287228507,68.97923007407093,-0.12075761118525943,-63.60479119193951,61.30128692110561,-0.09053104369392324,1.5934355051406113,0.023497768154073895,0.011382457714584297
790,0,107.08095,Forward,0.0990760814192703,459.6002997618234,19875.0,19875.111762279997,ok,0.0005323032417249682,14481.027147478559,ok,-84.83941510697696,68.97923261866319,-0.12075506659300168,-63.36152740093894,61.30163316742573,-0.09018479737380306,1.5934355051406113,0.02294859156632785,0.011382457714584297
791,0,107.21626666666667,Forward,0.09896146399512307,459.75054951869606,19875.0,19875.012639110653,ok,0.0005181614281227999,14480.680546788526,ok,-84.9385382763212,68.9790915330027,-0.12089615225348131,-63.70812809097151,61.30113983788835,-0.09067812691118009,1.5934355051406113,0.02359359470643939,0.011382457714584297
792,0,107.35158333333334,Forward,0.09914178328406402,460.226849596027,19860.0,19875.152474913946,ok,0.000522977637942683,14481.14970890269,ok,-84.79870247302824,68.9792905664557,-0.12069711880048738,-63.23896597680687,61.30180761361815,-0.09001035118138011,1.5934355051406113,0.02272857060209886,0.011382457714584297
793,0,107.48661666666666,Forward,0.09914330377000673,459.6360264945142,19875.0,19875.01531085335,ok,0.0005313122056699889,14481.005054637308,ok,-84.93586653362581,68.97909533579256,-0.12089234946362598,-63.38362024218986,61.30160172187046,-0.09021624292906907,1.5934355051406113,0.022861415159943305,0.011382457714584297
794,0,107.62278333333333,Forward,0.09908551998477719,459.543146822969,19860.0,19875.02059162427,ok,0.0005401589711638895,14481.172918082408,ok,-84.93058576270414,68.97910285210847,-0.12088483314773077,-63.21575679708985,61.3018406480991,-0.0899773167004285,1.5934355051406113,0.022488217940013266,0.011382457714584297
795,0,107.7586,Forward,0.09910605881812393,460.0731444210214,19880.0,19875.05837919906,ok,0.0005267653921897275,14481.228082872045,ok,-84.89279818791329,68.97915663655647,-0.12083104869972976,-63.16059200745258,61.3019191661775,-0.08989879862203488,1.5934355051406113,0.022416888894106493,0.011382457714584297
796,0,107.8939,Forward,0.09905618689186918,459.8440866539786,19865.0,19875.15304254258,ok,0.0005278626881510616,14480.916388773443,ok,-84.79813484439364,68.97929137438246,-0.1206963108737297,-63.472286106054526,61.30147552047831,-0.09034244432121685,1.5934355051406113,0.023258547528886037,0.011382457714584297
797,0,108.02868333333333,Forward,0.09909333520906405,459.6333421434283,19880.0,19875.18202519649,ok,0.0005196987549708747,14479.073507921097,ok,-84.76915219048533,68.97933262646202,-0.12065505879415882,-65.31516695840037,61.29885248023496,-0.09296548456456818,1.5934355051406113,0.027479445063625582,0.011382457714584297
798,0,108.16506666666666,Forward,0.09894240051312961,460.0656154348726,19870.0,19875.147458818275,ok,0.0005311828548593114,14480.827953300877,ok,-84.80371856869897,68.97928342686185,-0.12070425839434233,-63.56072157862036,61.301349647010596,-0.09046831778893707,1.5934355051406113,0.023451171260893952,0.011382457714584297
799,0,108.30118333333333,Forward,0.0990165377004669,459.8639101113986,19860.0,19875.22473938617,ok,0.0005277369914685732,14480.685866972453,ok,-84.7264380008055,68.9793934231426,-0.12059426211359767,-63.70280790704419,61.30114741030223,-0.09067055449730123,1.5934355051406113,0.02388341869318883,0.011382457714584297
800,0,108.43675,Forward,0.09904916108083103,459.64507301058256,19865.0,19875.08557011869,ok,0.0005277588765328997,14480.765371171845,ok,-84.86560726828611,68.97919533839459,-0.12079234686160223,-63.62330370765267,61.301260571559645,-0.0905573932398852,1.5934355051406113,0.023505018779811204,0.011382457714584297
801,0,108.57206666666667,Forward,0.09907832779976557,459.5621955079587,19865.0,19875.132065247384,ok,0.0005373665676156011,14480.692363973234,ok,-84.81911213959029,68.97926151662502,-0.12072616863117909,-63.696310906263534,61.30115665772291,-0.09066130707661907,1.5934355051406113,0.023736777007161494,0.011382457714584297
802,0,108.7079,Forward,0.09907098917881678,458.95371223143957,19855.0,19875.379200057294,ok,0.0005275685500019436,14480.748767293731,ok,-84.57197732968052,68.97961327270903,-0.12037441254716469,-63.639907585766196,61.30123693864793,-0.09058102615160167,1.5934355051406113,0.02396061061486765,0.011382457714584297
803,0,108.8438,Forward,0.09900685855841605,459.93301252422316,19865.0,19875.27192804266,ok,0.0005249229545078108,14481.104826629446,ok,-84.67924934431358,68.97946058849669,-0.12052709675949978,-63.28384825005196,61.30174373102434,-0.09007423377519246,1.5934355051406113,0.023000385436227525,0.011382457714584297
804,0,108.97936666666666,Forward,0.09909705097241064,459.2147524160573,19870.0,19875.208869724473,ok,0.0005256555503817172,14480.846810778674,ok,-84.74230766250184,68.97937083526817,-0.1206168499880253,-63.54186410082366,61.3013764875538,-0.09044147724572676,1.5934355051406113,0.023495810992682442,0.011382457714584297
805,0,109.1147,Forward,0.09907055209960308,459.8753889195832,19870.0,19875.20136179503,ok,0.0005250905242072322,14480.457682403307,ok,-84.74981559194566,68.97936014895546,-0.12062753630073526,-63.93099247619102,61.30082262679437,-0.09099533800515636,1.5934355051406113,0.02436766607895173,0.011382457714584297
806,0,109.25053333333334,Forward,0.09898704533100026,459.13428832199133,19880.0,19875.296505813443,ok,0.0005127356981349469,14478.940087069734,ok,-84.65467157353123,68.97949557094375,-0.1204921143124404,-65.44858780976392,61.29866257741949,-0.09315538738003416,1.5934355051406113,0.02794498743403366,0.011382457714584297
807,0,109.38651666666667,Forward,0.09899886770964739,460.1207021853661,19860.0,19875.28762349398,ok,0.0005323016728142906,14480.871170572818,ok,-84.66355389299497,68.97948292841107,-0.12050475684512396,-63.51750430667926,61.30141115974668,-0.0904068050528505,1.5934355051406113,0.02355265623241362,0.011382457714584297
808,0,109.52155,Forward,0.09907144548364599,459.5631379319275,19865.0,19875.382772716934,ok,0.0005214289913011656,14480.567969762902,ok,-84.56840467004076,68.97961835780717,-0.1203693274490158,-63.82070511659549,61.300979602858334,-0.09083836194119443,1.5934355051406113,0.024375743696897045,0.011382457714584297
809,0,109.65715,Forward,0.09899746711618743,459.50170420247014,19880.0,19875.308585875107,ok,0.0005310055918202296,14481.185987174667,ok,-84.64259151186707,68.97951276494078,-0.12047492031541833,-63.20268770483017,61.30185924981983,-0.08995871497970544,1.5934355051406113,0.022868490130068878,0.011382457714584297
810,0,109.79418333333334,Forward,0.09895414204116446,459.93645715703315,19860.0,19875.19627030423,ok,0.0005284493365981056,14480.879574659522,ok,-84.75490708274447,68.97935290204893,-0.12063478320725497,-63.50910021997515,61.30142312159305,-0.09039484320648077,1.5934355051406113,0.023403569439570046,0.011382457714584297
811,0,109.93028333333334,Forward,0.09894419281130465,459.37685001788486,19865.0,19875.325600028267,ok,0.0005314802570559083,14480.685547674826,ok,-84.62557735870723,68.97953698181209,-0.12045070344410623,-63.703127204671546,61.30114695583415,-0.09067100896538315,1.5934355051406113,0.024027701528257964,0.011382457714584297
812,0,110.06533333333333,Forward,0.0989514263459425,459.66100914670096,19875.0,19875.32456432128,ok,0.0005271501741973689,14481.204057112665,ok,-84.62661306569498,68.97953550765216,-0.12045217760403672,-63.18461776683216,61.30188496942861,-0.0899329953709183,1.5934355051406113,0.022850250303630734,0.011382457714584297
813,0,110.20116666666667,Forward,0.09906258606377652,459.74047581421473,19860.0,19875.20781173826,ok,0.0005230394796633942,14480.770402698507,ok,-84.74336564871555,68.9793693293974,-0.12061835585879928,-63.61827218099097,61.301267733117,-0.09055023168253203,1.5934355051406113,0.023667598302855516,0.011382457714584297
814,0,110.3369,Forward,0.09901796285234601,459.6737502258038,19870.0,19875.315477089516,ok,0.0005307749819867107,14480.301634413983,ok,-84.63570029745824,68.97952257346024,-0.12046511179594899,-64.08704046551429,61.30060051793944,-0.09121744686008745,1.5934355051406113,0.02488400671919133,0.011382457714584297
815,0,110.47273333333334,Forward,0.09915765153865697,459.41946083999574,19870.0,19875.081958936767,ok,0.0005255820164480138,14480.728021283707,ok,-84.86921845020697,68.97919019846626,-0.1207974867899337,-63.66065359579079,61.30120741008719,-0.09061055471234081,1.5934355051406113,0.023584588229196082,0.011382457714584297
816,0,110.60751666666667,Forward,0.09903207293188715,459.69313660029,19865.0,19875.234488397284,ok,0.0005297861414593283,14480.900009515319,ok,-84.71668898969074,68.97940729926945,-0.12058038598674206,-63.488665364178814,61.30145220727651,-0.09036575752302345,1.5934355051406113,0.02341162049937079,0.011382457714584297
817,0,110.74415,Forward,0.09909002099401595,459.6564687971586,19865.0,19874.97998726354,ok,0.000538479287326746,14480.859419106198,ok,-84.97119012343319,68.97904505842521,-0.12094262683098071,-63.529255773299155,61.301394433451094,-0.09042353134843448,1.5934355051406113,0.02314143851980989,0.011382457714584297
818,0,110.87946666666667,Forward,0.09909185640277504,459.4633400906896,19855.0,19875.229011846855,ok,0.000528022754245401,14480.017502598606,ok,-84.72216554011902,68.97939950429337,-0.12058818096282521,-64.37117228089119,61.300196102653885,-0.09162186214564505,1.5934355051406113,0.025405347227144146,0.011382457714584297
819,0,111.0148,Forward,0.09906343831618161,459.41962850362324,19850.0,19875.13603808583,ok,0.0005277806398716805,14481.006492286368,ok,-84.81513930114306,68.97926717131242,-0.12072051394378346,-63.38218259312998,61.301603768129354,-0.09021419667017226,1.5934355051406113,0.02302999009820693,0.011382457714584297
820,0,111.15011666666666,Forward,0.09913452587420019,459.88703164713297,19855.0,19875.15360277929,ok,0.0005206306317874071,14480.508592066073,ok,-84.79757460768451,68.97929217178802,-0.12069551346817199,-63.88008281342445,61.30089508839386,-0.09092287640567628,1.5934355051406113,0.02418422602614416,0.011382457714584297
821,0,111.28623333333333,Forward,0.09902566652860562,459.76994442474825,19855.0,19875.036298080457,ok,0.0005343161431485399,14481.053524036075,ok,-84.91487930651783,68.97912520768648,-0.12086247756972111,-63.335150843422525,61.30167071015225,-0.0901472546472841,1.5934355051406113,0.02278135867621335,0.011382457714584297
822,0,111.4226,Forward,0.09899396376623888,459.91078816925074,19865.0,19874.916990550726,ok,0.0005279618910986181,14480.691905042362,ok,-85.03418683624841,68.97895539288189,-0.12103229237430807,-63.696769837135434,61.301156004509686,-0.09066196028984463,1.5934355051406113,0.023431694117178548,0.011382457714584297
823,0,111.55845,Forward,0.0990996203498232,459.8415565380965,19855.0,19874.908966442712,ok,0.000518973357397534,14478.660612155116,ok,-85.04221094426248,68.97894397187319,-0.12104371338300275,-65.72806272438174,61.29826479047244,-0.09355317432709402,1.5934355051406113,0.02802723620839799,0.011382457714584297
824,0,111.69401666666667,Forward,0.09909925362489062,460.03359489171635,19880.0,19874.766801788475,ok,0.0005320637700762194,14480.868996764333,ok,-85.18437559849917,68.9787416236808,-0.12124606157538333,-63.519678115164425,61.30140806568494,-0.0904098991145912,1.5934355051406113,0.022816281689986992,0.011382457714584297
825,0,111.83038333333333,Forward,0.0991913181099078,459.94063244412246,19870.0,19874.729681125944,ok,0.0005215614251127469,14480.38866737013,ok,-85.22149626103055,68.9786887884736,-0.12129889678258392,-64.0000075093667,61.30072439515385,-0.09109356964568026,1.5934355051406113,0.023852831380842057,0.011382457714584297
826,0,111.9663,Forward,0.09924325604270487,460.2554265801773,19880.0,19874.757700741437,ok,0.0005278558550008905,14480.584478702807,ok,-85.19347664553788,68.9787286698251,-0.12125901543108637,-63.80419617669031,61.301003100641,-0.0908148641585292,1.5934355051406113,0.0234486135136356,0.011382457714584297
827,0,112.10165,Forward,0.09924906190459051,460.00690223184574,19870.0,19874.64386059092,ok,0.0005289648367983046,14480.279689306966,ok,-85.30731679605378,68.97856663694287,-0.12142104831331653,-64.10898557253131,61.30056928265976,-0.09124868213977308,1.5934355051406113,0.023977841605487868,0.011382457714584297
828,0,112.23645,Forward,0.0992218535886677,460.48803692432193,19860.0,19874.706919011685,ok,0.000520885609724993,14479.767360734042,ok,-85.24425837528906,68.9786563903174,-0.12133129493879018,-64.62131414545547,61.29984006651814,-0.09197789828138539,1.5934355051406113,0.0252295538709809,0.011382457714584297
829,0,112.37228333333333,Forward,0.09930477127184248,460.27359786258603,19855.0,19874.698291892415,ok,0.0005188560894250893,14480.519408103699,ok,-85.25288549455945,68.97864411102056,-0.12134357423563219,-63.86926677579868,61.300910483258875,-0.09090748154065835,1.5934355051406113,0.023511634534167547,0.011382457714584297
