scan_index,channel_id,time_min,direction,DipDepth,CentroidWidthMotor,RawMinimumMotor,SPRMotor,SPRQuality,TIREdgeSlope,TIRMotor,TIRQuality,DeltaSPRMotor,SPRAngleEmpirical,DeltaSPRAngle,DeltaTIRMotor,TIRAngleEmpirical,DeltaTIRAngle,BulkSensitivity,PureKineticsCandidate,AngleCalibrationRMSEDeg
0,0,0.14448333333333332,Forward,0.10315902610548275,469.06363359829993,19855.0,19863.12624159238,ok,0.0005255286635390886,14343.681434259875,ok,-96.82493579459333,68.9621731852977,-0.13781449995849515,-64.05861418996028,61.106143951416016,-0.09117698669433565,1.5934355051406113,0.007470147891992351,0.011382457714584297
1,0,0.28031666666666666,Forward,0.10343077994856123,470.03257244188353,19865.0,19862.47206653132,ok,0.0005270624797526219,14343.182934072049,ok,-97.47911085565283,68.96124207382124,-0.13874561143494882,-64.557114377787,61.10543441772461,-0.09188652038574235,1.5934355051406113,0.007669632591519621,0.011382457714584297
2,0,0.4159,Forward,0.10365821453052954,470.3892785399221,19850.0,19862.395004381822,ok,0.0005234121014766579,14342.778237683007,ok,-97.55617300515223,68.96113238842345,-0.1388552968327426,-64.96181076682842,61.1048583984375,-0.09246253967285109,1.5934355051406113,0.008477796777450697,0.011382457714584297
3,0,0.5517166666666666,Forward,0.10365544067864256,469.9860226342171,19865.0,19862.12344806856,ok,0.0005198700524610066,14342.729995729345,ok,-97.82772931841464,68.96074587231357,-0.13924181294262386,-65.01005272049042,61.10478973388672,-0.09253120422363431,1.5934355051406113,0.00820069320073194,0.011382457714584297
4,0,0.6867666666666666,Forward,0.1036413191979351,470.4220668758462,19835.0,19862.084430593306,ok,0.0005210576372469291,14342.681753775685,ok,-97.86674679366843,68.9606903373029,-0.13929734795328633,-65.0582946741506,61.10472106933594,-0.09259986877441494,1.5934355051406113,0.008254570723227855,0.011382457714584297
5,0,0.82235,Forward,0.10379735066945908,470.41143643528267,19850.0,19861.938832297325,ok,0.0005215784986393061,14342.338699882988,ok,-98.0123450896499,68.96048310188166,-0.13950458337452185,-65.40134856684745,61.10423278808594,-0.09308815002441367,1.5934355051406113,0.00882537998223476,0.011382457714584297
6,0,0.9581833333333334,Forward,0.10378973342748485,470.3969378887814,19850.0,19861.966602914115,ok,0.0005272130601702684,14342.17521326225,ok,-97.9845744728591,68.96052262882414,-0.13946505643205442,-65.56483518758614,61.104000091552734,-0.09332084655761669,1.5934355051406113,0.00923569384263101,0.011382457714584297
7,0,1.0948333333333333,Forward,0.10381622952367844,470.53421568244084,19855.0,19861.87073682392,ok,0.0005323741805571633,14342.164492828102,ok,-98.08044056305516,68.96038617908447,-0.13960150617173073,-65.57555562173366,61.10398483276367,-0.0933361053466802,1.5934355051406113,0.009123557999213938,0.011382457714584297
8,0,1.2304333333333333,Forward,0.10390547904830943,471.2037584781501,19855.0,19861.6335049639,ok,0.0005251996557513396,14342.17521326225,ok,-98.31767242307615,68.96004851823403,-0.1399391670221585,-65.56483518758614,61.104000091552734,-0.09332084655761669,1.5934355051406113,0.008761583252526933,0.011382457714584297
9,0,1.3668,Forward,0.10398106964200773,471.05759447467426,19855.0,19861.731967919997,ok,0.0005251863237074826,14342.17521326225,ok,-98.21920946697719,68.96018866418866,-0.13979902106752548,-65.56483518758614,61.104000091552734,-0.09332084655761669,1.5934355051406113,0.008901729207159953,0.011382457714584297
10,0,1.5034,Forward,0.1039695597395905,470.51330961784697,19855.0,19861.519169388434,ok,0.0005321875926550447,14342.17521326225,ok,-98.43200799854094,68.95988578019521,-0.14010190506097914,-65.56483518758614,61.104000091552734,-0.09332084655761669,1.5934355051406113,0.008598845213706297,0.011382457714584297
11,0,1.63895,Forward,0.10402328018178081,470.69576330538985,19855.0,19861.704296072636,ok,0.0005240153744880824,14342.164492828102,ok,-98.24688131433868,68.96014927782836,-0.13983840742782364,-65.57555562173366,61.10398483276367,-0.0933361053466802,1.5934355051406113,0.00888665674312103,0.011382457714584297
12,0,1.7745166666666667,Forward,0.10397968956260958,470.9595547092431,19855.0,19861.45689865461,ok,0.0005276494730449745,14342.159132611028,ok,-98.49427873236345,68.95979714796454,-0.14019053729164754,-65.58091583880741,61.10397720336914,-0.09334373474121196,1.5934355051406113,0.008546683827426765,0.011382457714584297
13,0,1.9103666666666668,Forward,0.10398237955101464,471.04871622844075,19855.0,19861.210114634658,ok,0.0005228310001560213,14342.143051959809,ok,-98.7410627523168,68.9594458911728,-0.1405417940833873,-65.59699649002687,61.10395431518555,-0.09336662292480465,1.5934355051406113,0.008231897880071781,0.011382457714584297
14,0,2.0468166666666665,Forward,0.10403690779177815,470.51005251827155,19850.0,19861.183376457,ok,0.0005258281128622993,14342.124291200053,ok,-98.76780092997433,68.95940783373901,-0.14057985151718194,-65.6157572497832,61.10392761230469,-0.0933933258056632,1.5934355051406113,0.008236389764726681,0.011382457714584297
15,0,2.1837,Forward,0.10394163091915588,470.91971756246494,19855.0,19861.440979164363,ok,0.0005267943171159041,14342.124291200053,ok,-98.5101982226115,68.9597744891673,-0.14021319608888944,-65.6157572497832,61.10392761230469,-0.0933933258056632,1.5934355051406113,0.008603045193019188,0.011382457714584297
16,0,2.3187166666666665,Forward,0.10410307326706192,470.8131818715956,19850.0,19861.23736945707,ok,0.0005300278762952378,14342.116250874442,ok,-98.71380792990385,68.95948468396612,-0.1405030012900694,-65.62379757539384,61.10391616821289,-0.09340476989746083,1.5934355051406113,0.008331475414033646,0.011382457714584297
17,0,2.4539833333333334,Forward,0.10405940680857938,470.6740738316621,19840.0,19861.197603862605,ok,0.0005298365546772999,14342.116250874442,ok,-98.75357352436913,68.95942808412981,-0.14055960112638027,-65.62379757539384,61.10391616821289,-0.09340476989746083,1.5934355051406113,0.008274875577722773,0.011382457714584297
18,0,2.5890166666666667,Forward,0.1041699886765291,470.96176922005907,19855.0,19861.125916786415,ok,0.0005126143394782467,14341.942043819556,ok,-98.82526060055898,68.95932604927198,-0.1406616359842143,-65.79800463028005,61.103668212890625,-0.09365272521972737,1.5934355051406113,0.008567941534076834,0.011382457714584297
19,0,2.7235833333333335,Forward,0.10417916935793214,470.5116808133571,19865.0,19860.99599233147,ok,0.000523201856279691,14341.861640563455,ok,-98.95518505550353,68.9591411230064,-0.14084656224978445,-65.87840788638096,61.103553771972656,-0.09376716613769594,1.5934355051406113,0.008565369490438707,0.011382457714584297
20,0,2.8588833333333334,Forward,0.10411821541520269,471.58143443346125,19855.0,19861.09148893087,ok,0.0005405366225764536,14341.797317958573,ok,-98.85968845610478,68.9592770468362,-0.1407106384199789,-65.94273049126241,61.10346221923828,-0.09385871887207184,1.5934355051406113,0.008847176697791503,0.011382457714584297
21,0,2.9933833333333335,Forward,0.1041714420768011,470.94432670499737,19845.0,19860.84868575974,ok,0.0005237391182638065,14341.797317958573,ok,-99.10249162723267,68.95893145613334,-0.14105622912285648,-65.94273049126241,61.10346221923828,-0.09385871887207184,1.5934355051406113,0.008501585994913935,0.011382457714584297
22,0,3.127883333333333,Forward,0.10419050396833054,470.8875807986915,19840.0,19860.97940469131,ok,0.0005345303232677755,14341.797317958573,ok,-98.971772695666,68.95911751320676,-0.1408701720494267,-65.94273049126241,61.10346221923828,-0.09385871887207184,1.5934355051406113,0.008687643068343714,0.011382457714584297
23,0,3.2629333333333332,Forward,0.10426494600108077,470.7946537890639,19865.0,19860.8446961855,ok,0.0005329773208540214,14341.861640563455,ok,-99.1064812014738,68.95892577762527,-0.14106190763092444,-65.87840788638096,61.103553771972656,-0.09376716613769594,1.5934355051406113,0.00835002410929872,0.011382457714584297
24,0,3.3979833333333334,Forward,0.10424201152475734,470.90027302366434,19855.0,19860.816482034377,ok,0.0005249659616966436,14341.861640563455,ok,-99.13469535259719,68.95888561938403,-0.1411020658721555,-65.87840788638096,61.103553771972656,-0.09376716613769594,1.5934355051406113,0.008309865868067645,0.011382457714584297
25,0,3.5335833333333335,Forward,0.10421974994741351,471.2464955715732,19855.0,19860.82481768974,ok,0.0005226215958061107,14341.891121757359,ok,-99.12635969723488,68.95889748382956,-0.14109020142663684,-65.84892669247711,61.10359573364258,-0.09372520446777387,1.5934355051406113,0.008254867098877489,0.011382457714584297
26,0,3.668083333333333,Forward,0.1042872725183086,471.3226747988592,19855.0,19860.807806215587,ok,0.0005281267826129743,14341.891121757359,ok,-99.14337117138712,68.95887327077138,-0.14111441448481868,-65.84892669247711,61.10359573364258,-0.09372520446777387,1.5934355051406113,0.008230654040695645,0.011382457714584297
27,0,3.803383333333333,Forward,0.104090985536681,471.0654302140174,19845.0,19860.811276398403,ok,0.0005257266281544967,14341.65527220613,ok,-99.13990098857175,68.95887821001048,-0.14110947524571113,-66.08477624370607,61.1032600402832,-0.09406089782714784,1.5934355051406113,0.008770498997469622,0.011382457714584297
28,0,3.9384166666666665,Forward,0.10428654733008764,471.4997504158491,19855.0,19860.73627003812,ok,0.0005307662878934585,14341.65527220613,ok,-99.21490734885447,68.95877145069325,-0.14121623456293905,-66.08477624370607,61.1032600402832,-0.09406089782714784,1.5934355051406113,0.0086637396802417,0.011382457714584297
29,0,4.072666666666667,Forward,0.10422891324209879,471.6395261293619,19870.0,19860.74638054772,ok,0.0005363116072204005,14341.891121757359,ok,-99.20479683925441,68.95878584135423,-0.14120184390196497,-65.84892669247711,61.10359573364258,-0.09372520446777387,1.5934355051406113,0.008143224623549356,0.011382457714584297
30,0,4.2077,Forward,0.10418751251759749,471.87918989919854,19850.0,19860.64359762954,ok,0.0005343113043448801,14341.572188841492,ok,-99.30757975743472,68.95863954663834,-0.14134813861785658,-66.16785960834386,61.10314178466797,-0.09417915344238229,1.5934355051406113,0.008720268321320973,0.011382457714584297
31,0,4.3422,Forward,0.1043596563531341,470.92537244976484,19855.0,19860.66383973838,ok,0.0005241592315407945,14341.502506019537,ok,-99.28733764859498,68.95866835797794,-0.141319327278247,-66.23754243029907,61.10304260253906,-0.09427833557128994,1.5934355051406113,0.008907119986607426,0.011382457714584297
32,0,4.478316666666666,Forward,0.10431331209899136,471.3155580068269,19860.0,19860.609147064733,ok,0.0005386042559587344,14341.950084145166,ok,-99.34203032224104,68.95859051187963,-0.14139717337654875,-65.78996430466941,61.10367965698242,-0.09364128112792974,1.5934355051406113,0.00781416871954796,0.011382457714584297
33,0,4.6134,Forward,0.1042717894397347,471.74434638686216,19865.0,19860.61800062833,ok,0.0005284752528222792,14341.481065151243,ok,-99.333176758646,68.95860311348304,-0.141384571773153,-66.25898329859228,61.10301208496094,-0.09430885314941438,1.5934355051406113,0.00889050328421584,0.011382457714584297
34,0,4.748683333333333,Forward,0.10423180838695348,472.089918563066,19840.0,19860.550406854967,ok,0.0005367815151155058,14341.481065151243,ok,-99.4007705320073,68.958506904774,-0.1414807804821973,-66.25898329859228,61.10301208496094,-0.09430885314941438,1.5934355051406113,0.00879429457517153,0.011382457714584297
35,0,4.884,Forward,0.104344272086698,471.2090532888069,19865.0,19860.383791392633,ok,0.0005243590297284216,14341.328298964652,ok,-99.56738599434175,68.95826975484522,-0.1417179304109686,-66.41174948518346,61.1027946472168,-0.0945262908935539,1.5934355051406113,0.008903617668069796,0.011382457714584297
36,0,5.019033333333334,Forward,0.10435016455579843,471.22873027696915,19860.0,19860.526514159974,ok,0.0005203886313780314,14341.328298964652,ok,-99.42466322700056,68.95847289742056,-0.1415147878356351,-66.41174948518346,61.1027946472168,-0.0945262908935539,1.5934355051406113,0.009106760243403317,0.011382457714584297
37,0,5.1538,Forward,0.10433980394379938,471.8214094596842,19875.0,19860.411741282223,ok,0.0005312747636820425,14341.328298964652,ok,-99.53943610475108,68.95830953695327,-0.1416781483029174,-66.41174948518346,61.1027946472168,-0.0945262908935539,1.5934355051406113,0.00894339977612102,0.011382457714584297
38,0,5.288833333333334,Forward,0.10442528371577534,471.49114521633965,19850.0,19860.409026765814,ok,0.000529883489722625,14341.561468407344,ok,-99.54215062116054,68.95830567328201,-0.14168201197417657,-66.17858004249138,61.103126525878906,-0.0941944122314458,1.5934355051406113,0.008410708861260247,0.011382457714584297
39,0,5.42335,Forward,0.10427167885986886,471.91261798543565,19850.0,19860.425379626122,ok,0.0005190658727748408,14341.438183414657,ok,-99.52579776085258,68.95832894891083,-0.14165873634535495,-66.30186503517871,61.10295104980469,-0.09436988830566324,1.5934355051406113,0.008713594297042632,0.011382457714584297
40,0,5.5584,Forward,0.10418820677092991,472.0158704930145,19840.0,19860.460418574985,ok,0.0005332200399059834,14341.491785585391,ok,-99.49075881198951,68.95837882113824,-0.14160886411794774,-66.24826286444477,61.10302734375,-0.09429359436035087,1.5934355051406113,0.008641897043161845,0.011382457714584297
41,0,5.6931666666666665,Forward,0.10433280506713372,471.7455056390718,19850.0,19860.410496515102,ok,0.000516649833132655,14341.561468407344,ok,-99.54068087187261,68.95830776523036,-0.14167992002584198,-66.17858004249138,61.103126525878906,-0.0941944122314458,1.5934355051406113,0.008412800809594834,0.011382457714584297
42,0,5.828,Forward,0.10427013766257862,471.17833524290836,19855.0,19860.345183553614,ok,0.0005219993156859793,14341.561468407344,ok,-99.60599383336012,68.95821480288491,-0.14177288237127855,-66.17858004249138,61.103126525878906,-0.0941944122314458,1.5934355051406113,0.008319838464158263,0.011382457714584297
43,0,5.964666666666667,Forward,0.10436498681488099,471.07869177995235,19845.0,19860.320942379414,ok,0.000523527340711877,14341.558788298807,ok,-99.63023500756026,68.95818029952818,-0.14180738572801596,-66.18126015102825,61.10312271118164,-0.09419822692871169,1.5934355051406113,0.00829141358148569,0.011382457714584297
44,0,6.099966666666667,Forward,0.10428984046113739,471.52793950304476,19850.0,19860.369962952835,ok,0.0005295466297514988,14341.797317958573,ok,-99.58121443413984,68.95825007231716,-0.14173761293903167,-65.94273049126241,61.10346221923828,-0.09385871887207184,1.5934355051406113,0.007820202178738744,0.011382457714584297
45,0,6.235283333333333,Forward,0.1042802509830123,471.354913989966,19860.0,19860.24076590291,ok,0.0005198346225004137,14341.797317958573,ok,-99.71041148406584,68.95806618139396,-0.1419215038622277,-65.94273049126241,61.10346221923828,-0.09385871887207184,1.5934355051406113,0.007636311255542705,0.011382457714584297
46,0,6.370866666666666,Forward,0.1043458771753351,471.51585622026687,19855.0,19860.420113615997,ok,0.0005227049963517278,14341.832159369551,ok,-99.5310637709772,68.95832145360453,-0.14166623165166364,-65.9078890802848,61.103511810302734,-0.093809127807618,1.5934355051406113,0.007812563303268322,0.011382457714584297
47,0,6.504833333333333,Forward,0.10431730558948848,471.6242815365622,19850.0,19860.512630422327,ok,0.0005322322069963467,14341.612390469541,ok,-99.43854696464768,68.95845313618503,-0.14153454907116486,-66.12765798029432,61.10319900512695,-0.0941219329833993,1.5934355051406113,0.008442680757048765,0.011382457714584297
48,0,6.6406833333333335,Forward,0.10421143737921348,471.89850794007725,19840.0,19860.602372648522,ok,0.0005161259452130993,14341.612390469541,ok,-99.3488047384526,68.95858086960335,-0.14140681565283889,-66.12765798029432,61.10319900512695,-0.0941219329833993,1.5934355051406113,0.008570414175374741,0.011382457714584297
49,0,6.77545,Forward,0.1043285963172094,471.4764312741172,19865.0,19860.545618216787,ok,0.0005202981005260038,14341.553428081734,ok,-99.40555917018719,68.95850008892877,-0.14148759632742175,-66.18662036810201,61.10311508178711,-0.09420585632324344,1.5934355051406113,0.008623359930209518,0.011382457714584297
50,0,6.911016666666667,Forward,0.10424981354064325,470.8983237809043,19840.0,19860.653529739397,ok,0.0005314748779401455,14341.612390469541,ok,-99.29764764757783,68.95865368337638,-0.14133400187981254,-66.12765798029432,61.10319900512695,-0.0941219329833993,1.5934355051406113,0.008643227948401083,0.011382457714584297
51,0,7.045833333333333,Forward,0.10433427247347427,471.1907946098181,19855.0,19860.620577190817,ok,0.0005310126060235366,14341.612390469541,ok,-99.33060019615732,68.9586067807994,-0.1413809044567941,-66.12765798029432,61.10319900512695,-0.0941219329833993,1.5934355051406113,0.008596325371419522,0.011382457714584297
52,0,7.181966666666667,Forward,0.10428590679205574,471.44057370599694,19855.0,19860.422469583013,ok,0.0005364968216720757,14341.617750686615,ok,-99.52870780396188,68.95832480693922,-0.14166287831697283,-66.12229776322056,61.103206634521484,-0.09411430358886755,1.5934355051406113,0.008302194563111182,0.011382457714584297
53,0,7.3167333333333335,Forward,0.10430232353993013,471.5524880017001,19855.0,19860.490652239005,ok,0.0005240225587817471,14341.617750686615,ok,-99.46052514796975,68.95842185382662,-0.1415658314295746,-66.12229776322056,61.103206634521484,-0.09411430358886755,1.5934355051406113,0.00839924145050941,0.011382457714584297
54,0,7.451233333333334,Forward,0.10427267251498962,471.01543894913266,19840.0,19860.610455871258,ok,0.0005273129554195647,14341.617750686615,ok,-99.34072151571672,68.95859237475221,-0.14139531050398177,-66.12229776322056,61.103206634521484,-0.09411430358886755,1.5934355051406113,0.008569762376102241,0.011382457714584297
55,0,7.58735,Forward,0.1043494790658491,470.7031236746516,19850.0,19860.63850432153,ok,0.0005273551135605794,14341.422102763436,ok,-99.31267306544396,68.95863229714531,-0.1413553881108789,-66.31794568639998,61.102928161621094,-0.09439277648925852,1.5934355051406113,0.009053413375907565,0.011382457714584297
56,0,7.7224,Forward,0.10426923333404939,471.584692016786,19855.0,19860.78523207125,ok,0.0005211615270019482,14341.344379615872,ok,-99.16594531572264,68.95884114015969,-0.14114654509650523,-66.39566883396401,61.10281753540039,-0.09450340270996122,1.5934355051406113,0.009438532138148437,0.011382457714584297
57,0,7.857983333333333,Forward,0.10426143197334689,471.07382523619526,19855.0,19860.626651803203,ok,0.0005297437327555219,14341.344379615872,ok,-99.3245255837719,68.95861542701911,-0.14137225823708358,-66.39566883396401,61.10281753540039,-0.09450340270996122,1.5934355051406113,0.009212818997570094,0.011382457714584297
58,0,7.993816666666667,Forward,0.10424932159407782,471.5077398594003,19855.0,19860.636610950874,ok,0.0005172823388940464,14341.422102763436,ok,-99.3145664361,68.95862960224107,-0.14135808301512082,-66.31794568639998,61.102928161621094,-0.09439277648925852,1.5934355051406113,0.009050718471665636,0.011382457714584297
59,0,8.129116666666667,Forward,0.10421324447016433,470.8659596456964,19865.0,19860.669919553467,ok,0.0005266724168743425,14341.46766460856,ok,-99.28125783350697,68.95867701160286,-0.1413106736533381,-66.27238384127486,61.10299301147461,-0.09432792663574117,1.5934355051406113,0.008994793774350668,0.011382457714584297
60,0,8.264166666666666,Forward,0.10426603441789295,470.6726499510223,19850.0,19860.725872603653,ok,0.0005205918607905846,14341.46766460856,ok,-99.22530478332192,68.95875665164154,-0.14123103361465258,-66.27238384127486,61.10299301147461,-0.09432792663574117,1.5934355051406113,0.009074433813036187,0.011382457714584297
61,0,8.399233333333333,Forward,0.10423496134040756,471.0362079704755,19840.0,19860.720355266756,ok,0.0005320649850682658,14341.639191554908,ok,-99.23082212021836,68.95874879861258,-0.1412388866436192,-66.10085689492735,61.10323715209961,-0.0940837860107431,1.5934355051406113,0.008677558443950406,0.011382457714584297
62,0,8.534,Forward,0.10422244854819282,470.6301386061896,19850.0,19860.790284056133,ok,0.0005229712200331588,14341.639191554908,ok,-99.16089333084165,68.95884833083598,-0.14113935442021447,-66.10085689492735,61.10323715209961,-0.0940837860107431,1.5934355051406113,0.00877709066735513,0.011382457714584297
63,0,8.669833333333333,Forward,0.10418451527007395,471.2159169255465,19830.0,19860.818816533116,ok,0.0005311228435289238,14341.438183414657,ok,-99.1323608538587,68.95888894216213,-0.1410987430940544,-66.30186503517871,61.10295104980469,-0.09436988830566324,1.5934355051406113,0.009273587548343176,0.011382457714584297
64,0,8.805133333333334,Forward,0.10421616610854317,470.33978264440157,19840.0,19860.90914830863,ok,0.0005344376656170947,14341.438183414657,ok,-99.04202907834406,68.95901751470774,-0.14097017054845187,-66.30186503517871,61.10295104980469,-0.09436988830566324,1.5934355051406113,0.009402160093945705,0.011382457714584297
65,0,8.94045,Forward,0.10415421283081264,470.5511824040768,19855.0,19860.603066616586,ok,0.0005211320811568294,14341.491785585391,ok,-99.3481107703883,68.95858185735368,-0.14140582790251421,-66.24826286444477,61.10302734375,-0.09429359436035087,1.5934355051406113,0.008844933258595367,0.011382457714584297
66,0,9.076033333333333,Forward,0.10411987639537243,471.1576031792101,19855.0,19860.762288068217,ok,0.0005325030942541224,14341.491785585391,ok,-99.18888931875699,68.95880848311448,-0.14117920214171034,-66.24826286444477,61.10302734375,-0.09429359436035087,1.5934355051406113,0.009071559019399239,0.011382457714584297
67,0,9.210816666666666,Forward,0.1042521589987596,471.1223264952205,19830.0,19861.005731389225,ok,0.0005246481359754652,14341.786597524428,ok,-98.94544599774963,68.95915498496628,-0.14083270028991424,-65.9534509254081,61.10344696044922,-0.09387397766113276,1.5934355051406113,0.008749428724111302,0.011382457714584297
68,0,9.345583333333334,Forward,0.10395368884843223,471.2074701631791,19850.0,19861.42630513183,ok,0.0005343687116710125,14341.9232830598,ok,-98.52487225514415,68.95975360307594,-0.140234082180259,-65.81676539003638,61.103641510009766,-0.09367942810058592,1.5934355051406113,0.009038044656481697,0.011382457714584297
69,0,9.480616666666666,Forward,0.10372222717772094,470.8644337007936,19840.0,19861.906693706445,ok,0.0005259134111166523,14342.118930982979,ok,-98.04448368052908,68.96043735784069,-0.13955032741550713,-65.62111746685696,61.103919982910156,-0.09340095520019495,1.5934355051406113,0.009278070814531109,0.011382457714584297
70,0,9.615916666666667,Forward,0.10336734769648348,468.98434127232395,19855.0,19863.2787072158,ok,0.0005179166562299336,14342.325299340304,ok,-96.67247017117552,68.9623901952392,-0.13759749001699867,-65.41474910953184,61.10421371459961,-0.09310722351074306,1.5934355051406113,0.010762865710082004,0.011382457714584297
71,0,9.7507,Forward,0.10248694880754247,467.3706966662394,19855.0,19865.721361144944,ok,0.0005242015489077978,14342.354780534208,ok,-94.22981624203021,68.96586691460962,-0.13412077064657787,-65.38526791562799,61.10425567626953,-0.09306526184082099,1.5934355051406113,0.014172721865793991,0.011382457714584297
72,0,9.886816666666666,Forward,0.10090737073795064,463.57233250835634,19855.0,19869.975065747367,ok,0.0005325151509024028,14346.053330314855,ok,-89.97611163960755,68.97192136915629,-0.1280663160998932,-61.686718134980765,61.109519958496094,-0.08780097961425884,1.5934355051406113,0.011838882203593859,0.011382457714584297
73,0,10.02215,Forward,0.098599474164697,458.3641606603014,19875.0,19876.454546699697,ok,0.0005288461554147447,14349.467788590613,ok,-83.4966306872775,68.98114385322106,-0.11884383203514441,-58.272259859222686,61.1143798828125,-0.08294105529785127,1.5934355051406113,0.013317390310282604,0.011382457714584297
74,0,10.157716666666667,Forward,0.09559731133191929,451.371236303803,19870.0,19885.388644480445,ok,0.0005332023577516959,14356.055495373825,ok,-74.56253290652967,68.99386008389169,-0.10612760136450329,-51.68455307601107,61.123756408691406,-0.07356452941894445,1.5934355051406113,0.011092731730603822,0.011382457714584297
75,0,10.292233333333334,Forward,0.09215330282708939,443.3089149645457,19895.0,19895.404602328643,ok,0.0005262248804208977,14361.335309191125,ok,-64.54657505833165,69.0081161658723,-0.09187151938389586,-46.40473925871083,61.13127136230469,-0.06604957580566442,1.5934355051406113,0.013374219804326126,0.011382457714584297
76,0,10.42815,Forward,0.08860754972094097,434.7323715206694,19905.0,19906.149061339456,ok,0.0005460488765569839,14368.617164085343,ok,-53.80211604751821,69.02340915040926,-0.07657853484692613,-39.122884364493075,61.14163589477539,-0.055685043334959924,1.5934355051406113,0.01215199030829256,0.011382457714584297
77,0,10.563433333333334,Forward,0.08541485912983265,426.0197049083836,19915.0,19915.491084017118,ok,0.0005295909217503823,14375.947260933219,ok,-44.46009336985662,69.03670599562128,-0.06328168963492295,-31.792787516616954,61.152069091796875,-0.04525184631347739,1.5934355051406113,0.008824208954138199,0.011382457714584297
78,0,10.698483333333334,Forward,0.0830130218952912,419.5830596359847,19915.0,19923.023284802577,ok,0.0005313713230779907,14381.824738954205,ok,-36.92789258439734,69.04742685462641,-0.052560830629788245,-25.915309495630936,61.16043472290039,-0.03688621520996093,1.5934355051406113,0.0062149743360211465,0.011382457714584297
79,0,10.8341,Forward,0.08105321132540398,414.6873381138321,19930.0,19929.016421698292,ok,0.0005335147327021361,14385.799339914132,ok,-30.934755688682344,69.05595710726936,-0.044030577986833325,-21.94070853570338,61.16609191894531,-0.03122901916503923,1.5934355051406113,0.005730849941456791,0.011382457714584297
80,0,10.9694,Forward,0.07984424354194822,411.0572965376814,19940.0,19933.029780890407,ok,0.0005341541949925176,14387.160835050776,ok,-26.921396496567468,69.06166946933473,-0.03831821592146104,-20.57921339905988,61.16802978515625,-0.02929115295410264,1.5934355051406113,0.00835534718211041,0.011382457714584297
81,0,11.105233333333333,Forward,0.07895712510856986,408.6133032501675,19935.0,19935.659585424044,ok,0.0005334219462207698,14390.91834721923,ok,-24.291591962930397,69.06541256705866,-0.03457511819753759,-16.82170123060496,61.173377990722656,-0.02394294738769635,1.5934355051406113,0.003576424267731422,0.011382457714584297
82,0,11.241083333333334,Forward,0.0784118454020439,407.09766290870175,19920.0,19937.46184098801,ok,0.00052679827213988,14391.845664772929,ok,-22.48933639896495,69.06797778383165,-0.03200990142453372,-15.894383676906727,61.17469787597656,-0.02262306213379058,1.5934355051406113,0.004038489014450308,0.011382457714584297
83,0,11.37665,Forward,0.07783215582960076,406.08117580371254,19940.0,19938.97888166008,ok,0.0005270622266967986,14392.451369302224,ok,-20.972295726893208,69.07013704373638,-0.02985064151981462,-15.288679147612129,61.175559997558594,-0.021760940551759103,1.5934355051406113,0.004824013780612459,0.011382457714584297
84,0,11.510883333333334,Forward,0.07754784240227436,405.4741122906562,19930.0,19939.933472880984,ok,0.0005297380491750007,14393.054393722981,ok,-20.01770450598997,69.07149574860608,-0.02849193665010382,-14.685654726854409,61.17641830444336,-0.020902633666993506,1.5934355051406113,0.0048150619858311275,0.011382457714584297
85,0,11.645683333333332,Forward,0.07732644452475548,404.19818662180114,19935.0,19940.734057688755,ok,0.0005381586503713451,14393.351885770557,ok,-19.217119698219904,69.0726352504715,-0.027352434784682904,-14.388162679279048,61.176841735839844,-0.020479202270506938,1.5934355051406113,0.005279853230099073,0.011382457714584297
86,0,11.781,Forward,0.07701002585879035,404.0229246374547,19925.0,19941.564669318785,ok,0.0005358687734248503,14395.219921420636,ok,-18.38650806818987,69.0738174906198,-0.026170194636389497,-12.520127029200012,61.179500579833984,-0.017820358276368596,1.5934355051406113,0.0022253969555025704,0.011382457714584297
87,0,11.9163,Forward,0.07696050385286518,403.30989997784854,19935.0,19942.108772852564,ok,0.0005345370408265706,14395.300324676738,ok,-17.84240453441089,69.07459193323439,-0.025395752021808517,-12.439723773097285,61.17961502075195,-0.017705917358397435,1.5934355051406113,0.002817485348147415,0.011382457714584297
88,0,12.0511,Forward,0.07665728203813377,402.71738276946417,19935.0,19942.595161476023,ok,0.0005330122946029622,14395.707701174317,ok,-17.3560159109511,69.07528422808981,-0.02470345716638188,-12.032347275518987,61.18019485473633,-0.01712608337402281,1.5934355051406113,0.0025858521457843807,0.011382457714584297
89,0,12.1856,Forward,0.07653617299788618,403.31807123775434,19945.0,19943.401107748057,ok,0.0005396897407041833,14396.115077671895,ok,-16.550069638917194,69.07643136112493,-0.023556324131257588,-11.624970777940689,61.1807746887207,-0.016546249389648184,1.5934355051406113,0.002809057123118998,0.011382457714584297
90,0,12.320916666666667,Forward,0.07627143803040018,402.3449370848539,19935.0,19943.672747399152,ok,0.0005301233034809083,14395.959631376765,ok,-16.278429987822165,69.07681799585262,-0.023169689403567412,-11.780417073070566,61.1805534362793,-0.016767501831056165,1.5934355051406113,0.003548243346547693,0.011382457714584297
91,0,12.4565,Forward,0.07626801168277447,401.18480662024376,19935.0,19944.40675006701,ok,0.0005304320523432038,14396.115077671895,ok,-15.544427319964598,69.07786272890418,-0.02212495635201562,-11.624970777940689,61.1807746887207,-0.016546249389648184,1.5934355051406113,0.004240424902360967,0.011382457714584297
92,0,12.591266666666666,Forward,0.07605085606574324,401.59857029013074,19940.0,19944.80168177323,ok,0.0005268714974625201,14396.763663937776,ok,-15.149495613743056,69.0784248497583,-0.021562835497877998,-10.976384512059667,61.181697845458984,-0.01562309265136784,1.5934355051406113,0.0033315550329128876,0.011382457714584297
93,0,12.7274,Forward,0.07581116224999182,401.3799161626994,19935.0,19945.07794123806,ok,0.0005367895007416767,14396.852107519488,ok,-14.873236148912838,69.07881806003718,-0.02116962521901816,-10.887940930348122,61.18182373046875,-0.015497207641601632,1.5934355051406113,0.0035241756676462795,0.011382457714584297
94,0,12.862016666666667,Forward,0.07584054256360309,400.4507205621085,19935.0,19945.54826349507,ok,0.0005325653437626281,14397.026314574374,ok,-14.402913891903154,69.07948748704105,-0.020500198215145468,-10.713733875461912,61.182071685791016,-0.015249252319335094,1.5934355051406113,0.003798501857330886,0.011382457714584297
95,0,12.99785,Forward,0.07559468487326848,400.2607264397302,19945.0,19945.74439927179,ok,0.0005336921577161019,14397.61325834391,ok,-14.206778115185443,69.07976665432136,-0.020221030934831796,-10.126790105925465,61.18290710449219,-0.014413833618164765,1.5934355051406113,0.0027464833175412998,0.011382457714584297
96,0,13.13315,Forward,0.0755226845290086,399.1841297712235,19930.0,19946.324404866125,ok,0.0005333047898902141,14397.787465398796,ok,-13.626772520849045,69.08059219766204,-0.01939548759415587,-9.952583051039255,61.18315505981445,-0.014165878295898228,1.5934355051406113,0.0031769258440291458,0.011382457714584297
97,0,13.269916666666667,Forward,0.07538828432642675,399.883932241406,19930.0,19946.641015341982,ok,0.0005391654323217357,14398.020634841489,ok,-13.310162044992467,69.08104284102217,-0.018944844234016076,-9.719413608347168,61.18348693847656,-0.013833999633790141,1.5934355051406113,0.00309874196056735,0.011382457714584297
98,0,13.404666666666667,Forward,0.07530974263423265,399.53972301415706,19945.0,19946.70759204168,ok,0.000538589236119398,14398.594178068342,ok,-13.243585345295287,69.08113760209278,-0.018850083163405935,-9.145870381493296,61.184303283691406,-0.013017654418946614,1.5934355051406113,0.0018927095813941718,0.011382457714584297
99,0,13.539733333333333,Forward,0.07513247993441233,399.2610502046373,19945.0,19947.4444076477,ok,0.0005247419490281779,14398.773745340302,ok,-12.506769739273295,69.08218633890291,-0.01780134635328345,-8.966303109533328,61.1845588684082,-0.01276206970214832,1.5934355051406113,0.002534188629198946,0.011382457714584297
100,0,13.674766666666667,Forward,0.07516908487192295,399.0311674319928,19920.0,19947.4374367775,ok,0.0005343128154565896,14398.998874457386,ok,-12.513740609472734,69.08217641700642,-0.01781126824977558,-8.741173992450058,61.184879302978516,-0.012441635131835278,1.5934355051406113,0.0020136749112955425,0.011382457714584297
101,0,13.809016666666666,Forward,0.07506188527285347,399.0991663411405,19960.0,19947.607561528235,ok,0.0005390090066242298,14399.089998147632,ok,-12.343615858739213,69.08241856183471,-0.01756912342147802,-8.650050302203454,61.18500900268555,-0.012311935424805782,1.5934355051406113,0.0020491516214059674,0.011382457714584297
102,0,13.944083333333333,Forward,0.07492008877612963,398.5182328725714,19945.0,19948.022139720713,ok,0.000530841876485355,14399.183801946418,ok,-11.929037666261138,69.08300864625689,-0.016979038999307375,-8.556246503418151,61.185142517089844,-0.012178421020507818,1.5934355051406113,0.002426489451320537,0.011382457714584297
103,0,14.078866666666666,Forward,0.07491061905409216,398.06993541604606,19945.0,19948.20444725382,ok,0.0005295460033838828,14399.508095079358,ok,-11.746730133156234,69.08326813128838,-0.016719553967819007,-8.23195337047764,61.185604095458984,-0.011716842651367645,1.5934355051406113,0.0019504791210160563,0.011382457714584297
104,0,14.214483333333334,Forward,0.07493586034975762,397.68014714837045,19945.0,19948.42513649902,ok,0.0005245413496720598,14399.86454951474,ok,-11.526040887954878,69.0835822464254,-0.016405438830803438,-7.875498935096402,61.18611145019531,-0.011209487915039526,1.5934355051406113,0.0014561572074651453,0.011382457714584297
105,0,14.35005,Forward,0.07476272791911374,397.57742742433766,19940.0,19948.90055027467,ok,0.00052992978231372,14400.062877546456,ok,-11.050627112304937,69.0842589203754,-0.01572876488078327,-7.677170903380102,61.18639373779297,-0.010927200317382674,1.5934355051406113,0.0016830240767180399,0.011382457714584297
106,0,14.48565,Forward,0.07458812155586882,397.551803067774,19935.0,19949.04590807029,ok,0.0005250926121014722,14400.062877546456,ok,-10.905269316685008,69.08446581348362,-0.015521871772576855,-7.677170903380102,61.18639373779297,-0.010927200317382674,1.5934355051406113,0.0018899171849244539,0.011382457714584297
107,0,14.620716666666667,Forward,0.07469716783699329,397.2852510535413,19935.0,19949.13963862023,ok,0.0005257941842446685,14400.438092741593,ok,-10.811538766745798,69.08459922363014,-0.015388461626061393,-7.301955708242531,61.186927795410156,-0.010393142700195998,1.5934355051406113,0.0011723409624238741,0.011382457714584297
108,0,14.757516666666668,Forward,0.07451573394947611,397.4465241330108,19955.0,19949.771467031253,ok,0.0005361169812531602,14400.202243190364,ok,-10.179710355721909,69.08549852829591,-0.014489156960272085,-7.537805259471497,61.18659210205078,-0.010728836059569962,1.5934355051406113,0.0026065513458795823,0.011382457714584297
109,0,14.892833333333334,Forward,0.07432748673373414,397.48451575883155,19950.0,19949.736142570677,ok,0.0005442775034741434,14400.438092741593,ok,-10.215034816297702,69.08544824968916,-0.014539435567023596,-7.301955708242531,61.186927795410156,-0.010393142700195998,1.5934355051406113,0.0020213670214616706,0.011382457714584297
110,0,15.02895,Forward,0.07427379906776585,396.9282979574782,19935.0,19950.06354189323,ok,0.0005321481971144554,14400.438092741593,ok,-9.88763549374562,69.08591424921246,-0.014073436043719138,-7.301955708242531,61.186927795410156,-0.010393142700195998,1.5934355051406113,0.0024873665447661293,0.011382457714584297
111,0,15.163466666666666,Forward,0.07418233376384734,396.1650491047003,19935.0,19950.278452931878,ok,0.0005312400748210016,14400.882990758686,ok,-9.672724455096613,69.08622014001513,-0.013767545241066754,-6.857057691149748,61.18756103515625,-0.00975990295410167,1.5934355051406113,0.0017842306527255849,0.011382457714584297
112,0,15.2991,Forward,0.07421153690270069,395.56638376372575,19930.0,19950.447918167414,ok,0.000534667624625046,14400.931232712346,ok,-9.503259219560277,69.08646134613113,-0.013526339125058228,-6.808815737489567,61.18762969970703,-0.009691238403321043,1.5934355051406113,0.0019160242355757296,0.011382457714584297
113,0,15.434116666666666,Forward,0.07411675978282589,396.40858598509294,19960.0,19950.81751088799,ok,0.0005305683588037502,14401.319848450168,ok,-9.133666498983075,69.08698740107305,-0.013000284183150473,-6.420199999667602,61.18818283081055,-0.009138107299804975,1.5934355051406113,0.0015607004381433757,0.011382457714584297
114,0,15.569466666666667,Forward,0.07396356048060516,395.32063769132947,19930.0,19951.143107440894,ok,0.0005324990642686244,14401.826388963605,ok,-8.80806994608065,69.08745083464785,-0.012536850608336132,-5.9136594862302445,61.18890380859375,-0.008417129516600631,1.5934355051406113,0.0008753024147823436,0.011382457714584297
115,0,15.704783333333333,Forward,0.07386804706118255,395.2221966436082,19945.0,19951.491492106215,ok,0.0005268653407374141,14401.826388963605,ok,-8.459685280759004,69.08794670338301,-0.012040981873175129,-5.9136594862302445,61.18890380859375,-0.008417129516600631,1.5934355051406113,0.0013711711499433468,0.011382457714584297
116,0,15.839833333333333,Forward,0.07369813731231792,395.31367085675447,19935.0,19952.009848098394,ok,0.0005320015795082279,14401.855870157508,ok,-7.941329288580164,69.08868449857262,-0.011303186683574749,-5.884178292328215,61.18894577026367,-0.008375167846681152,1.5934355051406113,0.0020421031248390384,0.011382457714584297
117,0,15.974883333333333,Forward,0.07372162669979791,394.06488174690094,19950.0,19952.1284884818,ok,0.0005248771946250728,14401.855870157508,ok,-7.822688905172981,69.08885336380325,-0.011134321452940039,-5.884178292328215,61.18894577026367,-0.008375167846681152,1.5934355051406113,0.0022109683554737483,0.011382457714584297
118,0,16.109666666666666,Forward,0.07357964657268887,394.7782758544199,19940.0,19952.673180839058,ok,0.0005252449135768874,14402.54465805144,ok,-7.2779965479167,69.08962864451199,-0.010359040744200545,-5.19539039839583,61.18992614746094,-0.007394790649415225,1.5934355051406113,0.0014240812296594726,0.011382457714584297
119,0,16.244966666666667,Forward,0.07341164501153025,394.1190749734851,19950.0,19953.269390714162,ok,0.0005251541441089377,14402.54465805144,ok,-6.68178667281245,69.09047725200276,-0.00951043325343888,-5.19539039839583,61.18992614746094,-0.007394790649415225,1.5934355051406113,0.002272688720421138,0.011382457714584297
120,0,16.381083333333333,Forward,0.07328917368413396,393.65290721970086,19945.0,19953.207789477736,ok,0.0005348650096303008,14402.809988796575,ok,-6.743387909238663,69.0903895726924,-0.009598112563786305,-4.930059653261196,61.190303802490234,-0.007017135620116602,1.5934355051406113,0.0015832404776943698,0.011382457714584297
121,0,16.516933333333334,Forward,0.07305178782516207,393.23409810713565,19950.0,19953.84714296945,ok,0.0005271008199535928,14402.941314114873,ok,-6.104034417523508,69.0912995880829,-0.008688097173284365,-4.798734334963228,61.19049072265625,-0.0068302154541015235,1.5934355051406113,0.0021954106390411066,0.011382457714584297
122,0,16.652,Forward,0.0729375142517638,393.25469857451753,19940.0,19954.2019761315,ok,0.0005329251372621805,14403.362091155135,ok,-5.749201255475782,69.09180463520114,-0.008183050055049875,-4.377957294700536,61.19108963012695,-0.006231307983397509,1.5934355051406113,0.0017461373291618593,0.011382457714584297
123,0,16.78705,Forward,0.07283958332474791,392.8134751658872,19940.0,19954.67451173074,ok,0.0005326341899900656,14403.47197560514,ok,-5.2766656562344,69.0924772125366,-0.00751047271959787,-4.26807284469578,61.191246032714844,-0.006074905395506866,1.5934355051406113,0.002169497227973039,0.011382457714584297
124,0,16.922616666666666,Forward,0.07275300854271963,392.00939963157725,19955.0,19955.126377196175,ok,0.0005265370283414518,14404.179524258829,ok,-4.824800190799579,69.09312036930872,-0.006867315947467174,-3.5605241910070617,61.19225311279297,-0.005067825317382382,1.5934355051406113,0.0012079368471004008,0.011382457714584297
125,0,17.05765,Forward,0.07259846055023358,391.43826560351954,19960.0,19955.56326505169,ok,0.0005348558377934765,14404.522578151526,ok,-4.387912335285364,69.0937422078966,-0.0062454773595918295,-3.217470298310218,61.19274139404297,-0.004579544067383652,1.5934355051406113,0.0010517307547333295,0.011382457714584297
126,0,17.192966666666667,Forward,0.07233687520670068,390.4027671728618,19930.0,19955.978283891003,ok,0.0005298869643131788,14404.726266400316,ok,-3.9728934959712205,69.09433291950765,-0.005654765748537733,-3.0137820495201595,61.193031311035156,-0.004289627075195046,1.5934355051406113,0.001180478336890529,0.011382457714584297
127,0,17.327766666666665,Forward,0.0722952523287321,390.67981137452443,19940.0,19956.428905770004,ok,0.000522871024268591,14405.305169844243,ok,-3.5222716169701016,69.09497430623738,-0.0050133790188151145,-2.43487860559253,61.19385528564453,-0.003465652465819762,1.5934355051406113,0.0005089146687002029,0.011382457714584297
128,0,17.462783333333334,Forward,0.072282953685299,390.47981790658014,19945.0,19956.638633490038,ok,0.0005393613618886119,14405.758108186945,ok,-3.312543896936404,69.09527281943159,-0.004714865824598328,-1.9819402628909302,61.19449996948242,-0.002820968627930389,1.5934355051406113,-0.00021983425396625116,0.011382457714584297
129,0,17.5992,Forward,0.07202883958134457,390.0199953398078,19965.0,19957.081221616627,ok,0.0005356094742763179,14405.929635133294,ok,-2.8699557703475875,69.09590277142539,-0.004084913830797875,-1.8104133165415988,61.19474411010742,-0.00257682800292973,1.5934355051406113,2.1095399710932376e-05,0.011382457714584297
130,0,17.734916666666667,Forward,0.07189334821334635,390.3937744697505,19945.0,19957.497754540545,ok,0.0005257690070206518,14406.38793369307,ok,-2.453422846429021,69.09649563808887,-0.0034920471673191003,-1.352114756766241,61.195396423339844,-0.0019245147705086011,1.5934355051406113,-0.00042545700182315986,0.011382457714584297
131,0,17.871066666666668,Forward,0.07181101549452,389.6819449703107,19960.0,19957.941451118375,ok,0.0005256562262556913,14406.452256297951,ok,-2.0097262685994792,69.09712716778218,-0.0028605174740116424,-1.287792151884787,61.19548797607422,-0.0018329620361327067,1.5934355051406113,6.0189313937040415e-05,0.011382457714584297
132,0,18.006633333333333,Forward,0.07148071291639295,389.1295871393231,19950.0,19958.488094678454,ok,0.0005303356502378646,14406.516578902832,ok,-1.4630827085202327,69.09790522570981,-0.0020824595463754055,-1.223469547003333,61.195579528808594,-0.001741409301756812,1.5934355051406113,0.0006923638640260192,0.011382457714584297
133,0,18.14335,Forward,0.07156396600843624,389.68169115599085,19965.0,19958.823898398135,ok,0.0005278960464680439,14406.832831710162,ok,-1.1272789888389525,69.09838318752134,-0.0016044977348617388,-0.9072167396734585,61.19602966308594,-0.0012912750244142735,1.5934355051406113,0.0004530657359412742,0.011382457714584297
134,0,18.27865,Forward,0.07132382067507896,389.2181557935146,19960.0,19959.150554157764,ok,0.0005340829322761609,14407.23216788213,ok,-0.8006232292100322,69.09884812870412,-0.0011395565520725855,-0.5078805677057971,61.196598052978516,-0.0007228851318372832,1.5934355051406113,1.2314283135193274e-05,0.011382457714584297
135,0,18.41395,Forward,0.07135144110991795,388.60167210742657,19960.0,19959.359858448315,ok,0.00051827827668205,14407.390294285797,ok,-0.5913189386592421,69.09914603921555,-0.0008416460406458852,-0.3497541640390409,61.19682312011719,-0.0004978179931634249,1.5934355051406113,-4.840517524143796e-05,0.011382457714584297
136,0,18.549266666666668,Forward,0.07130312642685901,388.0751556647301,19960.0,19959.938591420156,ok,0.0005280873549450814,14407.476057758971,ok,-0.01258596681873314,69.09996977118571,-1.7914070475580685e-05,-0.2639906908643752,61.19694519042969,-0.0003757476806630952,1.5934355051406113,0.0005808156248672315,0.011382457714584297
137,0,18.684833333333334,Forward,0.07110584095295698,388.1319877818423,19960.0,19960.124402640813,ok,0.0005317022043658272,14407.768189589471,ok,0.1732252538386092,69.10023424314484,0.0002465578886475686,0.028141139635408763,61.19736099243164,4.0054321289130236e-05,1.5934355051406113,0.00018273391097115905,0.011382457714584297
138,0,18.819816666666668,Forward,0.0710271090030388,387.9407314599739,19955.0,19960.35601911498,ok,0.0005331493887171443,14408.363173684618,ok,0.40484172800643137,69.10056391140961,0.0005762261534146549,0.623125234782492,61.19820785522461,0.0008869171142570931,1.5934355051406113,-0.0008370190665594496,0.011382457714584297
139,0,18.954816666666666,Forward,0.07102386890531424,387.9410030178369,19950.0,19960.536060168703,ok,0.0005247895885910973,14408.612423778532,ok,0.5848827817280835,69.10082017047745,0.0008324852212573372,0.8723753286958527,61.19856262207031,0.001241683959960448,1.5934355051406113,-0.001146058086707234,0.011382457714584297
140,0,19.089866666666666,Forward,0.07086574212788228,386.3101572821579,19935.0,19960.895668938352,ok,0.0005380399403113619,14408.770550182197,ok,0.9444915513777232,69.10133201489401,0.0013443296378143595,1.03050173236079,61.198787689208984,0.0014667510986317175,1.5934355051406113,-0.0009928436399494179,0.011382457714584297
141,0,19.226266666666668,Forward,0.07075150279086395,386.9819453960117,19945.0,19961.396794986198,ok,0.000533353996822068,14409.456657967592,ok,1.445617599223624,69.10204528606877,0.002057600812572176,1.7166095177562966,61.199764251708984,0.002443313598631766,1.5934355051406113,-0.001835661825680557,0.011382457714584297
142,0,19.362116666666665,Forward,0.07056404122654597,386.1899171207551,19960.0,19961.756128425674,ok,0.000537218912225946,14409.5156203554,ok,1.8049510386990733,69.10255673859774,0.0025690533415439584,1.775571905563993,61.19984817504883,0.0025272369384759046,1.5934355051406113,-0.0014579357261264064,0.011382457714584297
143,0,19.49876666666667,Forward,0.07047563172869432,386.67727696441943,19970.0,19962.073717818883,ok,0.0005255434236898258,14409.531701006621,ok,2.122540431908419,69.10300877528702,0.0030210900308335776,1.791652556785266,61.19987106323242,0.002550125122071173,1.5934355051406113,-0.001042369881225665,0.011382457714584297
144,0,19.634833333333333,Forward,0.07042422356773784,386.3026513758523,19960.0,19962.06541618588,ok,0.000533529873735609,14409.56386230906,ok,2.114238798905717,69.10299695926679,0.0030092740105933636,1.823813859224174,61.19991683959961,0.002595901489256531,1.5934355051406113,-0.0011271275902353822,0.011382457714584297
145,0,19.771466666666665,Forward,0.07041062639454351,385.28849305288895,19945.0,19962.758213171783,ok,0.0005317955243690663,14409.671066650528,ok,2.8070357848082494,69.10398304275242,0.003995357496230352,1.9310182006920513,61.200069427490234,0.002748489379881296,1.5934355051406113,-0.0003841830671744064,0.011382457714584297
146,0,19.908383333333333,Forward,0.07032975053944963,385.8386654031492,19960.0,19962.793029758035,ok,0.0005310057720992136,14409.858674248098,ok,2.841852371060668,69.10403259848293,0.00404491322673781,2.1186257982626557,61.20033645629883,0.0030155181884772234,1.5934355051406113,-0.000760120521179096,0.011382457714584297
147,0,20.0453,Forward,0.07018096379791944,385.4873932888804,19955.0,19962.988269178608,ok,0.0005280803704350922,14410.341093784704,ok,3.0370917916334292,69.1043104899465,0.0043228046903118445,2.601045334868104,61.20102310180664,0.0037021636962886652,1.5934355051406113,-0.0015763543891971175,0.011382457714584297
148,0,20.18113333333333,Forward,0.06999485887618637,385.64994074999777,19960.0,19963.334206322845,ok,0.0005290520761138999,14410.413456715194,ok,3.383028935870243,69.1048028750347,0.004815189778500341,2.6734082653583755,61.20112609863281,0.003805160522459605,1.5934355051406113,-0.0012480881007461923,0.011382457714584297
149,0,20.316716666666668,Forward,0.07013189994668155,384.8726105005808,19945.0,19963.51837271551,ok,0.0005394155709832981,14410.49117986276,ok,3.5671953285345808,69.10506500584951,0.005077320593314811,2.7511314129242237,61.201236724853516,0.00391578674316489,1.5934355051406113,-0.001162233033803044,0.011382457714584297
150,0,20.451233333333334,Forward,0.07002633229877075,384.6083131796113,19955.0,19963.747508029126,ok,0.000534173476656165,14410.753830499356,ok,3.796330642151588,69.10539114258701,0.00540345733081755,3.0137820495201595,61.20161056518555,0.004289627075195046,1.5934355051406113,-0.0014317867546107116,0.011382457714584297
151,0,20.5868,Forward,0.06981104079557135,384.40323195292876,19960.0,19963.989170902918,ok,0.0005363592876231132,14411.032561787173,ok,4.037993515943526,69.10573511026266,0.005747425006466952,3.2925133373373683,61.20200729370117,0.00468635559082047,1.5934355051406113,-0.0017199803816605914,0.011382457714584297
152,0,20.722383333333333,Forward,0.06972635496223764,383.9965283558595,19960.0,19964.175415017264,ok,0.0005356421332913903,14411.445298501825,ok,4.224237630289281,69.10600019837533,0.006012513119132721,3.705250051989424,61.20259475708008,0.0052738189697268505,1.5934355051406113,-0.002390977274914121,0.011382457714584297
153,0,20.8585,Forward,0.06960761118661876,384.1292153995928,19970.0,19964.67118926987,ok,0.0005266276347323353,14411.501580781096,ok,4.720011882895051,69.10670585214265,0.006718166886465001,3.7615323312602413,61.202674865722656,0.005353927612305111,1.5934355051406113,-0.0018129714629346603,0.011382457714584297
154,0,20.993033333333333,Forward,0.06968821063588926,384.15133223636076,19950.0,19964.66312917718,ok,0.0005317730998783188,14411.62754588232,ok,4.711951790206513,69.10669437991565,0.0067066946594568,3.8874974324844516,61.20285415649414,0.005533218383788433,1.5934355051406113,-0.002110131970968438,0.011382457714584297
155,0,21.128083333333333,Forward,0.06944363790278874,383.4540274406427,19965.0,19965.17190460332,ok,0.0005369843554314403,14411.737430332325,ok,5.220727216346859,69.10741853873247,0.007430853476287302,3.997381882489208,61.20301055908203,0.005689620971679076,1.5934355051406113,-0.0016351905907787609,0.011382457714584297
156,0,21.263666666666666,Forward,0.06944533080549348,383.4308472291268,19960.0,19965.480269487536,ok,0.0005365727833199008,14411.80711315428,ok,5.529092100561684,69.1078574458381,0.007869760581921535,4.0670647044444195,61.20310974121094,0.005788803100586727,1.5934355051406113,-0.0013543238108214128,0.011382457714584297
157,0,21.39975,Forward,0.06930646798279544,383.0779504464954,19945.0,19965.8803006116,ok,0.0005284750779820404,14412.150167046977,ok,5.929123224625073,69.10842682488162,0.008439139625431412,4.410118597141263,61.20359802246094,0.006277084350585456,1.5934355051406113,-0.0015629894475539512,0.011382457714584297
158,0,21.534783333333333,Forward,0.06917388206235084,382.518543337399,19965.0,19966.22823571228,ok,0.0005245593367897119,14412.150167046977,ok,6.277058325304097,69.10892205373486,0.008934368478666199,4.410118597141263,61.20359802246094,0.006277084350585456,1.5934355051406113,-0.0010677605943191643,0.011382457714584297
159,0,21.66955,Forward,0.06915266220233987,382.73723475132283,19970.0,19966.399953327913,ok,0.000529446470916601,14412.377976272597,ok,6.4487759409385035,69.10916646574648,0.009178780490288129,4.637927822761412,61.203922271728516,0.0066013336181643765,1.5934355051406113,-0.001340018878173324,0.011382457714584297
160,0,21.8054,Forward,0.06908221181509994,382.3866504498401,19960.0,19966.62651277643,ok,0.000530479294963016,14412.742471033587,ok,6.67533538945645,69.10948893616025,0.009501250904052315,5.002422583751468,61.20444107055664,0.007120132446287541,1.5934355051406113,-0.0018442209371659288,0.011382457714584297
161,0,21.9402,Forward,0.06897443334318315,382.1862878123502,19960.0,19967.121532448113,ok,0.0005242334207809616,14412.750511359198,ok,7.1703550611382525,69.11019351590474,0.010205830648542634,5.010462909362104,61.20445251464844,0.007131576538085175,1.5934355051406113,-0.0011578766148700494,0.011382457714584297
162,0,22.0747,Forward,0.06886455947402241,382.29058956847075,19965.0,19967.49625575002,ok,0.0005315943124422938,14413.222210461658,ok,7.545078363044013,69.11072687339215,0.010739188135961926,5.482162011821856,61.20512390136719,0.007802963256835694,1.5934355051406113,-0.001694330562787687,0.011382457714584297
163,0,22.209483333333335,Forward,0.06871701125329466,382.4690255883361,19975.0,19967.485436776937,ok,0.0005285099280962982,14413.257051872635,ok,7.534259389962244,69.11071147434899,0.010723789092801273,5.517003422799462,61.20517349243164,0.007852554321289519,1.5934355051406113,-0.0017887497687867817,0.011382457714584297
164,0,22.344533333333334,Forward,0.06858209400501919,381.69211961451583,19950.0,19967.926388419637,ok,0.0005339640347467658,14413.785033254364,ok,7.975211032662628,69.11133909707496,0.011351411818764638,6.044984804528212,61.20592498779297,0.00860404968261571,1.5934355051406113,-0.0023585864335090405,0.011382457714584297
165,0,22.4801,Forward,0.06854014030203066,380.45733927758556,19965.0,19968.325676414577,ok,0.0005245832570141004,14414.004802154373,ok,8.374499027602724,69.11190741839539,0.01191973313920255,6.264753704537725,61.20623779296875,0.008916854858396996,1.5934355051406113,-0.0022886999863527806,0.011382457714584297
166,0,22.6156,Forward,0.06844446908447455,380.0672490049801,19960.0,19968.529536880356,ok,0.0005350460449410245,14414.243331814141,ok,8.578359493381868,69.11219758051037,0.012209895254179419,6.503283364305389,61.20657730102539,0.009256362915039427,1.5934355051406113,-0.0025395220631112513,0.011382457714584297
167,0,22.751166666666666,Forward,0.06841858733724196,379.3527880543261,19970.0,19969.042348476676,ok,0.0005354587482262654,14414.342495829998,ok,9.091171089701675,69.11292748415698,0.012939798900794367,6.60244738016263,61.20671844482422,0.009397506713866558,1.5934355051406113,-0.0020345219568778782,0.011382457714584297
168,0,22.886466666666667,Forward,0.0682589556923204,380.45753722631343,19960.0,19969.173254330817,ok,0.0005305742282332125,14414.60246635806,ok,9.222076943842694,69.11311380728421,0.013126122028013953,6.862417908223506,61.207088470458984,0.009767532348633425,1.5934355051406113,-0.002437810813908009,0.011382457714584297
169,0,23.022666666666666,Forward,0.06826062722118731,379.13464823465256,19965.0,19969.674873043296,ok,0.0005312723241916269,14414.811514823921,ok,9.72369565632107,69.11382777968669,0.013840094430502152,7.071466374085503,61.2073860168457,0.0100650787353512,1.5934355051406113,-0.0021979593884422118,0.011382457714584297
170,0,23.15825,Forward,0.06795516402995466,379.93605724825466,19960.0,19969.760560696515,ok,0.0005256798134701105,14414.95088046783,ok,9.809383309540863,69.11394974208186,0.013962056825666086,7.2108320179941074,61.207584381103516,0.010263442993163912,1.5934355051406113,-0.002392077644627918,0.011382457714584297
171,0,23.293533333333333,Forward,0.06803564561561909,378.96161769041646,19955.0,19969.908497573222,ok,0.0005329413820066441,14414.988401987344,ok,9.95732018624767,69.11416030609124,0.01417262083504505,7.248353537508592,61.207637786865234,0.010316848754883614,1.5934355051406113,-0.002266612272152208,0.011382457714584297
172,0,23.427516666666666,Forward,0.0679867867381589,379.14906055199754,19950.0,19970.340475379035,ok,0.0005320316021686802,14415.095606328812,ok,10.389297992060165,69.1147751560244,0.014787470768201846,7.3555578789764695,61.20779037475586,0.01046943664550838,1.5934355051406113,-0.001894901301571425,0.011382457714584297
173,0,23.5634,Forward,0.0677354656228066,379.18410307836893,19965.0,19970.598730677302,ok,0.0005286859387872239,14415.532464020294,ok,10.647553290327778,69.11514274030938,0.015155055053182808,7.7924155704586155,61.208412170410156,0.011091232299805073,1.5934355051406113,-0.0025181082890889505,0.011382457714584297
174,0,23.698166666666665,Forward,0.06771283094040728,377.9236417828324,19980.0,19971.150021423044,ok,0.0005307632118664825,14415.631628036152,ok,11.198844036069204,69.11592741274765,0.015939727491461286,7.891579586315856,61.208553314208984,0.011232376098632204,1.5934355051406113,-0.0019583393911920474,0.011382457714584297
175,0,23.83295,Forward,0.0676108094010811,378.8937291068469,19960.0,19971.073747766084,ok,0.000532802490744746,14416.333816472768,ok,11.122570379109675,69.11581884964036,0.015831164384162325,8.593768022932636,61.20955276489258,0.01223182678222752,1.5934355051406113,-0.003659462703368841,0.011382457714584297
176,0,23.96825,Forward,0.06750674528471887,377.46394657516066,19960.0,19971.483446252678,ok,0.0005288257198711271,14416.48658265936,ok,11.532268865703372,69.11640198859727,0.016414303341088083,8.746534209523816,61.20977020263672,0.012449264526367035,1.5934355051406113,-0.003422796768112666,0.011382457714584297
177,0,24.1033,Forward,0.06741716190758454,378.05292108177673,19965.0,19972.050298515383,ok,0.0005362278206682118,14416.666149931318,ok,12.099121128409024,69.11720881031623,0.017221125060039155,8.926101481481965,61.210025787353516,0.012704849243162739,1.5934355051406113,-0.003023232811475176,0.011382457714584297
178,0,24.23755,Forward,0.06741662395203983,377.3952085648889,19965.0,19972.3207240186,ok,0.0005336197575409799,14416.666149931318,ok,12.369546631623962,69.11759371690249,0.017606031646299675,8.926101481481965,61.210025787353516,0.012704849243162739,1.5934355051406113,-0.002638326225214656,0.011382457714584297
179,0,24.373116666666668,Forward,0.06729509420851146,376.9948396808504,19965.0,19972.332750863152,ok,0.0005347499914351315,14416.666149931318,ok,12.381573476177437,69.11761083515364,0.01762314989744659,8.926101481481965,61.210025787353516,0.012704849243162739,1.5934355051406113,-0.00262120797406774,0.011382457714584297
180,0,24.508166666666668,Forward,0.0671264618286874,376.8742987049518,19960.0,19972.55804265753,ok,0.0005312319597080841,14416.998483389869,ok,12.606865270554408,69.11793150126854,0.017943816012347832,9.258434940033112,61.21049880981445,0.013177871704100546,1.5934355051406113,-0.0030542726431537874,0.011382457714584297
181,0,24.643483333333332,Forward,0.06709219273587645,377.5242784502989,19975.0,19972.74086569546,ok,0.00054176402942786,14417.00652371548,ok,12.789688308486802,69.11819172003705,0.018204034780858008,9.266475265643749,61.21051025390625,0.013189315795898179,1.5934355051406113,-0.0028122892968380497,0.011382457714584297
182,0,24.779183333333332,Forward,0.06695344318928251,377.47607161184715,19975.0,19973.354538147665,ok,0.0005224110477123713,14417.191451204511,ok,13.403360760690703,69.11906518265744,0.019077497401253637,9.451402754675655,61.21077346801758,0.01345252990722564,1.5934355051406113,-0.0023582413868856317,0.011382457714584297
183,0,24.914466666666666,Forward,0.06699386071967771,374.9301745979101,19965.0,19973.57940266189,ok,0.0005320701187122697,14417.357617933787,ok,13.628225274915167,69.11938524060875,0.01939755535256482,9.617569483951229,61.21100997924805,0.013689041137694544,1.5934355051406113,-0.0024150488275680934,0.011382457714584297
184,0,25.049783333333334,Forward,0.06690417548465499,376.0757286950793,19970.0,19973.69570161555,ok,0.000528735126758917,14417.357617933787,ok,13.744524228575756,69.11955077319612,0.01956308793993913,9.617569483951229,61.21100997924805,0.013689041137694544,1.5934355051406113,-0.002249516240193785,0.011382457714584297
185,0,25.184316666666668,Forward,0.0667480520682413,375.47058833107076,19955.0,19974.010372165572,ok,0.0005371096281083079,14417.743553563072,ok,14.059194778597885,69.11999865538833,0.020010970132135594,10.003505113236315,61.2115592956543,0.014238357543944733,1.5934355051406113,-0.002676934313272615,0.011382457714584297
186,0,25.318833333333334,Forward,0.06663200510930559,375.43718525067015,19975.0,19974.15410312076,ok,0.0005287002173695538,14417.743553563072,ok,14.202925733785378,69.12020323295458,0.020215547698391283,10.003505113236315,61.2115592956543,0.014238357543944733,1.5934355051406113,-0.002472356747016926,0.011382457714584297
187,0,25.453616666666665,Forward,0.06658700329561129,375.39367977823713,19970.0,19974.713106027837,ok,0.0005352385947903186,14417.949921920399,ok,14.761928640862607,69.12099888239635,0.02101119714015931,10.209873470563252,61.21185302734375,0.014532089233399216,1.5934355051406113,-0.0021447498082106074,0.011382457714584297
188,0,25.588183333333333,Forward,0.06650496288359407,375.4663946524852,19985.0,19974.638230294175,ok,0.0005335125582406558,14418.059806370404,ok,14.687052907200268,69.1208923090048,0.02090462374861489,10.319757920568009,61.21200942993164,0.01468849182128986,1.5934355051406113,-0.002500540636395855,0.011382457714584297
189,0,25.72375,Forward,0.06647579896319407,374.8534058405203,19975.0,19975.226701803167,ok,0.0005323645326497223,14418.327817224073,ok,15.275524416192638,69.12172990219386,0.021742216937663338,10.587768774237702,61.2123908996582,0.015069961547851772,1.5934355051406113,-0.0022707948537874396,0.011382457714584297
190,0,25.8596,Forward,0.06632312971169309,375.3641225895881,19960.0,19975.299131213145,ok,0.0005294263183911096,14418.416260805785,ok,15.347953826170851,69.12183299364273,0.02184530838653981,10.676212355949247,61.21251678466797,0.01519584655761798,1.5934355051406113,-0.0023682930490374135,0.011382457714584297
191,0,25.994366666666668,Forward,0.06626112477067708,374.52751736379287,19960.0,19975.739697394605,ok,0.0005311001133531446,14418.660150682625,ok,15.788520007630723,69.1224600677275,0.02247238247131195,10.92010223278885,61.21286392211914,0.01554298400878958,1.5934355051406113,-0.002294360104126116,0.011382457714584297
192,0,26.129133333333332,Forward,0.06620838594674275,374.6827361700307,19970.0,19975.551844934587,ok,0.0005265856254843497,14418.879919582634,ok,15.60066754761283,69.12219269039716,0.022205005140969482,11.139871132798362,61.21317672729492,0.015855789184570864,1.5934355051406113,-0.003060172307750235,0.011382457714584297
193,0,26.26418333333333,Forward,0.06609036783550981,374.29524321970166,19960.0,19976.261124795394,ok,0.0005240245988950694,14419.06216696313,ok,16.309947408419248,69.12320223456618,0.02321454930999465,11.32211851329339,61.213436126708984,0.016115188598632448,1.5934355051406113,-0.0024639643751034647,0.011382457714584297
194,0,26.400616666666668,Forward,0.06606023243149445,374.3670743239527,19970.0,19976.22179509367,ok,0.0005294239802489869,14419.383779987533,ok,16.270617706693884,69.12314625515208,0.02315856989588694,11.643731537697022,61.21389389038086,0.01657295227050674,1.5934355051406113,-0.003249360676939206,0.011382457714584297
195,0,26.53595,Forward,0.0658538500666025,374.3849039407687,19960.0,19976.618724598025,ok,0.0005380225916328469,14419.488304220466,ok,16.667547211050987,69.12371121954594,0.023723534289747165,11.74825577062984,61.21404266357422,0.016721725463868218,1.5934355051406113,-0.002921456771594312,0.011382457714584297
196,0,26.67043333333333,Forward,0.06594742013152996,374.24254486570135,19975.0,19976.92448984808,ok,0.0005302898338485983,14419.421301507047,ok,16.973312461104797,69.12414642649645,0.024158741240260868,11.681253057211507,61.21394729614258,0.016626358032226445,1.5934355051406113,-0.0023342879694685376,0.011382457714584297
197,0,26.804933333333334,Forward,0.06583645988417619,373.18426186982833,19970.0,19976.948755403064,ok,0.000524566618357531,14419.421301507047,ok,16.997578016089392,69.12418096455525,0.02419327929906745,11.681253057211507,61.21394729614258,0.016626358032226445,1.5934355051406113,-0.002299749910661956,0.011382457714584297
198,0,26.939983333333334,Forward,0.06577463618663165,372.9029696075231,19965.0,19977.146254396746,ok,0.0005297661389224874,14419.825997896089,ok,17.19507700977192,69.12446207215253,0.024474386896333564,12.085949446252926,61.21452331542969,0.01720237731933519,1.5934355051406113,-0.0029364918971207,0.011382457714584297
199,0,27.075566666666667,Forward,0.06572308597264734,372.325964038675,19960.0,19977.52586101915,ok,0.0005395267010333432,14419.93052212902,ok,17.57468363217413,69.12500238025,0.025014694993808335,12.190473679183924,61.21467208862305,0.017351150512694077,1.5934355051406113,-0.00263324428815713,0.011382457714584297
200,0,27.210883333333335,Forward,0.06553087366580992,372.45513369760374,19955.0,19977.778845954697,ok,0.0005305552425055312,14420.295016890012,ok,17.827668567722867,69.12536246303347,0.025374777777272758,12.554968440175799,61.21519088745117,0.017869949340819834,1.5934355051406113,-0.003099833977453628,0.011382457714584297
201,0,27.346466666666668,Forward,0.06553440558200052,372.57280348845234,19970.0,19977.92405957016,ok,0.0005168625471000371,14420.568387960755,ok,17.972882183184993,69.12556915092475,0.025581465668546275,12.82833951091925,61.215579986572266,0.0182590484619135,1.5934355051406113,-0.003513150440749766,0.011382457714584297
202,0,27.4815,Forward,0.06547011009893247,372.7612517494017,19960.0,19978.14090858272,ok,0.0005218879050517939,14420.680952519297,ok,18.1897311957473,69.1258778001171,0.025890114860900672,12.940904069460885,61.21574020385742,0.01841926574707002,1.5934355051406113,-0.0034597971591010038,0.011382457714584297
203,0,27.617866666666668,Forward,0.06549887450843539,372.19325311314606,19970.0,19978.204230749332,ok,0.0005356330962750879,14420.884640768087,ok,18.253053362357605,69.1259679288908,0.02598024363461038,13.144592318250943,61.21603012084961,0.018709182739258628,1.5934355051406113,-0.0038316324142881955,0.011382457714584297
204,0,27.753183333333332,Forward,0.06538544189587915,372.1206847199064,19975.0,19978.675529633125,ok,0.0005483169415505826,14420.884640768087,ok,18.724352246150374,69.12663874596358,0.02665106070738064,13.144592318250943,61.21603012084961,0.018709182739258628,1.5934355051406113,-0.0031608153415179363,0.011382457714584297
205,0,27.888233333333332,Forward,0.06531100756823247,371.82137798994154,19960.0,19978.886710635023,ok,0.000522223221009755,14420.793517077838,ok,18.93553324804816,69.12693932766743,0.026951642411240675,13.05346862800252,61.21590042114258,0.01857948303222654,1.5934355051406113,-0.00265356551946664,0.011382457714584297
206,0,28.02355,Forward,0.06530099488543846,371.4554640693641,19965.0,19979.1969513475,ok,0.0005316498500931738,14420.884640768087,ok,19.245773960527004,69.12738090470857,0.027393219452383693,13.144592318250943,61.21603012084961,0.018709182739258628,1.5934355051406113,-0.0024186565965148843,0.011382457714584297
207,0,28.159666666666666,Forward,0.06522852581709136,371.27023193339846,19970.0,19979.05396898604,ok,0.0005313449180753,14421.171412381513,ok,19.10279159906713,69.12717739264336,0.027189707387172725,13.43136393167697,61.21643829345703,0.019117355346679098,1.5934355051406113,-0.0032725653866154496,0.011382457714584297
208,0,28.29446666666667,Forward,0.06514826936001157,370.3678759158829,19975.0,19979.593099317688,ok,0.0005258497534455189,14421.171412381513,ok,19.64192193071358,69.12794475671605,0.027957071459852663,13.43136393167697,61.21643829345703,0.019117355346679098,1.5934355051406113,-0.0025052013139355116,0.011382457714584297
209,0,28.429783333333333,Forward,0.06502208361008104,370.9872193077608,19980.0,19979.77773097789,ok,0.0005287036147351752,14421.27861672298,ok,19.826553590915864,69.12820754976329,0.028219864507103055,13.538568273144847,61.216590881347656,0.019269943237303862,1.5934355051406113,-0.002485547229261132,0.011382457714584297
210,0,28.565616666666667,Forward,0.06486186177882845,371.4301194868531,19990.0,19979.80683324662,ok,0.0005292298661404873,14421.728874957147,ok,19.855655859646504,69.12824897209505,0.028261286838859406,13.988826507311387,61.21723175048828,0.019910812377929948,1.5934355051406113,-0.0034653085403273352,0.011382457714584297
211,0,28.700666666666667,Forward,0.06499198573419446,369.975190299323,19975.0,19979.909346507193,ok,0.0005200471533677499,14421.844119624226,ok,19.958169120218372,69.12839488299733,0.0284071977411377,14.104071174389901,61.2173957824707,0.020074844360352347,1.5934355051406113,-0.0035807720228194957,0.011382457714584297
212,0,28.835716666666666,Forward,0.0649019331945601,370.18905402972086,19975.0,19980.05755157699,ok,0.0005194180244044696,14421.728874957147,ok,20.10637419001432,69.12860582873581,0.02861814347962569,13.988826507311387,61.21723175048828,0.019910812377929948,1.5934355051406113,-0.0031084518995610523,0.011382457714584297
213,0,28.970233333333333,Forward,0.06473006414515545,370.2239947345115,19970.0,19980.3646340792,ok,0.0005242152102680009,14421.777116910807,ok,20.413456692225736,69.12904291057988,0.02905522532368752,14.037068460971568,61.21730041503906,0.019979476928710573,1.5934355051406113,-0.002780782588657601,0.011382457714584297
214,0,29.10555,Forward,0.06473997869169792,369.59073665445976,19975.0,19980.607807314584,ok,0.0005346659202181036,14421.844119624226,ok,20.656629927609174,69.12938902800886,0.029401342752660084,14.104071174389901,61.2173957824707,0.020074844360352347,1.5934355051406113,-0.00258662701129711,0.011382457714584297
215,0,29.24085,Forward,0.06465018758609264,369.09043328896587,19975.0,19980.74747292464,ok,0.0005281303140380869,14421.844119624226,ok,20.796295537664264,69.12958781921954,0.029600133963345453,14.104071174389901,61.2173957824707,0.020074844360352347,1.5934355051406113,-0.0023878358006117414,0.011382457714584297
216,0,29.37615,Forward,0.06456229117725978,370.3770806827524,19970.0,19980.979575851714,ok,0.0005248650049407563,14422.232735362046,ok,21.02839846473944,69.12991817987066,0.0299304946144656,14.492686912210047,61.21794891357422,0.020627975463865824,1.5934355051406113,-0.002938853888827579,0.011382457714584297
217,0,29.511466666666667,Forward,0.06461508224781208,369.7926880971463,19985.0,19981.142092519996,ok,0.000532497090627396,14422.385501548639,ok,21.190915133021917,69.13014949583479,0.0301618105785865,14.645453098803046,61.21816635131836,0.020845413208007927,1.5934355051406113,-0.003054010946380383,0.011382457714584297
218,0,29.64625,Forward,0.06463021631819856,369.13055202296164,19965.0,19981.391359112695,ok,0.0005325749132904691,14422.784837720606,ok,21.440181725720322,69.13050428616381,0.03051660090761873,15.044789270770707,61.21873474121094,0.021413803100584917,1.5934355051406113,-0.0036049132529433862,0.011382457714584297
219,0,29.781833333333335,Forward,0.06441197537272916,369.4123536650877,19980.0,19981.323585320748,ok,0.000532459048461786,14422.964404992566,ok,21.372407933773502,69.13040782122768,0.030420135971486403,15.224356542730675,61.218990325927734,0.021669387817383208,1.5934355051406113,-0.004108635951393418,0.011382457714584297
220,0,29.9169,Forward,0.06441319198507381,369.0599467110551,19960.0,19981.552922701307,ok,0.0005313664172708278,14422.983165752323,ok,21.60174531433222,69.1307342455745,0.030746560318315207,15.243117302487008,61.219017028808594,0.021696090698241768,1.5934355051406113,-0.0038247609230141824,0.011382457714584297
221,0,30.051933333333334,Forward,0.06438830343019294,369.2857152693614,19970.0,19981.832141469073,ok,0.0005316507293722799,14423.050168465741,ok,21.880964082098217,69.13113166793832,0.031143982682119622,15.31012001590534,61.219112396240234,0.021791458129883538,1.5934355051406113,-0.003579300410821832,0.011382457714584297
222,0,30.18723333333333,Forward,0.06436994833668871,369.3120831239721,19975.0,19982.06017428594,ok,0.0005260803607532032,14423.050168465741,ok,22.108996898965415,69.13145623545155,0.03146855019536175,15.31012001590534,61.219112396240234,0.021791458129883538,1.5934355051406113,-0.0032547328975797013,0.011382457714584297
223,0,30.321483333333333,Forward,0.06430992531343774,369.30590074567226,19980.0,19981.892172873937,ok,0.0005333431854364854,14423.050168465741,ok,21.940995486962493,69.13121711284953,0.031229427593342976,15.31012001590534,61.219112396240234,0.021791458129883538,1.5934355051406113,-0.0034938554995984777,0.011382457714584297
224,0,30.45705,Forward,0.06432728174295593,369.1137697483937,19990.0,19981.959855508147,ok,0.000524710264821244,14423.050168465741,ok,22.008678121172125,69.1313134480375,0.031325762781308004,15.31012001590534,61.219112396240234,0.021791458129883538,1.5934355051406113,-0.0033975203116334493,0.011382457714584297
225,0,30.591316666666668,Forward,0.06424214698474048,368.72771259484216,19975.0,19982.081713190284,ok,0.0005266114586708909,14423.050168465741,ok,22.130535803309613,69.131486892568,0.03149920731181104,15.31012001590534,61.219112396240234,0.021791458129883538,1.5934355051406113,-0.003224075781130417,0.011382457714584297
226,0,30.726933333333335,Forward,0.06421412659572043,368.4954419508067,19975.0,19982.091232453917,ok,0.0005358594425719771,14423.484346048686,ok,22.140055066942296,69.1315004416868,0.03151275643060719,15.744297598850608,61.219730377197266,0.022409439086914354,1.5934355051406113,-0.004195239460767941,0.011382457714584297
227,0,30.8625,Forward,0.06425784084849623,368.33274256816367,19985.0,19982.172182414924,ok,0.0005380644874413364,14423.83008004992,ok,22.221005027950014,69.13161566075001,0.031627975493820466,16.09003160008433,61.22022247314453,0.022901535034178962,1.5934355051406113,-0.004864143551861898,0.011382457714584297
228,0,30.998066666666666,Forward,0.06421591887075699,368.164361729283,19985.0,19982.43853076017,ok,0.0005377902072266688,14423.83008004992,ok,22.48735337319522,69.13199476416706,0.03200707891086389,16.09003160008433,61.22022247314453,0.022901535034178962,1.5934355051406113,-0.0044850401348184715,0.011382457714584297
229,0,31.132316666666668,Forward,0.06425323063186694,368.8277830256411,19980.0,19982.170198414387,ok,0.0005318024871568779,14424.114171554811,ok,22.219021027412964,69.13161283684892,0.031625151592728384,16.374123104975297,61.22062683105469,0.023305892944336142,1.5934355051406113,-0.005511285703782884,0.011382457714584297
230,0,31.2669,Forward,0.06421729019407893,368.1079442256596,19975.0,19982.321489956277,ok,0.0005317318977033726,14424.114171554811,ok,22.37031256930277,69.1318281756769,0.03184049042071094,16.374123104975297,61.22062683105469,0.023305892944336142,1.5934355051406113,-0.005295946875800331,0.011382457714584297
231,0,31.40245,Forward,0.06418695597354895,368.9412140411878,19990.0,19982.44087493563,ok,0.0005294245369494924,14424.127572097494,ok,22.489697548655386,69.13199810071839,0.032010415462199626,16.387523647657872,61.220645904541016,0.023324966430662945,1.5934355051406113,-0.0051564142046315875,0.011382457714584297
232,0,31.537483333333334,Forward,0.06420703416908742,369.17042538873284,19975.0,19982.238631578864,ok,0.0005261975615909325,14424.114171554811,ok,22.287454191889992,69.13171024029428,0.03172255503808658,16.374123104975297,61.22062683105469,0.023305892944336142,1.5934355051406113,-0.005413882258424686,0.011382457714584297
233,0,31.67255,Forward,0.06427774411370639,368.6139210919682,19965.0,19982.30395981802,ok,0.0005276969814350709,14424.114171554811,ok,22.352782431044034,69.13180322438498,0.031815539128789025,16.374123104975297,61.22062683105469,0.023305892944336142,1.5934355051406113,-0.005320898167722243,0.011382457714584297
234,0,31.80785,Forward,0.0641945483356014,368.9427033355714,19985.0,19982.42679280606,ok,0.000524733566885339,14423.816679507237,ok,22.475615419087262,69.13197805710433,0.03199037184813621,16.076631057401755,61.2202033996582,0.022882461547852163,1.5934355051406113,-0.004471354827226215,0.011382457714584297
235,0,31.942633333333333,Forward,0.06438949258328763,368.4143721637811,19975.0,19982.00751079158,ok,0.0005294029941259126,14423.637112235278,ok,22.05633340460554,69.13138127755892,0.03139359230273097,15.897063785441787,61.219947814941406,0.02262687683105387,1.5934355051406113,-0.004660876610313745,0.011382457714584297
236,0,32.077416666666664,Forward,0.06434324241129655,369.4097758357566,19990.0,19981.53751559467,ok,0.0005306793521372573,14423.637112235278,ok,21.586338207696826,69.13071231607175,0.030724630815555,15.897063785441787,61.219947814941406,0.02262687683105387,1.5934355051406113,-0.005329838097489714,0.011382457714584297
237,0,32.21191666666667,Forward,0.06453637417920893,369.8736206458161,19975.0,19981.10203137889,ok,0.00052584086914052,14423.637112235278,ok,21.150853991915938,69.13009247533604,0.03010479007984845,15.897063785441787,61.219947814941406,0.02262687683105387,1.5934355051406113,-0.005949678833196265,0.011382457714584297
238,0,32.34748333333334,Forward,0.06458606648899044,370.59814116209964,19970.0,19980.834196418076,ok,0.0005238293023220244,14423.219015303552,ok,20.883019031101867,69.12971125596427,0.029723570708071127,15.478966853715974,61.21935272216797,0.02203178405761573,1.5934355051406113,-0.0053826562509246625,0.011382457714584297
239,0,32.4828,Forward,0.06477301432128425,370.115904138147,19980.0,19980.180850909717,ok,0.0005256603436481874,14423.18953410965,ok,20.229673522742814,69.12878132522074,0.02879363996455227,15.449485659813945,61.21931076049805,0.021989822387696253,1.5934355051406113,-0.006245723779738827,0.011382457714584297
240,0,32.61893333333333,Forward,0.06510395367440065,371.26013942118516,19980.0,19979.54599718548,ok,0.0005319559337472893,14423.176133566965,ok,19.59481979850534,69.12787771451515,0.027890029258956932,15.43608511712955,61.21929168701172,0.02197074890136686,1.5934355051406113,-0.007118942115010105,0.011382457714584297
241,0,32.75395,Forward,0.06529176758249619,373.06245630988997,19970.0,19978.6061316457,ok,0.0005166453313146939,14421.01060586931,ok,18.65495425872723,69.12653996925016,0.026552283993961114,13.270557419475153,61.216209411621094,0.01888847351074195,1.5934355051406113,-0.0035452803359630435,0.011382457714584297
242,0,32.889516666666665,Forward,0.0656838845528578,373.3694980577311,19975.0,19977.19188298766,ok,0.0005295590054487718,14420.764035883934,ok,17.240705600685033,69.12452701700778,0.02453933175159111,13.023987434098672,61.215858459472656,0.018537521362304472,1.5934355051406113,-0.004999012964407391,0.011382457714584297
243,0,33.02483333333333,Forward,0.06616182824040742,373.20538156527255,19975.0,19976.059900250297,ok,0.0005343496273308122,14420.691672953444,ok,16.108722863322328,69.12291582425428,0.02292813899808142,12.9516245036084,61.215755462646484,0.018434524536133534,1.5934355051406113,-0.006446086918179512,0.011382457714584297
244,0,33.1599,Forward,0.06666764890608765,375.4102584928514,19975.0,19974.49694579807,ok,0.0005245788094195757,14420.619310022952,ok,14.545768411095196,69.12069121357393,0.02070352831774453,12.87926157311631,61.21565246582031,0.018331527709960004,1.5934355051406113,-0.0085065787987747,0.011382457714584297
245,0,33.295716666666664,Forward,0.06716770710056329,376.91606564627,19960.0,19972.730664344155,ok,0.0005310290826658583,14417.872198772833,ok,12.77948695718078,69.11817720007772,0.018189514821535514,10.132150322997404,61.21174240112305,0.014421463012693932,1.5934355051406113,-0.004790156378963083,0.011382457714584297
246,0,33.4305,Forward,0.06778500990496916,377.9451816618748,19970.0,19970.776908329124,ok,0.0005514353312208533,14417.242373266708,ok,10.825730942149676,69.11539634712861,0.015408661872418983,9.502324816872715,61.210845947265625,0.013525009155272145,1.5934355051406113,-0.006142567922943478,0.011382457714584297
247,0,33.56581666666667,Forward,0.06854331841428579,379.9733814770552,19950.0,19968.53438027635,ok,0.000533924840105156,14416.11940778983,ok,8.583202889374661,69.1122044742944,0.01221678903821728,8.379359339995062,61.20924758911133,0.011926651000975402,1.5934355051406113,-0.006787560124157736,0.011382457714584297
248,0,33.701033333333335,Forward,0.06933912800959166,382.87075700045534,19975.0,19966.02723481503,ok,0.0005432038890753514,14414.993762204416,ok,6.0760574280539,69.10863596174917,0.008648276492976583,7.253713754580531,61.207645416259766,0.010324478149412782,1.5934355051406113,-0.007803113562346177,0.011382457714584297
249,0,33.83635,Forward,0.07039377988529447,385.37616736864584,19945.0,19962.74520170613,ok,0.0005281545361685961,14411.252330687183,ok,2.7940243191551417,69.10396452305378,0.003976837797580468,3.5122822373468807,61.20232009887695,0.004999160766601756,1.5934355051406113,-0.0039890024638287265,0.011382457714584297
250,0,33.97085,Forward,0.0711990762739419,387.7296415073288,19960.0,19960.021034883164,ok,0.0005297003504900927,14409.721988712727,ok,0.06985749618979753,69.10008711600537,9.943074918400325e-05,1.9819402628909302,61.20014190673828,0.002820968627930389,1.5934355051406113,-0.004395600821448074,0.011382457714584297
251,0,34.10561666666667,Forward,0.07229660421819248,390.6155696076021,19955.0,19956.21437300815,ok,0.0005293045438573834,14408.585622693165,ok,-3.7368043788228533,69.09466895385003,-0.005318731406160595,0.8455742433288833,61.198524475097656,0.0012035369873042569,1.5934355051406113,-0.0072364899734811625,0.011382457714584297
252,0,34.24065,Forward,0.07345302284601643,394.09353500677025,19955.0,19952.690919250574,ok,0.0005320105421272205,14404.56009967104,ok,-7.260258136400807,69.08965389224691,-0.010333793009275042,-3.1799487787957332,61.19279479980469,-0.004526138305663949,1.5934355051406113,-0.003121683531853137,0.011382457714584297
253,0,34.37566666666667,Forward,0.07486843558143319,397.6517831096753,19950.0,19948.53979614645,ok,0.0005369252496422778,14402.046157863615,ok,-11.411381240523042,69.08374544572779,-0.016242239528407223,-5.693890586220732,61.18921661376953,-0.008104324340819346,1.5934355051406113,-0.0033285213785703965,0.011382457714584297
254,0,34.5115,Forward,0.07617263698444307,401.143392042959,19940.0,19944.47167433816,ok,0.0005296787334922637,14400.698063269654,ok,-15.479503048813058,69.07795513801233,-0.02203254724386087,-7.041985180181655,61.18729782104492,-0.01002311706542913,1.5934355051406113,-0.006061356639625322,0.011382457714584297
255,0,34.646033333333335,Forward,0.0776549963333523,405.2110862246918,19935.0,19940.093564514107,ok,0.0005380361070522954,14396.46885199874,ok,-19.85761287286732,69.07172361292828,-0.028264072327909572,-11.27119645109633,61.181278228759766,-0.016042709350585944,1.5934355051406113,-0.0027010496500346516,0.011382457714584297
256,0,34.7824,Forward,0.07912847181114047,409.4138541300563,19935.0,19935.43996044696,ok,0.0005318035681091149,14393.292923382749,ok,-24.511216940012673,69.06509996673368,-0.034887718522511726,-14.447125067086745,61.1767578125,-0.020563125610351077,1.5934355051406113,-0.0021217040783121158,0.011382457714584297
257,0,34.918,Forward,0.08078864264786229,413.15610813258536,19925.0,19930.600961873286,ok,0.0005254859976921993,14389.674776858203,ok,-29.350215513688454,69.05821244170453,-0.04177524355166065,-18.065271591633064,61.171607971191406,-0.025712966918944657,1.5934355051406113,-0.0008032891205082479,0.011382457714584297
258,0,35.05385,Forward,0.08220754556014322,416.99144721498305,19915.0,19926.07575692742,ok,0.0005338084240409551,14387.353802865418,ok,-33.875420459553425,69.05177155071188,-0.0482161345443187,-20.38624558441734,61.168304443359375,-0.029016494750977548,1.5934355051406113,-0.0019802215733848993,0.011382457714584297
259,0,35.189433333333334,Forward,0.08375415529893676,421.1551772454404,19915.0,19921.32093547362,ok,0.0005408592847001086,14383.28271799817,ok,-38.63024191335353,69.0450038380801,-0.05498384717608868,-24.457330451665257,61.16250991821289,-0.0348110198974605,1.5934355051406113,0.00048526789868116177,0.011382457714584297
260,0,35.325266666666664,Forward,0.0853502080879604,425.01051638499484,19895.0,19916.50604786792,ok,0.0005247967928814993,14379.8307382029,ok,-43.44512951905563,69.03815063108037,-0.061837054175821526,-27.909310246936002,61.157596588134766,-0.03972434997558518,1.5934355051406113,0.0014611354939074728,0.011382457714584297
261,0,35.459783333333334,Forward,0.08690789118701313,429.154668255007,19890.0,19911.76330337003,ok,0.0005204642467634565,14378.488003826013,ok,-48.18787401694499,69.03140010802508,-0.06858757723110274,-29.252044623823167,61.15568542480469,-0.04163551330566321,1.5934355051406113,-0.002244072055104643,0.011382457714584297
262,0,35.594033333333336,Forward,0.08837506502389238,433.104476755987,19895.0,19907.125454368528,ok,0.0005215206927036719,14373.843375731909,ok,-52.8257230184463,69.02479888659613,-0.07518879866006237,-33.896672717926776,61.14907455444336,-0.04824638366699228,1.5934355051406113,0.0016887020695592059,0.011382457714584297
263,0,35.72933333333334,Forward,0.08981605867260528,436.82776351357825,19890.0,19902.871796642772,ok,0.0005266705397331168,14370.273471161023,ok,-57.07938074420235,69.01874449877073,-0.08124318648545967,-37.466577288812914,61.14399337768555,-0.053327560424805236,1.5934355051406113,0.0037308416979563302,0.011382457714584297
264,0,35.86566666666667,Forward,0.09115115623286549,440.01606763285236,19905.0,19898.851169666985,ok,0.000531022755830713,14369.153185792682,ok,-61.10000771998966,69.01302179220097,-0.08696589305521404,-38.58686265715369,61.142398834228516,-0.0549221038818361,1.5934355051406113,0.0005489372871245873,0.011382457714584297
265,0,36.0015,Forward,0.09243361964631705,443.42579941864824,19875.0,19894.958784082268,ok,0.0005415679068478572,14365.446595686424,ok,-64.99239330470664,69.00748161632995,-0.09250606892624601,-42.29345276341155,61.137123107910156,-0.06019783020019589,1.5934355051406113,0.0034152910471718784,0.011382457714584297
266,0,36.1376,Forward,0.09380032360217497,446.24701750138047,19885.0,19891.293501538537,ok,0.0005345179187628667,14363.039858220467,ok,-68.65767584843707,69.00226468458787,-0.0977230006683171,-44.70019022936867,61.133697509765625,-0.06362342834472652,1.5934355051406113,0.0036568290149396887,0.011382457714584297
267,0,36.27265,Forward,0.09493237667713561,449.1481135289905,19885.0,19887.751996972074,ok,0.0005296977356936349,14361.946373937493,ok,-72.19918041490018,68.99722393060314,-0.1027637546530473,-45.79367451234248,61.13214111328125,-0.06517982482910119,1.5934355051406113,0.0010960924484881146,0.011382457714584297
268,0,36.40743333333333,Forward,0.09598286658520463,451.85996915429496,19870.0,19884.45034518051,ok,0.0005308210029095338,14358.480993599538,ok,-75.50083220646411,68.99252456791359,-0.10746311734260004,-49.259054850297616,61.1272087097168,-0.07011222839355526,1.5934355051406113,0.004256196724218592,0.011382457714584297
269,0,36.54246666666667,Forward,0.09695847979257975,454.299001772466,19880.0,19881.5793792234,ok,0.0005242329385958571,14356.658519794582,ok,-78.37179816357457,68.98843821624675,-0.11154946900945169,-51.08152865525335,61.12461471557617,-0.07270622253417885,1.5934355051406113,0.004303207421163288,0.011382457714584297
270,0,36.677233333333334,Forward,0.09795722823398709,456.4772278517412,19870.0,19879.04167493069,ok,0.0005289853724961843,14355.642758659173,ok,-80.90950245628483,68.98482620819043,-0.11516147706576811,-52.097289790663126,61.1231689453125,-0.07415199279785083,1.5934355051406113,0.0029949410352582834,0.011382457714584297
271,0,36.813066666666664,Forward,0.09868301821543038,458.69431137854554,19855.0,19876.719190413958,ok,0.0005255825511507959,14352.927808711494,ok,-83.23198697301632,68.98152053037398,-0.11846715488221103,-54.812239738341304,61.11930465698242,-0.07801628112792895,1.5934355051406113,0.005846757446062376,0.011382457714584297
272,0,36.94838333333333,Forward,0.09943135774561196,460.136800048851,19865.0,19874.61010849408,ok,0.0005339137798691006,14352.306023530979,ok,-85.34106889289615,68.97851859633938,-0.12146908891681095,-55.434024918857176,61.1184196472168,-0.0789012908935557,1.5934355051406113,0.004255029394408291,0.011382457714584297
273,0,37.083666666666666,Forward,0.10009726566932502,462.0384120272174,19860.0,19872.56100189971,ok,0.0005267217199388051,14351.36262532606,ok,-87.39017548726406,68.97560202739619,-0.12438565785999674,-56.37742312377486,61.1170768737793,-0.08024406433105415,1.5934355051406113,0.003478083321892242,0.011382457714584297
274,0,37.21843333333333,Forward,0.10076435820247207,462.2850302471961,19855.0,19870.89400543515,ok,0.000529960135025307,14350.419227121141,ok,-89.05717195182297,68.97322932988484,-0.12675835537133961,-57.320821328694365,61.1157341003418,-0.08158683776855519,1.5934355051406113,0.0032450086812232104,0.011382457714584297
275,0,37.35346666666667,Forward,0.10122190319773623,464.27998423223835,19855.0,19869.361579645254,ok,0.0005258848581311008,14348.269780074706,ok,-90.58959774172035,68.97104817177485,-0.12893951348133553,-59.47026837512931,61.112674713134766,-0.08464622497558742,1.5934355051406113,0.00593878677088544,0.011382457714584297
276,0,37.48905,Forward,0.101697717545155,465.32152584124924,19865.0,19868.172460346905,ok,0.000531929343308976,14347.564911529555,ok,-91.77871704006975,68.96935565444812,-0.1306320308080774,-60.17513692028115,61.111671447753906,-0.08564949035644602,1.5934355051406113,0.005844908123082082,0.011382457714584297
277,0,37.62381666666667,Forward,0.10205418374919016,465.68828445173494,19855.0,19867.16563977361,ok,0.0005219977608084448,14346.972607542944,ok,-92.78553761336298,68.96792260961604,-0.13206507564015132,-60.76744090689135,61.1108283996582,-0.0864925384521481,1.5934355051406113,0.0057552060592410414,0.011382457714584297
278,0,37.758833333333335,Forward,0.10241553913430335,466.5928626498171,19870.0,19866.087522110985,ok,0.0005186168093526937,14346.38298366487,ok,-93.863655275989,68.9663880850088,-0.13359960024739123,-61.3570647849665,61.109989166259766,-0.08733177185058691,1.5934355051406113,0.005557945746173326,0.011382457714584297
279,0,37.893633333333334,Forward,0.10270453365254628,467.0151839746686,19855.0,19864.88786399458,ok,0.0005358491813590936,14345.758518375818,ok,-95.06331339239478,68.96468056739387,-0.13530711786231997,-61.98153007401743,61.109100341796875,-0.08822059631347694,1.5934355051406113,0.0052667125882510935,0.011382457714584297
280,0,38.02838333333333,Forward,0.10295709269319041,468.5324172785331,19855.0,19864.51478612456,ok,0.0005226678941574209,14345.265378405065,ok,-95.43639126241396,68.96414955191031,-0.1358381333458866,-62.47467004477039,61.1083984375,-0.0889225006103519,1.5934355051406113,0.0058541363325357865,0.011382457714584297
281,0,38.162933333333335,Forward,0.10316036698713044,469.0212620816965,19860.0,19863.673037871074,ok,0.0005354268241962572,14345.134053086767,ok,-96.27813951589997,68.96295146059536,-0.13703622466082643,-62.60599536306836,61.108211517333984,-0.08910942077636697,1.5934355051406113,0.004953890246751136,0.011382457714584297
282,0,38.29783333333334,Forward,0.10338965899470091,469.5210997681388,19855.0,19863.255839090383,ok,0.0005265594517693807,14345.069730481886,ok,-96.69533829659122,68.9623576461934,-0.1376300390627924,-62.67031796794981,61.10811996459961,-0.08920097351074287,1.5934355051406113,0.004505959222332462,0.011382457714584297
283,0,38.432066666666664,Forward,0.10342403083318594,469.7671250961939,19850.0,19862.948495166387,ok,0.000529590565076295,14344.85532179895,ok,-97.0026822205873,68.96192019225808,-0.13806749299811602,-62.88472665088557,61.10781478881836,-0.0895061492919924,1.5934355051406113,0.004554783212160851,0.011382457714584297
284,0,38.567366666666665,Forward,0.10366084426397755,469.92026931531655,19845.0,19862.334210777837,ok,0.0005341975751454307,14343.976246198912,ok,-97.61696660913731,68.96104585864612,-0.13894182661006824,-63.76380225092362,61.106563568115234,-0.09075736999511753,1.5934355051406113,0.005674189093335225,0.011382457714584297
285,0,38.70218333333333,Forward,0.10383616138922938,470.2762589298509,19845.0,19861.935117222118,ok,0.0005346863989370913,14343.869041857444,ok,-98.01606016485675,68.96047781407819,-0.13950987117799662,-63.871006592391495,61.10641098022461,-0.0909099578857423,1.5934355051406113,0.005349283487982859,0.011382457714584297
286,0,38.8373,Forward,0.10393688270603424,469.9621194559186,19840.0,19861.826894784474,ok,0.0005256691824094362,14343.847600989151,ok,-98.1242826025009,68.96032377709375,-0.1396639081624348,-63.89244746068471,61.106380462646484,-0.09094047546386674,1.5934355051406113,0.005243874296059076,0.011382457714584297
287,0,38.97266666666667,Forward,0.10391455567610708,470.9171185845007,19855.0,19861.501603157478,ok,0.0005253148175713684,14343.28745830498,ok,-98.44957422949665,68.95986077753122,-0.14012690772496697,-64.452590144856,61.10558319091797,-0.09173774719238346,1.5934355051406113,0.006051275812990281,0.011382457714584297
288,0,39.10851666666667,Forward,0.10407698368053739,471.51988790565156,19855.0,19861.460704182435,ok,0.0005265343181537344,14343.164173312292,ok,-98.49047320453974,68.95980256451256,-0.1401851207436292,-64.57587513754333,61.10540771484375,-0.09191322326660091,1.5934355051406113,0.0062726726012888034,0.011382457714584297
289,0,39.24381666666667,Forward,0.1040891087332366,471.54437798564686,19845.0,19861.21404191073,ok,0.00052600758437306,14342.917603326916,ok,-98.73713547624357,68.9594514810096,-0.14053620424659793,-64.82244512291982,61.10505676269531,-0.09226417541503838,1.5934355051406113,0.006480808712245711,0.011382457714584297
290,0,39.37886666666667,Forward,0.10417429005818973,470.9569957719068,19855.0,19861.044017555032,ok,0.000530692376442612,14342.917603326916,ok,-98.90715983194241,68.95920947907724,-0.1407782061789422,-64.82244512291982,61.10505676269531,-0.09226417541503838,1.5934355051406113,0.006238806779901435,0.011382457714584297
291,0,39.514716666666665,Forward,0.1042135031117479,470.88551438799914,19850.0,19860.98206691357,ok,0.0005179302266863339,14342.842560287887,ok,-98.96911047340473,68.95912130244584,-0.14086638281035613,-64.89748816194879,61.104949951171875,-0.0923709869384778,1.5934355051406113,0.006320827422294034,0.011382457714584297
292,0,39.65125,Forward,0.10429034904546547,470.59324938288773,19840.0,19860.907327515746,ok,0.0005285356285617126,14342.705874752515,ok,-99.0438498712283,68.95901492310611,-0.1409727621500761,-65.03417369732051,61.10475540161133,-0.09256553649902463,1.5934355051406113,0.006524450259858899,0.011382457714584297
293,0,39.78628333333333,Forward,0.10435911672066078,470.5355247002881,19855.0,19860.689490338835,ok,0.0005271550971998888,14342.408382704942,ok,-99.26168704813972,68.95870486742302,-0.14128281783317104,-65.33166574489405,61.104331970214844,-0.0929889678955086,1.5934355051406113,0.006889105197912804,0.011382457714584297
294,0,39.92111666666667,Forward,0.10445303286006397,470.8998634765958,19865.0,19860.640465863722,ok,0.0005279801592990168,14342.32797944884,ok,-99.3107115232524,68.95863508908062,-0.14135259617557772,-65.41206900099496,61.104217529296875,-0.09310340881347719,1.5934355051406113,0.007001681077438149,0.011382457714584297
295,0,40.05628333333333,Forward,0.10424706282355196,471.36366432659634,19855.0,19860.509860312526,ok,0.0005279931262384036,14342.143051959809,ok,-99.4413170744483,68.95844919338565,-0.14153849187054676,-65.59699649002687,61.10395431518555,-0.09336662292480465,1.5934355051406113,0.007235200092912314,0.011382457714584297
296,0,40.190783333333336,Forward,0.104244333841989,471.18384729825266,19860.0,19860.670668359053,ok,0.0005298245733120116,14342.143051959809,ok,-99.28050902792165,68.95867807740544,-0.14130960785074853,-65.59699649002687,61.10395431518555,-0.09336662292480465,1.5934355051406113,0.007464084112710545,0.011382457714584297
297,0,40.326633333333334,Forward,0.10443636731906053,471.5370030927661,19850.0,19860.801083331855,ok,0.0005306155094175768,14342.143051959809,ok,-99.15009405511955,68.95886370184316,-0.14112398341303187,-65.59699649002687,61.10395431518555,-0.09336662292480465,1.5934355051406113,0.007649708550427209,0.011382457714584297
298,0,40.461666666666666,Forward,0.10412116705440753,470.8604248034462,19860.0,19860.97878356249,ok,0.0005267631443609532,14342.143051959809,ok,-98.97239382448606,68.95911662913122,-0.14087105612497028,-65.59699649002687,61.10395431518555,-0.09336662292480465,1.5934355051406113,0.007902635838488797,0.011382457714584297
299,0,40.596983333333334,Forward,0.10395569093074672,470.6328600181405,19865.0,19861.48020942069,ok,0.0005345011291532371,14342.143051959809,ok,-98.47096796628466,68.95983032703711,-0.14015735821908287,-65.59699649002687,61.10395431518555,-0.09336662292480465,1.5934355051406113,0.008616333744376203,0.011382457714584297
300,0,40.73258333333333,Forward,0.10369420587899456,470.05813824240977,19835.0,19862.075164684484,ok,0.0005203834179307756,14342.143051959809,ok,-97.8760127024907,68.96067714879335,-0.13931053646284247,-65.59699649002687,61.10395431518555,-0.09336662292480465,1.5934355051406113,0.009463155500616605,0.011382457714584297
301,0,40.86815,Forward,0.10325914974031683,469.33144907114547,19860.0,19863.327704111176,ok,0.0005282454628943518,14342.370861185429,ok,-96.62347327579846,68.96245993432635,-0.13752775092984623,-65.36918726440672,61.104278564453125,-0.09304237365722572,1.5934355051406113,0.010729270738136731,0.011382457714584297
302,0,41.00265,Forward,0.10288968287961095,467.5269039089071,19840.0,19864.41786395192,ok,0.0005248188241227625,14342.370861185429,ok,-95.53331343505488,68.96401159900955,-0.1359760862466325,-65.36918726440672,61.104278564453125,-0.09304237365722572,1.5934355051406113,0.012280935421350475,0.011382457714584297
303,0,41.13848333333333,Forward,0.10219755864008787,467.14362291051657,19850.0,19866.006809619117,ok,0.0005317582038245592,14342.370861185429,ok,-93.94436776785733,68.96627320394417,-0.1337144813120256,-65.36918726440672,61.104278564453125,-0.09304237365722572,1.5934355051406113,0.014542540355957367,0.011382457714584297
304,0,41.2738,Forward,0.1016628968779954,465.017125472983,19860.0,19868.06423155666,ok,0.0005256756778456809,14342.017086858583,ok,-91.88694583031611,68.96920160842178,-0.13078607683440843,-65.7229615912529,61.10377502441406,-0.09354591369629055,1.5934355051406113,0.01827330341008032,0.011382457714584297
305,0,41.40936666666666,Forward,0.10069833130579536,463.71792826157616,19865.0,19870.428971741203,ok,0.0005243506117121709,14342.411062813479,ok,-89.52220564577146,68.97256743028771,-0.12742025496847773,-65.32898563635717,61.10433578491211,-0.09298515319824273,1.5934355051406113,0.020745589588541308,0.011382457714584297
306,0,41.5444,Forward,0.09970883596791882,461.00153949610103,19870.0,19873.112202311415,ok,0.0005227971374003478,14342.017086858583,ok,-86.83897507555957,68.9763865712587,-0.12360111399748264,-65.7229615912529,61.10377502441406,-0.09354591369629055,1.5934355051406113,0.025458266247006117,0.011382457714584297
307,0,41.67945,Forward,0.09840101650670821,458.6876628188729,19880.0,19876.44660472162,ok,0.0005348933473294569,14342.411062813479,ok,-83.50457266535523,68.98113254911092,-0.11885513614527349,-65.32898563635717,61.10433578491211,-0.09298515319824273,1.5934355051406113,0.029310708411745545,0.011382457714584297
308,0,41.814483333333335,Forward,0.09710809679037471,455.53704944808123,19880.0,19880.320802753773,ok,0.0005249726920945511,14342.266336952496,ok,-79.63037463320143,68.98664683796801,-0.11334084728817438,-65.47371149733954,61.104129791259766,-0.0931911468505872,1.5934355051406113,0.03515323486832393,0.011382457714584297
309,0,41.950066666666665,Forward,0.09549376168070475,452.5944611396699,19870.0,19884.80447169317,ok,0.0005246426287966082,14342.470025201286,ok,-75.14670569380542,68.9930286092317,-0.10695907602448715,-65.27002324854948,61.10441970825195,-0.09290122985839859,1.5934355051406113,0.04107304210311424,0.011382457714584297
310,0,42.08565,Forward,0.09362563371887142,447.92581817951213,19895.0,19890.322528566358,ok,0.0005239930875142673,14342.266336952496,ok,-69.62864882061695,69.00088266296777,-0.09910502228843013,-65.47371149733954,61.104129791259766,-0.0931911468505872,1.5934355051406113,0.049389059868068186,0.011382457714584297
311,0,42.222116666666665,Forward,0.09133279451082785,442.50459143136686,19890.0,19896.741172741982,ok,0.0005244743331657635,14342.470025201286,ok,-63.210004644992296,69.01001855580586,-0.08996912945033116,-65.27002324854948,61.10441970825195,-0.09290122985839859,1.5934355051406113,0.058062988677270236,0.011382457714584297
312,0,42.357416666666666,Forward,0.0888908629559258,435.7185697676141,19900.0,19904.011590545502,ok,0.0005279210151630927,14342.470025201286,ok,-55.93958684147219,69.02036680944381,-0.07962087581237301,-65.27002324854948,61.10441970825195,-0.09290122985839859,1.5934355051406113,0.06841124231522838,0.011382457714584297
313,0,42.49386666666667,Forward,0.08585506116580949,428.6243973902383,19895.0,19912.635825903257,ok,0.0005165660130951162,14345.466386545319,ok,-47.31535148371768,69.03264200150669,-0.0673456837495069,-62.27366190451721,61.10868453979492,-0.08863639831542916,1.5934355051406113,0.07389070037408339,0.011382457714584297
314,0,42.62813333333333,Forward,0.08260766054488586,420.9691715518784,19915.0,19922.406105983453,ok,0.0005220451814963157,14348.931766883272,ok,-37.54507140352143,69.04654840126473,-0.053439283991461535,-58.80828156656389,61.113616943359375,-0.08370399475097769,1.5934355051406113,0.07993763316684968,0.011382457714584297
315,0,42.76425,Forward,0.07902960903423686,411.01037099092355,19935.0,19933.307397559744,ok,0.0005257072554492738,14353.45847020176,ok,-26.6437798272309,69.06206461137279,-0.03792307388340251,-54.281578248075675,61.120059967041016,-0.0772609710693369,1.5934355051406113,0.08518730058012047,0.011382457714584297
316,0,42.900816666666664,Forward,0.07524906470397298,401.55419401691324,19935.0,19944.988756011353,ok,0.000533084711035274,14358.657880762961,ok,-14.962421375621489,69.07869111941675,-0.021296565839444826,-49.08216768687453,61.12746047973633,-0.06986045837402284,1.5934355051406113,0.09002156893912092,0.011382457714584297
317,0,43.035833333333336,Forward,0.0718280795234574,391.7426034614946,19960.0,19956.114414214528,ok,0.0005282106329014828,14364.926654630304,ok,-3.8367631724468083,69.09452667881472,-0.0054610064414775715,-42.813393819531484,61.136383056640625,-0.060937881469727034,1.5934355051406113,0.09163957750043562,0.011382457714584297
318,0,43.17146666666667,Forward,0.06854843131493868,383.12893755019104,19950.0,19966.116904165225,ok,0.000530853859182447,14370.635285813478,ok,6.165726778250246,69.10876359144041,0.008775906184207451,-37.10476263635792,61.144508361816406,-0.05281257629394536,1.5934355051406113,0.09292934036892736,0.011382457714584297
319,0,43.3073,Forward,0.06611372136254165,376.33134601842903,19975.0,19974.17240108957,ok,0.0005321837979264367,14375.23167195392,ok,14.221223702596035,69.12022927712803,0.020241591871838983,-32.50837649591631,61.15105056762695,-0.046270370483399506,1.5934355051406113,0.0939704430360979,0.011382457714584297
320,0,43.44291666666667,Forward,0.06426719416952117,371.7760320903508,19975.0,19979.94633498223,ok,0.000528776562635889,14379.096388463842,ok,19.995157595254568,69.1284475300572,0.028459844801004122,-28.64365998599351,61.156551361083984,-0.04076957702636844,1.5934355051406113,0.09342353636438458,0.011382457714584297
321,0,43.57848333333333,Forward,0.0632584138464962,367.3990837316669,19985.0,19983.421664878806,ok,0.0005225637612990227,14380.465923926096,ok,23.47048749183159,69.13339409519517,0.03340640993897259,-27.274124523739374,61.15850067138672,-0.03882026672363423,1.5934355051406113,0.09526400125543996,0.011382457714584297
322,0,43.714333333333336,Forward,0.062358298498786824,364.9857075353866,19985.0,19986.52809464164,ok,0.0005349871746711767,14383.848220899414,ok,26.576917254664295,69.1378155911756,0.03782790591940041,-23.891827550422022,61.16331481933594,-0.03400611877441461,1.5934355051406113,0.09201446296658139,0.011382457714584297
323,0,43.84936666666667,Forward,0.06183316805084761,363.9619630969719,19990.0,19988.064375943693,ok,0.000523144237583847,14385.469686564118,ok,28.113198556719,69.14000223697815,0.04001455172195903,-22.270361885717648,61.16562271118164,-0.03169822692871116,1.5934355051406113,0.09052363196017163,0.011382457714584297
324,0,43.98466666666667,Forward,0.06126980599833022,362.2930553017977,19975.0,19989.78684996187,ok,0.0005269302675059393,14385.965506643408,ok,29.835672574896307,69.14245389773639,0.042466212480197926,-21.774541806427806,61.16632843017578,-0.030992507934570323,1.5934355051406113,0.09185077501649438,0.011382457714584297
325,0,44.11945,Forward,0.060925392273857744,360.6105563139354,19990.0,19990.95979731426,ok,0.0005250975500096964,14386.461326722698,ok,31.0086199272846,69.14412339693637,0.044135711680176326,-21.278721727137963,61.16703414916992,-0.030286788940429493,1.5934355051406113,0.09239575651455667,0.011382457714584297
326,0,44.25533333333333,Forward,0.06060966261975744,360.05138013150645,19975.0,19992.504894865837,ok,0.0005262451496333869,14386.756138661734,ok,32.55371747886238,69.14632259123184,0.046334905975636706,-20.9839097881013,61.16745376586914,-0.02986717224121139,1.5934355051406113,0.09392631866293302,0.011382457714584297
327,0,44.390366666666665,Forward,0.06013849721542484,359.3355790025562,19995.0,19993.684593635662,ok,0.0005380217656980555,14389.079792763054,ok,33.73341624868772,69.1480016999731,0.048014014716901775,-18.660255686781966,61.17076110839844,-0.026559829711915207,1.5934355051406113,0.090335390390356,0.011382457714584297
328,0,44.52486666666667,Forward,0.059867108264470156,358.6555082936902,19995.0,19994.82596376948,ok,0.0005278982885300427,14389.685497292348,ok,34.87478638250468,69.14962625415399,0.04963856889779211,-18.054551157487367,61.17162322998047,-0.025697708129883735,1.5934355051406113,0.09058620943268939,0.011382457714584297
329,0,44.660183333333336,Forward,0.059435226976744054,356.7608442828714,19975.0,19995.984800276758,ok,0.0005397054432339669,14389.752500005767,ok,36.033622889783146,69.15127566886801,0.051287983611818175,-17.987548444069034,61.17171859741211,-0.025602340698241962,1.5934355051406113,0.09208366229510338,0.011382457714584297
330,0,44.79443333333333,Forward,0.05926691707626671,355.5997661008623,19980.0,19996.762426069734,ok,0.0005185496073648505,14389.71765859479,ok,36.81124868275947,69.15238249232144,0.052394807065243534,-18.02238985504664,61.171669006347656,-0.025651931762695788,1.5934355051406113,0.09326950591136718,0.011382457714584297
331,0,44.93001666666667,Forward,0.05906440432105121,354.6764934863786,19995.0,19997.729526555697,ok,0.0005299733257930025,14389.771260765523,ok,37.77834916872234,69.15375900208917,0.05377131683298906,-17.9687876843127,61.17174530029297,-0.025575637817383406,1.5934355051406113,0.09452444619782471,0.011382457714584297
332,0,45.06505,Forward,0.05873121495470303,354.7345815315566,19995.0,19998.933792725995,ok,0.0005292864761164032,14389.82218282772,ok,38.98261533902041,69.15547307851706,0.05548539326086961,-17.91786562211564,61.171817779541016,-0.0255031585693369,1.5934355051406113,0.09612303161848207,0.011382457714584297
333,0,45.2009,Forward,0.058488931901442845,354.6906069981087,19995.0,19999.725349991735,ok,0.0005329145549730759,14390.48952985336,ok,39.77417260476068,69.15659973114917,0.05661204589297598,-17.250518596476468,61.172767639160156,-0.02455329895019541,1.5934355051406113,0.09573614420854903,0.011382457714584297
334,0,45.335683333333336,Forward,0.05818224594425595,353.383427216595,19995.0,20000.305329882976,ok,0.0005244915280701563,14390.599414303364,ok,40.354152496001916,69.15742523790568,0.057437552649489174,-17.14063414647171,61.17292404174805,-0.024396896362304764,1.5934355051406113,0.0963124335284214,0.011382457714584297
335,0,45.469966666666664,Forward,0.058088145323216274,352.35058085235505,19995.0,20000.91695038644,ok,0.0005222507977110308,14390.899586459474,ok,40.965772999465116,69.15829577991181,0.05830809465560999,-16.84046199036129,61.1733512878418,-0.023969650268554906,1.5934355051406113,0.09650218643932856,0.011382457714584297
336,0,45.60503333333333,Forward,0.05793671396777967,351.8647385788827,20000.0,20001.692467636924,ok,0.0005230227561256613,14391.234600026562,ok,41.74129024994909,69.15939960219899,0.05941191694278783,-16.505448423273265,61.173828125,-0.023492813110351222,1.5934355051406113,0.0968461994684543,0.011382457714584297
337,0,45.74086666666667,Forward,0.05773020253905444,351.7228545828875,20000.0,20002.207154563024,ok,0.0005255378667225043,14391.467769469255,ok,42.25597717604978,69.1601321750716,0.060144489815402144,-16.272278980581177,61.17416000366211,-0.023160934448243135,1.5934355051406113,0.09704994509746703,0.011382457714584297
338,0,45.87511666666666,Forward,0.05742977650049935,350.21864357993036,19995.0,20002.36369560854,ok,0.0005275773422419115,14392.448689193689,ok,42.412518221564824,69.16035498571158,0.060367300455384416,-15.291359256147189,61.17555618286133,-0.021764755249022393,1.5934355051406113,0.09504803422987218,0.011382457714584297
339,0,46.01018333333333,Forward,0.05743811749367515,350.472365168891,19995.0,20003.110579473636,ok,0.0005178013222791975,14392.491570930275,ok,43.15940208666143,69.16141805304594,0.06143036778975083,-15.248477519560765,61.17561721801758,-0.021703720092773524,1.5934355051406113,0.09601384597920984,0.011382457714584297
340,0,46.14521666666667,Forward,0.05731569102929599,350.00448512927323,20000.0,20003.633095956047,ok,0.0005342378184807614,14394.099636052295,ok,43.68191856907288,69.16216177001465,0.062174084758449565,-13.640412397540786,61.17790603637695,-0.01941490173339946,1.5934355051406113,0.09311047850926427,0.011382457714584297
341,0,46.28053333333333,Forward,0.05705731373795344,349.3577695642889,20015.0,20004.045736747983,ok,0.0005332841225537079,14394.035313447415,ok,44.09455936100858,69.16274909686321,0.06276141160701817,-13.70473500242042,61.17781448364258,-0.019506454467772764,1.5934355051406113,0.093843688735376,0.011382457714584297
342,0,46.416133333333335,Forward,0.05708133907280435,349.81977623167404,19985.0,20004.448745863443,ok,0.0005234844852633777,14393.828945090088,ok,44.49756847646859,69.16332271459164,0.06333502933544777,-13.911103359747358,61.177520751953125,-0.01980018615722725,1.5934355051406113,0.09488534896676731,0.011382457714584297
343,0,46.55116666666667,Forward,0.05689920642726406,348.90625823063965,20000.0,20004.83875459073,ok,0.0005320505642912892,14394.035313447415,ok,44.887577203757246,69.16387782838841,0.06389014313221558,-13.70473500242042,61.17781448364258,-0.019506454467772764,1.5934355051406113,0.09497242026057341,0.011382457714584297
344,0,46.687016666666665,Forward,0.05668432556455573,349.0283022217518,20015.0,20005.491267307356,ok,0.0005279490966507722,14394.083555401076,ok,45.54008992038143,69.16480657378875,0.06481888853256257,-13.65649304876024,61.17788314819336,-0.01943778991699214,1.5934355051406113,0.09579175312776202,0.011382457714584297
345,0,46.82261666666667,Forward,0.05663381587810089,348.7648138150289,20015.0,20005.755089846003,ok,0.0005411494694260396,14394.129117246199,ok,45.80391245902865,69.16518208213216,0.06519439687597711,-13.610931203636937,61.177947998046875,-0.01937294006347739,1.5934355051406113,0.096063927412083,0.011382457714584297
346,0,46.95765,Forward,0.0565741962481352,348.63772097088804,20000.0,20006.14126320016,ok,0.0005235546099764387,14394.19343985108,ok,46.19008581318485,69.165731736901,0.06574405164479859,-13.546608598755483,61.17803955078125,-0.019281387329101497,1.5934355051406113,0.0964676988033572,0.011382457714584297
347,0,47.0927,Forward,0.056438834366551345,347.6742853794167,20000.0,20006.361605812464,ok,0.0005232316550396679,14394.76162286086,ok,46.410428425489954,69.16604535866263,0.06605767340643648,-12.97842558897537,61.17884826660156,-0.018472671508789725,1.5934355051406113,0.09549268406334141,0.011382457714584297
348,0,47.22721666666666,Forward,0.056375563256721876,347.42537331595304,20000.0,20006.887168031408,ok,0.0005275474386630793,14394.930469698673,ok,46.93599064443333,69.1667934107404,0.06680572548420304,-12.809578751162917,61.1790885925293,-0.018232345581054944,1.5934355051406113,0.09585779227504951,0.011382457714584297
349,0,47.363083333333336,Forward,0.05615384293273724,347.2440434510645,20000.0,20007.151309888246,ok,0.0005287593648645099,14395.351246738936,ok,47.20013250127158,69.16716937358116,0.06718168832496854,-12.388801710900225,61.1796875,-0.017633438110350928,1.5934355051406113,0.09527943468770128,0.011382457714584297
350,0,47.49785,Forward,0.056162050272142196,347.16443151536805,20000.0,20007.38700832179,ok,0.0005269332205870963,14395.351246738936,ok,47.435830934817204,69.16750485184917,0.0675171665929738,-12.388801710900225,61.1796875,-0.017633438110350928,1.5934355051406113,0.09561491295570654,0.011382457714584297
351,0,47.63235,Forward,0.05611685075257881,346.15479610097464,20000.0,20007.9182203981,ok,0.0005302375946162295,14395.528133902357,ok,47.9670430111255,69.16826094557717,0.06827326032097428,-12.211914547478955,61.17993927001953,-0.017381668090821104,1.5934355051406113,0.09596982739545824,0.011382457714584297
352,0,47.7674,Forward,0.05595695470094649,346.49109032066553,20010.0,20008.306705956402,ok,0.0005199048969331405,14395.76130334505,ok,48.355528569427406,69.16881389139138,0.0688262061351812,-11.978745104785048,61.18027114868164,-0.017049789428710427,1.5934355051406113,0.09599394596605945,0.011382457714584297
353,0,47.90298333333333,Forward,0.05585125865291053,345.40297707207355,19990.0,20008.90669116184,ok,0.0005248253382764257,14396.133838431651,ok,48.95551377486481,69.16966787244895,0.06968018719275984,-11.606210018184356,61.18080139160156,-0.016519546508789628,1.5934355051406113,0.09600301912868686,0.011382457714584297
354,0,48.0383,Forward,0.05579978891932332,345.02297630633257,20005.0,20009.210664803395,ok,0.0005281230515353984,14396.152599191408,ok,49.2594874164206,69.17010052933705,0.07011284408086194,-11.587449258428023,61.18082809448242,-0.016492843627931072,1.5934355051406113,0.0963931266983394,0.011382457714584297
355,0,48.17333333333333,Forward,0.05552769682500053,344.7185916844501,20000.0,20010.03539077634,ok,0.000522237823600898,14396.750263395093,ok,50.08421338936387,69.17127439221268,0.07128670695648603,-10.989785054742242,61.181678771972656,-0.01564216613769464,1.5934355051406113,0.09621148985759685,0.011382457714584297
356,0,48.30811666666666,Forward,0.05530072158265174,344.34369765739393,20000.0,20010.58173492086,ok,0.0005274419026543589,14396.956631752419,ok,50.63055753388471,69.1720520239711,0.07206433871492192,-10.783416697417124,61.18197250366211,-0.015348434448242744,1.5934355051406113,0.09652107911307516,0.011382457714584297
357,0,48.44343333333333,Forward,0.055237880704272824,343.15287248771347,19990.0,20010.63046303154,ok,0.0005285730803840124,14397.334527056093,ok,50.679285644564516,69.1721213804871,0.0721336952309077,-10.405521393742674,61.18251037597656,-0.01481056213379019,1.5934355051406113,0.09573337078598007,0.011382457714584297
358,0,48.57848333333333,Forward,0.05499365598440641,343.15250829818615,20010.0,20011.346172846486,ok,0.0005340910748845922,14397.366688358534,ok,51.39499545951185,69.17314007664686,0.07315239139066143,-10.373360091301947,61.18255615234375,-0.014764785766602243,1.5934355051406113,0.09667912525696018,0.011382457714584297
359,0,48.71353333333333,Forward,0.05471031903129349,343.12405019019207,20010.0,20012.081379052684,ok,0.000530521136003539,14397.55697606464,ok,52.13020166571005,69.17418652273889,0.0741988374826943,-10.183072385196283,61.18282699584961,-0.014493942260743025,1.5934355051406113,0.09729399969042021,0.011382457714584297
360,0,48.84911666666667,Forward,0.054737715589459696,342.3263112924833,20010.0,20012.792104499862,ok,0.0005332589384869757,14397.715102468304,ok,52.840927112887584,69.17519812446427,0.07521043920808394,-10.024945981531346,61.18305206298828,-0.014268875122071756,1.5934355051406113,0.09794697144601065,0.011382457714584297
361,0,48.98441666666667,Forward,0.05448553884835996,341.5721167116426,20010.0,20013.22442153756,ok,0.000514112119583369,14398.481613509803,ok,53.273244150586834,69.17581345723869,0.0758257719824888,-9.258434940033112,61.18414306640625,-0.013177871704100546,1.5934355051406113,0.09682386063799042,0.011382457714584297
362,0,49.118916666666664,Forward,0.054335037492952876,340.9460919486337,20000.0,20013.839061774324,ok,0.0005236828270941408,14398.830027619573,ok,53.887884387349914,69.17668829734251,0.0767006120863188,-8.91002083026251,61.18463897705078,-0.01268196105957006,1.5934355051406113,0.09690849911344838,0.011382457714584297
363,0,49.25395,Forward,0.05412458337358654,339.89881880706525,20000.0,20014.61823681469,ok,0.0005303982472028015,14399.293686396422,ok,54.667059427716595,69.17779732589685,0.07780964064065811,-8.446362053413395,61.185298919677734,-0.012022018432617175,1.5934355051406113,0.0969659516546452,0.011382457714584297
364,0,49.389783333333334,Forward,0.05398502133374988,339.30666986601136,20010.0,20015.064017816723,ok,0.0005285872713297226,14399.71714354522,ok,55.11284042974876,69.17843182242795,0.07844413717176234,-8.022904904615643,61.1859016418457,-0.01141929626464987,1.5934355051406113,0.096640049283575,0.011382457714584297
365,0,49.52455,Forward,0.053750164917663074,339.81118507559586,20015.0,20015.780192553415,ok,0.0005330541345937875,14400.39253089647,ok,55.82901516644051,69.17945118032796,0.07946349507177132,-7.347517553365833,61.18686294555664,-0.010457992553710745,1.5934355051406113,0.09612763171935015,0.011382457714584297
366,0,49.65958333333333,Forward,0.053475308379059665,338.67001624758996,20015.0,20016.515125163,ok,0.0005298791341209644,14400.655181533066,ok,56.56394777602691,69.18049723699986,0.08050955174366221,-7.084866916769897,61.18723678588867,-0.01008415222168059,1.5934355051406113,0.09657799793293065,0.011382457714584297
367,0,49.7941,Forward,0.05342487179305443,337.8836850153202,20015.0,20017.10817624054,ok,0.0005294163977132143,14400.815988045268,ok,57.15699885356662,69.18134134845761,0.08135366320142107,-6.924060404568081,61.18746566772461,-0.009855270385743442,1.5934355051406113,0.09705740094682547,0.011382457714584297
368,0,49.9294,Forward,0.05313977655894003,337.2474765069055,20015.0,20017.799467864497,ok,0.0005317420563148868,14401.368090403828,ok,57.84829047752282,69.1823252893061,0.08233760404991415,-6.371958046007421,61.18825149536133,-0.00906944274902435,1.5934355051406113,0.09678917613804962,0.011382457714584297
369,0,50.0647,Forward,0.053035775321922024,337.48799437363414,20010.0,20018.342709220393,ok,0.0005272308317784643,14401.810308312384,ok,58.39153183341841,69.18309850475113,0.08311081949493493,-5.9297401374515175,61.188880920410156,-0.0084400177001959,1.5934355051406113,0.09655944336244228,0.011382457714584297
370,0,50.199733333333334,Forward,0.052874324311711365,336.5882052305533,20020.0,20019.166045350674,ok,0.0005205572358364393,14402.10512025142,ok,59.21486796369936,69.18427038941246,0.08428270415626996,-5.634928198414855,61.189300537109375,-0.008020401000977796,1.5934355051406113,0.09706269587669328,0.011382457714584297
371,0,50.33505,Forward,0.05275716715294039,335.672090452259,20025.0,20019.703107436475,ok,0.0005289778583088397,14402.123881011179,ok,59.751930049500515,69.18503480967459,0.08504712441840541,-5.616167438656703,61.189327239990234,-0.00799369812011665,1.5934355051406113,0.09778456682037504,0.011382457714584297
372,0,50.469833333333334,Forward,0.0524303172917463,334.8677200959755,20015.0,20020.40822939373,ok,0.0005349784805451212,14403.075319541707,ok,60.457052006757294,69.18603843574624,0.08605075049005342,-4.664728908128382,61.19068145751953,-0.0066394805908205675,1.5934355051406113,0.09663033459915887,0.011382457714584297
373,0,50.605666666666664,Forward,0.05227754093845369,334.9260877832385,20015.0,20020.7291432209,ok,0.0005239418243627951,14403.359411046598,ok,60.7779658339241,69.18649520422493,0.08650751896872903,-4.380637403237415,61.19108581542969,-0.006235122680663387,1.5934355051406113,0.09644278482700558,0.011382457714584297
374,0,50.741,Forward,0.05227421752282756,333.57711950203884,20015.0,20021.168106239278,ok,0.0005303117484619093,14403.69174450515,ok,61.21692885230368,69.1871199964686,0.08713231121239848,-4.048303944686268,61.191558837890625,-0.005762100219725581,1.5934355051406113,0.09631384628668774,0.011382457714584297
375,0,50.87656666666667,Forward,0.051986379696870894,333.95118905613344,20025.0,20022.012528268417,ok,0.0005226493629815575,14403.943674707598,ok,62.061350881442195,69.18832189346696,0.08833420821077645,-3.796373742237847,61.191917419433594,-0.005403518676758937,1.5934355051406113,0.09694436672301456,0.011382457714584297
376,0,51.011633333333336,Forward,0.05198879947690344,333.52039286844956,20035.0,20022.47005897852,ok,0.0005206823420837691,14404.168803824681,ok,62.51888159154623,69.18897311379065,0.08898542853445844,-3.571244625154577,61.192237854003906,-0.0050830841064458945,1.5934355051406113,0.09708499522528527,0.011382457714584297
377,0,51.14613333333333,Forward,0.05181013189326757,332.412263051865,20020.0,20023.00468113826,ok,0.0005202474271142659,14404.396613050301,ok,63.05350375128546,69.18973406121609,0.08974637595989744,-3.343435399534428,61.192562103271484,-0.004758834838866974,1.5934355051406113,0.09732927235524817,0.011382457714584297
378,0,51.28145,Forward,0.05150475447626559,332.90358991985704,20015.0,20023.5130620647,ok,0.0005292105183721404,14405.908194265001,ok,63.561884677725175,69.19045765852695,0.0904699732707633,-1.8318541848348104,61.1947135925293,-0.002607345581054165,1.5934355051406113,0.09462461029378648,0.011382457714584297
379,0,51.41623333333333,Forward,0.05143801692231386,332.5257941820164,20030.0,20023.988946581812,ok,0.000531698693960907,14405.798309814996,ok,64.03776919483789,69.19113500250066,0.09114731724445835,-1.9417386348395667,61.194557189941406,-0.002763748168944808,1.5934355051406113,0.09555117170412236,0.011382457714584297
380,0,51.552083333333336,Forward,0.05134538899779487,331.6134084609148,20005.0,20024.65349112414,ok,0.0005285843075350905,14405.980557195491,ok,64.70231373716524,69.19208087324199,0.09209318798580621,-1.759491254344539,61.19481658935547,-0.0025043487548832254,1.5934355051406113,0.09608370620909182,0.011382457714584297
381,0,51.68728333333333,Forward,0.05115222521114028,330.5616946831651,20030.0,20024.877825469724,ok,0.0005238821442710124,14406.160124467451,ok,64.92664808275003,69.19240017658474,0.09241249132855121,-1.579923982384571,61.195072174072266,-0.002248764038084932,1.5934355051406113,0.09599575178951912,0.011382457714584297
382,0,51.823116666666664,Forward,0.05103549292178874,330.15130826690074,20025.0,20025.30094219535,ok,0.0005219356233354648,14406.205686312574,ok,65.34976480837577,69.19300241421587,0.09301472895967022,-1.5343621372612688,61.19513702392578,-0.0021839141845701837,1.5934355051406113,0.09649465536154456,0.011382457714584297
383,0,51.959266666666664,Forward,0.0510551299827959,329.86133841800984,20020.0,20025.62972049255,ok,0.0005233995236273292,14406.253928266235,ok,65.67854310557595,69.19347037648461,0.09348269122841855,-1.4861201836010878,61.19520568847656,-0.0021152496337895573,1.5934355051406113,0.0968532050971345,0.011382457714584297
384,0,52.09458333333333,Forward,0.05085021530677709,329.73456066055223,20015.0,20026.21926599723,ok,0.0005248023207918819,14406.476377274781,ok,66.26808861025711,69.19430949833131,0.09432181307511694,-1.2636711750546965,61.19552230834961,-0.0017986297607423935,1.5934355051406113,0.09718781359648644,0.011382457714584297
385,0,52.23068333333333,Forward,0.05068295395556415,329.84959238237934,20030.0,20026.52614533521,ok,0.0005300108223389762,14406.980237679682,ok,66.57496794823601,69.19474629100424,0.09475860574803827,-0.7598107701542176,61.19623947143555,-0.0010814666748039273,1.5934355051406113,0.0964818531452972,0.011382457714584297
386,0,52.36573333333333,Forward,0.05078356768223429,328.7076572020851,20015.0,20026.803591273914,ok,0.0005217040199501466,14406.980237679682,ok,66.85241388693976,69.19514119003509,0.0951535047788942,-0.7598107701542176,61.19623947143555,-0.0010814666748039273,1.5934355051406113,0.09687675217615313,0.011382457714584297
387,0,52.50131666666667,Forward,0.05059725346592265,330.2169048130236,20020.0,20027.352146458994,ok,0.0005306956477264431,14407.095482346758,ok,67.4009690720195,69.19592196884905,0.09593428359285368,-0.6445661030775227,61.19640350341797,-0.0009174346923841173,1.5934355051406113,0.09739615660534628,0.011382457714584297
388,0,52.63635,Forward,0.050368734428688236,329.569529704273,20015.0,20027.427471043942,ok,0.0005162212502927087,14407.623463728489,ok,67.47629365696775,69.19602918110716,0.09604149585097742,-0.1165847213469533,61.1971549987793,-0.00016593933105533797,1.5934355051406113,0.09630590947278028,0.011382457714584297
389,0,52.7722,Forward,0.05036493958542973,328.17486665954493,20025.0,20027.86149451804,ok,0.0005146763850027166,14407.78427024069,ok,67.91031713106713,69.1966469427154,0.09665925745920763,0.044221790854862775,61.197383880615234,6.294250488180936e-05,1.5934355051406113,0.09655896263714647,0.011382457714584297
390,0,52.90725,Forward,0.05015526773074918,327.70359018718955,20015.0,20028.199844452927,ok,0.0005280323998369468,14408.046920877288,ok,68.24866706595276,69.19712852864886,0.09714084339267184,0.30687242745261756,61.197757720947266,0.0004367828369145545,1.5934355051406113,0.09644485811229615,0.011382457714584297
391,0,53.04255,Forward,0.05021670172566341,327.9415659145452,20035.0,20028.43015706645,ok,0.000529278060914654,14408.2157677151,ok,68.47897967947574,69.19745634108071,0.0974686558245245,0.47571926526507013,61.197998046875,0.000677108764649336,1.5934355051406113,0.09638972667809036,0.011382457714584297
392,0,53.17733333333333,Forward,0.05013888517175998,327.5500575056176,20035.0,20028.735197245038,ok,0.0005337825578217457,14408.521300088283,ok,68.7840198580634,69.19789051601029,0.09790283075409524,0.7812516384474293,61.19843292236328,0.0011119842529283624,1.5934355051406113,0.09613095556432193,0.011382457714584297
393,0,53.313183333333335,Forward,0.05005410152854868,326.2269439543961,20030.0,20029.121441458472,ok,0.0005247949771344559,14409.078762663918,ok,69.17026407149751,69.19844027163573,0.09845258637953876,1.3387142140818469,61.19922637939453,0.001905441284179211,1.5934355051406113,0.09541638858436688,0.011382457714584297
394,0,53.44821666666667,Forward,0.04986309842366314,326.9967360428418,20015.0,20029.329043589405,ok,0.0005227641391427271,14409.156485811482,ok,69.3778662024306,69.19873575940063,0.09874807414444217,1.416437361645876,61.199337005615234,0.0020160675048819065,1.5934355051406113,0.09553560060140309,0.011382457714584297
395,0,53.58273333333333,Forward,0.049836387171556445,326.1043085624915,20025.0,20029.810834413096,ok,0.0005225969428994319,14409.293171346853,ok,69.85965702612157,69.19942151003818,0.09943382478198888,1.5531228970176016,61.19953155517578,0.0022106170654287408,1.5934355051406113,0.09591134906166499,0.011382457714584297
396,0,53.7183,Forward,0.04967673024605262,326.67847361604436,20025.0,20030.388652993173,ok,0.0005184925016168082,14409.360174060272,ok,70.43747560619886,69.20024394052085,0.10025625526465931,1.6201256104359345,61.19962692260742,0.0023059844970705133,1.5934355051406113,0.09658181769272334,0.011382457714584297
397,0,53.85308333333333,Forward,0.04953997532753913,325.09148681677834,20015.0,20030.86480238932,ok,0.0005236099746043687,14409.561182200523,ok,70.9136250023439,69.20092166150664,0.10093397625044417,1.821133750687295,61.199913024902344,0.002592086791990653,1.5934355051406113,0.09680365312368024,0.011382457714584297
398,0,53.98918333333334,Forward,0.04944191026571622,325.96893926320627,20030.0,20031.075765671074,ok,0.0005200846553393474,14409.579942960281,ok,71.12458828409945,69.20122193332139,0.10123424806520087,1.839894510445447,61.1999397277832,0.0026187896728517993,1.5934355051406113,0.09706137561998325,0.011382457714584297
399,0,54.12505,Forward,0.04927768641318569,325.4218909206975,20020.0,20031.50585260528,ok,0.0005344438613515836,14410.298212048117,ok,71.55467521830724,69.2018340919073,0.10184640665110761,2.5581635982816806,61.20096206665039,0.003641128540039795,1.5934355051406113,0.09604450315662741,0.011382457714584297
400,0,54.25983333333333,Forward,0.04913125033714067,324.6115349912943,20030.0,20032.116527488775,ok,0.0005263259574393148,14410.3920158469,ok,72.16535010180087,69.20270328797767,0.1027156027214714,2.651967397065164,61.20109558105469,0.00377464294433517,1.5934355051406113,0.09670095263473924,0.011382457714584297
401,0,54.39463333333333,Forward,0.04907984285815956,324.5920521883563,20025.0,20032.179428639833,ok,0.0005339225225502256,14410.453658343245,ok,72.22825125285817,69.20279281750442,0.10280513224822643,2.713609893409739,61.2011833190918,0.0038623809814451863,1.5934355051406113,0.09665067725801184,0.011382457714584297
402,0,54.53021666666667,Forward,0.04895915063636889,324.223041266825,20030.0,20032.821513402498,ok,0.0005217333376731255,14411.062042981077,ok,72.87033601552321,69.20370672041354,0.10371903515734246,3.3219945312412165,61.202049255371094,0.00472831726074254,1.5934355051406113,0.0961847665545061,0.011382457714584297
403,0,54.66578333333333,Forward,0.0487962553326927,323.497019459126,20040.0,20033.11769920758,ok,0.0005309776985892349,14411.346134485966,ok,73.16652182060716,69.20412829258694,0.1041406073307446,3.606086036130364,61.20245361328125,0.00513267517089713,1.5934355051406113,0.09596202047708345,0.011382457714584297
404,0,54.80056666666667,Forward,0.048766698674872086,323.458188911216,20025.0,20033.611461044668,ok,0.0005184667403804696,14411.549822734756,ok,73.66028365769307,69.20483108200908,0.10484339675289242,3.8097742849204224,61.20274353027344,0.005422592163085737,1.5934355051406113,0.09620284587033438,0.011382457714584297
405,0,54.93505,Forward,0.048641620192282777,322.40550666295894,20015.0,20033.884755868636,ok,0.0005206225936369978,14411.549822734756,ok,73.93357848166124,69.20522007260533,0.10523238734914048,3.8097742849204224,61.20274353027344,0.005422592163085737,1.5934355051406113,0.09659183646658244,0.011382457714584297
406,0,55.0701,Forward,0.04852637209560769,323.55666180218395,20040.0,20034.195244882143,ok,0.0005290308184012807,14411.892876627453,ok,74.24406749516857,69.20566200306249,0.10567431780628939,4.152828177617266,61.20323181152344,0.005910873413084467,1.5934355051406113,0.09625572224348893,0.011382457714584297
407,0,55.20486666666667,Forward,0.0484533503714939,322.24337533123617,20025.0,20034.766281571705,ok,0.0005361478240488254,14412.412817683575,ok,74.81510418473044,69.2064747806304,0.1064870953742175,4.672769233739018,61.20397186279297,0.0066509246826182014,1.5934355051406113,0.09588927584291759,0.011382457714584297
408,0,55.34045,Forward,0.048275017069031576,322.0424769755591,20025.0,20035.13422332904,ok,0.0005230385708090615,14412.841635049446,ok,75.18304594206711,69.2069984856955,0.10701080043929262,5.101586599610528,61.20458221435547,0.007261276245117261,1.5934355051406113,0.09544042505768868,0.011382457714584297
409,0,55.475233333333335,Forward,0.04827434067127493,321.4333081756595,20020.0,20035.452551351256,ok,0.0005244959469882577,14412.981000693355,ok,75.50137396428181,69.20745157370266,0.10746388844647047,5.240952243519132,61.20478057861328,0.007459640502929973,1.5934355051406113,0.09557743241351688,0.011382457714584297
410,0,55.6108,Forward,0.04821476333717631,321.0216522094779,20040.0,20035.696688097774,ok,0.0005261325768725452,14413.005121670185,ok,75.74551071079986,69.20779906253254,0.1078113772763547,5.2650732203492225,61.20481491088867,0.0074939727783202865,1.5934355051406113,0.09587021497682192,0.011382457714584297
411,0,55.746383333333334,Forward,0.048109610936743555,320.23244394564244,20030.0,20036.007838573547,ok,0.0005119052603250124,14413.11500612019,ok,76.05666118657246,69.20824193447332,0.10825424921712641,5.374957670353979,61.20497131347656,0.00765037536621093,1.5934355051406113,0.0960638694809528,0.011382457714584297
412,0,55.8809,Forward,0.04791838828694645,320.14151810825933,20045.0,20036.764193924504,ok,0.0005303621835595132,14413.913678464127,ok,76.81301653752962,69.20931848292261,0.1093307976664249,6.1736300142911205,61.20610809326172,0.008787155151367498,1.5934355051406113,0.0953290326590567,0.011382457714584297
413,0,56.0162,Forward,0.04773031060174948,320.08925059998364,20035.0,20037.315314425967,ok,0.0005164964831406554,14413.932439223883,ok,77.36413703899234,69.21010291304594,0.1101152277897465,6.192390774047453,61.20613479614258,0.008813858032226056,1.5934355051406113,0.09607091346392874,0.011382457714584297
414,0,56.15125,Forward,0.047624376199678575,319.0530051078749,20025.0,20037.692483458057,ok,0.0005235504284867894,14413.956560200713,ok,77.74130607108236,69.21063975163128,0.11065206637508351,6.216511750877544,61.20616912841797,0.008848190307616369,1.5934355051406113,0.09655304578268656,0.011382457714584297
415,0,56.28628333333333,Forward,0.047636102427109514,319.52397536627177,20030.0,20037.878754928974,ok,0.0005210779010272336,14414.599786249522,ok,77.9275775419992,69.21090487868156,0.11091719342536523,6.859737799686627,61.20708465576172,0.009763717651367548,1.5934355051406113,0.09535933905750807,0.011382457714584297
416,0,56.42106666666667,Forward,0.04749275817030057,318.33040244730364,20030.0,20037.8397558004,ok,0.0005236549017817666,14414.605146466596,ok,77.88857841342542,69.2108493697844,0.11086168452820867,6.865098016760385,61.20709228515625,0.009771347045899303,1.5934355051406113,0.0952916732122219,0.011382457714584297
417,0,56.55583333333333,Forward,0.04747847217522032,318.68486705635587,20035.0,20038.63600670876,ok,0.0005279666505320261,14414.77935352148,ok,78.68482932178449,69.21198270305105,0.11199501779485597,7.039305071644776,61.207340240478516,0.010019302368163252,1.5934355051406113,0.09602990566468524,0.011382457714584297
418,0,56.69146666666666,Forward,0.04742953823054233,318.53035027481747,20030.0,20038.836171124687,ok,0.0005286729847394346,14415.103646654421,ok,78.88499373771265,69.21226760444205,0.11227991918584831,7.363598204585287,61.207801818847656,0.010480880737303425,1.5934355051406113,0.09557931169388473,0.011382457714584297
419,0,56.8265,Forward,0.04727024402336594,318.8078375482655,20050.0,20039.294705902452,ok,0.0005220785839530776,14415.138488065399,ok,79.34352851547737,69.21292025389224,0.1129325686360404,7.398439615562893,61.20785140991211,0.01053047180175725,1.5934355051406113,0.09615294098123837,0.011382457714584297
420,0,56.96208333333333,Forward,0.04704777431321378,318.4467529147005,20035.0,20039.688712078936,ok,0.0005345579170594388,14415.138488065399,ok,79.73753469196163,69.21348105740577,0.11349337214958911,7.398439615562893,61.20785140991211,0.01053047180175725,1.5934355051406113,0.09671374449478709,0.011382457714584297
421,0,57.097116666666665,Forward,0.04707726494729671,317.05636605710606,20030.0,20040.00841260244,ok,0.000522136423255971,14415.797794765427,ok,80.05723521546679,69.21393609894463,0.1139484136884423,8.05774631559143,61.20878982543945,0.011468887329101108,1.5934355051406113,0.09567348141379532,0.011382457714584297
422,0,57.23243333333333,Forward,0.04688673738625185,316.65150005381656,20055.0,20040.31246218124,ok,0.0005214126170830767,14415.864797478846,ok,80.36128479426407,69.214368863917,0.11438117866081915,8.124749029009763,61.208885192871094,0.01156425476074288,1.5934355051406113,0.0959542845345601,0.011382457714584297
423,0,57.36725,Forward,0.04681346381229816,317.2529569298822,20040.0,20040.843931295614,ok,0.0005252777170696985,14415.878198021528,ok,80.89275390863986,69.21512532349676,0.1151376382405752,8.138149571692338,61.20890426635742,0.011583328247069681,1.5934355051406113,0.09668035174399621,0.011382457714584297
424,0,57.50205,Forward,0.046819156109458,316.05540126570486,20050.0,20041.10710695578,ok,0.0005383374229803931,14416.076526053244,ok,81.15592956880573,69.2154999111142,0.11551222585800414,8.336477603408639,61.20918655395508,0.011865615844726531,1.5934355051406113,0.09660513228065787,0.011382457714584297
425,0,57.6379,Forward,0.04663701027134833,316.0462028243346,20040.0,20041.583248305793,ok,0.0005318207424459973,14417.03064469231,ok,81.6320709188185,69.21617762064763,0.11618993539143237,9.290596242473839,61.21054458618164,0.013223648071288492,1.5934355051406113,0.09511890504715712,0.011382457714584297
426,0,57.77268333333333,Forward,0.046670721451093355,315.07813934984733,20035.0,20041.811365614416,ok,0.0005250345050338691,14417.156609793536,ok,81.86018822744154,69.2165023084211,0.11651462316490485,9.416561343699868,61.210723876953125,0.013402938842774404,1.5934355051406113,0.09515790453959991,0.011382457714584297
427,0,57.90773333333333,Forward,0.046409257965593524,315.9953956932841,20035.0,20042.01353124873,ok,0.0005249424096536509,14417.309375980127,ok,82.06235386175467,69.21679005821997,0.11680237296378684,9.569327530291048,61.210941314697266,0.013620376586913917,1.5934355051406113,0.0950991813168123,0.011382457714584297
428,0,58.04333333333334,Forward,0.046376960431829324,314.91969736244573,20040.0,20042.67336278401,ok,0.0005225534724790951,14417.472862600865,ok,82.72218539703681,69.21772922076468,0.1177415355084919,9.732814151029743,61.21117401123047,0.013853073120116943,1.5934355051406113,0.09566755694358853,0.011382457714584297
429,0,58.1781,Forward,0.04624180214424097,314.9834794850467,20035.0,20043.027467064832,ok,0.0005243489906643307,14417.55058574843,ok,83.07628967785786,69.21823323043941,0.11824554518321084,9.810537298593772,61.21128463745117,0.013963699340819638,1.5934355051406113,0.09599529087044029,0.011382457714584297
430,0,58.31315,Forward,0.04612932651114583,314.69115156347834,20030.0,20043.113788770966,ok,0.0005224835016516867,14417.732833128926,ok,83.16261138399204,69.21835609530545,0.1183684100492582,9.992784679090619,61.211544036865234,0.01422309875488381,1.5934355051406113,0.09570481950010512,0.011382457714584297
431,0,58.44845,Forward,0.04600149339619612,314.0496629826084,20040.0,20043.122040271366,ok,0.000532360789539989,14418.142889735042,ok,83.17086288439168,69.21836783997011,0.11838015471391665,10.402841285205795,61.212127685546875,0.014806747436524312,1.5934355051406113,0.09478655763290908,0.011382457714584297
432,0,58.584,Forward,0.046123383277505973,314.06234711584693,20040.0,20044.33994363555,ok,0.0005261540245738503,14418.831677628972,ok,84.38876624857585,69.22010132671869,0.12011364146250463,11.091629179136362,61.21310806274414,0.01578712463378765,1.5934355051406113,0.09495787654694741,0.011382457714584297
433,0,58.7193,Forward,0.045806812386120124,314.0041165293769,20030.0,20044.03595178689,ok,0.0005261250986242185,14418.94692229605,ok,84.08477439991475,69.21966864391575,0.11968095865955845,11.206873846214876,61.21327209472656,0.01595115661621005,1.5934355051406113,0.09426381935923078,0.011382457714584297
434,0,58.85406666666667,Forward,0.0458231817306193,313.6976073415135,20035.0,20044.43608603485,ok,0.0005274271102516664,14418.973723381418,ok,84.48490864787527,69.2202381697393,0.12025048448311214,11.233674931581845,61.21331024169922,0.01598930358886624,1.5934355051406113,0.09477256044214047,0.011382457714584297
435,0,58.98895,Forward,0.04576258380946303,312.74664685981406,20040.0,20044.713114804887,ok,0.0005260547732811635,14419.65447094974,ok,84.76193741791212,69.22063247499862,0.12064478974242818,11.914422499903594,61.21427917480469,0.016958236694334532,1.5934355051406113,0.09362293328909718,0.011382457714584297
436,0,59.12371666666667,Forward,0.04562233622487542,313.13434891954967,20035.0,20044.996987217983,ok,0.0005145384281356036,14419.65447094974,ok,85.04580983100823,69.22103652106735,0.12104883581115829,11.914422499903594,61.21427917480469,0.016958236694334532,1.5934355051406113,0.09402697935782729,0.011382457714584297
437,0,59.25906666666667,Forward,0.04554809105648542,312.3299727417216,20045.0,20045.701972331713,ok,0.0005326137655076353,14419.678591926571,ok,85.75079494473903,69.22203995236457,0.12205226710837189,11.938543476735504,61.21431350708008,0.016992568969727433,1.5934355051406113,0.09497570438845758,0.011382457714584297
438,0,59.39436666666667,Forward,0.04559723079818277,312.041442676662,20045.0,20045.920196847626,ok,0.0005243842345726033,14419.69467257779,ok,85.96901946065191,69.22235055936153,0.12236287410534444,11.954624127954958,61.21433639526367,0.017015457153320115,1.5934355051406113,0.09524984054104538,0.011382457714584297
439,0,59.52941666666667,Forward,0.04529378301701131,312.47313608753393,20050.0,20046.282140967523,ok,0.0005226233763292427,14420.169051788787,ok,86.330963580549,69.22286572776818,0.12287804251198665,12.429003338951588,61.21501159667969,0.01769065856933651,1.5934355051406113,0.09468911903828585,0.011382457714584297
440,0,59.66445,Forward,0.04539986219026892,312.54846451054254,20040.0,20046.354484075157,ok,0.0005228668302809809,14420.249455044888,ok,86.40330668818206,69.22296869637975,0.12298101112355428,12.509406595052496,61.215126037597656,0.017805099487305083,1.5934355051406113,0.09460973342792146,0.011382457714584297
441,0,59.799533333333336,Forward,0.045252225018036114,311.49068578687366,20045.0,20046.548115083013,ok,0.0005235755772312009,14420.624670240026,ok,86.59693769603837,69.22324429853022,0.12325661327402497,12.884621790190067,61.215660095214844,0.01833915710449176,1.5934355051406113,0.09403434920937612,0.011382457714584297
442,0,59.93483333333333,Forward,0.04518644124556832,311.50006554524225,20050.0,20046.930858259504,ok,0.000536093053162601,14420.91412196199,ok,86.97968087252957,69.22378907100074,0.12380138574454394,13.174073512154791,61.21607208251953,0.018751144409180697,1.5934355051406113,0.09392264648093654,0.011382457714584297
443,0,60.0704,Forward,0.04522395994722416,311.13073266555875,20045.0,20047.236184509195,ok,0.0005204586229763291,14420.91412196199,ok,87.28500712222012,69.22422365310585,0.12423596784965964,13.174073512154791,61.21607208251953,0.018751144409180697,1.5934355051406113,0.09435722858605225,0.011382457714584297
444,0,60.205983333333336,Forward,0.04499677884940095,310.0249000291187,20035.0,20047.381988437028,ok,0.0005230232762901332,14421.436743126646,ok,87.43081105005331,69.22443118121048,0.12444349595428902,13.696694676809784,61.21681594848633,0.019495010375975133,1.5934355051406113,0.09337945424812563,0.011382457714584297
445,0,60.34128333333334,Forward,0.04489492114003655,310.02263733133077,20045.0,20047.896469356063,ok,0.0005260986627866641,14421.608270072995,ok,87.94529196908843,69.22516346086564,0.12517577560945375,13.868221623159116,61.21706008911133,0.019739151000975792,1.5934355051406113,0.09372271156316708,0.011382457714584297
446,0,60.47605,Forward,0.044909864603186515,309.4415939279097,20035.0,20047.87542790713,ok,0.0005139648423472365,14421.608270072995,ok,87.9242505201546,69.22513351179582,0.1251458265396256,13.868221623159116,61.21706008911133,0.019739151000975792,1.5934355051406113,0.09369276249333894,0.011382457714584297
447,0,60.61165,Forward,0.044889791516374046,309.1136827598275,20055.0,20047.973042619604,ok,0.0005194265053107212,14421.672592677876,ok,88.02186523262935,69.22527245041404,0.12528476515784312,13.93254422804057,61.2171516418457,0.019830703735351687,1.5934355051406113,0.09368581773400919,0.011382457714584297
448,0,60.746966666666665,Forward,0.044805094589980735,310.1135226427068,20055.0,20048.433947307516,ok,0.0005229393492359347,14421.696713654706,ok,88.48276992054161,69.22592847304469,0.12594078778850004,13.95666520487066,61.217185974121094,0.019865036010742,1.5934355051406113,0.09428713409808692,0.011382457714584297
449,0,60.88175,Forward,0.04472140137906227,310.0138297127269,20035.0,20048.95914752905,ok,0.0005171495403191465,14421.696713654706,ok,89.00797014207637,69.2266760098782,0.12668832462201216,13.95666520487066,61.217185974121094,0.019865036010742,1.5934355051406113,0.09503467093159904,0.011382457714584297
450,0,61.017316666666666,Forward,0.044604622812812605,309.5139650036035,20055.0,20048.939768504937,ok,0.0005169145223466072,14421.696713654706,ok,88.98859111796264,69.22664842699889,0.12666074174270528,13.95666520487066,61.217185974121094,0.019865036010742,1.5934355051406113,0.09500708805229216,0.011382457714584297
451,0,61.15213333333333,Forward,0.04458816346218226,309.11216874934325,20030.0,20049.268126333136,ok,0.0005165944712404991,14422.44178382791,ok,89.31694894616157,69.22711579079862,0.12712810554242618,14.701735378073863,61.21824645996094,0.020925521850586187,1.5934355051406113,0.09378463606210648,0.011382457714584297
452,0,61.2874,Forward,0.04450277601627148,308.42692675118815,20040.0,20049.646014985155,ok,0.0005352372716400666,14422.468584913277,ok,89.69483759818104,69.22765365364552,0.12766596838933303,14.728536463440832,61.218284606933594,0.02096366882324238,1.5934355051406113,0.09426171416836933,0.011382457714584297
453,0,61.42245,Forward,0.044424881610011666,308.30321956919215,20055.0,20049.82230798819,ok,0.000525291487854305,14422.557028494988,ok,89.87113060121555,69.22790457797467,0.1279168927184844,14.816980045152377,61.21841049194336,0.021089553833008586,1.5934355051406113,0.09431204885339423,0.011382457714584297
454,0,61.5575,Forward,0.04434833729572003,307.61277208435786,20040.0,20050.130275688836,ok,0.0005251353734314699,14422.723195224264,ok,90.17909830186181,69.2283429197543,0.12835523449810582,14.98314677442795,61.21864700317383,0.02132606506347749,1.5934355051406113,0.09437352524102202,0.011382457714584297
455,0,61.69338333333334,Forward,0.04435095719532724,308.29472347887713,20060.0,20050.122740060644,ok,0.000526636541776406,14422.926883473052,ok,90.17156267366954,69.22833219401694,0.12834450876074624,15.18683502321619,61.218936920166016,0.021615982055663507,1.5934355051406113,0.09390083547476967,0.011382457714584297
456,0,61.8292,Forward,0.04417608001480329,308.31586353195235,20055.0,20050.522504031742,ok,0.0005181249157075904,14423.307458885263,ok,90.5713266447674,69.22890119281179,0.12891350755559336,15.567410435427519,61.219478607177734,0.022157669067381938,1.5934355051406113,0.09360669095247112,0.011382457714584297
457,0,61.9643,Forward,0.044153766083673926,308.1482492138457,20050.0,20050.6758950273,ok,0.0005303187143922529,14423.639792343814,ok,90.72471764032525,69.22911951986956,0.12913183461336478,15.899743893978666,61.21995162963867,0.022630691528319747,1.5934355051406113,0.09307128722625524,0.011382457714584297
458,0,62.0999,Forward,0.04408409695885957,307.8785320082716,20050.0,20050.781355447943,ok,0.0005228788219857895,14423.776477879186,ok,90.83017806096905,69.2292696255734,0.12928194031720197,16.03642942935039,61.22014617919922,0.02282524108886658,1.5934355051406113,0.09291139075280762,0.011382457714584297
459,0,62.23493333333333,Forward,0.04414707834851494,307.2657205371979,20040.0,20050.975763654173,ok,0.0005256859267508613,14423.787198313334,ok,91.02458626719817,69.22954633393896,0.1295586486827632,16.047149863497907,61.22016143798828,0.022840499877930093,1.5934355051406113,0.0931637852221096,0.011382457714584297
460,0,62.36976666666666,Forward,0.04407905312160588,307.5751775930621,20055.0,20051.013484672098,ok,0.0005260022256607922,14424.095410795055,ok,91.0623072851231,69.22960002365411,0.12961233839792374,16.355362345218964,61.22060012817383,0.023279190063477586,1.5934355051406113,0.09251845041986204,0.011382457714584297
461,0,62.5048,Forward,0.04402752528737304,307.45681944334865,20055.0,20051.00881304264,ok,0.0005222890287106594,14424.199935027986,ok,91.05763565566667,69.22959337435172,0.1296056890955282,16.459886578149963,61.22074890136719,0.023427963256836472,1.5934355051406113,0.0922747406289553,0.011382457714584297
462,0,62.6404,Forward,0.04401136872161584,306.06344640984753,20055.0,20051.49360940937,ok,0.0005237023130092388,14424.199935027986,ok,91.54243202239377,69.23028340288946,0.13029571763325867,16.459886578149963,61.22074890136719,0.023427963256836472,1.5934355051406113,0.09296476916668578,0.011382457714584297
463,0,62.77596666666667,Forward,0.0440907070024135,306.65869609742003,20060.0,20051.42657480773,ok,0.0005339645140058387,14424.221375896279,ok,91.47539742075605,69.23018799007014,0.13020030481393888,16.481327446443174,61.22077941894531,0.023458480834960906,1.5934355051406113,0.0928207285548516,0.011382457714584297
464,0,62.91101666666667,Forward,0.043928129073011406,307.4679170115887,20060.0,20051.64320681304,ok,0.0005291911815009656,14424.240136656035,ok,91.69202942606717,69.23049633038806,0.13050864513187405,16.500088206199507,61.22080612182617,0.023485183715819466,1.5934355051406113,0.0930865195543372,0.011382457714584297
465,0,63.04578333333333,Forward,0.04406556473687435,307.4048878640897,20065.0,20051.41254777754,ok,0.0005256740690399379,14424.371461974333,ok,91.46137039056703,69.23016802488104,0.13018033962485262,16.631413524497475,61.22099304199219,0.023672103881834543,1.5934355051406113,0.09246036881816057,0.011382457714584297
466,0,63.1811,Forward,0.043861491960631424,308.29964111102527,20045.0,20051.730514627416,ok,0.0005188904514496942,14424.663593804835,ok,91.77933724044124,69.23062059881832,0.13063291356212592,16.923545354999078,61.22140884399414,0.024087905883789357,1.5934355051406113,0.09225038908241051,0.011382457714584297
467,0,63.31563333333333,Forward,0.04397051820751247,306.8913597533319,20035.0,20051.61653894227,ok,0.0005237895524560463,14424.784198688985,ok,91.66536155529684,69.23045837302466,0.13047068776846338,17.04415023914953,61.221580505371094,0.024259567260740925,1.5934355051406113,0.09181463195585203,0.011382457714584297
468,0,63.4504,Forward,0.04393755351553969,306.37407646163047,20055.0,20051.76523885164,ok,0.0005180878904823521,14424.85388151094,ok,91.81406146466543,69.23067002308655,0.13068233783035427,17.113833061104742,61.2216796875,0.024358749389648573,1.5934355051406113,0.09186824169206603,0.011382457714584297
469,0,63.584916666666665,Forward,0.04394157771319437,306.48331883387436,20045.0,20051.740441056067,ok,0.0005348533839550084,14425.09777138778,ok,91.78926366909218,69.23063472747009,0.13064704221390014,17.357722937944345,61.22202682495117,0.024705886840820174,1.5934355051406113,0.09127980493575107,0.011382457714584297
470,0,63.71995,Forward,0.043896389416996535,306.93410386849064,20045.0,20051.939217333605,ok,0.0005256114705726215,14425.09777138778,ok,91.98803994663103,69.23091765307255,0.130929967816358,17.357722937944345,61.22202682495117,0.024705886840820174,1.5934355051406113,0.09156273053820892,0.011382457714584297
471,0,63.85525,Forward,0.04391355426868121,306.3504341554617,20055.0,20051.791661745043,ok,0.00051338624172094,14425.148693449977,ok,91.84048435806835,69.23070763176464,0.13071994650844834,17.408645000141405,61.22209930419922,0.024778366088866677,1.5934355051406113,0.09123721822307607,0.011382457714584297
472,0,63.9903,Forward,0.04403548566036872,306.04472602590613,20040.0,20051.4716379862,ok,0.000517162315242619,14425.239817140226,ok,91.52046059922577,69.23025213015302,0.13026444489682537,17.49976869038983,61.22222900390625,0.024908065795898764,1.5934355051406113,0.09057504849326184,0.011382457714584297
473,0,64.12586666666667,Forward,0.04403776477568035,307.28398800225114,20055.0,20051.42372134332,ok,0.0005211501547433126,14425.239817140226,ok,91.47254395634445,69.23018392862906,0.13019624337286684,17.49976869038983,61.22222900390625,0.024908065795898764,1.5934355051406113,0.0905068469693033,0.011382457714584297
474,0,64.26116666666667,Forward,0.044014114105903536,306.54776720413065,20040.0,20051.35082971238,ok,0.0005206094554394649,14425.239817140226,ok,91.39965232540635,69.23008017928404,0.1300924940278613,17.49976869038983,61.22222900390625,0.024908065795898764,1.5934355051406113,0.09040309762429777,0.011382457714584297
475,0,64.39648333333334,Forward,0.04403839218325128,307.4836923371331,20040.0,20051.015108417876,ok,0.0005313843410720393,14425.266618225593,ok,91.06393103090159,69.22960233479134,0.12961464953513943,17.526569775756798,61.222267150878906,0.024946212768554955,1.5934355051406113,0.0898644683909319,0.011382457714584297
476,0,64.53151666666666,Forward,0.04415592749369519,307.2243238437004,20055.0,20050.788977031683,ok,0.0005297316115967697,14425.266618225593,ok,90.83779964470887,69.22928047365446,0.12929278839826058,17.526569775756798,61.222267150878906,0.024946212768554955,1.5934355051406113,0.08954260725405305,0.011382457714584297
477,0,64.66633333333333,Forward,0.04438694680231954,307.1403486702038,20040.0,20050.59280956878,ok,0.0005307361203288278,14425.266618225593,ok,90.64163218180693,69.22900126127402,0.12901357601783298,17.526569775756798,61.222267150878906,0.024946212768554955,1.5934355051406113,0.08926339487362545,0.011382457714584297
478,0,64.80118333333333,Forward,0.04431724500236168,308.6335665790175,20040.0,20050.166314797938,ok,0.0005298751347341484,14425.266618225593,ok,90.21513741096351,69.22839421554664,0.12840653029044527,17.526569775756798,61.222267150878906,0.024946212768554955,1.5934355051406113,0.08865634914623774,0.011382457714584297
479,0,64.93645,Forward,0.044557134582788066,308.7662335358473,20050.0,20049.661571381966,ok,0.0005174489496685644,14425.231776814615,ok,89.71039399499205,69.22767579563849,0.12768811038230282,17.491728364779192,61.22221755981445,0.02489662170410113,1.5934355051406113,0.08801694940093374,0.011382457714584297
480,0,65.0715,Forward,0.04457430807729238,309.195487066223,20055.0,20048.77829785736,ok,0.0005283001131637734,14425.003967588995,ok,88.82712047038513,69.2264185998746,0.12643091461840872,17.263919139159043,61.221893310546875,0.02457237243652221,1.5934355051406113,0.08727642393251572,0.011382457714584297
481,0,65.2063,Forward,0.04487850636258378,310.05166705649754,20045.0,20048.32332010481,ok,0.0005255552900738748,14424.982526720702,ok,88.37214271783523,69.22577101326951,0.12578332801331227,17.24247827086583,61.22186279296875,0.024541854858397775,1.5934355051406113,0.08667746511993364,0.011382457714584297
482,0,65.3411,Forward,0.04518666470087776,310.19665850097226,20040.0,20047.08644852606,ok,0.0005237469235716298,14424.023047864563,ok,87.1352711390864,69.22401052836199,0.1240228431057905,16.282999414726874,61.220497131347656,0.023176193237304056,1.5934355051406113,0.08709307392747048,0.011382457714584297
483,0,65.47613333333334,Forward,0.045552046867844996,311.8505713463164,20035.0,20046.030874950393,ok,0.0005257830687617218,14422.23005525351,ok,86.07969756341845,69.22250809158466,0.12252040632846395,14.490006803674987,61.21794509887695,0.020624160766602534,1.5934355051406113,0.08965713629923147,0.011382457714584297
484,0,65.61143333333334,Forward,0.04598428395915574,313.835600097118,20055.0,20044.27830400429,ok,0.0005280803351849382,14421.602909855921,ok,84.3271266173142,69.22001359275956,0.12002590750337276,13.862861406085358,61.2170524597168,0.019731521606444036,1.5934355051406113,0.08858500040521572,0.011382457714584297
485,0,65.74595,Forward,0.04630941208835535,314.9958921009529,20020.0,20042.93652077149,ok,0.0005236789592278603,14421.099049451022,ok,82.98534338451645,69.21810378322793,0.11811609797173514,13.359001001186698,61.21633529663086,0.01901435852050816,1.5934355051406113,0.08781794399768453,0.011382457714584297
486,0,65.88151666666667,Forward,0.04684522905091299,317.0416796596983,20035.0,20040.815574756565,ok,0.000530468392680191,14420.592508937585,ok,80.86439736959073,69.21508496258956,0.11509727733336118,12.85246048774934,61.215614318847656,0.018293380737303813,1.5934355051406113,0.08594795495748596,0.011382457714584297
487,0,66.01521666666666,Forward,0.04736369023548245,319.14616910995755,20040.0,20038.966348728733,ok,0.0005260803929723557,14418.381419394807,ok,79.0151713417581,69.21245289102406,0.11246520576786453,10.64137094497164,61.212467193603516,0.015146255493164154,1.5934355051406113,0.08833062449512576,0.011382457714584297
488,0,66.1508,Forward,0.04810412975235733,320.4629876874169,20035.0,20036.203197801056,ok,0.0005314118808961301,14416.692951016685,ok,76.25202041408193,69.20851999646251,0.10853231120632939,8.952902566848934,61.21006393432617,0.01274299621581893,1.5934355051406113,0.08822716859417105,0.011382457714584297
489,0,66.28585,Forward,0.048809530341953844,323.0721081173069,20040.0,20033.761834455498,ok,0.0005239219317096003,14415.963961494703,ok,73.81065706852314,69.20504511402729,0.10505742877109653,8.223913044867004,61.20902633666992,0.01170539855957001,1.5934355051406113,0.0864056311044559,0.011382457714584297
490,0,66.42168333333333,Forward,0.0496247816975787,325.4490777050596,20020.0,20030.7414712429,ok,0.0005273127750815354,14413.198089484828,ok,70.7902938559273,69.20074611974012,0.1007584344839227,5.458041034991766,61.2050895690918,0.007768630981445381,1.5934355051406113,0.08837962205175227,0.011382457714584297
491,0,66.55671666666667,Forward,0.05053583990834801,329.0009285217275,20015.0,20027.368022976312,ok,0.000532745638544573,14411.233569927426,ok,67.41684558933775,69.19594456648133,0.09595688122514066,3.493521477590548,61.202293395996094,0.004972457885743199,1.5934355051406113,0.08803359028218104,0.011382457714584297
492,0,66.69228333333334,Forward,0.051654573958628255,331.59898640273605,20000.0,20023.61242253445,ok,0.0005245470578089414,14409.84795381395,ok,63.66124514747571,69.19059908194585,0.09061139668965779,2.1079053641151404,61.200321197509766,0.0030002593994137112,1.5934355051406113,0.08583067683800014,0.011382457714584297
493,0,66.82733333333333,Forward,0.05283231480609058,334.75826010006494,20015.0,20019.96219065191,ok,0.0005218672226849317,14406.117242730863,ok,60.01101326493517,69.1854035723646,0.08541588710840618,-1.6228057189728133,61.195011138916016,-0.0023097991943363916,1.5934355051406113,0.08909640315440696,0.011382457714584297
494,0,66.96265,Forward,0.0539034869620492,339.0823222699255,20015.0,20015.18541168556,ok,0.0005217153088103161,14403.699784830758,ok,55.23423429858667,69.17860460679589,0.07861692153970053,-4.04026361907745,61.19157028198242,-0.005750656127930535,1.5934355051406113,0.08778022119179947,0.011382457714584297
495,0,67.09823333333334,Forward,0.05534003895408077,344.5889995131147,20005.0,20010.82871317309,ok,0.000528558479039385,14402.322209042894,ok,50.877535786115914,69.17240355722082,0.07241587196462192,-5.417839406942221,61.18960952758789,-0.007711410522462389,1.5934355051406113,0.0847035072858284,0.011382457714584297
496,0,67.23328333333333,Forward,0.05682436848469015,348.2415779638941,19995.0,20005.92713253604,ok,0.000522212231464265,14397.29700553658,ok,45.97595514906425,69.16542695683417,0.06543927157797608,-10.44304291325534,61.182456970214844,-0.014863967895507304,1.5934355051406113,0.08912404576994759,0.011382457714584297
497,0,67.36805,Forward,0.058031713691712526,352.8317724142689,19985.0,20001.041782168908,ok,0.0005275254140283496,14394.287243649864,ok,41.09060478193351,69.15847345758893,0.05848577233273548,-13.452804799972,61.17817306518555,-0.01914787292480612,1.5934355051406113,0.08899667289904216,0.011382457714584297
498,0,67.50338333333333,Forward,0.05952251590264623,356.69599955431477,19975.0,19995.96633611818,ok,0.0005284850429834123,14391.360565127787,ok,36.01515873120661,69.15124938815055,0.05126170289435116,-16.379483322049055,61.174007415771484,-0.0233135223388679,1.5934355051406113,0.08841029713899207,0.011382457714584297
499,0,67.63841666666667,Forward,0.061175234843533,361.2172801698907,19980.0,19990.87729304804,ok,0.0005312246627228328,14387.980948263006,ok,30.926115661066433,69.14400596557326,0.04401828031706734,-19.759100186829528,61.16919708251953,-0.028123855590821638,1.5934355051406113,0.08883183035692982,0.011382457714584297
500,0,67.77346666666666,Forward,0.06261957850978156,366.70302697645457,19965.0,19986.06966488314,ok,0.0005278645797059459,14384.507527599442,ok,26.11848749616547,69.13716309120319,0.03717540594700036,-23.232520850393485,61.16425323486328,-0.03306770324707075,1.5934355051406113,0.08986665837433638,0.011382457714584297
501,0,67.90823333333333,Forward,0.06412323702147359,370.5964735932357,19965.0,19980.85339740615,ok,0.0005319732296457022,14381.403961913942,ok,20.90222001917573,69.1297385854383,0.02975090018212027,-26.336086535893628,61.15983581542969,-0.037485122680664944,1.5934355051406113,0.0894810255760434,0.011382457714584297
502,0,68.04301666666667,Forward,0.06563623748346953,375.0785858373638,19980.0,19975.79278828137,ok,0.000534530530760167,14378.241433840636,ok,15.841610894396581,69.1225356339435,0.0225479486873073,-29.49861460919965,61.15533447265625,-0.04198646545410069,1.5934355051406113,0.08945067347723104,0.011382457714584297
503,0,68.17911666666667,Forward,0.06720966504763046,379.000466739024,19960.0,19970.909505490046,ok,0.0005309605686086323,14375.53184411003,ok,10.958328103071835,69.11558507755511,0.015597392298919549,-32.20820433980589,61.1514778137207,-0.045843124389649645,1.5934355051406113,0.0886454543679648,0.011382457714584297
504,0,68.31443333333333,Forward,0.06872801361626742,383.75277636474857,19960.0,19965.928672424663,ok,0.0005358855594720692,14372.18438854769,ok,5.977495037688641,69.10849567426608,0.008507989009887328,-35.555659902145635,61.14671325683594,-0.050607681274415436,1.5934355051406113,0.08914806518538054,0.011382457714584297
505,0,68.4508,Forward,0.0703438924928133,386.98032548711126,19945.0,19961.064051288668,ok,0.0005260622262514622,14369.659726306118,ok,1.1128739016930922,69.10157167969956,0.0015839944433741328,-38.08032214371815,61.14311981201172,-0.054201126098634346,1.5934355051406113,0.08794999318754153,0.011382457714584297
506,0,68.58558333333333,Forward,0.0717540146108925,391.6955914944083,19945.0,19956.035567741183,ok,0.000529408435534661,14366.36855302305,ok,-3.9156096457918466,69.09441445372302,-0.005573231533168715,-41.37149542678526,61.13843536376953,-0.058885574340819286,1.5934355051406113,0.08825713336208968,0.011382457714584297
507,0,68.72063333333334,Forward,0.07331257136054445,395.113680073111,19950.0,19951.619421239964,ok,0.0005204291723354049,14363.562479385124,ok,-8.33175614701031,69.08812878963438,-0.011858895621808007,-44.17756906471186,61.13444137573242,-0.0628795623779295,1.5934355051406113,0.08833563161888866,0.011382457714584297
508,0,68.85568333333333,Forward,0.07465138706375796,399.4007617354764,19940.0,19947.29280063545,ok,0.0005235331160490802,14362.340349892387,ok,-12.658376751525793,69.08197055105433,-0.01801713420186105,-45.39969855744857,61.1327018737793,-0.06461906433105596,1.5934355051406113,0.08494917721220877,0.011382457714584297
509,0,68.99098333333333,Forward,0.07603177694337607,403.2785027079881,19935.0,19943.42440512399,ok,0.0005166415883952182,14359.18586214469,ok,-16.526772262983286,69.07646452113882,-0.023523164117379678,-48.55418630514578,61.128211975097656,-0.06910896301269666,1.5934355051406113,0.08659751127050044,0.011382457714584297
510,0,69.12656666666666,Forward,0.077154882208374,405.7450152408783,19930.0,19939.378844851137,ok,0.0005324857446833645,14357.226702804363,ok,-20.57233253583763,69.07070632608833,-0.029281359167858685,-50.51334564547324,61.125423431396484,-0.07189750671386708,1.5934355051406113,0.0852826807611026,0.011382457714584297
511,0,69.26161666666667,Forward,0.07830757280825565,408.9965270520988,19920.0,19936.053583016743,ok,0.0005313892351816356,14356.299385250664,ok,-23.897594370231673,69.06597335835458,-0.03401432690160721,-51.44066319917147,61.12410354614258,-0.07321739196777285,1.5934355051406113,0.08265286505363906,0.011382457714584297
512,0,69.39775,Forward,0.07938069703338002,412.1551177320034,19920.0,19932.591182139597,ok,0.0005236226005101609,14353.664838559087,ok,-27.35999524737781,69.06104519556652,-0.03894248968967275,-54.07520989074874,61.12035369873047,-0.07696723937988241,1.5934355051406113,0.08369984227088853,0.011382457714584297
513,0,69.53331666666666,Forward,0.08031543318197952,414.73755205781345,19915.0,19929.594950566316,ok,0.0005252572241141885,14353.024292618815,ok,-30.356226820658776,69.05678054873104,-0.043207136525148675,-54.71575583102094,61.119441986083984,-0.0778789520263677,1.5934355051406113,0.08088795073680796,0.011382457714584297
514,0,69.66758333333334,Forward,0.08131871235944355,416.63888497803055,19935.0,19926.65873614222,ok,0.0005170488433765101,14352.461469826108,ok,-33.29244124475372,69.05260132651615,-0.04738635874003354,-55.2785786237273,61.1186408996582,-0.07868003845214772,1.5934355051406113,0.07798520807544716,0.011382457714584297
515,0,69.80296666666666,Forward,0.08220910158187242,419.2350633165079,19910.0,19924.170431041246,ok,0.0005262905850021446,14350.29862223699,ok,-35.7807463457284,69.04905963015023,-0.05092805510596232,-57.441426212846636,61.115562438964844,-0.08175849914550934,1.5934355051406113,0.0793488402795006,0.011382457714584297
516,0,69.93826666666666,Forward,0.08310624095116426,421.0372288951403,19920.0,19921.228724997727,ok,0.0005292745875968581,14348.647675378383,ok,-38.72245238924734,69.04487259151101,-0.05511509374518735,-59.09237307145304,61.11321258544922,-0.08410835266113227,1.5934355051406113,0.0789061416639486,0.011382457714584297
517,0,70.07356666666666,Forward,0.08395877902966145,423.7426600668259,19905.0,19918.963953712184,ok,0.0005263644740288284,14348.545831253987,ok,-40.987223674790584,69.04164905906374,-0.058338626192444905,-59.19421719584898,61.113067626953125,-0.08425331115722787,1.5934355051406113,0.07591359123114158,0.011382457714584297
518,0,70.2086,Forward,0.08457313895824572,425.47240812792006,19910.0,19916.58566260793,ok,0.0005292489826473552,14348.443987129593,ok,-43.36551477904504,69.03826394967433,-0.06172373558186799,-59.2960613202431,61.11292266845703,-0.08439826965332088,1.5934355051406113,0.07275946385616489,0.011382457714584297
519,0,70.34525,Forward,0.08530018885016091,427.8826844562427,19895.0,19914.693223975795,ok,0.0005233048406706215,14347.857043360056,ok,-45.25795341117919,69.03557037201637,-0.06441731323982776,-59.883005089779545,61.11208724975586,-0.08523368835449122,1.5934355051406113,0.0713970720183084,0.011382457714584297
520,0,70.48003333333334,Forward,0.0858888051570931,428.973640331129,19905.0,19912.703980215283,ok,0.0005258932433771079,14347.272779699055,ok,-47.24719717169137,69.03273900805107,-0.06724867720511997,-60.46726875078093,61.11125564575195,-0.08606529235839826,1.5934355051406113,0.06989081539905874,0.011382457714584297
521,0,70.6151,Forward,0.08660864631148094,430.5107458605744,19920.0,19910.894358500755,ok,0.0005382470986891505,14346.573271370975,ok,-49.056818886219844,69.03016330676446,-0.06982437849172698,-61.16677707886083,61.110260009765625,-0.08706092834472769,1.5934355051406113,0.06890159584326475,0.011382457714584297
522,0,70.75066666666666,Forward,0.08728450934465547,432.072655008993,19905.0,19909.230133803176,ok,0.000530318523025839,14344.662353984308,ok,-50.721043583798746,69.02779455441123,-0.07219313084496347,-63.07769446552811,61.107540130615234,-0.08978080749511749,1.5934355051406113,0.07086679549795107,0.011382457714584297
523,0,70.88625,Forward,0.08777105016557638,433.3747882844509,19890.0,19907.39882107465,ok,0.0005249475925612703,14345.209096125795,ok,-52.552356312324264,69.02518797950489,-0.07479970575129524,-62.53095232404121,61.10831832885742,-0.08900260925293015,1.5934355051406113,0.06702021188247995,0.011382457714584297
524,0,71.02101666666667,Forward,0.08825289442935415,434.8691091078581,19895.0,19906.208995888628,ok,0.0005197941103572364,14344.761518000165,ok,-53.742181498346326,69.02349445746222,-0.07649322779397973,-62.97853044967087,61.10768127441406,-0.08963966369629035,1.5934355051406113,0.06634179500855321,0.011382457714584297
525,0,71.15686666666667,Forward,0.08873340505381895,435.2274848829584,19895.0,19904.546128770657,ok,0.0005213299437219593,14344.316619983074,ok,-55.4050486163178,69.02112763740207,-0.07886004785412233,-63.423428466761834,61.10704803466797,-0.09027290344238209,1.5934355051406113,0.0649840016430994,0.011382457714584297
526,0,71.29191666666667,Forward,0.08911266478570617,437.1512081205401,19890.0,19903.442147040227,ok,0.000527499311410704,14343.919963919641,ok,-56.50903034674775,69.01955629951381,-0.08043138574238369,-63.820084530194436,61.106483459472656,-0.0908374786376958,1.5934355051406113,0.0643122779163726,0.011382457714584297
527,0,71.42698333333334,Forward,0.08961709478310326,437.31693963173166,19890.0,19902.250045134835,ok,0.0005180321398675321,14343.52330785621,ok,-57.70113225213936,69.01785953693252,-0.08212814832366379,-64.21674059362522,61.105918884277344,-0.09140205383300691,1.5934355051406113,0.06351512949662293,0.011382457714584297
528,0,71.562,Forward,0.09000391357229005,438.21263970723885,19895.0,19901.19762097331,ok,0.0005254315410394804,14343.437544383036,ok,-58.75355641366332,69.01636158283243,-0.08362610242375586,-64.30250406679988,61.105796813964844,-0.09152412414550724,1.5934355051406113,0.0622116865665925,0.011382457714584297
529,0,71.69811666666666,Forward,0.09030452250445334,438.7383551754283,19900.0,19900.065561679792,ok,0.0005363727331851935,14343.437544383036,ok,-59.885615707182296,69.01475028111372,-0.08523740414246453,-64.30250406679988,61.105796813964844,-0.09152412414550724,1.5934355051406113,0.060600384847883826,0.011382457714584297
530,0,71.83291666666666,Forward,0.09053254056869156,440.21007022745107,19890.0,19899.081844966986,ok,0.0005257897808489687,14343.322299715957,ok,-60.869332419988496,69.01335012085787,-0.08663756439832881,-64.4177487338784,61.10563278198242,-0.09168815612792963,1.5934355051406113,0.05946159897678996,0.011382457714584297
531,0,71.9685,Forward,0.09086695441567488,441.2211783244493,19895.0,19898.095123142666,ok,0.0005201295540043372,14343.19097439766,ok,-61.856054244308325,69.01194568331601,-0.08804200194017499,-64.54907405217637,61.105445861816406,-0.09187507629394472,1.5934355051406113,0.058355006664099,0.011382457714584297
532,0,72.10355,Forward,0.09120182743543728,441.3826688314257,19885.0,19897.29453379086,ok,0.0005273450097891988,14343.31157928181,ok,-62.65664359611401,69.0108061749829,-0.08918151027328929,-64.42846916802591,61.10561752319336,-0.09170341491699315,1.5934355051406113,0.05694196699808875,0.011382457714584297
533,0,72.2386,Forward,0.09143790755884781,442.5137810895685,19900.0,19896.38269320105,ok,0.0005252430868408234,14343.31157928181,ok,-63.56848418592563,69.00950831866216,-0.09047936659403434,-64.42846916802591,61.10561752319336,-0.09170341491699315,1.5934355051406113,0.05564411067734369,0.011382457714584297
534,0,72.37336666666667,Forward,0.09191987204270011,443.19412910379106,19880.0,19895.920832718693,ok,0.0005153020850700869,14343.132012009852,ok,-64.03034466828103,69.00885093561405,-0.09113674964215152,-64.60803643998406,61.10536193847656,-0.09195899963378885,1.5934355051406113,0.05539398539154011,0.011382457714584297
535,0,72.50815,Forward,0.0920487384136172,444.00726211736765,19890.0,19895.10929755031,ok,0.0005219859660465679,14342.662993015929,ok,-64.84187983666561,69.00769584769674,-0.09229183755945122,-65.07705543390693,61.10469436645508,-0.09262657165527349,1.5934355051406113,0.055302630435512534,0.011382457714584297
536,0,72.64293333333333,Forward,0.09221878461844073,444.29590655458014,19885.0,19894.450491582564,ok,0.0005307485539234784,14342.461984875676,ok,-65.50068580441075,69.00675814488011,-0.09322954037607976,-65.27806357416011,61.104408264160156,-0.09291267395019623,1.5934355051406113,0.05482081317371608,0.011382457714584297
537,0,72.77943333333333,Forward,0.09254345473178374,443.6200196058744,19905.0,19893.693786916218,ok,0.0005282061723169514,14342.461984875676,ok,-66.25739047075695,69.00568109923735,-0.09430658601884677,-65.27806357416011,61.104408264160156,-0.09291267395019623,1.5934355051406113,0.053743767530949074,0.011382457714584297
538,0,72.9142,Forward,0.09273491996995206,445.0604190043159,19895.0,19893.15184097728,ok,0.0005288644640284968,14342.461984875676,ok,-66.79933640969466,69.00490972760703,-0.09507795764916402,-65.27806357416011,61.104408264160156,-0.09291267395019623,1.5934355051406113,0.052972395900631825,0.011382457714584297
539,0,73.04955,Forward,0.09295648999753194,445.7112623503381,19885.0,19892.416797532092,ok,0.0005234420412897356,14342.461984875676,ok,-67.53437985488199,69.00386351317874,-0.09612417207745097,-65.27806357416011,61.104408264160156,-0.09291267395019623,1.5934355051406113,0.05192618147234487,0.011382457714584297
540,0,73.18405,Forward,0.09310314835735015,446.09941485983654,19880.0,19891.999848181447,ok,0.0005255610819372529,14342.593310193974,ok,-67.95132920552714,69.00327005379975,-0.09671763145643865,-65.14673825586215,61.10459518432617,-0.09272575378418114,1.5934355051406113,0.05103487686420198,0.011382457714584297
541,0,73.3196,Forward,0.0932432997992463,446.0644492034735,19880.0,19891.51154304472,ok,0.000527870775453556,14342.711234969589,ok,-68.43963434225589,69.00257503110035,-0.09741265415584119,-65.02881348024675,61.10476303100586,-0.09255790710449287,1.5934355051406113,0.05007240130596419,0.011382457714584297
542,0,73.45545,Forward,0.09350498657686859,446.31788488369784,19875.0,19890.853035487497,ok,0.0005300359081080988,14342.593310193974,ok,-69.09814189947792,69.00163775302242,-0.09834993223377318,-65.14673825586215,61.10459518432617,-0.09272575378418114,1.5934355051406113,0.04940257608686745,0.011382457714584297
543,0,73.59131666666667,Forward,0.09358738622061435,447.8947373913725,19900.0,19890.42286589434,ok,0.0005232151010740044,14342.403022487868,ok,-69.52831149263511,69.00102547678497,-0.0989622084712093,-65.33702596196781,61.10432434082031,-0.09299659729004037,1.5934355051406113,0.04922187150800418,0.011382457714584297
544,0,73.72745,Forward,0.09383357248910375,447.9638474744206,19885.0,19890.219405468983,ok,0.0005178254572585722,14342.604030628121,ok,-69.73177191799186,69.00073588406228,-0.099251801193908,-65.13601782171463,61.104610443115234,-0.09271049499511763,1.5934355051406113,0.04847639323047337,0.011382457714584297
545,0,73.86255,Forward,0.09404998320151978,447.5592938522641,19895.0,19889.483403295344,ok,0.0005309553875839077,14342.445904224456,ok,-70.46777409163042,68.99968830504045,-0.10029938021573707,-65.29414422537957,61.10438537597656,-0.09293556213378891,1.5934355051406113,0.047787444178443536,0.011382457714584297
546,0,73.99758333333334,Forward,0.09403987181497335,448.13442693721663,19890.0,19889.288778901086,ok,0.000529296762377693,14342.445904224456,ok,-70.66239848588884,68.9994112889665,-0.10057639628968884,-65.29414422537957,61.10438537597656,-0.09293556213378891,1.5934355051406113,0.04751042810449177,0.011382457714584297
547,0,74.13265,Forward,0.09417430340790586,448.2307608676383,19880.0,19888.74104185597,ok,0.0005202627276886364,14342.445904224456,ok,-71.2101355310042,68.9986316746413,-0.10135601061488142,-65.29414422537957,61.10438537597656,-0.09293556213378891,1.5934355051406113,0.04673081377929919,0.011382457714584297
548,0,74.26821666666666,Forward,0.09427852912319629,449.03037618612507,19875.0,19888.50369720048,ok,0.0005251209762464444,14342.445904224456,ok,-71.44748018649625,68.99829385324493,-0.10169383201126064,-65.29414422537957,61.10438537597656,-0.09293556213378891,1.5934355051406113,0.04639299238291997,0.011382457714584297
549,0,74.403,Forward,0.09440553947264972,448.90675612988707,19880.0,19888.186560579317,ok,0.0005279260615772347,14342.405702596405,ok,-71.76461680765715,68.99784246100279,-0.10214522425340511,-65.33434585343093,61.10432815551758,-0.09299278259277449,1.5934355051406113,0.04603277725174357,0.011382457714584297
550,0,74.53831666666666,Forward,0.09457901200317823,449.8428524779083,19890.0,19887.689749227142,ok,0.0005200510290870797,14342.386941836648,ok,-72.26142815983258,68.9971353310934,-0.10285235416278103,-65.35310661318726,61.10430145263672,-0.09301948547363305,1.5934355051406113,0.04536819666081719,0.011382457714584297
551,0,74.67336666666667,Forward,0.09462807280866553,449.6013717485439,19885.0,19887.628270650694,ok,0.0005292240970424237,14342.376221402501,ok,-72.32290673628086,68.99704782636954,-0.10293985888666078,-65.36382704733478,61.104286193847656,-0.09303474426269656,1.5934355051406113,0.0453050058331967,0.011382457714584297
552,0,74.80866666666667,Forward,0.09483020717717008,449.9163993511829,19880.0,19887.182723386126,ok,0.0005181115975656646,14342.20737456469,ok,-72.76845400084858,68.99641366252558,-0.10357402273061661,-65.53267388514541,61.10404586791992,-0.09327507019042874,1.5934355051406113,0.04505378585529518,0.011382457714584297
553,0,74.94425,Forward,0.0947928272282686,450.2446674004932,19880.0,19887.13417749978,ok,0.000516458596238426,14342.17521326225,ok,-72.81699988719265,68.9963445653762,-0.10364311987998878,-65.56483518758614,61.104000091552734,-0.09332084655761669,1.5934355051406113,0.04505763039469665,0.011382457714584297
554,0,75.07928333333334,Forward,0.09500182556653836,450.06506834075844,19880.0,19886.763327710898,ok,0.00052247470554752,14342.164492828102,ok,-73.18784967607644,68.99581672120264,-0.10417096405355122,-65.57555562173366,61.10398483276367,-0.0933361053466802,1.5934355051406113,0.04455410011739344,0.011382457714584297
555,0,75.21431666666666,Forward,0.09493573187524823,450.3302527661763,19870.0,19886.382698910522,ok,0.0005273076062464229,14342.065328812245,ok,-73.56847847645258,68.99527495820158,-0.10471272705461246,-65.6747196375909,61.103843688964844,-0.09347724914550734,1.5934355051406113,0.044237240656713805,0.011382457714584297
556,0,75.34961666666666,Forward,0.09520931911525854,450.4490246846981,19885.0,19886.28765219644,ok,0.0005291069331868491,14341.826799152477,ok,-73.66352519053544,68.99513967471013,-0.10484801054606567,-65.91324929735856,61.1035041809082,-0.09381675720214977,1.5934355051406113,0.04464294135699594,0.011382457714584297
557,0,75.48386666666667,Forward,0.09521222623608736,450.44285726629096,19875.0,19886.01284469938,ok,0.0005203978469675593,14341.826799152477,ok,-73.93833268759408,68.99474853107051,-0.10523915418567859,-65.91324929735856,61.1035041809082,-0.09381675720214977,1.5934355051406113,0.044251797717383023,0.011382457714584297
558,0,75.61943333333333,Forward,0.09523380504529419,451.0469601017612,19880.0,19885.885554391003,ok,0.0005321036934506328,14341.867000780529,ok,-74.06562299597135,68.99456735408285,-0.10542033117334827,-65.8730476693072,61.10356140136719,-0.09375953674316419,1.5934355051406113,0.04397944361874527,0.011382457714584297
559,0,75.75448333333334,Forward,0.09531274300534906,451.1089432735789,19875.0,19885.550081300604,ok,0.0005284782497217461,14341.826799152477,ok,-74.40109608637067,68.99408986286818,-0.10589782238801836,-65.91324929735856,61.1035041809082,-0.09381675720214977,1.5934355051406113,0.04359312951504325,0.011382457714584297
560,0,75.88926666666667,Forward,0.09551508543965881,450.9411004262911,19870.0,19885.37077267903,ok,0.0005243178437844229,14341.867000780529,ok,-74.58040470794367,68.99383464629801,-0.10615303895818735,-65.8730476693072,61.10356140136719,-0.09375953674316419,1.5934355051406113,0.04324673583390619,0.011382457714584297
561,0,76.0243,Forward,0.09553253138209394,451.58627691189395,19880.0,19885.28709603625,ok,0.0005239514929492766,14342.113570765905,ok,-74.66408135072561,68.99371554624813,-0.10627213900807185,-65.62647768393072,61.103912353515625,-0.09340858459472672,1.5934355051406113,0.04256841617009603,0.011382457714584297
562,0,76.16015,Forward,0.0955949538223245,451.2661565942253,19880.0,19884.99288790909,ok,0.0005238066463467369,14342.113570765905,ok,-74.95828947788323,68.99329678897661,-0.10669089627958678,-65.62647768393072,61.103912353515625,-0.09340858459472672,1.5934355051406113,0.042149658898581105,0.011382457714584297
563,0,76.29491666666667,Forward,0.09543234247491286,451.96281168982387,19880.0,19884.8224296685,ok,0.0005256525663935296,14342.113570765905,ok,-75.12874771847419,68.9930541694799,-0.10693351577629044,-65.62647768393072,61.103912353515625,-0.09340858459472672,1.5934355051406113,0.04190703940187744,0.011382457714584297
564,0,76.42996666666667,Forward,0.09564449340738188,451.18122387529,19875.0,19884.664221266445,ok,0.0005326090508569468,14342.118930982979,ok,-75.2869561205298,68.9928289856299,-0.1071586996262935,-65.62111746685696,61.103919982910156,-0.09340095520019495,1.5934355051406113,0.04166969860374474,0.011382457714584297
565,0,76.5658,Forward,0.09561117928585827,452.33329342307115,19875.0,19884.635842635205,ok,0.0005194396508298942,14342.118930982979,ok,-75.31533475176911,68.99278859327805,-0.10719909197813611,-65.62111746685696,61.103919982910156,-0.09340095520019495,1.5934355051406113,0.04162930625190213,0.011382457714584297
566,0,76.70245,Forward,0.09582341475282419,452.45634780509863,19870.0,19884.36937252774,ok,0.0005210468704866112,14342.01976696712,ok,-75.58180485923367,68.99240931655235,-0.10757836870383433,-65.72028148271602,61.10377883911133,-0.09354209899902467,1.5934355051406113,0.041474933066589614,0.011382457714584297
567,0,76.83726666666666,Forward,0.09586847643421094,452.0552755796489,19865.0,19884.359039010353,ok,0.0005240796125435209,14342.01976696712,ok,-75.59213837662173,68.99239460847618,-0.10759307678001287,-65.72028148271602,61.10377883911133,-0.09354209899902467,1.5934355051406113,0.041460224990411076,0.011382457714584297
568,0,76.97258333333333,Forward,0.09593319817744099,452.43426445316436,19890.0,19883.931136230072,ok,0.000525449518073476,14342.01976696712,ok,-76.02004115690215,68.99178555867707,-0.10820212657912968,-65.72028148271602,61.10377883911133,-0.09354209899902467,1.5934355051406113,0.04085117519129426,0.011382457714584297
569,0,77.1082,Forward,0.09596548839701961,452.79825630287087,19890.0,19884.04512361931,ok,0.0005309208143076823,14342.01976696712,ok,-75.90605376766325,68.9919478011296,-0.10803988412659804,-65.72028148271602,61.10377883911133,-0.09354209899902467,1.5934355051406113,0.041013417643825906,0.011382457714584297
570,0,77.2435,Forward,0.09584223530545877,452.49148503799734,19880.0,19883.880590667108,ok,0.0005282147653768199,14342.084089572001,ok,-76.0705867198667,68.99171361531425,-0.10827406994194128,-65.65595887783456,61.1038703918457,-0.09345054626464878,1.5934355051406113,0.040633348450935414,0.011382457714584297
571,0,77.37963333333333,Forward,0.09597842848575538,452.44657293153796,19870.0,19883.42196191844,ok,0.0005227879670265393,14342.143051959809,ok,-76.52921546853395,68.99106083211181,-0.10892685314438258,-65.59699649002687,61.10395431518555,-0.09336662292480465,1.5934355051406113,0.0398468388190765,0.011382457714584297
572,0,77.51495,Forward,0.09609940513632212,452.42784591512464,19880.0,19883.467616215697,ok,0.0005203570931643372,14342.143051959809,ok,-76.48356117127696,68.99112581355585,-0.10886187170033829,-65.59699649002687,61.10395431518555,-0.09336662292480465,1.5934355051406113,0.03991182026312079,0.011382457714584297
573,0,77.65053333333333,Forward,0.0962041545770111,452.6596940273266,19870.0,19883.415327178514,ok,0.0005202188877813423,14342.084089572001,ok,-76.53585020846003,68.99105138864192,-0.1089362966142673,-65.65595887783456,61.1038703918457,-0.09345054626464878,1.5934355051406113,0.039971121778609384,0.011382457714584297
574,0,77.78851666666667,Forward,0.09606184638810009,452.0364719455574,19865.0,19883.319824768245,ok,0.0005202721456401594,14341.888441648822,ok,-76.63135261872958,68.99091545654129,-0.10907222871489942,-65.85160680101399,61.10359191894531,-0.09372901916503976,1.5934355051406113,0.040278918284679735,0.011382457714584297
575,0,77.92493333333333,Forward,0.09623875741394006,453.0227748844518,19875.0,19883.193274088433,ok,0.0005206140216235641,14341.842879803698,ok,-76.75790329854135,68.99073533229422,-0.1092523529619701,-65.89716864613729,61.1035270690918,-0.09379386901855451,1.5934355051406113,0.040202128096702636,0.011382457714584297
576,0,78.05971666666667,Forward,0.09620047257387959,452.967045431782,19870.0,19883.283257386276,ok,0.0005314932081514236,14341.842879803698,ok,-76.66792000069836,68.9908634088387,-0.10912427641748206,-65.89716864613729,61.1035270690918,-0.09379386901855451,1.5934355051406113,0.04033020464119068,0.011382457714584297
577,0,78.19541666666667,Forward,0.09626321692473816,453.2975660374068,19885.0,19883.15481419495,ok,0.0005214097197014931,14341.797317958573,ok,-76.79636319202473,68.99068059091024,-0.10930709434594697,-65.94273049126241,61.10346221923828,-0.09385871887207184,1.5934355051406113,0.04025072077182344,0.011382457714584297
578,0,78.33045,Forward,0.09627659804692668,452.74153843462045,19870.0,19882.99027406063,ok,0.0005239489120514874,14341.797317958573,ok,-76.96090332634412,68.99044639487234,-0.10954129038386055,-65.94273049126241,61.10346221923828,-0.09385871887207184,1.5934355051406113,0.04001652473390986,0.011382457714584297
579,0,78.46661666666667,Forward,0.09628582693789726,453.08873466944715,19880.0,19882.92031024173,ok,0.0005260970113500817,14341.840199695162,ok,-77.03086714524397,68.99034681279011,-0.1096408724660767,-65.89984875467417,61.10352325439453,-0.09379768371582038,1.5934355051406113,0.039819687066660836,0.011382457714584297
580,0,78.60378333333334,Forward,0.09638613140823543,452.9791009422479,19865.0,19882.60714019623,ok,0.0005232625896116968,14341.861640563455,ok,-77.34403719074544,68.98990106632131,-0.11008661893488224,-65.87840788638096,61.103553771972656,-0.09376716613769594,1.5934355051406113,0.03932531280534092,0.011382457714584297
581,0,78.7399,Forward,0.09646239964916667,453.60218102683575,19875.0,19882.705153939176,ok,0.0005309905595288567,14341.998326098827,ok,-77.2460234477985,68.9900405728943,-0.10994711236188592,-65.74172235100923,61.1037483215332,-0.0935726165771491,1.5934355051406113,0.039154817201052405,0.011382457714584297
582,0,78.87521666666666,Forward,0.09639747016406969,454.39130198730345,19875.0,19882.541918246305,ok,0.0005292412925831954,14342.01172664151,ok,-77.40925914066975,68.98980823351599,-0.11017945174020632,-65.72832180832484,61.10376739501953,-0.09355354309081972,1.5934355051406113,0.03889208545240794,0.011382457714584297
583,0,79.00971666666666,Forward,0.09639457060586028,453.9714117807598,19875.0,19882.382711346585,ok,0.0005149063718407727,14342.01172664151,ok,-77.56846604038947,68.98958162846745,-0.11040605678873806,-65.72832180832484,61.10376739501953,-0.09355354309081972,1.5934355051406113,0.0386654804038762,0.011382457714584297
584,0,79.14503333333333,Forward,0.09653356503153188,454.5474809265579,19880.0,19882.316536292998,ok,0.0005186172814016569,14342.01172664151,ok,-77.63464109397682,68.98948743907455,-0.11050024618163594,-65.72832180832484,61.10376739501953,-0.09355354309081972,1.5934355051406113,0.03857129101097832,0.011382457714584297
585,0,79.28035,Forward,0.09657093430021244,453.9086373910177,19880.0,19882.148577264536,ok,0.0005283723237307248,14341.998326098827,ok,-77.80260012243889,68.9892483767986,-0.1107393084575988,-65.74172235100923,61.1037483215332,-0.0935726165771491,1.5934355051406113,0.03836262110533953,0.011382457714584297
586,0,79.41595,Forward,0.09653047721768312,454.3539040689102,19870.0,19882.16994769234,ok,0.0005261610803911023,14342.145732068346,ok,-77.78122969463584,68.98927879411617,-0.11070889114002036,-65.59431638148999,61.10395812988281,-0.09336280822753876,1.5934355051406113,0.03805872234937388,0.011382457714584297
587,0,79.55125,Forward,0.09668393984641446,453.92031784985375,19880.0,19882.007515791953,ok,0.0005327680181738738,14342.145732068346,ok,-77.9436615950217,68.98904759880531,-0.11094008645086956,-65.59431638148999,61.10395812988281,-0.09336280822753876,1.5934355051406113,0.03782752703852468,0.011382457714584297
588,0,79.68633333333334,Forward,0.09660899822045033,454.6537579903634,19885.0,19882.06594423874,ok,0.000520180604047536,14341.928643276873,ok,-77.88523314823397,68.98913076216724,-0.11085692308895952,-65.81140517296262,61.1036491394043,-0.09367179870605417,1.5934355051406113,0.03840304679965158,0.011382457714584297
589,0,79.82243333333334,Forward,0.09669435067980832,454.0371498232598,19875.0,19881.776792294007,ok,0.0005356975525495143,14342.172533153713,ok,-78.17438509296699,68.98871920154653,-0.11126848370966516,-65.56751529612302,61.10399627685547,-0.09332466125488258,1.5934355051406113,0.03743834503908508,0.011382457714584297
590,0,79.95898333333334,Forward,0.09673342878749593,454.1703111098468,19880.0,19881.651407728234,ok,0.0005284616696054938,14342.172533153713,ok,-78.29976965874084,68.98854073707255,-0.11144694818364421,-65.56751529612302,61.10399627685547,-0.09332466125488258,1.5934355051406113,0.03725988056510603,0.011382457714584297
591,0,80.09455,Forward,0.0967015730641494,454.8616673544457,19865.0,19881.692483091378,ok,0.0005180914063916235,14341.925963168336,ok,-78.2586942955968,68.98859920115089,-0.11138848410529648,-65.8140852814995,61.10364532470703,-0.09367561340332005,1.5934355051406113,0.037877564257379426,0.011382457714584297
592,0,80.2296,Forward,0.09687032376913063,454.8629499865674,19865.0,19881.370173687996,ok,0.0005280527529858717,14341.925963168336,ok,-78.58100369897875,68.98814044629715,-0.11184723895903824,-65.8140852814995,61.10364532470703,-0.09367561340332005,1.5934355051406113,0.03741880940363766,0.011382457714584297
593,0,80.3657,Forward,0.09684429137598091,454.0472689786766,19880.0,19881.054763008866,ok,0.0005288335623185599,14341.925963168336,ok,-78.8964143781086,68.98769151065191,-0.11229617460427394,-65.8140852814995,61.10364532470703,-0.09367561340332005,1.5934355051406113,0.03696987375840197,0.011382457714584297
594,0,80.50135,Forward,0.09698600601739671,454.74630882743804,19875.0,19881.275567094883,ok,0.0005330512417849485,14341.925963168336,ok,-78.67561029209173,68.9880057892461,-0.11198189601009276,-65.8140852814995,61.10364532470703,-0.09367561340332005,1.5934355051406113,0.037284152352583144,0.011382457714584297
595,0,80.63691666666666,Forward,0.09686360720224632,455.106341295781,19870.0,19881.167136505344,ok,0.0005270289224326766,14341.925963168336,ok,-78.78404088163006,68.9878514559914,-0.11213622926479411,-65.8140852814995,61.10364532470703,-0.09367561340332005,1.5934355051406113,0.037129819097881794,0.011382457714584297
596,0,80.7717,Forward,0.09701436578170253,455.06913769483435,19865.0,19880.876296564853,ok,0.0005267406289401602,14342.041207835415,ok,-79.07488082212149,68.98743749278411,-0.11255019247208004,-65.69884061442099,61.10380935668945,-0.09351158142089765,1.5934355051406113,0.03645448150582542,0.011382457714584297
597,0,80.90806666666667,Forward,0.09705402156512719,454.63196050863917,19865.0,19880.737555604963,ok,0.0005343859599656439,14342.041207835415,ok,-79.21362178201161,68.98724001766209,-0.1127476675941042,-65.69884061442099,61.10380935668945,-0.09351158142089765,1.5934355051406113,0.03625700638380125,0.011382457714584297
598,0,81.04358333333333,Forward,0.09702515745204718,455.08088574992144,19885.0,19880.610533361894,ok,0.0005266225525563117,14342.041207835415,ok,-79.34064402508011,68.98705922222166,-0.11292846303453939,-65.69884061442099,61.10380935668945,-0.09351158142089765,1.5934355051406113,0.03607621094336606,0.011382457714584297
599,0,81.17891666666667,Forward,0.09704662424680431,456.3633698368103,19875.0,19880.457602527196,ok,0.000534438776452907,14342.041207835415,ok,-79.49357485977816,68.98684155012779,-0.11314613512839813,-65.69884061442099,61.10380935668945,-0.09351158142089765,1.5934355051406113,0.03585853884950732,0.011382457714584297
600,0,81.31423333333333,Forward,0.09712418206291698,455.42745273583205,19865.0,19880.46640989272,ok,0.0005298811333354479,14342.070689029319,ok,-79.4847674942539,68.98685408597578,-0.11313359928041933,-65.66935942051714,61.103851318359375,-0.09346961975097558,1.5934355051406113,0.03580421148277729,0.011382457714584297
601,0,81.44956666666667,Forward,0.09717406812067499,455.3303464364908,19860.0,19880.533001915333,ok,0.0005301131037015706,14342.070689029319,ok,-79.418175471641,68.98694886885605,-0.11303881640013848,-65.66935942051714,61.103851318359375,-0.09346961975097558,1.5934355051406113,0.03589899436305814,0.011382457714584297
602,0,81.58513333333333,Forward,0.09721330351257897,455.97481860917105,19865.0,19880.214062457635,ok,0.0005290494854276815,14342.070689029319,ok,-79.73711492933944,68.98649491057022,-0.11349277468597704,-65.66935942051714,61.103851318359375,-0.09346961975097558,1.5934355051406113,0.03544503607721958,0.011382457714584297
603,0,81.72071666666666,Forward,0.0972342556010615,455.233292161538,19875.0,19880.103884379358,ok,0.0005257959712628036,14342.070689029319,ok,-79.84729300761683,68.98633809005038,-0.11364959520581087,-65.66935942051714,61.103851318359375,-0.09346961975097558,1.5934355051406113,0.035288215557385746,0.011382457714584297
604,0,81.85616666666667,Forward,0.0972014524544332,455.80956010800946,19855.0,19879.90995128812,ok,0.0005244664991880773,14341.80803839272,ok,-80.04122609885599,68.9860620579335,-0.11392562732269479,-65.9320100571149,61.103477478027344,-0.09384346008300833,1.5934355051406113,0.03560787389881637,0.011382457714584297
605,0,81.99146666666667,Forward,0.09738663608837161,456.40970336002647,19865.0,19879.952182381527,ok,0.0005310807258996718,14341.80803839272,ok,-79.9989950054478,68.98612216700533,-0.11386551825086336,-65.9320100571149,61.103477478027344,-0.09384346008300833,1.5934355051406113,0.0356679829706478,0.011382457714584297
606,0,82.12785,Forward,0.0973042302934519,456.3180383375038,19865.0,19879.857101851714,ok,0.0005289212072635094,14342.014406750048,ok,-80.09407553526034,68.9859868353827,-0.11400084987349106,-65.72564169978796,61.1037712097168,-0.09354972839355384,1.5934355051406113,0.035064608845058395,0.011382457714584297
607,0,82.26315,Forward,0.09735646557358654,456.2741441939106,19870.0,19879.877974674746,ok,0.0005310117970807233,14341.928643276873,ok,-80.07320271222852,68.98601654444107,-0.11397114081512458,-65.81140517296262,61.1036491394043,-0.09367179870605417,1.5934355051406113,0.035288829073486516,0.011382457714584297
608,0,82.39818333333334,Forward,0.09741686037934795,456.80276861519087,19875.0,19879.660506261487,ok,0.0005343237411214262,14342.014406750048,ok,-80.29067112548728,68.98570701363288,-0.11428067162332055,-65.72564169978796,61.1037712097168,-0.09354972839355384,1.5934355051406113,0.034784787095228906,0.011382457714584297
609,0,82.5335,Forward,0.09745750465193015,456.2465080237562,19875.0,19879.650863866438,ok,0.000529395005232558,14342.121611091516,ok,-80.30031352053629,68.98569328925659,-0.11429439599960003,-65.61843735832008,61.10392379760742,-0.09339714050292908,1.5934355051406113,0.034527923756373397,0.011382457714584297
610,0,82.66963333333334,Forward,0.09747331724028588,456.1056246019398,19865.0,19879.52958874925,ok,0.0005253831556664913,14342.014406750048,ok,-80.4215886377242,68.98552067391225,-0.11446701134393772,-65.72564169978796,61.1037712097168,-0.09354972839355384,1.5934355051406113,0.034598447374611735,0.011382457714584297
611,0,82.8052,Forward,0.09746328758361272,455.88837824327857,19870.0,19879.483598229646,ok,0.0005258602699054693,14341.928643276873,ok,-80.46757915732815,68.98545521391056,-0.11453247134564117,-65.81140517296262,61.1036491394043,-0.09367179870605417,1.5934355051406113,0.03472749854296993,0.011382457714584297
612,0,82.9406,Forward,0.09755844068623534,455.99748458877366,19880.0,19879.335981026717,ok,0.0005233654745962746,14341.767836764671,ok,-80.61519636025696,68.98524510490464,-0.11474258035154915,-65.97221168516444,61.10342025756836,-0.09390068054199131,1.5934355051406113,0.03488209798092594,0.011382457714584297
613,0,83.07561666666666,Forward,0.09765900070004052,456.02733830186116,19875.0,19879.469292452795,ok,0.0005225354527683358,14341.537347430514,ok,-80.4818849341791,68.98543485197106,-0.1145528332851256,-66.20270101932147,61.103092193603516,-0.09422874450683612,1.5934355051406113,0.03559459381689041,0.011382457714584297
614,0,83.21175,Forward,0.09754322351593585,456.01652838434165,19865.0,19879.456441582217,ok,0.0005213655852556428,14341.537347430514,ok,-80.49473580475751,68.98541656085331,-0.11457112440288632,-66.20270101932147,61.103092193603516,-0.09422874450683612,1.5934355051406113,0.03557630269912969,0.011382457714584297
615,0,83.34651666666667,Forward,0.09756877816952791,456.11644399711076,19875.0,19879.318099065287,ok,0.000521932294646302,14341.537347430514,ok,-80.63307832168721,68.98521965284984,-0.11476803240635881,-66.20270101932147,61.103092193603516,-0.09422874450683612,1.5934355051406113,0.03537939469565719,0.011382457714584297
616,0,83.48158333333333,Forward,0.09746449364604243,456.98751731358425,19880.0,19879.249259930908,ok,0.0005404428818347772,14342.102850331758,ok,-80.70191745606644,68.98512167157256,-0.11486601368364234,-65.63719811807823,61.10389709472656,-0.09342384338379023,1.5934355051406113,0.0339988553907848,0.011382457714584297
617,0,83.61633333333333,Forward,0.09762935279879065,455.9347547422876,19870.0,19879.23713576202,ok,0.0005254148645741194,14342.102850331758,ok,-80.7140416249531,68.9851044147961,-0.11488327046009993,-65.63719811807823,61.10389709472656,-0.09342384338379023,1.5934355051406113,0.033981598614327216,0.011382457714584297
618,0,83.75173333333333,Forward,0.09764592795492291,456.4146108696914,19870.0,19879.13894381114,ok,0.0005277474490470547,14342.196654130543,ok,-80.8122335758344,68.98496465457318,-0.11502303068301774,-65.54339431929293,61.10403060913086,-0.09329032897949226,1.5934355051406113,0.03362909179915331,0.011382457714584297
619,0,83.8873,Forward,0.09771803738966316,456.6805054911092,19860.0,19879.038818543824,ok,0.0005214572044077898,14342.102850331758,ok,-80.91235884315029,68.9848221425897,-0.11516554266647645,-65.63719811807823,61.10389709472656,-0.09342384338379023,1.5934355051406113,0.03369932640795069,0.011382457714584297
620,0,84.02268333333333,Forward,0.09772076172283345,456.6774112217681,19860.0,19879.10106243475,ok,0.0005287511766992074,14342.196654130543,ok,-80.85011495222352,68.9849107366139,-0.11507694864229097,-65.54339431929293,61.10403060913086,-0.09329032897949226,1.5934355051406113,0.03357517383988008,0.011382457714584297
621,0,84.15803333333334,Forward,0.0976542350137364,456.40437533281147,19875.0,19878.98591315222,ok,0.0005308465487151436,14342.113570765905,ok,-80.9652642347537,68.98474684039581,-0.11524084486036998,-65.62647768393072,61.103912353515625,-0.09340858459472672,1.5934355051406113,0.033599710317797904,0.011382457714584297
622,0,84.29333333333334,Forward,0.09767107350733967,456.325468039955,19880.0,19878.74128219631,ok,0.0005255314559378018,14342.113570765905,ok,-81.20989519066279,68.98439864813949,-0.1155890371166964,-65.62647768393072,61.103912353515625,-0.09340858459472672,1.5934355051406113,0.03325151806147149,0.011382457714584297
623,0,84.42945,Forward,0.09761786239112566,457.2547902229453,19865.0,19878.85906796492,ok,0.0005277995309363296,14342.113570765905,ok,-81.09210942205391,68.98456629696538,-0.1154213882908041,-65.62647768393072,61.103912353515625,-0.09340858459472672,1.5934355051406113,0.03341916688736378,0.011382457714584297
624,0,84.56448333333333,Forward,0.0977703656754027,456.43482271417815,19870.0,19878.720948951206,ok,0.0005306630641846206,14342.113570765905,ok,-81.23022843576837,68.98436970708228,-0.11561797817391231,-65.62647768393072,61.103912353515625,-0.09340858459472672,1.5934355051406113,0.03322257700425557,0.011382457714584297
625,0,84.6998,Forward,0.09786385819729834,456.6424302886444,19865.0,19878.64673418458,ok,0.0005295909860049901,14341.770516873206,ok,-81.30444320239621,68.98426407446948,-0.11572361078671414,-65.96953157662938,61.103424072265625,-0.09389686584472803,1.5934355051406113,0.03389498907170027,0.011382457714584297
626,0,84.8351,Forward,0.09776749879111901,457.127493097134,19875.0,19878.593798986505,ok,0.0005255662058321912,14341.754436221987,ok,-81.35737840046932,68.98418872985094,-0.1157989554052546,-65.98561222784883,61.10340118408203,-0.09391975402832071,1.5934355051406113,0.03385611529754458,0.011382457714584297
627,0,84.97146666666667,Forward,0.09779221516184008,457.1728843394085,19855.0,19878.448116292984,ok,0.0005294414232625036,14341.754436221987,ok,-81.50306109399025,68.98398137430357,-0.11600631095261885,-65.98561222784883,61.10340118408203,-0.09391975402832071,1.5934355051406113,0.033648759750180335,0.011382457714584297
628,0,85.1068,Forward,0.09774165854573938,457.72622774415504,19865.0,19878.72550031898,ok,0.0005306018104060366,14341.746395896376,ok,-81.225677067996,68.98437618521179,-0.11561150004440436,-65.99365255345947,61.103389739990234,-0.09393119812011834,1.5934355051406113,0.034061806080589244,0.011382457714584297
629,0,85.24263333333333,Forward,0.09775239247712894,457.27287372601495,19875.0,19878.35202060491,ok,0.0005250186811984189,14341.746395896376,ok,-81.5991567820638,68.98384459776878,-0.11614308748741685,-65.99365255345947,61.103389739990234,-0.09393119812011834,1.5934355051406113,0.033530218637576756,0.011382457714584297
630,0,85.3782,Forward,0.09790667502776298,456.6840742813838,19875.0,19878.53476404203,ok,0.0005292848914799449,14341.960804579314,ok,-81.41641334494489,68.98410470323851,-0.11588298201767848,-65.7792438705219,61.103694915771484,-0.09362602233886623,1.5934355051406113,0.033304046182159,0.011382457714584297
631,0,85.5143,Forward,0.09785475460102935,457.7624286256578,19870.0,19878.459863631884,ok,0.0005314637646943666,14341.960804579314,ok,-81.49131375509023,68.98399809472403,-0.1159895905321707,-65.7792438705219,61.103694915771484,-0.09362602233886623,1.5934355051406113,0.03319743766766678,0.011382457714584297
632,0,85.65068333333333,Forward,0.09784480003958376,457.31872912566905,19880.0,19878.30878837842,ok,0.0005192300857516154,14342.065328812245,ok,-81.64238900855344,68.98378306374732,-0.11620462150886356,-65.6747196375909,61.103843688964844,-0.09347724914550734,1.5934355051406113,0.03274534620246271,0.011382457714584297
633,0,85.78575,Forward,0.09783454370770338,456.9878472042692,19870.0,19878.375858826268,ok,0.0005321327796890719,14342.089449789075,ok,-81.57531856070636,68.98387852758788,-0.11610915766831276,-65.6505986607608,61.103878021240234,-0.09344291687011702,1.5934355051406113,0.03278610377643432,0.011382457714584297
634,0,85.92078333333333,Forward,0.09791404403802012,457.23897001318255,19870.0,19878.18645484034,ok,0.0005309421248791309,14342.089449789075,ok,-81.76472254663531,68.98360894191352,-0.11637874334267168,-65.6505986607608,61.103878021240234,-0.09344291687011702,1.5934355051406113,0.0325165181020754,0.011382457714584297
635,0,86.05583333333334,Forward,0.0979742781509062,457.28647003043807,19880.0,19878.19957397219,ok,0.0005239446478259936,14342.089449789075,ok,-81.75160341478477,68.98362761485744,-0.11636007039875454,-65.6505986607608,61.103878021240234,-0.09344291687011702,1.5934355051406113,0.032535191045992534,0.011382457714584297
636,0,86.1914,Forward,0.09795404529797422,457.9505515930796,19870.0,19878.003858040553,ok,0.0005139857506286811,14342.089449789075,ok,-81.94731934642186,68.9833490451581,-0.11663864009809002,-65.6505986607608,61.103878021240234,-0.09344291687011702,1.5934355051406113,0.03225662134665705,0.011382457714584297
637,0,86.3267,Forward,0.09805271288257499,457.0954613362119,19865.0,19878.165711080197,ok,0.0005322396549477795,14342.089449789075,ok,-81.78546630677738,68.98357941655513,-0.11640826870107009,-65.6505986607608,61.103878021240234,-0.09344291687011702,1.5934355051406113,0.03248699274367699,0.011382457714584297
638,0,86.4628,Forward,0.0980625527077586,457.14249736622514,19865.0,19878.026590739104,ok,0.0005270098464441322,14341.963484687849,ok,-81.92458664787046,68.98338140144585,-0.11660628381034391,-65.77656376198684,61.10369873046875,-0.09362220764160294,1.5934355051406113,0.03257466591543287,0.011382457714584297
639,0,86.59826666666666,Forward,0.09802048508931413,457.6097146558459,19865.0,19877.936880073143,ok,0.0005324354207618465,14342.089449789075,ok,-82.01429731383178,68.98325371294837,-0.11673397230782591,-65.6505986607608,61.103878021240234,-0.09344291687011702,1.5934355051406113,0.032161289136921165,0.011382457714584297
640,0,86.73403333333333,Forward,0.09806414076162598,457.7309803192147,19880.0,19877.940061978148,ok,0.0005337863525109899,14342.126971308588,ok,-82.0111154088263,68.98325824187104,-0.1167294433851507,-65.61307714124814,61.10393142700195,-0.09338951110839991,1.5934355051406113,0.03208071942269722,0.011382457714584297
641,0,86.87028333333333,Forward,0.0980286444103482,457.33582425665736,19875.0,19877.703040949276,ok,0.0005288557208422049,14342.19933423908,ok,-82.24813643769812,68.98292088110436,-0.1170668041518329,-65.54071421075605,61.104034423828125,-0.09328651428222638,1.5934355051406113,0.03157923985627334,0.011382457714584297
642,0,87.00503333333333,Forward,0.09803751442640952,457.8859011421555,19865.0,19877.765832193916,ok,0.0005298966010019778,14342.19933423908,ok,-82.18534519305831,68.98301025419725,-0.11697743105893289,-65.54071421075605,61.104034423828125,-0.09328651428222638,1.5934355051406113,0.03166861294917335,0.011382457714584297
643,0,87.14033333333333,Forward,0.0981510514055492,456.8210730623723,19865.0,19877.61684140631,ok,0.0005190936930912232,14342.19933423908,ok,-82.33433598066404,68.98279819011765,-0.11718949513854009,-65.54071421075605,61.104034423828125,-0.09328651428222638,1.5934355051406113,0.031456548869566156,0.011382457714584297
644,0,87.2762,Forward,0.09821886121593318,457.53551209752186,19865.0,19877.71879500829,ok,0.0005140492145387784,14341.75175611345,ok,-82.23238237868281,68.98294330443723,-0.11704438081896215,-65.98829233638571,61.103397369384766,-0.09392356872558659,1.5934355051406113,0.03261676835790184,0.011382457714584297
645,0,87.41125,Forward,0.0981417554471751,457.6871884376269,19870.0,19877.831515017053,ok,0.0005246219793377622,14341.741035679304,ok,-82.11966236992157,68.98310374298042,-0.11688394227577836,-65.99901277053141,61.1033821105957,-0.09393882751464751,1.5934355051406113,0.03280152079734075,0.011382457714584297
646,0,87.54683333333334,Forward,0.09812069867304214,457.9801923588311,19875.0,19877.528777323874,ok,0.0005242443708709469,14341.741035679304,ok,-82.42240006310021,68.9826728452632,-0.11731483999299981,-65.99901277053141,61.1033821105957,-0.09393882751464751,1.5934355051406113,0.0323706230801193,0.011382457714584297
647,0,87.68211666666667,Forward,0.09818319854061228,457.8792235511828,19870.0,19877.65496743419,ok,0.0005285609837225757,14341.746395896376,ok,-82.2962099527831,68.98285245629842,-0.11713522895778102,-65.99365255345947,61.103389739990234,-0.09393119812011834,1.5934355051406113,0.03253807716721259,0.011382457714584297
648,0,87.81823333333334,Forward,0.098151626717511,458.34090223738167,19865.0,19877.516680033572,ok,0.0005245228395688735,14341.72763513662,ok,-82.43449735340255,68.98265562674402,-0.11733205851217761,-66.0124133132158,61.103363037109375,-0.0939579010009769,1.5934355051406113,0.03238379693126554,0.011382457714584297
649,0,87.95408333333333,Forward,0.0981535956144183,457.15117256455414,19875.0,19877.550202728347,ok,0.0005268419523094579,14341.746395896376,ok,-82.40097465862709,68.9827033408311,-0.11728434442510048,-65.99365255345947,61.103389739990234,-0.09393119812011834,1.5934355051406113,0.03238896169989312,0.011382457714584297
650,0,88.08993333333333,Forward,0.09808832794140335,457.47042018362845,19875.0,19877.395821652957,ok,0.0005187079473038276,14341.98760566468,ok,-82.55535573401721,68.9824836045562,-0.11750408069999024,-65.75244278515493,61.10373306274414,-0.09358787536621004,1.5934355051406113,0.03162216275920321,0.011382457714584297
651,0,88.22635,Forward,0.09818982436824195,457.05663324353736,19865.0,19877.259516162983,ok,0.000533080184063937,14342.001006207363,ok,-82.6916612239911,68.98228959592828,-0.11769808932791435,-65.73904224247235,61.10375213623047,-0.09356880187988323,1.5934355051406113,0.03139776176095917,0.011382457714584297
652,0,88.36165,Forward,0.09827056001894821,458.12265698193005,19870.0,19877.580566786157,ok,0.000533303480582848,14342.001006207363,ok,-82.3706106008176,68.98274655911375,-0.11724112614244028,-65.73904224247235,61.10375213623047,-0.09356880187988323,1.5934355051406113,0.03185472494643324,0.011382457714584297
653,0,88.49723333333333,Forward,0.09825790630261835,458.218573639213,19870.0,19877.55788406073,ok,0.0005267622945193014,14342.001006207363,ok,-82.39329332624402,68.9827142739546,-0.11727341130159567,-65.73904224247235,61.10375213623047,-0.09356880187988323,1.5934355051406113,0.03182243978727785,0.011382457714584297
654,0,88.632,Forward,0.09811888374424615,458.244844546658,19875.0,19877.75172394687,ok,0.0005328596702077948,14342.135011634198,ok,-82.19945344010557,68.98299017340922,-0.11699751184696702,-65.6050368156375,61.10394287109375,-0.09337806701660227,1.5934355051406113,0.03179441553868648,0.011382457714584297
655,0,88.76705,Forward,0.0982967462681705,456.3208158348425,19860.0,19877.44805024634,ok,0.0005338776736737001,14341.732995353694,ok,-82.5031271406333,68.98255794343825,-0.11742974181794844,-66.00705309614204,61.103370666503906,-0.09395027160644515,1.5934355051406113,0.0322739566773651,0.011382457714584297
656,0,88.90235,Forward,0.09814363998982183,458.27914448787124,19855.0,19877.569966510393,ok,0.000525658257794297,14341.732995353694,ok,-82.38121087658146,68.98273147135055,-0.11725621390564746,-66.00705309614204,61.103370666503906,-0.09395027160644515,1.5934355051406113,0.03244748458966608,0.011382457714584297
657,0,89.03818333333334,Forward,0.09817688563736776,457.83503299552103,19865.0,19877.614555472603,ok,0.0005340679259188768,14341.837519586625,ok,-82.33662191437179,68.98279493646395,-0.1171927487922429,-65.90252886321105,61.103519439697266,-0.09380149841308626,1.5934355051406113,0.032273889214559454,0.011382457714584297
658,0,89.1735,Forward,0.09809778100010398,457.9656730689494,19865.0,19877.6144607689,ok,0.0005300106714974463,14341.837519586625,ok,-82.33671661807603,68.98279480166867,-0.11719288358751578,-65.90252886321105,61.103519439697266,-0.09380149841308626,1.5934355051406113,0.032273754419286566,0.011382457714584297
659,0,89.30856666666666,Forward,0.09814524943822991,458.2946828417771,19855.0,19877.65378229677,ok,0.0005289226707845587,14341.837519586625,ok,-82.2973950902051,68.98285076944863,-0.11713691580755638,-65.90252886321105,61.103519439697266,-0.09380149841308626,1.5934355051406113,0.03232972219924597,0.011382457714584297
660,0,89.4435,Forward,0.09809784009448509,457.89223509730436,19875.0,19877.57295812046,ok,0.0005140517423153138,14341.848240020772,ok,-82.37821926651304,68.98273572941942,-0.1172519558367702,-65.89180842906353,61.10353469848633,-0.09378623962402274,1.5934355051406113,0.03219036827377289,0.011382457714584297
661,0,89.5788,Forward,0.0980885392514626,458.3283984990667,19865.0,19877.574790491453,ok,0.0005279112478919256,14342.049248161024,ok,-82.37638689552114,68.98273833750059,-0.11724934775559859,-65.69080028881217,61.10382080078125,-0.0935001373291026,1.5934355051406113,0.03173709080011655,0.011382457714584297
662,0,89.71411666666667,Forward,0.09818760552859006,457.3721590283785,19870.0,19877.58857183873,ok,0.0005246188507668662,14342.049248161024,ok,-82.36260554824548,68.98275795300013,-0.1172297322560585,-65.69080028881217,61.10382080078125,-0.0935001373291026,1.5934355051406113,0.03175670629965664,0.011382457714584297
663,0,89.84995,Forward,0.09814556156738297,457.9539270970163,19860.0,19877.563906512587,ok,0.0005276746104788955,14342.049248161024,ok,-82.38727087438747,68.9827228459323,-0.11726483932388844,-65.69080028881217,61.10382080078125,-0.0935001373291026,1.5934355051406113,0.0317215992318267,0.011382457714584297
664,0,89.98498333333333,Forward,0.0981133790913835,457.70922404002704,19870.0,19877.60529296917,ok,0.0005348498850639575,14342.049248161024,ok,-82.34588441780579,68.9827817528014,-0.11720593245478442,-65.69080028881217,61.10382080078125,-0.0935001373291026,1.5934355051406113,0.03178050610093072,0.011382457714584297
665,0,90.12108333333333,Forward,0.09821124133130452,458.0234250075846,19865.0,19877.637687107475,ok,0.0005192759801071631,14342.059968595171,ok,-82.31349027949909,68.98282786057247,-0.1171598246837264,-65.68007985466465,61.10383605957031,-0.09348487854003909,1.5934355051406113,0.031802299975729476,0.011382457714584297
666,0,90.2572,Forward,0.09806509962382623,457.92273853469305,19865.0,19877.57100681559,ok,0.000519698945202303,14341.741035679304,ok,-82.38017057138495,68.98273295205527,-0.11725473320091696,-65.99901277053141,61.1033821105957,-0.09393882751464751,1.5934355051406113,0.03243072987220215,0.011382457714584297
667,0,90.39278333333333,Forward,0.09814292795641805,457.37791721139365,19880.0,19877.682749923148,ok,0.0005253738153663407,14341.958124470777,ok,-82.26842746382681,68.98289200013897,-0.11709568511722288,-65.78192397905877,61.10369110107422,-0.0936298370361321,1.5934355051406113,0.03209742155667941,0.011382457714584297
668,0,90.52915,Forward,0.09814567004530343,457.4332370105876,19865.0,19877.557788983413,ok,0.0005288785778739261,14342.059968595171,ok,-82.3933884035614,68.98271413862754,-0.11727354662864592,-65.68007985466465,61.10383605957031,-0.09348487854003909,1.5934355051406113,0.03168857803080996,0.011382457714584297
669,0,90.66498333333334,Forward,0.0982385479685864,457.2923223835278,19880.0,19877.725305794695,ok,0.0005367549555842229,14342.102850331758,ok,-82.22587159227987,68.9829525714795,-0.11703511377669566,-65.63719811807823,61.10389709472656,-0.09342384338379023,1.5934355051406113,0.03182975529773148,0.011382457714584297
670,0,90.80083333333333,Forward,0.09810660367611634,457.2877527273122,19875.0,19877.54778385058,ok,0.0005300904989383997,14342.27169716957,ok,-82.40339353639501,68.98269989795321,-0.11728778730298428,-65.46835128026578,61.1041374206543,-0.09318351745605544,1.5934355051406113,0.03119413790538439,0.011382457714584297
671,0,90.93615,Forward,0.09818343072520613,457.36658529748456,19865.0,19877.6780809259,ok,0.0005293996420481774,14342.27169716957,ok,-82.2730964610746,68.98288535458309,-0.11710233067309886,-65.46835128026578,61.1041374206543,-0.09318351745605544,1.5934355051406113,0.03137959453526981,0.011382457714584297
672,0,91.07171666666666,Forward,0.09807395360737797,458.05264111986617,19860.0,19877.744045328458,ok,0.0005288923040529497,14342.27169716957,ok,-82.20713205851644,68.98297924414862,-0.11700844110757516,-65.46835128026578,61.1041374206543,-0.09318351745605544,1.5934355051406113,0.03147348410079351,0.011382457714584297
673,0,91.20701666666666,Forward,0.09812286257105565,458.04064794852457,19860.0,19877.680872952435,ok,0.0005183567055847897,14342.10017022322,ok,-82.27030443453987,68.98288932857737,-0.11709835667882149,-65.63987822661511,61.1038932800293,-0.0934276580810561,1.5934355051406113,0.031772590869670464,0.011382457714584297
674,0,91.3424,Forward,0.09824540629622336,457.59889022440984,19855.0,19877.83575016581,ok,0.0005197924407018419,14341.722274919546,ok,-82.11542722116428,68.98310977102375,-0.11687791423245,-66.01777353028956,61.103355407714844,-0.09396553039550866,1.5934355051406113,0.03285009815912279,0.011382457714584297
675,0,91.47776666666667,Forward,0.09821502091536477,457.38421221291355,19865.0,19877.702564831405,ok,0.0005174604866444185,14341.71959481101,ok,-82.24861255556971,68.98292020342825,-0.11706748182794861,-66.02045363882644,61.10335159301758,-0.09396934509277453,1.5934355051406113,0.03266660903768899,0.011382457714584297
676,0,91.61253333333333,Forward,0.09818078737538967,457.64198719840715,19860.0,19877.723342647627,ok,0.0005350355223862679,14341.71959481101,ok,-82.2278347393476,68.98294977725992,-0.11703790799627622,-66.02045363882644,61.10335159301758,-0.09396934509277453,1.5934355051406113,0.03269618286936138,0.011382457714584297
677,0,91.74786666666667,Forward,0.0981528374587786,457.39006481978504,19860.0,19877.681387964472,ok,0.0005367712085950541,14341.71959481101,ok,-82.26978942250207,68.98289006161299,-0.1170976236432054,-66.02045363882644,61.10335159301758,-0.09396934509277453,1.5934355051406113,0.0326364672224322,0.011382457714584297
678,0,91.88371666666667,Forward,0.09817053944154848,457.44270009437605,19865.0,19877.75436992943,ok,0.0005340468885836857,14342.135011634198,ok,-82.19680745754522,68.98299393953373,-0.11699374572246138,-65.6050368156375,61.10394287109375,-0.09337806701660227,1.5934355051406113,0.03179818166319212,0.011382457714584297
679,0,92.01955,Forward,0.098224027177921,456.8207347173193,19885.0,19877.716586202198,ok,0.0005183428964074974,14342.135011634198,ok,-82.23459118477695,68.9829401605621,-0.11704752469408966,-65.6050368156375,61.10394287109375,-0.09337806701660227,1.5934355051406113,0.03174440269156384,0.011382457714584297
680,0,92.15511666666667,Forward,0.0980755865888065,456.80640992221015,19860.0,19877.818893029787,ok,0.0005299274387590948,14342.32797944884,ok,-82.13228435718702,68.98308577764071,-0.11690190761548341,-65.41206900099496,61.104217529296875,-0.09310340881347719,1.5934355051406113,0.03145236963753245,0.011382457714584297
681,0,92.29073333333334,Forward,0.09792647636079815,457.54937808909744,19880.0,19877.834433489028,ok,0.0005165278949970137,14342.135011634198,ok,-82.11674389794644,68.98310789694915,-0.11687978830704504,-65.6050368156375,61.10394287109375,-0.09337806701660227,1.5934355051406113,0.03191213907860846,0.011382457714584297
682,0,92.42603333333334,Forward,0.09798585623502598,457.6670260189094,19880.0,19877.802710484317,ok,0.0005292368442210794,14341.888441648822,ok,-82.14846690265767,68.98306274442727,-0.11692494082891952,-65.85160680101399,61.10359191894531,-0.09372901916503976,1.5934355051406113,0.03242620617065964,0.011382457714584297
683,0,92.56185,Forward,0.09800354706749903,457.7172273223805,19875.0,19877.808241831546,ok,0.0005291975794531162,14341.810718501258,ok,-82.14293555542827,68.98307061739766,-0.1169170678585296,-65.92932994857802,61.10348129272461,-0.09383964538574245,1.5934355051406113,0.032610354888916754,0.011382457714584297
684,0,92.69785,Forward,0.09807175624751369,457.8714975159601,19880.0,19877.83696139984,ok,0.0005242180113135971,14341.810718501258,ok,-82.11421598713423,68.98311149501778,-0.1168761902384105,-65.92932994857802,61.10348129272461,-0.09383964538574245,1.5934355051406113,0.032651232509035844,0.011382457714584297
685,0,92.83368333333334,Forward,0.09804076230474197,457.5553597179278,19880.0,19877.673883008654,ok,0.0005314167839609582,14341.810718501258,ok,-82.27729437832022,68.98287937953275,-0.11710830572344436,-65.92932994857802,61.10348129272461,-0.09383964538574245,1.5934355051406113,0.03241911702400199,0.011382457714584297
686,0,92.96898333333333,Forward,0.09809891230585821,457.8225326050888,19880.0,19877.71353803202,ok,0.0005296951553600581,14341.810718501258,ok,-82.23763935495299,68.98293582198914,-0.11705186326705284,-65.92932994857802,61.10348129272461,-0.09383964538574245,1.5934355051406113,0.032475559480393504,0.011382457714584297
687,0,93.1054,Forward,0.09815978074105805,457.4053954130941,19860.0,19877.71590072815,ok,0.0005238701575325851,14341.982245447607,ok,-82.23527665882284,68.98293918490162,-0.11704850035456488,-65.75780300222868,61.10372543334961,-0.09359550476074179,1.5934355051406113,0.03208990005275819,0.011382457714584297
688,0,93.24121666666667,Forward,0.09816010019535701,457.04969777185397,19870.0,19877.579447291413,ok,0.0005344183093593191,14342.118930982979,ok,-82.37173009556136,68.98274496569562,-0.11724271956057221,-65.62111746685696,61.103919982910156,-0.09340095520019495,1.5934355051406113,0.03158567866946603,0.011382457714584297
689,0,93.37733333333334,Forward,0.0981348822147235,457.9257840988794,19880.0,19877.6607902101,ok,0.0005362777458227729,14342.440544007382,ok,-82.29038717687581,68.98286074406998,-0.11712694118621217,-65.29950444245333,61.10437774658203,-0.09294319152832066,1.5934355051406113,0.03097204015609803,0.011382457714584297
690,0,93.51211666666667,Forward,0.09804970165090351,457.5041002342332,19855.0,19877.682264670722,ok,0.0005300810065961276,14342.537027914705,ok,-82.26891271625209,68.98289130946131,-0.11709637579488555,-65.20302053513115,61.104515075683594,-0.09280586242675681,1.5934355051406113,0.03078378048110378,0.011382457714584297
691,0,93.6477,Forward,0.09807768918697937,457.77923929445024,19865.0,19877.699691226167,ok,0.0005250524276279283,14342.537027914705,ok,-82.25148616080696,68.98291611331999,-0.11707157193620017,-65.20302053513115,61.104515075683594,-0.09280586242675681,1.5934355051406113,0.030808584339789155,0.011382457714584297
692,0,93.78346666666667,Forward,0.09810200110735343,457.2148799014685,19875.0,19877.70529312512,ok,0.0005173388644480413,14342.512906937873,ok,-82.24588426185437,68.98292408670925,-0.11706359854694219,-65.22714151196305,61.1044807434082,-0.09284019470214971,1.5934355051406113,0.030871263995630435,0.011382457714584297
693,0,93.91935,Forward,0.09816160146055539,458.11179716532206,19860.0,19877.58867577215,ok,0.0005289287552117497,14342.440544007382,ok,-82.3625016148253,68.9827581009324,-0.1172295843237907,-65.29950444245333,61.10437774658203,-0.09294319152832066,1.5934355051406113,0.030869397018519498,0.011382457714584297
694,0,94.05518333333333,Forward,0.09822850403305455,457.75330110415234,19870.0,19877.562976711433,ok,0.0005323748034476562,14342.346740208597,ok,-82.38820067554116,68.98272152251205,-0.11726616274414176,-65.39330824123863,61.104244232177734,-0.09307670593261863,1.5934355051406113,0.031045565190424534,0.011382457714584297
695,0,94.1905,Forward,0.09817304081018803,457.48839279740787,19880.0,19877.49848091403,ok,0.0005373354088675508,14342.346740208597,ok,-82.45269647294481,68.98262972326637,-0.11735796198981814,-65.39330824123863,61.104244232177734,-0.09307670593261863,1.5934355051406113,0.03095376594474815,0.011382457714584297
696,0,94.3266,Forward,0.09817869914984714,457.45380189730713,19880.0,19877.337583794782,ok,0.0005370553651772615,14342.346740208597,ok,-82.61359359219205,68.98240071246609,-0.1175869727901027,-65.39330824123863,61.104244232177734,-0.09307670593261863,1.5934355051406113,0.030724755144463586,0.011382457714584297
697,0,94.4619,Forward,0.09825731319597146,458.02244217241605,19875.0,19877.48447614248,ok,0.0005153039756146374,14342.346740208597,ok,-82.4667012444952,68.98260978975883,-0.1173778954973636,-65.39330824123863,61.104244232177734,-0.09307670593261863,1.5934355051406113,0.030933832437202685,0.011382457714584297
698,0,94.59666666666666,Forward,0.0982379762065498,457.83215835001465,19875.0,19877.35331586806,ok,0.0005136684718261397,14342.346740208597,ok,-82.59786151891603,68.98242310450584,-0.11756458075034505,-65.39330824123863,61.104244232177734,-0.09307670593261863,1.5934355051406113,0.030747147184221238,0.011382457714584297
699,0,94.73196666666666,Forward,0.09835159775915649,457.5459296138688,19875.0,19877.279660036624,ok,0.0005319716746041528,14342.193974022006,ok,-82.67151735035077,68.9823182674461,-0.11766941781008491,-65.54607442782981,61.104026794433594,-0.09329414367675813,1.5934355051406113,0.030988783146150944,0.011382457714584297
700,0,94.86755,Forward,0.0983861645829161,457.7373340831509,19875.0,19877.266509076162,ok,0.0005301725130566878,14342.132331525661,ok,-82.68466831081241,68.98229954919935,-0.11768813605683738,-65.60771692417438,61.103939056396484,-0.09338188171386816,1.5934355051406113,0.031109869802880927,0.011382457714584297
701,0,95.00313333333334,Forward,0.09831040965386353,457.90309791027175,19875.0,19877.27104158231,ok,0.0005212253347798233,14341.982245447607,ok,-82.68013580466504,68.98230600048242,-0.11768168477377551,-65.75780300222868,61.10372543334961,-0.09359550476074179,1.5934355051406113,0.03145671563354756,0.011382457714584297
702,0,95.13926666666667,Forward,0.09827340346032964,458.1081826448135,19875.0,19877.138543886205,ok,0.0005174983127757235,14342.132331525661,ok,-82.81263350076915,68.98211741162785,-0.1178702736283344,-65.60771692417438,61.103939056396484,-0.09338188171386816,1.5934355051406113,0.03092773223138391,0.011382457714584297
703,0,95.27536666666667,Forward,0.09832287170345956,457.8696485382861,19880.0,19877.029221881177,ok,0.0005304448972880601,14342.137691742735,ok,-82.92195550579709,68.98196180958863,-0.11802587566755854,-65.60235670710063,61.103946685791016,-0.0933742523193364,1.5934355051406113,0.030759973244030153,0.011382457714584297
704,0,95.41068333333334,Forward,0.09836450088117538,457.89007662525546,19870.0,19877.21869605408,ok,0.0005276573597896417,14342.132331525661,ok,-82.73248133289599,68.9822314951627,-0.11775619009349515,-65.60771692417438,61.103939056396484,-0.09338188171386816,1.5934355051406113,0.031041815766223155,0.011382457714584297
705,0,95.54546666666667,Forward,0.09844272539881659,457.7551607514288,19875.0,19877.07353848859,ok,0.0005332030555643474,14342.137691742735,ok,-82.87763889838607,68.98202488704942,-0.11796279820677753,-65.60235670710063,61.103946685791016,-0.0933742523193364,1.5934355051406113,0.03082305070481116,0.011382457714584297
706,0,95.68183333333333,Forward,0.0983005560893124,457.78924461524,19880.0,19876.93752985112,ok,0.0005286932161300109,14342.137691742735,ok,-83.01364753585585,68.9818313009426,-0.11815638431359095,-65.60235670710063,61.103946685791016,-0.0933742523193364,1.5934355051406113,0.030629464597997744,0.011382457714584297
707,0,95.81821666666667,Forward,0.09838599359952008,458.2457810255182,19875.0,19877.05347105158,ok,0.0005214578916906634,14341.872360997602,ok,-82.89770633539592,68.98199632432666,-0.11799136092953347,-65.86768745223344,61.10356903076172,-0.09375190734863244,1.5934355051406113,0.03139625691443046,0.011382457714584297
708,0,95.95378333333333,Forward,0.0984760987913041,457.342466804399,19870.0,19876.852663850947,ok,0.0005256101029545595,14341.872360997602,ok,-83.0985135360279,68.9817105080365,-0.11827717721968695,-65.86768745223344,61.10356903076172,-0.09375190734863244,1.5934355051406113,0.03111044062427698,0.011382457714584297
709,0,96.09076666666667,Forward,0.09844125168298633,458.3630439015287,19870.0,19876.77043194849,ok,0.0005250577913787442,14341.94740403663,ok,-83.18074543848343,68.98159346433877,-0.11839422091741361,-65.79264441320629,61.103675842285156,-0.09364509582519562,1.5934355051406113,0.030823199652747907,0.011382457714584297
710,0,96.22618333333334,Forward,0.0984133099549506,458.5630012982656,19865.0,19876.85046587736,ok,0.0005225562556863946,14341.94740403663,ok,-83.10071150961448,68.98170737957969,-0.11828030567650721,-65.79264441320629,61.103675842285156,-0.09364509582519562,1.5934355051406113,0.030937114893654305,0.011382457714584297
711,0,96.3623,Forward,0.09842619488040596,458.04927177873833,19870.0,19876.750111141573,ok,0.0005371189824809658,14342.113570765905,ok,-83.20106624540131,68.98156454098529,-0.11842314427089852,-65.62647768393072,61.103912353515625,-0.09340858459472672,1.5934355051406113,0.030417410907269363,0.011382457714584297
712,0,96.4976,Forward,0.09858042104872877,458.2915643625347,19875.0,19876.801947292006,ok,0.0005221803404866068,14342.113570765905,ok,-83.14923009496852,68.98163832128881,-0.11834936396737399,-65.62647768393072,61.103912353515625,-0.09340858459472672,1.5934355051406113,0.030491191210793897,0.011382457714584297
713,0,96.63238333333334,Forward,0.09844327909337788,458.12151110785635,19865.0,19876.70407765986,ok,0.0005296373103887982,14342.07604924639,ok,-83.24709972711571,68.98149901983403,-0.11848866542215729,-65.6639992034452,61.103858947753906,-0.09346199035644641,1.5934355051406113,0.030436988392913825,0.011382457714584297
714,0,96.76903333333334,Forward,0.09849729892274274,458.0028773090926,19870.0,19876.683137256412,ok,0.0005322269987254114,14342.07604924639,ok,-83.26804013056244,68.98146921458597,-0.11851847067021924,-65.6639992034452,61.103858947753906,-0.09346199035644641,1.5934355051406113,0.03040718314485187,0.011382457714584297
715,0,96.9049,Forward,0.09851264879082983,458.60127795688095,19860.0,19876.57835566255,ok,0.0005317161799332936,14342.07604924639,ok,-83.37282172442428,68.98132007508131,-0.118667610174877,-65.6639992034452,61.103858947753906,-0.09346199035644641,1.5934355051406113,0.03025804364019412,0.011382457714584297
716,0,97.041,Forward,0.09844141002548232,458.24696601323376,19865.0,19876.46831603376,ok,0.0005236604499250686,14342.07604924639,ok,-83.48286135321541,68.98116345162174,-0.11882423363445396,-65.6639992034452,61.103858947753906,-0.09346199035644641,1.5934355051406113,0.03010142018061715,0.011382457714584297
717,0,97.17605,Forward,0.09867471251204285,458.74719085328616,19875.0,19876.49170047583,ok,0.000530611496962027,14342.07604924639,ok,-83.4594769111427,68.98119673556006,-0.11879094969613155,-65.6639992034452,61.103858947753906,-0.09346199035644641,1.5934355051406113,0.030134704118939565,0.011382457714584297
718,0,97.31241666666666,Forward,0.09866943514085837,459.0991239367104,19870.0,19876.47401405158,ok,0.0005258880695231293,14342.084089572001,ok,-83.47716333539574,68.98117156182052,-0.11881612343566966,-65.65595887783456,61.1038703918457,-0.09345054626464878,1.5934355051406113,0.030091294957207027,0.011382457714584297
719,0,97.44776666666667,Forward,0.09862658923388792,458.17175069948644,19880.0,19876.43908619351,ok,0.0005214183605029156,14342.2154148903,ok,-83.51209119346458,68.98112184771273,-0.11886583754345477,-65.5246335595366,61.10405731201172,-0.0932636260986337,1.5934355051406113,0.029743735620266706,0.011382457714584297
720,0,97.58306666666667,Forward,0.09868128403860377,458.4092082017705,19875.0,19876.305869211825,ok,0.0005257347817913123,14342.084089572001,ok,-83.6453081751497,68.9809322350725,-0.11905545018369303,-65.65595887783456,61.1038703918457,-0.09345054626464878,1.5934355051406113,0.029851968209183663,0.011382457714584297
721,0,97.7189,Forward,0.09854812604192675,458.09767137613017,19880.0,19876.32314308525,ok,0.0005230290404021338,14342.046568052487,ok,-83.62803430172426,68.98095682161323,-0.11903086364295395,-65.69348039734905,61.103816986083984,-0.09350395202636848,1.5934355051406113,0.029961653386825993,0.011382457714584297
722,0,97.85421666666667,Forward,0.0987187445214861,458.2086006621539,19875.0,19876.325000237342,ok,0.0005306467110523303,14342.2154148903,ok,-83.62617714963199,68.98095946496626,-0.1190282202899288,-65.5246335595366,61.10405731201172,-0.0932636260986337,1.5934355051406113,0.029581352873792682,0.011382457714584297
723,0,97.99058333333333,Forward,0.09859156697603544,459.13389061628914,19860.0,19876.22912757244,ok,0.0005239343991635557,14342.046568052487,ok,-83.72204981453615,68.98082300586856,-0.11916467938762947,-65.69348039734905,61.103816986083984,-0.09350395202636848,1.5934355051406113,0.02982783764215048,0.011382457714584297
724,0,98.12536666666666,Forward,0.0986108358763084,458.9426661935431,19855.0,19876.31026205657,ok,0.0005294969984335086,14342.046568052487,ok,-83.64091533040482,68.98093848757034,-0.11904919768585308,-65.69348039734905,61.103816986083984,-0.09350395202636848,1.5934355051406113,0.02994331934392687,0.011382457714584297
725,0,98.26093333333333,Forward,0.09868021408505613,458.4997033177824,19865.0,19876.14880060904,ok,0.0005314502451417342,14342.065328812245,ok,-83.80237677793411,68.98070867354082,-0.11927901171538188,-65.6747196375909,61.103843688964844,-0.09347724914550734,1.5934355051406113,0.02967095599594438,0.011382457714584297
726,0,98.39731666666667,Forward,0.09873466781027122,458.5178683244776,19855.0,19875.989783881505,ok,0.0005211056934347839,14342.065328812245,ok,-83.96139350546946,68.98048233917136,-0.1195053460848341,-65.6747196375909,61.103843688964844,-0.09347724914550734,1.5934355051406113,0.029444621626492168,0.011382457714584297
727,0,98.5332,Forward,0.09884755805149248,458.44758012655075,19870.0,19875.96983337784,ok,0.0005261458925148788,14341.976885230533,ok,-83.98134400913477,68.98045394288414,-0.11953374237205074,-65.76316321930244,61.10371780395508,-0.09360313415527355,1.5934355051406113,0.029616814983401976,0.011382457714584297
728,0,98.66956666666667,Forward,0.09863546470331633,459.3446604449491,19870.0,19875.916457904797,ok,0.0005305790425001931,14342.065328812245,ok,-84.03471948217702,68.980377971606,-0.11960971365018275,-65.6747196375909,61.103843688964844,-0.09347724914550734,1.5934355051406113,0.029340254061143517,0.011382457714584297
729,0,98.80486666666667,Forward,0.09883719844297142,458.63312281057006,19855.0,19875.87297327623,ok,0.0005363996091674679,14342.065328812245,ok,-84.07820411074499,68.98031607833138,-0.11967160692481077,-65.6747196375909,61.103843688964844,-0.09347724914550734,1.5934355051406113,0.029278360786515495,0.011382457714584297
730,0,98.94016666666667,Forward,0.09875514321382214,458.8370645875402,19880.0,19876.025409790906,ok,0.0005292648005060903,14341.976885230533,ok,-83.92576759606891,68.98053304684133,-0.1194546384148593,-65.76316321930244,61.10371780395508,-0.09360313415527355,1.5934355051406113,0.02969591894059341,0.011382457714584297
731,0,99.07601666666666,Forward,0.09878697510334841,458.80432715552524,19875.0,19875.63109581136,ok,0.0005241299484447116,14341.942043819556,ok,-84.32008157561359,68.97997180522034,-0.12001588003584912,-65.79800463028005,61.103668212890625,-0.09365272521972737,1.5934355051406113,0.029213697482442014,0.011382457714584297
732,0,99.21178333333333,Forward,0.09890528627278115,459.47616444632877,19865.0,19875.51638843366,ok,0.0005313283063959563,14341.942043819556,ok,-84.43478895331282,68.9798085379817,-0.1201791472744942,-65.79800463028005,61.103668212890625,-0.09365272521972737,1.5934355051406113,0.02905043024379693,0.011382457714584297
733,0,99.34813333333334,Forward,0.09887335932198149,459.49724234204405,19860.0,19875.585906769345,ok,0.000528650242347801,14341.676713074423,ok,-84.365270617629,68.97990748599123,-0.12008019926495937,-66.06333537541286,61.10329055786133,-0.09403038024902341,1.5934355051406113,0.029751147185706997,0.011382457714584297
734,0,99.4843,Forward,0.09899391417080006,458.71128515636155,19855.0,19875.565056347772,ok,0.0005217839858396388,14341.676713074423,ok,-84.38612103920241,68.97987780881769,-0.12010987643850442,-66.06333537541286,61.10329055786133,-0.09403038024902341,1.5934355051406113,0.029721470012161952,0.011382457714584297
735,0,99.62038333333334,Forward,0.09898911970513653,459.3563453507886,19860.0,19875.395088851612,ok,0.0005225630505685313,14341.53198721344,ok,-84.5560885353625,68.97963588781562,-0.12035179744057142,-66.20806123639522,61.103084564208984,-0.09423637390136787,1.5934355051406113,0.0298077866095742,0.011382457714584297
736,0,99.75626666666666,Forward,0.09905899497770039,459.26674430503044,19875.0,19875.437930140906,ok,0.0005216879070280065,14341.419422654899,ok,-84.5132472460682,68.97969686540175,-0.12029081985444426,-66.32062579493686,61.10292434692383,-0.0943965911865244,1.5934355051406113,0.030124060106407002,0.011382457714584297
737,0,99.89208333333333,Forward,0.09903969750387853,459.2227641979407,19865.0,19875.274172003083,ok,0.0005161236987948558,14341.43550330612,ok,-84.67700538389181,68.97946378240827,-0.12052390284792201,-66.30454514371559,61.10294723510742,-0.09437370300292912,1.5934355051406113,0.029854506268540373,0.011382457714584297
738,0,100.02768333333333,Forward,0.09897811291663097,459.0018994131424,19865.0,19875.436065926286,ok,0.0005305906736929581,14341.43550330612,ok,-84.51511146068879,68.97969421199636,-0.12029347325982627,-66.30454514371559,61.10294723510742,-0.09437370300292912,1.5934355051406113,0.030084935856636116,0.011382457714584297
739,0,100.16298333333333,Forward,0.09893399125909347,459.4120086882758,19870.0,19875.200729814467,ok,0.0005217239090606125,14341.43550330612,ok,-84.75044757250726,68.97935924943422,-0.12062843582196257,-66.30454514371559,61.10294723510742,-0.09437370300292912,1.5934355051406113,0.029749973294499812,0.011382457714584297
740,0,100.29883333333333,Forward,0.0989857874847216,459.1201925607784,19870.0,19875.254609784388,ok,0.0005245823353206552,14341.43550330612,ok,-84.69656760258658,68.97943593878136,-0.12055174647482839,-66.30454514371559,61.10294723510742,-0.09437370300292912,1.5934355051406113,0.029826662641634,0.011382457714584297
741,0,100.43395,Forward,0.09906895800781837,459.7145610282023,19865.0,19875.34210872645,ok,0.0005276080141533851,14341.43550330612,ok,-84.60906866052392,68.9795604792507,-0.12042720600549263,-66.30454514371559,61.10294723510742,-0.09437370300292912,1.5934355051406113,0.029951203110969757,0.011382457714584297
742,0,100.5695,Forward,0.09899409636051232,459.34008158929646,19865.0,19875.263223572456,ok,0.0005126544910700165,14341.387261352458,ok,-84.68795381451855,68.97944819910342,-0.12053948615277806,-66.35278709737759,61.10287857055664,-0.09444236755371234,1.5934355051406113,0.029948335496846848,0.011382457714584297
743,0,100.70428333333334,Forward,0.09905904040578278,459.07044926825984,19860.0,19875.050428815168,ok,0.000515635458044547,14341.387261352458,ok,-84.90074857180662,68.97914532048202,-0.12084236477416602,-66.35278709737759,61.10287857055664,-0.09444236755371234,1.5934355051406113,0.029645456875458887,0.011382457714584297
744,0,100.83948333333333,Forward,0.09909502801799724,459.4068332318493,19870.0,19875.151604651437,ok,0.0005341828290343975,14341.35510005002,ok,-84.79957273553737,68.979289327779,-0.12069835747719337,-66.3849483998165,61.10283279418945,-0.0944881439208977,1.5934355051406113,0.029862405861201036,0.011382457714584297
745,0,100.97483333333334,Forward,0.09907871907702821,459.116359127529,19865.0,19875.121592919088,ok,0.0005198193089557184,14341.387261352458,ok,-84.82958446788689,68.97924661097414,-0.12074107428204013,-66.35278709737759,61.10287857055664,-0.09444236755371234,1.5934355051406113,0.029746747367584772,0.011382457714584297
746,0,101.10986666666666,Forward,0.09916322925421703,459.788946821438,19880.0,19875.162703886253,ok,0.0005352603351735275,14341.42746298051,ok,-84.78847350072101,68.97930512572901,-0.1206825595271758,-66.31258546932622,61.102935791015625,-0.09438514709472676,1.5934355051406113,0.02971408501148104,0.011382457714584297
747,0,101.24596666666666,Forward,0.09908099768938308,459.7250121944817,19880.0,19874.92646983164,ok,0.0005308519937912727,14341.45158395734,ok,-85.02470755533432,68.9789688850918,-0.12101880016438898,-66.28846449249613,61.102970123291016,-0.09435081481933645,1.5934355051406113,0.029323138107688662,0.011382457714584297
748,0,101.38235,Forward,0.09927604384975924,459.61799737213005,19860.0,19874.735735573293,ok,0.0005310291228167876,14341.976885230533,ok,-85.21544181368154,68.97869740599168,-0.12129027926451295,-65.76316321930244,61.10371780395508,-0.09360313415527355,1.5934355051406113,0.027860278090939758,0.011382457714584297
749,0,101.51848333333334,Forward,0.09911474089883072,459.9099904105169,19880.0,19874.53585137039,ok,0.0005206934674207512,14341.976885230533,ok,-85.415326016584,68.97841290343821,-0.12157478181797753,-65.76316321930244,61.10371780395508,-0.09360313415527355,1.5934355051406113,0.027575775537475186,0.011382457714584297
750,0,101.6538,Forward,0.09922175714517645,460.10814641370234,19875.0,19874.58603990359,ok,0.000528143394226712,14341.976885230533,ok,-85.3651374833862,68.9784843386274,-0.12150334662879261,-65.76316321930244,61.10371780395508,-0.09360313415527355,1.5934355051406113,0.0276472107266601,0.011382457714584297
751,0,101.7894,Forward,0.0992598358874176,460.0333789829201,19870.0,19874.46840613402,ok,0.0005214441108420822,14341.706194268327,ok,-85.48277125295499,68.97831690614734,-0.12167077910884865,-66.03385418150901,61.10333251953125,-0.09398841857910134,1.5934355051406113,0.028093704127108918,0.011382457714584297
752,0,101.92443333333334,Forward,0.09942084350405364,460.157648120723,19870.0,19874.52759908647,ok,0.0005343190540515394,14341.55610819027,ok,-85.42357830050605,68.97840115765834,-0.12158652759785231,-66.18394025956513,61.103118896484375,-0.09420204162597756,1.5934355051406113,0.02851835018571415,0.011382457714584297
753,0,102.06106666666666,Forward,0.09927638607716333,460.4012823696539,19865.0,19874.296323668175,ok,0.0005226325462503689,14341.545387756125,ok,-85.65485371879913,68.97807197483097,-0.121915710425222,-66.19466069371083,61.10310363769531,-0.09421730041503848,1.5934355051406113,0.028213481254599562,0.011382457714584297
754,0,102.19613333333334,Forward,0.09913258867818589,459.96465780312064,19875.0,19874.74783100426,ok,0.0005225800859254656,14341.50786623661,ok,-85.20334638271379,68.9787146218644,-0.1212730633917946,-66.23218221322531,61.103050231933594,-0.09427070617675819,1.5934355051406113,0.028941226924930216,0.011382457714584297
755,0,102.33251666666666,Forward,0.09924267469039005,460.0746572949938,19880.0,19874.684430574085,ok,0.0005338861157542659,14341.50786623661,ok,-85.26674681288932,68.97862438169527,-0.12136330356092138,-66.23218221322531,61.103050231933594,-0.09427070617675819,1.5934355051406113,0.02885098675580343,0.011382457714584297
756,0,102.46755,Forward,0.0992944434896492,460.609264332219,19880.0,19874.622648144556,ok,0.0005312392288173062,14341.545387756125,ok,-85.32852924241888,68.9785364444861,-0.12145124077009134,-66.19466069371083,61.10310363769531,-0.09421730041503848,1.5934355051406113,0.028677950909730215,0.011382457714584297
757,0,102.60285,Forward,0.09923212068845166,460.12839884694404,19875.0,19874.607801864135,ok,0.0005234259641754012,14341.805358284184,ok,-85.34337552283978,68.97851531322796,-0.12147237202822912,-65.93469016565177,61.10347366333008,-0.0938472747802742,1.5934355051406113,0.02806720766734684,0.011382457714584297
758,0,102.7379,Forward,0.0992881447106011,460.5694586092868,19870.0,19874.561236278336,ok,0.0005291577427705946,14341.869680889065,ok,-85.3899411086386,68.97844903471335,-0.12153865054284392,-65.87036756077032,61.10356521606445,-0.09375572204589831,1.5934355051406113,0.027855045775184814,0.011382457714584297
759,0,102.87348333333334,Forward,0.09935579789438775,459.6361874259783,19880.0,19874.621390969907,ok,0.0005295181615683835,14341.869680889065,ok,-85.32978641706723,68.97853465510309,-0.12145303015310617,-65.87036756077032,61.10356521606445,-0.09375572204589831,1.5934355051406113,0.027940666164922565,0.011382457714584297
760,0,103.00933333333333,Forward,0.09910189491782068,460.959629801142,19855.0,19874.652151868573,ok,0.000531329236480421,14341.805358284184,ok,-85.29902551840132,68.97857843822396,-0.121409247032228,-65.93469016565177,61.10347366333008,-0.0938472747802742,1.5934355051406113,0.028130332663347968,0.011382457714584297
761,0,103.14598333333333,Forward,0.09928784727070972,460.4927788113746,19865.0,19874.647364867746,ok,0.0005209034499702839,14341.802678175647,ok,-85.30381251922881,68.97857162470925,-0.12141606054694844,-65.93737027418865,61.10346984863281,-0.09385108947754008,1.5934355051406113,0.028129597622692334,0.011382457714584297
762,0,103.28155,Forward,0.09929214480042747,459.97385970301184,19855.0,19874.632131034115,ok,0.0005204397200763406,14341.802678175647,ok,-85.319046352859,68.97854994183234,-0.12143774342385372,-65.93737027418865,61.10346984863281,-0.09385108947754008,1.5934355051406113,0.028107914745787055,0.011382457714584297
763,0,103.41658333333334,Forward,0.09928134063288466,460.00479804713905,19865.0,19874.799680696004,ok,0.0005303968112494327,14341.802678175647,ok,-85.15149669097082,68.97878842144176,-0.12119926381442417,-65.93737027418865,61.10346984863281,-0.09385108947754008,1.5934355051406113,0.028346394355216603,0.011382457714584297
764,0,103.55375,Forward,0.09925603249754672,460.21565224330334,19870.0,19874.549482492534,ok,0.0005262041732549322,14341.896481974432,ok,-85.40169489444088,68.97843230511678,-0.12155538013940567,-65.84356647540335,61.10360336303711,-0.09371757507324212,1.5934355051406113,0.027777531437979036,0.011382457714584297
765,0,103.68881666666667,Forward,0.09916464281495097,460.1372597376321,19865.0,19874.54799966544,ok,0.0005270529983993704,14341.896481974432,ok,-85.40317772153503,68.97843019455433,-0.12155749070186386,-65.84356647540335,61.10360336303711,-0.09371757507324212,1.5934355051406113,0.027775420875520845,0.011382457714584297
766,0,103.82411666666667,Forward,0.09923031111194418,459.88729441459145,19875.0,19874.767060505223,ok,0.0005377170109478462,14341.920602951262,ok,-85.18411688175183,68.9787419919219,-0.12124569333430088,-65.81944549857326,61.1036376953125,-0.09368324279785181,1.5934355051406113,0.028032511976504665,0.011382457714584297
767,0,103.95995,Forward,0.09933724245114223,460.6582895818465,19855.0,19874.612794780787,ok,0.0005341110190516916,14341.97956533907,ok,-85.33838260618722,68.97852241983027,-0.12146526542592509,-65.76048311076556,61.103721618652344,-0.09359931945800767,1.5934355051406113,0.027679213455462814,0.011382457714584297
768,0,104.09525,Forward,0.09927355233200996,460.8609392266335,19855.0,19874.562324386807,ok,0.000532953008377361,14341.97956533907,ok,-85.38885300016773,68.97845058345824,-0.12153710179795106,-65.76048311076556,61.103721618652344,-0.09359931945800767,1.5934355051406113,0.027607377083436843,0.011382457714584297
769,0,104.2316,Forward,0.0992275582685512,460.17919366376736,19880.0,19874.68787397249,ok,0.000524433267497416,14341.97956533907,ok,-85.26330341448556,68.97862928281114,-0.1213584024450541,-65.76048311076556,61.103721618652344,-0.09359931945800767,1.5934355051406113,0.02778607643633381,0.011382457714584297
770,0,104.36743333333334,Forward,0.09918445960934137,460.5627852060243,19875.0,19874.752896692677,ok,0.0005354545672811465,14341.97956533907,ok,-85.19828069429786,68.97872183204544,-0.12126585321075747,-65.76048311076556,61.103721618652344,-0.09359931945800767,1.5934355051406113,0.02787862567063043,0.011382457714584297
771,0,104.50275,Forward,0.09921106411038658,459.8049169910191,19855.0,19874.70163811261,ok,0.0005274029695317585,14341.97956533907,ok,-85.24953927436582,68.9786488738191,-0.12133881143709324,-65.76048311076556,61.103721618652344,-0.09359931945800767,1.5934355051406113,0.027805667444294663,0.011382457714584297
772,0,104.63831666666667,Forward,0.09917045013577672,459.6500118621407,19855.0,19874.588696350325,ok,0.0005317092858613042,14341.853600237844,ok,-85.36248103664911,68.97848811964596,-0.12149956561023852,-65.88644821199159,61.10354232788086,-0.09377861022949358,1.5934355051406113,0.027930601552179066,0.011382457714584297
773,0,104.77423333333333,Forward,0.09923252349475095,460.34833389686537,19870.0,19874.641561167024,ok,0.0005373370385491528,14341.853600237844,ok,-85.30961621995084,68.97856336408809,-0.121424321168103,-65.88644821199159,61.10354232788086,-0.09377861022949358,1.5934355051406113,0.028005845994314577,0.011382457714584297
774,0,104.909,Forward,0.09924164223939716,459.64772863858525,19865.0,19874.759778170475,ok,0.0005256815407079734,14341.958124470777,ok,-85.19139921649912,68.97873162670643,-0.12125605854976415,-65.78192397905877,61.10369110107422,-0.0936298370361321,1.5934355051406113,0.027937048124138136,0.011382457714584297
775,0,105.0459,Forward,0.09924797889365075,459.23885055655774,19865.0,19874.724265766294,ok,0.0005309956258478875,14342.001006207363,ok,-85.22691162068077,68.97868108059262,-0.12130660466357722,-65.73904224247235,61.10375213623047,-0.09356880187988323,1.5934355051406113,0.0277892464252963,0.011382457714584297
776,0,105.1815,Forward,0.09922925885322104,459.82579509716015,19865.0,19874.735032023757,ok,0.0005259619135374724,14342.001006207363,ok,-85.21614536321795,68.9786964046037,-0.12129128065250006,-65.73904224247235,61.10375213623047,-0.09356880187988323,1.5934355051406113,0.027804570436373466,0.011382457714584297
777,0,105.3168,Forward,0.09913797668038432,459.72026561758685,19860.0,19874.827686446595,ok,0.0005295400384647515,14342.001006207363,ok,-85.12349094037927,68.97882828305885,-0.12115940219735143,-65.73904224247235,61.10375213623047,-0.09356880187988323,1.5934355051406113,0.027936448891522095,0.011382457714584297
778,0,105.45211666666667,Forward,0.09919193452427982,460.8463906608886,19865.0,19874.86636230501,ok,0.0005216194941091339,14342.001006207363,ok,-85.08481508196564,68.97888333183366,-0.12110435342252913,-65.73904224247235,61.10375213623047,-0.09356880187988323,1.5934355051406113,0.027991497666344387,0.011382457714584297
779,0,105.58716666666666,Forward,0.09914851699897471,460.1438464796811,19865.0,19874.816722411968,ok,0.0005178160542455569,14341.738355570767,ok,-85.13445497500652,68.97881267754423,-0.12117500771195655,-66.00169287906829,61.10337829589844,-0.09394264221191338,1.5934355051406113,0.02851653383522737,0.011382457714584297
780,0,105.72328333333333,Forward,0.0991957134336716,460.3237017403735,19865.0,19874.899058951785,ok,0.0005376515658321381,14341.738355570767,ok,-85.05211843518919,68.97892987017617,-0.12105781508001605,-66.00169287906829,61.10337829589844,-0.09394264221191338,1.5934355051406113,0.028633726467167872,0.011382457714584297
781,0,105.85991666666666,Forward,0.09914126345566751,459.9191206689975,19870.0,19874.880542846146,ok,0.0005341937307267676,14341.738355570767,ok,-85.0706345408289,68.97890351552054,-0.1210841697356528,-66.00169287906829,61.10337829589844,-0.09394264221191338,1.5934355051406113,0.028607371811531127,0.011382457714584297
782,0,105.99525,Forward,0.09922237285199897,460.0231124597558,19880.0,19874.901293710063,ok,0.0005281865836495903,14341.738355570767,ok,-85.04988367691112,68.97893305099001,-0.12105463426618858,-66.00169287906829,61.10337829589844,-0.09394264221191338,1.5934355051406113,0.02863690728099534,0.011382457714584297
783,0,106.13081666666666,Forward,0.09909599598578608,459.5332354399761,19875.0,19874.93039086786,ok,0.0005186258396378109,14341.877721214676,ok,-85.02078651911506,68.97897446604718,-0.1210132192090138,-65.86232723515968,61.10357666015625,-0.09374427795410067,1.5934355051406113,0.028362241686820486,0.011382457714584297
784,0,106.26558333333334,Forward,0.09910346336611486,459.8052635095628,19875.0,19874.92665295668,ok,0.000537359257948692,14342.014406750048,ok,-85.02452443029324,68.97896914574042,-0.12101853951576827,-65.72564169978796,61.1037712097168,-0.09354972839355384,1.5934355051406113,0.028046919202781184,0.011382457714584297
785,0,106.40141666666666,Forward,0.09915904383759183,460.1038163934463,19860.0,19875.07860842056,ok,0.0005256066025742503,14341.877721214676,ok,-84.87256896641338,68.97918542955304,-0.12080225570314597,-65.86232723515968,61.10357666015625,-0.09374427795410067,1.5934355051406113,0.028573205192688314,0.011382457714584297
786,0,106.53753333333333,Forward,0.09916235390476846,459.4763252803823,19865.0,19874.955694947883,ok,0.0005178513796694005,14341.505186128074,ok,-84.99548243909157,68.97901048227695,-0.12097720297924067,-66.2348623217622,61.10304641723633,-0.09427452087402406,1.5934355051406113,0.029243165811548955,0.011382457714584297
787,0,106.67338333333333,Forward,0.09903626119210598,460.91369585424763,19860.0,19875.089409998494,ok,0.000525803533736233,14341.607030252468,ok,-84.86176738848008,68.97920080383705,-0.12078688141914129,-66.13301819736807,61.10319137573242,-0.09412956237793106,1.5934355051406113,0.02920250535720198,0.011382457714584297
788,0,106.8095,Forward,0.09919073954151375,459.95310750144927,19865.0,19875.1273860803,ok,0.0005217401783351942,14341.607030252468,ok,-84.82379130667323,68.97925485659404,-0.12073282866215629,-66.13301819736807,61.10319137573242,-0.09412956237793106,1.5934355051406113,0.02925655811418698,0.011382457714584297
789,0,106.9454,Forward,0.09905187634372933,459.7022206767033,19870.0,19875.10997451469,ok,0.0005184068795242177,14341.607030252468,ok,-84.84120287228507,68.97923007407093,-0.12075761118525943,-66.13301819736807,61.10319137573242,-0.09412956237793106,1.5934355051406113,0.029231775591083836,0.011382457714584297
790,0,107.08095,Forward,0.0990760814192703,459.6002997618234,19875.0,19875.111762279997,ok,0.0005323032417249682,14341.883081431748,ok,-84.83941510697696,68.97923261866319,-0.12075506659300168,-65.85696701808774,61.10358428955078,-0.0937366485595715,1.5934355051406113,0.02860823735470709,0.011382457714584297
791,0,107.21626666666667,Forward,0.09896146399512307,459.75054951869606,19875.0,19875.012639110653,ok,0.0005181614281227999,14341.883081431748,ok,-84.9385382763212,68.9790915330027,-0.12089615225348131,-65.85696701808774,61.10358428955078,-0.0937366485595715,1.5934355051406113,0.028467151694227463,0.011382457714584297
792,0,107.35158333333334,Forward,0.09914178328406402,460.226849596027,19860.0,19875.152474913946,ok,0.000522977637942683,14341.942043819556,ok,-84.79870247302824,68.9792905664557,-0.12069711880048738,-65.79800463028005,61.103668212890625,-0.09365272521972737,1.5934355051406113,0.028532458717803758,0.011382457714584297
793,0,107.48661666666666,Forward,0.09914330377000673,459.6360264945142,19875.0,19875.01531085335,ok,0.0005313122056699889,14342.19933423908,ok,-84.93586653362581,68.97909533579256,-0.12089234946362598,-65.54071421075605,61.104034423828125,-0.09328651428222638,1.5934355051406113,0.027753694544480262,0.011382457714584297
794,0,107.62278333333333,Forward,0.09908551998477719,459.543146822969,19860.0,19875.02059162427,ok,0.0005401589711638895,14342.26365684396,ok,-84.93058576270414,68.97910285210847,-0.12088483314773077,-65.47639160587642,61.1041259765625,-0.09319496154785308,1.5934355051406113,0.027615327482832353,0.011382457714584297
795,0,107.7586,Forward,0.09910605881812393,460.0731444210214,19880.0,19875.05837919906,ok,0.0005267653921897275,14342.27169716957,ok,-84.89279818791329,68.97915663655647,-0.12083104869972976,-65.46835128026578,61.1041374206543,-0.09318351745605544,1.5934355051406113,0.027650876508638914,0.011382457714584297
796,0,107.8939,Forward,0.09905618689186918,459.8440866539786,19865.0,19875.15304254258,ok,0.0005278626881510616,14342.27169716957,ok,-84.79813484439364,68.97929137438246,-0.1206963108737297,-65.46835128026578,61.1041374206543,-0.09318351745605544,1.5934355051406113,0.02778561433463897,0.011382457714584297
797,0,108.02868333333333,Forward,0.09909333520906405,459.6333421434283,19880.0,19875.18202519649,ok,0.0005196987549708747,14342.27169716957,ok,-84.76915219048533,68.97933262646202,-0.12065505879415882,-65.46835128026578,61.1041374206543,-0.09318351745605544,1.5934355051406113,0.027826866414209853,0.011382457714584297
798,0,108.16506666666666,Forward,0.09894240051312961,460.0656154348726,19870.0,19875.147458818275,ok,0.0005311828548593114,14342.148412176883,ok,-84.80371856869897,68.97928342686185,-0.12070425839434233,-65.59163627295311,61.10396194458008,-0.09335899353027288,1.5934355051406113,0.0280572766209871,0.011382457714584297
799,0,108.30118333333333,Forward,0.0990165377004669,459.8639101113986,19860.0,19875.22473938617,ok,0.0005277369914685732,14341.992965881753,ok,-84.7264380008055,68.9793934231426,-0.12059426211359767,-65.74708256808299,61.10374069213867,-0.09358024597168087,1.5934355051406113,0.028519824397470278,0.011382457714584297
800,0,108.43675,Forward,0.09904916108083103,459.64507301058256,19865.0,19875.08557011869,ok,0.0005277588765328997,14341.992965881753,ok,-84.86560726828611,68.97919533839459,-0.12079234686160223,-65.74708256808299,61.10374069213867,-0.09358024597168087,1.5934355051406113,0.028321739649465716,0.011382457714584297
801,0,108.57206666666667,Forward,0.09907832779976557,459.5621955079587,19865.0,19875.132065247384,ok,0.0005373665676156011,14341.992965881753,ok,-84.81911213959029,68.97926151662502,-0.12072616863117909,-65.74708256808299,61.10374069213867,-0.09358024597168087,1.5934355051406113,0.028387917879888855,0.011382457714584297
802,0,108.7079,Forward,0.09907098917881678,458.95371223143957,19855.0,19875.379200057294,ok,0.0005275685500019436,14342.116250874442,ok,-84.57197732968052,68.97961327270903,-0.12037441254716469,-65.62379757539384,61.10391616821289,-0.09340476989746083,1.5934355051406113,0.02846006415693836,0.011382457714584297
803,0,108.8438,Forward,0.09900685855841605,459.93301252422316,19865.0,19875.27192804266,ok,0.0005249229545078108,14342.116250874442,ok,-84.67924934431358,68.97946058849669,-0.12052709675949978,-65.62379757539384,61.10391616821289,-0.09340476989746083,1.5934355051406113,0.028307379944603264,0.011382457714584297
804,0,108.97936666666666,Forward,0.09909705097241064,459.2147524160573,19870.0,19875.208869724473,ok,0.0005256555503817172,14342.116250874442,ok,-84.74230766250184,68.97937083526817,-0.1206168499880253,-65.62379757539384,61.10391616821289,-0.09340476989746083,1.5934355051406113,0.02821762671607775,0.011382457714584297
805,0,109.1147,Forward,0.09907055209960308,459.8753889195832,19870.0,19875.20136179503,ok,0.0005250905242072322,14342.116250874442,ok,-84.74981559194566,68.97936014895546,-0.12062753630073526,-65.62379757539384,61.10391616821289,-0.09340476989746083,1.5934355051406113,0.028206940403367783,0.011382457714584297
806,0,109.25053333333334,Forward,0.09898704533100026,459.13428832199133,19880.0,19875.296505813443,ok,0.0005127356981349469,14342.102850331758,ok,-84.65467157353123,68.97949557094375,-0.1204921143124404,-65.63719811807823,61.10389709472656,-0.09342384338379023,1.5934355051406113,0.028372754761986738,0.011382457714584297
807,0,109.38651666666667,Forward,0.09899886770964739,460.1207021853661,19860.0,19875.28762349398,ok,0.0005323016728142906,14342.102850331758,ok,-84.66355389299497,68.97948292841107,-0.12050475684512396,-65.63719811807823,61.10389709472656,-0.09342384338379023,1.5934355051406113,0.02836011222930318,0.011382457714584297
808,0,109.52155,Forward,0.09907144548364599,459.5631379319275,19865.0,19875.382772716934,ok,0.0005214289913011656,14342.102850331758,ok,-84.56840467004076,68.97961835780717,-0.1203693274490158,-65.63719811807823,61.10389709472656,-0.09342384338379023,1.5934355051406113,0.028495541625411347,0.011382457714584297
809,0,109.65715,Forward,0.09899746711618743,459.50170420247014,19880.0,19875.308585875107,ok,0.0005310055918202296,14342.2154148903,ok,-84.64259151186707,68.97951276494078,-0.12047492031541833,-65.5246335595366,61.10405731201172,-0.0932636260986337,1.5934355051406113,0.028134652848303146,0.011382457714584297
810,0,109.79418333333334,Forward,0.09895414204116446,459.93645715703315,19860.0,19875.19627030423,ok,0.0005284493365981056,14342.421783247626,ok,-84.75490708274447,68.97935290204893,-0.12063478320725497,-65.31826520220966,61.10435104370117,-0.09296989440917922,1.5934355051406113,0.0275067474535048,0.011382457714584297
811,0,109.93028333333334,Forward,0.09894419281130465,459.37685001788486,19865.0,19875.325600028267,ok,0.0005314802570559083,14342.421783247626,ok,-84.62557735870723,68.97953698181209,-0.12045070344410623,-65.31826520220966,61.10435104370117,-0.09296989440917922,1.5934355051406113,0.027690827216653544,0.011382457714584297
812,0,110.06533333333333,Forward,0.0989514263459425,459.66100914670096,19875.0,19875.32456432128,ok,0.0005271501741973689,14342.421783247626,ok,-84.62661306569498,68.97953550765216,-0.12045217760403672,-65.31826520220966,61.10435104370117,-0.09296989440917922,1.5934355051406113,0.027689353056723057,0.011382457714584297
813,0,110.20116666666667,Forward,0.09906258606377652,459.74047581421473,19860.0,19875.20781173826,ok,0.0005230394796633942,14342.421783247626,ok,-84.74336564871555,68.9793693293974,-0.12061835585879928,-65.31826520220966,61.10435104370117,-0.09296989440917922,1.5934355051406113,0.027523174801960495,0.011382457714584297
814,0,110.3369,Forward,0.09901796285234601,459.6737502258038,19870.0,19875.315477089516,ok,0.0005307749819867107,14342.118930982979,ok,-84.63570029745824,68.97952257346024,-0.12046511179594899,-65.62111746685696,61.103919982910156,-0.09340095520019495,1.5934355051406113,0.028363286434089252,0.011382457714584297
815,0,110.47273333333334,Forward,0.09915765153865697,459.41946083999574,19870.0,19875.081958936767,ok,0.0005255820164480138,14341.850920129309,ok,-84.86921845020697,68.97919019846626,-0.1207974867899337,-65.88912832052665,61.103538513183594,-0.09378242492675687,1.5934355051406113,0.028638758846544585,0.011382457714584297
816,0,110.60751666666667,Forward,0.09903207293188715,459.69313660029,19865.0,19875.234488397284,ok,0.0005297861414593283,14342.118930982979,ok,-84.71668898969074,68.97940729926945,-0.12058038598674206,-65.62111746685696,61.103919982910156,-0.09340095520019495,1.5934355051406113,0.028248012243296178,0.011382457714584297
817,0,110.74415,Forward,0.09909002099401595,459.6564687971586,19865.0,19874.97998726354,ok,0.000538479287326746,14342.118930982979,ok,-84.97119012343319,68.97904505842521,-0.12094262683098071,-65.62111746685696,61.103919982910156,-0.09340095520019495,1.5934355051406113,0.027885771399057527,0.011382457714584297
818,0,110.87946666666667,Forward,0.09909185640277504,459.4633400906896,19855.0,19875.229011846855,ok,0.000528022754245401,14341.850920129309,ok,-84.72216554011902,68.97939950429337,-0.12058818096282521,-65.88912832052665,61.103538513183594,-0.09378242492675687,1.5934355051406113,0.02884806467365307,0.011382457714584297
819,0,111.0148,Forward,0.09906343831618161,459.41962850362324,19850.0,19875.13603808583,ok,0.0005277806398716805,14342.354780534208,ok,-84.81513930114306,68.97926717131242,-0.12072051394378346,-65.38526791562799,61.10425567626953,-0.09306526184082099,1.5934355051406113,0.02757297856858841,0.011382457714584297
820,0,111.15011666666666,Forward,0.09913452587420019,459.88703164713297,19855.0,19875.15360277929,ok,0.0005206306317874071,14342.354780534208,ok,-84.79757460768451,68.97929217178802,-0.12069551346817199,-65.38526791562799,61.10425567626953,-0.09306526184082099,1.5934355051406113,0.027597979044199875,0.011382457714584297
821,0,111.28623333333333,Forward,0.09902566652860562,459.76994442474825,19855.0,19875.036298080457,ok,0.0005343161431485399,14342.389621945185,ok,-84.91487930651783,68.97912520768648,-0.12086247756972111,-65.35042650465039,61.104305267333984,-0.09301567077636716,1.5934355051406113,0.027351994779812275,0.011382457714584297
822,0,111.4226,Forward,0.09899396376623888,459.91078816925074,19865.0,19874.916990550726,ok,0.0005279618910986181,14342.089449789075,ok,-85.03418683624841,68.97895539288189,-0.12103229237430807,-65.6505986607608,61.103878021240234,-0.09344291687011702,1.5934355051406113,0.027862969070439003,0.011382457714584297
823,0,111.55845,Forward,0.0990996203498232,459.8415565380965,19855.0,19874.908966442712,ok,0.000518973357397534,14342.089449789075,ok,-85.04221094426248,68.97894397187319,-0.12104371338300275,-65.6505986607608,61.103878021240234,-0.09344291687011702,1.5934355051406113,0.027851548061744322,0.011382457714584297
824,0,111.69401666666667,Forward,0.09909925362489062,460.03359489171635,19880.0,19874.766801788475,ok,0.0005320637700762194,14342.089449789075,ok,-85.18437559849917,68.9787416236808,-0.12124606157538333,-65.6505986607608,61.103878021240234,-0.09344291687011702,1.5934355051406113,0.027649199869363747,0.011382457714584297
825,0,111.83038333333333,Forward,0.0991913181099078,459.94063244412246,19870.0,19874.729681125944,ok,0.0005215614251127469,14341.939363711019,ok,-85.22149626103055,68.9786887884736,-0.12129889678258392,-65.80068473881693,61.10366439819336,-0.09365653991699324,1.5934355051406113,0.027936759209772025,0.011382457714584297
826,0,111.9663,Forward,0.09924325604270487,460.2554265801773,19880.0,19874.757700741437,ok,0.0005278558550008905,14341.939363711019,ok,-85.19347664553788,68.9787286698251,-0.12125901543108637,-65.80068473881693,61.10366439819336,-0.09365653991699324,1.5934355051406113,0.02797664056126957,0.011382457714584297
827,0,112.10165,Forward,0.09924906190459051,460.00690223184574,19870.0,19874.64386059092,ok,0.0005289648367983046,14341.939363711019,ok,-85.30731679605378,68.97856663694287,-0.12142104831331653,-65.80068473881693,61.10366439819336,-0.09365653991699324,1.5934355051406113,0.027814607679039413,0.011382457714584297
828,0,112.23645,Forward,0.0992218535886677,460.48803692432193,19860.0,19874.706919011685,ok,0.000520885609724993,14341.939363711019,ok,-85.24425837528906,68.9786563903174,-0.12133129493879018,-65.80068473881693,61.10366439819336,-0.09365653991699324,1.5934355051406113,0.027904361053565765,0.011382457714584297
829,0,112.37228333333333,Forward,0.09930477127184248,460.27359786258603,19855.0,19874.698291892415,ok,0.0005188560894250893,14341.540027539051,ok,-85.25288549455945,68.97864411102056,-0.12134357423563219,-66.20002091078459,61.10309600830078,-0.09422492980957024,1.5934355051406113,0.02879777439231901,0.011382457714584297
