scan_index,channel_id,time_min,direction,DipDepth,CentroidWidthMotor,RawMinimumMotor,SPRMotor,SPRQuality,TIREdgeSlope,TIRTemplateRelativeRMSE,TIRMotor,TIRQuality,DeltaSPRMotor,SPRAngleEmpirical,DeltaSPRAngle,DeltaTIRMotor,TIRAngleEmpirical,DeltaTIRAngle,BulkSensitivity,PureKineticsCandidate,AngleCalibrationRMSEDeg
0,0,0.14448333333333332,Forward,0.10315902610548275,469.06363359829993,19855.0,19863.12624159238,ok,0.0005255286635390886,2.8468200768348908e-11,14482.00478084577,ok,-96.82493579459333,68.9621731852977,-0.13781449995849515,-61.785376991807425,61.303024669031586,-0.08794140440161823,1.5934355051406113,0.0023144561869721525,0.011382457714584297
1,0,0.28031666666666666,Forward,0.10343077994856123,470.03257244188353,19865.0,19862.47206653132,ok,0.0005270624797526219,0.0021066963498359366,14480.839857788944,ok,-97.47911085565283,68.96124207382124,-0.13874561143494882,-62.950300048632926,61.30136659110724,-0.08959948232595694,1.5934355051406113,0.004025384945449656,0.011382457714584297
2,0,0.4159,Forward,0.10365821453052954,470.3892785399221,19850.0,19862.395004381822,ok,0.0005234121014766579,0.0018704311561509276,14480.786495301023,ok,-97.55617300515223,68.96113238842345,-0.1388552968327426,-63.00366253655375,61.301290638311315,-0.08967543512188701,1.5934355051406113,0.004036725429405558,0.011382457714584297
3,0,0.5517166666666666,Forward,0.10365544067864256,469.9860226342171,19865.0,19862.12344806856,ok,0.0005198700524610066,0.0014139852734090495,14480.32366055794,ok,-97.82772931841464,68.96074587231357,-0.13924181294262386,-63.466497279636314,61.30063186856199,-0.09033420487120715,1.5934355051406113,0.004699916427803569,0.011382457714584297
4,0,0.6867666666666666,Forward,0.1036413191979351,470.4220668758462,19835.0,19862.084430593306,ok,0.0005210576372469291,0.0008141540007209061,14480.61597642456,ok,-97.86674679366843,68.9606903373029,-0.13929734795328633,-63.17418141301641,61.301047932509334,-0.08991814092386183,1.5934355051406113,0.003981410351032111,0.011382457714584297
5,0,0.82235,Forward,0.10379735066945908,470.41143643528267,19850.0,19861.938832297325,ok,0.0005215784986393061,0.0019649448252632607,14479.996255752107,ok,-98.0123450896499,68.96048310188166,-0.13950458337452185,-63.79390208547011,61.300165861234134,-0.09080021219906857,1.5934355051406113,0.005179698617775674,0.011382457714584297
6,0,0.9581833333333334,Forward,0.10378973342748485,470.3969378887814,19850.0,19861.966602914115,ok,0.0005272130601702684,0.0015164691545416636,14480.50015083395,ok,-97.9845744728591,68.96052262882414,-0.13946505643205442,-63.29000700362667,61.30088307367704,-0.09008299975615905,1.5934355051406113,0.004076393788982446,0.011382457714584297
7,0,1.0948333333333333,Forward,0.10381622952367844,470.53421568244084,19855.0,19861.87073682392,ok,0.0005323741805571633,0.0018113692103245698,14480.267300468478,ok,-98.08044056305516,68.96038617908447,-0.13960150617173073,-63.52285736909835,61.3005516491693,-0.09041442426389855,1.5934355051406113,0.004468047627212007,0.011382457714584297
8,0,1.2304333333333333,Forward,0.10390547904830943,471.2037584781501,19855.0,19861.6335049639,ok,0.0005251996557513396,0.002470847507845072,14480.166320312923,ok,-98.31767242307615,68.96004851823403,-0.1399391670221585,-63.623837524653936,61.300407920391905,-0.0905581530412989,1.5934355051406113,0.00435940931380438,0.011382457714584297
9,0,1.3668,Forward,0.10398106964200773,471.05759447467426,19855.0,19861.731967919997,ok,0.0005251863237074826,0.0020280859675538727,14480.49841409355,ok,-98.21920946697719,68.96018866418866,-0.13979902106752548,-63.29174374402646,61.30088060171042,-0.09008547172278408,1.5934355051406113,0.0037463680728992144,0.011382457714584297
10,0,1.5034,Forward,0.1039695597395905,470.51330961784697,19855.0,19861.519169388434,ok,0.0005321875926550447,0.0012787897839191835,14480.039292537056,ok,-98.43200799854094,68.95988578019521,-0.14010190506097914,-63.75086530052067,61.30022711707643,-0.09073895635676975,1.5934355051406113,0.00448476969730216,0.011382457714584297
11,0,1.63895,Forward,0.10402328018178081,470.69576330538985,19855.0,19861.704296072636,ok,0.0005240153744880824,0.001799942342763403,14480.136126186067,ok,-98.24688131433868,68.96014927782836,-0.13983840742782364,-63.654031651509285,61.30036494397823,-0.09060112945496863,1.5934355051406113,0.004528649051564221,0.011382457714584297
12,0,1.7745166666666667,Forward,0.10397968956260958,470.9595547092431,19855.0,19861.45689865461,ok,0.0005276494730449745,0.0015518590235890143,14480.158931677299,ok,-98.49427873236345,68.95979714796454,-0.14019053729164754,-63.63122616027795,61.300397403874484,-0.09056866955871812,1.5934355051406113,0.004124796436561551,0.011382457714584297
13,0,1.9103666666666668,Forward,0.10398237955101464,471.04871622844075,19855.0,19861.210114634658,ok,0.0005228310001560213,0.0016137057463341267,14480.4049686084,ok,-98.7410627523168,68.9594458911728,-0.1405417940833873,-63.38518922917683,61.30074759730712,-0.09021847612607846,1.5934355051406113,0.0032155289955867195,0.011382457714584297
14,0,2.0468166666666665,Forward,0.10403690779177815,470.51005251827155,19850.0,19861.183376457,ok,0.0005258281128622993,0.0016350875295366113,14480.246947866295,ok,-98.76780092997433,68.95940783373901,-0.14057985151718194,-63.54320997128161,61.30052268056045,-0.09044339287275661,1.5934355051406113,0.0035358618916497553,0.011382457714584297
15,0,2.1837,Forward,0.10394163091915588,470.91971756246494,19855.0,19861.440979164363,ok,0.0005267943171159041,0.0018631467278955873,14479.947576898361,ok,-98.5101982226115,68.9597744891673,-0.14021319608888944,-63.84258093921562,61.30009657482736,-0.09086949860584423,1.5934355051406113,0.004581489323988025,0.011382457714584297
16,0,2.3187166666666665,Forward,0.10410307326706192,470.8131818715956,19850.0,19861.23736945707,ok,0.0005300278762952378,0.0013003203532399336,14480.086777715154,ok,-98.71380792990385,68.95948468396612,-0.1405030012900694,-63.70338012242246,61.30029470448066,-0.09067136895254024,1.5934355051406113,0.003975977298612293,0.011382457714584297
17,0,2.4539833333333334,Forward,0.10405940680857938,470.6740738316621,19840.0,19861.197603862605,ok,0.0005298365546772999,0.0023770280034725207,14480.136908687198,ok,-98.75357352436913,68.95942808412981,-0.14055960112638027,-63.65324915037854,61.30036605774093,-0.09060001569226726,1.5934355051406113,0.0038056806439749347,0.011382457714584297
18,0,2.5890166666666667,Forward,0.1041699886765291,470.96176922005907,19855.0,19861.125916786415,ok,0.0005126143394782467,0.00201169598371012,14479.987880458155,ok,-98.82526060055898,68.95932604927198,-0.1406616359842143,-63.80227737942187,61.30015394036955,-0.09081213306365263,1.5934355051406113,0.004041641136963425,0.011382457714584297
19,0,2.7235833333333335,Forward,0.10417916935793214,470.5116808133571,19865.0,19860.99599233147,ok,0.000523201856279691,0.0012873489513130789,14479.759032850236,ok,-98.95518505550353,68.9591411230064,-0.14084656224978445,-64.03112498734117,61.29982821313417,-0.09113786029903137,1.5934355051406113,0.004375740213237056,0.011382457714584297
20,0,2.8588833333333334,Forward,0.10411821541520269,471.58143443346125,19855.0,19861.09148893087,ok,0.0005405366225764536,0.0019828560335233953,14479.769585795928,ok,-98.85968845610478,68.9592770468362,-0.1407106384199789,-64.02057204164885,61.29984323353074,-0.09112283990245953,1.5934355051406113,0.00448773000984376,0.011382457714584297
21,0,2.9933833333333335,Forward,0.1041714420768011,470.94432670499737,19845.0,19860.84868575974,ok,0.0005237391182638065,0.0015012784518777145,14480.028363738596,ok,-99.10249162723267,68.95893145613334,-0.14105622912285648,-63.76179409898032,61.30021156171476,-0.09075451171843875,1.5934355051406113,0.0035552321010035026,0.011382457714584297
22,0,3.127883333333333,Forward,0.10419050396833054,470.8875807986915,19840.0,19860.97940469131,ok,0.0005345303232677755,0.0018573529317309973,14480.027445359106,ok,-98.971772695666,68.95911751320676,-0.1408701720494267,-63.76271247847035,61.30021025455139,-0.09075581888181719,1.5934355051406113,0.0037433720549714944,0.011382457714584297
23,0,3.2629333333333332,Forward,0.10426494600108077,470.7946537890639,19865.0,19860.8446961855,ok,0.0005329773208540214,0.002304946050911737,14480.049378040354,ok,-99.1064812014738,68.95892577762527,-0.14106190763092444,-63.740779797222785,61.30024147214501,-0.09072460128818724,1.5934355051406113,0.003501893251398741,0.011382457714584297
24,0,3.3979833333333334,Forward,0.10424201152475734,470.90027302366434,19855.0,19860.816482034377,ok,0.0005249659616966436,0.0020120850331965846,14479.76139803184,ok,-99.13469535259719,68.95888561938403,-0.1411020658721555,-64.02875980573663,61.29983157958432,-0.09113449384887608,1.5934355051406113,0.004114872369662265,0.011382457714584297
25,0,3.5335833333333335,Forward,0.10421974994741351,471.2464955715732,19855.0,19860.82481768974,ok,0.0005226215958061107,0.002040458061140729,14479.983481345977,ok,-99.12635969723488,68.95889748382956,-0.14109020142663684,-63.80667649160023,61.300147678951035,-0.09081839448216168,1.5934355051406113,0.0036230528611057577,0.011382457714584297
26,0,3.668083333333333,Forward,0.1042872725183086,471.3226747988592,19855.0,19860.807806215587,ok,0.0005281267826129743,0.0018208977519741675,14479.630407352204,ok,-99.14337117138712,68.95887327077138,-0.14111441448481868,-64.15975048537257,61.299645135721846,-0.09132093771134915,1.5934355051406113,0.004399610027179257,0.011382457714584297
27,0,3.803383333333333,Forward,0.104090985536681,471.0654302140174,19845.0,19860.811276398403,ok,0.0005257266281544967,0.001111956572898772,14479.775576096114,ok,-99.13990098857175,68.95887821001048,-0.14110947524571113,-64.01458174146319,61.29985175974579,-0.09111431368741056,1.5934355051406113,0.004075307210328033,0.011382457714584297
28,0,3.9384166666666665,Forward,0.10428654733008764,471.4997504158491,19855.0,19860.73627003812,ok,0.0005307662878934585,0.0020853261830679095,14479.895693722327,ok,-99.21490734885447,68.95877145069325,-0.14121623456293905,-63.89446411525023,61.30002272759056,-0.09094334584264113,1.5934355051406113,0.0036961216590071233,0.011382457714584297
29,0,4.072666666666667,Forward,0.10422891324209879,471.6395261293619,19870.0,19860.74638054772,ok,0.0005363116072204005,0.0020753376688892535,14479.798810584873,ok,-99.20479683925441,68.95878584135423,-0.14120184390196497,-63.991347252704145,61.299884830250036,-0.09108124318316657,1.5934355051406113,0.003930242838438902,0.011382457714584297
30,0,4.2077,Forward,0.10418751251759749,471.87918989919854,19850.0,19860.64359762954,ok,0.0005343113043448801,0.0009636924208155365,14479.714598696499,ok,-99.30757975743472,68.95863954663834,-0.14134813861785658,-64.07555914107797,61.299764968365366,-0.09120110506783047,1.5934355051406113,0.003974940305283808,0.011382457714584297
31,0,4.3422,Forward,0.1043596563531341,470.92537244976484,19855.0,19860.66383973838,ok,0.0005241592315407945,0.0011100663468543582,14479.52259040787,ok,-99.28733764859498,68.95866835797794,-0.141319327278247,-64.2675674297061,61.29949167589099,-0.09147439754221236,1.5934355051406113,0.004439225576861244,0.011382457714584297
32,0,4.478316666666666,Forward,0.10431331209899136,471.3155580068269,19860.0,19860.609147064733,ok,0.0005386042559587344,0.001992979172007128,14480.136655584465,ok,-99.34203032224104,68.95859051187963,-0.14139717337654875,-63.65350225311158,61.300365697490484,-0.09060037594271624,1.5934355051406113,0.0029686824296625836,0.011382457714584297
33,0,4.6134,Forward,0.1042717894397347,471.74434638686216,19865.0,19860.61800062833,ok,0.0005284752528222792,0.000897611433957424,14479.370842323846,ok,-99.333176758646,68.95860311348304,-0.141384571773153,-64.41931551373091,61.29927568724976,-0.0916903861834432,1.5934355051406113,0.004718145051599537,0.011382457714584297
34,0,4.748683333333333,Forward,0.10423180838695348,472.089918563066,19840.0,19860.550406854967,ok,0.0005367815151155058,0.0023963867708447165,14479.721478710717,ok,-99.4007705320073,68.958506904774,-0.1414807804821973,-64.06867912685993,61.299774760943194,-0.09119131249000549,1.5934355051406113,0.0038266945997499358,0.011382457714584297
35,0,4.884,Forward,0.104344272086698,471.2090532888069,19865.0,19860.383791392633,ok,0.0005243590297284216,0.0009210306479708634,14479.601604468307,ok,-99.56738599434175,68.95826975484522,-0.1417179304109686,-64.18855336926936,61.299604139515566,-0.09136193391763654,1.5934355051406113,0.003861418911703718,0.011382457714584297
36,0,5.019033333333334,Forward,0.10435016455579843,471.22873027696915,19860.0,19860.526514159974,ok,0.0005203886313780314,0.001301153583564105,14479.568317959105,ok,-99.42466322700056,68.95847289742056,-0.1415147878356351,-64.22183987847166,61.299556761600115,-0.0914093118330819,1.5934355051406113,0.00414005513966742,0.011382457714584297
37,0,5.1538,Forward,0.10433980394379938,471.8214094596842,19875.0,19860.411741282223,ok,0.0005312747636820425,0.0018178455232652033,14479.79629326989,ok,-99.53943610475108,68.95830953695327,-0.1416781483029174,-63.993864567686614,61.29988124726283,-0.0910848261703661,1.5934355051406113,0.0034596476965046974,0.011382457714584297
38,0,5.288833333333334,Forward,0.10442528371577534,471.49114521633965,19850.0,19860.409026765814,ok,0.000529883489722625,0.002047217765154361,14479.492750261574,ok,-99.54215062116054,68.95830567328201,-0.14168201197417657,-64.29740757600302,61.29944920331089,-0.091516870122306,1.5934355051406113,0.0041442181980478054,0.011382457714584297
39,0,5.42335,Forward,0.10427167885986886,471.91261798543565,19850.0,19860.425379626122,ok,0.0005190658727748408,0.0008752049221524856,14479.728432389245,ok,-99.52579776085258,68.95832894891083,-0.14165873634535495,-64.06172544833134,61.29978465837014,-0.09118141506305213,1.5934355051406113,0.003632967825075273,0.011382457714584297
40,0,5.5584,Forward,0.10418820677092991,472.0158704930145,19840.0,19860.460418574985,ok,0.0005332200399059834,0.0013106810977069117,14479.626385558633,ok,-99.49075881198951,68.95837882113824,-0.14160886411794774,-64.16377227894372,61.29963941135482,-0.09132666207837709,1.5934355051406113,0.0039142818037169735,0.011382457714584297
41,0,5.6931666666666665,Forward,0.10433280506713372,471.7455056390718,19850.0,19860.410496515102,ok,0.000516649833132655,0.001718217580986952,14480.066155171457,ok,-99.54068087187261,68.95830776523036,-0.14167992002584198,-63.724002666120214,61.30026535165409,-0.09070072177910557,1.5934355051406113,0.0028458303988651568,0.011382457714584297
42,0,5.828,Forward,0.10427013766257862,471.17833524290836,19855.0,19860.345183553614,ok,0.0005219993156859793,0.0018489862812062535,14479.946311299322,ok,-99.60599383336012,68.95821480288491,-0.14177288237127855,-63.84384653825509,61.300094773453594,-0.09087129997960545,1.5934355051406113,0.0030246734145080723,0.011382457714584297
43,0,5.964666666666667,Forward,0.10436498681488099,471.07869177995235,19845.0,19860.320942379414,ok,0.000523527340711877,0.0006606000128374671,14479.900221154921,ok,-99.63023500756026,68.95818029952818,-0.14180738572801596,-63.88993668265539,61.30002917165224,-0.09093690178095358,1.5934355051406113,0.0030947022972399596,0.011382457714584297
44,0,6.099966666666667,Forward,0.10428984046113739,471.52793950304476,19850.0,19860.369962952835,ok,0.0005295466297514988,0.002030667466392046,14480.024423852095,ok,-99.58121443413984,68.95825007231716,-0.14173761293903167,-63.76573398548135,61.30020595392908,-0.09076011950411479,1.5934355051406113,0.002882783929629734,0.011382457714584297
45,0,6.235283333333333,Forward,0.1042802509830123,471.354913989966,19860.0,19860.24076590291,ok,0.0005198346225004137,0.0010147340725607124,14479.931994819792,ok,-99.71041148406584,68.95806618139396,-0.1419215038622277,-63.858163017785046,61.30007439628059,-0.09089167715260738,1.5934355051406113,0.002908521634514577,0.011382457714584297
46,0,6.370866666666666,Forward,0.1043458771753351,471.51585622026687,19855.0,19860.420113615997,ok,0.0005227049963517278,0.0015792513688069581,14480.109412998461,ok,-99.5310637709772,68.95832145360453,-0.14166623165166364,-63.680744839115505,61.3003269221137,-0.09063915131950215,1.5934355051406113,0.002761410216643556,0.011382457714584297
47,0,6.504833333333333,Forward,0.10431730558948848,471.6242815365622,19850.0,19860.512630422327,ok,0.0005322322069963467,0.0021196364083273774,14479.678825770256,ok,-99.43854696464768,68.95845313618503,-0.14153454907116486,-64.1113320673212,61.2997140514409,-0.09125202199229629,1.5934355051406113,0.003869662687231934,0.011382457714584297
48,0,6.6406833333333335,Forward,0.10421143737921348,471.89850794007725,19840.0,19860.602372648522,ok,0.0005161259452130993,0.0016248553281406539,14479.410764638238,ok,-99.3488047384526,68.95858086960335,-0.14140681565283889,-64.37939319933866,61.29933251015132,-0.09163356328188378,1.5934355051406113,0.004605357543063765,0.011382457714584297
49,0,6.77545,Forward,0.1043285963172094,471.4764312741172,19865.0,19860.545618216787,ok,0.0005202981005260038,0.0016926943943667138,14479.687901985186,ok,-99.40555917018719,68.95850008892877,-0.14148759632742175,-64.10225585239095,61.29972696995215,-0.09123910348104852,1.5934355051406113,0.003896030616479307,0.011382457714584297
50,0,6.911016666666667,Forward,0.10424981354064325,470.8983237809043,19840.0,19860.653529739397,ok,0.0005314748779401455,0.0015551807881341358,14479.719941767884,ok,-99.29764764757783,68.95865368337638,-0.14133400187981254,-64.07021606969283,61.29977257335581,-0.09119350007738929,1.5934355051406113,0.003976958981542628,0.011382457714584297
51,0,7.045833333333333,Forward,0.10433427247347427,471.1907946098181,19855.0,19860.620577190817,ok,0.0005310126060235366,0.0013478457676791185,14479.818850829726,ok,-99.33060019615732,68.9586067807994,-0.1413809044567941,-63.971307007850555,61.299913354269194,-0.09105271916400892,1.5934355051406113,0.003705731098734677,0.011382457714584297
52,0,7.181966666666667,Forward,0.10428590679205574,471.44057370599694,19855.0,19860.422469583013,ok,0.0005364968216720757,0.0026189550768934773,14479.90644789824,ok,-99.52870780396188,68.95832480693922,-0.14166287831697283,-63.88370993933677,61.30003803440552,-0.09092803902767847,1.5934355051406113,0.0032250874825412446,0.011382457714584297
53,0,7.3167333333333335,Forward,0.10430232353993013,471.5524880017001,19855.0,19860.490652239005,ok,0.0005240225587817471,0.0008993000340300871,14479.668208611227,ok,-99.46052514796975,68.95842185382662,-0.1415658314295746,-64.1219492263499,61.29969893964712,-0.0912671337860766,1.5934355051406113,0.003862459997578116,0.011382457714584297
54,0,7.451233333333334,Forward,0.10427267251498962,471.01543894913266,19840.0,19860.610455871258,ok,0.0005273129554195647,0.001401768920110922,14479.649689978385,ok,-99.34072151571672,68.95859237475221,-0.14139531050398177,-64.14046785919163,61.299672581394425,-0.09129349203877313,1.5934355051406113,0.0040749810988710555,0.011382457714584297
55,0,7.58735,Forward,0.1043494790658491,470.7031236746516,19850.0,19860.63850432153,ok,0.0005273551135605794,0.001055813874024273,14479.857450126663,ok,-99.31267306544396,68.95863229714531,-0.1413553881108789,-63.932707710913746,61.29996829407124,-0.09099777936195855,1.5934355051406113,0.003643704413417409,0.011382457714584297
56,0,7.7224,Forward,0.10426923333404939,471.584692016786,19855.0,19860.78523207125,ok,0.0005211615270019482,0.0014661060084315545,14479.811612368585,ok,-99.16594531572264,68.95884114015969,-0.14114654509650523,-63.9785454689918,61.29990305150065,-0.09106302193255159,1.5934355051406113,0.003956507256220654,0.011382457714584297
57,0,7.857983333333333,Forward,0.10426143197334689,471.07382523619526,19855.0,19860.626651803203,ok,0.0005297437327555219,0.002023952672644813,14479.498681575918,ok,-99.3245255837719,68.95861542701911,-0.14137225823708358,-64.29147626165832,61.29945764556922,-0.0915084278639786,1.5934355051406113,0.004440519740978366,0.011382457714584297
58,0,7.993816666666667,Forward,0.10424932159407782,471.5077398594003,19855.0,19860.636610950874,ok,0.0005172823388940464,0.0016895475138897014,14479.92713641145,ok,-99.3145664361,68.95862960224107,-0.14135808301512082,-63.86302142612658,61.30006748112892,-0.09089859230427454,1.5934355051406113,0.0034829613298113515,0.011382457714584297
59,0,8.129116666666667,Forward,0.10421324447016433,470.8659596456964,19865.0,19860.669919553467,ok,0.0005266724168743425,0.002019456512241042,14479.755449013086,ok,-99.28125783350697,68.95867701160286,-0.1413106736533381,-64.03470882449074,61.29982311212666,-0.09114296130654195,1.5934355051406113,0.003919756936162755,0.011382457714584297
60,0,8.264166666666666,Forward,0.10426603441789295,470.6726499510223,19850.0,19860.725872603653,ok,0.0005205918607905846,0.0010384738496670577,14479.671999090424,ok,-99.22530478332192,68.95875665164154,-0.14123103361465258,-64.11815874715285,61.29970433477588,-0.09126173865732327,1.5934355051406113,0.00418866102278978,0.011382457714584297
61,0,8.399233333333333,Forward,0.10423496134040756,471.0362079704755,19840.0,19860.720355266756,ok,0.0005320649850682658,0.001131114294802792,14480.060487954348,ok,-99.23082212021836,68.95874879861258,-0.1412388866436192,-63.72966988322878,61.300257285295096,-0.0907087881381025,1.5934355051406113,0.0032997170039108514,0.011382457714584297
62,0,8.534,Forward,0.10422244854819282,470.6301386061896,19850.0,19860.790284056133,ok,0.0005229712200331588,0.0012561567000420589,14479.427976866382,ok,-99.16089333084165,68.95884833083598,-0.14113935442021447,-64.3621809711949,61.299357008950054,-0.09160906448314628,1.5934355051406113,0.0048337815199465395,0.011382457714584297
63,0,8.669833333333333,Forward,0.10418451527007395,471.2159169255465,19830.0,19860.818816533116,ok,0.0005311228435289238,0.0019482920272973082,14479.419554343169,ok,-99.1323608538587,68.95888894216213,-0.1410987430940544,-64.37060349440799,61.29934502086232,-0.09162105257087878,1.5934355051406113,0.004893495090738331,0.011382457714584297
64,0,8.805133333333334,Forward,0.10421616610854317,470.33978264440157,19840.0,19860.90914830863,ok,0.0005344376656170947,0.0013103836171719583,14479.937281274617,ok,-99.04202907834406,68.95901751470774,-0.14097017054845187,-63.852876562959864,61.300081920686594,-0.0908841527466028,1.5934355051406113,0.0038478652926076384,0.011382457714584297
65,0,8.94045,Forward,0.10415421283081264,470.5511824040768,19855.0,19860.603066616586,ok,0.0005211320811568294,0.0014182732502571612,14479.721962941425,ok,-99.3481107703883,68.95858185735368,-0.14140582790251421,-64.06819489615191,61.29977545016661,-0.09119062326659064,1.5934355051406113,0.003900548946372817,0.011382457714584297
66,0,9.076033333333333,Forward,0.10411987639537243,471.1576031792101,19855.0,19860.762288068217,ok,0.0005325030942541224,0.002210750670515043,14480.187035083833,ok,-99.18888931875699,68.95880848311448,-0.14117920214171034,-63.603122753744174,61.30043740448886,-0.09052866894434335,1.5934355051406113,0.0030723931873265775,0.011382457714584297
67,0,9.210816666666666,Forward,0.1042521589987596,471.1223264952205,19830.0,19861.005731389225,ok,0.0005246481359754652,0.0012580534195449564,14480.244754684612,ok,-98.94544599774963,68.95915498496628,-0.14083270028991424,-63.545403152964354,61.300519558924115,-0.0904465145090835,1.5934355051406113,0.0032879872450748693,0.011382457714584297
68,0,9.345583333333334,Forward,0.10395368884843223,471.2074701631791,19850.0,19861.42630513183,ok,0.0005343687116710125,0.0014610748287645836,14480.029893916097,ok,-98.52487225514415,68.95975360307594,-0.140234082180259,-63.760263921480146,61.3002137396728,-0.09075233376040238,1.5934355051406113,0.004373908607937099,0.011382457714584297
69,0,9.480616666666666,Forward,0.10372222717772094,470.8644337007936,19840.0,19861.906693706445,ok,0.0005259134111166523,0.0016559444157080098,14480.476626378602,ok,-98.04448368052908,68.96043735784069,-0.13955032741550713,-63.31353145897447,61.300849590452664,-0.0901164829805366,1.5934355051406113,0.004044476164079491,0.011382457714584297
70,0,9.615916666666667,Forward,0.10336734769648348,468.98434127232395,19855.0,19863.2787072158,ok,0.0005179166562299336,0.0019542899793376814,14480.56926513054,ok,-96.67247017117552,68.9623901952392,-0.13759749001699867,-63.22089270703691,61.30098144660284,-0.08998462683035915,1.5934355051406113,0.005787209291324064,0.011382457714584297
71,0,9.7507,Forward,0.10248694880754247,467.3706966662394,19855.0,19865.721361144944,ok,0.0005242015489077978,0.0012626176738891911,14481.52788601042,ok,-94.22981624203021,68.96586691460962,-0.13412077064657787,-62.26227182715593,61.302345887034704,-0.08862018639849731,1.5934355051406113,0.007089780832966824,0.011382457714584297
72,0,9.886816666666666,Forward,0.10090737073795064,463.57233250835634,19855.0,19869.975065747367,ok,0.0005325151509024028,0.0016227640104561612,14483.955510743057,ok,-89.97611163960755,68.97192136915629,-0.1280663160998932,-59.83464709451982,61.30580121479578,-0.08516485863742482,1.5934355051406113,0.007638393443260588,0.011382457714584297
73,0,10.02215,Forward,0.098599474164697,458.3641606603014,19875.0,19876.454546699697,ok,0.0005288461554147447,0.0012920806995648762,14487.297565949044,ok,-83.4966306872775,68.98114385322106,-0.11884383203514441,-56.49259188853284,61.3105580851543,-0.08040798827890608,1.5934355051406113,0.009281111385394655,0.011382457714584297
74,0,10.157716666666667,Forward,0.09559731133191929,451.371236303803,19870.0,19885.388644480445,ok,0.0005332023577516959,0.0011785115411513591,14493.565598683854,ok,-74.56253290652967,68.99386008389169,-0.10612760136450329,-50.22455915372302,61.31947960717734,-0.07148646625586198,1.5934355051406113,0.007781472104623405,0.011382457714584297
75,0,10.292233333333334,Forward,0.09215330282708939,443.3089149645457,19895.0,19895.404602328643,ok,0.0005262248804208977,0.001998104825552083,14498.846660392444,ok,-64.54657505833165,69.0081161658723,-0.09187151938389586,-44.94349744513238,61.32699633696029,-0.06396973647291267,1.5934355051406113,0.010060129966531522,0.011382457714584297
76,0,10.42815,Forward,0.08860754972094097,434.7323715206694,19905.0,19906.149061339456,ok,0.0005460488765569839,0.0024981776221845897,14505.675774930472,ok,-53.80211604751821,69.02340915040926,-0.07657853484692613,-38.1143829071043,61.3367164673946,-0.05424960603859759,1.5934355051406113,0.009864713554865776,0.011382457714584297
77,0,10.563433333333334,Forward,0.08541485912983265,426.0197049083836,19915.0,19915.491084017118,ok,0.0005295909217503823,0.001693381573701305,14512.651007866518,ok,-44.46009336985662,69.03670599562128,-0.06328168963492295,-31.13914997105894,61.346644573530554,-0.044321499902649136,1.5934355051406113,0.007341761951044329,0.011382457714584297
78,0,10.698483333333334,Forward,0.0830130218952912,419.5830596359847,19915.0,19923.023284802577,ok,0.0005313713230779907,0.0023014393782981413,14518.431493179283,ok,-36.92789258439734,69.04742685462641,-0.052560830629788245,-25.358664658293492,61.35487215133743,-0.03609392209576894,1.5934355051406113,0.004952506357389211,0.011382457714584297
79,0,10.8341,Forward,0.08105321132540398,414.6873381138321,19930.0,19929.016421698292,ok,0.0005335147327021361,0.0014665901910984045,14522.358763988088,ok,-30.934755688682344,69.05595710726936,-0.044030577986833325,-21.431393849488813,61.36046198063373,-0.030504092799468658,1.5934355051406113,0.004575726531944102,0.011382457714584297
80,0,10.9694,Forward,0.07984424354194822,411.0572965376814,19940.0,19933.029780890407,ok,0.0005341541949925176,0.0029347636770312114,14525.185304042408,ok,-26.921396496567468,69.06166946933473,-0.03831821592146104,-18.60485379516831,61.36448509927566,-0.02648097415753934,1.5934355051406113,0.003877508511873129,0.011382457714584297
81,0,11.105233333333333,Forward,0.07895712510856986,408.6133032501675,19935.0,19935.659585424044,ok,0.0005334219462207698,0.0029392072035655725,14527.131723714967,ok,-24.291591962930397,69.06541256705866,-0.03457511819753759,-16.658434122609833,61.36725551013813,-0.023710563295072203,1.5934355051406113,0.003206135203714218,0.011382457714584297
82,0,11.241083333333334,Forward,0.0784118454020439,407.09766290870175,19920.0,19937.46184098801,ok,0.00052679827213988,0.0028563086671271787,14528.267226677193,ok,-22.48933639896495,69.06797778383165,-0.03200990142453372,-15.52293116038345,61.368871713357436,-0.022094360075763098,1.5934355051406113,0.0031960363835484076,0.011382457714584297
83,0,11.37665,Forward,0.07783215582960076,406.08117580371254,19940.0,19938.97888166008,ok,0.0005270622266967986,0.002587970685352542,14529.352169045571,ok,-20.972295726893208,69.07013704373638,-0.02985064151981462,-14.437988792005854,61.37041595181992,-0.020550121613277145,1.5934355051406113,0.0028946518937386437,0.011382457714584297
84,0,11.510883333333334,Forward,0.07754784240227436,405.4741122906562,19930.0,19939.933472880984,ok,0.0005297380491750007,0.0026138571607365463,14529.882862766897,ok,-20.01770450598997,69.07149574860608,-0.02849193665010382,-13.907295070679538,61.37117130775417,-0.01979476567902841,1.5934355051406113,0.003049745798798846,0.011382457714584297
85,0,11.645683333333332,Forward,0.07732644452475548,404.19818662180114,19935.0,19940.734057688755,ok,0.0005381586503713451,0.0023393002786880855,14530.608407392001,ok,-19.217119698219904,69.0726352504715,-0.027352434784682904,-13.181750445575744,61.37220400216172,-0.01876207127148059,1.5934355051406113,0.0025437157292729218,0.011382457714584297
86,0,11.781,Forward,0.07701002585879035,404.0229246374547,19925.0,19941.564669318785,ok,0.0005358687734248503,0.0030633432307019897,14531.428545744857,ok,-18.38650806818987,69.0738174906198,-0.026170194636389497,-12.361612092719952,61.373371335308576,-0.017594738124620746,1.5934355051406113,0.0018658857950323328,0.011382457714584297
87,0,11.9163,Forward,0.07696050385286518,403.30989997784854,19935.0,19942.108772852564,ok,0.0005345370408265706,0.0033021469235209855,14531.55583256797,ok,-17.84240453441089,69.07459193323439,-0.025395752021808517,-12.234325269606416,61.373552507335546,-0.017413566097655386,1.5934355051406113,0.002351642469308416,0.011382457714584297
88,0,12.0511,Forward,0.07665728203813377,402.71738276946417,19935.0,19942.595161476023,ok,0.0005330122946029622,0.002687927261779653,14532.199426314639,ok,-17.3560159109511,69.07528422808981,-0.02470345716638188,-11.590731522937858,61.37446855803721,-0.016497515395987948,1.5934355051406113,0.0015842696121891875,0.011382457714584297
89,0,12.1856,Forward,0.07653617299788618,403.31807123775434,19945.0,19943.401107748057,ok,0.0005396897407041833,0.002034173184112503,14532.714968443695,ok,-16.550069638917194,69.07643136112493,-0.023556324131257588,-11.075189393881374,61.37520234815172,-0.015763725281484977,1.5934355051406113,0.001562155425543249,0.011382457714584297
90,0,12.320916666666667,Forward,0.07627143803040018,402.3449370848539,19935.0,19943.672747399152,ok,0.0005301233034809083,0.002820100304959955,14531.872450361563,ok,-16.278429987822165,69.07681799585262,-0.023169689403567412,-11.917707476013675,61.37400316111129,-0.016962912321911987,1.5934355051406113,0.0038596173607543145,0.011382457714584297
91,0,12.4565,Forward,0.07626801168277447,401.18480662024376,19935.0,19944.40675006701,ok,0.0005304320523432038,0.0023610587353531548,14533.119013516167,ok,-15.544427319964598,69.07786272890418,-0.02212495635201562,-10.671144321409884,61.37577744039594,-0.015188633037256899,1.5934355051406113,0.0020771508041012056,0.011382457714584297
92,0,12.591266666666666,Forward,0.07605085606574324,401.59857029013074,19940.0,19944.80168177323,ok,0.0005268714974625201,0.003484189166084082,14533.004129534234,ok,-15.149495613743056,69.0784248497583,-0.021562835497877998,-10.786028303342391,61.375613921789984,-0.015352151643216598,1.5934355051406113,0.0028998280107261076,0.011382457714584297
93,0,12.7274,Forward,0.07581116224999182,401.3799161626994,19935.0,19945.07794123806,ok,0.0005367895007416767,0.003004010379816029,14534.007562779518,ok,-14.873236148912838,69.07881806003718,-0.02116962521901816,-9.782595058059087,61.37704214531325,-0.013923928119951731,1.5934355051406113,0.0010172562183386885,0.011382457714584297
94,0,12.862016666666667,Forward,0.07584054256360309,400.4507205621085,19935.0,19945.54826349507,ok,0.0005325653437626281,0.0016628556264369563,14533.813330506502,ok,-14.402913891903154,69.07948748704105,-0.020500198215145468,-9.976827331074674,61.376765687359914,-0.01420038607328548,1.5934355051406113,0.002127201140731883,0.011382457714584297
95,0,12.99785,Forward,0.07559468487326848,400.2607264397302,19945.0,19945.74439927179,ok,0.0005336921577161019,0.0027238510991371336,14533.68944756123,ok,-14.206778115185443,69.07976665432136,-0.020221030934831796,-10.100710276346945,61.37658936019774,-0.01437671323545683,1.5934355051406113,0.00268733438177007,0.011382457714584297
96,0,13.13315,Forward,0.0755226845290086,399.1841297712235,19930.0,19946.324404866125,ok,0.0005333047898902141,0.0030961798032443457,14534.649472840072,ok,-13.626772520849045,69.08059219766204,-0.01939548759415587,-9.14068499750465,61.377955799562415,-0.013010273870789018,1.5934355051406113,0.001335544723162524,0.011382457714584297
97,0,13.269916666666667,Forward,0.07538828432642675,399.883932241406,19930.0,19946.641015341982,ok,0.0005391654323217357,0.002957923121915888,14534.839135000948,ok,-13.310162044992467,69.08104284102217,-0.018944844234016076,-8.951022836628908,61.37822575270668,-0.01274032072651234,1.5934355051406113,0.0013560351584875133,0.011382457714584297
98,0,13.404666666666667,Forward,0.07530974263423265,399.53972301415706,19945.0,19946.70759204168,ok,0.000538589236119398,0.003511547404288549,14534.91247065772,ok,-13.243585345295287,69.08113760209278,-0.018850083163405935,-8.877687179856366,61.37833013405003,-0.012635939383170411,1.5934355051406113,0.001284471290542353,0.011382457714584297
99,0,13.539733333333333,Forward,0.07513247993441233,399.2610502046373,19945.0,19947.4444076477,ok,0.0005247419490281779,0.003093451044899038,14534.898543414074,ok,-12.506769739273295,69.08218633890291,-0.01780134635328345,-8.891614423502688,61.37831031089081,-0.012655762542392429,1.5934355051406113,0.002364795026393255,0.011382457714584297
100,0,13.674766666666667,Forward,0.07516908487192295,399.0311674319928,19920.0,19947.4374367775,ok,0.0005343128154565896,0.0027979124855074186,14535.565701136173,ok,-12.513740609472734,69.08217641700642,-0.01781126824977558,-8.224456701404051,61.37925990106724,-0.011706172365957668,1.5934355051406113,0.0008417624274372412,0.011382457714584297
101,0,13.809016666666666,Forward,0.07506188527285347,399.0991663411405,19960.0,19947.607561528235,ok,0.0005390090066242298,0.004068803200093007,14535.10092762042,ok,-12.343615858739213,69.08241856183471,-0.01756912342147802,-8.689230217156364,61.37859837179132,-0.01236770164187931,1.5934355051406113,0.0021380114916783044,0.011382457714584297
102,0,13.944083333333333,Forward,0.07492008877612963,398.5182328725714,19945.0,19948.022139720713,ok,0.000530841876485355,0.0028984935004686533,14535.720512460768,ok,-11.929037666261138,69.08300864625689,-0.016979038999307375,-8.069645376808694,61.379480249731685,-0.011485823701515664,1.5934355051406113,0.001322880292473242,0.011382457714584297
103,0,14.078866666666666,Forward,0.07491061905409216,398.06993541604606,19945.0,19948.20444725382,ok,0.0005295460033838828,0.0031544326524042257,14536.486525046259,ok,-11.746730133156234,69.08326813128838,-0.016719553967819007,-7.303632791317796,61.38057054367884,-0.010395529754352137,1.5934355051406113,-0.00015494776248865458,0.011382457714584297
104,0,14.214483333333334,Forward,0.07493586034975762,397.68014714837045,19945.0,19948.42513649902,ok,0.0005245413496720598,0.0030697343266577488,14536.001648011235,ok,-11.526040887954878,69.0835822464254,-0.016405438830803438,-7.7885098263413965,61.37988040032296,-0.011085673110242352,1.5934355051406113,0.0012588663014392772,0.011382457714584297
105,0,14.35005,Forward,0.07476272791911374,397.57742742433766,19940.0,19948.90055027467,ok,0.00052992978231372,0.0038048839505736526,14536.356765985198,ok,-11.050627112304937,69.0842589203754,-0.01572876488078327,-7.433391852378918,61.38038585282449,-0.010580220608711794,1.5934355051406113,0.0011301342893585142,0.011382457714584297
106,0,14.48565,Forward,0.07458812155586882,397.551803067774,19935.0,19949.04590807029,ok,0.0005250926121014722,0.0030539376374066085,14535.929257627984,ok,-10.905269316685008,69.08446581348362,-0.015521871772576855,-7.860900209592728,61.37977736442226,-0.011188709010939983,1.5934355051406113,0.0023066144221416066,0.011382457714584297
107,0,14.620716666666667,Forward,0.07469716783699329,397.2852510535413,19935.0,19949.13963862023,ok,0.0005257941842446685,0.00221012112942931,14536.43738389352,ok,-10.811538766745798,69.08459922363014,-0.015388461626061393,-7.352773944056025,61.38050059926488,-0.010465474168323866,1.5934355051406113,0.0012875964918777662,0.011382457714584297
108,0,14.757516666666668,Forward,0.07451573394947611,397.4465241330108,19955.0,19949.771467031253,ok,0.0005361169812531602,0.003158055173677843,14536.218785876596,ok,-10.179710355721909,69.08549852829591,-0.014489156960272085,-7.571371960981196,61.38018946065014,-0.01077661278305397,1.5934355051406113,0.0026826804733982874,0.011382457714584297
109,0,14.892833333333334,Forward,0.07432748673373414,397.48451575883155,19950.0,19949.736142570677,ok,0.0005442775034741434,0.0024545679135788917,14536.759081988681,ok,-10.215034816297702,69.08544824968916,-0.014539435567023596,-7.031075848895853,61.38095848402109,-0.01000758941210619,1.5934355051406113,0.001407012723095664,0.011382457714584297
110,0,15.02895,Forward,0.07427379906776585,396.9282979574782,19935.0,19950.06354189323,ok,0.0005321481971144554,0.0037087691630241083,14536.86120675465,ok,-9.88763549374562,69.08591424921246,-0.014073436043719138,-6.928951082927597,61.38110384196469,-0.009862231468516627,1.5934355051406113,0.0016413937381302875,0.011382457714584297
111,0,15.163466666666666,Forward,0.07418233376384734,396.1650491047003,19935.0,19950.278452931878,ok,0.0005312400748210016,0.003110255073413349,14537.266211393038,ok,-9.672724455096613,69.08622014001513,-0.013767545241066754,-6.523946444538524,61.38168029999445,-0.009285773438749692,1.5934355051406113,0.0010287358489286316,0.011382457714584297
112,0,15.2991,Forward,0.07421153690270069,395.56638376372575,19930.0,19950.447918167414,ok,0.000534667624625046,0.003099691819093402,14537.751731617498,ok,-9.503259219560277,69.08646134613113,-0.013526339125058228,-6.038426220078691,61.38237135882557,-0.008594714607627755,1.5934355051406113,0.0001687842872864949,0.011382457714584297
113,0,15.434116666666666,Forward,0.07411675978282589,396.40858598509294,19960.0,19950.81751088799,ok,0.0005305683588037502,0.0027942012396496305,14537.580210310816,ok,-9.133666498983075,69.08698740107305,-0.013000284183150473,-6.209947526760516,61.38212722622772,-0.008838847205481783,1.5934355051406113,0.0010838487785770727,0.011382457714584297
114,0,15.569466666666667,Forward,0.07396356048060516,395.32063769132947,19930.0,19951.143107440894,ok,0.0005324990642686244,0.003423375886558588,14537.805319175455,ok,-8.80806994608065,69.08745083464785,-0.012536850608336132,-5.984838662121547,61.382447631971985,-0.008518441461219193,1.5934355051406113,0.0010367364644324004,0.011382457714584297
115,0,15.704783333333333,Forward,0.07386804706118255,395.2221966436082,19945.0,19951.491492106215,ok,0.0005268653407374141,0.0034512228939498403,14537.606899784425,ok,-8.459685280759004,69.08794670338301,-0.012040981873175129,-6.183258053151803,61.382165214339246,-0.008800859093954984,1.5934355051406113,0.0019826194828723737,0.011382457714584297
116,0,15.839833333333333,Forward,0.07369813731231792,395.31367085675447,19935.0,19952.009848098394,ok,0.0005320015795082279,0.003200836321660346,14538.60510901423,ok,-7.941329288580164,69.08868449857262,-0.011303186683574749,-5.185048823346733,61.38358600232873,-0.007380071104470749,1.5934355051406113,0.00045648064475122853,0.011382457714584297
117,0,15.974883333333333,Forward,0.07372162669979791,394.06488174690094,19950.0,19952.1284884818,ok,0.0005248771946250728,0.002900713924790977,14538.399555483857,ok,-7.822688905172981,69.08885336380325,-0.011134321452940039,-5.390602353720169,61.38329343041251,-0.007672643020688846,1.5934355051406113,0.0010915403544948781,0.011382457714584297
118,0,16.109666666666666,Forward,0.07357964657268887,394.7782758544199,19940.0,19952.673180839058,ok,0.0005252449135768874,0.0037712350839845974,14538.867559566508,ok,-7.2779965479167,69.08962864451199,-0.010359040744200545,-4.922598271068637,61.383959557873375,-0.007006515559825023,1.5934355051406113,0.0008053899161447938,0.011382457714584297
119,0,16.244966666666667,Forward,0.07341164501153025,394.1190749734851,19950.0,19953.269390714162,ok,0.0005251541441089377,0.003250049772496615,14538.465646535593,ok,-6.68178667281245,69.09047725200276,-0.00951043325343888,-5.3245113019838755,61.38338750024248,-0.007578573190721792,1.5934355051406113,0.0025655343469639935,0.011382457714584297
120,0,16.381083333333333,Forward,0.07328917368413396,393.65290721970086,19945.0,19953.207789477736,ok,0.0005348650096303008,0.003288380103265214,14539.334169833077,ok,-6.743387909238663,69.0903895726924,-0.009598112563786305,-4.455988004499886,61.384623701464434,-0.006342371968766083,1.5934355051406113,0.000508048118054133,0.011382457714584297
121,0,16.516933333333334,Forward,0.07305178782516207,393.23409810713565,19950.0,19953.84714296945,ok,0.0005271008199535928,0.004014444342870806,14539.455283251122,ok,-6.104034417523508,69.0912995880829,-0.008688097173284365,-4.334874586455044,61.38479608665642,-0.00616998677677873,1.5934355051406113,0.0011433788230829425,0.011382457714584297
122,0,16.652,Forward,0.0729375142517638,393.25469857451753,19940.0,19954.2019761315,ok,0.0005329251372621805,0.0033106973686510507,14539.9678658809,ok,-5.749201255475782,69.09180463520114,-0.008183050055049875,-3.822291956676054,61.385525664406515,-0.005440409026680738,1.5934355051406113,0.00048589085055068815,0.011382457714584297
123,0,16.78705,Forward,0.07283958332474791,392.8134751658872,19940.0,19954.67451173074,ok,0.0005326341899900656,0.0034175161257354284,14540.437606451464,ok,-5.2766656562344,69.0924772125366,-0.00751047271959787,-3.3525513861131913,61.386194263474636,-0.004771809958568017,1.5934355051406113,9.309869216795729e-05,0.011382457714584297
124,0,16.922616666666666,Forward,0.07275300854271963,392.00939963157725,19955.0,19955.126377196175,ok,0.0005265370283414518,0.004280363778447726,14540.677704058291,ok,-4.824800190799579,69.09312036930872,-0.006867315947467174,-3.1124537792857154,61.38653600324812,-0.004430070185082852,1.5934355051406113,0.00019171517570868227,0.011382457714584297
125,0,17.05765,Forward,0.07259846055023358,391.43826560351954,19960.0,19955.56326505169,ok,0.0005348558377934765,0.003577135233336208,14541.018801480403,ok,-4.387912335285364,69.0937422078966,-0.0062454773595918295,-2.771356357174227,61.38702149978142,-0.003944573651781237,1.5934355051406113,3.994634979855201e-05,0.011382457714584297
126,0,17.192966666666667,Forward,0.07233687520670068,390.4027671728618,19930.0,19955.978283891003,ok,0.0005298869643131788,0.004502316015751357,14541.537824110943,ok,-3.9728934959712205,69.09433291950765,-0.005654765748537733,-2.2523337266338785,61.38776024382197,-0.0032058296112294944,1.5934355051406113,-0.0005464830225735337,0.011382457714584297
127,0,17.327766666666665,Forward,0.0722952523287321,390.67981137452443,19940.0,19956.428905770004,ok,0.000522871024268591,0.004118681556994452,14541.64020691248,ok,-3.5222716169701016,69.09497430623738,-0.0050133790188151145,-2.149950925097073,61.38790596903709,-0.0030601043961043578,1.5934355051406113,-0.00013730002462556193,0.011382457714584297
128,0,17.462783333333334,Forward,0.072282953685299,390.47981790658014,19945.0,19956.638633490038,ok,0.0005393613618886119,0.004163704819627947,14542.174038113855,ok,-3.312543896936404,69.09527281943159,-0.004714865824598328,-1.6161197237215674,61.388665790662344,-0.0023002827708581454,1.5934355051406113,-0.0010495135856497346,0.011382457714584297
129,0,17.5992,Forward,0.07202883958134457,390.0199953398078,19965.0,19957.081221616627,ok,0.0005356094742763179,0.004046744843366701,14542.140717396835,ok,-2.8699557703475875,69.09590277142539,-0.004084913830797875,-1.6494404407421825,61.38861836405765,-0.002347709375552171,1.5934355051406113,-0.0003439903560415523,0.011382457714584297
130,0,17.734916666666667,Forward,0.07189334821334635,390.3937744697505,19945.0,19957.497754540545,ok,0.0005257690070206518,0.003274395582730902,14542.21627165424,ok,-2.453422846429021,69.09649563808887,-0.0034920471673191003,-1.5738861833360716,61.38872590321705,-0.0022401702161537296,1.5934355051406113,7.751959265877e-05,0.011382457714584297
131,0,17.871066666666668,Forward,0.07181101549452,389.6819449703107,19960.0,19957.941451118375,ok,0.0005256562262556913,0.0035823489500968887,14542.535220486992,ok,-2.0097262685994792,69.09712716778218,-0.0028605174740116424,-1.2549373505844414,61.38917987484675,-0.0017861985864563923,1.5934355051406113,-1.432522712005533e-05,0.011382457714584297
132,0,18.006633333333333,Forward,0.07148071291639295,389.1295871393231,19950.0,19958.488094678454,ok,0.0005303356502378646,0.0038041698816236474,14543.063044763161,ok,-1.4630827085202327,69.09790522570981,-0.0020824595463754055,-0.7271130744156835,61.38993114659394,-0.0010349268392644473,1.5934355051406113,-0.00043337037546848484,0.011382457714584297
133,0,18.14335,Forward,0.07156396600843624,389.68169115599085,19965.0,19958.823898398135,ok,0.0005278960464680439,0.003856569159014429,14542.97967391346,ok,-1.1272789888389525,69.09838318752134,-0.0016044977348617388,-0.810483924116852,61.389812481790614,-0.0011535916425859378,1.5934355051406113,0.0002336761468681725,0.011382457714584297
134,0,18.27865,Forward,0.07132382067507896,389.2181557935146,19960.0,19959.150554157764,ok,0.0005340829322761609,0.004360506797986914,14544.06508491014,ok,-0.8006232292100322,69.09884812870412,-0.0011395565520725855,0.27492707256351423,61.39135738726904,0.000391313835836381,1.5934355051406113,-0.0017630899117470396,0.011382457714584297
135,0,18.41395,Forward,0.07135144110991795,388.60167210742657,19960.0,19959.359858448315,ok,0.00051827827668205,0.004164685464971781,14543.236833492034,ok,-0.5913189386592421,69.09914603921555,-0.0008416460406458852,-0.5533243455429329,61.390178506497364,-0.0007875669358318231,1.5934355051406113,0.00041329107758333915,0.011382457714584297
136,0,18.549266666666668,Forward,0.07130312642685901,388.0751556647301,19960.0,19959.938591420156,ok,0.0005280873549450814,0.0030447852360351102,14543.397257186554,ok,-0.01258596681873314,69.09996977118571,-1.7914070475580685e-05,-0.3929006510225008,61.390406843454784,-0.0005592299784107549,1.5934355051406113,0.0008731828326631337,0.011382457714584297
137,0,18.684833333333334,Forward,0.07110584095295698,388.1319877818423,19960.0,19960.124402640813,ok,0.0005317022043658272,0.003919495012970859,14544.47968709657,ok,0.1732252538386092,69.10023424314484,0.0002465578886475686,0.6895292589924793,61.39194750584268,0.0009814324094817165,1.5934355051406113,-0.0013172913585162975,0.011382457714584297
138,0,18.819816666666668,Forward,0.0710271090030388,387.9407314599739,19955.0,19960.35601911498,ok,0.0005331493887171443,0.004438213229022629,14544.981055751954,ok,0.40484172800643137,69.10056391140961,0.0005762261534146549,1.190897914377274,61.39266112232969,0.0016950488964918413,1.5934355051406113,-0.0021247249412048577,0.011382457714584297
139,0,18.954816666666666,Forward,0.07102386890531424,387.9410030178369,19950.0,19960.536060168703,ok,0.0005247895885910973,0.004378350322656976,14544.253611567461,ok,0.5848827817280835,69.10082017047745,0.0008324852212573372,0.46345372988434974,61.39162572420925,0.0006596507760501676,1.5934355051406113,-0.0002186257462945578,0.011382457714584297
140,0,19.089866666666666,Forward,0.07086574212788228,386.3101572821579,19935.0,19960.895668938352,ok,0.0005380399403113619,0.003417798773766727,14545.10762936782,ok,0.9444915513777232,69.10133201489401,0.0013443296378143595,1.3174715302429831,61.392841279222495,0.0018752057892934722,1.5934355051406113,-0.001643689846291083,0.011382457714584297
141,0,19.226266666666668,Forward,0.07075150279086395,386.9819453960117,19945.0,19961.396794986198,ok,0.000533353996822068,0.0037008731868327966,14545.06774578049,ok,1.445617599223624,69.10204528606877,0.002057600812572176,1.2775879429136694,61.392784511442585,0.0018184380093901546,1.5934355051406113,-0.0008399628754873125,0.011382457714584297
142,0,19.362116666666665,Forward,0.07056404122654597,386.1899171207551,19960.0,19961.756128425674,ok,0.000537218912225946,0.003434963358698505,14545.103265050657,ok,1.8049510386990733,69.10255673859774,0.0025690533415439584,1.3131072130800021,61.39283506732902,0.0018689938958123087,1.5934355051406113,-0.0004090678909344468,0.011382457714584297
143,0,19.49876666666667,Forward,0.07047563172869432,386.67727696441943,19970.0,19962.073717818883,ok,0.0005255434236898258,0.0034357022526563964,14545.269271670286,ok,2.122540431908419,69.10300877528702,0.0030210900308335776,1.4791138327091176,61.393071350669516,0.002105277236319973,1.5934355051406113,-0.00033353346568296876,0.011382457714584297
144,0,19.634833333333333,Forward,0.07042422356773784,386.3026513758523,19960.0,19962.06541618588,ok,0.000533529873735609,0.004525042032162545,14545.588555622167,ok,2.114238798905717,69.10299695926679,0.0030092740105933636,1.7983977845906338,61.39352579928663,0.002559725853426936,1.5934355051406113,-0.0010694840476834686,0.011382457714584297
145,0,19.771466666666665,Forward,0.07041062639454351,385.28849305288895,19945.0,19962.758213171783,ok,0.0005317955243690663,0.0037295758752905854,14545.99966527634,ok,2.8070357848082494,69.10398304275242,0.003995357496230352,2.209507438763467,61.394110946810386,0.0031448733771818915,1.5934355051406113,-0.0010157954021427357,0.011382457714584297
146,0,19.908383333333333,Forward,0.07032975053944963,385.8386654031492,19960.0,19962.793029758035,ok,0.0005310057720992136,0.004097360502749071,14545.905573299184,ok,2.841852371060668,69.10403259848293,0.00404491322673781,2.115415461606972,61.393977022231184,0.0030109487979863266,1.5934355051406113,-0.0007528394921340487,0.011382457714584297
147,0,20.0453,Forward,0.07018096379791944,385.4873932888804,19955.0,19962.988269178608,ok,0.0005280803704350922,0.0036966573945553262,14546.24512185376,ok,3.0370917916334292,69.1043104899465,0.0043228046903118445,2.4549640161840216,61.39446031420424,0.003494240771036919,1.5934355051406113,-0.001245042617768287,0.011382457714584297
148,0,20.18113333333333,Forward,0.06999485887618637,385.64994074999777,19960.0,19963.334206322845,ok,0.0005290520761138999,0.004086438839287564,14546.497996795131,ok,3.383028935870243,69.1048028750347,0.004815189778500341,2.707838957554486,61.394820240428935,0.0038541669957331643,1.5934355051406113,-0.0013261767552420062,0.011382457714584297
149,0,20.316716666666668,Forward,0.07013189994668155,384.8726105005808,19945.0,19963.51837271551,ok,0.0005394155709832981,0.004698643024678007,14546.254796750238,ok,3.5671953285345808,69.10506500584951,0.005077320593314811,2.46463891266103,61.394474084840994,0.0035080114077968307,1.5934355051406113,-0.0005124693363069586,0.011382457714584297
150,0,20.451233333333334,Forward,0.07002633229877075,384.6083131796113,19955.0,19963.747508029126,ok,0.000534173476656165,0.004156663614242572,14547.063075899134,ok,3.796330642151588,69.10539114258701,0.00540345733081755,3.272918061556993,61.39562453834574,0.004658464912545711,1.5934355051406113,-0.0020195060602845386,0.011382457714584297
151,0,20.5868,Forward,0.06981104079557135,384.40323195292876,19960.0,19963.989170902918,ok,0.0005363592876231132,0.004346858831303631,14546.915633967294,ok,4.037993515943526,69.10573511026266,0.005747425006466952,3.1254761297168443,61.39541467880964,0.004448605376438492,1.5934355051406113,-0.0013411407487095555,0.011382457714584297
152,0,20.722383333333333,Forward,0.06972635496223764,383.9965283558595,19960.0,19964.175415017264,ok,0.0005356421332913903,0.003891241538586157,14547.055550984454,ok,4.224237630289281,69.10600019837533,0.006012513119132721,3.2653931468776136,61.395613827857325,0.004647754424123916,1.5934355051406113,-0.0013933837994406827,0.011382457714584297
153,0,20.8585,Forward,0.06960761118661876,384.1292153995928,19970.0,19964.67118926987,ok,0.0005266276347323353,0.004225590460535702,14547.086801101903,ok,4.720011882895051,69.10670585214265,0.006718166886465001,3.2966432643261214,61.39565830730133,0.004692233868127336,1.5934355051406113,-0.0007586051574323656,0.011382457714584297
154,0,20.993033333333333,Forward,0.06968821063588926,384.15133223636076,19950.0,19964.66312917718,ok,0.0005317730998783188,0.0038116252950827585,14547.257513753731,ok,4.711951790206513,69.10669437991565,0.0067066946594568,3.467355916154702,61.39590128891092,0.0049352154777227665,1.5934355051406113,-0.0011572529082661395,0.011382457714584297
155,0,21.128083333333333,Forward,0.06944363790278874,383.4540274406427,19965.0,19965.17190460332,ok,0.0005369843554314403,0.003848289389752792,14547.795693010552,ok,5.220727216346859,69.10741853873247,0.007430853476287302,4.005535172975215,61.39666729928375,0.005701225850547564,1.5934355051406113,-0.001653682216800666,0.011382457714584297
156,0,21.263666666666666,Forward,0.06944533080549348,383.4308472291268,19960.0,19965.480269487536,ok,0.0005365727833199008,0.0038316054908256103,14548.056251828408,ok,5.529092100561684,69.1078574458381,0.007869760581921535,4.266093990830996,61.39703816225307,0.006072088819863122,1.5934355051406113,-0.0018057213340157158,0.011382457714584297
157,0,21.39975,Forward,0.06930646798279544,383.0779504464954,19945.0,19965.8803006116,ok,0.0005284750779820404,0.004174510184079688,14547.730476510278,ok,5.929123224625073,69.10842682488162,0.008439139625431412,3.9403186727013235,61.39657447423511,0.005608400801911785,1.5934355051406113,-0.0004974853393939025,0.011382457714584297
158,0,21.534783333333333,Forward,0.06917388206235084,382.518543337399,19965.0,19966.22823571228,ok,0.0005245593367897119,0.004470024855492242,14547.505133741128,ok,6.277058325304097,69.10892205373486,0.008934368478666199,3.7149759035510215,61.396253735565935,0.005287662132736797,1.5934355051406113,0.0005088198971758585,0.011382457714584297
159,0,21.66955,Forward,0.06915266220233987,382.73723475132283,19970.0,19966.399953327913,ok,0.000529446470916601,0.003510569831157108,14548.878704984883,ok,6.4487759409385035,69.10916646574648,0.009178780490288129,5.088547147306599,61.39820879014523,0.007242716712035712,1.5934355051406113,-0.0023620214723448444,0.011382457714584297
160,0,21.8054,Forward,0.06908221181509994,382.3866504498401,19960.0,19966.62651277643,ok,0.000530479294963016,0.00427871074688088,14548.33204610137,ok,6.67533538945645,69.10948893616025,0.009501250904052315,4.541888263793226,61.39743071040719,0.006464636973990881,1.5934355051406113,-0.0007997311781495174,0.011382457714584297
161,0,21.9402,Forward,0.06897443334318315,382.1862878123502,19960.0,19967.121532448113,ok,0.0005242334207809616,0.0039018919494927637,14548.726829031062,ok,7.1703550611382525,69.11019351590474,0.010205830648542634,4.936671193485381,61.39799261950221,0.007026546069010516,1.5934355051406113,-0.0009905173363249139,0.011382457714584297
162,0,22.0747,Forward,0.06886455947402241,382.29058956847075,19965.0,19967.49625575002,ok,0.0005315943124422938,0.004004349149080978,14549.534706668908,ok,7.545078363044013,69.11072687339215,0.010739188135961926,5.744548831331485,61.39914250152148,0.008176428088282953,1.5934355051406113,-0.0022894226851371043,0.011382457714584297
163,0,22.209483333333335,Forward,0.06871701125329466,382.4690255883361,19975.0,19967.485436776937,ok,0.0005285099280962982,0.0035699702666404515,14549.589298316261,ok,7.534259389962244,69.11071147434899,0.010723789092801273,5.799140478684421,61.39922020382534,0.008254130392137984,1.5934355051406113,-0.002428635338091588,0.011382457714584297
164,0,22.344533333333334,Forward,0.06858209400501919,381.69211961451583,19950.0,19967.926388419637,ok,0.0005339640347467658,0.004357159911166348,14549.221394481221,ok,7.975211032662628,69.11133909707496,0.011351411818764638,5.431236643644297,61.39869655273647,0.0077304793032652915,1.5934355051406113,-0.0009666083748129332,0.011382457714584297
165,0,22.4801,Forward,0.06854014030203066,380.45733927758556,19965.0,19968.325676414577,ok,0.0005245832570141004,0.004555987168523184,14549.943049265274,ok,8.374499027602724,69.11190741839539,0.01191973313920255,6.152891427696886,61.39972371058987,0.008757637156670415,1.5934355051406113,-0.002034996847374758,0.011382457714584297
166,0,22.6156,Forward,0.06844446908447455,380.0672490049801,19960.0,19968.529536880356,ok,0.0005350460449410245,0.004919048940933822,14549.611705103987,ok,8.578359493381868,69.11219758051037,0.012209895254179419,5.821547266410562,61.39925209623219,0.008286022798993849,1.5934355051406113,-0.0009933476701419666,0.011382457714584297
167,0,22.751166666666666,Forward,0.06841858733724196,379.3527880543261,19970.0,19969.042348476676,ok,0.0005354587482262654,0.004241254199009023,14550.399769199748,ok,9.091171089701675,69.11292748415698,0.012939798900794367,6.609611362171563,61.40037377690672,0.009407703473514994,1.5934355051406113,-0.0020507698357390813,0.011382457714584297
168,0,22.886466666666667,Forward,0.0682589556923204,380.45753722631343,19960.0,19969.173254330817,ok,0.0005305742282332125,0.003979976841518554,14550.054225739685,ok,9.222076943842694,69.11311380728421,0.013126122028013953,6.264067902107854,61.399881952163724,0.00891587873052077,1.5934355051406113,-0.0010807557007258412,0.011382457714584297
169,0,23.022666666666666,Forward,0.06826062722118731,379.13464823465256,19965.0,19969.674873043296,ok,0.0005312723241916269,0.0045462274174655724,14550.337941637943,ok,9.72369565632107,69.11382777968669,0.013840094430502152,6.547783800366233,61.40028577545911,0.009319702025913411,1.5934355051406113,-0.0010102496749191635,0.011382457714584297
170,0,23.15825,Forward,0.06795516402995466,379.93605724825466,19960.0,19969.760560696515,ok,0.0005256798134701105,0.00395912835309973,14550.80888401182,ok,9.809383309540863,69.11394974208186,0.013962056825666086,7.0187261742430564,61.40095608509818,0.00999001166497981,1.5934355051406113,-0.001956382458081619,0.011382457714584297
171,0,23.293533333333333,Forward,0.06803564561561909,378.96161769041646,19955.0,19969.908497573222,ok,0.0005329413820066441,0.0038624377603192496,14550.548724808397,ok,9.95732018624767,69.11416030609124,0.01417262083504505,6.758566970820539,61.40058579091482,0.009619717481616389,1.5934355051406113,-0.001155778549584329,0.011382457714584297
172,0,23.427516666666666,Forward,0.0679867867381589,379.14906055199754,19950.0,19970.340475379035,ok,0.0005320316021686802,0.0030313571388540382,14550.88743241361,ok,10.389297992060165,69.1147751560244,0.014787470768201846,7.097274576033669,61.40106788593364,0.010101812500441008,1.5934355051406113,-0.0013091159362741134,0.011382457714584297
173,0,23.5634,Forward,0.0677354656228066,379.18410307836893,19965.0,19970.598730677302,ok,0.0005286859387872239,0.004330203122684754,14551.751848046675,ok,10.647553290327778,69.11514274030938,0.015155055053182808,7.9616902090983785,61.40229824056543,0.01133216713222555,1.5934355051406113,-0.002902022405492843,0.011382457714584297
174,0,23.698166666666665,Forward,0.06771283094040728,377.9236417828324,19980.0,19971.150021423044,ok,0.0005307632118664825,0.004905666087346451,14551.902053940245,ok,11.198844036069204,69.11592741274765,0.015939727491461286,8.111896102667743,61.402512034150135,0.011545960716938022,1.5934355051406113,-0.0024580162558665054,0.011382457714584297
175,0,23.83295,Forward,0.0676108094010811,378.8937291068469,19960.0,19971.073747766084,ok,0.000532802490744746,0.00355870462211078,14551.585576603795,ok,11.122570379109675,69.11581884964036,0.015831164384162325,7.795418766218063,61.40206158029223,0.011095506859023411,1.5934355051406113,-0.0018488101925367602,0.011382457714584297
176,0,23.96825,Forward,0.06750674528471887,377.46394657516066,19960.0,19971.483446252678,ok,0.0005288257198711271,0.003927720563469286,14551.966653300278,ok,11.532268865703372,69.11640198859727,0.016414303341088083,8.176495462701496,61.40260398080032,0.01163790736712302,1.5934355051406113,-0.0021299514632232286,0.011382457714584297
177,0,24.1033,Forward,0.06741716190758454,378.05292108177673,19965.0,19972.050298515383,ok,0.0005362278206682118,0.004372629327684269,14552.100007487823,ok,12.099121128409024,69.11720881031623,0.017221125060039155,8.309849650246178,61.40279378873072,0.011827715297518448,1.5934355051406113,-0.0016255764397214885,0.011382457714584297
178,0,24.23755,Forward,0.06741662395203983,377.3952085648889,19965.0,19972.3207240186,ok,0.0005336197575409799,0.0051602802130781234,14551.894557309755,ok,12.369546631623962,69.11759371690249,0.017606031646299675,8.104399472178557,61.40250136391965,0.011535290486446647,1.5934355051406113,-0.0007747097769151244,0.011382457714584297
179,0,24.373116666666668,Forward,0.06729509420851146,376.9948396808504,19965.0,19972.332750863152,ok,0.0005347499914351315,0.0038640319520302367,14552.663451896025,ok,12.381573476177437,69.11761083515364,0.01762314989744659,8.873294058448664,61.40359575992474,0.012629686491546048,1.5934355051406113,-0.0025014409769776418,0.011382457714584297
180,0,24.508166666666668,Forward,0.0671264618286874,376.8742987049518,19960.0,19972.55804265753,ok,0.0005312319597080841,0.005657413510935634,14552.537094630248,ok,12.606865270554408,69.11793150126854,0.017943816012347832,8.746936792671477,61.403415910971,0.012449837537799794,1.5934355051406113,-0.0018941971536147253,0.011382457714584297
181,0,24.643483333333332,Forward,0.06709219273587645,377.5242784502989,19975.0,19972.74086569546,ok,0.00054176402942786,0.004902575475116917,14552.714664949159,ok,12.789688308486802,69.11819172003705,0.018204034780858008,8.924507111581988,61.40366865335092,0.012702579917717687,1.5934355051406113,-0.0020367070669194583,0.011382457714584297
182,0,24.779183333333332,Forward,0.06695344318928251,377.47607161184715,19975.0,19973.354538147665,ok,0.0005224110477123713,0.005092357861470492,14552.49216451248,ok,13.403360760690703,69.11906518265744,0.019077497401253637,8.702006674902805,61.403351960278314,0.012385886845113546,1.5934355051406113,-0.0006586144604043172,0.011382457714584297
183,0,24.914466666666666,Forward,0.06699386071967771,374.9301745979101,19965.0,19973.57940266189,ok,0.0005320701187122697,0.003474648720963526,14553.069310548404,ok,13.628225274915167,69.11938524060875,0.01939755535256482,9.279152710827475,61.4041734335041,0.01320736007090243,1.5934355051406113,-0.0016475211135875308,0.011382457714584297
184,0,25.049783333333334,Forward,0.06690417548465499,376.0757286950793,19970.0,19973.69570161555,ok,0.000528735126758917,0.004387455074055374,14553.328248613723,ok,13.744524228575756,69.11955077319612,0.01956308793993913,9.538090776146419,61.404541989596595,0.01357591616339346,1.5934355051406113,-0.0020692588896243196,0.011382457714584297
185,0,25.184316666666668,Forward,0.0667480520682413,375.47058833107076,19955.0,19974.010372165572,ok,0.0005371096281083079,0.004865054672360958,14552.922309677953,ok,14.059194778597885,69.11999865538833,0.020010970132135594,9.132151840376537,61.40396420174693,0.012998128313727427,1.5934355051406113,-0.0007007090233311503,0.011382457714584297
186,0,25.318833333333334,Forward,0.06663200510930559,375.43718525067015,19975.0,19974.15410312076,ok,0.0005287002173695538,0.004705512140932551,14552.858781710547,ok,14.202925733785378,69.12020323295458,0.020215547698391283,9.06862387297042,61.40387378004936,0.012907706616159491,1.5934355051406113,-0.00035205031373562734,0.011382457714584297
187,0,25.453616666666665,Forward,0.06658700329561129,375.39367977823713,19970.0,19974.713106027837,ok,0.0005352385947903186,0.004520608111895848,14553.562382384549,ok,14.761928640862607,69.12099888239635,0.02101119714015931,9.772224546972211,61.40487524082248,0.01390916738927814,1.5934355051406113,-0.00115216402486042,0.011382457714584297
188,0,25.588183333333333,Forward,0.06650496288359407,375.4663946524852,19985.0,19974.638230294175,ok,0.0005335125582406558,0.004126047526345636,14554.125219180785,ok,14.687052907200268,69.1208923090048,0.02090462374861489,10.335061343208508,61.40567634718,0.014710273746798471,1.5934355051406113,-0.0025352487298716045,0.011382457714584297
189,0,25.72375,Forward,0.06647579896319407,374.8534058405203,19975.0,19975.226701803167,ok,0.0005323645326497223,0.0041595894599502714,14553.84514879282,ok,15.275524416192638,69.12172990219386,0.021742216937663338,10.054990955242829,61.40527771267377,0.014311639240574228,1.5934355051406113,-0.0010624571650312518,0.011382457714584297
190,0,25.8596,Forward,0.06632312971169309,375.3641225895881,19960.0,19975.299131213145,ok,0.0005294263183911096,0.0038347057448571554,14553.644343010426,ok,15.347953826170851,69.12183299364273,0.02184530838653981,9.854185172849611,61.40499189840225,0.014025824969052232,1.5934355051406113,-0.0005039391080357315,0.011382457714584297
191,0,25.994366666666668,Forward,0.06626112477067708,374.52751736379287,19960.0,19975.739697394605,ok,0.0005311001133531446,0.003781500421919447,14554.995239122438,ok,15.788520007630723,69.1224600677275,0.02247238247131195,11.20508128486108,61.40691467863076,0.015948605197563696,1.5934355051406113,-0.002940691307956135,0.011382457714584297
192,0,26.129133333333332,Forward,0.06620838594674275,374.6827361700307,19970.0,19975.551844934587,ok,0.0005265856254843497,0.003914511691433396,14554.612071154585,ok,15.60066754761283,69.12219269039716,0.022205005140969482,10.821913317007784,61.406369301539044,0.015403228105841797,1.5934355051406113,-0.0023390454166586014,0.011382457714584297
193,0,26.26418333333333,Forward,0.06609036783550981,374.29524321970166,19960.0,19976.261124795394,ok,0.0005240245988950694,0.004605327729405102,14554.265738975322,ok,16.309947408419248,69.12320223456618,0.02321454930999465,10.475581137745394,61.405876354182936,0.014910280749740918,1.5934355051406113,-0.0005440214282571021,0.011382457714584297
194,0,26.400616666666668,Forward,0.06606023243149445,374.3670743239527,19970.0,19976.22179509367,ok,0.0005294239802489869,0.003978715951061946,14554.685017466089,ok,16.270617706693884,69.12314625515208,0.02315856989588694,10.894859628511767,61.40647312871291,0.015507055279712224,1.5934355051406113,-0.0015509225669846916,0.011382457714584297
195,0,26.53595,Forward,0.0658538500666025,374.3849039407687,19960.0,19976.618724598025,ok,0.0005380225916328469,0.004047830796379047,14555.162779554312,ok,16.667547211050987,69.12371121954594,0.023723534289747165,11.372621716735011,61.407153145102775,0.016187071669573744,1.5934355051406113,-0.0020695204328073542,0.011382457714584297
196,0,26.67043333333333,Forward,0.06594742013152996,374.24254486570135,19975.0,19976.92448984808,ok,0.0005302898338485983,0.004321706634175737,14554.839627489106,ok,16.973312461104797,69.12414642649645,0.024158741240260868,11.049469651528852,61.406693190857396,0.015727117424198158,1.5934355051406113,-0.0009014060569720352,0.011382457714584297
197,0,26.804933333333334,Forward,0.06583645988417619,373.18426186982833,19970.0,19976.948755403064,ok,0.000524566618357531,0.0036735618530092202,14555.410648976596,ok,16.997578016089392,69.12418096455525,0.02419327929906745,11.620491139019578,61.40750594678766,0.016539873354458064,1.5934355051406113,-0.002161942154455171,0.011382457714584297
198,0,26.939983333333334,Forward,0.06577463618663165,372.9029696075231,19965.0,19977.146254396746,ok,0.0005297661389224874,0.004223362371738066,14555.289553704808,ok,17.19507700977192,69.12446207215253,0.024474386896333564,11.499395867231215,61.407333587423906,0.016367513990706406,1.5934355051406113,-0.001606191027343721,0.011382457714584297
199,0,27.075566666666667,Forward,0.06572308597264734,372.325964038675,19960.0,19977.52586101915,ok,0.0005395267010333432,0.004275937017670475,14555.891539911818,ok,17.57468363217413,69.12500238025,0.025014694993808335,12.101382074240973,61.40819041658078,0.01722434314757731,1.5934355051406113,-0.002431184930266745,0.011382457714584297
200,0,27.210883333333335,Forward,0.06553087366580992,372.45513369760374,19955.0,19977.778845954697,ok,0.0005305552425055312,0.004391626378168763,14556.390916212744,ok,17.827668567722867,69.12536246303347,0.025374777777272758,12.60075837516706,61.40890119727625,0.017935123843050748,1.5934355051406113,-0.0032036853433382306,0.011382457714584297
201,0,27.346466666666668,Forward,0.06553440558200052,372.57280348845234,19970.0,19977.92405957016,ok,0.0005168625471000371,0.0045387851130595964,14555.593761904045,ok,17.972882183184993,69.12556915092475,0.025581465668546275,11.803604066468324,61.4077665781666,0.016800504733401816,1.5934355051406113,-0.0011890550779390767,0.011382457714584297
202,0,27.4815,Forward,0.06547011009893247,372.7612517494017,19960.0,19978.14090858272,ok,0.0005218879050517939,0.004176875482149897,14555.998363285798,ok,18.1897311957473,69.1258778001171,0.025890114860900672,12.208205448221634,61.40834246222634,0.01737638879313555,1.5934355051406113,-0.0017980399932089296,0.011382457714584297
203,0,27.617866666666668,Forward,0.06549887450843539,372.19325311314606,19970.0,19978.204230749332,ok,0.0005356330962750879,0.005021932485126128,14556.247788281116,ok,18.253053362357605,69.1259679288908,0.02598024363461038,12.457630443539529,61.408697478015654,0.01773140458245462,1.5934355051406113,-0.0022736059830857427,0.011382457714584297
204,0,27.753183333333332,Forward,0.06538544189587915,372.1206847199064,19975.0,19978.675529633125,ok,0.0005483169415505826,0.005239826749155415,14556.03363285645,ok,18.724352246150374,69.12663874596358,0.02665106070738064,12.243475018873141,61.408392662706234,0.017426589273034653,1.5934355051406113,-0.0011170853737752888,0.011382457714584297
205,0,27.888233333333332,Forward,0.06531100756823247,371.82137798994154,19960.0,19978.886710635023,ok,0.000522223221009755,0.003957700781383671,14555.933024094618,ok,18.93553324804816,69.12693932766743,0.026951642411240675,12.142866257041533,61.40824946254721,0.017283389114010735,1.5934355051406113,-0.0005883234521847636,0.011382457714584297
206,0,28.02355,Forward,0.06530099488543846,371.4554640693641,19965.0,19979.1969513475,ok,0.0005316498500931738,0.00433334725707097,14556.220577198841,ok,19.245773960527004,69.12738090470857,0.027393219452383693,12.430419361264285,61.408658747479286,0.017692674046086924,1.5934355051406113,-0.00079891555353101,0.011382457714584297
207,0,28.159666666666666,Forward,0.06522852581709136,371.27023193339846,19970.0,19979.05396898604,ok,0.0005313449180753,0.004442772488600857,14556.895987500313,ok,19.10279159906713,69.12717739264336,0.027189707387172725,13.105829662736141,61.409620083856126,0.018654010422923004,1.5934355051406113,-0.002534255133975819,0.011382457714584297
208,0,28.29446666666667,Forward,0.06514826936001157,370.3678759158829,19975.0,19979.593099317688,ok,0.0005258497534455189,0.004149623086137522,14556.469561077525,ok,19.64192193071358,69.12794475671605,0.027957071459852663,12.679403239948442,61.409013135411044,0.018047061977842206,1.5934355051406113,-0.0007997578591142536,0.011382457714584297
209,0,28.429783333333333,Forward,0.06502208361008104,370.9872193077608,19980.0,19979.77773097789,ok,0.0005287036147351752,0.005258337877487126,14556.810509733255,ok,19.826553590915864,69.12820754976329,0.028219864507103055,13.020351895678687,61.40949842019967,0.01853234676647006,1.5934355051406113,-0.001310234824168137,0.011382457714584297
210,0,28.565616666666667,Forward,0.06486186177882845,371.4301194868531,19990.0,19979.80683324662,ok,0.0005292298661404873,0.004609946986480545,14557.050432295493,ok,19.855655859646504,69.12824897209505,0.028261286838859406,13.260274457916239,61.40983991082574,0.018873837392538468,1.5934355051406113,-0.0018129557806618873,0.011382457714584297
211,0,28.700666666666667,Forward,0.06499198573419446,369.975190299323,19975.0,19979.909346507193,ok,0.0005200471533677499,0.004530311820228681,14557.057095676986,ok,19.958169120218372,69.12839488299733,0.0284071977411377,13.266937839409366,61.409849395062224,0.01888332162902127,1.5934355051406113,-0.0016821573975344395,0.011382457714584297
212,0,28.835716666666666,Forward,0.0649019331945601,370.18905402972086,19975.0,19980.05755157699,ok,0.0005194180244044696,0.0036094076884443153,14556.760839529155,ok,20.10637419001432,69.12860582873581,0.02861814347962569,12.970681691578648,61.40942772276739,0.018461649334194915,1.5934355051406113,-0.0007993040529360139,0.011382457714584297
213,0,28.970233333333333,Forward,0.06473006414515545,370.2239947345115,19970.0,19980.3646340792,ok,0.0005242152102680009,0.005243776132830982,14557.062423249143,ok,20.413456692225736,69.12904291057988,0.02905522532368752,13.272265411565968,61.409856977992035,0.01889090455883919,1.5934355051406113,-0.00104621272458948,0.011382457714584297
214,0,29.10555,Forward,0.06473997869169792,369.59073665445976,19975.0,19980.607807314584,ok,0.0005346659202181036,0.00422587543161711,14557.449132470398,ok,20.656629927609174,69.12938902800886,0.029401342752660084,13.6589746328209,61.41040739548025,0.01944132204705366,1.5934355051406113,-0.0015771500639881683,0.011382457714584297
215,0,29.24085,Forward,0.06465018758609264,369.09043328896587,19975.0,19980.74747292464,ok,0.0005281303140380869,0.005229128737705056,14557.662905176132,ok,20.796295537664264,69.12958781921954,0.029600133963345453,13.8727473385552,61.41071166605171,0.01974559261851106,1.5934355051406113,-0.001863194385032442,0.011382457714584297
216,0,29.37615,Forward,0.06456229117725978,370.3770806827524,19970.0,19980.979575851714,ok,0.0005248650049407563,0.005064674823060261,14558.184907334578,ok,21.02839846473944,69.12991817987066,0.0299304946144656,14.394749497001612,61.41145465096415,0.020488577530953053,1.5934355051406113,-0.0027167322731811577,0.011382457714584297
217,0,29.511466666666667,Forward,0.06461508224781208,369.7926880971463,19985.0,19981.142092519996,ok,0.000532497090627396,0.004755368411672553,14558.079438181578,ok,21.190915133021917,69.13014949583479,0.0301618105785865,14.289280344000872,61.41130453283123,0.02033845939803037,1.5934355051406113,-0.002246212746095832,0.011382457714584297
218,0,29.64625,Forward,0.06463021631819856,369.13055202296164,19965.0,19981.391359112695,ok,0.0005325749132904691,0.0049962999103511235,14558.43097818515,ok,21.440181725720322,69.13050428616381,0.03051660090761873,14.640820347573026,61.411804892675626,0.020838819242425012,1.5934355051406113,-0.002688713558468659,0.011382457714584297
219,0,29.781833333333335,Forward,0.06441197537272916,369.4123536650877,19980.0,19981.323585320748,ok,0.000532459048461786,0.0047176036826273695,14558.356575519118,ok,21.372407933773502,69.13040782122768,0.030420135971486403,14.56641768154077,61.411698992618675,0.02073291918547515,1.5934355051406113,-0.002616433583860666,0.011382457714584297
220,0,29.9169,Forward,0.06441319198507381,369.0599467110551,19960.0,19981.552922701307,ok,0.0005313664172708278,0.004388667387775261,14558.421127753922,ok,21.60174531433222,69.1307342455745,0.030746560318315207,14.630969916344839,61.411790872193784,0.020824798760583765,1.5934355051406113,-0.00243641341420716,0.011382457714584297
221,0,30.051933333333334,Forward,0.06438830343019294,369.2857152693614,19970.0,19981.832141469073,ok,0.0005316507293722799,0.004297337727641567,14558.320306488418,ok,21.880964082098217,69.13113166793832,0.031143982682119622,14.530148650841511,61.41164736957045,0.020681296137251278,1.5934355051406113,-0.0018103288753039438,0.011382457714584297
222,0,30.18723333333333,Forward,0.06436994833668871,369.3120831239721,19975.0,19982.06017428594,ok,0.0005260803607532032,0.00518757662019347,14558.096808604321,ok,22.108996898965415,69.13145623545155,0.03146855019536175,14.306650766744497,61.411329256794176,0.020363183360972714,1.5934355051406113,-0.0009788691697006913,0.011382457714584297
223,0,30.321483333333333,Forward,0.06430992531343774,369.30590074567226,19980.0,19981.892172873937,ok,0.0005333431854364854,0.003969599079141213,14558.84461520468,ok,21.940995486962493,69.13121711284953,0.031229427593342976,15.054457367103169,61.41239363749165,0.02142756405844845,1.5934355051406113,-0.002914013766063636,0.011382457714584297
224,0,30.45705,Forward,0.06432728174295593,369.1137697483937,19990.0,19981.959855508147,ok,0.000524710264821244,0.004965245880278331,14557.762861545316,ok,22.008678121172125,69.1313134480375,0.031325762781308004,13.972703707739129,61.41085393763623,0.019887864203033186,1.5934355051406113,-0.0003642661612200601,0.011382457714584297
225,0,30.591316666666668,Forward,0.06424214698474048,368.72771259484216,19975.0,19982.081713190284,ok,0.0005266114586708909,0.004210274552735304,14558.634567981037,ok,22.130535803309613,69.131486892568,0.03149920731181104,14.844410143459754,61.41209466953617,0.021128596102967464,1.5934355051406113,-0.002167847892432878,0.011382457714584297
226,0,30.726933333333335,Forward,0.06421412659572043,368.4954419508067,19975.0,19982.091232453917,ok,0.0005358594425719771,0.004558503465477141,14558.854463079162,ok,22.140055066942296,69.1315004416868,0.03151275643060719,15.064305241585316,61.41240765433438,0.02144158090117882,1.5934355051406113,-0.0026530198636759636,0.011382457714584297
227,0,30.8625,Forward,0.06425784084849623,368.33274256816367,19985.0,19982.172182414924,ok,0.0005380644874413364,0.00480997733514847,14559.247375457358,ok,22.221005027950014,69.13161566075001,0.031627975493820466,15.457217619781659,61.41296690100451,0.022000827571308355,1.5934355051406113,-0.003428924300778749,0.011382457714584297
228,0,30.998066666666666,Forward,0.06421591887075699,368.164361729283,19985.0,19982.43853076017,ok,0.0005377902072266688,0.004403253764690834,14559.14063445092,ok,22.48735337319522,69.13199476416706,0.03200707891086389,15.350476613342835,61.41281497259571,0.021848899162508373,1.5934355051406113,-0.002807732762913913,0.011382457714584297
229,0,31.132316666666668,Forward,0.06425323063186694,368.8277830256411,19980.0,19982.170198414387,ok,0.0005318024871568779,0.004565516679212114,14558.849784865619,ok,22.219021027412964,69.13161283684892,0.031625151592728384,15.059627028042087,61.412400995660605,0.021434922227409836,1.5934355051406113,-0.0025300145343541275,0.011382457714584297
230,0,31.2669,Forward,0.06421729019407893,368.1079442256596,19975.0,19982.321489956277,ok,0.0005317318977033726,0.0045734875749561185,14558.964340206443,ok,22.37031256930277,69.1318281756769,0.03184049042071094,15.17418236886624,61.41256404649957,0.021597973066366728,1.5934355051406113,-0.0025744867023084483,0.011382457714584297
231,0,31.40245,Forward,0.06418695597354895,368.9412140411878,19990.0,19982.44087493563,ok,0.0005294245369494924,0.004795992542806247,14559.039150738019,ok,22.489697548655386,69.13199810071839,0.032010415462199626,15.248992900442317,61.412670527086576,0.02170445365337851,1.5934355051406113,-0.0025742316087725425,0.011382457714584297
232,0,31.537483333333334,Forward,0.06420703416908742,369.17042538873284,19975.0,19982.238631578864,ok,0.0005261975615909325,0.00507913922907782,14558.299867664762,ok,22.287454191889992,69.13171024029428,0.03172255503808658,14.509709827185361,61.41161827823939,0.020652204806192842,1.5934355051406113,-0.001185401359536667,0.011382457714584297
233,0,31.67255,Forward,0.06427774411370639,368.6139210919682,19965.0,19982.30395981802,ok,0.0005276969814350709,0.004541661295804434,14559.28758308523,ok,22.352782431044034,69.13180322438498,0.031815539128789025,15.497425247653155,61.41302413000326,0.022058056570059076,1.5934355051406113,-0.003332551384343241,0.011382457714584297
234,0,31.80785,Forward,0.0641945483356014,368.9427033355714,19985.0,19982.42679280606,ok,0.000524733566885339,0.004647946015218317,14558.811384596893,ok,22.475615419087262,69.13197805710433,0.03199037184813621,15.02122675931605,61.41234633914274,0.02138026570954777,1.5934355051406113,-0.002077702642797531,0.011382457714584297
235,0,31.942633333333333,Forward,0.06438949258328763,368.4143721637811,19975.0,19982.00751079158,ok,0.0005294029941259126,0.004596185860589895,14558.271258795177,ok,22.05633340460554,69.13138127755892,0.03139359230273097,14.481100957600574,61.411577558180824,0.020611484747626842,1.5934355051406113,-0.0014494793078018084,0.011382457714584297
236,0,32.077416666666664,Forward,0.06434324241129655,369.4097758357566,19990.0,19981.53751559467,ok,0.0005306793521372573,0.003815668501970051,14558.656010395935,ok,21.586338207696826,69.13071231607175,0.030724630815555,14.865852558357801,61.41212518931563,0.021159115882431568,1.5934355051406113,-0.0029910556888960785,0.011382457714584297
237,0,32.21191666666667,Forward,0.06453637417920893,369.8736206458161,19975.0,19981.10203137889,ok,0.00052584086914052,0.005651447997636751,14558.463032459093,ok,21.150853991915938,69.13009247533604,0.03010479007984845,14.672874621515803,61.41185051670521,0.020884443272006895,1.5934355051406113,-0.003173223334862297,0.011382457714584297
238,0,32.34748333333334,Forward,0.06458606648899044,370.59814116209964,19970.0,19980.834196418076,ok,0.0005238293023220244,0.0040968769425193145,14558.198301662964,ok,20.883019031101867,69.12971125596427,0.029723570708071127,14.408143825387015,61.41147371560544,0.020507642172241637,1.5934355051406113,-0.0029540344558976264,0.011382457714584297
239,0,32.4828,Forward,0.06477301432128425,370.115904138147,19980.0,19980.180850909717,ok,0.0005256603436481874,0.004388072140244069,14558.016500001553,ok,20.229673522742814,69.12878132522074,0.02879363996455227,14.22634216397637,61.411214950599785,0.020248877166581487,1.5934355051406113,-0.0034716398519096907,0.011382457714584297
240,0,32.61893333333333,Forward,0.06510395367440065,371.26013942118516,19980.0,19979.54599718548,ok,0.0005319559337472893,0.004211176765827981,14557.068681174593,ok,19.59481979850534,69.12787771451515,0.027890029258956932,13.27852333701594,61.40986588512799,0.018899811694791182,1.5934355051406113,-0.0022256017359950885,0.011382457714584297
241,0,32.75395,Forward,0.06529176758249619,373.06245630988997,19970.0,19978.6061316457,ok,0.0005166453313146939,0.004163435276406601,14556.062898193277,ok,18.65495425872723,69.12653996925016,0.026552283993961114,12.27274035570008,61.40843431713883,0.017468243705622943,1.5934355051406113,-0.0012822357390274847,0.011382457714584297
242,0,32.889516666666665,Forward,0.0656838845528578,373.3694980577311,19975.0,19977.19188298766,ok,0.0005295590054487718,0.003924231468507188,14555.768892357526,ok,17.240705600685033,69.12452701700778,0.02453933175159111,11.978734519949285,61.40801584779612,0.017049774362923542,1.5934355051406113,-0.002628384072927408,0.011382457714584297
243,0,33.02483333333333,Forward,0.06616182824040742,373.20538156527255,19975.0,19976.059900250297,ok,0.0005343496273308122,0.004391998100386549,14555.926594926366,ok,16.108722863322328,69.12291582425428,0.02292813899808142,12.136437088789535,61.408240311675065,0.01727423824186683,1.5934355051406113,-0.004597245540766917,0.011382457714584297
244,0,33.1599,Forward,0.06666764890608765,375.4102584928514,19975.0,19974.49694579807,ok,0.0005245788094195757,0.004049015634903951,14554.943423941122,ok,14.545768411095196,69.12069121357393,0.02070352831774453,11.15326610354532,61.40684092817335,0.01587485474015633,1.5934355051406113,-0.004592028864170296,0.011382457714584297
245,0,33.295716666666664,Forward,0.06716770710056329,376.91606564627,19960.0,19972.730664344155,ok,0.0005310290826658583,0.004879989867232324,14553.275261666578,ok,12.77948695718078,69.11817720007772,0.018189514821535514,9.485103829001673,61.40446657132169,0.013500497888491924,1.5934355051406113,-0.0033226578510633722,0.011382457714584297
246,0,33.4305,Forward,0.06778500990496916,377.9451816618748,19970.0,19970.776908329124,ok,0.0005514353312208533,0.004448533637635446,14552.29759426965,ok,10.825730942149676,69.11539634712861,0.015408661872418983,8.507436432073519,61.40307502128009,0.012108947846886826,1.5934355051406113,-0.0038861655567064435,0.011382457714584297
247,0,33.56581666666667,Forward,0.06854331841428579,379.9733814770552,19950.0,19968.53438027635,ok,0.000533924840105156,0.004489430091839089,14550.36940932814,ok,8.583202889374661,69.1122044742944,0.01221678903821728,6.579251490562456,61.40033056458243,0.009364491149228105,1.5934355051406113,-0.0027049236465377883,0.011382457714584297
248,0,33.701033333333335,Forward,0.06933912800959166,382.87075700045534,19975.0,19966.02723481503,ok,0.0005432038890753514,0.0039022108513173857,14549.217295811291,ok,6.0760574280539,69.10863596174917,0.008648276492976583,5.427137973714707,61.39869071894849,0.007724645515282827,1.5934355051406113,-0.0036604479357002662,0.011382457714584297
249,0,33.83635,Forward,0.07039377988529447,385.37616736864584,19945.0,19962.74520170613,ok,0.0005281545361685961,0.004319343809944848,14546.831756866848,ok,2.7940243191551417,69.10396452305378,0.003976837797580468,3.0415990292713104,61.395295293440974,0.004329220007772797,1.5934355051406113,-0.00292149507236982,0.011382457714584297
250,0,33.97085,Forward,0.0711990762739419,387.7296415073288,19960.0,19960.021034883164,ok,0.0005297003504900927,0.002727281002828927,14545.242904197547,ok,0.06985749618979753,69.10008711600537,9.943074918400325e-05,1.4527463599697512,61.3930338208737,0.002067747440499051,1.5934355051406113,-0.003195391438170808,0.011382457714584297
251,0,34.10561666666667,Forward,0.07229660421819248,390.6155696076021,19955.0,19956.21437300815,ok,0.0005293045438573834,0.004774232400914969,14542.961454218988,ok,-3.7368043788228533,69.09466895385003,-0.005318731406160595,-0.8287036185884062,61.38978654902792,-0.0011795244052817022,1.5934355051406113,-0.0034392353396048665,0.011382457714584297
252,0,34.24065,Forward,0.07345302284601643,394.09353500677025,19955.0,19952.690919250574,ok,0.0005320105421272205,0.003921773131366034,14540.230844650205,ok,-7.260258136400807,69.08965389224691,-0.010333793009275042,-3.5593131873720267,61.385899971781924,-0.005066101651272608,1.5934355051406113,-0.002261286765485789,0.011382457714584297
253,0,34.37566666666667,Forward,0.07486843558143319,397.6517831096753,19950.0,19948.53979614645,ok,0.0005369252496422778,0.003688440634328565,14538.003821086035,ok,-11.411381240523042,69.08374544572779,-0.016242239528407223,-5.786336751541967,61.38273016705783,-0.008235906375367287,1.5934355051406113,-0.003118853892883069,0.011382457714584297
254,0,34.5115,Forward,0.07617263698444307,401.143392042959,19940.0,19944.47167433816,ok,0.0005296787334922637,0.0022191992760326454,14535.3117501535,ok,-15.479503048813058,69.07795513801233,-0.02203254724386087,-8.478407684076956,61.3788984432733,-0.012067630159901168,1.5934355051406113,-0.0028035568841686745,0.011382457714584297
255,0,34.646033333333335,Forward,0.0776549963333523,405.2110862246918,19935.0,19940.093564514107,ok,0.0005380361070522954,0.0026542405093965844,14532.526176193593,ok,-19.85761287286732,69.07172361292828,-0.028264072327909572,-11.263981643984152,61.3749336331835,-0.01603244024969471,1.5934355051406113,-0.0027174128000006133,0.011382457714584297
256,0,34.7824,Forward,0.07912847181114047,409.4138541300563,19935.0,19935.43996044696,ok,0.0005318035681091149,0.0037177148707993103,14529.563564088678,ok,-24.511216940012673,69.06509996673368,-0.034887718522511726,-14.226593748899177,61.37071683817652,-0.020249235256675213,1.5934355051406113,-0.002621868112580382,0.011382457714584297
257,0,34.918,Forward,0.08078864264786229,413.15610813258536,19925.0,19930.600961873286,ok,0.0005254859976921993,0.0032499338995523744,14526.25446410317,ok,-29.350215513688454,69.05821244170453,-0.04177524355166065,-17.535693734405868,61.36600687419801,-0.024959199235197505,1.5934355051406113,-0.002004369310418558,0.011382457714584297
258,0,35.05385,Forward,0.08220754556014322,416.99144721498305,19915.0,19926.07575692742,ok,0.0005338084240409551,0.0020430350055638223,14523.939013488764,ok,-33.875420459553425,69.05177155071188,-0.0482161345443187,-19.85114434881325,61.362711207993996,-0.028254865439201974,1.5934355051406113,-0.0031938287605239035,0.011382457714584297
259,0,35.189433333333334,Forward,0.08375415529893676,421.1551772454404,19915.0,19921.32093547362,ok,0.0005408592847001086,0.0023590737935072262,14519.796813375684,ok,-38.63024191335353,69.0450038380801,-0.05498384717608868,-23.993344461892775,61.35681546189691,-0.034150611536293146,1.5934355051406113,-0.0005670502318946211,0.011382457714584297
260,0,35.325266666666664,Forward,0.0853502080879604,425.01051638499484,19895.0,19916.50604786792,ok,0.0005247967928814993,0.0021093103202291137,14516.618351119778,ok,-43.44512951905563,69.03815063108037,-0.061837054175821526,-27.171806717798972,61.35229143941406,-0.0386746340191371,1.5934355051406113,-0.00021151918140953352,0.011382457714584297
261,0,35.459783333333334,Forward,0.08690789118701313,429.154668255007,19890.0,19911.76330337003,ok,0.0005204642467634565,0.0022893824582039136,14514.093818383732,ok,-48.18787401694499,69.03140010802508,-0.06858757723110274,-29.696339453845212,61.34869817891983,-0.04226789451336706,1.5934355051406113,-0.00123641338596564,0.011382457714584297
262,0,35.594033333333336,Forward,0.08837506502389238,433.104476755987,19895.0,19907.125454368528,ok,0.0005215206927036719,0.0017661376300858245,14510.864745649595,ok,-52.8257230184463,69.02479888659613,-0.07518879866006237,-32.92541218798215,61.34410212067789,-0.04686395275531367,1.5934355051406113,-0.0005141124285133886,0.011382457714584297
263,0,35.72933333333334,Forward,0.08981605867260528,436.82776351357825,19890.0,19902.871796642772,ok,0.0005266705397331168,0.002705915879575315,14507.604592092928,ok,-57.07938074420235,69.01874449877073,-0.08124318648545967,-36.18556574464856,61.33946182395563,-0.051504249477565454,1.5934355051406113,0.0008255132977129098,0.011382457714584297
264,0,35.86566666666667,Forward,0.09115115623286549,440.01606763285236,19905.0,19898.851169666985,ok,0.000531022755830713,0.002239468044054043,14505.360268039805,ok,-61.10000771998966,69.01302179220097,-0.08696589305521404,-38.429889797771466,61.33626739480794,-0.05469867862526057,1.5934355051406113,0.0001929235505519905,0.011382457714584297
265,0,36.0015,Forward,0.09243361964631705,443.42579941864824,19875.0,19894.958784082268,ok,0.0005415679068478572,0.002109163807570972,14502.527356566696,ok,-64.99239330470664,69.00748161632995,-0.09250606892624601,-41.26280127088103,61.332235207490804,-0.05873086594239462,1.5934355051406113,0.0010777781140190873,0.011382457714584297
266,0,36.1376,Forward,0.09380032360217497,446.24701750138047,19885.0,19891.293501538537,ok,0.0005345179187628667,0.001981358491131114,14500.403475150075,ok,-68.65767584843707,69.00226468458787,-0.0977230006683171,-43.38668268750189,61.329212208787,-0.06175386464619639,1.5934355051406113,0.0006777998385797818,0.011382457714584297
267,0,36.27265,Forward,0.09493237667713561,449.1481135289905,19885.0,19887.751996972074,ok,0.0005296977356936349,0.0019815063950452626,14498.567940863835,ok,-72.19918041490018,68.99722393060314,-0.1027637546530473,-45.222216973741524,61.32659962518198,-0.06436644825122383,1.5934355051406113,-0.0001999706697514425,0.011382457714584297
268,0,36.40743333333333,Forward,0.09598286658520463,451.85996915429496,19870.0,19884.45034518051,ok,0.0005308210029095338,0.0013483176643333242,14496.067951767418,ok,-75.50083220646411,68.99252456791359,-0.10746311734260004,-47.72220607015879,61.32304129855468,-0.06792477487852301,1.5934355051406113,0.0007706306275215707,0.011382457714584297
269,0,36.54246666666667,Forward,0.09695847979257975,454.299001772466,19880.0,19881.5793792234,ok,0.0005242329385958571,0.0012476074759595495,14494.282172987587,ok,-78.37179816357457,68.98843821624675,-0.11154946900945169,-49.50798484998995,61.32049953379584,-0.07046653963735558,1.5934355051406113,0.0007344171731089033,0.011382457714584297
270,0,36.677233333333334,Forward,0.09795722823398709,456.4772278517412,19870.0,19879.04167493069,ok,0.0005289853724961843,0.0012601860994979556,14492.389083939912,ok,-80.90950245628483,68.98482620819043,-0.11516147706576811,-51.4010738976649,61.31780503037747,-0.07316104305572804,1.5934355051406113,0.001415926532349912,0.011382457714584297
271,0,36.813066666666664,Forward,0.09868301821543038,458.69431137854554,19855.0,19876.719190413958,ok,0.0005255825511507959,0.0010865106655396886,14490.787973643972,ok,-83.23198697301632,68.98152053037398,-0.11846715488221103,-53.00218419360499,61.3155261110784,-0.07543996235479669,1.5934355051406113,0.001741559640393131,0.011382457714584297
272,0,36.94838333333333,Forward,0.09943135774561196,460.136800048851,19865.0,19874.61010849408,ok,0.0005339137798691006,0.0017658730558964184,14489.995707068127,ok,-85.34106889289615,68.97851859633938,-0.12146908891681095,-53.79445076945012,61.31439844885908,-0.07656762457411957,1.5934355051406113,0.0005364826238679482,0.011382457714584297
273,0,37.083666666666666,Forward,0.10009726566932502,462.0384120272174,19860.0,19872.56100189971,ok,0.0005267217199388051,0.0022721049614761075,14488.219197318293,ok,-87.39017548726406,68.97560202739619,-0.12438565785999674,-55.5709605192842,61.31186987705229,-0.07909619638091281,1.5934355051406113,0.0016490297749240518,0.011382457714584297
274,0,37.21843333333333,Forward,0.10076435820247207,462.2850302471961,19855.0,19870.89400543515,ok,0.000529960135025307,0.0021195853324862627,14487.291611288965,ok,-89.05717195182297,68.97322932988484,-0.12675835537133961,-56.49854654861156,61.31054960966712,-0.08041646376607718,1.5934355051406113,0.001380093191381243,0.011382457714584297
275,0,37.35346666666667,Forward,0.10122190319773623,464.27998423223835,19855.0,19869.361579645254,ok,0.0005258848581311008,0.0011760357678562109,14486.183907528368,ok,-90.58959774172035,68.97104817177485,-0.12893951348133553,-57.60625030920892,61.308972974076134,-0.08199309935706504,1.5934355051406113,0.001711202210733731,0.011382457714584297
276,0,37.48905,Forward,0.101697717545155,465.32152584124924,19865.0,19868.172460346905,ok,0.000531929343308976,0.0018361797481186626,14485.292404532282,ok,-91.77871704006975,68.96935565444812,-0.1306320308080774,-58.49775330529519,61.307704065002156,-0.08326200843104338,1.5934355051406113,0.002040609655264064,0.011382457714584297
277,0,37.62381666666667,Forward,0.10205418374919016,465.68828445173494,19855.0,19867.16563977361,ok,0.0005219977608084448,0.0006788618950551658,14484.565198772661,ok,-92.78553761336298,68.96792260961604,-0.13206507564015132,-59.22495906491531,61.306669006240625,-0.08429706719257557,1.5934355051406113,0.0022568642037223696,0.011382457714584297
278,0,37.758833333333335,Forward,0.10241553913430335,466.5928626498171,19870.0,19866.087522110985,ok,0.0005186168093526937,0.0011928963314770363,14483.361918419834,ok,-93.863655275989,68.9663880850088,-0.13359960024739123,-60.42823941774259,61.30495633296309,-0.08600974047011398,1.5934355051406113,0.003451374005617708,0.011382457714584297
279,0,37.893633333333334,Forward,0.10270453365254628,467.0151839746686,19855.0,19864.88786399458,ok,0.0005358491813590936,0.0019112156813626917,14482.946816401502,ok,-95.06331339239478,68.96468056739387,-0.13530711786231997,-60.84334143607521,61.304365502960266,-0.08660057047293095,1.5934355051406113,0.002685305894679857,0.011382457714584297
280,0,38.02838333333333,Forward,0.10295709269319041,468.5324172785331,19855.0,19864.51478612456,ok,0.0005226678941574209,0.0019747928565569204,14483.090345908027,ok,-95.43639126241396,68.96414955191031,-0.1358381333458866,-60.69981192954947,61.30456979379722,-0.08639627963598066,1.5934355051406113,0.0018287661381417575,0.011382457714584297
281,0,38.162933333333335,Forward,0.10316036698713044,469.0212620816965,19860.0,19863.673037871074,ok,0.0005354268241962572,0.0018376387763062191,14482.74808166854,ok,-96.27813951589997,68.96295146059536,-0.13703622466082643,-61.04207616903659,61.30408263648974,-0.0868834369434604,1.5934355051406113,0.0014069285735288373,0.011382457714584297
282,0,38.29783333333334,Forward,0.10338965899470091,469.5210997681388,19855.0,19863.255839090383,ok,0.0005265594517693807,0.0014079740920591123,14481.992833119624,ok,-96.69533829659122,68.9623576461934,-0.1376300390627924,-61.797324717952506,61.30300766339258,-0.08795841004061827,1.5934355051406113,0.0025260144716451882,0.011382457714584297
283,0,38.432066666666664,Forward,0.10342403083318594,469.7671250961939,19850.0,19862.948495166387,ok,0.000529590565076295,0.002110042473054882,14481.83188498758,ok,-97.0026822205873,68.96192019225808,-0.13806749299811602,-61.95827284999723,61.3027785799839,-0.08818749344929776,1.5934355051406113,0.0024535901733500898,0.011382457714584297
284,0,38.567366666666665,Forward,0.10366084426397755,469.92026931531655,19845.0,19862.334210777837,ok,0.0005341975751454307,0.0024839712087476036,14481.757553220326,ok,-97.61696660913731,68.96104585864612,-0.13894182661006824,-62.0326046172504,61.3026727808398,-0.08829329259340211,1.5934355051406113,0.0017478406740272512,0.011382457714584297
285,0,38.70218333333333,Forward,0.10383616138922938,470.2762589298509,19845.0,19861.935117222118,ok,0.0005346863989370913,0.0021282871937456185,14481.23676768978,ok,-98.01606016485675,68.96047781407819,-0.13950987117799662,-62.55339014779747,61.30193152759869,-0.08903454583451163,1.5934355051406113,0.0023609353387833154,0.011382457714584297
286,0,38.8373,Forward,0.10393688270603424,469.9621194559186,19840.0,19861.826894784474,ok,0.0005256691824094362,0.0014097338083290153,14481.26397410611,ok,-98.1242826025009,68.96032377709375,-0.1396639081624348,-62.52618373146652,61.30197025149384,-0.08899582193935443,1.5934355051406113,0.0021451943249043426,0.011382457714584297
287,0,38.97266666666667,Forward,0.10391455567610708,470.9171185845007,19855.0,19861.501603157478,ok,0.0005253148175713684,0.0010662401153680365,14481.168719618801,ok,-98.44957422949665,68.95986077753122,-0.14012690772496697,-62.62143821877544,61.3018346722711,-0.08913140116209857,1.5934355051406113,0.001898231509652043,0.011382457714584297
288,0,39.10851666666667,Forward,0.10407698368053739,471.51988790565156,19855.0,19861.460704182435,ok,0.0005265343181537344,0.0012271218143972845,14480.961036330946,ok,-98.49047320453974,68.95980256451256,-0.1401851207436292,-62.829121506631054,61.301539068992554,-0.08942700444064117,1.5934355051406113,0.00231104325045553,0.011382457714584297
289,0,39.24381666666667,Forward,0.1040891087332366,471.54437798564686,19845.0,19861.21404191073,ok,0.00052600758437306,0.001832327039891812,14480.816719410102,ok,-98.73713547624357,68.9594514810096,-0.14053620424659793,-62.97343842747432,61.30133365739979,-0.08963241603341265,1.5934355051406113,0.0022872698725763807,0.011382457714584297
290,0,39.37886666666667,Forward,0.10417429005818973,470.9569957719068,19855.0,19861.044017555032,ok,0.000530692376442612,0.0023867154947836986,14480.982670171605,ok,-98.90715983194241,68.95920947907724,-0.1407782061789422,-62.807487665972076,61.301569861235365,-0.08939621219783582,1.5934355051406113,0.001668892362173574,0.011382457714584297
291,0,39.514716666666665,Forward,0.1042135031117479,470.88551438799914,19850.0,19860.98206691357,ok,0.0005179302266863339,0.0011314868356247806,14480.370837575363,ok,-98.96911047340473,68.95912130244584,-0.14086638281035613,-63.41932026221366,61.30069901734977,-0.09026705608342557,1.5934355051406113,0.0029683492974929837,0.011382457714584297
292,0,39.65125,Forward,0.10429034904546547,470.59324938288773,19840.0,19860.907327515746,ok,0.0005285356285617126,0.0016722288551522587,14480.59051989839,ok,-99.0438498712283,68.95901492310611,-0.1409727621500761,-63.199637939187596,61.30101169929735,-0.08995437413585594,1.5934355051406113,0.0023637314406990684,0.011382457714584297
293,0,39.78628333333333,Forward,0.10435911672066078,470.5355247002881,19855.0,19860.689490338835,ok,0.0005271550971998888,0.0013703807790429593,14480.58396298314,ok,-99.26168704813972,68.95870486742302,-0.14128281783317104,-63.206194854436035,61.30100236659819,-0.08996370683500847,1.5934355051406113,0.0020685468117925543,0.011382457714584297
294,0,39.92111666666667,Forward,0.10445303286006397,470.8998634765958,19865.0,19860.640465863722,ok,0.0005279801592990168,0.0014391042213495644,14480.132586803926,ok,-99.3107115232524,68.95863508908062,-0.14135259617557772,-63.65757103365104,61.30035990624518,-0.09060616718802804,1.5934355051406113,0.0030224876065324258,0.011382457714584297
295,0,40.05628333333333,Forward,0.10424706282355196,471.36366432659634,19855.0,19860.509860312526,ok,0.0005279931262384036,0.0007533757031349384,14480.39030269224,ok,-99.4413170744483,68.95844919338565,-0.14153849187054676,-63.399855145336915,61.30072672276808,-0.09023935066511583,1.5934355051406113,0.002252093440082842,0.011382457714584297
296,0,40.190783333333336,Forward,0.104244333841989,471.18384729825266,19860.0,19860.670668359053,ok,0.0005298245733120116,0.0019382087419406622,14480.003902124514,ok,-99.28050902792165,68.95867807740544,-0.14130960785074853,-63.78625571306293,61.30017674459781,-0.09078932883538603,1.5934355051406113,0.003357332203441865,0.011382457714584297
297,0,40.326633333333334,Forward,0.10443636731906053,471.5370030927661,19850.0,19860.801083331855,ok,0.0005306155094175768,0.0020629983003523813,14480.19330915022,ok,-99.15009405511955,68.95886370184316,-0.14112398341303187,-63.596848687357124,61.3004463345988,-0.09051973883440068,1.5934355051406113,0.003113382361757594,0.011382457714584297
298,0,40.461666666666666,Forward,0.10412116705440753,470.8604248034462,19860.0,19860.97878356249,ok,0.0005267631443609532,0.0016610585837058618,14480.564876935006,ok,-98.97239382448606,68.95911662913122,-0.14087105612497028,-63.225280902570375,61.30097520072239,-0.08999087271080515,1.5934355051406113,0.0025235955910159757,0.011382457714584297
299,0,40.596983333333334,Forward,0.10395569093074672,470.6328600181405,19865.0,19861.48020942069,ok,0.0005345011291532371,0.002220236055643196,14480.230678606895,ok,-98.47096796628466,68.95983032703711,-0.14015735821908287,-63.55947923068197,61.300499523923875,-0.09046654950932503,1.5934355051406113,0.003995253796636594,0.011382457714584297
300,0,40.73258333333333,Forward,0.10369420587899456,470.05813824240977,19835.0,19862.075164684484,ok,0.0005203834179307756,0.0018259749563316835,14480.170973230152,ok,-97.8760127024907,68.96067714879335,-0.13931053646284247,-63.61918460742527,61.3004145430605,-0.09055153037270681,1.5934355051406113,0.004977487077847009,0.011382457714584297
301,0,40.86815,Forward,0.10325914974031683,469.33144907114547,19860.0,19863.327704111176,ok,0.0005282454628943518,0.001589194764843917,14480.812437629835,ok,-96.62347327579846,68.96245993432635,-0.13752775092984623,-62.977720207742095,61.30132756298411,-0.08963851044908866,1.5934355051406113,0.0053054342476493155,0.011382457714584297
302,0,41.00265,Forward,0.10288968287961095,467.5269039089071,19840.0,19864.41786395192,ok,0.0005248188241227625,0.001668690176761413,14480.129709555913,ok,-95.53331343505488,68.96401159900955,-0.1359760862466325,-63.660448281663776,61.30035581095203,-0.09061026248117622,1.5934355051406113,0.008405523120983915,0.011382457714584297
303,0,41.13848333333333,Forward,0.10219755864008787,467.14362291051657,19850.0,19866.006809619117,ok,0.0005317582038245592,0.0016130950055454924,14480.503650716213,ok,-93.94436776785733,68.96627320394417,-0.1337144813120256,-63.286507121363684,61.300888055188466,-0.090078018244733,1.5934355051406113,0.00981903119183572,0.011382457714584297
304,0,41.2738,Forward,0.1016628968779954,465.017125472983,19860.0,19868.06423155666,ok,0.0005256756778456809,0.001820195446626791,14479.81874732976,ok,-91.88694583031611,68.96920160842178,-0.13078607683440843,-63.97141050781647,61.299913206953875,-0.09105286647932528,1.5934355051406113,0.014300793458575878,0.011382457714584297
305,0,41.40936666666666,Forward,0.10069833130579536,463.71792826157616,19865.0,19870.428971741203,ok,0.0005243506117121709,0.0018246627842303444,14480.761897309327,ok,-89.52220564577146,68.97256743028771,-0.12742025496847773,-63.02826052825003,61.30125562708308,-0.08971044635011853,1.5934355051406113,0.015527555427813089,0.011382457714584297
306,0,41.5444,Forward,0.09970883596791882,461.00153949610103,19870.0,19873.112202311415,ok,0.0005227971374003478,0.0018417309793882979,14480.001494464244,ok,-86.83897507555957,68.9763865712587,-0.12360111399748264,-63.78866337333238,61.30017331768621,-0.09079275574699079,1.5934355051406113,0.021071286619331775,0.011382457714584297
307,0,41.67945,Forward,0.09840101650670821,458.6876628188729,19880.0,19876.44660472162,ok,0.0005348933473294569,0.0018733656095665198,14480.677510429481,ok,-83.50457266535523,68.98113254911092,-0.11885513614527349,-63.112647408095654,61.30113551612661,-0.08983055730659419,1.5934355051406113,0.02428406331362204,0.011382457714584297
308,0,41.814483333333335,Forward,0.09710809679037471,455.53704944808123,19880.0,19880.320802753773,ok,0.0005249726920945511,0.0013327625430886022,14480.56877155955,ok,-79.63037463320143,68.98664683796801,-0.11334084728817438,-63.22138627802633,61.30098074408506,-0.08998532934814078,1.5934355051406113,0.030044971436924597,0.011382457714584297
309,0,41.950066666666665,Forward,0.09549376168070475,452.5944611396699,19870.0,19884.80447169317,ok,0.0005246426287966082,0.0019933440042005962,14480.46975164423,ok,-75.14670569380542,68.9930286092317,-0.10695907602448715,-63.32040619334657,61.30083980538984,-0.09012626804336224,1.5934355051406113,0.03665131942162589,0.011382457714584297
310,0,42.08565,Forward,0.09362563371887142,447.92581817951213,19895.0,19890.322528566358,ok,0.0005239930875142673,0.0015624795242420479,14480.004129182342,ok,-69.62864882061695,69.00088266296777,-0.09910502228843013,-63.786028655234986,61.30017706777759,-0.09078900565561046,1.5934355051406113,0.045561402799631334,0.011382457714584297
311,0,42.222116666666665,Forward,0.09133279451082785,442.50459143136686,19890.0,19896.741172741982,ok,0.0005244743331657635,0.0013703618279273884,14481.059384475539,ok,-63.210004644992296,69.01001855580586,-0.08996912945033116,-62.730773362038235,61.30167905153174,-0.08928702190145664,1.5934355051406113,0.05230398139571722,0.011382457714584297
312,0,42.357416666666666,Forward,0.0888908629559258,435.7185697676141,19900.0,19904.011590545502,ok,0.0005279210151630927,0.0012066209388319241,14481.979445677327,ok,-55.93958684147219,69.02036680944381,-0.07962087581237301,-61.81071216024975,61.30298860855252,-0.08797746488068377,1.5934355051406113,0.06056554038076972,0.011382457714584297
313,0,42.49386666666667,Forward,0.08585506116580949,428.6243973902383,19895.0,19912.635825903257,ok,0.0005165660130951162,0.00153679131343168,14483.596350453101,ok,-47.31535148371768,69.03264200150669,-0.0673456837495069,-60.193807384475804,61.305290008716895,-0.08567606471630347,1.5934355051406113,0.06917359971017582,0.011382457714584297
314,0,42.62813333333333,Forward,0.08260766054488586,420.9691715518784,19915.0,19922.406105983453,ok,0.0005220451814963157,0.0018334944245004187,14486.70707594852,ok,-37.54507140352143,69.04654840126473,-0.053439283991461535,-57.08308188905721,61.309717618971845,-0.08124845446135101,1.5934355051406113,0.07602488808505528,0.011382457714584297
315,0,42.76425,Forward,0.07902960903423686,411.01037099092355,19935.0,19933.307397559744,ok,0.0005257072554492738,0.0010902903977233458,14491.198408430831,ok,-26.6437798272309,69.06206461137279,-0.03792307388340251,-52.59174940674529,61.31611029803864,-0.07485577539456327,1.5934355051406113,0.08135477639512556,0.011382457714584297
316,0,42.900816666666664,Forward,0.07524906470397298,401.55419401691324,19935.0,19944.988756011353,ok,0.000533084711035274,0.0017780288762848668,14496.200393233614,ok,-14.962421375621489,69.07869111941675,-0.021296565839444826,-47.589764603962976,61.323229807375135,-0.06773626605806515,1.5934355051406113,0.08663680548312706,0.011382457714584297
317,0,43.035833333333336,Forward,0.0718280795234574,391.7426034614946,19960.0,19956.114414214528,ok,0.0005282106329014828,0.001974167896487477,14502.127788364494,ok,-3.8367631724468083,69.09452667881472,-0.0054610064414775715,-41.662369473082435,61.331666487341046,-0.05929958609215564,1.5934355051406113,0.08902905947790563,0.011382457714584297
318,0,43.17146666666667,Forward,0.06854843131493868,383.12893755019104,19950.0,19966.116904165225,ok,0.000530853859182447,0.0021961724162856498,14507.450642420408,ok,6.165726778250246,69.10876359144041,0.008775906184207451,-36.33951541716851,61.33924270171235,-0.05172337172084916,1.5934355051406113,0.09119376312979435,0.011382457714584297
319,0,43.3073,Forward,0.06611372136254165,376.33134601842903,19975.0,19974.17240108957,ok,0.0005321837979264367,0.0019167705382879706,14512.004781329237,ok,14.221223702596035,69.12022927712803,0.020241591871838983,-31.78537650834005,61.34572477548096,-0.04524129795223668,1.5934355051406113,0.09233068232757813,0.011382457714584297
320,0,43.44291666666667,Forward,0.06426719416952117,371.7760320903508,19975.0,19979.94633498223,ok,0.000528776562635889,0.0024579394606742953,14515.955242587073,ok,19.995157595254568,69.1284475300572,0.028459844801004122,-27.8349152505034,61.35134761259814,-0.0396184608350592,1.5934355051406113,0.09158930695461019,0.011382457714584297
321,0,43.57848333333333,Forward,0.0632584138464962,367.3990837316669,19985.0,19983.421664878806,ok,0.0005225637612990227,0.0033267203700722207,14518.233340393801,ok,23.47048749183159,69.13339409519517,0.03340640993897259,-25.5568174437758,61.3545901131742,-0.0363759602590016,1.5934355051406113,0.0913691565492496,0.011382457714584297
322,0,43.714333333333336,Forward,0.062358298498786824,364.9857075353866,19985.0,19986.52809464164,ok,0.0005349871746711767,0.0021138517360737687,14520.405832216056,ok,26.576917254664295,69.1378155911756,0.03782790591940041,-23.384325621520475,61.357682300860056,-0.03328377257314355,1.5934355051406113,0.09086345088247264,0.011382457714584297
323,0,43.84936666666667,Forward,0.06183316805084761,363.9619630969719,19990.0,19988.064375943693,ok,0.000523144237583847,0.0025130822877027347,14521.993531087413,ok,28.113198556719,69.14000223697815,0.04001455172195903,-21.79662675016334,61.359942131184184,-0.03102394224901161,1.5934355051406113,0.089449202810966,0.011382457714584297
324,0,43.98466666666667,Forward,0.06126980599833022,362.2930553017977,19975.0,19989.78684996187,ok,0.0005269302675059393,0.0023050794821073907,14523.062623141803,ok,29.835672574896307,69.14245389773639,0.042466212480197926,-20.72753469577401,61.36146380931055,-0.029502264122647254,1.5934355051406113,0.08947616761526009,0.011382457714584297
325,0,44.11945,Forward,0.060925392273857744,360.6105563139354,19990.0,19990.95979731426,ok,0.0005250975500096964,0.0025117893180855713,14523.437065175842,ok,31.0086199272846,69.14412339693637,0.044135711680176326,-20.35309266173499,61.36199676645905,-0.02896930697414986,1.5934355051406113,0.09029643397210424,0.011382457714584297
326,0,44.25533333333333,Forward,0.06060966261975744,360.05138013150645,19975.0,19992.504894865837,ok,0.0005262451496333869,0.0025053495607995184,14523.961616354452,ok,32.55371747886238,69.14632259123184,0.046334905975636706,-19.828541483124354,61.36274337948585,-0.02822269394735454,1.5934355051406113,0.09130594856206846,0.011382457714584297
327,0,44.390366666666665,Forward,0.06013849721542484,359.3355790025562,19995.0,19993.684593635662,ok,0.0005380217656980555,0.0016972576528162654,14525.26214061622,ok,33.73341624868772,69.1480016999731,0.048014014716901775,-18.528017221357004,61.36459446360327,-0.026371609829936856,1.5934355051406113,0.09003547414763832,0.011382457714584297
328,0,44.52486666666667,Forward,0.059867108264470156,358.6555082936902,19995.0,19994.82596376948,ok,0.0005278982885300427,0.0016356210261152255,14525.924306136621,ok,34.87478638250468,69.14962625415399,0.04963856889779211,-17.865851700955318,61.365536948195015,-0.02542912523818347,1.5934355051406113,0.09015823991698085,0.011382457714584297
329,0,44.660183333333336,Forward,0.059435226976744054,356.7608442828714,19975.0,19995.984800276758,ok,0.0005397054432339669,0.0026541192484991387,14526.048947265997,ok,36.033622889783146,69.15127566886801,0.051287983611818175,-17.74121057157936,61.36571435450857,-0.025251718924631655,1.5934355051406113,0.09152496911215735,0.011382457714584297
330,0,44.79443333333333,Forward,0.05926691707626671,355.5997661008623,19980.0,19996.762426069734,ok,0.0005185496073648505,0.0020402262954231885,14526.08671415588,ok,36.81124868275947,69.15238249232144,0.052394807065243534,-17.703443681697536,61.365768109514974,-0.025197963918224087,1.5934355051406113,0.09254613742979383,0.011382457714584297
331,0,44.93001666666667,Forward,0.05906440432105121,354.6764934863786,19995.0,19997.729526555697,ok,0.0005299733257930025,0.0022398345343302376,14526.805858462549,ok,37.77834916872234,69.15375900208917,0.05377131683298906,-16.98429937502806,61.36679169411339,-0.0241743793198113,1.5934355051406113,0.09229163115591332,0.011382457714584297
332,0,45.06505,Forward,0.05873121495470303,354.7345815315566,19995.0,19998.933792725995,ok,0.0005292864761164032,0.003201821078415252,14526.7998032322,ok,38.98261533902041,69.15547307851706,0.05548539326086961,-16.990354605377433,61.36678307548084,-0.024182997952355532,1.5934355051406113,0.09401944081889563,0.011382457714584297
333,0,45.2009,Forward,0.058488931901442845,354.6906069981087,19995.0,19999.725349991735,ok,0.0005329145549730759,0.0035461800972732336,14527.397137634773,ok,39.77417260476068,69.15659973114917,0.05661204589297598,-16.39302020280411,61.367633283553005,-0.023332789880198504,1.5934355051406113,0.09379134172206982,0.011382457714584297
334,0,45.335683333333336,Forward,0.05818224594425595,353.383427216595,19995.0,20000.305329882976,ok,0.0005244915280701563,0.002180255363513926,14527.544734804604,ok,40.354152496001916,69.15742523790568,0.057437552649489174,-16.24542303297312,61.36784336404506,-0.023122709388137055,1.5934355051406113,0.09428209876359489,0.011382457714584297
335,0,45.469966666666664,Forward,0.058088145323216274,352.35058085235505,19995.0,20000.91695038644,ok,0.0005222507977110308,0.00295569008328409,14527.877627644963,ok,40.965772999465116,69.15829577991181,0.05830809465560999,-15.912530192614213,61.368317182694746,-0.02264889073845417,1.5934355051406113,0.09439764131031322,0.011382457714584297
336,0,45.60503333333333,Forward,0.05793671396777967,351.8647385788827,20000.0,20001.692467636924,ok,0.0005230227561256613,0.0023064534711085363,14528.854418832047,ok,41.74129024994909,69.15939960219899,0.05941191694278783,-14.935739005530195,61.36970748559459,-0.021258587838616193,1.5934355051406113,0.09328610559398928,0.011382457714584297
337,0,45.74086666666667,Forward,0.05773020253905444,351.7228545828875,20000.0,20002.207154563024,ok,0.0005255378667225043,0.0033911423630332994,14528.942586261972,ok,42.25597717604978,69.1601321750716,0.060144489815402144,-14.847571575604888,61.36983297754733,-0.021133095885865937,1.5934355051406113,0.09381871513348192,0.011382457714584297
338,0,45.87511666666666,Forward,0.05742977650049935,350.21864357993036,19995.0,20002.36369560854,ok,0.0005275773422419115,0.002922345882718405,14528.76698269811,ok,42.412518221564824,69.16035498571158,0.060367300455384416,-15.02317513946764,61.369583034522364,-0.021383038910832302,1.5934355051406113,0.09443979386370782,0.011382457714584297
339,0,46.01018333333333,Forward,0.05743811749367515,350.472365168891,19995.0,20003.110579473636,ok,0.0005178013222791975,0.0025611938385333584,14529.726386796809,ok,43.15940208666143,69.16141805304594,0.06143036778975083,-14.063771040768188,61.37094858973845,-0.0200174836947577,1.5934355051406113,0.09332693703255102,0.011382457714584297
340,0,46.14521666666667,Forward,0.05731569102929599,350.00448512927323,20000.0,20003.633095956047,ok,0.0005342378184807614,0.00246507474842342,14530.06717564927,ok,43.68191856907288,69.16216177001465,0.062174084758449565,-13.72298218830656,61.37143364707319,-0.019532426360012206,1.5934355051406113,0.0932977464220374,0.011382457714584297
341,0,46.28053333333333,Forward,0.05705731373795344,349.3577695642889,20015.0,20004.045736747983,ok,0.0005332841225537079,0.0026679065713941445,14530.198371971735,ok,44.09455936100858,69.16274909686321,0.06276141160701817,-13.591785865841302,61.37162038363468,-0.019345689798520447,1.5934355051406113,0.09358752060341717,0.011382457714584297
342,0,46.416133333333335,Forward,0.05708133907280435,349.81977623167404,19985.0,20004.448745863443,ok,0.0005234844852633777,0.0031486731161987557,14530.02945464011,ok,44.49756847646859,69.16332271459164,0.06333502933544777,-13.760703197467592,61.3713799573705,-0.01958611606269877,1.5934355051406113,0.09454424207755682,0.011382457714584297
343,0,46.55116666666667,Forward,0.05689920642726406,348.90625823063965,20000.0,20004.83875459073,ok,0.0005320505642912892,0.0026962369686165705,14530.374464732393,ok,44.887577203757246,69.16387782838841,0.06389014313221558,-13.415693105183891,61.371871022951474,-0.01909505048172508,1.5934355051406113,0.09431687454224866,0.011382457714584297
344,0,46.687016666666665,Forward,0.05668432556455573,349.0283022217518,20015.0,20005.491267307356,ok,0.0005279490966507722,0.002812017963700231,14530.443756516997,ok,45.54008992038143,69.16480657378875,0.06481888853256257,-13.346401320579389,61.37196964850251,-0.018996424930691824,1.5934355051406113,0.0950884664878652,0.011382457714584297
345,0,46.82261666666667,Forward,0.05663381587810089,348.7648138150289,20015.0,20005.755089846003,ok,0.0005411494694260396,0.0030046496804673117,14531.204642458179,ok,45.80391245902865,69.16518208213216,0.06519439687597711,-12.585515379398203,61.37305264550787,-0.017913427925335797,1.5934355051406113,0.09373828895098449,0.011382457714584297
346,0,46.95765,Forward,0.0565741962481352,348.63772097088804,20000.0,20006.14126320016,ok,0.0005235546099764387,0.0024012042980461916,14530.927085485038,ok,46.19008581318485,69.165731736901,0.06574405164479859,-12.863072352538438,61.372657588437605,-0.018308484995597764,1.5934355051406113,0.09491744168211821,0.011382457714584297
347,0,47.0927,Forward,0.056438834366551345,347.6742853794167,20000.0,20006.361605812464,ok,0.0005232316550396679,0.0029943184014674966,14531.579131720811,ok,46.410428425489954,69.16604535866263,0.06605767340643648,-12.211026116765424,61.37358566987856,-0.017380403554640128,1.5934355051406113,0.09375222552407214,0.011382457714584297
348,0,47.22721666666666,Forward,0.056375563256721876,347.42537331595304,20000.0,20006.887168031408,ok,0.0005275474386630793,0.0032294245229504176,14531.165649459619,ok,46.93599064443333,69.1667934107404,0.06680572548420304,-12.624508377957682,61.37299714533579,-0.01796892809741706,1.5934355051406113,0.0954380535039461,0.011382457714584297
349,0,47.363083333333336,Forward,0.05615384293273724,347.2440434510645,20000.0,20007.151309888246,ok,0.0005287593648645099,0.0038616886057466337,14531.836867543976,ok,47.20013250127158,69.16716937358116,0.06718168832496854,-11.95329029360073,61.37395251477548,-0.01701355865772033,1.5934355051406113,0.09429169675897256,0.011382457714584297
350,0,47.49785,Forward,0.056162050272142196,347.16443151536805,20000.0,20007.38700832179,ok,0.0005269332205870963,0.002435333053945064,14531.896198737237,ok,47.435830934817204,69.16750485184917,0.0675171665929738,-11.893959100339998,61.37403696304972,-0.016929110383481195,1.5934355051406113,0.09449261214845732,0.011382457714584297
351,0,47.63235,Forward,0.05611685075257881,346.15479610097464,20000.0,20007.9182203981,ok,0.0005302375946162295,0.0030276793211572056,14532.150649974215,ok,47.9670430111255,69.16826094557717,0.06827326032097428,-11.63950786336136,61.37439913287405,-0.016566940559145614,1.5934355051406113,0.09467161161947095,0.011382457714584297
352,0,47.7674,Forward,0.05595695470094649,346.49109032066553,20010.0,20008.306705956402,ok,0.0005199048969331405,0.0026882576577857706,14532.18337447273,ok,48.355528569427406,69.16881389139138,0.0688262061351812,-11.606783364846706,61.37444571085897,-0.01652036257422697,1.5934355051406113,0.09515033841875059,0.011382457714584297
353,0,47.90298333333333,Forward,0.05585125865291053,345.40297707207355,19990.0,20008.90669116184,ok,0.0005248253382764257,0.003567089586150814,14533.074637953472,ok,48.95551377486481,69.16966787244895,0.06968018719275984,-10.715519884104651,61.375714279021935,-0.015251794411266275,1.5934355051406113,0.09398293792477667,0.011382457714584297
354,0,48.0383,Forward,0.05579978891932332,345.02297630633257,20005.0,20009.210664803395,ok,0.0005281230515353984,0.0031964920638797374,14533.03020955006,ok,49.2594874164206,69.17010052933705,0.07011284408086194,-10.759948287517545,61.37565104243778,-0.015315030995417403,1.5934355051406113,0.09451635823128898,0.011382457714584297
355,0,48.17333333333333,Forward,0.05552769682500053,344.7185916844501,20000.0,20010.03539077634,ok,0.000522237823600898,0.0029096402987634725,14533.355589707051,ok,50.08421338936387,69.17127439221268,0.07128670695648603,-10.434568130525804,61.37611416800832,-0.014851905424878813,1.5934355051406113,0.09495226037947839,0.011382457714584297
356,0,48.30811666666666,Forward,0.05530072158265174,344.34369765739393,20000.0,20010.58173492086,ok,0.0005274419026543589,0.0030531789333033623,14533.55820125754,ok,50.63055753388471,69.1720520239711,0.07206433871492192,-10.23195658003715,61.37640255249613,-0.014563520937068301,1.5934355051406113,0.09527037005590522,0.011382457714584297
357,0,48.44343333333333,Forward,0.055237880704272824,343.15287248771347,19990.0,20010.63046303154,ok,0.0005285730803840124,0.003250877997409199,14533.63832012524,ok,50.679285644564516,69.1721213804871,0.0721336952309077,-10.15183771233751,61.376516588633606,-0.014449484799593444,1.5934355051406113,0.09515801734156945,0.011382457714584297
358,0,48.57848333333333,Forward,0.05499365598440641,343.15250829818615,20010.0,20011.346172846486,ok,0.0005340910748845922,0.0031520802358465765,14533.734228533807,ok,51.39499545951185,69.17314007664686,0.07315239139066143,-10.055929303769517,61.37665309860658,-0.014312974826618578,1.5934355051406113,0.09595919366357926,0.011382457714584297
359,0,48.71353333333333,Forward,0.05471031903129349,343.12405019019207,20010.0,20012.081379052684,ok,0.000530521136003539,0.0031665123418304366,14534.423865697489,ok,52.13020166571005,69.17418652273889,0.0741988374826943,-9.366292140088262,61.377634684600785,-0.0133313888324161,1.5934355051406113,0.09544154578110116,0.011382457714584297
360,0,48.84911666666667,Forward,0.054737715589459696,342.3263112924833,20010.0,20012.792104499862,ok,0.0005332589384869757,0.0026971298755809527,14534.732489180225,ok,52.840927112887584,69.17519812446427,0.07521043920808394,-9.057668657351314,61.37807395977923,-0.012892113653973723,1.5934355051406113,0.09575319084063373,0.011382457714584297
361,0,48.98441666666667,Forward,0.05448553884835996,341.5721167116426,20010.0,20013.22442153756,ok,0.000514112119583369,0.0030528684212044388,14535.370058748334,ok,53.273244150586834,69.17581345723869,0.0758257719824888,-8.420099089242285,61.37898143604551,-0.011984637387693502,1.5934355051406113,0.09492251871227525,0.011382457714584297
362,0,49.118916666666664,Forward,0.054335037492952876,340.9460919486337,20000.0,20013.839061774324,ok,0.0005236828270941408,0.002901399282049403,14535.743794763788,ok,53.887884387349914,69.17668829734251,0.0767006120863188,-8.046363073788598,61.37951338829173,-0.011452685141471549,1.5934355051406113,0.09494972721993589,0.011382457714584297
363,0,49.25395,Forward,0.05412458337358654,339.89881880706525,20000.0,20014.61823681469,ok,0.0005303982472028015,0.0027987147476815923,14536.29619927188,ok,54.667059427716595,69.17779732589685,0.07780964064065811,-7.49395856569754,61.38029964598901,-0.010666427444188999,1.5934355051406113,0.09480590484323509,0.011382457714584297
364,0,49.389783333333334,Forward,0.05398502133374988,339.30666986601136,20010.0,20015.064017816723,ok,0.0005285872713297226,0.003393115554585414,14536.580011970833,ok,55.11284042974876,69.17843182242795,0.07844413717176234,-7.210145866743915,61.380703607064405,-0.010262466368798863,1.5934355051406113,0.09479671545411789,0.011382457714584297
365,0,49.52455,Forward,0.053750164917663074,339.81118507559586,20015.0,20015.780192553415,ok,0.0005330541345937875,0.0033671111896255903,14536.527960079964,ok,55.82901516644051,69.17945118032796,0.07946349507177132,-7.262197757612739,61.38062951968956,-0.010336553743637915,1.5934355051406113,0.09593412680767807,0.011382457714584297
366,0,49.65958333333333,Forward,0.053475308379059665,338.67001624758996,20015.0,20016.515125163,ok,0.0005298791341209644,0.0029512157117936957,14537.163474097666,ok,56.56394777602691,69.18049723699986,0.08050955174366221,-6.626683739910732,61.38153407021518,-0.009432003218016943,1.5934355051406113,0.0955388405558509,0.011382457714584297
367,0,49.7941,Forward,0.05342487179305443,337.8836850153202,20015.0,20017.10817624054,ok,0.0005294163977132143,0.003562214960226387,14537.529249892064,ok,57.15699885356662,69.18134134845761,0.08135366320142107,-6.260907945512372,61.382054692385374,-0.008911381047826501,1.5934355051406113,0.09555337416286495,0.011382457714584297
368,0,49.9294,Forward,0.05313977655894003,337.2474765069055,20015.0,20017.799467864497,ok,0.0005317420563148868,0.004243508846674658,14537.971955922683,ok,57.84829047752282,69.1823252893061,0.08233760404991415,-5.818201914893507,61.38268481219633,-0.00828126123687429,1.5934355051406113,0.0955332597320943,0.011382457714584297
369,0,50.0647,Forward,0.053035775321922024,337.48799437363414,20010.0,20018.342709220393,ok,0.0005272308317784643,0.0034731502775713656,14538.033149819375,ok,58.39153183341841,69.18309850475113,0.08311081949493493,-5.757008018201304,61.382771911725015,-0.0081941617081843,1.5934355051406113,0.09616768769561942,0.011382457714584297
370,0,50.199733333333334,Forward,0.052874324311711365,336.5882052305533,20020.0,20019.166045350674,ok,0.0005205572358364393,0.003117047917623215,14539.099325290339,ok,59.21486796369936,69.18427038941246,0.08428270415626996,-4.690832547237733,61.38428943857069,-0.006676634862511323,1.5934355051406113,0.0949214912010551,0.011382457714584297
371,0,50.33505,Forward,0.05275716715294039,335.672090452259,20025.0,20019.703107436475,ok,0.0005289778583088397,0.003436897405754714,14538.892536727612,ok,59.751930049500515,69.18503480967459,0.08504712441840541,-4.897621109965257,61.3839951087874,-0.006970964645800691,1.5934355051406113,0.09615490699010418,0.011382457714584297
372,0,50.469833333333334,Forward,0.0524303172917463,334.8677200959755,20015.0,20020.40822939373,ok,0.0005349784805451212,0.0035557512507919313,14539.467048426366,ok,60.457052006757294,69.18603843574624,0.08605075049005342,-4.32310941121068,61.38481283246399,-0.006153240969204266,1.5934355051406113,0.09585554312206933,0.011382457714584297
373,0,50.605666666666664,Forward,0.05227754093845369,334.9260877832385,20015.0,20020.7291432209,ok,0.0005239418243627951,0.0037205582622802775,14539.942130214698,ok,60.7779658339241,69.18649520422493,0.08650751896872903,-3.8480276228783623,61.38548903388423,-0.005477039548969893,1.5934355051406113,0.09523482824911698,0.011382457714584297
374,0,50.741,Forward,0.05227421752282756,333.57711950203884,20015.0,20021.168106239278,ok,0.0005303117484619093,0.003247024208649493,14540.149419241296,ok,61.21692885230368,69.1871199964686,0.08713231121239848,-3.640738596281153,61.38578407599619,-0.00518199743700835,1.5934355051406113,0.09538948991607524,0.011382457714584297
375,0,50.87656666666667,Forward,0.051986379696870894,333.95118905613344,20025.0,20022.012528268417,ok,0.0005226493629815575,0.004012003555771012,14539.88480647222,ok,62.061350881442195,69.18832189346696,0.08833420821077645,-3.905351365356182,61.38540744288868,-0.005558630544517668,1.5934355051406113,0.09719152748037,0.011382457714584297
376,0,51.011633333333336,Forward,0.05198879947690344,333.52039286844956,20035.0,20022.47005897852,ok,0.0005206823420837691,0.0036742187710511877,14540.28616250388,ok,62.51888159154623,69.18897311379065,0.08898542853445844,-3.5039953336963663,61.385978707722,-0.004987365711191415,1.5934355051406113,0.0969324741357917,0.011382457714584297
377,0,51.14613333333333,Forward,0.05181013189326757,332.412263051865,20020.0,20023.00468113826,ok,0.0005202474271142659,0.0031493551218588806,14540.725117542226,ok,63.05350375128546,69.18973406121609,0.08974637595989744,-3.0650402953506273,61.386603488607406,-0.0043625848257982745,1.5934355051406113,0.09669787351551208,0.011382457714584297
378,0,51.28145,Forward,0.05150475447626559,332.90358991985704,20015.0,20023.5130620647,ok,0.0005292105183721404,0.003613130107932772,14541.5095179392,ok,63.561884677725175,69.19045765852695,0.0904699732707633,-2.280639898377558,61.3877199546044,-0.0032461188288011966,1.5934355051406113,0.09564245426648058,0.011382457714584297
379,0,51.41623333333333,Forward,0.05143801692231386,332.5257941820164,20030.0,20023.988946581812,ok,0.000531698693960907,0.003593806344009147,14541.585162037449,ok,64.03776919483789,69.19113500250066,0.09114731724445835,-2.2049958001280174,61.387827621637584,-0.0031384517956188846,1.5934355051406113,0.09614823776676978,0.011382457714584297
380,0,51.552083333333336,Forward,0.05134538899779487,331.6134084609148,20005.0,20024.65349112414,ok,0.0005285843075350905,0.003919610317515436,14541.840997045168,ok,64.70231373716524,69.19208087324199,0.09209318798580621,-1.9491607924082928,61.388191761033816,-0.0027743123993835155,1.5934355051406113,0.09651387586533575,0.011382457714584297
381,0,51.68728333333333,Forward,0.05115222521114028,330.5616946831651,20030.0,20024.877825469724,ok,0.0005238821442710124,0.004583354559271974,14542.67408943011,ok,64.92664808275003,69.19240017658474,0.09241249132855121,-1.1160684074675373,61.389377532132016,-0.0015885413011882566,1.5934355051406113,0.09494372943924685,0.011382457714584297
382,0,51.823116666666664,Forward,0.05103549292178874,330.15130826690074,20025.0,20025.30094219535,ok,0.0005219356233354648,0.0029765661768001725,14542.04405143839,ok,65.34976480837577,69.19300241421587,0.09301472895967022,-1.7461063991868286,61.388480775836015,-0.0024852975971887867,1.5934355051406113,0.09697489039187149,0.011382457714584297
383,0,51.959266666666664,Forward,0.0510551299827959,329.86133841800984,20020.0,20025.62972049255,ok,0.0005233995236273292,0.0033389864007172957,14542.373016057627,ok,65.67854310557595,69.19347037648461,0.09348269122841855,-1.4171417799498158,61.38894900330378,-0.002017070129417853,1.5934355051406113,0.09669676238899153,0.011382457714584297
384,0,52.09458333333333,Forward,0.05085021530677709,329.73456066055223,20015.0,20026.21926599723,ok,0.0005248023207918819,0.003302384584359624,14542.817052245771,ok,66.26808861025711,69.19430949833131,0.09432181307511694,-0.9731055918055063,61.389581016376965,-0.0013850570562317884,1.5934355051406113,0.09652881216516221,0.011382457714584297
385,0,52.23068333333333,Forward,0.05068295395556415,329.84959238237934,20030.0,20026.52614533521,ok,0.0005300108223389762,0.003573051812950062,14542.905797360596,ok,66.57496794823601,69.19474629100424,0.09475860574803827,-0.8843604769808735,61.38970733056993,-0.001258742863271601,1.5934355051406113,0.09676433131821759,0.011382457714584297
386,0,52.36573333333333,Forward,0.05078356768223429,328.7076572020851,20015.0,20026.803591273914,ok,0.0005217040199501466,0.0027139525130341507,14543.278080623466,ok,66.85241388693976,69.19514119003509,0.0951535047788942,-0.5120772141108318,61.390237215059855,-0.0007288583733485341,1.5934355051406113,0.09631489358920678,0.011382457714584297
387,0,52.50131666666667,Forward,0.05059725346592265,330.2169048130236,20020.0,20027.352146458994,ok,0.0005306956477264431,0.003692485207094108,14543.338545421611,ok,67.4009690720195,69.19592196884905,0.09593428359285368,-0.4516124159654282,61.3903232768357,-0.0006427965974938328,1.5934355051406113,0.09695853851388393,0.011382457714584297
388,0,52.63635,Forward,0.050368734428688236,329.569529704273,20015.0,20027.427471043942,ok,0.0005162212502927087,0.003169940221710739,14543.84346505899,ok,67.47629365696775,69.19602918110716,0.09604149585097742,0.053307221412978834,61.39104194756627,7.587413307240933e-05,1.5934355051406113,0.09592059531341808,0.011382457714584297
389,0,52.7722,Forward,0.05036493958542973,328.17486665954493,20025.0,20027.86149451804,ok,0.0005146763850027166,0.0030643875682568543,14543.63650003502,ok,67.91031713106713,69.1966469427154,0.09665925745920763,-0.1536578025570634,61.390747366619195,-0.00021870681400756837,1.5934355051406113,0.09700775266186347,0.011382457714584297
390,0,52.90725,Forward,0.05015526773074918,327.70359018718955,20015.0,20028.199844452927,ok,0.0005280323998369468,0.004490990050484488,14544.121397996132,ok,68.24866706595276,69.19712852864886,0.09714084339267184,0.33124015855537436,61.391437539759956,0.0004714663267561974,1.5934355051406113,0.09638959220814029,0.011382457714584297
391,0,53.04255,Forward,0.05021670172566341,327.9415659145452,20035.0,20028.43015706645,ok,0.000529278060914654,0.003139538433193355,14544.63795962505,ok,68.47897967947574,69.19745634108071,0.0974686558245245,0.8478017874731449,61.39217278096619,0.001206707532989184,1.5934355051406113,0.0955458451971389,0.011382457714584297
392,0,53.17733333333333,Forward,0.05013888517175998,327.5500575056176,20035.0,20028.735197245038,ok,0.0005337825578217457,0.004042356270242102,14544.917817914096,ok,68.7840198580634,69.19789051601029,0.09790283075409524,1.1276600765195326,61.392571113584204,0.001605040151003908,1.5934355051406113,0.09534530279030937,0.011382457714584297
393,0,53.313183333333335,Forward,0.05005410152854868,326.2269439543961,20030.0,20029.121441458472,ok,0.0005247949771344559,0.003521607627004513,14544.59429568099,ok,69.17026407149751,69.19844027163573,0.09845258637953876,0.8041378434136277,61.39211063246521,0.0011445590320127022,1.5934355051406113,0.09662880538020034,0.011382457714584297
394,0,53.44821666666667,Forward,0.04986309842366314,326.9967360428418,20015.0,20029.329043589405,ok,0.0005227641391427271,0.003401528631956132,14544.781344133697,ok,69.3778662024306,69.19873575940063,0.09874807414444217,0.9911862961198494,61.392376865422314,0.0014107919891137965,1.5934355051406113,0.0965000680986203,0.011382457714584297
395,0,53.58273333333333,Forward,0.049836387171556445,326.1043085624915,20025.0,20029.810834413096,ok,0.0005225969428994319,0.003972356229200027,14545.200150556982,ok,69.85965702612157,69.19942151003818,0.09943382478198888,1.4099927194056363,61.392972968041235,0.002006894608040186,1.5934355051406113,0.0962359676584624,0.011382457714584297
396,0,53.7183,Forward,0.04967673024605262,326.67847361604436,20025.0,20030.388652993173,ok,0.0005184925016168082,0.003935244198104776,14545.114731232261,ok,70.43747560619886,69.20024394052085,0.10025625526465931,1.3245733946841938,61.392851387567916,0.0018853141347181961,1.5934355051406113,0.09725212878405588,0.011382457714584297
397,0,53.85308333333333,Forward,0.04953997532753913,325.09148681677834,20015.0,20030.86480238932,ok,0.0005236099746043687,0.0030336710432232275,14545.948873304982,ok,70.9136250023439,69.20092166150664,0.10093397625044417,2.1587154674052726,61.39403865272542,0.003072579292221325,1.5934355051406113,0.0960380193138589,0.011382457714584297
398,0,53.98918333333334,Forward,0.04944191026571622,325.96893926320627,20030.0,20031.075765671074,ok,0.0005200846553393474,0.0033755362325166736,14546.055206350089,ok,71.12458828409945,69.20122193332139,0.10123424806520087,2.265048512512294,61.394190000467816,0.0032239270346208254,1.5934355051406113,0.09609712826225336,0.011382457714584297
399,0,54.12505,Forward,0.04927768641318569,325.4218909206975,20020.0,20031.50585260528,ok,0.0005344438613515836,0.003760312711085994,14545.92325051318,ok,71.55467521830724,69.2018340919073,0.10184640665110761,2.1330926756036206,61.39400218286143,0.0030361094282270284,1.5934355051406113,0.0970085620906785,0.011382457714584297
400,0,54.25983333333333,Forward,0.04913125033714067,324.6115349912943,20030.0,20032.116527488775,ok,0.0005263259574393148,0.0031385467294307097,14546.484883850791,ok,72.16535010180087,69.20270328797767,0.1027156027214714,2.6947260132146766,61.394801576291925,0.0038355028587281252,1.5934355051406113,0.0966039762863057,0.011382457714584297
401,0,54.39463333333333,Forward,0.04907984285815956,324.5920521883563,20025.0,20032.179428639833,ok,0.0005339225225502256,0.004187882587066977,14547.01914654686,ok,72.22825125285817,69.20279281750442,0.10280513224822643,3.2289887092829304,61.39556201207947,0.0045959386462748626,1.5934355051406113,0.09548180042980418,0.011382457714584297
402,0,54.53021666666667,Forward,0.04895915063636889,324.223041266825,20030.0,20032.821513402498,ok,0.0005217333376731255,0.003948027998605786,14546.967226797164,ok,72.87033601552321,69.20370672041354,0.10371903515734246,3.1770689595869044,61.39548811278604,0.0045220393528376075,1.5934355051406113,0.09651345709688794,0.011382457714584297
403,0,54.66578333333333,Forward,0.0487962553326927,323.497019459126,20040.0,20033.11769920758,ok,0.0005309776985892349,0.003807681197365762,14547.307011490948,ok,73.16652182060716,69.20412829258694,0.1041406073307446,3.516853653371072,61.395971740864724,0.005005667431525477,1.5934355051406113,0.09616439911842589,0.011382457714584297
404,0,54.80056666666667,Forward,0.048766698674872086,323.458188911216,20025.0,20033.611461044668,ok,0.0005184667403804696,0.004312371291583958,14547.945809917253,ok,73.66028365769307,69.20483108200908,0.10484339675289242,4.155652079676656,61.39688096621017,0.005914892776970979,1.5934355051406113,0.09541839659296711,0.011382457714584297
405,0,54.93505,Forward,0.048641620192282777,322.40550666295894,20015.0,20033.884755868636,ok,0.0005206225936369978,0.004247071440303632,14547.153767708975,ok,73.93357848166124,69.20522007260533,0.10523238734914048,3.3636098713977844,61.39575362334148,0.0047875499082750605,1.5934355051406113,0.09760373534266231,0.011382457714584297
406,0,55.0701,Forward,0.04852637209560769,323.55666180218395,20040.0,20034.195244882143,ok,0.0005290308184012807,0.0038877914048601804,14548.452462153688,ok,74.24406749516857,69.20566200306249,0.10567431780628939,4.662304316110749,61.39760210301283,0.006636029579634542,1.5934355051406113,0.09510023266093638,0.011382457714584297
407,0,55.20486666666667,Forward,0.0484533503714939,322.24337533123617,20025.0,20034.766281571705,ok,0.0005361478240488254,0.0032754154400137605,14548.285983383868,ok,74.81510418473044,69.2064747806304,0.1064870953742175,4.495825546291599,61.397365147643555,0.006399074210358554,1.5934355051406113,0.09629058332740255,0.011382457714584297
408,0,55.34045,Forward,0.048275017069031576,322.0424769755591,20025.0,20035.13422332904,ok,0.0005230385708090615,0.004574450923981454,14548.712086091142,ok,75.18304594206711,69.2069984856955,0.10701080043929262,4.921928253565056,61.39797163533241,0.007005561899216198,1.5934355051406113,0.09584788937562123,0.011382457714584297
409,0,55.475233333333335,Forward,0.04827434067127493,321.4333081756595,20020.0,20035.452551351256,ok,0.0005244959469882577,0.004107782879577316,14548.691629226505,ok,75.50137396428181,69.20745157370266,0.10746388844647047,4.9014713889282575,61.397942518322964,0.006976444889765039,1.5934355051406113,0.09634737345946208,0.011382457714584297
410,0,55.6108,Forward,0.04821476333717631,321.0216522094779,20040.0,20035.696688097774,ok,0.0005261325768725452,0.004061091829062523,14549.197299321584,ok,75.74551071079986,69.20779906253254,0.1078113772763547,5.4071414840072975,61.39866225720763,0.007696183774437493,1.5934355051406113,0.09554800479607892,0.011382457714584297
411,0,55.746383333333334,Forward,0.048109610936743555,320.23244394564244,20030.0,20036.007838573547,ok,0.0005119052603250124,0.004408937711665549,14549.401329580827,ok,76.05666118657246,69.20824193447332,0.10825424921712641,5.611171743250452,61.39895266099591,0.007986587562710054,1.5934355051406113,0.0955281370297898,0.011382457714584297
412,0,55.8809,Forward,0.04791838828694645,320.14151810825933,20045.0,20036.764193924504,ok,0.0005303621835595132,0.0036892488178157418,14549.744157937435,ok,76.81301653752962,69.20931848292261,0.1093307976664249,5.954000099858604,61.39944062123208,0.00847454779888078,1.5934355051406113,0.09582715231367704,0.011382457714584297
413,0,56.0162,Forward,0.04773031060174948,320.08925059998364,20035.0,20037.315314425967,ok,0.0005164964831406554,0.0037093825529498467,14549.418246413943,ok,77.36413703899234,69.21010291304594,0.1101152277897465,5.628088576366281,61.398976739348015,0.008010665914816428,1.5934355051406113,0.09735074830125831,0.011382457714584297
414,0,56.15125,Forward,0.047624376199678575,319.0530051078749,20025.0,20037.692483458057,ok,0.0005235504284867894,0.0027553108820824856,14549.938266715248,ok,77.74130607108236,69.21063975163128,0.11065206637508351,6.148108877670893,61.39971690341014,0.008750829976939803,1.5934355051406113,0.09670818319037883,0.011382457714584297
415,0,56.28628333333333,Forward,0.047636102427109514,319.52397536627177,20030.0,20037.878754928974,ok,0.0005210779010272336,0.004693081054973659,14550.782440744573,ok,77.9275775419992,69.21090487868156,0.11091719342536523,6.992282906996479,61.40091844742125,0.009952373988043087,1.5934355051406113,0.09505872735237951,0.011382457714584297
416,0,56.42106666666667,Forward,0.04749275817030057,318.33040244730364,20030.0,20037.8397558004,ok,0.0005236549017817666,0.003645682555221923,14550.212906484318,ok,77.88857841342542,69.2108493697844,0.11086168452820867,6.422748646740729,61.40010780831632,0.009141734883123996,1.5934355051406113,0.09629491958685645,0.011382457714584297
417,0,56.55583333333333,Forward,0.04747847217522032,318.68486705635587,20035.0,20038.63600670876,ok,0.0005279666505320261,0.004676399522217247,14550.502423839776,ok,78.68482932178449,69.21198270305105,0.11199501779485597,6.712266002199613,61.400519889039586,0.009553815606384335,1.5934355051406113,0.0967716287980767,0.011382457714584297
418,0,56.69146666666666,Forward,0.04742953823054233,318.53035027481747,20030.0,20038.836171124687,ok,0.0005286729847394346,0.004522459142335371,14550.454601173009,ok,78.88499373771265,69.21226760444205,0.11227991918584831,6.664443335432225,61.4004518212753,0.009485747842092595,1.5934355051406113,0.09716499178144704,0.011382457714584297
419,0,56.8265,Forward,0.04727024402336594,318.8078375482655,20050.0,20039.294705902452,ok,0.0005220785839530776,0.004168749056529605,14551.119949995418,ok,79.34352851547737,69.21292025389224,0.1129325686360404,7.329792157841439,61.40139883677813,0.010432763344925695,1.5934355051406113,0.09630863310550627,0.011382457714584297
420,0,56.96208333333333,Forward,0.04704777431321378,318.4467529147005,20035.0,20039.688712078936,ok,0.0005345579170594388,0.0038433862538345687,14551.285055279017,ok,79.73753469196163,69.21348105740577,0.11349337214958911,7.494897441440116,61.401633837213836,0.010667763780639156,1.5934355051406113,0.09649497858106565,0.011382457714584297
421,0,57.097116666666665,Forward,0.04707726494729671,317.05636605710606,20030.0,20040.00841260244,ok,0.000522136423255971,0.004125688938497411,14551.414803788717,ok,80.05723521546679,69.21393609894463,0.1139484136884423,7.624645951140337,61.40181851305006,0.010852439616857933,1.5934355051406113,0.0966557510855463,0.011382457714584297
422,0,57.23243333333333,Forward,0.04688673738625185,316.65150005381656,20055.0,20040.31246218124,ok,0.0005214126170830767,0.004148873526749426,14551.06193646402,ok,80.36128479426407,69.214368863917,0.11438117866081915,7.271778626443847,61.40131626398058,0.01035019054738368,1.5934355051406113,0.09788881755764725,0.011382457714584297
423,0,57.36725,Forward,0.04681346381229816,317.2529569298822,20040.0,20040.843931295614,ok,0.0005252777170696985,0.004093110228908543,14552.154666581737,ok,80.89275390863986,69.21512532349676,0.1151376382405752,8.364508744160048,61.40287158703375,0.011905513600549648,1.5934355051406113,0.09616697016252496,0.011382457714584297
424,0,57.50205,Forward,0.046819156109458,316.05540126570486,20050.0,20041.10710695578,ok,0.0005383374229803931,0.004433701263252944,14552.474242437956,ok,81.15592956880573,69.2154999111142,0.11551222585800414,8.68408460037972,61.40332645112906,0.012360377695860325,1.5934355051406113,0.09581676118047219,0.011382457714584297
425,0,57.6379,Forward,0.04663701027134833,316.0462028243346,20040.0,20041.583248305793,ok,0.0005318207424459973,0.004045900938972824,14552.68106655098,ok,81.6320709188185,69.21617762064763,0.11618993539143237,8.890908713403405,61.4036208315124,0.012654758079196558,1.5934355051406113,0.09602539455907556,0.011382457714584297
426,0,57.77268333333333,Forward,0.046670721451093355,315.07813934984733,20035.0,20041.811365614416,ok,0.0005250345050338691,0.004128203391032543,14552.946477257246,ok,81.86018822744154,69.2165023084211,0.11651462316490485,9.156319419669671,61.40399860035332,0.013032526920121097,1.5934355051406113,0.09574813204868307,0.011382457714584297
427,0,57.90773333333333,Forward,0.046409257965593524,315.9953956932841,20035.0,20042.01353124873,ok,0.0005249424096536509,0.004343019337153614,14552.82848573702,ok,82.06235386175467,69.21679005821997,0.11680237296378684,9.038327899443175,61.40383065867357,0.012864585240367717,1.5934355051406113,0.09630348608287706,0.011382457714584297
428,0,58.04333333333334,Forward,0.046376960431829324,314.91969736244573,20040.0,20042.67336278401,ok,0.0005225534724790951,0.004070479552597226,14553.526257234867,ok,82.72218539703681,69.21772922076468,0.1177415355084919,9.736099397290673,61.404823822565405,0.013857749132210056,1.5934355051406113,0.0956601060198969,0.011382457714584297
429,0,58.1781,Forward,0.04624180214424097,314.9834794850467,20035.0,20043.027467064832,ok,0.0005243489906643307,0.003928600298120152,14552.83687755262,ok,83.07628967785786,69.21823323043941,0.11824554518321084,9.046719715042855,61.403842603054024,0.012876529620822223,1.5934355051406113,0.09772762570239794,0.011382457714584297
430,0,58.31315,Forward,0.04612932651114583,314.69115156347834,20030.0,20043.113788770966,ok,0.0005224835016516867,0.0039773521311921144,14554.068559624115,ok,83.16261138399204,69.21835609530545,0.1183684100492582,10.27840178653787,61.40559570154459,0.01462962811139109,1.5934355051406113,0.09505704118956446,0.011382457714584297
431,0,58.44845,Forward,0.04600149339619612,314.0496629826084,20040.0,20043.122040271366,ok,0.000532360789539989,0.004565940484198006,14554.163203375745,ok,83.17086288439168,69.21836783997011,0.11838015471391665,10.373045538168299,61.40573041148473,0.014764338051533099,1.5934355051406113,0.09485413425270525,0.011382457714584297
432,0,58.584,Forward,0.046123383277505973,314.06234711584693,20040.0,20044.33994363555,ok,0.0005261540245738503,0.0037906282796719153,14554.206095009755,ok,84.38876624857585,69.22010132671869,0.12011364146250463,10.415937172178019,61.40579146072835,0.014825387295149354,1.5934355051406113,0.09649034296895312,0.011382457714584297
433,0,58.7193,Forward,0.045806812386120124,314.0041165293769,20030.0,20044.03595178689,ok,0.0005261250986242185,0.004220234610472317,14554.765772091612,ok,84.08477439991475,69.21966864391575,0.11968095865955845,10.975614254035463,61.406588069747926,0.015621996314731275,1.5934355051406113,0.09478831507048986,0.011382457714584297
434,0,58.85406666666667,Forward,0.0458231817306193,313.6976073415135,20035.0,20044.43608603485,ok,0.0005274271102516664,0.004056567875585481,14554.777593588127,ok,84.48490864787527,69.2202381697393,0.12025048448311214,10.987435750550503,61.406604895719646,0.01563882228644622,1.5934355051406113,0.09533102979330446,0.011382457714584297
435,0,58.98895,Forward,0.04576258380946303,312.74664685981406,20040.0,20044.713114804887,ok,0.0005260547732811635,0.0035897528999258815,14554.820223283963,ok,84.76193741791212,69.22063247499862,0.12064478974242818,11.030065446386288,61.406665572137,0.015699498703804812,1.5934355051406113,0.09562865109487659,0.011382457714584297
436,0,59.12371666666667,Forward,0.04562233622487542,313.13434891954967,20035.0,20044.996987217983,ok,0.0005145384281356036,0.004220482936116319,14554.5473866273,ok,85.04580983100823,69.22103652106735,0.12104883581115829,10.75722878972374,61.40627723366717,0.015311160233970306,1.5934355051406113,0.09665148946945297,0.011382457714584297
437,0,59.25906666666667,Forward,0.04554809105648542,312.3299727417216,20045.0,20045.701972331713,ok,0.0005326137655076353,0.00436083977296232,14555.439843030515,ok,85.75079494473903,69.22203995236457,0.12205226710837189,11.649685192938705,61.40754749976065,0.01658142632745627,1.5934355051406113,0.09563083367232977,0.011382457714584297
438,0,59.39436666666667,Forward,0.04559723079818277,312.041442676662,20045.0,20045.920196847626,ok,0.0005243842345726033,0.003975257702387971,14556.019417223184,ok,85.96901946065191,69.22235055936153,0.12236287410534444,12.229259385607293,61.408372429071434,0.017406355638237492,1.5934355051406113,0.09462696901627235,0.011382457714584297
439,0,59.52941666666667,Forward,0.04529378301701131,312.47313608753393,20050.0,20046.282140967523,ok,0.0005226233763292427,0.0035533013657211587,14555.488059033738,ok,86.330963580549,69.22286572776818,0.12287804251198665,11.697901196161183,61.40761612737522,0.016650053942022416,1.5934355051406113,0.09634725539826174,0.011382457714584297
440,0,59.66445,Forward,0.04539986219026892,312.54846451054254,20040.0,20046.354484075157,ok,0.0005228668302809809,0.003948568271957813,14556.063340571529,ok,86.40330668818206,69.22296869637975,0.12298101112355428,12.273182733952126,61.4084349467921,0.017468873358894573,1.5934355051406113,0.09514548807868674,0.011382457714584297
441,0,59.799533333333336,Forward,0.045252225018036114,311.49068578687366,20045.0,20046.548115083013,ok,0.0005235755772312009,0.003251153320631154,14555.779233313488,ok,86.59693769603837,69.22324429853022,0.12325661327402497,11.989075475910795,61.4080305664599,0.017064493026697835,1.5934355051406113,0.09606544420806026,0.011382457714584297
442,0,59.93483333333333,Forward,0.04518644124556832,311.50006554524225,20050.0,20046.930858259504,ok,0.000536093053162601,0.0038854025918228486,14556.74198195329,ok,86.97968087252957,69.22378907100074,0.12380138574454394,12.951824115712952,61.4094008820846,0.018434808651399386,1.5934355051406113,0.09442670710893085,0.011382457714584297
443,0,60.0704,Forward,0.04522395994722416,311.13073266555875,20045.0,20047.236184509195,ok,0.0005204586229763291,0.004661273763887681,14556.389336022721,ok,87.28500712222012,69.22422365310585,0.12423596784965964,12.59917818514441,61.40889894813355,0.017932874700347743,1.5934355051406113,0.09566108859288774,0.011382457714584297
444,0,60.205983333333336,Forward,0.04499677884940095,310.0249000291187,20035.0,20047.381988437028,ok,0.0005230232762901332,0.0038625313209996043,14556.788100030999,ok,87.43081105005331,69.22443118121048,0.12444349595428902,12.997942193422205,61.409466523644454,0.018500450211255733,1.5934355051406113,0.09496422172658801,0.011382457714584297
445,0,60.34128333333334,Forward,0.04489492114003655,310.02263733133077,20045.0,20047.896469356063,ok,0.0005260986627866641,0.00417906500891406,14556.84597428335,ok,87.94529196908843,69.22516346086564,0.12517577560945375,13.055816445772507,61.409548898200995,0.018582824767796095,1.5934355051406113,0.09556524283864112,0.011382457714584297
446,0,60.47605,Forward,0.044909864603186515,309.4415939279097,20035.0,20047.87542790713,ok,0.0005139648423472365,0.004329868552726953,14556.391791953083,ok,87.9242505201546,69.22513351179582,0.1251458265396256,12.601634115506386,61.40890244374975,0.017936370316554366,1.5934355051406113,0.09656537724387773,0.011382457714584297
447,0,60.61165,Forward,0.044889791516374046,309.1136827598275,20055.0,20047.973042619604,ok,0.0005194265053107212,0.003887007274181568,14556.559542966048,ok,88.02186523262935,69.22527245041404,0.12528476515784312,12.769385128471185,61.409141209949595,0.018175136516392795,1.5934355051406113,0.0963238573218452,0.011382457714584297
448,0,60.746966666666665,Forward,0.044805094589980735,310.1135226427068,20055.0,20048.433947307516,ok,0.0005229393492359347,0.004499985173318689,14556.8915117463,ok,88.48276992054161,69.22592847304469,0.12594078778850004,13.101353908723468,61.40961371335047,0.018647639917266253,1.5934355051406113,0.09622697625725066,0.011382457714584297
449,0,60.88175,Forward,0.04472140137906227,310.0138297127269,20035.0,20048.95914752905,ok,0.0005171495403191465,0.0045138985082849295,14557.696173493589,ok,89.00797014207637,69.2266760098782,0.12668832462201216,13.906015656011732,61.410759018074174,0.01979294464097415,1.5934355051406113,0.09514954387980136,0.011382457714584297
450,0,61.017316666666666,Forward,0.044604622812812605,309.5139650036035,20055.0,20048.939768504937,ok,0.0005169145223466072,0.004416681244540504,14557.64458030227,ok,88.98859111796264,69.22664842699889,0.12666074174270528,13.854422464693926,61.410685583583316,0.019719510150113133,1.5934355051406113,0.09523897412553435,0.011382457714584297
451,0,61.15213333333333,Forward,0.04458816346218226,309.11216874934325,20030.0,20049.268126333136,ok,0.0005165944712404991,0.0045558904224212195,14557.539880668099,ok,89.31694894616157,69.22711579079862,0.12712810554242618,13.749722830521932,61.410536560734904,0.019570487301702875,1.5934355051406113,0.09594379622298935,0.011382457714584297
452,0,61.2874,Forward,0.04450277601627148,308.42692675118815,20040.0,20049.646014985155,ok,0.0005352372716400666,0.004139016982922247,14557.736118812116,ok,89.69483759818104,69.22765365364552,0.12766596838933303,13.945960974539048,61.41081587371836,0.019849800285166915,1.5934355051406113,0.09603659184499783,0.011382457714584297
453,0,61.42245,Forward,0.044424881610011666,308.30321956919215,20055.0,20049.82230798819,ok,0.000525291487854305,0.004656947707001078,14557.855315414936,ok,89.87113060121555,69.22790457797467,0.1279168927184844,14.06515757735906,61.410985530636594,0.02001945720339343,1.5934355051406113,0.09601717881695432,0.011382457714584297
454,0,61.5575,Forward,0.04434833729572003,307.61277208435786,20040.0,20050.130275688836,ok,0.0005251353734314699,0.0035041098259013933,14558.444487593997,ok,90.17909830186181,69.2283429197543,0.12835523449810582,14.654329756420339,61.411824121115174,0.02085804768197675,1.5934355051406113,0.09511928075372825,0.011382457714584297
455,0,61.69338333333334,Forward,0.04435095719532724,308.29472347887713,20060.0,20050.122740060644,ok,0.000526636541776406,0.005163075910900683,14558.770943646019,ok,90.17156267366954,69.22833219401694,0.12834450876074624,14.980785808442306,61.41228877804677,0.021322704613567965,1.5934355051406113,0.09436815416386152,0.011382457714584297
456,0,61.8292,Forward,0.04417608001480329,308.31586353195235,20055.0,20050.522504031742,ok,0.0005181249157075904,0.004329273211777644,14558.604833122823,ok,90.5713266447674,69.22890119281179,0.12891350755559336,14.814675285246267,61.41205234681648,0.021086273383283744,1.5934355051406113,0.0953138908755676,0.011382457714584297
457,0,61.9643,Forward,0.044153766083673926,308.1482492138457,20050.0,20050.6758950273,ok,0.0005303187143922529,0.0050496590867091865,14558.846613022524,ok,90.72471764032525,69.22911951986956,0.12913183461336478,15.056455184947481,61.412396481059425,0.021430407626223245,1.5934355051406113,0.09498386221210453,0.011382457714584297
458,0,62.0999,Forward,0.04408409695885957,307.8785320082716,20050.0,20050.781355447943,ok,0.0005228788219857895,0.004100882919029267,14559.135723670131,ok,90.83017806096905,69.2292696255734,0.12928194031720197,15.345565832554712,61.412807982900404,0.021841909467207602,1.5934355051406113,0.09447826627208653,0.011382457714584297
459,0,62.23493333333333,Forward,0.04414707834851494,307.2657205371979,20040.0,20050.975763654173,ok,0.0005256859267508613,0.004472135651771231,14558.839664790641,ok,91.02458626719817,69.22954633393896,0.1295586486827632,15.049506953064338,61.41238659138488,0.021420517951681116,1.5934355051406113,0.09542643484005267,0.011382457714584297
460,0,62.36976666666666,Forward,0.04407905312160588,307.5751775930621,20055.0,20051.013484672098,ok,0.0005260022256607922,0.0045308247802813935,14559.322141586348,ok,91.0623072851231,69.22960002365411,0.12961233839792374,15.531983748771381,61.41307331839168,0.022107244958482354,1.5934355051406113,0.09438586936023718,0.011382457714584297
461,0,62.5048,Forward,0.04402752528737304,307.45681944334865,20055.0,20051.00881304264,ok,0.0005222890287106594,0.004599012179572655,14559.486275500889,ok,91.05763565566667,69.22959337435172,0.1296056890955282,15.69611766331218,61.41330693624201,0.022340862808812326,1.5934355051406113,0.09400696508049122,0.011382457714584297
462,0,62.6404,Forward,0.04401136872161584,306.06344640984753,20055.0,20051.49360940937,ok,0.0005237023130092388,0.003537336049010214,14559.170479771019,ok,91.54243202239377,69.23028340288946,0.13029571763325867,15.380321933442247,61.41285745253987,0.021891379106665807,1.5934355051406113,0.09541321690820402,0.011382457714584297
463,0,62.77596666666667,Forward,0.0440907070024135,306.65869609742003,20060.0,20051.42657480773,ok,0.0005339645140058387,0.004345102379743034,14559.388386300454,ok,91.47539742075605,69.23018799007014,0.13020030481393888,15.59822846287716,61.41316760693496,0.022201533501763692,1.5934355051406113,0.09482359306365984,0.011382457714584297
464,0,62.91101666666667,Forward,0.043928129073011406,307.4679170115887,20060.0,20051.64320681304,ok,0.0005291911815009656,0.004233082517498504,14559.860225501005,ok,91.69202942606717,69.23049633038806,0.13050864513187405,16.070067663427835,61.41383919306049,0.02287311962729086,1.5934355051406113,0.0940618042044202,0.011382457714584297
465,0,63.04578333333333,Forward,0.04406556473687435,307.4048878640897,20065.0,20051.41254777754,ok,0.0005256740690399379,0.004200187299797302,14559.79200812936,ok,91.46137039056703,69.23016802488104,0.13018033962485262,16.00185029178283,61.41374209676103,0.02277602332782433,1.5934355051406113,0.09388821538838651,0.011382457714584297
466,0,63.1811,Forward,0.043861491960631424,308.29964111102527,20045.0,20051.730514627416,ok,0.0005188904514496942,0.00407179963007298,14559.46885437044,ok,91.77933724044124,69.23062059881832,0.13063291356212592,15.678696532862887,61.413282140104926,0.022316066671723485,1.5934355051406113,0.09507370059231665,0.011382457714584297
467,0,63.31563333333333,Forward,0.04397051820751247,306.8913597533319,20035.0,20051.61653894227,ok,0.0005237895524560463,0.0036651439019994604,14560.09739663318,ok,91.66536155529684,69.23045837302466,0.13047068776846338,16.307238795603553,61.41417676747474,0.0232106940415381,1.5934355051406113,0.09348594378372094,0.011382457714584297
468,0,63.4504,Forward,0.04393755351553969,306.37407646163047,20055.0,20051.76523885164,ok,0.0005180878904823521,0.0035662556309183804,14560.165569061102,ok,91.81406146466543,69.23067002308655,0.13068233783035427,16.37541122352559,61.41427379980415,0.02330772637094716,1.5934355051406113,0.09354297908678494,0.011382457714584297
469,0,63.584916666666665,Forward,0.04394157771319437,306.48331883387436,20045.0,20051.740441056067,ok,0.0005348533839550084,0.0037923475464478654,14560.46904940361,ok,91.78926366909218,69.23063472747009,0.13064704221390014,16.67889156603269,61.41470575456153,0.02373968112833089,1.5934355051406113,0.09281939142330117,0.011382457714584297
470,0,63.71995,Forward,0.043896389416996535,306.93410386849064,20045.0,20051.939217333605,ok,0.0005256114705726215,0.004801323621360078,14560.182579410073,ok,91.98803994663103,69.23091765307255,0.130929967816358,16.39242157249646,61.41429801126081,0.02333193782761689,1.5934355051406113,0.09375202967809994,0.011382457714584297
471,0,63.85525,Forward,0.04391355426868121,306.3504341554617,20055.0,20051.791661745043,ok,0.00051338624172094,0.004636673561996652,14560.25809296642,ok,91.84048435806835,69.23070763176464,0.13071994650844834,16.467935128843237,61.414405492488896,0.02343941905569739,1.5934355051406113,0.09337074396523071,0.011382457714584297
472,0,63.9903,Forward,0.04403548566036872,306.04472602590613,20040.0,20051.4716379862,ok,0.000517162315242619,0.0055798894430121775,14560.395820838467,ok,91.52046059922577,69.23025213015302,0.13026444489682537,16.605663000889763,61.41460152564565,0.02363545221245265,1.5934355051406113,0.0926028761614491,0.011382457714584297
473,0,64.12586666666667,Forward,0.04403776477568035,307.28398800225114,20055.0,20051.42372134332,ok,0.0005211501547433126,0.004271882743867583,14559.637482031827,ok,91.47254395634445,69.23018392862906,0.13019624337286684,15.847324194250177,61.413522154070776,0.022556080637573774,1.5934355051406113,0.09425458362814211,0.011382457714584297
474,0,64.26116666666667,Forward,0.044014114105903536,306.54776720413065,20040.0,20051.35082971238,ok,0.0005206094554394649,0.004156143057332425,14560.189734050635,ok,91.39965232540635,69.23008017928404,0.1300924940278613,16.399576213058026,61.41430819472444,0.023342121291238974,1.5934355051406113,0.0928983291971025,0.011382457714584297
475,0,64.39648333333334,Forward,0.04403839218325128,307.4836923371331,20040.0,20051.015108417876,ok,0.0005313843410720393,0.003991229149346075,14560.227000295803,ok,91.06393103090159,69.22960233479134,0.12961464953513943,16.436842458226238,61.414361237144774,0.023395163711572544,1.5934355051406113,0.09233596502854254,0.011382457714584297
476,0,64.53151666666666,Forward,0.04415592749369519,307.2243238437004,20055.0,20050.788977031683,ok,0.0005297316115967697,0.003950913777407354,14559.976428470281,ok,90.83779964470887,69.22928047365446,0.12929278839826058,16.18627063270469,61.41400458902976,0.023038515596553937,1.5934355051406113,0.09258239966097581,0.011382457714584297
477,0,64.66633333333333,Forward,0.04438694680231954,307.1403486702038,20040.0,20050.59280956878,ok,0.0005307361203288278,0.004354938229013083,14560.504674301534,ok,90.64163218180693,69.22900126127402,0.12901357601783298,16.714516463956897,61.414756460791835,0.023790387358634132,1.5934355051406113,0.09110512811953698,0.011382457714584297
478,0,64.80118333333333,Forward,0.04431724500236168,308.6335665790175,20040.0,20050.166314797938,ok,0.0005298751347341484,0.004768186515299317,14560.048898811901,ok,90.21513741096351,69.22839421554664,0.12840653029044527,16.25874097432461,61.414107738738146,0.023141665304944742,1.5934355051406113,0.09153177914546569,0.011382457714584297
479,0,64.93645,Forward,0.044557134582788066,308.7662335358473,20050.0,20049.661571381966,ok,0.0005174489496685644,0.004170511781007032,14559.739847272333,ok,89.71039399499205,69.22767579563849,0.12768811038230282,15.949689434755783,61.41366785429064,0.022701780857435926,1.5934355051406113,0.09151428673414294,0.011382457714584297
480,0,65.0715,Forward,0.04457430807729238,309.195487066223,20055.0,20048.77829785736,ok,0.0005283001131637734,0.0045531579962013085,14559.137505136741,ok,88.82712047038513,69.2264185998746,0.12643091461840872,15.34734729916454,61.41281051852749,0.021844445094295926,1.5934355051406113,0.09162320021506294,0.011382457714584297
481,0,65.2063,Forward,0.04487850636258378,310.05166705649754,20045.0,20048.32332010481,ok,0.0005255552900738748,0.004795963717343379,14558.689310291127,ok,88.37214271783523,69.22577101326951,0.12578332801331227,14.899152453550414,61.41217258628385,0.02120651285065033,1.5934355051406113,0.0919921174968654,0.011382457714584297
482,0,65.3411,Forward,0.04518666470087776,310.19665850097226,20040.0,20047.08644852606,ok,0.0005237469235716298,0.004884368397740399,14557.916662732136,ok,87.1352711390864,69.22401052836199,0.1240228431057905,14.12650489455882,61.411072848534346,0.020106775101146713,1.5934355051406113,0.09198399376574612,0.011382457714584297
483,0,65.47613333333334,Forward,0.045552046867844996,311.8505713463164,20035.0,20046.030874950393,ok,0.0005257830687617218,0.004830929907948683,14557.34132276156,ok,86.07969756341845,69.22250809158466,0.12252040632846395,13.551164923983379,61.41025394594794,0.01928787251473862,1.5934355051406113,0.0917864254448537,0.011382457714584297
484,0,65.61143333333334,Forward,0.04598428395915574,313.835600097118,20055.0,20044.27830400429,ok,0.0005280803351849382,0.004146015282044634,14556.708512530737,ok,84.3271266173142,69.22001359275956,0.12002590750337276,12.918354693159927,61.40935324382184,0.01838717038863999,1.5934355051406113,0.09072713736704371,0.011382457714584297
485,0,65.74595,Forward,0.04630941208835535,314.9958921009529,20020.0,20042.93652077149,ok,0.0005236789592278603,0.003987381239776112,14555.834435036095,ok,82.98534338451645,69.21810378322793,0.11811609797173514,12.044277198518103,61.40810913710635,0.017143063673149002,1.5934355051406113,0.0907997316480533,0.011382457714584297
486,0,65.88151666666667,Forward,0.04684522905091299,317.0416796596983,20035.0,20040.815574756565,ok,0.000530468392680191,0.003996863045885705,14554.734588468802,ok,80.86439736959073,69.21508496258956,0.11509727733336118,10.94443063122526,61.4065436849482,0.01557761151499746,1.5934355051406113,0.090275358060077,0.011382457714584297
487,0,66.01521666666666,Forward,0.04736369023548245,319.14616910995755,20040.0,20038.966348728733,ok,0.0005260803929723557,0.0055881095831814605,14553.64424620943,ok,79.0151713417581,69.21245289102406,0.11246520576786453,9.854088371852413,61.404991760621826,0.01402568718862496,1.5934355051406113,0.09011617781751372,0.011382457714584297
488,0,66.1508,Forward,0.04810412975235733,320.4629876874169,20035.0,20036.203197801056,ok,0.0005314118808961301,0.0050227456038517025,14551.871549374275,ok,76.25202041408193,69.20851999646251,0.10853231120632939,8.081391536697993,61.402468615877034,0.011502542443834382,1.5934355051406113,0.09020375167693684,0.011382457714584297
489,0,66.28585,Forward,0.048809530341953844,323.0721081173069,20040.0,20033.761834455498,ok,0.0005239219317096003,0.003265795968371601,14550.567294574897,ok,73.81065706852314,69.20504511402729,0.10505742877109653,6.7771367373206886,61.40061222194794,0.009646148514733657,1.5934355051406113,0.08968691323986054,0.011382457714584297
490,0,66.42168333333333,Forward,0.0496247816975787,325.4490777050596,20020.0,20030.7414712429,ok,0.0005273127750815354,0.004015809771504449,14548.714694352528,ok,70.7902938559273,69.20074611974012,0.1007584344839227,4.924536514950887,61.39797534776699,0.007009274333783795,1.5934355051406113,0.0895896078952008,0.011382457714584297
491,0,66.55671666666667,Forward,0.05053583990834801,329.0009285217275,20015.0,20027.368022976312,ok,0.000532745638544573,0.0037321311439652647,14546.675397451221,ok,67.41684558933775,69.19594456648133,0.09595688122514066,2.885239613644444,61.395072741321506,0.004106667888305011,1.5934355051406113,0.08941317080409464,0.011382457714584297
492,0,66.69228333333334,Forward,0.051654573958628255,331.59898640273605,20000.0,20023.61242253445,ok,0.0005245470578089414,0.0042867428301852,14544.16879450048,ok,63.66124514747571,69.19059908194585,0.09061139668965779,0.37863666290286346,61.39150500095157,0.0005389275183678998,1.5934355051406113,0.08975265044719305,0.011382457714584297
493,0,66.82733333333333,Forward,0.05283231480609058,334.75826010006494,20015.0,20019.96219065191,ok,0.0005218672226849317,0.0037202252237296084,14541.759513595669,ok,60.01101326493517,69.1854035723646,0.08541588710840618,-2.030644241907794,61.38807578263677,-0.00289029079643084,1.5934355051406113,0.09002137908362022,0.011382457714584297
494,0,66.96265,Forward,0.0539034869620492,339.0823222699255,20015.0,20015.18541168556,ok,0.0005217153088103161,0.0038196299364852103,14539.526721942355,ok,55.23423429858667,69.17860460679589,0.07861692153970053,-4.263435895221846,61.38489776797879,-0.006068305454408649,1.5934355051406113,0.0882863749067937,0.011382457714584297
495,0,67.09823333333334,Forward,0.05534003895408077,344.5889995131147,20005.0,20010.82871317309,ok,0.000528558479039385,0.0025003752128558783,14536.932836496304,ok,50.877535786115914,69.17240355722082,0.07241587196462192,-6.857321341272836,61.38120579521616,-0.009760278217039663,1.5934355051406113,0.08796824581570342,0.011382457714584297
496,0,67.23328333333333,Forward,0.05682436848469015,348.2415779638941,19995.0,20005.92713253604,ok,0.000522212231464265,0.002872757585343889,14533.556947372967,ok,45.97595514906425,69.16542695683417,0.06543927157797608,-10.233210464610238,61.376400767796,-0.014565305637197745,1.5934355051406113,0.08864814672351165,0.011382457714584297
497,0,67.36805,Forward,0.058031713691712526,352.8317724142689,19985.0,20001.041782168908,ok,0.0005275254140283496,0.002640878372100621,14530.448010169172,ok,41.09060478193351,69.15847345758893,0.05848577233273548,-13.342147668405232,61.37197570288243,-0.018990370550768222,1.5934355051406113,0.08874570302410623,0.011382457714584297
498,0,67.50338333333333,Forward,0.05952251590264623,356.69599955431477,19975.0,19995.96633611818,ok,0.0005284850429834123,0.002841774387817342,14527.671213949196,ok,36.01515873120661,69.15124938815055,0.05126170289435116,-16.11894388838118,61.36802338647342,-0.022942686959781466,1.5934355051406113,0.08781939487939346,0.011382457714584297
499,0,67.63841666666667,Forward,0.061175234843533,361.2172801698907,19980.0,19990.87729304804,ok,0.0005312246627228328,0.002738550650121896,14524.433925169595,ok,30.926115661066433,69.14400596557326,0.04401828031706734,-19.356232667982113,61.36341563403113,-0.02755043940206981,1.5934355051406113,0.08791812864255025,0.011382457714584297
500,0,67.77346666666666,Forward,0.06261957850978156,366.70302697645457,19965.0,19986.06966488314,ok,0.0005278645797059459,0.002968773353605195,14521.210375927012,ok,26.11848749616547,69.13716309120319,0.03717540594700036,-22.579781910564634,61.3588274375783,-0.03213863585489826,1.5934355051406113,0.08838624940498033,0.011382457714584297
501,0,67.90823333333333,Forward,0.06412323702147359,370.5964735932357,19965.0,19980.85339740615,ok,0.0005319732296457022,0.002190416833356572,14518.053280870108,ok,20.90222001917573,69.1297385854383,0.02975090018212027,-25.73687696746856,61.354333827817364,-0.03663224561583494,1.5934355051406113,0.08812202097942316,0.011382457714584297
502,0,68.04301666666667,Forward,0.06563623748346953,375.0785858373638,19980.0,19975.79278828137,ok,0.000534530530760167,0.002417293910086686,14515.087945997833,ok,15.841610894396581,69.1225356339435,0.0225479486873073,-28.70221183974354,61.35011315739524,-0.04085291603795656,1.5934355051406113,0.08764443559071558,0.011382457714584297
503,0,68.17911666666667,Forward,0.06720966504763046,379.000466739024,19960.0,19970.909505490046,ok,0.0005309605686086323,0.0024219570686696804,14512.602438699649,ok,10.958328103071835,69.11558507755511,0.015597392298919549,-31.18771913792807,61.34657544324515,-0.044390630188050714,1.5934355051406113,0.0863309985361262,0.011382457714584297
504,0,68.31443333333333,Forward,0.06872801361626742,383.75277636474857,19960.0,19965.928672424663,ok,0.0005358855594720692,0.0018361965826319793,14509.154553752915,ok,5.977495037688641,69.10849567426608,0.008507989009887328,-34.63560408466219,61.34166794151588,-0.04929813191732239,1.5934355051406113,0.08706138274405442,0.011382457714584297
505,0,68.4508,Forward,0.0703438924928133,386.98032548711126,19945.0,19961.064051288668,ok,0.0005260622262514622,0.0016747448419657054,14506.872190900021,ok,1.1128739016930922,69.10157167969956,0.0015839944433741328,-36.91796693755532,61.33841937034241,-0.05254670309079148,1.5934355051406113,0.08531377682632317,0.011382457714584297
506,0,68.58558333333333,Forward,0.0717540146108925,391.6955914944083,19945.0,19956.035567741183,ok,0.000529408435534661,0.0010893982542601367,14503.748166675894,ok,-3.9156096457918466,69.09441445372302,-0.005573231533168715,-40.041991161682745,61.33397283151671,-0.05699324191648918,1.5934355051406113,0.08524182368963329,0.011382457714584297
507,0,68.72063333333334,Forward,0.07331257136054445,395.113680073111,19950.0,19951.619421239964,ok,0.0005204291723354049,0.0015900273520471112,14501.268607185446,ok,-8.33175614701031,69.08812878963438,-0.011858895621808007,-42.52155065213083,61.330443583100596,-0.06052249033260355,1.5934355051406113,0.0845797893336919,0.011382457714584297
508,0,68.85568333333333,Forward,0.07465138706375796,399.4007617354764,19940.0,19947.29280063545,ok,0.0005235331160490802,0.0016815840371366651,14498.584194022353,ok,-12.658376751525793,69.08197055105433,-0.01801713420186105,-45.205963815224095,61.326622758901564,-0.06434331453163554,1.5934355051406113,0.08450978769127686,0.011382457714584297
509,0,68.99098333333333,Forward,0.07603177694337607,403.2785027079881,19935.0,19943.42440512399,ok,0.0005166415883952182,0.001096344647761432,14496.761661182834,ok,-16.526772262983286,69.07646452113882,-0.023523164117379678,-47.02849665474241,61.32402868073487,-0.06693739269832799,1.5934355051406113,0.08313725402967605,0.011382457714584297
510,0,69.12656666666666,Forward,0.077154882208374,405.7450152408783,19930.0,19939.378844851137,ok,0.0005324857446833645,0.0010135237891218747,14494.846439938297,ok,-20.57233253583763,69.07070632608833,-0.029281359167858685,-48.94371789927936,61.321302675744946,-0.06966339768825834,1.5934355051406113,0.08172277211734252,0.011382457714584297
511,0,69.26161666666667,Forward,0.07830757280825565,408.9965270520988,19920.0,19936.053583016743,ok,0.0005313892351816356,0.0015006476803477646,14493.047179318872,ok,-23.897594370231673,69.06597335835458,-0.03401432690160721,-50.74297851870506,61.31874172178689,-0.072224351646309,1.5934355051406113,0.0810705193473823,0.011382457714584297
512,0,69.39775,Forward,0.07938069703338002,412.1551177320034,19920.0,19932.591182139597,ok,0.0005236226005101609,0.0008934314573691522,14491.604820934015,ok,-27.35999524737781,69.06104519556652,-0.03894248968967275,-52.18533690356162,61.31668875993426,-0.0742773134989421,1.5934355051406113,0.0794136188660016,0.011382457714584297
513,0,69.53331666666666,Forward,0.08031543318197952,414.73755205781345,19915.0,19929.594950566316,ok,0.0005252572241141885,0.0011491953056031057,14490.830804667738,ok,-30.356226820658776,69.05678054873104,-0.043207136525148675,-52.95935316983923,61.31558707405323,-0.07537899937997469,1.5934355051406113,0.07690443742887512,0.011382457714584297
514,0,69.66758333333334,Forward,0.08131871235944355,416.63888497803055,19935.0,19926.65873614222,ok,0.0005170488433765101,0.0018958470506631178,14489.493945275479,ok,-33.29244124475372,69.05260132651615,-0.04738635874003354,-54.296212562097935,61.31368427280532,-0.07728180062788668,1.5934355051406113,0.0757572062816391,0.011382457714584297
515,0,69.80296666666666,Forward,0.08220910158187242,419.2350633165079,19910.0,19924.170431041246,ok,0.0005262905850021446,0.001574661659486009,14488.020526608856,ok,-35.7807463457284,69.04905963015023,-0.05092805510596232,-55.769631228720755,61.311587101708795,-0.07937897172439956,1.5934355051406113,0.07555721680124858,0.011382457714584297
516,0,69.93826666666666,Forward,0.08310624095116426,421.0372288951403,19920.0,19921.228724997727,ok,0.0005292745875968581,0.0011506666502238624,14486.869429600472,ok,-38.72245238924734,69.04487259151101,-0.05511509374518735,-56.92072823710441,61.30994870290882,-0.08101737052438071,1.5934355051406113,0.07398086098149328,0.011382457714584297
517,0,70.07356666666666,Forward,0.08395877902966145,423.7426600668259,19905.0,19918.963953712184,ok,0.0005263644740288284,0.002115255159320297,14486.1995369171,ok,-40.987223674790584,69.04164905906374,-0.058338626192444905,-57.590620920476795,61.3089952199612,-0.08197085347200353,1.5934355051406113,0.07227664211652407,0.011382457714584297
518,0,70.2086,Forward,0.08457313895824572,425.47240812792006,19910.0,19916.58566260793,ok,0.0005292489826473552,0.0013902963294455575,14485.155418505166,ok,-43.36551477904504,69.03826394967433,-0.06172373558186799,-58.63473933241039,61.307509087740634,-0.08345698569256445,1.5934355051406113,0.0712595885726762,0.011382457714584297
519,0,70.34525,Forward,0.08530018885016091,427.8826844562427,19895.0,19914.693223975795,ok,0.0005233048406706215,0.0009983014083107427,14484.753264577757,ok,-45.25795341117919,69.03557037201637,-0.06441731323982776,-59.03689325981941,61.30693668723288,-0.08402938620031994,1.5934355051406113,0.06947809420693456,0.011382457714584297
520,0,70.48003333333334,Forward,0.0858888051570931,428.973640331129,19905.0,19912.703980215283,ok,0.0005258932433771079,0.0016217548339777217,14484.245969263126,ok,-47.24719717169137,69.03273900805107,-0.06724867720511997,-59.544188574451255,61.306214635113314,-0.0847514383198854,1.5934355051406113,0.06779727372551998,0.011382457714584297
521,0,70.6151,Forward,0.08660864631148094,430.5107458605744,19920.0,19910.894358500755,ok,0.0005382470986891505,0.0017035101733869893,14483.849290926293,ok,-49.056818886219844,69.03016330676446,-0.06982437849172698,-59.94086691128359,61.30565002821545,-0.08531604521774991,1.5934355051406113,0.06612123711641757,0.011382457714584297
522,0,70.75066666666666,Forward,0.08728450934465547,432.072655008993,19905.0,19909.230133803176,ok,0.000530318523025839,0.0011960629039364733,14482.733424328866,ok,-50.721043583798746,69.02779455441123,-0.07219313084496347,-61.05673350871075,61.30406177415793,-0.08690429927526924,1.5934355051406113,0.06628326516961604,0.011382457714584297
523,0,70.88625,Forward,0.08777105016557638,433.3747882844509,19890.0,19907.39882107465,ok,0.0005249475925612703,0.0019139233308136997,14483.081293874762,ok,-52.552356312324264,69.02518797950489,-0.07479970575129524,-60.708863962814576,61.30455690970463,-0.08640916372857314,1.5934355051406113,0.06288772370332149,0.011382457714584297
524,0,71.02101666666667,Forward,0.08825289442935415,434.8691091078581,19895.0,19906.208995888628,ok,0.0005197941103572364,0.001389342004938763,14482.331814270054,ok,-53.742181498346326,69.02349445746222,-0.07649322779397973,-61.458343567523116,61.303490147758396,-0.08747592567480483,1.5934355051406113,0.06289401802129548,0.011382457714584297
525,0,71.15686666666667,Forward,0.08873340505381895,435.2274848829584,19895.0,19904.546128770657,ok,0.0005213299437219593,0.001586749463276111,14481.580734948584,ok,-55.4050486163178,69.02112763740207,-0.07886004785412233,-62.209422888992776,61.30242110887633,-0.08854496455686611,1.5934355051406113,0.06223064247220515,0.011382457714584297
526,0,71.29191666666667,Forward,0.08911266478570617,437.1512081205401,19890.0,19903.442147040227,ok,0.000527499311410704,0.0008105284504673195,14481.79379867571,ok,-56.50903034674775,69.01955629951381,-0.08043138574238369,-61.996359161867076,61.302724370332406,-0.08824170310079436,1.5934355051406113,0.06017607701249843,0.011382457714584297
527,0,71.42698333333334,Forward,0.08961709478310326,437.31693963173166,19890.0,19902.250045134835,ok,0.0005180321398675321,0.001076268839291184,14481.199245329948,ok,-57.70113225213936,69.01785953693252,-0.08212814832366379,-62.59091250762867,61.301878120640914,-0.0890879527922851,1.5934355051406113,0.059827758735853956,0.011382457714584297
528,0,71.562,Forward,0.09000391357229005,438.21263970723885,19895.0,19901.19762097331,ok,0.0005254315410394804,0.0015980610336758145,14481.250602077755,ok,-58.75355641366332,69.01636158283243,-0.08362610242375586,-62.53955575982218,61.30195121859301,-0.08901485484018873,1.5934355051406113,0.05821332776353845,0.011382457714584297
529,0,71.69811666666666,Forward,0.09030452250445334,438.7383551754283,19900.0,19900.065561679792,ok,0.0005363727331851935,0.0020298872583628283,14481.4647718131,ok,-59.885615707182296,69.01475028111372,-0.08523740414246453,-62.32538602447676,61.302256054271346,-0.08871001916185182,1.5934355051406113,0.05611629005173413,0.011382457714584297
530,0,71.83291666666666,Forward,0.09053254056869156,440.21007022745107,19890.0,19899.081844966986,ok,0.0005257897808489687,0.0020323022205606047,14481.37895794555,ok,-60.869332419988496,69.01335012085787,-0.08663756439832881,-62.41119989202707,61.30213391223067,-0.08883216120252449,1.5934355051406113,0.05491075526014802,0.011382457714584297
531,0,71.9685,Forward,0.09086695441567488,441.2211783244493,19895.0,19898.095123142666,ok,0.0005201295540043372,0.0015877030435400901,14480.72792137518,ok,-61.856054244308325,69.01194568331601,-0.08804200194017499,-63.06223646239596,61.3012072678837,-0.08975880554949747,1.5934355051406113,0.05498286572140641,0.011382457714584297
532,0,72.10355,Forward,0.09120182743543728,441.3826688314257,19885.0,19897.29453379086,ok,0.0005273450097891988,0.001447628452049504,14481.529857561989,ok,-62.65664359611401,69.0108061749829,-0.08918151027328929,-62.260300275587724,61.302348693216715,-0.08861738021648144,1.5934355051406113,0.052024569736197415,0.011382457714584297
533,0,72.2386,Forward,0.09143790755884781,442.5137810895685,19900.0,19896.38269320105,ok,0.0005252430868408234,0.0014595142356051802,14481.185707131548,ok,-63.56848418592563,69.00950831866216,-0.09047936659403434,-62.60445070602873,61.30185885122413,-0.0891072222090684,1.5934355051406113,0.05150724503834926,0.011382457714584297
534,0,72.37336666666667,Forward,0.09191987204270011,443.19412910379106,19880.0,19895.920832718693,ok,0.0005153020850700869,0.0017322642996969555,14480.279788281721,ok,-64.03034466828103,69.00885093561405,-0.09113674964215152,-63.510369555855505,61.30056942353417,-0.09039664989902535,1.5934355051406113,0.052904481852720925,0.011382457714584297
535,0,72.50815,Forward,0.0920487384136172,444.00726211736765,19890.0,19895.10929755031,ok,0.0005219859660465679,0.0011305713494933168,14480.527135685375,ok,-64.84187983666561,69.00769584769674,-0.09229183755945122,-63.2630221522013,61.3009214822107,-0.09004459122249855,1.5934355051406113,0.05118841114035061,0.011382457714584297
536,0,72.64293333333333,Forward,0.09221878461844073,444.29590655458014,19885.0,19894.450491582564,ok,0.0005307485539234784,0.00255223101047428,14480.543900544404,ok,-65.50068580441075,69.00675814488011,-0.09322954037607976,-63.246257293172675,61.30094534425248,-0.09002072918071206,1.5934355051406113,0.05021268569911434,0.011382457714584297
537,0,72.77943333333333,Forward,0.09254345473178374,443.6200196058744,19905.0,19893.693786916218,ok,0.0005282061723169514,0.0012783784727026493,14480.922328395265,ok,-66.25739047075695,69.00568109923735,-0.09430658601884677,-62.86782944231163,61.30148397456098,-0.08948209887221983,1.5934355051406113,0.048277367398650975,0.011382457714584297
538,0,72.9142,Forward,0.09273491996995206,445.0604190043159,19895.0,19893.15184097728,ok,0.0005288644640284968,0.0014938847809083434,14480.656747815718,ok,-66.79933640969466,69.00490972760703,-0.09507795764916402,-63.13341002185916,61.30110596393315,-0.0898601095000469,1.5934355051406113,0.04810833132403386,0.011382457714584297
539,0,73.04955,Forward,0.09295648999753194,445.7112623503381,19885.0,19892.416797532092,ok,0.0005234420412897356,0.0021366116268731633,14480.497512449625,ok,-67.53437985488199,69.00386351317874,-0.09612417207745097,-63.29264538795178,61.30087931836738,-0.09008675506581641,1.5934355051406113,0.047423261987326715,0.011382457714584297
540,0,73.18405,Forward,0.09310314835735015,446.09941485983654,19880.0,19891.999848181447,ok,0.0005255610819372529,0.0016017445375280355,14480.900854347925,ok,-67.95132920552714,69.00327005379975,-0.09671763145643865,-62.889303489651866,61.3014534097579,-0.08951266367530483,1.5934355051406113,0.04591502500350235,0.011382457714584297
541,0,73.3196,Forward,0.0932432997992463,446.0644492034735,19880.0,19891.51154304472,ok,0.000527870775453556,0.0018089477420542796,14481.055357891997,ok,-68.43963434225589,69.00257503110035,-0.09741265415584119,-62.73479994557965,61.30167332034698,-0.0892927530862258,1.5934355051406113,0.0448695889635049,0.011382457714584297
542,0,73.45545,Forward,0.09350498657686859,446.31788488369784,19875.0,19890.853035487497,ok,0.0005300359081080988,0.001154621792880717,14480.28420112938,ok,-69.09814189947792,69.00163775302242,-0.09834993223377318,-63.50595670819712,61.3005757045029,-0.0903903689303013,1.5934355051406113,0.045681290942527694,0.011382457714584297
543,0,73.59131666666667,Forward,0.09358738622061435,447.8947373913725,19900.0,19890.42286589434,ok,0.0005232151010740044,0.001213298027687136,14480.371694898484,ok,-69.52831149263511,69.00102547678497,-0.0989622084712093,-63.41846293909293,61.30070023760938,-0.09026583582382801,1.5934355051406113,0.04487057923167155,0.011382457714584297
544,0,73.72745,Forward,0.09383357248910375,447.9638474744206,19885.0,19890.219405468983,ok,0.0005178254572585722,0.0018279091710423465,14480.687539241082,ok,-69.73177191799186,69.00073588406228,-0.099251801193908,-63.10261859649472,61.30114979050381,-0.08981628292939353,1.5934355051406113,0.043864652965542233,0.011382457714584297
545,0,73.86255,Forward,0.09404998320151978,447.5592938522641,19895.0,19889.483403295344,ok,0.0005309553875839077,0.002394287444515189,14480.351926561667,ok,-70.46777409163042,68.99968830504045,-0.10029938021573707,-63.43823127590986,61.300672100606945,-0.0902939728262549,1.5934355051406113,0.04357824198581901,0.011382457714584297
546,0,73.99758333333334,Forward,0.09403987181497335,448.13442693721663,19890.0,19889.288778901086,ok,0.000529296762377693,0.0022147739220786202,14480.478436939919,ok,-70.66239848588884,68.9994112889665,-0.10057639628968884,-63.31172089765823,61.30085216749132,-0.09011390594188025,1.5934355051406113,0.043014300945004635,0.011382457714584297
547,0,74.13265,Forward,0.09417430340790586,448.2307608676383,19880.0,19888.74104185597,ok,0.0005202627276886364,0.0015130840753100586,14480.579279403813,ok,-71.2101355310042,68.9986316746413,-0.10135601061488142,-63.210878433763355,61.3009957002871,-0.08997037314609573,1.5934355051406113,0.042005976366856906,0.011382457714584297
548,0,74.26821666666666,Forward,0.09427852912319629,449.03037618612507,19875.0,19888.50369720048,ok,0.0005251209762464444,0.0011639379680033722,14480.52126354919,ok,-71.44748018649625,68.99829385324493,-0.10169383201126064,-63.268894288386946,61.30091312418283,-0.09005294925037094,1.5934355051406113,0.04179973466690601,0.011382457714584297
549,0,74.403,Forward,0.09440553947264972,448.90675612988707,19880.0,19888.186560579317,ok,0.0005279260615772347,0.0017477590838568995,14480.272592457115,ok,-71.76461680765715,68.99784246100279,-0.10214522425340511,-63.51756538046175,61.30055918145179,-0.09040689198141622,1.5934355051406113,0.041912327339195504,0.011382457714584297
550,0,74.53831666666666,Forward,0.09457901200317823,449.8428524779083,19890.0,19887.689749227142,ok,0.0005200510290870797,0.0012331022501370676,14480.645996138785,ok,-72.26142815983258,68.9971353310934,-0.10285235416278103,-63.14416169879223,61.30109066067509,-0.08987541275811867,1.5934355051406113,0.04035831956517273,0.011382457714584297
551,0,74.67336666666667,Forward,0.09462807280866553,449.6013717485439,19885.0,19887.628270650694,ok,0.0005292240970424237,0.0016928612384169578,14480.245752941588,ok,-72.32290673628086,68.99704782636954,-0.10293985888666078,-63.54440489598892,61.30052097978006,-0.09044509365313591,1.5934355051406113,0.041178564606013726,0.011382457714584297
552,0,74.80866666666667,Forward,0.09483020717717008,449.9163993511829,19880.0,19887.182723386126,ok,0.0005181115975656646,0.0014961067177307562,14480.257783654744,ok,-72.76845400084858,68.99641366252558,-0.10357402273061661,-63.53237418283243,61.300538103537534,-0.09042796989566372,1.5934355051406113,0.040517115158920286,0.011382457714584297
553,0,74.94425,Forward,0.0947928272282686,450.2446674004932,19880.0,19887.13417749978,ok,0.000516458596238426,0.0014893815490531505,14479.843947544277,ok,-72.81699988719265,68.9963445653762,-0.10364311987998878,-63.94621029329937,61.299949075348046,-0.09101699808515575,1.5934355051406113,0.04138659644021342,0.011382457714584297
554,0,75.07928333333334,Forward,0.09500182556653836,450.06506834075844,19880.0,19886.763327710898,ok,0.00052247470554752,0.0023832675726592157,14480.156855559237,ok,-73.18784967607644,68.99581672120264,-0.10417096405355122,-63.633302278340125,61.30039444885912,-0.09057162457407905,1.5934355051406113,0.04014907830105224,0.011382457714584297
555,0,75.21431666666666,Forward,0.09493573187524823,450.3302527661763,19870.0,19886.382698910522,ok,0.0005273076062464229,0.002106798640348903,14479.84436033072,ok,-73.56847847645258,68.99527495820158,-0.10471272705461246,-63.94579750685625,61.2999496628822,-0.09101641055099648,1.5934355051406113,0.04031605306779987,0.011382457714584297
556,0,75.34961666666666,Forward,0.09520931911525854,450.4490246846981,19885.0,19886.28765219644,ok,0.0005291069331868491,0.0012521888862207047,14480.426372387721,ok,-73.66352519053544,68.99513967471013,-0.10484801054606567,-63.36378544985564,61.30077806209515,-0.09018801133805496,1.5934355051406113,0.03886076885801511,0.011382457714584297
557,0,75.48386666666667,Forward,0.09521222623608736,450.44285726629096,19875.0,19886.01284469938,ok,0.0005203978469675593,0.001284728022120923,14480.070587993276,ok,-73.93833268759408,68.99474853107051,-0.10523915418567859,-63.71956984430108,61.300271661052776,-0.0906944123804223,1.5934355051406113,0.039276542619150534,0.011382457714584297
558,0,75.61943333333333,Forward,0.09523380504529419,451.0469601017612,19880.0,19885.885554391003,ok,0.0005321036934506328,0.002132110494851463,14480.081959944451,ok,-74.06562299597135,68.99456735408285,-0.10542033117334827,-63.70819789312554,61.30028784717004,-0.09067822626315875,1.5934355051406113,0.039069574097542734,0.011382457714584297
559,0,75.75448333333334,Forward,0.09531274300534906,451.1089432735789,19875.0,19885.550081300604,ok,0.0005284782497217461,0.001271862055444367,14479.994273155737,ok,-74.40109608637067,68.99408986286818,-0.10589782238801836,-63.79588468184011,61.30016303933164,-0.09080303410155793,1.5934355051406113,0.038790956123897755,0.011382457714584297
560,0,75.88926666666667,Forward,0.09551508543965881,450.9411004262911,19870.0,19885.37077267903,ok,0.0005243178437844229,0.0008792653471431282,14480.407069849964,ok,-74.58040470794367,68.99383464629801,-0.10615303895818735,-63.38308798761318,61.300750588081684,-0.09021548535151187,1.5934355051406113,0.03759951851440439,0.011382457714584297
561,0,76.0243,Forward,0.09553253138209394,451.58627691189395,19880.0,19885.28709603625,ok,0.0005239514929492766,0.0024059744310158996,14480.114620911958,ok,-74.66408135072561,68.99371554624813,-0.10627213900807185,-63.67553692561887,61.30033433472893,-0.09063173870426543,1.5934355051406113,0.03814369133593122,0.011382457714584297
562,0,76.16015,Forward,0.0955949538223245,451.2661565942253,19880.0,19884.99288790909,ok,0.0005238066463467369,0.001471862434065527,14479.561988331181,ok,-74.95828947788323,68.99329678897661,-0.10669089627958678,-64.22816950639572,61.29954775240739,-0.09141832102580812,1.5934355051406113,0.038978302263278336,0.011382457714584297
563,0,76.29491666666667,Forward,0.09543234247491286,451.96281168982387,19880.0,19884.8224296685,ok,0.0005256525663935296,0.0013249963799156779,14480.997690735412,ok,-75.12874771847419,68.9930541694799,-0.10693351577629044,-62.792467102164665,61.30159124055747,-0.08937483287573016,1.5934355051406113,0.03547951619390634,0.011382457714584297
564,0,76.42996666666667,Forward,0.09564449340738188,451.18122387529,19875.0,19884.664221266445,ok,0.0005326090508569468,0.0014303575293868112,14480.2675879814,ok,-75.2869561205298,68.9928289856299,-0.1071586996262935,-63.52256985617714,61.30055205839704,-0.09041401503616045,1.5934355051406113,0.036910202094641645,0.011382457714584297
565,0,76.5658,Forward,0.09561117928585827,452.33329342307115,19875.0,19884.635842635205,ok,0.0005194396508298942,0.0018313676989205631,14480.473449809677,ok,-75.31533475176911,68.99278859327805,-0.10719909197813611,-63.31670802789995,61.30084506912503,-0.09012100430817246,1.5934355051406113,0.0364029160454359,0.011382457714584297
566,0,76.70245,Forward,0.09582341475282419,452.45634780509863,19870.0,19884.36937252774,ok,0.0005210468704866112,0.0012817350733589248,14480.033474775079,ok,-75.58180485923367,68.99240931655235,-0.10757836870383433,-63.75668306249827,61.300218836441374,-0.09074723699182764,1.5934355051406113,0.0370215007123533,0.011382457714584297
567,0,76.83726666666666,Forward,0.09586847643421094,452.0552755796489,19865.0,19884.359039010353,ok,0.0005240796125435209,0.0013989311738732834,14480.127789154922,ok,-75.59213837662173,68.99239460847618,-0.10759307678001287,-63.66236868265514,61.30035307757451,-0.09061299585869073,1.5934355051406113,0.036792888048384126,0.011382457714584297
568,0,76.97258333333333,Forward,0.09593319817744099,452.43426445316436,19890.0,19883.931136230072,ok,0.000525449518073476,0.0020630582474351813,14480.311183368967,ok,-76.02004115690215,68.99178555867707,-0.10820212657912968,-63.47897446860952,61.300614109319035,-0.09035196411416578,1.5934355051406113,0.03576790099957246,0.011382457714584297
569,0,77.1082,Forward,0.09596548839701961,452.79825630287087,19890.0,19884.04512361931,ok,0.0005309208143076823,0.0015933851353166202,14480.199064829578,ok,-75.90605376766325,68.9919478011296,-0.10803988412659804,-63.59109300799901,61.30045452686937,-0.09051154656382336,1.5934355051406113,0.03618442779338579,0.011382457714584297
570,0,77.2435,Forward,0.09584223530545877,452.49148503799734,19880.0,19883.880590667108,ok,0.0005282147653768199,0.0017191079481050527,14480.21416305534,ok,-76.0705867198667,68.99171361531425,-0.10827406994194128,-63.5759947822371,61.300476016730606,-0.09049005670259534,1.5934355051406113,0.035915999270161286,0.011382457714584297
571,0,77.37963333333333,Forward,0.09597842848575538,452.44657293153796,19870.0,19883.42196191844,ok,0.0005227879670265393,0.0011724167360772303,14480.403260618301,ok,-76.52921546853395,68.99106083211181,-0.10892685314438258,-63.38689721927585,61.30074516626186,-0.09022090717134071,1.5934355051406113,0.03483434364842691,0.011382457714584297
572,0,77.51495,Forward,0.09609940513632212,452.42784591512464,19880.0,19883.467616215697,ok,0.0005203570931643372,0.0008414866581815087,14480.280582882799,ok,-76.48356117127696,68.99112581355585,-0.10886187170033829,-63.509574954778145,61.300570554519176,-0.09039551891402398,1.5934355051406113,0.035177557642877194,0.011382457714584297
573,0,77.65053333333333,Forward,0.0962041545770111,452.6596940273266,19870.0,19883.415327178514,ok,0.0005202188877813423,0.0014311182636946257,14480.146010785742,ok,-76.53585020846003,68.99105138864192,-0.1089362966142673,-63.64414705183481,61.30037901309328,-0.09058706033991837,1.5934355051406113,0.03540834163767355,0.011382457714584297
574,0,77.78851666666667,Forward,0.09606184638810009,452.0364719455574,19865.0,19883.319824768245,ok,0.0005202721456401594,0.0012611882897643361,14480.19921149591,ok,-76.63135261872958,68.99091545654129,-0.10907222871489942,-63.590946341666495,61.300454735624974,-0.09051133780822636,1.5934355051406113,0.035151750566504256,0.011382457714584297
575,0,77.92493333333333,Forward,0.09623875741394006,453.0227748844518,19875.0,19883.193274088433,ok,0.0005206140216235641,0.0009666804286310607,14479.963254102156,ok,-76.75790329854135,68.99073533229422,-0.1092523529619701,-63.826903735420274,61.30011888876936,-0.09084718466384083,1.5934355051406113,0.03550677662345951,0.011382457714584297
576,0,78.05971666666667,Forward,0.09620047257387959,452.967045431782,19870.0,19883.283257386276,ok,0.0005314932081514236,0.0021038329512862927,14479.825990196243,ok,-76.66792000069836,68.9908634088387,-0.10912427641748206,-63.964167641333916,61.2999235159927,-0.09104255744049797,1.5934355051406113,0.03594616708701094,0.011382457714584297
577,0,78.19541666666667,Forward,0.09626321692473816,453.2975660374068,19885.0,19883.15481419495,ok,0.0005214097197014931,0.0016580577077001475,14479.895240015554,ok,-76.79636319202473,68.99068059091024,-0.10930709434594697,-63.89491782202276,61.30002208181298,-0.09094399162021352,1.5934355051406113,0.03560629088091148,0.011382457714584297
578,0,78.33045,Forward,0.09627659804692668,452.74153843462045,19870.0,19882.99027406063,ok,0.0005239489120514874,0.0013455553759897485,14480.389518641277,ok,-76.96090332634412,68.99044639487234,-0.10954129038386055,-63.40063919629938,61.300725606799446,-0.09024046663374982,1.5934355051406113,0.03425107315081306,0.011382457714584297
579,0,78.46661666666667,Forward,0.09628582693789726,453.08873466944715,19880.0,19882.92031024173,ok,0.0005260970113500817,0.0011574579227472824,14480.133743467117,ok,-77.03086714524397,68.99034681279011,-0.1096408724660767,-63.65641437045997,61.30036155256653,-0.09060452086667509,1.5934355051406113,0.034731588009136755,0.011382457714584297
580,0,78.60378333333334,Forward,0.09638613140823543,452.9791009422479,19865.0,19882.60714019623,ok,0.0005232625896116968,0.0008400532093950325,14480.333702166581,ok,-77.34403719074544,68.98990106632131,-0.11008661893488224,-63.45645567099564,61.30064616115369,-0.09031991227950815,1.5934355051406113,0.03383233611247154,0.011382457714584297
581,0,78.7399,Forward,0.09646239964916667,453.60218102683575,19875.0,19882.705153939176,ok,0.0005309905595288567,0.0016962612359720604,14480.163504238784,ok,-77.2460234477985,68.9900405728943,-0.10994711236188592,-63.62665359879247,61.300403912169784,-0.09056216126341714,1.5934355051406113,0.034357850817512664,0.011382457714584297
582,0,78.87521666666666,Forward,0.09639747016406969,454.39130198730345,19875.0,19882.541918246305,ok,0.0005292412925831954,0.001650144636753581,14480.20646539322,ok,-77.40925914066975,68.98980823351599,-0.11017945174020632,-63.58369244435744,61.30046506036438,-0.0905010130688171,1.5934355051406113,0.03402807573484132,0.011382457714584297
583,0,79.00971666666666,Forward,0.09639457060586028,453.9714117807598,19875.0,19882.382711346585,ok,0.0005149063718407727,0.0014046398527637974,14480.488686674784,ok,-77.56846604038947,68.98958162846745,-0.11040605678873806,-63.30147116279295,61.30086675631675,-0.09009931711645451,1.5934355051406113,0.03316139409354375,0.011382457714584297
584,0,79.14503333333333,Forward,0.09653356503153188,454.5474809265579,19880.0,19882.316536292998,ok,0.0005186172814016569,0.0014528757144924207,14479.99590153713,ok,-77.63464109397682,68.98948743907455,-0.11050024618163594,-63.79425630044716,61.3001653570669,-0.09080071636630131,1.5934355051406113,0.03418483916863076,0.011382457714584297
585,0,79.28035,Forward,0.09657093430021244,453.9086373910177,19880.0,19882.148577264536,ok,0.0005283723237307248,0.001241886941741102,14480.04816294912,ok,-77.80260012243889,68.9892483767986,-0.1107393084575988,-63.74199488845625,61.30023974266088,-0.09072633077232652,1.5934355051406113,0.03382724824615749,0.011382457714584297
586,0,79.41595,Forward,0.09653047721768312,454.3539040689102,19870.0,19882.16994769234,ok,0.0005261610803911023,0.0009815733130347447,14480.75420631556,ok,-77.78122969463584,68.98927879411617,-0.11070889114002036,-63.03595152201706,61.30124468020817,-0.08972139322502723,1.5934355051406113,0.03225636239542032,0.011382457714584297
587,0,79.55125,Forward,0.09668393984641446,453.92031784985375,19880.0,19882.007515791953,ok,0.0005327680181738738,0.0020771442542467443,14480.494772680826,ok,-77.9436615950217,68.98904759880531,-0.11094008645086956,-63.295385156750854,61.30087541875346,-0.09009065467973247,1.5934355051406113,0.03261356139717833,0.011382457714584297
588,0,79.68633333333334,Forward,0.09660899822045033,454.6537579903634,19885.0,19882.06594423874,ok,0.000520180604047536,0.0006041392762228625,14480.068218093158,ok,-77.88523314823397,68.98913076216724,-0.11085692308895952,-63.721939744418705,61.30026828788659,-0.09069778554661119,1.5934355051406113,0.033664148638639715,0.011382457714584297
589,0,79.82243333333334,Forward,0.09669435067980832,454.0371498232598,19875.0,19881.776792294007,ok,0.0005356975525495143,0.0017875312293898537,14480.2218929528,ok,-78.17438509296699,68.98871920154653,-0.11126848370966516,-63.568264884776,61.30048701897857,-0.09047905445462492,1.5934355051406113,0.03290405412988498,0.011382457714584297
590,0,79.95898333333334,Forward,0.09673342878749593,454.1703111098468,19880.0,19881.651407728234,ok,0.0005284616696054938,0.0016550755860464368,14479.997255163962,ok,-78.29976965874084,68.98854073707255,-0.11144694818364421,-63.79290267361466,61.30016728373386,-0.09079878969933769,1.5934355051406113,0.03323506714707607,0.011382457714584297
591,0,80.09455,Forward,0.0967015730641494,454.8616673544457,19865.0,19881.692483091378,ok,0.0005180914063916235,0.0011768883032874573,14480.045048985681,ok,-78.2586942955968,68.98859920115089,-0.11138848410529648,-63.745108851895566,61.300235310441934,-0.09073076299126637,1.5934355051406113,0.03318513505348514,0.011382457714584297
592,0,80.2296,Forward,0.09687032376913063,454.8629499865674,19865.0,19881.370173687996,ok,0.0005280527529858717,0.0014099506558359826,14480.621959410013,ok,-78.58100369897875,68.98814044629715,-0.11184723895903824,-63.168198427563766,61.30105644831306,-0.08990962512014196,1.5934355051406113,0.031417949961278155,0.011382457714584297
593,0,80.3657,Forward,0.09684429137598091,454.0472689786766,19880.0,19881.054763008866,ok,0.0005288335623185599,0.0016594448091654737,14479.826814549866,ok,-78.8964143781086,68.98769151065191,-0.11229617460427394,-63.96334328771081,61.2999246893256,-0.0910413841076016,1.5934355051406113,0.03277239926992265,0.011382457714584297
594,0,80.50135,Forward,0.09698600601739671,454.74630882743804,19875.0,19881.275567094883,ok,0.0005330512417849485,0.0014619150934876155,14480.131546838773,ok,-78.67561029209173,68.9880057892461,-0.11198189601009276,-63.65861099880385,61.30035842602444,-0.09060764740876182,1.5934355051406113,0.03239554640829004,0.011382457714584297
595,0,80.63691666666666,Forward,0.09686360720224632,455.106341295781,19870.0,19881.167136505344,ok,0.0005270289224326766,0.0012096638998279569,14480.034847299401,ok,-78.78404088163006,68.9878514559914,-0.11213622926479411,-63.75531053817576,61.30022079000583,-0.09074528342736995,1.5934355051406113,0.03246052727242507,0.011382457714584297
596,0,80.7717,Forward,0.09701436578170253,455.06913769483435,19865.0,19880.876296564853,ok,0.0005267406289401602,0.001220853663017129,14480.24310460042,ok,-79.07488082212149,68.98743749278411,-0.11255019247208004,-63.54705323715643,61.300517210298466,-0.09044886313473406,1.5934355051406113,0.03157423744640894,0.011382457714584297
597,0,80.90806666666667,Forward,0.09705402156512719,454.63196050863917,19865.0,19880.737555604963,ok,0.0005343859599656439,0.0011737799486981127,14480.314292987585,ok,-79.21362178201161,68.98724001766209,-0.1127476675941042,-63.47586484999192,61.300618535353834,-0.09034753807937082,1.5934355051406113,0.031215307383608643,0.011382457714584297
598,0,81.04358333333333,Forward,0.09702515745204718,455.08088574992144,19885.0,19880.610533361894,ok,0.0005266225525563117,0.0012994716252398,14479.979004672978,ok,-79.34064402508011,68.98705922222166,-0.11292846303453939,-63.81115316459909,61.30014130713735,-0.09082476629584535,1.5934355051406113,0.031794944327358896,0.011382457714584297
599,0,81.17891666666667,Forward,0.09704662424680431,456.3633698368103,19875.0,19880.457602527196,ok,0.000534438776452907,0.0025944643419871264,14480.30969007453,ok,-79.49357485977816,68.98684155012779,-0.11314613512839813,-63.48046776304727,61.30061198385802,-0.09035408957517993,1.5934355051406113,0.030827279235348726,0.011382457714584297
600,0,81.31423333333333,Forward,0.09712418206291698,455.42745273583205,19865.0,19880.46640989272,ok,0.0005298811333354479,0.0020868959297131984,14479.932019381378,ok,-79.4847674942539,68.98685408597578,-0.11313359928041933,-63.8581384561985,61.300074431240006,-0.09089164219319594,1.5934355051406113,0.03169637051075555,0.011382457714584297
601,0,81.44956666666667,Forward,0.09717406812067499,455.3303464364908,19860.0,19880.533001915333,ok,0.0005301131037015706,0.0018483968823608996,14479.725037559825,ok,-79.418175471641,68.98694886885605,-0.11303881640013848,-64.0651202777517,61.29977982638431,-0.09118624704889516,1.5934355051406113,0.03226058722809437,0.011382457714584297
602,0,81.58513333333333,Forward,0.09721330351257897,455.97481860917105,19865.0,19880.214062457635,ok,0.0005290494854276815,0.001155964069056569,14480.492393236707,ok,-79.73711492933944,68.98649491057022,-0.11349277468597704,-63.297764600869414,61.30087203200295,-0.09009404143024966,1.5934355051406113,0.030066269730591982,0.011382457714584297
603,0,81.72071666666666,Forward,0.0972342556010615,455.233292161538,19875.0,19880.103884379358,ok,0.0005257959712628036,0.0018542251067230238,14479.777641913524,ok,-79.84729300761683,68.98633809005038,-0.11364959520581087,-64.01251592405242,61.29985470009986,-0.09111137333334646,1.5934355051406113,0.03153050198566486,0.011382457714584297
604,0,81.85616666666667,Forward,0.0972014524544332,455.80956010800946,19855.0,19879.90995128812,ok,0.0005244664991880773,0.0007849616741205876,14479.388098947966,ok,-80.04122609885599,68.9860620579335,-0.11392562732269479,-64.402058889611,61.299300249238925,-0.09166582419427646,1.5934355051406113,0.032137951556442584,0.011382457714584297
605,0,81.99146666666667,Forward,0.09738663608837161,456.40970336002647,19865.0,19879.952182381527,ok,0.0005310807258996718,0.002204945312350698,14480.03762098205,ok,-79.9989950054478,68.98612216700533,-0.11386551825086336,-63.75253685552707,61.300224737890574,-0.0907413355426217,1.5934355051406113,0.03072494758662775,0.011382457714584297
606,0,82.12785,Forward,0.0973042302934519,456.3180383375038,19865.0,19879.857101851714,ok,0.0005289212072635094,0.0012694784739089061,14480.193136879889,ok,-80.09407553526034,68.9859868353827,-0.11400084987349106,-63.59702095768807,61.30044608940008,-0.09051998403311237,1.5934355051406113,0.030236906609631423,0.011382457714584297
607,0,82.26315,Forward,0.09735646557358654,456.2741441939106,19870.0,19879.877974674746,ok,0.0005310117970807233,0.0016439974261823445,14479.993396418762,ok,-80.07320271222852,68.98601654444107,-0.11397114081512458,-63.79676141881464,61.30016179143959,-0.09080428199360918,1.5934355051406113,0.030719626132292593,0.011382457714584297
608,0,82.39818333333334,Forward,0.09741686037934795,456.80276861519087,19875.0,19879.660506261487,ok,0.0005343237411214262,0.0021202654506345996,14480.264195750511,ok,-80.29067112548728,68.98570701363288,-0.11428067162332055,-63.525962087065636,61.300547230109785,-0.09041884332341729,1.5934355051406113,0.02979592366195867,0.011382457714584297
609,0,82.5335,Forward,0.09745750465193015,456.2465080237562,19875.0,19879.650863866438,ok,0.000529395005232558,0.0014993042529186493,14480.355898129248,ok,-80.30031352053629,68.98569328925659,-0.11429439599960003,-63.43425970832868,61.30067775348547,-0.09028831994772976,1.5934355051406113,0.029574218704607858,0.011382457714584297
610,0,82.66963333333334,Forward,0.09747331724028588,456.1056246019398,19865.0,19879.52958874925,ok,0.0005253831556664913,0.001978513236783186,14479.690867112913,ok,-80.4215886377242,68.98552067391225,-0.11446701134393772,-64.09929072466366,61.29973119032773,-0.09123488310546349,1.5934355051406113,0.030909890703661125,0.011382457714584297
611,0,82.8052,Forward,0.09746328758361272,455.88837824327857,19870.0,19879.483598229646,ok,0.0005258602699054693,0.0021068300624435352,14479.51201295214,ok,-80.46757915732815,68.98545521391056,-0.11453247134564117,-64.27814488543663,61.299476620608374,-0.09148945282482497,1.5934355051406113,0.03125007113132193,0.011382457714584297
612,0,82.9406,Forward,0.09755844068623534,455.99748458877366,19880.0,19879.335981026717,ok,0.0005233654745962746,0.0011923945301481828,14479.712391545312,ok,-80.61519636025696,68.98524510490464,-0.11474258035154915,-64.07776629226464,61.29976182684573,-0.09120424658746719,1.5934355051406113,0.030585504380520503,0.011382457714584297
613,0,83.07561666666666,Forward,0.09765900070004052,456.02733830186116,19875.0,19879.469292452795,ok,0.0005225354527683358,0.0014152380537605827,14479.962688125344,ok,-80.4818849341791,68.98543485197106,-0.1145528332851256,-63.827469712232414,61.3001180831937,-0.09084799023949872,1.5934355051406113,0.030207579933159354,0.011382457714584297
614,0,83.21175,Forward,0.09754322351593585,456.01652838434165,19865.0,19879.456441582217,ok,0.0005213655852556428,0.0011383843218991854,14480.701444517843,ok,-80.49473580475751,68.98541656085331,-0.11457112440288632,-63.08871331973387,61.30116958239675,-0.08979649103644928,1.5934355051406113,0.028513792651632605,0.011382457714584297
615,0,83.34651666666667,Forward,0.09756877816952791,456.11644399711076,19875.0,19879.318099065287,ok,0.000521932294646302,0.001201641333752154,14480.273589443765,ok,-80.63307832168721,68.98521965284984,-0.11476803240635881,-63.51656839381212,61.30056060049963,-0.09040547293357017,1.5934355051406113,0.029287258025020427,0.011382457714584297
616,0,83.48158333333333,Forward,0.09746449364604243,456.98751731358425,19880.0,19879.249259930908,ok,0.0005404428818347772,0.0022445247602499,14480.162401960399,ok,-80.70191745606644,68.98512167157256,-0.11486601368364234,-63.62775587717806,61.30040234325632,-0.0905637301768719,1.5934355051406113,0.02944144945815956,0.011382457714584297
617,0,83.61633333333333,Forward,0.09762935279879065,455.9347547422876,19870.0,19879.23713576202,ok,0.0005254148645741194,0.0011249697845956749,14479.951346998803,ok,-80.7140416249531,68.9851044147961,-0.11488327046009993,-63.8388108387735,61.30010194095028,-0.09086413248292392,1.5934355051406113,0.02990286438199137,0.011382457714584297
618,0,83.75173333333333,Forward,0.09764592795492291,456.4146108696914,19870.0,19879.13894381114,ok,0.0005277474490470547,0.0015765133080199595,14480.188603097942,ok,-80.8122335758344,68.98496465457318,-0.11502303068301774,-63.601554739634594,61.300439636301135,-0.0905264371320662,1.5934355051406113,0.029225008397095978,0.011382457714584297
619,0,83.8873,Forward,0.09771803738966316,456.6805054911092,19860.0,19879.038818543824,ok,0.0005214572044077898,0.0016002307564976467,14479.759032007418,ok,-80.91235884315029,68.9848221425897,-0.11516554266647645,-64.031125830159,61.29982821193455,-0.09113786149864504,1.5934355051406113,0.03005676170805209,0.011382457714584297
620,0,84.02268333333333,Forward,0.09772076172283345,456.6774112217681,19860.0,19879.10106243475,ok,0.0005287511766992074,0.0020326364176323827,14480.411800422979,ok,-80.85011495222352,68.9849107366139,-0.11507694864229097,-63.37835741459821,61.30075732128063,-0.09020875215257686,1.5934355051406113,0.028664879912054533,0.011382457714584297
621,0,84.15803333333334,Forward,0.0976542350137364,456.40437533281147,19875.0,19878.98591315222,ok,0.0005308465487151436,0.0018202998259851156,14480.202617318984,ok,-80.9652642347537,68.98474684039581,-0.11524084486036998,-63.587540518592505,61.30045958325849,-0.09050649017471091,1.5934355051406113,0.02897541002967427,0.011382457714584297
622,0,84.29333333333334,Forward,0.09767107350733967,456.325468039955,19880.0,19878.74128219631,ok,0.0005255314559378018,0.001324909902878852,14479.921419834704,ok,-81.20989519066279,68.98439864813949,-0.1155890371166964,-63.868738002873215,61.30005934451454,-0.09090672891866365,1.5934355051406113,0.02926497239849503,0.011382457714584297
623,0,84.42945,Forward,0.09761786239112566,457.2547902229453,19865.0,19878.85906796492,ok,0.0005277995309363296,0.0018541639638320598,14480.341417298228,ok,-81.09210942205391,68.98456629696538,-0.1154213882908041,-63.448740539348364,61.300657142384935,-0.0903089310482648,1.5934355051406113,0.028480068872796346,0.011382457714584297
624,0,84.56448333333333,Forward,0.0977703656754027,456.43482271417815,19870.0,19878.720948951206,ok,0.0005306630641846206,0.0024244064066323715,14479.651737374816,ok,-81.23022843576837,68.98436970708228,-0.11561797817391231,-64.13842046276113,61.29967549552923,-0.09129057790396922,1.5934355051406113,0.029847669943077193,0.011382457714584297
625,0,84.6998,Forward,0.09786385819729834,456.6424302886444,19865.0,19878.64673418458,ok,0.0005295909860049901,0.001540607709768869,14479.86003993999,ok,-81.30444320239621,68.98426407446948,-0.11572361078671414,-63.93011789758748,61.299971980248,-0.0909940931851941,1.5934355051406113,0.029269608052647472,0.011382457714584297
626,0,84.8351,Forward,0.09776749879111901,457.127493097134,19875.0,19878.593798986505,ok,0.0005255662058321912,0.001419243239058515,14479.80257829708,ok,-81.35737840046932,68.98418872985094,-0.1157989554052546,-63.98757954049688,61.29989019297369,-0.09107588045950897,1.5934355051406113,0.029324586180869014,0.011382457714584297
627,0,84.97146666666667,Forward,0.09779221516184008,457.1728843394085,19855.0,19878.448116292984,ok,0.0005294414232625036,0.001450909332786621,14480.14364319711,ok,-81.50306109399025,68.98398137430357,-0.11600631095261885,-63.646514640466194,61.300375643217116,-0.09059043021608368,1.5934355051406113,0.02834369697965175,0.011382457714584297
628,0,85.1068,Forward,0.09774165854573938,457.72622774415504,19865.0,19878.72550031898,ok,0.0005306018104060366,0.0022728037916343725,14479.583928648482,ok,-81.225677067996,68.98437618521179,-0.11561150004440436,-64.2062291890943,61.2995789808697,-0.09138709256350126,1.5934355051406113,0.030007937957850075,0.011382457714584297
629,0,85.24263333333333,Forward,0.09775239247712894,457.27287372601495,19875.0,19878.35202060491,ok,0.0005250186811984189,0.002182176882533451,14480.12702366109,ok,-81.5991567820638,68.98384459776878,-0.11614308748741685,-63.66313417648598,61.300351988018924,-0.09061408541427528,1.5934355051406113,0.028244613477533362,0.011382457714584297
630,0,85.3782,Forward,0.09790667502776298,456.6840742813838,19875.0,19878.53476404203,ok,0.0005292848914799449,0.000817262808494709,14480.87375102443,ok,-81.41641334494489,68.98410470323851,-0.11588298201767848,-62.91640681314675,61.30141483259857,-0.08955124083462859,1.5934355051406113,0.026811144657616456,0.011382457714584297
631,0,85.5143,Forward,0.09785475460102935,457.7624286256578,19870.0,19878.459863631884,ok,0.0005314637646943666,0.0011656228659619357,14479.846622827277,ok,-81.49131375509023,68.98399809472403,-0.1159895905321707,-63.943535010299456,61.29995288317694,-0.0910131902562545,1.5934355051406113,0.029034058258262746,0.011382457714584297
632,0,85.65068333333333,Forward,0.09784480003958376,457.31872912566905,19880.0,19878.30878837842,ok,0.0005192300857516154,0.0012522715053492027,14480.347410880468,ok,-81.64238900855344,68.98378306374732,-0.11620462150886356,-63.44274695710919,61.30066567327145,-0.09030040016174809,1.5934355051406113,0.027683242237270853,0.011382457714584297
633,0,85.78575,Forward,0.09783454370770338,456.9878472042692,19870.0,19878.375858826268,ok,0.0005321327796890719,0.0024001254089797896,14480.474322535812,ok,-81.57531856070636,68.98387852758788,-0.11610915766831276,-63.31583530176431,61.300846311308305,-0.09011976212489606,1.5934355051406113,0.02749087101632272,0.011382457714584297
634,0,85.92078333333333,Forward,0.09791404403802012,457.23897001318255,19870.0,19878.18645484034,ok,0.0005309421248791309,0.0017550232631764753,14480.093705988138,ok,-81.76472254663531,68.98360894191352,-0.11637874334267168,-63.696451849438745,61.30030456574697,-0.09066150768623532,1.5934355051406113,0.028084521954154118,0.011382457714584297
635,0,86.05583333333334,Forward,0.0979742781509062,457.28647003043807,19880.0,19878.19957397219,ok,0.0005239446478259936,0.001591063377714131,14480.209494895,ok,-81.75160341478477,68.98362761485744,-0.11636007039875454,-63.580662942576964,61.30046937236593,-0.09049670106726942,1.5934355051406113,0.027840586179928822,0.011382457714584297
636,0,86.1914,Forward,0.09795404529797422,457.9505515930796,19870.0,19878.003858040553,ok,0.0005139857506286811,0.0018239399970832253,14480.289551498843,ok,-81.94731934642186,68.9833490451581,-0.11663864009809002,-63.50060633873363,61.300583319880964,-0.09038275355223621,1.5934355051406113,0.027380448464416868,0.011382457714584297
637,0,86.3267,Forward,0.09805271288257499,457.0954613362119,19865.0,19878.165711080197,ok,0.0005322396549477795,0.001680333195335087,14479.722495456743,ok,-81.78546630677738,68.98357941655513,-0.11640826870107009,-64.06766238083401,61.29977620811529,-0.09118986531791085,1.5934355051406113,0.0288969004054795,0.011382457714584297
638,0,86.4628,Forward,0.0980625527077586,457.14249736622514,19865.0,19878.026590739104,ok,0.0005270098464441322,0.0012882119424112843,14479.767346581011,ok,-81.92458664787046,68.98338140144585,-0.11660628381034391,-64.02281125656555,61.29984004637362,-0.09112602705958504,1.5934355051406113,0.028597163148803006,0.011382457714584297
639,0,86.59826666666666,Forward,0.09802048508931413,457.6097146558459,19865.0,19877.936880073143,ok,0.0005324354207618465,0.002134356035924289,14480.48008566874,ok,-82.01429731383178,68.98325371294837,-0.11673397230782591,-63.310072168836996,61.30085451418782,-0.09011155924537897,1.5934355051406113,0.02685298561734266,0.011382457714584297
640,0,86.73403333333333,Forward,0.09806414076162598,457.7309803192147,19880.0,19877.940061978148,ok,0.0005337863525109899,0.0013557364261150946,14480.337214552357,ok,-82.0111154088263,68.98325824187104,-0.1167294433851507,-63.45294328521959,61.300651160461825,-0.0903149129713711,1.5934355051406113,0.027181545587116357,0.011382457714584297
641,0,86.87028333333333,Forward,0.0980286444103482,457.33582425665736,19875.0,19877.703040949276,ok,0.0005288557208422049,0.002944976975418999,14480.398184732834,ok,-82.24813643769812,68.98292088110436,-0.1170668041518329,-63.39197310474265,61.30073794156698,-0.09022813186621619,1.5934355051406113,0.026705904726304963,0.011382457714584297
642,0,87.00503333333333,Forward,0.09803751442640952,457.8859011421555,19865.0,19877.765832193916,ok,0.0005298966010019778,0.0008584128088784629,14480.05318004436,ok,-82.18534519305831,68.98301025419725,-0.11697743105893289,-63.73697779321628,61.30024688367745,-0.09071918975574783,1.5934355051406113,0.02757774689546412,0.011382457714584297
643,0,87.14033333333333,Forward,0.0981510514055492,456.8210730623723,19865.0,19877.61684140631,ok,0.0005190936930912232,0.0015936891784674961,14479.89435603136,ok,-82.33433598066404,68.98279819011765,-0.11718949513854009,-63.895801806216696,61.3000208236057,-0.09094524982749926,1.5934355051406113,0.027725894960480293,0.011382457714584297
644,0,87.2762,Forward,0.09821886121593318,457.53551209752186,19865.0,19877.71879500829,ok,0.0005140492145387784,0.002351289975114318,14479.91790748546,ok,-82.23238237868281,68.98294330443723,-0.11704438081896215,-63.87225035211668,61.3000543452584,-0.09091172817480253,1.5934355051406113,0.027817594688460262,0.011382457714584297
645,0,87.41125,Forward,0.0981417554471751,457.6871884376269,19870.0,19877.831515017053,ok,0.0005246219793377622,0.0016729751922596615,14479.724188400261,ok,-82.11966236992157,68.98310374298042,-0.11688394227577836,-64.06596943731529,61.299778617744195,-0.09118745568900094,1.5934355051406113,0.02841738724251197,0.011382457714584297
646,0,87.54683333333334,Forward,0.09812069867304214,457.9801923588311,19875.0,19877.528777323874,ok,0.0005242443708709469,0.001488318827567589,14479.826987244332,ok,-82.42240006310021,68.9826728452632,-0.11731483999299981,-63.963170593244286,61.299924935128,-0.0910411383052021,1.5934355051406113,0.027753342210926138,0.011382457714584297
647,0,87.68211666666667,Forward,0.09818319854061228,457.8792235511828,19870.0,19877.65496743419,ok,0.0005285609837225757,0.0017532404690199367,14480.027993991931,ok,-82.2962099527831,68.98285245629842,-0.11713522895778102,-63.76216384564577,61.300211035440704,-0.09075503799249608,1.5934355051406113,0.027477070849847338,0.011382457714584297
648,0,87.81823333333334,Forward,0.098151626717511,458.34090223738167,19865.0,19877.516680033572,ok,0.0005245228395688735,0.0011790930887385673,14479.860198305698,ok,-82.43449735340255,68.98265562674402,-0.11733205851217761,-63.92995953187892,61.299972205655756,-0.09099386777744395,1.5934355051406113,0.027660801154471767,0.011382457714584297
649,0,87.95408333333333,Forward,0.0981535956144183,457.15117256455414,19875.0,19877.550202728347,ok,0.0005268419523094579,0.0016859598698479765,14480.099829301656,ok,-82.40097465862709,68.9827033408311,-0.11728434442510048,-63.690328535920344,61.300313281284794,-0.09065279214840716,1.5934355051406113,0.02716503322430351,0.011382457714584297
650,0,88.08993333333333,Forward,0.09808832794140335,457.47042018362845,19875.0,19877.395821652957,ok,0.0005187079473038276,0.0020203588487964987,14480.696409798069,ok,-82.55535573401721,68.9824836045562,-0.11750408069999024,-63.09374803950777,61.301162416294524,-0.08980365713867675,1.5934355051406113,0.025592255076251402,0.011382457714584297
651,0,88.22635,Forward,0.09818982436824195,457.05663324353736,19865.0,19877.259516162983,ok,0.000533080184063937,0.002362307964932993,14480.073748051364,ok,-82.6916612239911,68.98228959592828,-0.11769808932791435,-63.71640978621326,61.300276158879925,-0.09068991455327026,1.5934355051406113,0.02681044047943472,0.011382457714584297
652,0,88.36165,Forward,0.09827056001894821,458.12265698193005,19870.0,19877.580566786157,ok,0.000533303480582848,0.001504727774943889,14479.862757916064,ok,-82.3706106008176,68.98274655911375,-0.11724112614244028,-63.927399921512915,61.29997584884353,-0.09099022458966607,1.5934355051406113,0.027745928339451942,0.011382457714584297
653,0,88.49723333333333,Forward,0.09825790630261835,458.218573639213,19870.0,19877.55788406073,ok,0.0005267622945193014,0.0018078462832123033,14479.66037724167,ok,-82.39329332624402,68.9827142739546,-0.11727341130159567,-64.1297805959075,61.299687792970175,-0.09127828046302211,1.5934355051406113,0.02817264163636636,0.011382457714584297
654,0,88.632,Forward,0.09811888374424615,458.244844546658,19875.0,19877.75172394687,ok,0.0005328596702077948,0.0013964962406906587,14480.363949113475,ok,-82.19945344010557,68.98299017340922,-0.11699751184696702,-63.42620872410225,61.30068921274807,-0.09027686068513141,1.5934355051406113,0.026852843261353926,0.011382457714584297
655,0,88.76705,Forward,0.0982967462681705,456.3208158348425,19860.0,19877.44805024634,ok,0.0005338776736737001,0.0019200777096674139,14479.317954488322,ok,-82.5031271406333,68.98255794343825,-0.11742974181794844,-64.47220334925441,61.29920041004408,-0.0917656633891211,1.5934355051406113,0.02879292437905903,0.011382457714584297
656,0,88.90235,Forward,0.09814363998982183,458.27914448787124,19855.0,19877.569966510393,ok,0.000525658257794297,0.0012635686829104212,14480.08529669306,ok,-82.38121087658146,68.98273147135055,-0.11725621390564746,-63.704861144517054,61.300292596487324,-0.09067347694587603,1.5934355051406113,0.0272261236344601,0.011382457714584297
657,0,89.03818333333334,Forward,0.09817688563736776,457.83503299552103,19865.0,19877.614555472603,ok,0.0005340679259188768,0.0023152679640716816,14479.71481193727,ok,-82.33662191437179,68.98279493646395,-0.1171927487922429,-64.07534590030627,61.29976527187882,-0.09120080155438032,1.5934355051406113,0.028129846501789763,0.011382457714584297
658,0,89.1735,Forward,0.09809778100010398,457.9656730689494,19865.0,19877.6144607689,ok,0.0005300106714974463,0.0012211618306709766,14479.85369023458,ok,-82.33671661807603,68.98279480166867,-0.11719288358751578,-63.936467602996345,61.29996294247826,-0.09100313095494447,1.5934355051406113,0.027814736355053354,0.011382457714584297
659,0,89.30856666666666,Forward,0.09814524943822991,458.2946828417771,19855.0,19877.65378229677,ok,0.0005289226707845587,0.001615567992429941,14480.173133427776,ok,-82.2973950902051,68.98285076944863,-0.11713691580755638,-63.61702440980116,61.30041761774939,-0.09054845568380633,1.5934355051406113,0.027146208414671816,0.011382457714584297
660,0,89.4435,Forward,0.09809784009448509,457.89223509730436,19875.0,19877.57295812046,ok,0.0005140517423153138,0.0013568371689214088,14480.312270308636,ok,-82.37821926651304,68.98273572941942,-0.1172519558367702,-63.47788752894121,61.300615656400325,-0.09035041703287268,1.5934355051406113,0.026715606567670164,0.011382457714584297
661,0,89.5788,Forward,0.0980885392514626,458.3283984990667,19865.0,19877.574790491453,ok,0.0005279112478919256,0.0014210004422769876,14480.383377717086,ok,-82.37638689552114,68.98273833750059,-0.11724934775559859,-63.40678012049102,61.3007168661957,-0.09024920723749831,1.5934355051406113,0.026556943367424257,0.011382457714584297
662,0,89.71411666666667,Forward,0.09818760552859006,457.3721590283785,19870.0,19877.58857183873,ok,0.0005246188507668662,0.000962819513486949,14479.966715501503,ok,-82.36260554824548,68.98275795300013,-0.1172297322560585,-63.82344233607364,61.30012381550663,-0.09084225792656805,1.5934355051406113,0.027521546891276158,0.011382457714584297
663,0,89.84995,Forward,0.09814556156738297,457.9539270970163,19860.0,19877.563906512587,ok,0.0005276746104788955,0.0010925244083671859,14480.076443911339,ok,-82.38727087438747,68.9827228459323,-0.11726483932388844,-63.71371392623769,61.3002799959968,-0.09068607743640111,1.5934355051406113,0.02723757628520397,0.011382457714584297
664,0,89.98498333333333,Forward,0.0981133790913835,457.70922404002704,19870.0,19877.60529296917,ok,0.0005348498850639575,0.0024837307718756155,14480.136714504737,ok,-82.34588441780579,68.9827817528014,-0.11720593245478442,-63.65344333283974,61.300365781353875,-0.0906002920793216,1.5934355051406113,0.02715978972051633,0.011382457714584297
665,0,90.12108333333333,Forward,0.09821124133130452,458.0234250075846,19865.0,19877.637687107475,ok,0.0005192759801071631,0.001345281968350849,14480.499174601035,ok,-82.31349027949909,68.98282786057247,-0.1171598246837264,-63.29098323654216,61.30088168416875,-0.09008438926445035,1.5934355051406113,0.026383839629156497,0.011382457714584297
666,0,90.2572,Forward,0.09806509962382623,457.92273853469305,19865.0,19877.57100681559,ok,0.000519698945202303,0.001213667611231877,14479.842913405824,ok,-82.38017057138495,68.98273295205527,-0.11725473320091696,-63.94724443175255,61.29994760342066,-0.09101847001253316,1.5934355051406113,0.02777732854062938,0.011382457714584297
667,0,90.39278333333333,Forward,0.09814292795641805,457.37791721139365,19880.0,19877.682749923148,ok,0.0005253738153663407,0.0026061335610653943,14479.815978006245,ok,-82.26842746382681,68.98289200013897,-0.11709568511722288,-63.97417983133164,61.29990926527364,-0.09105680815955812,1.5934355051406113,0.027997465988994358,0.011382457714584297
668,0,90.52915,Forward,0.09814567004530343,457.4332370105876,19865.0,19877.557788983413,ok,0.0005288785778739261,0.00197435044248024,14480.47477560025,ok,-82.3933884035614,68.98271413862754,-0.11727354662864592,-63.31538223732605,61.30084695617162,-0.0901191172615817,1.5934355051406113,0.026325454507888507,0.011382457714584297
669,0,90.66498333333334,Forward,0.0982385479685864,457.2923223835278,19880.0,19877.725305794695,ok,0.0005367549555842229,0.0016729244484636955,14481.017247613274,ok,-82.22587159227987,68.9829525714795,-0.11703511377669566,-62.772910224302905,61.30161907658257,-0.08934699685062826,1.5934355051406113,0.025333563282781787,0.011382457714584297
670,0,90.80083333333333,Forward,0.09810660367611634,457.2877527273122,19875.0,19877.54778385058,ok,0.0005300904989383997,0.0014936616755705516,14480.357494678383,ok,-82.40339353639501,68.98269989795321,-0.11728778730298428,-63.43266315919391,61.3006800259127,-0.0902860475204995,1.5934355051406113,0.026577206434992062,0.011382457714584297
671,0,90.93615,Forward,0.09818343072520613,457.36658529748456,19865.0,19877.6780809259,ok,0.0005293996420481774,0.001583803014314759,14479.818331215234,ok,-82.2730964610746,68.98288535458309,-0.11710233067309886,-63.97182662234263,61.29991261468273,-0.09105345875046782,1.5934355051406113,0.027985483365752628,0.011382457714584297
672,0,91.07171666666666,Forward,0.09807395360737797,458.05264111986617,19860.0,19877.744045328458,ok,0.0005288923040529497,0.0016953320827202032,14480.21392003224,ok,-82.20713205851644,68.98297924414862,-0.11700844110757516,-63.57623780533686,61.30047567082687,-0.09049040260633075,1.5934355051406113,0.02718217927982075,0.011382457714584297
673,0,91.20701666666666,Forward,0.09812286257105565,458.04064794852457,19860.0,19877.680872952435,ok,0.0005183567055847897,0.0015152829017575653,14479.929447135537,ok,-82.27030443453987,68.98288932857737,-0.11709835667882149,-63.860710702039796,61.30007077006769,-0.0908953033655115,1.5934355051406113,0.027737446954311434,0.011382457714584297
674,0,91.3424,Forward,0.09824540629622336,457.59889022440984,19855.0,19877.83575016581,ok,0.0005197924407018419,0.001259755642561752,14479.95737728074,ok,-82.11542722116428,68.98310977102375,-0.11687791423245,-63.83278055683695,61.30011052407282,-0.09085554936037524,1.5934355051406113,0.027894543957427242,0.011382457714584297
675,0,91.47776666666667,Forward,0.09821502091536477,457.38421221291355,19865.0,19877.702564831405,ok,0.0005174604866444185,0.0013719803226048576,14480.04697698832,ok,-82.24861255556971,68.98292020342825,-0.11706748182794861,-63.74318084925653,61.30023805463915,-0.09072801879404654,1.5934355051406113,0.027501764629549827,0.011382457714584297
676,0,91.61253333333333,Forward,0.09818078737538967,457.64198719840715,19860.0,19877.723342647627,ok,0.0005350355223862679,0.0031801734961659847,14480.042404228914,ok,-82.2278347393476,68.98294977725992,-0.11703790799627622,-63.747753608662606,61.30023154606214,-0.09073452737105522,1.5934355051406113,0.027541709458915764,0.011382457714584297
677,0,91.74786666666667,Forward,0.0981528374587786,457.39006481978504,19860.0,19877.681387964472,ok,0.0005367712085950541,0.0024397557710740887,14480.551446819964,ok,-82.26978942250207,68.98289006161299,-0.1170976236432054,-63.23871101761324,61.300956085144634,-0.09000998828856235,1.5934355051406113,0.026327487513080464,0.011382457714584297
678,0,91.88371666666667,Forward,0.09817053944154848,457.44270009437605,19865.0,19877.75436992943,ok,0.0005340468885836857,0.0020310549752237525,14480.088573353827,ok,-82.19680745754522,68.98299393953373,-0.11699374572246138,-63.701584483749684,61.300297260279365,-0.09066881315383235,1.5934355051406113,0.02748116036581516,0.011382457714584297
679,0,92.01955,Forward,0.098224027177921,456.8207347173193,19885.0,19877.716586202198,ok,0.0005183428964074974,0.0005894038849057448,14480.23729434424,ok,-82.23459118477695,68.9829401605621,-0.11704752469408966,-63.55286349333619,61.30050894034669,-0.09045713308651325,1.5934355051406113,0.027090082859190068,0.011382457714584297
680,0,92.15511666666667,Forward,0.0980755865888065,456.80640992221015,19860.0,19877.818893029787,ok,0.0005299274387590948,0.001111777104748237,14480.767893091132,ok,-82.13228435718702,68.98308577764071,-0.11690190761548341,-63.02226474644522,61.30126416110032,-0.08970191233287897,1.5934355051406113,0.026032304374736415,0.011382457714584297
681,0,92.29073333333334,Forward,0.09792647636079815,457.54937808909744,19880.0,19877.834433489028,ok,0.0005165278949970137,0.001044439360378017,14479.4672452764,ok,-82.11674389794644,68.98310789694915,-0.11687978830704504,-64.32291256117605,61.299412901125415,-0.09155317230778358,1.5934355051406113,0.029004287056433514,0.011382457714584297
682,0,92.42603333333334,Forward,0.09798585623502598,457.6670260189094,19880.0,19877.802710484317,ok,0.0005292368442210794,0.0010454764589512945,14479.999801939954,ok,-82.14846690265767,68.98306274442727,-0.11692494082891952,-63.79035589762316,61.300170908654,-0.0907951647791981,1.5934355051406113,0.027751298425347043,0.011382457714584297
683,0,92.56185,Forward,0.09800354706749903,457.7172273223805,19875.0,19877.808241831546,ok,0.0005291975794531162,0.0013680036337579656,14480.12747531881,ok,-82.14293555542827,68.98307061739766,-0.1169170678585296,-63.662682518766815,61.30035263088,-0.09061344255319606,1.5934355051406113,0.027469608748752122,0.011382457714584297
684,0,92.69785,Forward,0.09807175624751369,457.8714975159601,19880.0,19877.83696139984,ok,0.0005242180113135971,0.002685425701993611,14479.97498988114,ok,-82.11421598713423,68.98311149501778,-0.1168761902384105,-63.8151679564362,61.300135592736154,-0.09083048069704715,1.5934355051406113,0.027856322653253357,0.011382457714584297
685,0,92.83368333333334,Forward,0.09804076230474197,457.5553597179278,19880.0,19877.673883008654,ok,0.0005314167839609582,0.0012357856326050017,14480.208796142724,ok,-82.27729437832022,68.98287937953275,-0.11710830572344436,-63.5813616948526,61.30046837780606,-0.09049769562713846,1.5934355051406113,0.027093935622246296,0.011382457714584297
686,0,92.96898333333333,Forward,0.09809891230585821,457.8225326050888,19880.0,19877.71353803202,ok,0.0005296951553600581,0.0017803635138054013,14479.670781602685,ok,-82.23763935495299,68.98293582198914,-0.11705186326705284,-64.11937623489212,61.2997026018807,-0.0912634715524976,1.5934355051406113,0.02837059262708698,0.011382457714584297
687,0,93.1054,Forward,0.09815978074105805,457.4053954130941,19860.0,19877.71590072815,ok,0.0005238701575325851,0.0013809381174938434,14480.780508354776,ok,-82.23527665882284,68.98293918490162,-0.11704850035456488,-63.00964948280125,61.30128211687005,-0.08968395656315219,1.5934355051406113,0.025857100274650158,0.011382457714584297
688,0,93.24121666666667,Forward,0.09816010019535701,457.04969777185397,19870.0,19877.579447291413,ok,0.0005344183093593191,0.0024761102022177774,14480.607582729177,ok,-82.37173009556136,68.98274496569562,-0.11724271956057221,-63.18257510839976,61.30103598545332,-0.08993008797988171,1.5934355051406113,0.026055075606990205,0.011382457714584297
689,0,93.37733333333334,Forward,0.0981348822147235,457.9257840988794,19880.0,19877.6607902101,ok,0.0005362777458227729,0.002754871031482046,14480.106742120917,ok,-82.29038717687581,68.98286074406998,-0.11712694118621217,-63.68341571665951,61.30032312055525,-0.09064295287795562,1.5934355051406113,0.027306758220309674,0.011382457714584297
690,0,93.51211666666667,Forward,0.09804970165090351,457.5041002342332,19855.0,19877.682264670722,ok,0.0005300810065961276,0.0012605713662117834,14480.918261776322,ok,-82.26891271625209,68.98289130946131,-0.11709637579488555,-62.87189606125503,61.301478186392345,-0.0894878870408523,1.5934355051406113,0.025496800696020894,0.011382457714584297
691,0,93.6477,Forward,0.09807768918697937,457.77923929445024,19865.0,19877.699691226167,ok,0.0005250524276279283,0.0017792054520928593,14480.604848930243,ok,-82.25148616080696,68.98291611331999,-0.11707157193620017,-63.18530890733382,61.301032094336534,-0.08993397909666885,1.5934355051406113,0.026232423475005526,0.011382457714584297
692,0,93.78346666666667,Forward,0.09810200110735343,457.2148799014685,19875.0,19877.70529312512,ok,0.0005173388644480413,0.001213794451519969,14480.326577882866,ok,-82.24588426185437,68.98292408670925,-0.11706359854694219,-63.46357995471044,61.30063602089809,-0.09033005253511132,1.5934355051406113,0.026871514343720884,0.011382457714584297
693,0,93.91935,Forward,0.09816160146055539,458.11179716532206,19860.0,19877.58867577215,ok,0.0005289287552117497,0.0022455946550741317,14480.122106600917,ok,-82.3625016148253,68.9827581009324,-0.1172295843237907,-63.668051236660176,61.30034498938594,-0.09062108404725769,1.5934355051406113,0.02716926851144115,0.011382457714584297
694,0,94.05518333333333,Forward,0.09822850403305455,457.75330110415234,19870.0,19877.562976711433,ok,0.0005323748034476562,0.0019654356816587774,14480.393394636068,ok,-82.38820067554116,68.98272152251205,-0.11726616274414176,-63.39676320150829,61.300731123645704,-0.0902349497874995,1.5934355051406113,0.026517410051840218,0.011382457714584297
695,0,94.1905,Forward,0.09817304081018803,457.48839279740787,19880.0,19877.49848091403,ok,0.0005373354088675508,0.001981613117388814,14480.273015624656,ok,-82.45269647294481,68.98262972326637,-0.11735796198981814,-63.51714221292059,61.30055978376174,-0.09040628967145747,1.5934355051406113,0.02669862986070913,0.011382457714584297
696,0,94.3266,Forward,0.09817869914984714,457.45380189730713,19880.0,19877.337583794782,ok,0.0005370553651772615,0.001885250100155645,14480.782987731056,ok,-82.61359359219205,68.98240071246609,-0.1175869727901027,-63.00717010652079,61.30128564585769,-0.0896804275755056,1.5934355051406113,0.025313004624899063,0.011382457714584297
697,0,94.4619,Forward,0.09825731319597146,458.02244217241605,19875.0,19877.48447614248,ok,0.0005153039756146374,0.001809692051389469,14479.741473785525,ok,-82.4667012444952,68.98260978975883,-0.1173778954973636,-64.04868405205161,61.29980322067016,-0.09116285276303818,1.5934355051406113,0.027884230845167307,0.011382457714584297
698,0,94.59666666666666,Forward,0.0982379762065498,457.83215835001465,19875.0,19877.35331586806,ok,0.0005136684718261397,0.0012512751941669684,14480.287874614154,ok,-82.59786151891603,68.98242310450584,-0.11756458075034505,-63.50228322342264,61.300580933109174,-0.09038514032402188,1.5934355051406113,0.026458310979067798,0.011382457714584297
699,0,94.73196666666666,Forward,0.09835159775915649,457.5459296138688,19875.0,19877.279660036624,ok,0.0005319716746041528,0.0021499546246277843,14480.100506197627,ok,-82.67151735035077,68.9823182674461,-0.11766941781008491,-63.68965163995017,61.30031424473577,-0.0906518286974233,1.5934355051406113,0.026778424642313947,0.011382457714584297
700,0,94.86755,Forward,0.0983861645829161,457.7373340831509,19875.0,19877.266509076162,ok,0.0005301725130566878,0.001479530526191981,14480.291974791662,ok,-82.68466831081241,68.98229954919935,-0.11768813605683738,-63.49818304591463,61.30058676904295,-0.09037930439024748,1.5934355051406113,0.026325456488493673,0.011382457714584297
701,0,95.00313333333334,Forward,0.09831040965386353,457.90309791027175,19875.0,19877.27104158231,ok,0.0005212253347798233,0.0017368377629954847,14480.078294757004,ok,-82.68013580466504,68.98230600048242,-0.11768168477377551,-63.711863080572584,61.30028263037366,-0.09068344305954619,1.5934355051406113,0.026816533125702327,0.011382457714584297
702,0,95.13926666666667,Forward,0.09827340346032964,458.1081826448135,19875.0,19877.138543886205,ok,0.0005174983127757235,0.001352226072672381,14480.299378918078,ok,-82.81263350076915,68.98211741162785,-0.1178702736283344,-63.49077891949855,61.30059730760898,-0.09036876582421295,1.5934355051406113,0.026126526391703972,0.011382457714584297
703,0,95.27536666666667,Forward,0.09832287170345956,457.8696485382861,19880.0,19877.029221881177,ok,0.0005304448972880601,0.0023989618230937136,14480.514407342505,ok,-82.92195550579709,68.98196180958863,-0.11802587566755854,-63.27575049507141,61.300903365491145,-0.09006270794205586,1.5934355051406113,0.02548324085642259,0.011382457714584297
704,0,95.41068333333334,Forward,0.09836450088117538,457.89007662525546,19870.0,19877.21869605408,ok,0.0005276573597896417,0.0006908773144765715,14480.152580259131,ok,-82.73248133289599,68.9822314951627,-0.11775619009349515,-63.637577578445416,61.3003883636669,-0.09057770976630095,1.5934355051406113,0.026573548622450274,0.011382457714584297
705,0,95.54546666666667,Forward,0.09844272539881659,457.7551607514288,19875.0,19877.07353848859,ok,0.0005332030555643474,0.0022779494180122086,14480.33313666177,ok,-82.87763889838607,68.98202488704942,-0.11796279820677753,-63.45702117580731,61.300645356249845,-0.09032071718335039,1.5934355051406113,0.02595743940293667,0.011382457714584297
706,0,95.68183333333333,Forward,0.0983005560893124,457.78924461524,19880.0,19876.93752985112,ok,0.0005286932161300109,0.0015974149304617154,14480.009966022557,ok,-83.01364753585585,68.9818313009426,-0.11815638431359095,-63.78019181501986,61.30018537556741,-0.09078069786579387,1.5934355051406113,0.026496802847207526,0.011382457714584297
707,0,95.81821666666667,Forward,0.09838599359952008,458.2457810255182,19875.0,19877.05347105158,ok,0.0005214578916906634,0.0013987700815137837,14479.922278470362,ok,-82.89770633539592,68.98199632432666,-0.11799136092953347,-63.86787936721521,61.300060566642316,-0.09090550679088341,1.5934355051406113,0.02686070120386111,0.011382457714584297
708,0,95.95378333333333,Forward,0.0984760987913041,457.342466804399,19870.0,19876.852663850947,ok,0.0005256101029545595,0.0017608893147538019,14480.219232965597,ok,-83.0985135360279,68.9817105080365,-0.11827717721968695,-63.570924871979514,61.30048323292074,-0.09048284051245538,1.5934355051406113,0.025901393458834743,0.011382457714584297
709,0,96.09076666666667,Forward,0.09844125168298633,458.3630439015287,19870.0,19876.77043194849,ok,0.0005250577913787442,0.0014131643380285602,14480.25208458928,ok,-83.18074543848343,68.98159346433877,-0.11839422091741361,-63.53807324829722,61.3005299918476,-0.09043608158559996,1.5934355051406113,0.02570984242687438,0.011382457714584297
710,0,96.22618333333334,Forward,0.0984133099549506,458.5630012982656,19865.0,19876.85046587736,ok,0.0005225562556863946,0.0014050669231291189,14480.440953865551,ok,-83.10071150961448,68.98170737957969,-0.11828030567650721,-63.34920397202586,61.30079881645,-0.0901672569832054,1.5934355051406113,0.02539540300166998,0.011382457714584297
711,0,96.3623,Forward,0.09842619488040596,458.04927177873833,19870.0,19876.750111141573,ok,0.0005371189824809658,0.0012495739157766606,14480.384531842736,ok,-83.20106624540131,68.98156454098529,-0.11842314427089852,-63.4056259948411,61.30071850890528,-0.09024756452792121,1.5934355051406113,0.025380529300359514,0.011382457714584297
712,0,96.4976,Forward,0.09858042104872877,458.2915643625347,19875.0,19876.801947292006,ok,0.0005221803404866068,0.0013418824179689092,14480.09560884532,ok,-83.14923009496852,68.98163832128881,-0.11834936396737399,-63.69454899225639,61.300307274153724,-0.09065879927947082,1.5934355051406113,0.026109585657950893,0.011382457714584297
713,0,96.63238333333334,Forward,0.09844327909337788,458.12151110785635,19865.0,19876.70407765986,ok,0.0005296373103887982,0.0017729160851092276,14480.071587540817,ok,-83.24709972711571,68.98149901983403,-0.11848866542215729,-63.718570296759935,61.30027308374564,-0.09069298968756496,1.5934355051406113,0.026024764413360033,0.011382457714584297
714,0,96.76903333333334,Forward,0.09849729892274274,458.0028773090926,19870.0,19876.683137256412,ok,0.0005322269987254114,0.0014725701785858725,14480.235338716731,ok,-83.26804013056244,68.98146921458597,-0.11851847067021924,-63.55481912084542,61.30050615682997,-0.09045991660322904,1.5934355051406113,0.025623572237424577,0.011382457714584297
715,0,96.9049,Forward,0.09851264879082983,458.60127795688095,19860.0,19876.57835566255,ok,0.0005317161799332936,0.0026903373191626253,14480.324842575772,ok,-83.37282172442428,68.98132007508131,-0.118667610174877,-63.46531526180479,61.30063355097154,-0.09033252246165989,1.5934355051406113,0.025271438384443637,0.011382457714584297
716,0,97.041,Forward,0.09844141002548232,458.24696601323376,19865.0,19876.46831603376,ok,0.0005236604499250686,0.0014810907968158564,14480.214193842003,ok,-83.48286135321541,68.98116345162174,-0.11882423363445396,-63.57596399557406,61.300476060550395,-0.09049001288280308,1.5934355051406113,0.025365765753635777,0.011382457714584297
717,0,97.17605,Forward,0.09867471251204285,458.74719085328616,19875.0,19876.49170047583,ok,0.000530611496962027,0.0007962192825109074,14480.193597350768,ok,-83.4594769111427,68.98119673556006,-0.11879094969613155,-63.59656048680881,61.300446744805264,-0.09051932862793756,1.5934355051406113,0.025445762441115127,0.011382457714584297
718,0,97.31241666666666,Forward,0.09866943514085837,459.0991239367104,19870.0,19876.47401405158,ok,0.0005258880695231293,0.002091132228078524,14480.219365629526,ok,-83.47716333539574,68.98117156182052,-0.11881612343566966,-63.57079220805099,61.30048342174621,-0.09048265168699608,1.5934355051406113,0.025362146361660926,0.011382457714584297
719,0,97.44776666666667,Forward,0.09862658923388792,458.17175069948644,19880.0,19876.43908619351,ok,0.0005214183605029156,0.0017919201519291021,14480.596112686013,ok,-83.51209119346458,68.98112184771273,-0.11886583754345477,-63.19404515156384,61.30101965971811,-0.08994641371508813,1.5934355051406113,0.024457971630233097,0.011382457714584297
720,0,97.58306666666667,Forward,0.09868128403860377,458.4092082017705,19875.0,19876.305869211825,ok,0.0005257347817913123,0.0013258879160281093,14480.169410733073,ok,-83.6453081751497,68.9809322350725,-0.11905545018369303,-63.62074710450361,61.300412319100815,-0.09055375433239005,1.5934355051406113,0.02523611709331773,0.011382457714584297
721,0,97.7189,Forward,0.09854812604192675,458.09767137613017,19880.0,19876.32314308525,ok,0.0005230290404021338,0.001488686255055371,14480.282942360087,ok,-83.62803430172426,68.98095682161323,-0.11903086364295395,-63.50721547748981,61.30057391285017,-0.09039216058303219,1.5934355051406113,0.0250032144164212,0.011382457714584297
722,0,97.85421666666667,Forward,0.0987187445214861,458.2086006621539,19875.0,19876.325000237342,ok,0.0005306467110523303,0.002650768950781733,14480.37248374417,ok,-83.62617714963199,68.98095946496626,-0.1190282202899288,-63.417674093407186,61.30070136040251,-0.09026471303068766,1.5934355051406113,0.024802778314497315,0.011382457714584297
723,0,97.99058333333333,Forward,0.09859156697603544,459.13389061628914,19860.0,19876.22912757244,ok,0.0005239343991635557,0.0009669564546971721,14479.76500381499,ok,-83.72204981453615,68.98082300586856,-0.11916467938762947,-64.02515402258723,61.299836711828384,-0.09112936160481504,1.5934355051406113,0.026044080954280416,0.011382457714584297
724,0,98.12536666666666,Forward,0.0986108358763084,458.9426661935431,19855.0,19876.31026205657,ok,0.0005294969984335086,0.0016371658176747403,14480.146560784582,ok,-83.64091533040482,68.98093848757034,-0.11904919768585308,-63.643597052994664,61.3003797959269,-0.09058627750629696,1.5934355051406113,0.02529419317120081,0.011382457714584297
725,0,98.26093333333333,Forward,0.09868021408505613,458.4997033177824,19865.0,19876.14880060904,ok,0.0005314502451417342,0.0013824999711217248,14480.297756043277,ok,-83.80237677793411,68.98070867354082,-0.11927901171538188,-63.49240179429944,61.30059499771147,-0.09037107572173413,1.5934355051406113,0.02472146897737998,0.011382457714584297
726,0,98.39731666666667,Forward,0.09873466781027122,458.5178683244776,19855.0,19875.989783881505,ok,0.0005211056934347839,0.001367722289664478,14480.111895000919,ok,-83.96139350546946,68.98048233917136,-0.1195053460848341,-63.67826283665818,61.30033045483928,-0.09063561859392123,1.5934355051406113,0.024916666613102573,0.011382457714584297
727,0,98.5332,Forward,0.09884755805149248,458.44758012655075,19870.0,19875.96983337784,ok,0.0005261458925148788,0.0010220950509465425,14480.102672364073,ok,-83.98134400913477,68.98045394288414,-0.11953374237205074,-63.68748547350333,61.300317327920325,-0.09064874551287741,1.5934355051406113,0.024909187224623805,0.011382457714584297
728,0,98.66956666666667,Forward,0.09863546470331633,459.3446604449491,19870.0,19875.916457904797,ok,0.0005305790425001931,0.0015423534222356544,14480.422721321653,ok,-84.03471948217702,68.980377971606,-0.11960971365018275,-63.367436515924055,61.30077286539824,-0.09019320803496371,1.5934355051406113,0.024107346355261877,0.011382457714584297
729,0,98.80486666666667,Forward,0.09883719844297142,458.63312281057006,19855.0,19875.87297327623,ok,0.0005363996091674679,0.0017896730438338036,14480.273011685895,ok,-84.07820411074499,68.98031607833138,-0.11967160692481077,-63.51714615168203,61.30055977815556,-0.09040629527764181,1.5934355051406113,0.024384993858809656,0.011382457714584297
730,0,98.94016666666667,Forward,0.09875514321382214,458.8370645875402,19880.0,19876.025409790906,ok,0.0005292648005060903,0.0030766270929801598,14479.806988741442,ok,-83.92576759606891,68.98053304684133,-0.1194546384148593,-63.98316909613459,61.299896470521716,-0.09106960291148483,1.5934355051406113,0.02565890030335742,0.011382457714584297
731,0,99.07601666666666,Forward,0.09878697510334841,458.80432715552524,19875.0,19875.63109581136,ok,0.0005241299484447116,0.0015323376850887576,14479.809193969586,ok,-84.32008157561359,68.97997180522034,-0.12001588003584912,-63.980963867990795,61.29989960930421,-0.09106646412898592,1.5934355051406113,0.025092657234890903,0.011382457714584297
732,0,99.21178333333333,Forward,0.09890528627278115,459.47616444632877,19865.0,19875.51638843366,ok,0.0005313283063959563,0.0019139056969446338,14479.524086880525,ok,-84.43478895331282,68.9798085379817,-0.1201791472744942,-64.26607095705185,61.29949380587567,-0.09147226755752551,1.5934355051406113,0.025576011587388606,0.011382457714584297
733,0,99.34813333333334,Forward,0.09887335932198149,459.49724234204405,19860.0,19875.585906769345,ok,0.000528650242347801,0.0011952901001016857,14479.930685144922,ok,-84.365270617629,68.97990748599123,-0.12008019926495937,-63.85947269265489,61.30007253217208,-0.09089354126112255,1.5934355051406113,0.02475279656847644,0.011382457714584297
734,0,99.4843,Forward,0.09899391417080006,458.71128515636155,19855.0,19875.565056347772,ok,0.0005217839858396388,0.0016738221488669382,14479.846040935921,ok,-84.38612103920241,68.97987780881769,-0.12010987643850442,-63.944116901655434,61.29995205494953,-0.09101401848366922,1.5934355051406113,0.024915092078897985,0.011382457714584297
735,0,99.62038333333334,Forward,0.09898911970513653,459.3563453507886,19860.0,19875.395088851612,ok,0.0005225630505685313,0.0012583194940258956,14479.602884044705,ok,-84.5560885353625,68.97963588781562,-0.12035179744057142,-64.18727379287157,61.299605960783815,-0.09136011264938602,1.5934355051406113,0.025224649808606142,0.011382457714584297
736,0,99.75626666666666,Forward,0.09905899497770039,459.26674430503044,19875.0,19875.437930140906,ok,0.0005216879070280065,0.0009396246475018744,14479.830284356301,ok,-84.5132472460682,68.97969686540175,-0.12029081985444426,-63.95987348127528,61.29992962802899,-0.09103644540420931,1.5934355051406113,0.024769884514417695,0.011382457714584297
737,0,99.89208333333333,Forward,0.09903969750387853,459.2227641979407,19865.0,19875.274172003083,ok,0.0005161236987948558,0.0012574306614405912,14479.79972699975,ok,-84.67700538389181,68.97946378240827,-0.12052390284792201,-63.99043083782635,61.29988613461711,-0.09107993881609314,1.5934355051406113,0.024606105467675318,0.011382457714584297
738,0,100.02768333333333,Forward,0.09897811291663097,459.0018994131424,19865.0,19875.436065926286,ok,0.0005305906736929581,0.002085018069059992,14479.921801300754,ok,-84.51511146068879,68.97969421199636,-0.12029347325982627,-63.86835653682283,61.300059887469224,-0.09090618596397379,1.5934355051406113,0.024559671092084664,0.011382457714584297
739,0,100.16298333333333,Forward,0.09893399125909347,459.4120086882758,19870.0,19875.200729814467,ok,0.0005217239090606125,0.0027228403684406927,14479.749817878728,ok,-84.75044757250726,68.97935924943422,-0.12062843582196257,-64.04033995884856,61.299815097125574,-0.09115097630762978,1.5934355051406113,0.024614766154845383,0.011382457714584297
740,0,100.29883333333333,Forward,0.0989857874847216,459.1201925607784,19870.0,19875.254609784388,ok,0.0005245823353206552,0.0011943474351995163,14479.609161095523,ok,-84.69656760258658,68.97943593878136,-0.12055174647482839,-64.18099674205405,61.2996148951416,-0.09135117829159348,1.5934355051406113,0.025010464451426906,0.011382457714584297
741,0,100.43395,Forward,0.09906895800781837,459.7145610282023,19865.0,19875.34210872645,ok,0.0005276080141533851,0.0013576141148333024,14479.573198941764,ok,-84.60906866052392,68.9795604792507,-0.12042720600549263,-64.21695889581315,61.299563708882644,-0.09140236455055734,1.5934355051406113,0.025216566923170994,0.011382457714584297
742,0,100.5695,Forward,0.09899409636051232,459.34008158929646,19865.0,19875.263223572456,ok,0.0005126544910700165,0.0013289912894830264,14479.892003495557,ok,-84.68795381451855,68.97944819910342,-0.12053948615277806,-63.89815434201955,61.30001747515478,-0.09094859827841889,1.5934355051406113,0.02438123948682487,0.011382457714584297
743,0,100.70428333333334,Forward,0.09905904040578278,459.07044926825984,19860.0,19875.050428815168,ok,0.000515635458044547,0.002295159924710115,14479.79210978042,ok,-84.90074857180662,68.97914532048202,-0.12084236477416602,-63.998048057157575,61.29987529274807,-0.09109078068512813,1.5934355051406113,0.024304919360493754,0.011382457714584297
744,0,100.83948333333333,Forward,0.09909502801799724,459.4068332318493,19870.0,19875.151604651437,ok,0.0005341828290343975,0.001978585937342105,14479.442823576603,ok,-84.79957273553737,68.979289327779,-0.12069835747719337,-64.3473342609741,61.29937814081994,-0.09158793261325844,1.5934355051406113,0.025241106191198348,0.011382457714584297
745,0,100.97483333333334,Forward,0.09907871907702821,459.116359127529,19865.0,19875.121592919088,ok,0.0005198193089557184,0.0012016892278183101,14479.729771198383,ok,-84.82958446788689,68.97924661097414,-0.12074107428204013,-64.0603866391939,61.29978656394654,-0.09117950948666004,1.5934355051406113,0.024547593475309173,0.011382457714584297
746,0,101.10986666666666,Forward,0.09916322925421703,459.788946821438,19880.0,19875.162703886253,ok,0.0005352603351735275,0.001925011540999343,14480.277849851786,ok,-84.78847350072101,68.97930512572901,-0.1206825595271758,-63.51230798579127,61.3005666644954,-0.09039940893780093,1.5934355051406113,0.02336306831804172,0.011382457714584297
747,0,101.24596666666666,Forward,0.09908099768938308,459.7250121944817,19880.0,19874.92646983164,ok,0.0005308519937912727,0.0015100519455844656,14480.047119236551,ok,-85.02470755533432,68.9789688850918,-0.12101880016438898,-63.743038601025546,61.3002382571063,-0.0907278163268963,1.5934355051406113,0.02355012367476364,0.011382457714584297
748,0,101.38235,Forward,0.09927604384975924,459.61799737213005,19860.0,19874.735735573293,ok,0.0005310291228167876,0.0018018941653750774,14480.268253929919,ok,-85.21544181368154,68.97869740599168,-0.12129027926451295,-63.52190390765827,61.300553006266114,-0.09041306716708752,1.5934355051406113,0.022777112088187182,0.011382457714584297
749,0,101.51848333333334,Forward,0.09911474089883072,459.9099904105169,19880.0,19874.53585137039,ok,0.0005206934674207512,0.002152456839697836,14479.656898576382,ok,-85.415326016584,68.97841290343821,-0.12157478181797753,-64.13325926119433,61.299682841657656,-0.09128323177554395,1.5934355051406113,0.02387916071715386,0.011382457714584297
750,0,101.6538,Forward,0.09922175714517645,460.10814641370234,19875.0,19874.58603990359,ok,0.000528143394226712,0.0015617819234837957,14479.71290719371,ok,-85.3651374833862,68.9784843386274,-0.12150334662879261,-64.07725064386614,61.2997625607871,-0.09120351264609546,1.5934355051406113,0.023823568615036622,0.011382457714584297
751,0,101.7894,Forward,0.0992598358874176,460.0333789829201,19870.0,19874.46840613402,ok,0.0005214441108420822,0.001649439365647585,14479.649097809854,ok,-85.48277125295499,68.97831690614734,-0.12167077910884865,-64.14106002772314,61.29967173853913,-0.0912943348940706,1.5934355051406113,0.023800855529560863,0.011382457714584297
752,0,101.92443333333334,Forward,0.09942084350405364,460.157648120723,19870.0,19874.52759908647,ok,0.0005343190540515394,0.0016321606954132185,14479.577694607498,ok,-85.42357830050605,68.97840115765834,-0.12158652759785231,-64.21246323007836,61.29957010772939,-0.09139596570381257,1.5934355051406113,0.024047049181216265,0.011382457714584297
753,0,102.06106666666666,Forward,0.09927638607716333,460.4012823696539,19865.0,19874.296323668175,ok,0.0005226325462503689,0.0008093041456716547,14479.659952756207,ok,-85.65485371879913,68.97807197483097,-0.121915710425222,-64.13020508137015,61.299687188784375,-0.09127888464882708,1.5934355051406113,0.02353130524385337,0.011382457714584297
754,0,102.19613333333334,Forward,0.09913258867818589,459.96465780312064,19875.0,19874.74783100426,ok,0.0005225800859254656,0.0007134488622228734,14479.817409517143,ok,-85.20334638271379,68.9787146218644,-0.1212730633917946,-63.97274832043331,61.29991130279586,-0.09105477063733287,1.5934355051406113,0.023816841054166413,0.011382457714584297
755,0,102.33251666666666,Forward,0.09924267469039005,460.0746572949938,19880.0,19874.684430574085,ok,0.0005338861157542659,0.0012650830891823845,14480.098002018149,ok,-85.26674681288932,68.97862438169527,-0.12136330356092138,-63.69215581942808,61.300310680444824,-0.09065539298837504,1.5934355051406113,0.023090218359230627,0.011382457714584297
756,0,102.46755,Forward,0.0992944434896492,460.609264332219,19880.0,19874.622648144556,ok,0.0005312392288173062,0.001882793437173775,14479.803200138029,ok,-85.32852924241888,68.9785364444861,-0.12145124077009134,-63.98695769954793,61.299891078062835,-0.09107499537036608,1.5934355051406113,0.02367089048356677,0.011382457714584297
757,0,102.60285,Forward,0.09923212068845166,460.12839884694404,19875.0,19874.607801864135,ok,0.0005234259641754012,0.0014152248241214647,14480.185751791321,ok,-85.34337552283978,68.97851531322796,-0.12147237202822912,-63.60440604625546,61.300435577931324,-0.09053049550187517,1.5934355051406113,0.022782133802431173,0.011382457714584297
758,0,102.7379,Forward,0.0992881447106011,460.5694586092868,19870.0,19874.561236278336,ok,0.0005291577427705946,0.0014597737698970107,14479.997712059741,ok,-85.3899411086386,68.97844903471335,-0.12153865054284392,-63.79244577783538,61.300167934050464,-0.09079813938273446,1.5934355051406113,0.02314232855031119,0.011382457714584297
759,0,102.87348333333334,Forward,0.09935579789438775,459.6361874259783,19880.0,19874.621390969907,ok,0.0005295181615683835,0.0015981956777327531,14479.473486469333,ok,-85.32978641706723,68.97853465510309,-0.12145303015310617,-64.31667136824399,61.29942178444536,-0.09154428898784106,1.5934355051406113,0.024416890212972456,0.011382457714584297
760,0,103.00933333333333,Forward,0.09910189491782068,460.959629801142,19855.0,19874.652151868573,ok,0.000531329236480421,0.002263227576160347,14479.684089642245,ok,-85.29902551840132,68.97857843822396,-0.121409247032228,-64.10606819533132,61.299721543703924,-0.09124452972927358,1.5934355051406113,0.023983026288254577,0.011382457714584297
761,0,103.14598333333333,Forward,0.09928784727070972,460.4927788113746,19865.0,19874.647364867746,ok,0.0005209034499702839,0.0012762545010371505,14479.990019864603,ok,-85.30381251922881,68.97857162470925,-0.12141606054694844,-63.80013797297397,61.300156985465605,-0.09080908796759958,1.5934355051406113,0.023282364410061804,0.011382457714584297
762,0,103.28155,Forward,0.09929214480042747,459.97385970301184,19855.0,19874.632131034115,ok,0.0005204397200763406,0.0016751636862497572,14480.078993646492,ok,-85.319046352859,68.97854994183234,-0.12143774342385372,-63.71116419108512,61.30028362512882,-0.09068244830437852,1.5934355051406113,0.02305888939742104,0.011382457714584297
763,0,103.41658333333334,Forward,0.09928134063288466,460.00479804713905,19865.0,19874.799680696004,ok,0.0005303968112494327,0.0018605606914483086,14479.97026768328,ok,-85.15149669097082,68.97878842144176,-0.12119926381442417,-63.819890154296445,61.300128871457886,-0.09083720197531574,1.5934355051406113,0.0235439590006728,0.011382457714584297
764,0,103.55375,Forward,0.09925603249754672,460.21565224330334,19870.0,19874.549482492534,ok,0.0005262041732549322,0.0014580132755242544,14480.152741054375,ok,-85.40169489444088,68.97843230511678,-0.12155538013940567,-63.63741678320184,61.3003885925327,-0.09057748090050406,1.5934355051406113,0.02277399389365309,0.011382457714584297
765,0,103.68881666666667,Forward,0.09916464281495097,460.1372597376321,19865.0,19874.54799966544,ok,0.0005270529983993704,0.0016179851831136358,14479.92520827075,ok,-85.40317772153503,68.97843019455433,-0.12155749070186386,-63.86494956682691,61.300064736735195,-0.09090133669800209,1.5934355051406113,0.023287926657473867,0.011382457714584297
766,0,103.82411666666667,Forward,0.09923031111194418,459.88729441459145,19875.0,19874.767060505223,ok,0.0005377170109478462,0.001929115159331078,14480.254545524755,ok,-85.18411688175183,68.9787419919219,-0.12124569333430088,-63.535612312822195,61.30053349458777,-0.09043257884543145,1.5934355051406113,0.022852788619437348,0.011382457714584297
767,0,103.95995,Forward,0.09933724245114223,460.6582895818465,19855.0,19874.612794780787,ok,0.0005341110190516916,0.0019663635907041545,14480.061861646545,ok,-85.33838260618722,68.97852241983027,-0.12146526542592509,-63.728296191031404,61.30025924052184,-0.09070683291136546,1.5934355051406113,0.02307022269390155,0.011382457714584297
768,0,104.09525,Forward,0.09927355233200996,460.8609392266335,19855.0,19874.562324386807,ok,0.000532953008377361,0.001824529718686858,14480.004342550272,ok,-85.38885300016773,68.97845058345824,-0.12153710179795106,-63.78581528730501,61.30017737147203,-0.09078870196117127,1.5934355051406113,0.023128839372608276,0.011382457714584297
769,0,104.2316,Forward,0.0992275582685512,460.17919366376736,19880.0,19874.68787397249,ok,0.000524433267497416,0.0015098958224631894,14479.680853800533,ok,-85.26330341448556,68.97862928281114,-0.1213584024450541,-64.10930403704333,61.299716938011144,-0.09124913542205122,1.5934355051406113,0.02404120974982614,0.011382457714584297
770,0,104.36743333333334,Forward,0.09918445960934137,460.5627852060243,19875.0,19874.752896692677,ok,0.0005354545672811465,0.0014536193131385682,14479.824353439883,ok,-85.19828069429786,68.97872183204544,-0.12126585321075747,-63.96580439769423,61.299921186337045,-0.09104488709615433,1.5934355051406113,0.02380830244977311,0.011382457714584297
771,0,104.50275,Forward,0.09921106411038658,459.8049169910191,19855.0,19874.70163811261,ok,0.0005274029695317585,0.0019119979296080346,14480.198211944546,ok,-85.24953927436582,68.9786488738191,-0.12133881143709324,-63.59194589303115,61.30045331292668,-0.09051276050652585,1.5934355051406113,0.02288743482229394,0.011382457714584297
772,0,104.63831666666667,Forward,0.09917045013577672,459.6500118621407,19855.0,19874.588696350325,ok,0.0005317092858613042,0.001386731562748272,14479.900772995483,ok,-85.36248103664911,68.97848811964596,-0.12149956561023852,-63.88938484209393,61.300029957107256,-0.09093611632594233,1.5934355051406113,0.023401270843114788,0.011382457714584297
773,0,104.77423333333333,Forward,0.09923252349475095,460.34833389686537,19870.0,19874.641561167024,ok,0.0005373370385491528,0.0017917398847582043,14480.0060765452,ok,-85.30961621995084,68.97856336408809,-0.121424321168103,-63.78408129237687,61.30017983953093,-0.09078623390227722,1.5934355051406113,0.023237687309785787,0.011382457714584297
774,0,104.909,Forward,0.09924164223939716,459.64772863858525,19865.0,19874.759778170475,ok,0.0005256815407079734,0.0015091928951703054,14480.570357195813,ok,-85.19139921649912,68.97873162670643,-0.12125605854976415,-63.21980064176387,61.3009830009796,-0.08998307245360392,1.5934355051406113,0.02212616395944844,0.011382457714584297
775,0,105.0459,Forward,0.09924797889365075,459.23885055655774,19865.0,19874.724265766294,ok,0.0005309956258478875,0.0013313422328447109,14480.183635736568,ok,-85.22691162068077,68.97868108059262,-0.12130660466357722,-63.60652210100852,61.3004325660726,-0.09053350736060024,1.5934355051406113,0.022952700369712073,0.011382457714584297
776,0,105.1815,Forward,0.09922925885322104,459.82579509716015,19865.0,19874.735032023757,ok,0.0005259619135374724,0.0010105385641460925,14480.59707683423,ok,-85.21614536321795,68.9786964046037,-0.12129128065250006,-63.19308100334638,61.30102103202581,-0.08994504140739296,1.5934355051406113,0.02203034183738234,0.011382457714584297
777,0,105.3168,Forward,0.09913797668038432,459.72026561758685,19860.0,19874.827686446595,ok,0.0005295400384647515,0.0019472159603493035,14479.148492698412,ok,-85.12349094037927,68.97882828305885,-0.12115940219735143,-64.64166513916462,61.29895920883236,-0.09200686460084295,1.5934355051406113,0.025447602574296582,0.011382457714584297
778,0,105.45211666666667,Forward,0.09919193452427982,460.8463906608886,19865.0,19874.86636230501,ok,0.0005216194941091339,0.0014983639578522283,14480.143829509901,ok,-85.08481508196564,68.97888333183366,-0.12110435342252913,-63.64632832767529,61.300375908402984,-0.09059016503022115,1.5934355051406113,0.023245231953172643,0.011382457714584297
779,0,105.58716666666666,Forward,0.09914851699897471,460.1438464796811,19865.0,19874.816722411968,ok,0.0005178160542455569,0.002343458728336078,14479.760533618966,ok,-85.13445497500652,68.97881267754423,-0.12117500771195655,-64.02962421861048,61.299830349233616,-0.09113572419958058,1.5934355051406113,0.024043891014357555,0.011382457714584297
780,0,105.72328333333333,Forward,0.0991957134336716,460.3237017403735,19865.0,19874.899058951785,ok,0.0005376515658321381,0.0023015435524799946,14480.370793704844,ok,-85.05211843518919,68.97892987017617,-0.12105781508001605,-63.41936413273288,61.30069895490725,-0.09026711852595258,1.5934355051406113,0.022777016525972624,0.011382457714584297
781,0,105.85991666666666,Forward,0.09914126345566751,459.9191206689975,19870.0,19874.880542846146,ok,0.0005341937307267676,0.0019499107001385622,14480.203481474406,ok,-85.0706345408289,68.97890351552054,-0.1210841697356528,-63.58667636317114,61.30046081324275,-0.09050526019044802,1.5934355051406113,0.023130125253796194,0.011382457714584297
782,0,105.99525,Forward,0.09922237285199897,460.0231124597558,19880.0,19874.901293710063,ok,0.0005281865836495903,0.0013150895368023682,14479.631565226462,ok,-85.04988367691112,68.97893305099001,-0.12105463426618858,-64.15859261111473,61.29964678376696,-0.09131928966624021,1.5934355051406113,0.02445676419221869,0.011382457714584297
783,0,106.13081666666666,Forward,0.09909599598578608,459.5332354399761,19875.0,19874.93039086786,ok,0.0005186258396378109,0.0016940628565892666,14480.105317998114,ok,-85.02078651911506,68.97897446604718,-0.1210132192090138,-63.684839839463166,61.30032109354877,-0.0906449798844334,1.5934355051406113,0.023423710101598896,0.011382457714584297
784,0,106.26558333333334,Forward,0.09910346336611486,459.8052635095628,19875.0,19874.92665295668,ok,0.000537359257948692,0.0019432828673362004,14480.043440575158,ok,-85.02452443029324,68.97896914574042,-0.12101853951576827,-63.746717262418315,61.30023302113195,-0.09073305230124734,1.5934355051406113,0.023558727510819277,0.011382457714584297
785,0,106.40141666666666,Forward,0.09915904383759183,460.1038163934463,19860.0,19875.07860842056,ok,0.0005256066025742503,0.001075800070341484,14479.810540150267,ok,-84.87256896641338,68.97918542955304,-0.12080225570314597,-63.979617687309656,61.299901525372796,-0.09106454806040397,1.5934355051406113,0.024303228435885296,0.011382457714584297
786,0,106.53753333333333,Forward,0.09916235390476846,459.4763252803823,19865.0,19874.955694947883,ok,0.0005178513796694005,0.0009225679578198674,14480.01827520858,ok,-84.99548243909157,68.97901048227695,-0.12097720297924067,-63.771882628996536,61.30019720233814,-0.09076887109506102,1.5934355051406113,0.02365713898516092,0.011382457714584297
787,0,106.67338333333333,Forward,0.09903626119210598,460.91369585424763,19860.0,19875.089409998494,ok,0.000525803533736233,0.001024926250764535,14480.052123804087,ok,-84.86176738848008,68.97920080383705,-0.12078688141914129,-63.738034033489384,61.30024538029174,-0.09072069314146018,1.5934355051406113,0.02377069208342769,0.011382457714584297
788,0,106.8095,Forward,0.09919073954151375,459.95310750144927,19865.0,19875.1273860803,ok,0.0005217401783351942,0.0017169610464517929,14480.16248233855,ok,-84.82379130667323,68.97925485659404,-0.12073282866215629,-63.627675499026736,61.30040245766151,-0.09056361577168649,1.5934355051406113,0.023574452182361205,0.011382457714584297
789,0,106.9454,Forward,0.09905187634372933,459.7022206767033,19870.0,19875.10997451469,ok,0.0005184068795242177,0.0021790357312077638,14480.399806044472,ok,-84.84120287228507,68.97923007407093,-0.12075761118525943,-63.390351793104855,61.300740249239595,-0.09022582419360266,1.5934355051406113,0.023011420565401813,0.011382457714584297
790,0,107.08095,Forward,0.0990760814192703,459.6002997618234,19875.0,19875.111762279997,ok,0.0005323032417249682,0.0013061821984761903,14480.093681084667,ok,-84.83941510697696,68.97923261866319,-0.12075506659300168,-63.6964767529098,61.300304530300934,-0.09066154313226359,1.5934355051406113,0.023708255184784074,0.011382457714584297
791,0,107.21626666666667,Forward,0.09896146399512307,459.75054951869606,19875.0,19875.012639110653,ok,0.0005181614281227999,0.0015148160227821427,14480.17821967979,ok,-84.9385382763212,68.9790915330027,-0.12089615225348131,-63.611938157786426,61.30042485719936,-0.09054121623384108,1.5934355051406113,0.02337543637213456,0.011382457714584297
792,0,107.35158333333334,Forward,0.09914178328406402,460.226849596027,19860.0,19875.152474913946,ok,0.000522977637942683,0.0014291741442500753,14480.520883289031,ok,-84.79870247302824,68.9792905664557,-0.12069711880048738,-63.26927454854558,61.300912582944534,-0.09005349048867062,1.5934355051406113,0.022797310306002724,0.011382457714584297
793,0,107.48661666666666,Forward,0.09914330377000673,459.6360264945142,19875.0,19875.01531085335,ok,0.0005313122056699889,0.001408180398833814,14480.28324889308,ok,-84.93586653362581,68.97909533579256,-0.12089234946362598,-63.5069089444969,61.300574349149876,-0.09039172428332498,1.5934355051406113,0.02314103338030482,0.011382457714584297
794,0,107.62278333333333,Forward,0.09908551998477719,459.543146822969,19860.0,19875.02059162427,ok,0.0005401589711638895,0.0020052616842116903,14480.439863870732,ok,-84.93058576270414,68.97910285210847,-0.12088483314773077,-63.35029396684513,61.30079726502019,-0.09016880841300746,1.5934355051406113,0.022793347633776773,0.011382457714584297
795,0,107.7586,Forward,0.09910605881812393,460.0731444210214,19880.0,19875.05837919906,ok,0.0005267653921897275,0.001969771743431131,14480.358501830637,ok,-84.89279818791329,68.97915663655647,-0.12083104869972976,-63.4316560069401,61.300681459429626,-0.09028461400357433,1.5934355051406113,0.023031660821480823,0.011382457714584297
796,0,107.8939,Forward,0.09905618689186918,459.8440866539786,19865.0,19875.15304254258,ok,0.0005278626881510616,0.001827659600216949,14480.179713386464,ok,-84.79813484439364,68.97929137438246,-0.1206963108737297,-63.610444451112926,61.30042698324712,-0.09053909018607659,1.5934355051406113,0.02357189003189261,0.011382457714584297
797,0,108.02868333333333,Forward,0.09909333520906405,459.6333421434283,19880.0,19875.18202519649,ok,0.0005196987549708747,0.001835972348037242,14480.044112792115,ok,-84.76915219048533,68.97933262646202,-0.12065505879415882,-63.74604504546187,61.30023397792313,-0.09073209551007617,1.5934355051406113,0.023920683647405613,0.011382457714584297
798,0,108.16506666666666,Forward,0.09894240051312961,460.0656154348726,19870.0,19875.147458818275,ok,0.0005311828548593114,0.00188200923925195,14479.898628921585,ok,-84.80371856869897,68.97928342686185,-0.12070425839434233,-63.89152891599224,61.30002690536785,-0.09093916806534957,1.5934355051406113,0.024201440808934924,0.011382457714584297
799,0,108.30118333333333,Forward,0.0990165377004669,459.8639101113986,19860.0,19875.22473938617,ok,0.0005277369914685732,0.0013549995152284176,14480.085678925572,ok,-84.7264380008055,68.9793934231426,-0.12059426211359767,-63.70447891200456,61.30029314053294,-0.09067293290025241,1.5934355051406113,0.023887208524896786,0.011382457714584297
800,0,108.43675,Forward,0.09904916108083103,459.64507301058256,19865.0,19875.08557011869,ok,0.0005277588765328997,0.0021649213517828834,14480.504684669426,ok,-84.86560726828611,68.97919533839459,-0.12079234686160223,-63.28547316815093,61.30088952685219,-0.0900765465810151,1.5934355051406113,0.02273882064103938,0.011382457714584297
801,0,108.57206666666667,Forward,0.09907832779976557,459.5621955079587,19865.0,19875.132065247384,ok,0.0005373665676156011,0.0022423986862268363,14480.060576520455,ok,-84.81911213959029,68.97926151662502,-0.12072616863117909,-63.72958131712221,61.3002574113545,-0.09070866207869858,1.5934355051406113,0.023812234148821013,0.011382457714584297
802,0,108.7079,Forward,0.09907098917881678,458.95371223143957,19855.0,19875.379200057294,ok,0.0005275685500019436,0.000857693074977611,14480.383258650434,ok,-84.57197732968052,68.97961327270903,-0.12037441254716469,-63.4068991871427,61.30071669672375,-0.0902493767094523,1.5934355051406113,0.023432148618486748,0.011382457714584297
803,0,108.8438,Forward,0.09900685855841605,459.93301252422316,19865.0,19875.27192804266,ok,0.0005249229545078108,0.0024744614833787123,14479.925367759079,ok,-84.67924934431358,68.97946058849669,-0.12052709675949978,-63.86479007849812,61.300064963740816,-0.09090110969238518,1.5934355051406113,0.024317958881028126,0.011382457714584297
804,0,108.97936666666666,Forward,0.09909705097241064,459.2147524160573,19870.0,19875.208869724473,ok,0.0005256555503817172,0.000744713566983033,14480.39889210912,ok,-84.74230766250184,68.97937083526817,-0.1206168499880253,-63.39126572845635,61.30073894840173,-0.09022712503147491,1.5934355051406113,0.023154254563888005,0.011382457714584297
805,0,109.1147,Forward,0.09907055209960308,459.8753889195832,19870.0,19875.20136179503,ok,0.0005250905242072322,0.0029443716253272274,14480.202672298297,ok,-84.74981559194566,68.97936014895546,-0.12062753630073526,-63.58748553927944,61.300459661512576,-0.09050641192062817,1.5934355051406113,0.02358859389647512,0.011382457714584297
806,0,109.25053333333334,Forward,0.09898704533100026,459.13428832199133,19880.0,19875.296505813443,ok,0.0005127356981349469,0.0015635372874499235,14480.443221076759,ok,-84.65467157353123,68.97949557094375,-0.1204921143124404,-63.3469367608177,61.30080204345528,-0.09016402997792634,1.5934355051406113,0.02317845234094988,0.011382457714584297
807,0,109.38651666666667,Forward,0.09899886770964739,460.1207021853661,19860.0,19875.28762349398,ok,0.0005323016728142906,0.0020911280206981444,14480.447278801876,ok,-84.66355389299497,68.97948292841107,-0.12050475684512396,-63.34287903570112,61.300807818965,-0.09015825446820541,1.5934355051406113,0.023156606906016702,0.011382457714584297
808,0,109.52155,Forward,0.09907144548364599,459.5631379319275,19865.0,19875.382772716934,ok,0.0005214289913011656,0.0012966703096743612,14480.323459486226,ok,-84.56840467004076,68.97961835780717,-0.1203693274490158,-63.466698351350715,61.300631582369206,-0.0903344910639895,1.5934355051406113,0.023572857951152354,0.011382457714584297
809,0,109.65715,Forward,0.09899746711618743,459.50170420247014,19880.0,19875.308585875107,ok,0.0005310055918202296,0.002566784192087993,14480.320880400952,ok,-84.64259151186707,68.97951276494078,-0.12047492031541833,-63.46927743662491,61.30062791146208,-0.090338161971122,1.5934355051406113,0.023473114438510814,0.011382457714584297
810,0,109.79418333333334,Forward,0.09895414204116446,459.93645715703315,19860.0,19875.19627030423,ok,0.0005284493365981056,0.0025307333645725313,14480.268247410162,ok,-84.75490708274447,68.97935290204893,-0.12063478320725497,-63.521910427414696,61.3005529969863,-0.09041307644689717,1.5934355051406113,0.023432622932223326,0.011382457714584297
811,0,109.93028333333334,Forward,0.09894419281130465,459.37685001788486,19865.0,19875.325600028267,ok,0.0005314802570559083,0.0017352076345428574,14479.957111775813,ok,-84.62557735870723,68.97953698181209,-0.12045070344410623,-63.833046061763525,61.30011014616988,-0.0908559272633234,1.5934355051406113,0.024322356909746115,0.011382457714584297
812,0,110.06533333333333,Forward,0.0989514263459425,459.66100914670096,19875.0,19875.32456432128,ok,0.0005271501741973689,0.0011367354748327047,14480.857971452637,ok,-84.62661306569498,68.97953550765216,-0.12045217760403672,-62.932186384939996,61.30139237295242,-0.08957370048077655,1.5934355051406113,0.022277737068863282,0.011382457714584297
813,0,110.20116666666667,Forward,0.09906258606377652,459.74047581421473,19860.0,19875.20781173826,ok,0.0005230394796633942,0.001352893532520436,14480.216776998075,ok,-84.74336564871555,68.9793693293974,-0.12061835585879928,-63.573380839501624,61.30047973725165,-0.09048633618155338,1.5934355051406113,0.02356578494297741,0.011382457714584297
814,0,110.3369,Forward,0.09901796285234601,459.6737502258038,19870.0,19875.315477089516,ok,0.0005307749819867107,0.002039516571523906,14479.643152802691,ok,-84.63570029745824,68.97952257346024,-0.12046511179594899,-64.1470050348853,61.29966327679131,-0.09130279664188977,1.5934355051406113,0.025020006091871133,0.011382457714584297
815,0,110.47273333333334,Forward,0.09915765153865697,459.41946083999574,19870.0,19875.081958936767,ok,0.0005255820164480138,0.0015740731393163185,14479.88731551001,ok,-84.86921845020697,68.97919019846626,-0.1207974867899337,-63.90284232756676,61.30001080257216,-0.09095527086104133,1.5934355051406113,0.0241338711797308,0.011382457714584297
816,0,110.60751666666667,Forward,0.09903207293188715,459.69313660029,19865.0,19875.234488397284,ok,0.0005297861414593283,0.0010675467795062123,14480.613834108935,ok,-84.71668898969074,68.97940729926945,-0.12058038598674206,-63.176323728641364,61.301044883272546,-0.08992119016065381,1.5934355051406113,0.022703231079744313,0.011382457714584297
817,0,110.74415,Forward,0.09909002099401595,459.6564687971586,19865.0,19874.97998726354,ok,0.000538479287326746,0.002964758633365091,14480.409836659359,ok,-84.97119012343319,68.97904505842521,-0.12094262683098071,-63.380321178217855,61.30075452618348,-0.09021154724971849,1.5934355051406113,0.022803655530390585,0.011382457714584297
818,0,110.87946666666667,Forward,0.09909185640277504,459.4633400906896,19855.0,19875.229011846855,ok,0.000528022754245401,0.001968070132630538,14479.945304987534,ok,-84.72216554011902,68.97939950429337,-0.12058818096282521,-63.844852850043026,61.300093341132936,-0.09087273230026457,1.5934355051406113,0.0242116571335544,0.011382457714584297
819,0,111.0148,Forward,0.09906343831618161,459.41962850362324,19850.0,19875.13603808583,ok,0.0005277806398716805,0.0015049719612012628,14480.488196298198,ok,-84.81513930114306,68.97926717131242,-0.12072051394378346,-63.30196153937868,61.300866058345676,-0.09010001508752363,1.5934355051406113,0.02284804911038145,0.011382457714584297
820,0,111.15011666666666,Forward,0.09913452587420019,459.88703164713297,19855.0,19875.15360277929,ok,0.0005206306317874071,0.0018872165642377463,14480.169367101887,ok,-84.79757460768451,68.97929217178802,-0.12069551346817199,-63.6207907356893,61.30041225699894,-0.09055381643426483,1.5934355051406113,0.023596152764170972,0.011382457714584297
821,0,111.28623333333333,Forward,0.09902566652860562,459.76994442474825,19855.0,19875.036298080457,ok,0.0005343161431485399,0.0016886090082601673,14480.451803377908,ok,-84.91487930651783,68.97912520768648,-0.12086247756972111,-63.33835445966906,61.30081425896083,-0.09015181447236896,1.5934355051406113,0.022788624463400783,0.011382457714584297
822,0,111.4226,Forward,0.09899396376623888,459.91078816925074,19865.0,19874.916990550726,ok,0.0005279618910986181,0.0016027346156059308,14479.91048116979,ok,-85.03418683624841,68.97895539288189,-0.12103229237430807,-63.87967666778604,61.300043775109586,-0.09092229832361914,1.5934355051406113,0.023846525983533345,0.011382457714584297
823,0,111.55845,Forward,0.0990996203498232,459.8415565380965,19855.0,19874.908966442712,ok,0.000518973357397534,0.002100694864219293,14479.29072268586,ok,-85.04221094426248,68.97894397187319,-0.12104371338300275,-64.49943515171617,61.299161650015904,-0.09180442341729397,1.5934355051406113,0.025240714419075647,0.011382457714584297
824,0,111.69401666666667,Forward,0.09909925362489062,460.03359489171635,19880.0,19874.766801788475,ok,0.0005320637700762194,0.0019163622232417942,14480.354571929958,ok,-85.18437559849917,68.9787416236808,-0.12124606157538333,-63.43558590761859,61.30067586585714,-0.09029020757606109,1.5934355051406113,0.022625560942828207,0.011382457714584297
825,0,111.83038333333333,Forward,0.0991913181099078,459.94063244412246,19870.0,19874.729681125944,ok,0.0005215614251127469,0.0011294901948641677,14480.239076160811,ok,-85.22149626103055,68.9786887884736,-0.12129889678258392,-63.551081676765534,61.30051147647188,-0.09045459696131278,1.5934355051406113,0.022834669618755923,0.011382457714584297
826,0,111.9663,Forward,0.09924325604270487,460.2554265801773,19880.0,19874.757700741437,ok,0.0005278558550008905,0.002681259507734978,14480.022055883632,ok,-85.19347664553788,68.9787286698251,-0.12125901543108637,-63.768101953945006,61.30020258351229,-0.09076348992090938,1.5934355051406113,0.02336675197936265,0.011382457714584297
827,0,112.10165,Forward,0.09924906190459051,460.00690223184574,19870.0,19874.64386059092,ok,0.0005289648367983046,0.0014040786739038602,14479.958418797985,ok,-85.30731679605378,68.97856663694287,-0.12142104831331653,-63.83173903959141,61.30011200650271,-0.09085406693049067,1.5934355051406113,0.02334904772014877,0.011382457714584297
828,0,112.23645,Forward,0.0992218535886677,460.48803692432193,19860.0,19874.706919011685,ok,0.000520885609724993,0.0021994293113444877,14480.0610156281,ok,-85.24425837528906,68.9786563903174,-0.12133129493879018,-63.72914220947678,61.3002580363526,-0.09070803708060189,1.5934355051406113,0.023206111947052008,0.011382457714584297
829,0,112.37228333333333,Forward,0.09930477127184248,460.27359786258603,19855.0,19874.698291892415,ok,0.0005188560894250893,0.0007888556893991821,14480.017136155653,ok,-85.25288549455945,68.97864411102056,-0.12134357423563219,-63.77302168192364,61.30019558108212,-0.09077049235107618,1.5934355051406113,0.02329335109566688,0.011382457714584297
