scan_index,channel_id,time_min,direction,DipDepth,RawMinimumMotor,SPRMotor,SPRQuality,TIREdgeSlope,TIRMotor,TIRQuality,DeltaSPRMotor,SPRAngleEmpirical,DeltaSPRAngle,DeltaTIRMotor,TIRAngleEmpirical,DeltaTIRAngle,BulkSensitivity,PureKineticsCandidate,AngleCalibrationRMSEDeg
0,1,0.14448333333333332,Forward,0.3340999843292657,17705.0,17709.14168820029,ok,0.0006292733890065451,14504.290541840202,ok,-82.9962904191234,65.92794483296802,-0.12068782440189306,-62.54752238484434,61.26765808481487,-0.09095255173737557,1.3163693763207198,-0.0009606705965859857,0.005390869595656468
1,1,0.28031666666666666,Forward,0.3343684062502935,17715.0,17708.94245319367,ok,0.000628375218383305,14504.25112216331,ok,-83.19552542574093,65.92765511833895,-0.12097753903096792,-62.58694206173641,61.26760076327653,-0.09100987327570824,1.3163693763207198,-0.0011749289079961145,0.005390869595656468
2,1,0.4159,Forward,0.3345969887843034,17710.0,17708.830928859523,ok,0.0006291525361334611,14503.981415831227,ok,-83.3070497598892,65.92749294688299,-0.12113971048692403,-62.85664839381934,61.267208573815026,-0.09140206273721463,1.3163693763207198,-0.0008208341671094993,0.005390869595656468
3,1,0.5517166666666666,Forward,0.3346867861750421,17710.0,17708.594635599547,ok,0.0006405664896522653,14503.54691949494,ok,-83.54334301986455,65.92714934454459,-0.1214833128253327,-63.29114473010668,61.26657675741369,-0.0920338791385538,1.3163693763207198,-0.00033273274333811553,0.005390869595656468
4,1,0.6867666666666666,Forward,0.33467461894095024,17710.0,17708.603862489366,ok,0.0006353268839938755,14503.114445171706,ok,-83.53411613004573,65.92716276168953,-0.12146989568039036,-63.72361905334037,61.26594788129263,-0.09266275525960908,1.3163693763207198,0.0005085176688607446,0.005390869595656468
5,1,0.82235,Forward,0.334772240515427,17710.0,17708.642726661612,ok,0.0006318509214000557,14503.89403834784,ok,-83.49525195780006,65.92721927544902,-0.12141338192089794,-62.94402587720651,61.26708151514387,-0.09152912140837278,1.3163693763207198,-0.0009272494573748097,0.005390869595656468
6,1,0.9581833333333334,Forward,0.3347353659967176,17710.0,17708.38114876414,ok,0.0006268749030553556,14503.697890945563,ok,-83.75682985527237,65.92683890583012,-0.1217937515398066,-63.14017327948386,61.26679629030885,-0.09181434624340326,1.3163693763207198,-0.0009321578380832168,0.005390869595656468
7,1,1.0948333333333333,Forward,0.33472370393342366,17710.0,17708.5321680619,ok,0.0006448240152550135,14503.222133334899,ok,-83.60581055751027,65.92705850830147,-0.12157414906844831,-63.615930890147865,61.26610447443751,-0.09250616211473589,1.3163693763207198,0.00019812986034997704,0.005390869595656468
8,1,1.2304333333333333,Forward,0.3349323655390622,17710.0,17708.401464248844,ok,0.0006300868459191635,14503.047656379147,ok,-83.73651437056833,65.9268684472908,-0.12176421007911939,-63.79040784589961,61.265850761360795,-0.09275987519144818,1.3163693763207198,0.0003420489742350652,0.005390869595656468
9,1,1.3668,Forward,0.3348398394870453,17710.0,17708.465228744586,ok,0.000631103377092485,14503.077978021856,ok,-83.67274987482597,65.92696116948629,-0.12167148788362887,-63.76008620319044,61.2658948531277,-0.09271578342454655,1.3163693763207198,0.0003767301180283983,0.005390869595656468
10,1,1.5034,Forward,0.3349921934211584,17710.0,17708.049590130417,ok,0.0006254848462333037,14502.173214469702,ok,-84.0883884889954,65.9263567747618,-0.1222758826081185,-64.66484975534513,61.26457920463116,-0.09403143192107885,1.3163693763207198,0.0015042147843762899,0.005390869595656468
11,1,1.63895,Forward,0.33495239051738546,17705.0,17708.40690181774,ok,0.0006326196857623482,14502.802384202734,ok,-83.73107680167232,65.92687635425094,-0.12175630311897959,-64.03568002231259,61.26549410246426,-0.0931165340879858,1.3163693763207198,0.0008194507835693338,0.005390869595656468
12,1,1.7745166666666667,Forward,0.3349626258955737,17710.0,17708.135273673604,ok,0.0006321762077674459,14503.055295955137,ok,-84.00270494580764,65.92648137021496,-0.12215128715497045,-63.782768269909866,61.265861870336884,-0.09274876621536143,1.3163693763207198,-5.9651617538875046e-05,0.005390869595656468
13,1,1.9103666666666668,Forward,0.33511112104271534,17715.0,17707.99475311352,ok,0.0006344598704588515,14502.663246930462,ok,-84.1432255058935,65.92627703432723,-0.12235562304269335,-64.1748172945845,61.26529177806399,-0.09331885848825612,1.3163693763207198,0.00048646450445387346,0.005390869595656468
14,1,2.0468166666666665,Forward,0.33517090200003696,17705.0,17708.00008769802,ok,0.0006332956735169911,14503.5783427655,ok,-84.13789092139268,65.92628479153413,-0.12234786583578397,-63.2597214595462,61.26662245109639,-0.09198818545585564,1.3163693763207198,-0.0012574355183845587,0.005390869595656468
15,1,2.1837,Forward,0.33524580274279714,17705.0,17708.137791776317,ok,0.0006326245046676795,14503.097006921547,ok,-84.00018684309543,65.92648503187665,-0.12214762549326942,-63.741057303499474,61.26592252371988,-0.09268811283236866,1.3163693763207198,-0.00013583221177977667,0.005390869595656468
16,1,2.3187166666666665,Forward,0.335171825370292,17715.0,17708.251924467248,ok,0.0006302349976976422,14503.175895128048,ok,-83.88605415216443,65.92665099623594,-0.1219816611339946,-63.662169096998696,61.26603723783499,-0.09257339871725018,1.3163693763207198,-0.0001208740006786585,0.005390869595656468
17,1,2.4539833333333334,Forward,0.33521708962514685,17705.0,17707.856750540093,ok,0.0006245284416274729,14503.085006571058,ok,-84.28122807931868,65.92607635993245,-0.12255629743746979,-63.753057653988435,61.26590507358824,-0.09270556296399815,1.3163693763207198,-0.0005215333370903186,0.005390869595656468
18,1,2.5890166666666667,Forward,0.33527407758168815,17710.0,17708.063954673682,ok,0.0006374547541456218,14502.42797741265,ok,-84.07402394573,65.92637766274929,-0.1222549946206377,-64.41008681239691,61.26494966438506,-0.09366097216718652,1.3163693763207198,0.0010374408966739163,0.005390869595656468
19,1,2.7235833333333335,Forward,0.3353214110617654,17710.0,17707.71564020294,ok,0.0006286232196967541,14503.288805813208,ok,-84.42233841647248,65.92587116642915,-0.12276149094076624,-63.54925841183831,61.26620142523271,-0.09240921131953735,1.3163693763207198,-0.0011168350697772639,0.005390869595656468
20,1,2.8588833333333334,Forward,0.33525888215787725,17710.0,17707.947753798173,ok,0.0006331305751859863,14503.113767957475,ok,-84.1902248212391,65.92620869097009,-0.1224239663998337,-63.724296267571845,61.26594689653161,-0.0926637400206368,1.3163693763207198,-0.00044425674132270165,0.005390869595656468
21,1,2.9933833333333335,Forward,0.335359643191221,17705.0,17707.787934508313,ok,0.0006293025588402684,14502.561074662555,ok,-84.35004411109912,65.92597629212078,-0.12265636524914682,-64.27698956249151,61.26514320577641,-0.09346743077583228,1.3163693763207198,0.0003812983075355686,0.005390869595656468
22,1,3.127883333333333,Forward,0.33518465734523334,17710.0,17707.970246839108,ok,0.0006340705401578925,14503.495388750232,ok,-84.16773178030417,65.92624139889186,-0.122391258478059,-63.342675474814314,61.266501824745774,-0.09210881180647387,1.3163693763207198,-0.0011420393267284334,0.005390869595656468
23,1,3.2629333333333332,Forward,0.33533291471193005,17705.0,17707.934583211958,ok,0.0006370247409025823,14502.601431884379,ok,-84.20339540745408,65.92618953915753,-0.12244311821238288,-64.23663234066771,61.2652018906318,-0.0934087459204463,1.3163693763207198,0.0005172943978156014,0.005390869595656468
24,1,3.3979833333333334,Forward,0.3355731187146516,17710.0,17707.710818044754,ok,0.0006269890827652878,14502.988649810399,ok,-84.42716057465805,65.92586415435937,-0.12276850301055152,-63.84941441464798,61.26576495783426,-0.09284567871798774,1.3163693763207198,-0.000549294822480062,0.005390869595656468
25,1,3.5335833333333335,Forward,0.3354535972435818,17715.0,17707.68832832522,ok,0.000627314291172957,14503.516276115726,ok,-84.44965029419109,65.92583145126736,-0.12280120610255894,-63.32178810932055,61.266532197798426,-0.09207843875382056,1.3163693763207198,-0.001591969107606575,0.005390869595656468
26,1,3.668083333333333,Forward,0.3354113130991845,17710.0,17707.878434908147,ok,0.0006310846774008102,14502.627354152686,ok,-84.259543711265,65.92610789193455,-0.1225247654353681,-64.2107100723606,61.26523958511368,-0.09337105143856345,1.3163693763207198,0.0003860273132235137,0.005390869595656468
27,1,3.803383333333333,Forward,0.33550672405790116,17710.0,17707.65871560972,ok,0.0006302051253145073,14503.109569504106,ok,-84.47926300969266,65.92578839037644,-0.12284426699347911,-63.728494720940944,61.26594079141293,-0.09266984513931634,1.3163693763207198,-0.0008565207436995737,0.005390869595656468
28,1,3.9384166666666665,Forward,0.33543991900300435,17715.0,17707.64138153218,ok,0.0006344375583185388,14503.383135279017,ok,-84.49659708723266,65.92576318428475,-0.1228694730851701,-63.45492894603012,61.266338593025964,-0.09227204352627945,1.3163693763207198,-0.0014053806966433102,0.005390869595656468
29,1,4.072666666666667,Forward,0.3356358064189334,17710.0,17707.3876134999,ok,0.0006227988197966556,14502.902687211927,ok,-84.75036511951112,65.92539417126545,-0.12323848610447222,-63.93537701312016,61.265639956597006,-0.09297067995523763,1.3163693763207198,-0.0008547301156828224,0.005390869595656468
30,1,4.2077,Forward,0.3355344605576363,17710.0,17707.758293760133,ok,0.0006265028198156335,14502.376485335604,ok,-84.37968485927922,65.92593319046655,-0.1226994669033706,-64.46157888944254,61.264874787945146,-0.09373584860709955,1.3163693763207198,0.0006915336664504584,0.005390869595656468
31,1,4.3422,Forward,0.33556985121247884,17715.0,17707.52602943858,ok,0.0006302010090176329,14502.77008464662,ok,-84.61194918083129,65.92559544674918,-0.12303721062074331,-64.06797957842718,61.26544713454392,-0.09316350200832214,1.3163693763207198,-0.0003996295861941612,0.005390869595656468
32,1,4.478316666666666,Forward,0.33554202407822087,17705.0,17707.603773429,ok,0.0006324420921210406,14502.997790333964,ok,-84.53420519041174,65.92570849701946,-0.12292416035046407,-63.84027389108269,61.26577824939099,-0.09283238716125167,1.3163693763207198,-0.0007224487606436042,0.005390869595656468
33,1,4.6134,Forward,0.3355246211489448,17705.0,17707.738911568096,ok,0.0006346730269852577,14502.578060686417,ok,-84.3990670513158,65.92590500613954,-0.12272765123037149,-64.26000353862946,61.265167905751014,-0.09344273080123346,1.3163693763207198,0.0002774980361531093,0.005390869595656468
34,1,4.748683333333333,Forward,0.335564528791952,17705.0,17707.628608314342,ok,0.0006335273996316283,14503.479234982633,ok,-84.50937030506975,65.92574461029953,-0.12288804707038782,-63.358829242413776,61.26647833498427,-0.0921323015679756,1.3163693763207198,-0.0016079067163593114,0.005390869595656468
35,1,4.884,Forward,0.3356363142810984,17705.0,17707.464719329826,ok,0.0006324773214122758,14502.85957764479,ok,-84.67325928958599,65.92550629356411,-0.12312636380580835,-63.978486580257595,61.26557726945951,-0.09303336709272836,1.3163693763207198,-0.0006600883889369413,0.005390869595656468
36,1,5.019033333333334,Forward,0.3355372377658162,17710.0,17707.539113226645,ok,0.0006331220009485061,14502.456031502947,ok,-84.59886539276704,65.92561447234549,-0.12301818502443732,-64.38203272210012,61.26499045882426,-0.09362017772798453,1.3163693763207198,0.0002205499423846291,0.005390869595656468
37,1,5.1538,Forward,0.33545191648125583,17715.0,17707.453315282433,ok,0.0006339524441709432,14503.415114370278,ok,-84.6846633369787,65.92548971053779,-0.12314294683213703,-63.422949854768376,61.26638509494709,-0.09222554160515455,1.3163693763207198,-0.0017400681485191388,0.005390869595656468
38,1,5.288833333333334,Forward,0.3355601354873222,17715.0,17707.6363033546,ok,0.0006308365185933733,14502.929522689572,ok,-84.50167526481164,65.92575579992817,-0.12287685744175807,-63.9085415354748,61.2656789790087,-0.09293165754354368,1.3163693763207198,-0.0005444693607127571,0.005390869595656468
39,1,5.42335,Forward,0.33564221657795057,17710.0,17707.565042977247,ok,0.0006382031873698336,14503.202825518742,ok,-84.57293564216525,65.92565217770763,-0.12298047966228666,-63.635238706305245,61.26607639826309,-0.09253423828915547,1.3163693763207198,-0.001171242117278204,0.005390869595656468
40,1,5.5584,Forward,0.33563274363845097,17710.0,17707.315571537576,ok,0.0006335946691281417,14503.054652603594,ok,-84.82240708183599,65.92528941251473,-0.12334324485519138,-63.783411621452615,61.265860934816786,-0.09274970173546274,1.3163693763207198,-0.0012503778277475203,0.005390869595656468
41,1,5.6931666666666665,Forward,0.33554020817761004,17705.0,17707.561958224804,ok,0.0006268801599797695,14502.485857832722,ok,-84.57602039460835,65.92564769206064,-0.12298496530928722,-64.35220639232466,61.265033830339206,-0.09357680621303711,1.3163693763207198,0.000196676723453304,0.005390869595656468
42,1,5.828,Forward,0.33565527059432043,17710.0,17707.533952591566,ok,0.0006384229002411818,14503.038800205853,ok,-84.60402602784598,65.92560696808455,-0.12302568928537552,-63.79926401919329,61.26583788328779,-0.09277275326445533,1.3163693763207198,-0.0009024779310884273,0.005390869595656468
43,1,5.964666666666667,Forward,0.3356957672302018,17705.0,17707.362732364945,ok,0.0006315239958578618,14502.843070362538,ok,-84.77524625446677,65.92535799073218,-0.12327466663773802,-63.994993862508636,61.26555326563993,-0.09305737091231601,1.3163693763207198,-0.0007767933278466921,0.005390869595656468
44,1,6.099966666666667,Forward,0.3355727744413216,17705.0,17707.461541311844,ok,0.0006438119894030185,14502.994667687886,ok,-84.67643730756754,65.9255016722964,-0.12313098507350799,-63.843396537160515,61.265773708641525,-0.09283692791071899,1.3163693763207198,-0.0009232961801432099,0.005390869595656468
45,1,6.235283333333333,Forward,0.3355882301264075,17710.0,17707.503706581436,ok,0.0006299852618902962,14503.144656919549,ok,-84.63427203797619,65.92556298629763,-0.12306967107228454,-63.69340730549811,61.26599181325754,-0.09261882329469778,1.3163693763207198,-0.0011490884162842635,0.005390869595656468
46,1,6.370866666666666,Forward,0.3355115681384886,17705.0,17707.389600112703,ok,0.0006376462725949612,14503.170917408519,ok,-84.74837850670883,65.92539706006899,-0.12323559730093865,-63.66714681652775,61.266029999557986,-0.09258063699425521,1.3163693763207198,-0.0013652819214359513,0.005390869595656468
47,1,6.504833333333333,Forward,0.3356061892723358,17710.0,17707.682699888148,ok,0.0006256783473447092,14502.186190357943,ok,-84.45527873126412,65.9258232667591,-0.12280939061082667,-64.65187386710386,61.264598073326546,-0.09401256322569966,1.3163693763207198,0.0009458686088998358,0.005390869595656468
48,1,6.6406833333333335,Forward,0.3355867283314603,17710.0,17707.502086799534,ok,0.0006332192134990382,14503.275555330181,ok,-84.63589181987845,65.92556063091581,-0.12307202645410707,-63.56250889486546,61.2661821572394,-0.09242847931285061,1.3163693763207198,-0.001402006786777349,0.005390869595656468
49,1,6.77545,Forward,0.3356147772124359,17695.0,17707.40450055393,ok,0.0006275726262202655,14502.178073169644,ok,-84.7334780654819,65.92541872732454,-0.12321393004538753,-64.65999105540322,61.26458626983761,-0.09402436671464072,1.3163693763207198,0.0005568669257147302,0.005390869595656468
50,1,6.911016666666667,Forward,0.33543597154706056,17710.0,17707.634373210858,ok,0.0006319356773150771,14503.01267541059,ok,-84.503605408554,65.92575299323828,-0.12287966413164592,-63.825388814457256,61.26579989430434,-0.09281074224790786,1.3163693763207198,-0.0007064452429043633,0.005390869595656468
51,1,7.045833333333333,Forward,0.33551283725562747,17710.0,17707.663233542196,ok,0.000642266586825364,14502.717475473153,ok,-84.47474507721563,65.92579496006093,-0.12283769730899449,-64.12058875189359,61.26537063369482,-0.0932400028574225,1.3163693763207198,-9.941289942710929e-05,0.005390869595656468
52,1,7.181966666666667,Forward,0.3356523250356565,17710.0,17707.61034170481,ok,0.0006268262581249792,14502.658370284216,ok,-84.52763691460132,65.92571804818029,-0.12291460918963955,-64.17969394083048,61.2652846867612,-0.09332594979104607,1.3163693763207198,-6.318686866142731e-05,0.005390869595656468
53,1,7.3167333333333335,Forward,0.3354896812067336,17705.0,17707.422909104596,ok,0.0006322113599059152,14502.959331356844,ok,-84.7150695148157,65.92544549584538,-0.12318716152454066,-63.87873286820286,61.265722324839984,-0.09288831171226372,1.3163693763207198,-0.0009118325683834527,0.005390869595656468
54,1,7.451233333333334,Forward,0.33552105697775625,17710.0,17707.57367326133,ok,0.0006320417468915943,14502.824873151767,ok,-84.56430535808249,65.9256647273072,-0.12296793006272434,-64.01319107327981,61.26552680443585,-0.0930838321163899,1.3163693763207198,-0.0004352240341295721,0.005390869595656468
55,1,7.58735,Forward,0.3355550957577521,17710.0,17707.680343419295,ok,0.0006217962447123514,14502.188786042896,ok,-84.45763520011678,65.92581984013488,-0.12281281723504883,-64.64927818215074,61.26460184780331,-0.09400878874893398,1.3163693763207198,0.000937473379051687,0.005390869595656468
56,1,7.7224,Forward,0.33538255472272777,17700.0,17707.767995435734,ok,0.0006411747704752067,14502.954170158615,ok,-84.36998318367841,65.9259472980142,-0.12268535935572718,-63.88389406643182,61.26571481976015,-0.09289581679209818,1.3163693763207198,-0.00040015094230903825,0.005390869595656468
57,1,7.857983333333333,Forward,0.33535791915755975,17705.0,17707.63314657294,ok,0.0006301175523460029,14502.607667230548,ok,-84.50483204647026,65.92575120954095,-0.12288144782897377,-64.23039699449873,61.265210957667925,-0.09339967888432063,1.3163693763207198,6.70292125348887e-05,0.005390869595656468
58,1,7.993816666666667,Forward,0.33545748294909405,17705.0,17707.90769967492,ok,0.0006218744809037524,14503.28691484173,ok,-84.23027894449115,65.92615044686099,-0.12248221050892825,-63.55114938331644,61.26619867550458,-0.09241196104765832,1.3163693763207198,-0.0008339349800476209,0.005390869595656468
59,1,8.129116666666667,Forward,0.33556383472129137,17710.0,17707.700997513224,ok,0.0006398308795851261,14503.041308378768,ok,-84.43698110618789,65.92584987397913,-0.12278278339078082,-63.79675584627876,61.26584153051022,-0.09276910604202226,1.3163693763207198,-0.0006643731284132481,0.005390869595656468
60,1,8.264166666666666,Forward,0.33551539364749894,17705.0,17707.495275788613,ok,0.0006279214724115309,14502.247354555344,ok,-84.64270283079895,65.92555072678533,-0.12308193058459076,-64.59070966970285,61.26468701433678,-0.09392362221546488,1.3163693763207198,0.000556249412963658,0.005390869595656468
61,1,8.399233333333333,Forward,0.33552191536063247,17710.0,17707.765763562318,ok,0.0006270639847303715,14501.950780813951,ok,-84.37221505709385,65.92594405256858,-0.12268860480134275,-64.88728341109527,61.26425575603062,-0.09435488052162086,1.3163693763207198,0.0015172704237193385,0.005390869595656468
62,1,8.534,Forward,0.33536039015394037,17710.0,17707.950338813404,ok,0.0006317511768479557,14502.454889560684,ok,-84.18763980600852,65.92621244993164,-0.12242020743828676,-64.38317466436274,61.264988798285856,-0.09362183826638416,1.3163693763207198,0.0008207134104326608,0.005390869595656468
63,1,8.669833333333333,Forward,0.33544440463735287,17705.0,17707.850740257905,ok,0.0006318352791032264,14502.57131995281,ok,-84.28723836150675,65.92606762016977,-0.12256503720014661,-64.26674427223588,61.26515810381324,-0.09345253273900349,1.3163693763207198,0.0004530150370870567,0.005390869595656468
64,1,8.805133333333334,Forward,0.33538639270214415,17705.0,17707.71721983705,ok,0.0006361771872435975,14502.190550812384,ok,-84.4207587823621,65.92587346343066,-0.12275919393925967,-64.6475134126631,61.26460441401668,-0.09400622253556519,1.3163693763207198,0.000987718590149067,0.005390869595656468
65,1,8.94045,Forward,0.33555362233785035,17710.0,17707.623330563525,ok,0.0006376956791858392,14504.148304377035,ok,-84.51464805588694,65.92573693573648,-0.12289572163343931,-62.68975984801182,61.267451252318,-0.09115938423424307,1.3163693763207198,-0.0028962998632279108,0.005390869595656468
66,1,9.076033333333333,Forward,0.33533018692260613,17705.0,17707.88147168153,ok,0.0006362824256565177,14503.108524780944,ok,-84.25650693788339,65.92611230781351,-0.12252034955640799,-63.729539444102556,61.26593927224424,-0.09267136430800256,1.3163693763207198,-0.0005306035194924397,0.005390869595656468
67,1,9.210816666666666,Forward,0.33526795714771623,17710.0,17707.894856297193,ok,0.000636907665562749,14502.849973657698,ok,-84.24312232221928,65.92613177085381,-0.12250088651611066,-63.98809056734899,61.26556330396417,-0.09304733258807509,1.3163693763207198,-1.6227348839673028e-05,0.005390869595656468
68,1,9.345583333333334,Forward,0.3351412454693633,17715.0,17708.253970317302,ok,0.0006274416721147566,14502.786140012464,ok,-83.88400830210958,65.92665397117844,-0.12197868619148902,-64.05192421258289,61.26547048121597,-0.09314015533627283,1.3163693763207198,0.0006281619989354087,0.005390869595656468
69,1,9.480616666666666,Forward,0.3348152093143538,17705.0,17708.437215332175,ok,0.0006361369660306414,14503.662393956487,ok,-83.70076328723735,65.92692043419824,-0.12171222317168728,-63.17567026855977,61.266744672888805,-0.09186596366344403,1.3163693763207198,-0.000782681878937555,0.005390869595656468
70,1,9.615916666666667,Forward,0.3338110813321135,17710.0,17709.449222957755,ok,0.0006412383499898013,14503.933423841469,ok,-82.68875566165661,65.9283920300731,-0.12024062729682729,-62.904640383578226,61.267138786975124,-0.09147184957712601,1.3163693763207198,0.00017011428191678057,0.005390869595656468
71,1,9.7507,Forward,0.3324040617256695,17715.0,17711.27487799514,ok,0.0006330980868910903,14504.701474021675,ok,-80.86310062427219,65.93104677926077,-0.11758587810915137,-62.13659020337218,61.26825563575008,-0.0903550008021693,1.3163693763207198,0.0013546779442583645,0.005390869595656468
72,1,9.886816666666666,Forward,0.3294669765127753,17715.0,17714.751789912985,ok,0.0006323573695011116,14507.173577958569,ok,-77.38618870642676,65.93610267914356,-0.11252997822636465,-59.66448626647798,61.271850409014434,-0.0867602275378166,1.3163693763207198,0.0016785283870347362,0.005390869595656468
73,1,10.02215,Forward,0.3251138999376152,17720.0,17719.93809466707,ok,0.0006360904886271812,14510.44226180065,ok,-72.19988395234031,65.94364426725906,-0.10498839011085934,-56.39580242439661,61.276603517130056,-0.08200711942218537,1.3163693763207198,0.0029632705367816092,0.005390869595656468
74,1,10.157716666666667,Forward,0.3188253990616501,17725.0,17727.18497678765,ok,0.0006357040114958598,14516.089317459751,ok,-64.95300183176369,65.95418221338187,-0.09445044398805467,-50.74874676529544,61.284815099338516,-0.07379553721373182,1.3163693763207198,0.002691741309237952,0.005390869595656468
75,1,10.292233333333334,Forward,0.31175494700153444,17735.0,17735.755788401493,ok,0.0006300004214771722,14521.191926733283,ok,-56.38219021791883,65.96664533193584,-0.08198732543408283,-45.64613749176351,61.29223498291265,-0.06637565363959079,1.3163693763207198,0.005387552350345423,0.005390869595656468
76,1,10.42815,Forward,0.30390339280438955,17740.0,17744.96740069952,ok,0.0006326922744237764,14529.690955277953,ok,-47.17057791989282,65.98004026129796,-0.06859239607195888,-37.14710894709424,61.30459371918154,-0.05401691737070592,1.3163693763207198,0.002513819758085123,0.005390869595656468
77,1,10.563433333333334,Forward,0.296990722327709,17755.0,17752.760217191204,ok,0.0006434372113602079,14535.710974941416,ok,-39.37776142820803,65.99137206978718,-0.057260587582745645,-31.127089283630994,61.313347641463736,-0.04526299508850485,1.3163693763207198,0.0023222330323172877,0.005390869595656468
78,1,10.698483333333334,Forward,0.29118587562083864,17755.0,17759.506286879863,ok,0.000628345920847321,14540.752456513881,ok,-32.63169173954884,66.00118176694203,-0.04745089042789258,-26.08560771116572,61.320678637098254,-0.037931999453995446,1.3163693763207198,0.002481632035961294,0.005390869595656468
79,1,10.8341,Forward,0.2864759171947226,17760.0,17764.805675184976,ok,0.0006265191579634923,14544.623254296153,ok,-27.332303434435744,66.00888779382558,-0.0397448635443396,-22.214809928893374,61.3263073002672,-0.032303336285039126,1.3163693763207198,0.0027782590942758353,0.005390869595656468
80,1,10.9694,Forward,0.28345736254757625,17765.0,17768.54685964967,ok,0.000638251412978864,14547.927603621782,ok,-23.591118969743547,66.01432798171169,-0.03430467565823346,-18.910460603265165,61.33111227081662,-0.02749836573563197,1.3163693763207198,0.001893330895019446,0.005390869595656468
81,1,11.105233333333333,Forward,0.2815078596038575,17765.0,17771.006676147143,ok,0.0006355158105432837,14550.024186336568,ok,-21.131302472269454,66.01790488737831,-0.030727769991620312,-16.8138778884786,61.33416098546697,-0.02444965108527329,1.3163693763207198,0.001457001958760102,0.005390869595656468
82,1,11.241083333333334,Forward,0.28012540151954435,17775.0,17772.69087067513,ok,0.0006308576718414101,14552.485595208493,ok,-19.447107944281015,66.02035393386491,-0.028278723505011753,-14.352469016554096,61.337740206661266,-0.020870429890977128,1.3163693763207198,-0.000805528725880883,0.005390869595656468
83,1,11.37665,Forward,0.2790369371493527,17770.0,17773.74339517771,ok,0.0006400364131689667,14553.274414653188,ok,-18.394583441702707,66.02188444675537,-0.026748210614563436,-13.56364957185906,61.33888725675405,-0.01972337979819108,1.3163693763207198,-0.0007849574506819633,0.005390869595656468
84,1,11.510883333333334,Forward,0.27823394555482417,17770.0,17774.674664841226,ok,0.0006361522867723251,14552.960609731108,ok,-17.463313778185693,66.02323863872049,-0.025394018649431284,-13.877454493938785,61.33843094198214,-0.02017969457010625,1.3163693763207198,0.0011699133061620938,0.005390869595656468
85,1,11.645683333333332,Forward,0.27772188204181636,17775.0,17775.273772328415,ok,0.0006261548256835059,14553.481698085998,ok,-16.864206290996663,66.02410982198478,-0.024522835385136027,-13.356366139048987,61.33918867488268,-0.019421961669572652,1.3163693763207198,0.001043640184764251,0.005390869595656468
86,1,11.781,Forward,0.27715760436798875,17770.0,17775.983443731413,ok,0.0006354462329981628,14554.03674557571,ok,-16.154534887999034,66.02514178012696,-0.02349087724296479,-12.80131864933719,61.3399957889553,-0.018614847596946413,1.3163693763207198,0.001013138078532809,0.005390869595656468
87,1,11.9163,Forward,0.2767563098837559,17780.0,17776.51707397787,ok,0.0006310636094013312,14555.483335853345,ok,-15.620904641542438,66.02591775063304,-0.022714906736877528,-11.35472837170164,61.34209932674629,-0.01651130980595451,1.3163693763207198,-0.0009799241453750038,0.005390869595656468
88,1,12.0511,Forward,0.276302457540181,17780.0,17776.9831143112,ok,0.0006333787011378916,14554.970484252426,ok,-15.154864308213291,66.0265954362697,-0.022037221100218423,-11.86757997262066,61.34135357119935,-0.017257065352899812,1.3163693763207198,0.0006794512555042057,0.005390869595656468
89,1,12.1856,Forward,0.27592228117010953,17780.0,17777.452510849795,ok,0.000635046232397525,14555.058064026758,ok,-14.68546776961739,66.02727800228246,-0.02135465508746244,-11.78000019828869,61.34148092402888,-0.017129712523365412,1.3163693763207198,0.001194373903473312,0.005390869595656468
90,1,12.320916666666667,Forward,0.27553218865207146,17770.0,17777.81662629604,ok,0.0006281175459378578,14555.920121083585,ok,-14.321352323371684,66.0278074753567,-0.020825182013224974,-10.917943141461365,61.34273447150881,-0.015876165043431093,1.3163693763207198,7.371546336122636e-05,0.005390869595656468
91,1,12.4565,Forward,0.27520995016442906,17780.0,17778.147925853973,ok,0.0006328350168486436,14555.712956255798,ok,-13.990052765439032,66.0282892296938,-0.020343427676130073,-11.125107969248347,61.34243322584793,-0.016177410704314787,1.3163693763207198,0.0009520203631929215,0.005390869595656468
92,1,12.591266666666666,Forward,0.2746971634920768,17775.0,17778.504870499495,ok,0.000634508774441448,14557.160616693924,ok,-13.63310811991687,66.02880827545454,-0.01982438191538064,-9.677447531123107,61.344538319796925,-0.014072316755323423,1.3163693763207198,-0.0013000150847879317,0.005390869595656468
93,1,12.7274,Forward,0.2743597294564067,17775.0,17779.110484451663,ok,0.0006337663956427605,14556.64794084749,ok,-13.027494167748955,66.02968891999836,-0.018943737371564538,-10.190123377557029,61.34379281982075,-0.014817816731491665,1.3163693763207198,0.0005619827977038708,0.005390869595656468
94,1,12.862016666666667,Forward,0.2741146364211803,17775.0,17779.1590541799,ok,0.0006344496569678402,14557.63530940631,ok,-12.978924439510592,66.0297595469481,-0.0188731104218144,-9.202754818736139,61.345228587162225,-0.013382049390021798,1.3163693763207198,-0.001257390412378337,0.005390869595656468
95,1,12.99785,Forward,0.2737891860805527,17780.0,17779.7019690973,ok,0.0006460511163229794,14556.953959633147,ok,-12.436009522112727,66.0305490186207,-0.018083638749222822,-9.884104591899813,61.3442378124979,-0.014372824054342221,1.3163693763207198,0.0008363066871590885,0.005390869595656468
96,1,13.13315,Forward,0.2736145047560398,17775.0,17780.11260782378,ok,0.0006412944771376727,14557.888514853608,ok,-12.025370795632625,66.03114614283268,-0.017486514537239626,-8.94954937143848,61.345596782106924,-0.013013854445323143,1.3163693763207198,-0.0003554750775209732,0.005390869595656468
97,1,13.269916666666667,Forward,0.2732756774009073,17780.0,17780.43686748229,ok,0.000625184387501301,14557.829056602159,ok,-11.701111137121188,66.03161766020447,-0.017014997165445994,-9.00900762288802,61.34551032177268,-0.013100314779561556,1.3163693763207198,0.00022985603053055775,0.005390869595656468
98,1,13.404666666666667,Forward,0.27294037956530925,17775.0,17780.50292923676,ok,0.0006330221522073692,14557.447701678942,ok,-11.635049382650323,66.03171372292466,-0.016918934445256953,-9.39036254610437,61.344955780168775,-0.013654856383475548,1.3163693763207198,0.0010559003360077548,0.005390869595656468
99,1,13.539733333333333,Forward,0.27283204817701373,17780.0,17780.83772329231,ok,0.0006309878859364279,14558.007699137133,ok,-11.300255327103514,66.03220055873362,-0.01643209863629987,-8.830365087913378,61.34577009216463,-0.012840544387621713,1.3163693763207198,0.00047080077085224353,0.005390869595656468
100,1,13.674766666666667,Forward,0.2724758479190053,17780.0,17781.261311109436,ok,0.0006342566357912502,14557.921672607346,ok,-10.87666750997596,66.03281651267366,-0.015816144696260973,-8.916391617700356,61.3456449979626,-0.01296563858964454,1.3163693763207198,0.001251424887589267,0.005390869595656468
101,1,13.809016666666666,Forward,0.2722821206477898,17785.0,17781.4873632032,ok,0.0006247614808087054,14558.871677651096,ok,-10.650615416212531,66.03314522297217,-0.015487434397764129,-7.96638657395124,61.34702643370294,-0.011584202849301038,1.3163693763207198,-0.00023834451785701566,0.005390869595656468
102,1,13.944083333333333,Forward,0.2722303265716018,17775.0,17781.84050742395,ok,0.0006423618270336683,14559.047642796133,ok,-10.297471195463004,66.0336587424016,-0.014973914968315724,-7.79042142891376,61.347282310808026,-0.01132832574421727,1.3163693763207198,-6.165387364248306e-05,0.005390869595656468
103,1,14.078866666666666,Forward,0.2719923980672869,17775.0,17782.01921329166,ok,0.0006351448138716801,14559.981374213794,ok,-10.118765327752044,66.0339186048879,-0.014714052482016954,-6.856690011252795,61.34864008249643,-0.009970554055818627,1.3163693763207198,-0.0015891204579869655,0.005390869595656468
104,1,14.214483333333334,Forward,0.27167287738777224,17780.0,17782.389143479617,ok,0.0006327620390840362,14559.325043241923,ok,-9.74883513979512,66.03445653338254,-0.014176123987386095,-7.513020983124079,61.34768568855083,-0.010924948001412057,1.3163693763207198,0.00020514299956898852,0.005390869595656468
105,1,14.35005,Forward,0.2714826253654678,17785.0,17782.242097328104,ok,0.0006353594688871836,14559.646166037828,ok,-9.895881291307887,66.03424270840284,-0.014389948967070465,-7.191898187218612,61.3481526445004,-0.01045799205183923,1.3163693763207198,-0.0006233684922238129,0.005390869595656468
106,1,14.48565,Forward,0.27135639337152007,17790.0,17782.657435403627,ok,0.0006465631511240382,14559.546461421769,ok,-9.480543215784564,66.03484666610353,-0.013785991266394371,-7.291602803277783,61.34800766051215,-0.010602976040090285,1.3163693763207198,0.00017144169064281338,0.005390869595656468
107,1,14.620716666666667,Forward,0.27119751774375844,17780.0,17782.759271459134,ok,0.0006358120526666953,14559.719296057621,ok,-9.378707160278282,66.03499474949282,-0.013637907877092771,-7.1187681674255145,61.34825898543375,-0.010351651118494783,1.3163693763207198,-1.1311350350111729e-05,0.005390869595656468
108,1,14.757516666666668,Forward,0.2709625757507267,17775.0,17783.01486630897,ok,0.0006349728430202878,14559.148809095013,ok,-9.123112310440774,66.03536641895178,-0.013266238418139342,-7.689255130033416,61.34742942028067,-0.011181216271576946,1.3163693763207198,0.0014523722717834867,0.005390869595656468
109,1,14.892833333333334,Forward,0.2707025099761232,17785.0,17783.111441285542,ok,0.0006437834707491357,14560.111984055515,ok,-9.026537333869783,66.0355068520212,-0.013125805348719516,-6.726080169531997,61.34883000686007,-0.009780629692173493,1.3163693763207198,-0.0002508839408091809,0.005390869595656468
110,1,15.02895,Forward,0.2705898597208065,17785.0,17783.29128697961,ok,0.0006338524736714578,14560.367394433533,ok,-8.846691639802884,66.03576837196908,-0.012864285400835422,-6.470669791513501,61.34920140807206,-0.009409228480178904,1.3163693763207198,-0.0004782651747231633,0.005390869595656468
111,1,15.163466666666666,Forward,0.2702680588250771,17780.0,17783.620859082628,ok,0.0006363312471919366,14560.500812228147,ok,-8.517119536783866,66.03624761435324,-0.012385043016675115,-6.337251996899795,61.349395415578755,-0.009215220973492597,1.3163693763207198,-0.000254408331141048,0.005390869595656468
112,1,15.2991,Forward,0.27025001908671287,17785.0,17783.86467938836,ok,0.0006361224814648603,14560.210273442011,ok,-8.273299231052079,66.03660216203357,-0.012030495336348987,-6.62779078303538,61.34897293291325,-0.009637703638994853,1.3163693763207198,0.000656282592078599,0.005390869595656468
113,1,15.434116666666666,Forward,0.27006242667568325,17780.0,17784.008947237522,ok,0.0006307212991055884,14560.002922122429,ok,-8.129031381889945,66.03681194698612,-0.011820710383809632,-6.835142102618192,61.348671416068086,-0.00993922048415671,1.3163693763207198,0.00126297508603386,0.005390869595656468
114,1,15.569466666666667,Forward,0.2697059295830364,17785.0,17784.473622033383,ok,0.0006389102771429379,14561.250522891376,ok,-7.664356586028589,66.03748764694672,-0.011145010423200558,-5.5875413336707425,61.350485596217176,-0.008125040335067741,1.3163693763207198,-0.0004494561447467432,0.005390869595656468
115,1,15.704783333333333,Forward,0.2693584653487664,17785.0,17784.60846895845,ok,0.000621031234684995,14561.179465813531,ok,-7.529509660962503,66.03768373260226,-0.010948924767669127,-5.658598411515413,61.35038226962162,-0.008228366930631503,1.3163693763207198,-0.00011735452305569952,0.005390869595656468
116,1,15.839833333333333,Forward,0.26920388398332984,17785.0,17784.865968009384,ok,0.0006361128581597044,14561.471564880278,ok,-7.272010610027792,66.03805817102699,-0.010574486342940422,-5.366499344769181,61.35080702114602,-0.007803615406227185,1.3163693763207198,-0.0003020459975983814,0.005390869595656468
117,1,15.974883333333333,Forward,0.2689251397200799,17785.0,17785.47978303493,ok,0.0006338648345155114,14561.970976370076,ok,-6.658195584481291,66.03895074103998,-0.009681916329939809,-4.867087854971032,61.35153323295477,-0.007077403597474355,1.3163693763207198,-0.0003654389703624736,0.005390869595656468
118,1,16.109666666666666,Forward,0.26861643249027956,17790.0,17785.822077501227,ok,0.0006334295964359982,14562.377147007135,ok,-6.315901118185138,66.03944848345995,-0.009184173909965685,-4.4609172179116285,61.35212385996081,-0.006486776591434871,1.3163693763207198,-0.0006451798539667177,0.005390869595656468
119,1,16.244966666666667,Forward,0.2682395013924206,17785.0,17786.095933917808,ok,0.0006288964736681062,14561.678228438857,ok,-6.042044701604027,66.03984670770527,-0.008785949664655832,-5.159835786189433,61.351107537893725,-0.007503098658524494,1.3163693763207198,0.0010908996369388864,0.005390869595656468
120,1,16.381083333333333,Forward,0.267803870027028,17790.0,17786.552925654927,ok,0.0006377972285353255,14562.308709822397,ok,-5.58505296448493,66.04051123545999,-0.008121421909932982,-4.529354402649915,61.35202434304394,-0.0065862935083060275,1.3163693763207198,0.000548573167861029,0.005390869595656468
121,1,16.516933333333334,Forward,0.26751361539372054,17790.0,17786.906833742632,ok,0.0006270440228824299,14563.03659777216,ok,-5.231144876779581,66.04102586565524,-0.007606791714683297,-3.8014664528873254,61.35308279050733,-0.0055278460449124074,1.3163693763207198,-0.0003301044641449936,0.005390869595656468
122,1,16.652,Forward,0.267138544946233,17785.0,17787.230492095423,ok,0.0006304438159030327,14562.283644355493,ok,-4.907486523989064,66.04149650864724,-0.0071361487226829275,-4.554419869553385,61.35198789446711,-0.006622742085139052,1.3163693763207198,0.0015818261454645498,0.005390869595656468
123,1,16.78705,Forward,0.26680922275149954,17780.0,17787.624459945422,ok,0.0006362688129235508,14564.062269546615,ok,-4.513518673989893,66.04206939115151,-0.006563266218409749,-2.775794678431339,61.35457425590156,-0.00403638065068317,1.3163693763207198,-0.0012498983386769243,0.005390869595656468
124,1,16.922616666666666,Forward,0.266453729631286,17790.0,17788.19336677308,ok,0.0006312382651624136,14563.707303606438,ok,-3.9446118463310995,66.0428966585748,-0.005735998795121367,-3.1307606186092016,61.354058087445836,-0.004552549106411739,1.3163693763207198,0.000256837432755304,0.005390869595656468
125,1,17.05765,Forward,0.2662397784056989,17795.0,17788.50461692085,ok,0.0006352127367064746,14563.87054661354,ok,-3.6333616985612025,66.04334925835956,-0.005283399010366875,-2.9675176115069917,61.35429546484278,-0.00431517170946426,1.3163693763207198,0.00039696088153740733,0.005390869595656468
126,1,17.192966666666667,Forward,0.2658546942049596,17790.0,17788.73274889145,ok,0.0006327316943239079,14564.319018293298,ok,-3.4052297279631603,66.0436809930801,-0.00495166428982748,-2.519045931749133,61.3549476032825,-0.0036630332697519313,1.3163693763207198,-0.0001297594690820832,0.005390869595656468
127,1,17.327766666666665,Forward,0.2656856499522176,17785.0,17789.184177788935,ok,0.0006380666478173983,14565.009325109893,ok,-2.953800830477121,66.0443374317141,-0.00429522565582822,-1.8287391151534393,61.355951402698636,-0.002659233853609173,1.3163693763207198,-0.0007946916464617684,0.005390869595656468
128,1,17.462783333333334,Forward,0.26518008743734234,17790.0,17789.491055955354,ok,0.0006326366672107554,14565.44238445213,ok,-2.6469226640583656,66.04478367404703,-0.003848983322893927,-1.395679772916992,61.3565811295164,-0.0020295070358502293,1.3163693763207198,-0.0011774024118732479,0.005390869595656468
129,1,17.5992,Forward,0.26494606843947904,17795.0,17789.914802321302,ok,0.0006283278933425578,14565.38898257846,ok,-2.2231762981100474,66.04539985853847,-0.003232798831439507,-1.4490816465859098,61.35650347597405,-0.0021071605781897724,1.3163693763207198,-0.00045899717532022887,0.005390869595656468
130,1,17.734916666666667,Forward,0.26462485319981605,17785.0,17790.29679777274,ok,0.0006391595330220289,14565.565727034656,ok,-1.8411808466735238,66.045955331557,-0.002677325812916856,-1.2723371903903171,61.3567604863029,-0.001850150249347089,1.3163693763207198,-0.0002418446830842044,0.005390869595656468
131,1,17.871066666666668,Forward,0.26441194668738216,17790.0,17790.579985422195,ok,0.0006336940029270516,14565.9874126932,ok,-1.5579931972170016,66.04636712467617,-0.0022655326937569336,-0.8506515318458696,61.357373674247256,-0.0012369623049918955,1.3163693763207198,-0.0006372333958025121,0.005390869595656468
132,1,18.006633333333333,Forward,0.26409335558166236,17785.0,17790.77720636984,ok,0.0006308748121418512,14565.139437010626,ok,-1.3607722495726193,66.04665391059126,-0.0019787467786578196,-1.6986272144204122,61.35614060298878,-0.002470033563464085,1.3163693763207198,0.0012727297627706429,0.005390869595656468
133,1,18.14335,Forward,0.26364443510107943,17790.0,17791.317503706305,ok,0.000622545954552413,14565.387836501817,ok,-0.8204749131073186,66.04743957594738,-0.0011930814225455883,-1.4502277232295455,61.356501809423705,-0.0021088271285382245,1.3163693763207198,0.0015829140294164887,0.005390869595656468
134,1,18.27865,Forward,0.2634832233473033,17795.0,17791.43778677169,ok,0.0006319060922538284,14566.972473651262,ok,-0.7001918477217259,66.04761448378241,-0.0010181735875029634,0.13440942621491558,61.35880608602531,0.00019544947306762128,1.3163693763207198,-0.0012754572884672013,0.005390869595656468
135,1,18.41395,Forward,0.2633654627414342,17795.0,17791.801429267773,ok,0.0006327404812563428,14566.77988061808,ok,-0.33654935163940536,66.04814326912319,-0.0004893882467290219,-0.058183606966849766,61.35852602972337,-8.460682887419696e-05,1.3163693763207198,-0.00037801440817142133,0.005390869595656468
136,1,18.549266666666668,Forward,0.2630641921263501,17795.0,17792.15262529501,ok,0.000625626455562211,14567.18107550913,ok,0.014646675597759895,66.04865395561595,2.1298246026266293e-05,0.3430112840833317,61.359109421322174,0.0004987847699248318,1.3163693763207198,-0.0006352867504779583,0.005390869595656468
137,1,18.684833333333334,Forward,0.26283320837665064,17790.0,17792.17145113392,ok,0.0006315867697821143,14566.726083167881,ok,0.03347251450759359,66.04868133093031,4.8673560381820015e-05,-0.1119810571653943,61.35844780095929,-0.00016283559295562789,1.3163693763207198,0.0002630253483236345,0.005390869595656468
138,1,18.819816666666668,Forward,0.26252232286646404,17790.0,17792.726863247146,ok,0.0006332869544606203,14567.676834887137,ok,0.5888846277339326,66.0494889752148,0.0008563178448822733,0.8387706620906101,61.35983032246675,0.001219685914498735,1.3163693763207198,-0.0007492393416935933,0.005390869595656468
139,1,18.954816666666666,Forward,0.26233635180065873,17795.0,17792.818009581155,ok,0.000624143060400017,14567.421128630069,ok,0.6800309617428866,66.04962151430418,0.0009888569342584213,0.5830644050220144,61.35945849100662,0.0008478544543730266,1.3163693763207198,-0.00012723270505534388,0.005390869595656468
140,1,19.089866666666666,Forward,0.2618778595842698,17795.0,17793.21819693595,ok,0.0006341252239782704,14568.074817372672,ok,1.0802183165396855,66.05020344080909,0.001570783439162136,1.2367531476247677,61.36040904279372,0.001798406241475039,1.3163693763207198,-0.0007965834632996508,0.005390869595656468
141,1,19.226266666666668,Forward,0.2617896620224335,17785.0,17793.544167797892,ok,0.000636669178589295,14567.626905612517,ok,1.4061891784804175,66.05067744650196,0.0020447891320355153,0.7888413874698017,61.35975771855279,0.0011470820005464366,1.3163693763207198,0.000534805514387479,0.005390869595656468
142,1,19.362116666666665,Forward,0.26130081116957954,17795.0,17793.834374421804,ok,0.0006309622235159871,14568.168635926259,ok,1.6963958023916348,66.05109944615869,0.0024667887887670787,1.3305717012117384,61.36054546765155,0.0019348310993062149,1.3163693763207198,-8.016361871257625e-05,0.005390869595656468
143,1,19.49876666666667,Forward,0.2612344809935976,17795.0,17794.340682563896,ok,0.0006320616290478143,14568.315148769181,ok,2.202703944483801,66.05183568663206,0.0032030292621363396,1.4770845441344136,61.36075851712846,0.002147880576216327,1.3163693763207198,0.0003756250476110649,0.005390869595656468
144,1,19.634833333333333,Forward,0.2608681228687696,17790.0,17794.37721161022,ok,0.0006415073929356406,14568.592023083884,ok,2.239232990807068,66.05188880480283,0.003256147432912021,1.7539588588369952,61.36116112980555,0.0025504932533067758,1.3163693763207198,-0.00010124378025362299,0.005390869595656468
145,1,19.771466666666665,Forward,0.2608068597062426,17795.0,17794.652694014385,ok,0.0006308358524028586,14568.922906406324,ok,2.5147153949728818,66.05228939345386,0.003656736083945447,2.084842181277054,61.361642278879984,0.0030316423277352822,1.3163693763207198,-0.00033402503624294175,0.005390869595656468
146,1,19.908383333333333,Forward,0.26061504924606776,17795.0,17794.903014087562,ok,0.0006350094194670443,14569.565889120397,ok,2.7650354681500176,66.0526533926746,0.0040207353046733925,2.7278248953498405,61.362577262654526,0.003966626102282259,1.3163693763207198,-0.0012008098236853922,0.005390869595656468
147,1,20.0453,Forward,0.26040898097100795,17800.0,17795.303046307996,ok,0.0006363219150400627,14569.769312817467,ok,3.165067688583804,66.05323509359317,0.004602436223244665,2.931248592420161,61.36287306820569,0.004262431653436747,1.3163693763207198,-0.001008498273999561,0.005390869595656468
148,1,20.18113333333333,Forward,0.26017724890925226,17790.0,17795.234982428537,ok,0.0006307605624433386,14570.173449978256,ok,3.0970038091254537,66.05313611951263,0.00450346214270807,3.335385753209266,61.363460738262376,0.004850101710125894,1.3163693763207198,-0.0018810632205424095,0.005390869595656468
149,1,20.316716666666668,Forward,0.2601002452078465,17795.0,17795.61951757941,ok,0.0006368083006796721,14569.655843488252,ok,3.481538959997124,66.0536952855974,0.005062628227486028,2.8177792632050114,61.362708068464,0.004097431911759579,1.3163693763207198,-0.0003311056627135437,0.005390869595656468
150,1,20.451233333333334,Forward,0.2597341821761842,17795.0,17795.744948665324,ok,0.0006392210750541055,14569.560502084854,ok,3.6069700459120213,66.05387767935014,0.005245021980206667,2.722437859807542,61.362569429176716,0.003958792624469064,1.3163693763207198,3.3788602151259284e-05,0.005390869595656468
151,1,20.5868,Forward,0.259568065361047,17800.0,17795.89109052094,ok,0.0006429280146525064,14570.077167831818,ok,3.753111901529337,66.05409018936135,0.00545753199143056,3.2391036067710957,61.36332073100755,0.00471009445529936,1.3163693763207198,-0.0007426921091035384,0.005390869595656468
152,1,20.722383333333333,Forward,0.2594421308398718,17790.0,17796.095440517453,ok,0.0006444030760169918,14569.893013335548,ok,3.957461898040492,66.05438734187709,0.005754684507174602,3.054949110501184,61.36305294547886,0.004442308926616005,1.3163693763207198,-9.303492397887483e-05,0.005390869595656468
153,1,20.8585,Forward,0.2591641469304142,17800.0,17796.527578399902,ok,0.0006417856030865137,14570.181246021193,ok,4.389599780490244,66.05501572876778,0.006383071397855256,3.343181796146382,61.36347207476255,0.004861438210302864,1.3163693763207198,-1.6376987062840555e-05,0.005390869595656468
154,1,20.993033333333333,Forward,0.2590303535275697,17795.0,17796.595597587777,ok,0.0006279824677086676,14571.253264566281,ok,4.457618968364841,66.05511463786071,0.00648198049078837,4.415200341234595,61.36503093462571,0.006420298073458488,1.3163693763207198,-0.0019695032799632983,0.005390869595656468
155,1,21.128083333333333,Forward,0.2588172548003861,17800.0,17797.022332625795,ok,0.0006291024043787513,14570.758687390586,ok,4.884354006382637,66.05573516828531,0.007102510915393471,3.9206231655389274,61.36431175256308,0.0057011160108371714,1.3163693763207198,-0.000402263612124326,0.005390869595656468
156,1,21.263666666666666,Forward,0.2586117974534503,17800.0,17797.190283128897,ok,0.0006393321437624533,14570.893891986578,ok,5.052304509485111,66.05597939101773,0.007346733647810566,4.0558277615309635,61.364508358320485,0.005897721768239264,1.3163693763207198,-0.0004168466779596869,0.005390869595656468
157,1,21.39975,Forward,0.25840409772531736,17790.0,17797.438401211442,ok,0.0006362537071664745,14570.920432125333,ok,5.3004225920303725,66.05634018824645,0.007707530876529324,4.0823679002860445,61.36454695126952,0.005936314717267466,1.3163693763207198,-0.00010685202548356074,0.005390869595656468
158,1,21.534783333333333,Forward,0.25820925630368086,17795.0,17797.566311862218,ok,0.000622404412358221,14571.02779513053,ok,5.42833324280582,66.05652618762163,0.007893530251705761,4.189730905483884,61.36470307159071,0.006092435038466675,1.3163693763207198,-0.00012636466015511667,0.005390869595656468
159,1,21.66955,Forward,0.2579371938838101,17795.0,17797.97116493512,ok,0.0006300345209002671,14571.413754889672,ok,5.83318631570728,66.05711489871129,0.008482241341372005,4.575690664625654,61.365264309248474,0.006653672696225486,1.3163693763207198,-0.0002764496360005402,0.005390869595656468
160,1,21.8054,Forward,0.25763537675317294,17795.0,17798.02510867319,ok,0.0006322960455108864,14571.501308708186,ok,5.887130053779401,66.05719334019771,0.00856068282779451,4.663244483139351,61.365391624334734,0.006780987782491819,1.3163693763207198,-0.0003656018302826674,0.005390869595656468
161,1,21.9402,Forward,0.25748835477262777,17790.0,17798.482366902677,ok,0.0006385284868781244,14572.089611304793,ok,6.344388283265289,66.05785825546836,0.009225598098438917,5.25154707974616,61.36624709582769,0.007636459275445446,1.3163693763207198,-0.0008268030352777817,0.005390869595656468
162,1,22.0747,Forward,0.2572074740219018,17800.0,17798.91082186298,ok,0.0006399604249572341,14572.355904396682,ok,6.772843243568786,66.05848128689244,0.009848629522519458,5.517840171634816,61.366634321976605,0.008023685424361255,1.3163693763207198,-0.0007135042553406187,0.005390869595656468
163,1,22.209483333333335,Forward,0.25701742409811834,17800.0,17799.114618805048,ok,0.0006355252317947931,14572.352351314978,ok,6.976640185635915,66.05877763519227,0.01014497782234869,5.514287089930804,61.366629155315565,0.008018518763313949,1.3163693763207198,-0.00041035472113088237,0.005390869595656468
164,1,22.344533333333334,Forward,0.25666975988675755,17800.0,17799.3789842899,ok,0.0006390615057225444,14572.79086186107,ok,7.241005670486629,66.05916205834001,0.010529400970087746,5.9527976360241155,61.36726680892053,0.00865617236828873,1.3163693763207198,-0.0008653192516811375,0.005390869595656468
165,1,22.4801,Forward,0.2566078031309529,17795.0,17799.338321316834,ok,0.0006396402174527599,14572.645314868494,ok,7.200342697422457,66.05910292888099,0.010470271511071624,5.8072506434473325,61.367055163920575,0.008444527368329995,1.3163693763207198,-0.0006458457141001808,0.005390869595656468
166,1,22.6156,Forward,0.25631109401266683,17795.0,17799.901569544258,ok,0.0006340414852660448,14572.883142581668,ok,7.76359092484563,66.0599219679347,0.01128931056477688,6.045078356621161,61.36740099756133,0.00879036100909249,1.3163693763207198,-0.0002820514743961753,0.005390869595656468
167,1,22.751166666666666,Forward,0.25606861212218923,17800.0,17800.27680382419,ok,0.0006355857642212592,14573.100575590734,ok,8.138825204776367,66.06046760929598,0.011834951926061349,6.262511365686805,61.36771717454569,0.00910653799344652,1.3163693763207198,-0.0001526158128127876,0.005390869595656468
168,1,22.886466666666667,Forward,0.2559834664414079,17795.0,17800.12863651004,ok,0.0006369414557055984,14572.824496341302,ok,7.990657890626608,66.06025215399428,0.011619496624361672,5.986432116254946,61.36731571800097,0.008705081448724113,1.3163693763207198,0.0001603939868836425,0.005390869595656468
169,1,23.022666666666666,Forward,0.2556166843690451,17795.0,17800.588382474594,ok,0.0006210162259462097,14572.694990006103,ok,8.45040385518223,66.06092068676797,0.012288029398050354,5.8569257810559066,61.367127398284964,0.008516761732716264,1.3163693763207198,0.0010768250676824725,0.005390869595656468
170,1,23.15825,Forward,0.2554340746988034,17800.0,17800.80556525008,ok,0.0006421375253309977,14573.439882144019,ok,8.667586630668666,66.06123649987887,0.012603842508957576,6.601817918972301,61.36821057213629,0.009599935584044088,1.3163693763207198,-3.3218708529625385e-05,0.005390869595656468
171,1,23.293533333333333,Forward,0.2553655904062829,17800.0,17800.87873284777,ok,0.0006352117435745543,14573.412124350414,ok,8.740754228358128,66.06134289545557,0.012710238085642525,6.574060125367396,61.36817020855253,0.00955957200028082,1.3163693763207198,0.0001263102537398461,0.005390869595656468
172,1,23.427516666666666,Forward,0.25505834263293914,17795.0,17801.319565490856,ok,0.0006304584746267492,14574.165945288707,ok,9.18158687144387,66.06198392570343,0.013351268333508828,7.327881063660243,61.36926636608646,0.010655729534210736,1.3163693763207198,-0.0006756077076824334,0.005390869595656468
173,1,23.5634,Forward,0.2547964972631691,17805.0,17801.53072327407,ok,0.0006423481312302661,14574.151802138758,ok,9.3927446546586,66.0622909776612,0.013658320291289347,7.31373791371152,61.36924580003478,0.010635163482536843,1.3163693763207198,-0.00034148322928657243,0.005390869595656468
174,1,23.698166666666665,Forward,0.25460225017086396,17795.0,17801.662683715316,ok,0.0006358140645759577,14574.037429342356,ok,9.52470509590421,66.06248286597912,0.013850208609196349,7.199365117308844,61.3690794865297,0.010468849977452534,1.3163693763207198,6.9335093581974e-05,0.005390869595656468
175,1,23.83295,Forward,0.25433477438345375,17805.0,17802.103309990394,ok,0.0006374124918024493,14574.388086475483,ok,9.965331370982312,66.06312359614,0.014490938770085964,7.550022250436086,61.369589389397575,0.010978752845332769,1.3163693763207198,3.884473429593971e-05,0.005390869595656468
176,1,23.96825,Forward,0.25405003221528,17800.0,17802.433291021418,ok,0.0006300563328662845,14574.901153147362,ok,10.295312402005948,66.06360343316075,0.014970775790837436,8.063088922315728,61.37033545768677,0.011724821134524723,1.3163693763207198,-0.0004634196934888684,0.005390869595656468
177,1,24.1033,Forward,0.253978301172122,17800.0,17802.239771638157,ok,0.0006387984125342683,14574.988129124355,ok,10.101793018744502,66.0633220298206,0.014689372450670337,8.150064899307836,61.370461932513365,0.01185129596111514,1.3163693763207198,-0.0009113106222550654,0.005390869595656468
178,1,24.23755,Forward,0.25364113474601113,17800.0,17802.860147751013,ok,0.000634500100515509,14574.874286255148,ok,10.722169131600822,66.06422414054137,0.015591483171443961,8.036222030101271,61.370296389594046,0.011685753041801196,1.3163693763207198,0.00020871572797016673,0.005390869595656468
179,1,24.373116666666668,Forward,0.25351233315179095,17800.0,17803.159761793442,ok,0.0006375880588452897,14575.32062635721,ok,11.021783174030134,66.06465981985616,0.016027162486247633,8.482562132163366,61.370945428431675,0.012334791879430755,1.3163693763207198,-0.00020997980712450862,0.005390869595656468
180,1,24.508166666666668,Forward,0.253366058304459,17800.0,17803.416754024005,ok,0.0006328408939277765,14575.001104557477,ok,11.278775404593034,66.06503352129558,0.01640086392565172,8.163040332430683,61.370480800546936,0.011870163994690625,1.3163693763207198,0.0007753435511361588,0.005390869595656468
181,1,24.643483333333332,Forward,0.25309194432983406,17800.0,17803.475236723287,ok,0.0006333306646646678,14574.874142457777,ok,11.337258103874774,66.0651185630451,0.01648590567517836,8.036078232729778,61.37029618049323,0.011685543940986781,1.3163693763207198,0.0011034134856132242,0.005390869595656468
182,1,24.779183333333332,Forward,0.2529376003478356,17805.0,17803.64717149257,ok,0.0006352174571239388,14575.111320016553,ok,11.50919287315628,66.06536857943907,0.016735922069150172,8.273255791506017,61.370641068721625,0.012030432169377539,1.3163693763207198,0.0008994295774779372,0.005390869595656468
183,1,24.914466666666666,Forward,0.2528106058543088,17800.0,17803.757667029844,ok,0.0006328800670243452,14576.20611939163,ok,11.61968841043199,66.06552925488532,0.016896597515396995,9.368055166583872,61.37223305499074,0.013622418438492215,1.3163693763207198,-0.001035536948460876,0.005390869595656468
184,1,25.049783333333334,Forward,0.25261614249300934,17800.0,17804.145652052855,ok,0.0006456165344093696,14576.779099547584,ok,12.007673433443415,66.06609343755049,0.017460780180565585,9.941035322537573,61.373066245583935,0.014455609031689813,1.3163693763207198,-0.0015681408648160998,0.005390869595656468
185,1,25.184316666666668,Forward,0.2523703046213653,17800.0,17804.3334944417,ok,0.0006329194540098998,14576.637005938917,ok,12.195515822288144,66.06636658577344,0.01773392840352401,9.79894171387059,61.37285962227095,0.014248985718710023,1.3163693763207198,-0.0010230000402171487,0.005390869595656468
186,1,25.318833333333334,Forward,0.2521907652893542,17800.0,17804.631726880874,ok,0.0006329271243069437,14575.971686115678,ok,12.493748261462315,66.06680025605037,0.018167598680451317,9.13362189063082,61.3718921573205,0.013281520768255338,1.3163693763207198,0.0006842114701523516,0.005390869595656468
187,1,25.453616666666665,Forward,0.25207514902829153,17795.0,17804.750043982447,ok,0.0006347090090670506,14576.659656732374,ok,12.612065363035072,66.06697230510831,0.018339647738382026,9.821592507327296,61.37289255958622,0.014281923033973893,1.3163693763207198,-0.0004606383785107117,0.005390869595656468
188,1,25.588183333333333,Forward,0.2518505591871111,17805.0,17804.79138451584,ok,0.0006323218112871666,14576.600772896458,ok,12.653405896428012,66.06703241983162,0.01839976246169812,9.76270867141102,61.372806934529805,0.0141962979775613,1.3163693763207198,-0.00028780945308734193,0.005390869595656468
189,1,25.72375,Forward,0.25176376643358583,17800.0,17805.197222042443,ok,0.0006491753200708514,14577.519927225316,ok,13.059243423031148,66.06762256245003,0.018989905080109563,10.681863000269004,61.37414350916079,0.015532872608538932,1.3163693763207198,-0.0014570927480620256,0.005390869595656468
190,1,25.8596,Forward,0.2513646020286966,17805.0,17805.673432790212,ok,0.0006357497713064312,14577.22534373333,ok,13.535454170800222,66.06831503724396,0.019682379874040902,10.387279508282518,61.373715144946274,0.015104508394029778,1.3163693763207198,-0.00020073242023915458,0.005390869595656468
191,1,25.994366666666668,Forward,0.25124624787776795,17800.0,17805.871602719733,ok,0.0006290184841279048,14577.576668766993,ok,13.733624100321322,66.06860320310697,0.019970545737057203,10.738604541946188,61.37422601903181,0.015615382479566262,1.3163693763207198,-0.0005850655585789323,0.005390869595656468
192,1,26.129133333333332,Forward,0.251186253408581,17805.0,17805.77300398275,ok,0.0006338713311195446,14577.495414977755,ok,13.635025363339082,66.06845982721637,0.019827169846459335,10.657350752708226,61.37410786503965,0.015497228487405666,1.3163693763207198,-0.0005729071522065539,0.005390869595656468
193,1,26.26418333333333,Forward,0.2509437754321546,17805.0,17806.004035523478,ok,0.0006326986194842945,14577.75173699937,ok,13.866056904065772,66.06879577830381,0.020163120933884046,10.91367277432255,61.37448059190466,0.015869955352410224,1.3163693763207198,-0.0007276022956058704,0.005390869595656468
194,1,26.400616666666668,Forward,0.25060912320069095,17805.0,17806.40474229581,ok,0.0006434073699759522,14577.486732485517,ok,14.266763676398114,66.069378460112,0.02074580274209113,10.648668260470004,61.374095239522376,0.015484602970128622,1.3163693763207198,0.00036234558772894887,0.005390869595656468
195,1,26.53595,Forward,0.2505047213835361,17805.0,17806.625975907835,ok,0.0006438566136377196,14578.158652658776,ok,14.487997288422775,66.06970016368678,0.02106750631685327,11.320588433729426,61.37507230227389,0.016461665721643332,1.3163693763207198,-0.0006021263223465363,0.005390869595656468
196,1,26.67043333333333,Forward,0.2502234381967259,17800.0,17806.913254613995,ok,0.0006356676985559773,14577.32415067957,ok,14.775275994583353,66.07011790575535,0.021485248385425555,10.486086454522592,61.373858823601275,0.015248187049030987,1.3163693763207198,0.0014130019096709572,0.005390869595656468
197,1,26.804933333333334,Forward,0.25026087761753063,17805.0,17806.880362616,ok,0.0006326942274909337,14578.80114150675,ok,14.742383996588615,66.07007007634444,0.021437418974518514,11.96307728170359,61.376006567900376,0.017395931348129865,1.3163693763207198,-0.0014620523247372563,0.005390869595656468
198,1,26.939983333333334,Forward,0.2500599119428604,17805.0,17807.09912269499,ok,0.0006339556702915398,14577.817942542993,ok,14.961144075576158,66.07038818306783,0.021755525697911414,10.979878317946714,61.37457686371371,0.01596622716146332,1.3163693763207198,0.0007380732071810038,0.005390869595656468
199,1,27.075566666666667,Forward,0.24981386470478673,17805.0,17807.202338784504,ok,0.0006331652958134975,14578.664293274574,ok,15.064360165091784,66.07053827321312,0.02190561584319388,11.826229049527683,61.375807572073796,0.01719693552155555,1.3163693763207198,-0.0007319034439438321,0.005390869595656468
200,1,27.210883333333335,Forward,0.24968803607489676,17805.0,17807.483475328845,ok,0.0006425909303675862,14577.905565817777,ok,15.345496709433064,66.0709470837482,0.022314426378280128,11.067501592729968,61.37470427979878,0.016093643246533593,1.3163693763207198,0.0011292472551125386,0.005390869595656468
201,1,27.346466666666668,Forward,0.24953351450895517,17805.0,17807.81504863085,ok,0.0006399624916147819,14578.454681125317,ok,15.677070011439355,66.07142923614617,0.022796578776258517,11.616616900269946,61.37550276767671,0.016892131124462976,1.3163693763207198,0.0005602946632213696,0.005390869595656468
202,1,27.4815,Forward,0.24926035910425526,17810.0,17807.912190014973,ok,0.0006411799896236322,14579.240184667027,ok,15.774211395560997,66.07157049284874,0.022937835478815047,12.402120441980514,61.37664499599836,0.01803435944611802,1.3163693763207198,-0.0008020430176150159,0.005390869595656468
203,1,27.617866666666668,Forward,0.24911588040460556,17805.0,17807.969678413418,ok,0.000645940774517025,14578.937557747815,ok,15.831699794005544,66.07165408875045,0.023021431380530467,12.09949352276817,61.37620493555349,0.01759429900123855,1.3163693763207198,-0.00013916502253018964,0.005390869595656468
204,1,27.753183333333332,Forward,0.24907390893372383,17800.0,17808.26627519695,ok,0.0006466641945718171,14578.876732298742,ok,16.128296577539004,66.072085380563,0.023452723193073993,12.03866807369559,61.37611648712911,0.017505850576859976,1.3163693763207198,0.0004085575872491108,0.005390869595656468
205,1,27.888233333333332,Forward,0.24886804088905967,17805.0,17808.299001543448,ok,0.0006289090037102746,14579.883748441207,ok,16.161022924035933,66.07213296909424,0.023500311724313057,13.045684216160225,61.377580824712844,0.018970188160599026,1.3163693763207198,-0.001471463033341388,0.005390869595656468
206,1,28.02355,Forward,0.24869907223815546,17815.0,17808.66250584825,ok,0.0006334648625584941,14579.548583960272,ok,16.52452722883754,66.0726615534862,0.024028896116286322,12.710519735224807,61.3770934502553,0.018482813703058633,1.3163693763207198,-0.0003013138306610236,0.005390869595656468
207,1,28.159666666666666,Forward,0.24863531597350425,17805.0,17809.067951325538,ok,0.0006374658313211707,14579.81357923577,ok,16.929972706126136,66.07325112601193,0.02461846864200336,12.97551501072303,61.37747878920377,0.018868152651524354,1.3163693763207198,-0.00021898969620788925,0.005390869595656468
208,1,28.29446666666667,Forward,0.24838477464702363,17810.0,17808.949523665135,ok,0.0006488987863656035,14579.884428599751,ok,16.811545045722596,66.07307891618652,0.02444625881658909,13.046364374704353,61.3775818137553,0.018971177203055318,1.3163693763207198,-0.0005268178862666978,0.005390869595656468
209,1,28.429783333333333,Forward,0.2483414460281646,17810.0,17809.042573891224,ok,0.0006432933113945502,14579.867417589594,ok,16.90459527181156,66.0732142237923,0.024581566422387742,13.029353364547205,61.37755707744725,0.01894644089500616,1.3163693763207198,-0.0003589481620688978,0.005390869595656468
210,1,28.565616666666667,Forward,0.24813363623895426,17815.0,17809.45640783845,ok,0.0006372206836300408,14580.511496284327,ok,17.31842921903808,66.07381599428714,0.02518333691721589,13.673432059280458,61.37849365492582,0.019883018373570874,1.3163693763207198,-0.0009900595785750158,0.005390869595656468
211,1,28.700666666666667,Forward,0.24805811486940638,17805.0,17809.70384319255,ok,0.0006277221864565991,14580.3729332455,ok,17.565864573138242,66.07417579873642,0.025543141366494986,13.534869020453698,61.37829216553859,0.01968152898634564,1.3163693763207198,-0.000365020670298994,0.005390869595656468
212,1,28.835716666666666,Forward,0.24792872625516926,17810.0,17809.594500540126,ok,0.000638398606645955,14580.403650435457,ok,17.456521920714295,66.07401679974058,0.025384142370651456,13.565586210410402,61.37833683248465,0.019726195932409055,1.3163693763207198,-0.0005828178660741701,0.005390869595656468
213,1,28.970233333333333,Forward,0.24763563013263495,17815.0,17809.692821386892,ok,0.0006420166489512504,14579.77460433865,ok,17.554842767480295,66.07415977154123,0.025527114171314085,12.936540113603769,61.37742211443535,0.018811477883099677,1.3163693763207198,0.0007642607626671474,0.005390869595656468
214,1,29.10555,Forward,0.24754364052729233,17815.0,17809.994783514558,ok,0.0006376545587232822,14580.683079683424,ok,17.856804895145615,66.07459886528935,0.025966207919428122,13.84501545837702,61.37874316038005,0.020132523827801084,1.3163693763207198,-0.0005356299155364203,0.005390869595656468
215,1,29.24085,Forward,0.24750716617466348,17805.0,17809.983509057653,ok,0.0006352107266604251,14580.719575449142,ok,17.84553043824053,66.07458247070511,0.025949813335184462,13.881511224095448,61.378796230156325,0.020185593604078983,1.3163693763207198,-0.000621883928080498,0.005390869595656468
216,1,29.37615,Forward,0.24728864272821613,17805.0,17810.20822614243,ok,0.0006362410400338131,14581.16527731278,ok,18.070247523017315,66.07490923972009,0.02627658235016922,14.32721308773398,61.37944434090902,0.020833704356773654,1.3163693763207198,-0.0011482680604071767,0.005390869595656468
217,1,29.511466666666667,Forward,0.2471937889993721,17810.0,17810.43898650017,ok,0.0006411036171701319,14580.933604404057,ok,18.301007880756515,66.0752447964708,0.026612139100875874,14.09554017901064,61.37910745718584,0.020496820633591782,1.3163693763207198,-0.00036924789312300227,0.005390869595656468
218,1,29.64625,Forward,0.24709054181031018,17810.0,17810.267925965512,ok,0.0006480928172929224,14580.879751110222,ok,18.12994734610038,66.07499605133214,0.02636339396221463,14.041686885175295,61.37902914721756,0.02041851066531438,1.3163693763207198,-0.000514908187683228,0.005390869595656468
219,1,29.781833333333335,Forward,0.24685991471910013,17810.0,17810.67349148393,ok,0.0006303665439309468,14581.450538477491,ok,18.53551286451693,66.07558579841388,0.02695314104395699,14.612474252444372,61.379859149199625,0.021248512647377864,1.3163693763207198,-0.0010177502974147365,0.005390869595656468
220,1,29.9169,Forward,0.24690594822265433,17805.0,17810.682392089533,ok,0.0006357469525012655,14581.297025821572,ok,18.54441347012107,66.07559874109748,0.026966083727549214,14.458961596525114,61.37963592104849,0.021025284496246154,1.3163693763207198,-0.0007109569117400363,0.005390869595656468
221,1,30.051933333333334,Forward,0.24684317469664716,17805.0,17810.675739580627,ok,0.0006390690073069583,14581.736067941612,ok,18.5377609612151,66.07558906745034,0.02695641008041846,14.898003716565654,61.380274347633836,0.021663711081590004,1.3163693763207198,-0.001561035764846442,0.005390869595656468
222,1,30.18723333333333,Forward,0.24670202374925598,17810.0,17810.959435955832,ok,0.0006353660540135186,14581.036903679673,ok,18.82145733642028,66.0760016003255,0.027368942955578474,14.198839454626068,61.379257668294954,0.02064703174270715,1.3163693763207198,0.00018982265755695948,0.005390869595656468
223,1,30.321483333333333,Forward,0.2464486617094402,17810.0,17811.104711052743,ok,0.0006487935274310973,14581.840145789856,ok,18.966732433331345,66.07621284995241,0.027580192582488675,15.002081564809487,61.38042569089279,0.021815054340542265,1.3163693763207198,-0.001136476894173559,0.005390869595656468
224,1,30.45705,Forward,0.24637449939009382,17815.0,17811.225064541548,ok,0.0006287813465208976,14582.085227628386,ok,19.087085922135884,66.07638786019263,0.02775520282270118,15.247163403339073,61.38078207301231,0.022171436460070543,1.3163693763207198,-0.0014305971623763472,0.005390869595656468
225,1,30.591316666666668,Forward,0.24630881143029015,17815.0,17811.506760710836,ok,0.0006331370484998561,14581.938719556085,ok,19.368782091423782,66.07679748449803,0.028164827128101103,15.10065533103807,61.380569030472536,0.02195839392028916,1.3163693763207198,-0.0007405301817546249,0.005390869595656468
226,1,30.726933333333335,Forward,0.2463201395253884,17810.0,17811.281065914118,ok,0.0006335456913190082,14581.38068647181,ok,19.143087294705765,66.07646929375773,0.02783663638780208,14.54262224676313,61.37975757494186,0.02114693838962242,1.3163693763207198,-5.457112378752516e-07,0.005390869595656468
227,1,30.8625,Forward,0.2462006273096982,17810.0,17811.315990578278,ok,0.0006366984014261812,14582.369905493544,ok,19.17801195886568,66.07652007893998,0.027887421570057115,15.531841268497374,61.381196033106534,0.02258539655428476,1.3163693763207198,-0.00184330280606285,0.005390869595656468
228,1,30.998066666666666,Forward,0.24614856859541484,17815.0,17811.47476097502,ok,0.0006328423554740823,14581.500725499047,ok,19.336782355607284,66.07675095255692,0.028118295187003182,14.66266127400013,61.379932127912454,0.021321491360211754,1.3163693763207198,5.133690293361928e-05,0.005390869595656468
229,1,31.132316666666668,Forward,0.246136212008434,17815.0,17811.427441434942,ok,0.0006359318199098277,14581.567287497013,ok,19.289462815529987,66.07668214354975,0.028049486179819998,14.729223271966475,61.38002891805431,0.02141828150205827,1.3163693763207198,-0.00014488368290606,0.005390869595656468
230,1,31.2669,Forward,0.24610325152156992,17815.0,17811.712461254105,ok,0.0006386891988513318,14581.519664116271,ok,19.574482634692686,66.0770966008913,0.028463943521376572,14.681599891224323,61.379959667221726,0.021349030669479987,1.3163693763207198,0.00036073333394128285,0.005390869595656468
231,1,31.40245,Forward,0.2460992484748934,17810.0,17811.625379428442,ok,0.0006349489127778485,14581.937251238809,ok,19.487400809030078,66.07696997214643,0.028337314776512287,15.099187013762275,61.38056689534075,0.021956258788506135,1.3163693763207198,-0.0005652319112498562,0.005390869595656468
232,1,31.537483333333334,Forward,0.246087449132399,17810.0,17811.4979672246,ok,0.0006386378843893344,14581.983044980392,ok,19.359988605188846,66.07678469758048,0.028152040210550414,15.144980755345387,61.38063348563069,0.02202284907844534,1.3163693763207198,-0.0008381638956480204,0.005390869595656468
233,1,31.67255,Forward,0.24629554823503386,17815.0,17811.207533907364,ok,0.0006306506287466488,14581.881655296236,ok,19.069555287951516,66.076362368281,0.027729710911081847,15.04359107118944,61.38048605132566,0.021875414773420584,1.3163693763207198,-0.0010664151909628682,0.005390869595656468
234,1,31.80785,Forward,0.24631450470900723,17815.0,17811.25640687801,ok,0.0006301740202847264,14582.24569039673,ok,19.118428258596396,66.07643343618619,0.027800778816278595,15.40762617168366,61.38101540756632,0.022404771014075515,1.3163693763207198,-0.0016921756301285333,0.005390869595656468
235,1,31.942633333333333,Forward,0.2463824981838752,17820.0,17811.394516931545,ok,0.0006332679385213331,14581.065276403115,ok,19.25653831213276,66.0766342668716,0.028001609501664172,14.22721217806793,61.379298926069815,0.02068828951756989,1.3163693763207198,0.0007681787322782116,0.005390869595656468
236,1,32.077416666666664,Forward,0.2466303318928882,17810.0,17811.135849703056,ok,0.0006291772557090521,14581.224566770039,ok,18.997871083643986,66.0762581297588,0.027625472388876,14.386502544992254,61.37953055579369,0.020919919241443024,1.3163693763207198,8.713134433781938e-05,0.005390869595656468
237,1,32.21191666666667,Forward,0.2468860631807995,17815.0,17810.5714727762,ok,0.0006394336180060838,14581.2404694021,ok,18.433494156786765,66.07543744942356,0.02680479205363381,14.402405177053879,61.37955368037017,0.020943043817928178,1.3163693763207198,-0.0007639894752298135,0.005390869595656468
238,1,32.34748333333334,Forward,0.24724067383710024,17800.0,17810.341419440443,ok,0.0006337233424771778,14581.514337192228,ok,18.20344082103111,66.07510292077838,0.026470263408455336,14.676272967180921,61.37995192115416,0.021341284601911113,1.3163693763207198,-0.0016227500928453764,0.005390869595656468
239,1,32.4828,Forward,0.2475413376134768,17810.0,17809.881005702453,ok,0.0006463500737579443,14580.13917844085,ok,17.743027083040943,66.07443341697186,0.025800759601933725,13.301114215802954,61.377952254457334,0.019341617905087392,1.3163693763207198,0.0003400461031801659,0.005390869595656468
240,1,32.61893333333333,Forward,0.24810618181152688,17810.0,17809.229902703086,ok,0.0006359388717644717,14579.745005677756,ok,17.091924083673803,66.07348662520492,0.024853967834996375,12.906941452709361,61.37737907398172,0.018768437429478,1.3163693763207198,0.00014777156143996537,0.005390869595656468
241,1,32.75395,Forward,0.2486809750628538,17800.0,17808.491712812614,ok,0.0006320220730412816,14579.741806338661,ok,16.3537341932024,66.07241319732728,0.023780539957357908,12.903742113614499,61.37737442171024,0.018763785157997755,1.3163693763207198,-0.0009195322084915754,0.005390869595656468
242,1,32.889516666666665,Forward,0.24957956999403588,17800.0,17807.51210782561,ok,0.0006465197493407961,14578.693374100565,ok,15.374129206196812,66.07098871926858,0.022356061898664962,11.855309875518287,61.37584985952548,0.01723922297323432,1.3163693763207198,-0.00033712329486532827,0.005390869595656468
243,1,33.02483333333333,Forward,0.250496446608948,17815.0,17806.64435875271,ok,0.0006509620475841049,14578.203034079785,ok,14.50638013329808,66.06972689482792,0.021094237458005656,11.364969854737865,61.37513683885882,0.016526202306571695,1.3163693763207198,-0.0006603491652461685,0.005390869595656468
244,1,33.1599,Forward,0.2516637546768065,17805.0,17805.039011899487,ok,0.0006324788450809914,14577.15502077884,ok,12.901033280075353,66.06739250351782,0.018759846147894346,10.316956553793716,61.3736128858653,0.015002249313052692,1.3163693763207198,-0.0009886554237367728,0.005390869595656468
245,1,33.295716666666664,Forward,0.2530088107637117,17810.0,17803.77859476102,ok,0.000629902991134092,14575.407320113287,ok,11.640616141608916,66.06555968663513,0.01692702926520962,8.56925588824015,61.37107149287091,0.01246085631866411,1.3163693763207198,0.0005239396045876449,0.005390869595656468
246,1,33.4305,Forward,0.25441195684277446,17795.0,17802.17314375425,ok,0.0006335970355530511,14573.871420981914,ok,10.03516513483919,66.06322514387168,0.01459248650176314,7.033356756866851,61.36883808793522,0.010227451382972064,1.3163693763207198,0.001129382703409721,0.005390869595656468
247,1,33.56581666666667,Forward,0.2560462250175414,17800.0,17800.187473619884,ok,0.0006386010543094207,14573.491141194878,ok,8.049495000472234,66.06033771110467,0.011705053734751844,6.6530769698310905,61.36828510972463,0.009674473172384637,1.3163693763207198,-0.0010301264814116563,0.005390869595656468
248,1,33.701033333333335,Forward,0.2578945195618354,17800.0,17798.042636676175,ok,0.0006370235153676367,14571.315736679073,ok,5.904658056762855,66.05721882828321,0.00858617091329207,4.477672454026106,61.3651217775217,0.0065111409694544745,1.3163693763207198,1.5104336194995613e-05,0.005390869595656468
249,1,33.83635,Forward,0.260110990581808,17795.0,17795.511951345095,ok,0.0006403730846406655,14570.228422315737,ok,3.3739727256834158,66.05353886975361,0.004906212383683032,3.390358090689915,61.36354067547136,0.004930038919118279,1.3163693763207198,-0.0015835398735135732,0.005390869595656468
250,1,33.97085,Forward,0.2624668326081465,17790.0,17792.930843461978,ok,0.0006479218934950984,14568.178996136914,ok,0.7928648425659048,66.049785590018,0.0011529326480835163,1.340931911867301,61.360560532798175,0.0019498962459296486,1.3163693763207198,-0.001413851057061008,0.005390869595656468
251,1,34.10561666666667,Forward,0.2649656244477171,17790.0,17789.981051306324,ok,0.0006455372661750742,14565.438991214429,ok,-2.15692731308809,66.0454961935172,-0.0031364638527222968,-1.3990730106179399,61.35657619529013,-0.002034441262111883,1.3163693763207198,-0.00045838767735493927,0.005390869595656468
252,1,34.24065,Forward,0.26761920972757003,17790.0,17786.790910859436,ok,0.0006282545396878383,14563.205774401255,ok,-5.347067759976198,66.04085729811445,-0.007775359255482337,-3.6322898237922345,61.35332879619267,-0.005281840359573632,1.3163693763207198,-0.000822506355524789,0.005390869595656468
253,1,34.37566666666667,Forward,0.2706813286550259,17780.0,17783.41246219178,ok,0.0006338293510137858,14560.963616043118,ok,-8.725516427632101,66.03594457710614,-0.012688080263780765,-5.874448181928528,61.35006839488025,-0.008542241671987468,1.3163693763207198,-0.001443334921645759,0.005390869595656468
254,1,34.5115,Forward,0.27387347322744887,17780.0,17779.672370142536,ok,0.0006344973879594113,14558.268046354087,ok,-12.465608476875786,66.03050597773975,-0.01812667963016924,-8.570017870959418,61.34614867220772,-0.012461964344530759,1.3163693763207198,-0.0017221313982282369,0.005390869595656468
255,1,34.646033333333335,Forward,0.27691394693226,17775.0,17776.12434563424,ok,0.0006308980888229487,14555.703625933595,ok,-16.01363298517026,66.02534667053857,-0.0232859868313498,-11.13443829145217,61.34241965829832,-0.016190978253925275,1.3163693763207198,-0.00197267888520785,0.005390869595656468
256,1,34.7824,Forward,0.28030369505553737,17770.0,17772.238841953098,ok,0.0006411761147768632,14552.748415485494,ok,-19.899136666314007,66.01969662300495,-0.028936034364977128,-14.089648739553013,61.33812238286794,-0.020488253684308316,1.3163693763207198,-0.001965924640663499,0.005390869595656468
257,1,34.918,Forward,0.28390189732999016,17765.0,17768.093349581595,ok,0.0006310718052622285,14550.030625399746,ok,-24.044629037816776,66.01366851677436,-0.034964140595566386,-16.80743882530078,61.334170348735164,-0.024440287817081505,1.3163693763207198,-0.002791694164695921,0.005390869595656468
258,1,35.05385,Forward,0.28739092271773387,17765.0,17764.038704187675,ok,0.000639247212469223,14546.606236990889,ok,-28.099274431737285,66.00777251432844,-0.040860143041486205,-20.231827234158118,61.32919082513375,-0.02941981141849812,1.3163693763207198,-0.002132804233044648,0.005390869595656468
259,1,35.189433333333334,Forward,0.2908192921640513,17760.0,17760.013009684935,ok,0.0006299146408540176,14543.145985603149,ok,-32.12496893447678,66.00191861039141,-0.046714046978502934,-23.692078621897963,61.32415915191364,-0.034451484638603036,1.3163693763207198,-0.0013631676314621935,0.005390869595656468
260,1,35.325266666666664,Forward,0.2943799464715814,17755.0,17756.098039467157,ok,0.0006400018684117099,14540.3997752613,ok,-36.0399391522551,65.99622571453071,-0.05240694283921966,-26.438288963747254,61.320165790887096,-0.038444845665150836,1.3163693763207198,-0.0017993253282387253,0.005390869595656468
261,1,35.459783333333334,Forward,0.29800388699225916,17750.0,17751.804768755996,ok,0.0006353012980570184,14537.886645268356,ok,-40.333209863416414,65.9899827186199,-0.05864993875002292,-28.95141895669076,61.31651136019199,-0.042099276360255865,1.3163693763207198,-0.0032317405841192845,0.005390869595656468
262,1,35.594033333333336,Forward,0.3012717738528347,17755.0,17747.951774884423,ok,0.0006306562888861127,14534.200485882347,ok,-44.18620373498925,65.98437994474355,-0.06425271262636967,-32.63757834269927,61.31115118620771,-0.04745945034453168,1.3163693763207198,-0.0017785455758143262,0.005390869595656468
263,1,35.72933333333334,Forward,0.30429575978812884,17745.0,17744.188736124,ok,0.0006388535635290763,14530.861402521125,ok,-47.949242495411454,65.97890797775753,-0.06972467961238703,-35.97666170392222,61.30629570767575,-0.05231492887649393,1.3163693763207198,-0.0008589093149738991,0.005390869595656468
264,1,35.86566666666667,Forward,0.3073605264093404,17735.0,17740.922062860467,ok,0.000624345557766659,14528.266132270632,ok,-51.2159157589449,65.97415779329486,-0.0744748640750512,-38.57193195441505,61.30252183394374,-0.05608880260850312,1.3163693763207198,-0.0006412819667199893,0.005390869595656468
265,1,36.0015,Forward,0.31022753599627595,17735.0,17737.608468602466,ok,0.0006290029576783153,14526.040374550532,ok,-54.529510016946006,65.96933937936421,-0.07929327800571302,-40.79768967451491,61.299285281375816,-0.059325355176431824,1.3163693763207198,-0.0011991972121082745,0.005390869595656468
266,1,36.1376,Forward,0.3129226962782108,17735.0,17734.448048973158,ok,0.0006276105817858321,14522.82166906838,ok,-57.68992964625431,65.9647437020474,-0.08388895532251961,-44.016395156666476,61.294604848550804,-0.06400578800143689,1.3163693763207198,0.00036630390984807026,0.005390869595656468
267,1,36.27265,Forward,0.31552123633736845,17735.0,17731.395408566535,ok,0.0006200823695051731,14521.804603525907,ok,-60.742570052876545,65.96030475028829,-0.08832790708164136,-45.03346069914005,61.29312589778114,-0.06548473877110869,1.3163693763207198,-0.002125802346991751,0.005390869595656468
268,1,36.40743333333333,Forward,0.31778783956192036,17725.0,17728.54153665978,ok,0.0006264368286276071,14518.710048764588,ok,-63.59644195963119,65.95615483479436,-0.0924778225755577,-48.12801546045921,61.28862599688496,-0.06998463966728266,1.3163693763207198,-0.0003521861047065117,0.005390869595656468
269,1,36.54246666666667,Forward,0.31984176460668917,17730.0,17726.18095531087,ok,0.0006335789357372517,14517.24926019723,ok,-65.95702330854328,65.95272223044681,-0.09591042692311591,-49.58880402781688,61.286501812861616,-0.0721088236906319,1.3163693763207198,-0.0009885796542580538,0.005390869595656468
270,1,36.677233333333334,Forward,0.3218081468858093,17720.0,17724.030412515018,ok,0.0006351042375066983,14515.363111887697,ok,-68.10756610439421,65.9495950505451,-0.0990376068248168,-51.47495233735026,61.2837590982797,-0.074851538272541,1.3163693763207198,-0.0005053340723455146,0.005390869595656468
271,1,36.813066666666664,Forward,0.3235954672424487,17720.0,17721.96737218227,ok,0.0006234103643259243,14513.142749831573,ok,-70.17060643714285,65.94659511105196,-0.10203754631796096,-53.69531439347338,61.2805303917365,-0.07808024481574657,1.3163693763207198,0.0007448968531124783,0.005390869595656468
272,1,36.94838333333333,Forward,0.325082859825113,17720.0,17720.073043976157,ok,0.0006423008061567158,14513.357541906904,ok,-72.06493464325467,65.9438405017948,-0.1047921555751248,-53.4805223181429,61.280842728446245,-0.07776790810600333,1.3163693763207198,-0.002420862883858149,0.005390869595656468
273,1,37.083666666666666,Forward,0.32653327286486544,17720.0,17718.3999188295,ok,0.0006308901931099287,14511.428581180515,ok,-73.73805978991368,65.94140755168482,-0.10722510568509559,-55.40948304453195,61.278037758823515,-0.08057287772872938,1.3163693763207198,-0.0011614368809624714,0.005390869595656468
274,1,37.21843333333333,Forward,0.3275528466971329,17720.0,17717.162630630068,ok,0.000623383588616003,14510.302530344963,ok,-74.9753479893443,65.9396083674057,-0.10902428996421623,-56.535533880083676,61.27640032870679,-0.0822103078454537,1.3163693763207198,-0.0008051582985619532,0.005390869595656468
275,1,37.35346666666667,Forward,0.3287661646941191,17710.0,17715.659023175504,ok,0.000627601718665041,14509.125346018944,ok,-76.47895544390849,65.93742191893277,-0.11121073843714711,-57.71271820610309,61.27468854358351,-0.08392209296873865,1.3163693763207198,-0.000738265256359158,0.005390869595656468
276,1,37.48905,Forward,0.32968990826243855,17715.0,17714.327189659558,ok,0.0006202182138495187,14507.988827136598,ok,-77.81078895985411,65.9354852529843,-0.11314740438562865,-58.84923708844872,61.27303589151184,-0.08557474504040714,1.3163693763207198,-0.0004994306279832855,0.005390869595656468
277,1,37.62381666666667,Forward,0.330233618694993,17715.0,17713.885377376002,ok,0.0006432672835416089,14507.464083504508,ok,-78.25260124341003,65.93484279820677,-0.11378985916315097,-59.373980720538384,61.2722728433442,-0.08633779320805221,1.3163693763207198,-0.00013743216496001076,0.005390869595656468
278,1,37.758833333333335,Forward,0.33107312495176444,17710.0,17712.79529400039,ok,0.0006329021335026414,14506.721966839255,ok,-79.3426846190232,65.93325766963831,-0.11537498773160941,-60.11609738579136,61.27119370540527,-0.08741693114698271,1.3163693763207198,-0.00030201659778447687,0.005390869595656468
279,1,37.893633333333334,Forward,0.33185420189467624,17715.0,17712.11204066721,ok,0.000631968063795877,14506.343701259819,ok,-80.0259379522031,65.93226412694044,-0.1163685304294867,-60.49436296522799,61.270643656124776,-0.0879669804274721,1.3163693763207198,-0.0005714912673582817,0.005390869595656468
280,1,38.02838333333333,Forward,0.33235784748160074,17705.0,17711.55031440904,ok,0.0006258654440876881,14505.958096430424,ok,-80.58766421037217,65.93144730103575,-0.11718535633418065,-60.879967794622644,61.270082934582845,-0.08852770196940479,1.3163693763207198,-0.0006502005056086974,0.005390869595656468
281,1,38.162933333333335,Forward,0.33277335930791774,17710.0,17711.0894170174,ok,0.0006234084479653762,14505.39528097086,ok,-81.04856160201234,65.93077709393144,-0.11785556343848205,-61.442783254186,61.269264524832096,-0.08934611172014711,1.3163693763207198,-0.0002430780767506413,0.005390869595656468
282,1,38.29783333333334,Forward,0.33297824065848064,17710.0,17710.463432023498,ok,0.000628822131841287,14505.265875574203,ok,-81.67454659591385,65.9298668271395,-0.11876583023041566,-61.5721886508436,61.26907635189437,-0.08953428465787243,1.3163693763207198,-0.0009056397760103391,0.005390869595656468
283,1,38.432066666666664,Forward,0.3334657792982256,17710.0,17710.27086754163,ok,0.0006336393322278924,14505.122536864363,ok,-81.86711107778319,65.92958681235503,-0.1190458450148901,-61.715527360684064,61.268867918035994,-0.08974271851625165,1.3163693763207198,-0.0009112786123259969,0.005390869595656468
284,1,38.567366666666665,Forward,0.3337441618880316,17710.0,17710.068260925,ok,0.000635945958777421,14504.396041982007,ok,-82.06971769441225,65.92929219494928,-0.1193404624206429,-62.4420222430399,61.2678114962809,-0.09079914027134292,1.3163693763207198,0.00018474522880233823,0.005390869595656468
285,1,38.70218333333333,Forward,0.3339899650373883,17710.0,17709.459219561224,ok,0.0006327600970977478,14504.091353270358,ok,-82.678759058188,65.92840656648572,-0.12022609088420039,-62.74671095468875,61.26736843771114,-0.09124219884110574,1.3163693763207198,-0.00011765450160292068,0.005390869595656468
286,1,38.8373,Forward,0.3341754441846378,17710.0,17709.281634315787,ok,0.0006339084048342465,14503.418802149663,ok,-82.85634430362552,65.92814833353567,-0.12048432383424548,-63.41926207538381,61.266390457476774,-0.0922201790754734,1.3163693763207198,0.0009114957795205436,0.005390869595656468
287,1,38.97266666666667,Forward,0.3342834240511795,17710.0,17709.106782331575,ok,0.0006300549117792564,14504.45102972361,ok,-83.03119628783679,65.9278940751169,-0.12073858225302837,-62.387034501436574,61.26789145588957,-0.09071918066267408,1.3163693763207198,-0.001318630983777394,0.005390869595656468
288,1,39.10851666666667,Forward,0.3342892230969652,17705.0,17709.027432337298,ok,0.0006264306949302401,14504.113558612913,ok,-83.11054628211423,65.92777868949993,-0.12085396786999132,-62.724505612133726,61.26740072728059,-0.09120990927166195,1.3163693763207198,-0.0007880364877842355,0.005390869595656468
289,1,39.24381666666667,Forward,0.3345282752749995,17710.0,17709.209540699052,ok,0.0006277130999798632,14503.834534959547,ok,-82.92843792036001,65.92804349967247,-0.12058915769745805,-63.00352926549931,61.26699498917456,-0.09161564737768217,1.3163693763207198,1.0874902320420765e-05,0.005390869595656468
290,1,39.37886666666667,Forward,0.3345965216774719,17710.0,17708.896218191254,ok,0.0006323768700070045,14504.242604461484,ok,-83.24176042815816,65.92758788639611,-0.12104477097380265,-62.59545976356276,61.267588377386794,-0.09102225916545265,1.3163693763207198,-0.0012258564448728165,0.005390869595656468
291,1,39.514716666666665,Forward,0.33467414306099313,17705.0,17708.73892711117,ok,0.000638029901280284,14503.522227308003,ok,-83.39905150824052,65.92735916390555,-0.12127349346437542,-63.31583691704327,61.266540851636385,-0.09206978491586087,1.3163693763207198,-7.564811670082716e-05,0.005390869595656468
292,1,39.65125,Forward,0.3348652513398722,17710.0,17708.50202619205,ok,0.0006305545594085363,14503.161247781136,ok,-83.63595242736119,65.9270146779486,-0.12161797942131519,-63.676816443910866,61.26601593861278,-0.09259469793945833,1.3163693763207198,0.0002708453558550178,0.005390869595656468
293,1,39.78628333333333,Forward,0.3348284795047286,17710.0,17708.63309315764,ok,0.000629428214761691,14503.302568029758,ok,-83.50488546177075,65.92720526703215,-0.1214273903377768,-63.53549619528894,61.26622143735573,-0.0923891991965147,1.3163693763207198,0.000190922187309997,0.005390869595656468
294,1,39.92111666666667,Forward,0.33501846206396213,17705.0,17708.312873088795,ok,0.0006460792434593787,14503.587826696154,ok,-83.8251055306173,65.92673962376973,-0.12189303360018951,-63.250237528893194,61.26663624201345,-0.09197439453879766,1.3163693763207198,-0.0008207572236766103,0.005390869595656468
295,1,40.05628333333333,Forward,0.33496351576866135,17710.0,17708.455468149332,ok,0.0006254932957536003,14503.435458427808,ok,-83.68251047008016,65.9269469762615,-0.12168568110841214,-63.40260579723872,61.26641467795653,-0.09219595859571687,1.3163693763207198,-0.00032174459247741316,0.005390869595656468
296,1,40.190783333333336,Forward,0.33498944705044215,17705.0,17708.371839025833,ok,0.0006393302796768402,14503.479287356073,ok,-83.76613959357928,65.92682536821228,-0.12180728915764877,-63.35877686897402,61.26647841114233,-0.09213222540991517,1.3163693763207198,-0.0005272490557587661,0.005390869595656468
297,1,40.326633333333334,Forward,0.33509104662605094,17705.0,17708.341806816847,ok,0.0006308824380629334,14503.468203876728,ok,-83.79617180256537,65.92678169732113,-0.12185096004879596,-63.36986034831898,61.26646229426527,-0.09214834228697308,1.3163693763207198,-0.0005497041835050009,0.005390869595656468
298,1,40.461666666666666,Forward,0.3348720345345295,17705.0,17708.528058156968,ok,0.0006328985241046866,14503.056028181702,ok,-83.60992046244428,65.92705253194418,-0.12158012542573464,-63.782036043345215,61.26586293509328,-0.09274770145896556,1.3163693763207198,0.0005101084989841687,0.005390869595656468
299,1,40.596983333333334,Forward,0.33474690428148723,17705.0,17708.764880950923,ok,0.0006321199802291302,14502.917085134111,ok,-83.37309766848921,65.92739690429657,-0.12123575307334537,-63.92097909093536,61.26566089312195,-0.09294974343029637,1.3163693763207198,0.0011204427151647878,0.005390869595656468
300,1,40.73258333333333,Forward,0.33420284222975377,17710.0,17709.377030857697,ok,0.0006282514283713446,14503.378508791831,ok,-82.76094776171522,65.92828705300181,-0.12034560436810454,-63.45955543321543,61.26633186548826,-0.09227877106398262,1.3163693763207198,0.0011273439450327494,0.005390869595656468
301,1,40.86815,Forward,0.33380677859380914,17710.0,17709.8167002518,ok,0.0006271646005510733,14503.101438746406,ok,-82.32127836761356,65.92892639172842,-0.1197062656414908,-63.736625478641145,61.26592896819224,-0.0926816683600003,1.3163693763207198,0.002297044333926593,0.005390869595656468
302,1,41.00265,Forward,0.3331898491282787,17710.0,17710.591191632408,ok,0.0006235264393434093,14503.339919929123,ok,-81.54678698700445,65.9300526068794,-0.11858005049052792,-63.49814429592334,61.26627575206605,-0.09233488448619515,1.3163693763207198,0.002966763813210496,0.005390869595656468
303,1,41.13848333333333,Forward,0.332264234243981,17710.0,17711.491960433417,ok,0.0006281543044415235,14502.981454180555,ok,-80.64601818599476,65.93136244646782,-0.11727021090210804,-63.85661004449139,61.26575449441587,-0.09285614213637207,1.3163693763207198,0.0049627710094961724,0.005390869595656468
304,1,41.2738,Forward,0.3313179916271971,17710.0,17712.428711454875,ok,0.0006306501820741224,14503.450896046043,ok,-79.70926716453687,65.93272460906827,-0.11590804830164614,-63.38716817900422,61.26643712634005,-0.0921735102121896,1.3163693763207198,0.005426337849665383,0.005390869595656468
305,1,41.40936666666666,Forward,0.3301693169280094,17715.0,17713.71171830101,ok,0.0006285912655929127,14503.693526590469,ok,-78.42626031840337,65.93459027443923,-0.1140423829306923,-63.14453763457823,61.266789943946634,-0.09182069260561532,1.3163693763207198,0.006827564927898072,0.005390869595656468
306,1,41.5444,Forward,0.32874530075703845,17715.0,17715.38509532755,ok,0.0006275794342367422,14503.1725373905,ok,-76.75288329186151,65.9370235908166,-0.11160906655332668,-63.66552683454756,61.26603235523075,-0.09257828132149236,1.3163693763207198,0.010258147890690364,0.005390869595656468
307,1,41.67945,Forward,0.3269610574780075,17720.0,17717.316351738693,ok,0.0006276317147484648,14503.218570324905,ok,-74.82162688071912,65.93983189867525,-0.10880075869467476,-63.619493900141606,61.26609929333939,-0.09251134321285841,1.3163693763207198,0.012978340473027719,0.005390869595656468
308,1,41.814483333333335,Forward,0.324974148613087,17715.0,17719.36020113845,ok,0.0006332529818409827,14502.6142420004,ok,-72.77777748096196,65.9428039319579,-0.10582872541202852,-64.22382222464694,61.26522051827196,-0.0933901182802822,1.3163693763207198,0.0171071663431048,0.005390869595656468
309,1,41.950066666666665,Forward,0.32256193210599626,17720.0,17722.003760832515,ok,0.0006282687625443524,14503.958930912484,ok,-70.13421778689735,65.94664802506786,-0.10198463230205888,-62.87913331256277,61.26717587770402,-0.09143475884822506,1.3163693763207198,0.018377284177014563,0.005390869595656468
310,1,42.08565,Forward,0.3196428765869439,17725.0,17725.210473789546,ok,0.0006343650022108542,14503.819081027366,ok,-66.92750482986594,65.95131101914038,-0.09732163822953935,-63.01898319768043,61.26697251706835,-0.09163811948389289,1.3163693763207198,0.023307975962676336,0.005390869595656468
311,1,42.222116666666665,Forward,0.31629419971492034,17725.0,17729.098574573727,ok,0.0006278015522209129,14504.059744685635,ok,-63.03940404568493,65.95696484321286,-0.09166781415706032,-62.778319539411314,61.2673224745566,-0.09128816199564342,1.3163693763207198,0.02850112671460965,0.005390869595656468
312,1,42.357416666666666,Forward,0.3120606940613491,17735.0,17733.733041385934,ok,0.0006325809732271154,14504.45253505164,ok,-58.40493723347754,65.9637039843721,-0.08492867299781627,-62.38552917340712,61.267893644839994,-0.0907169917122527,1.3163693763207198,0.03448839680413372,0.005390869595656468
313,1,42.49386666666667,Forward,0.30707975572699886,17735.0,17739.45478823788,ok,0.000631513182799324,14506.753753413024,ok,-52.68319038153277,65.97202417767053,-0.07660847969938803,-60.08431081202252,61.27123992737993,-0.08737070917231397,1.3163693763207198,0.03840364624246992,0.005390869595656468
314,1,42.62813333333333,Forward,0.300829397802471,17750.0,17746.298185486638,ok,0.0006307018803186454,14509.452104545753,ok,-45.8397931327745,65.98197540225297,-0.0666572551169429,-57.38595967929359,61.27516369464756,-0.08344694190468194,1.3163693763207198,0.043189743753994606,0.005390869595656468
315,1,42.76425,Forward,0.29356040941242184,17750.0,17754.679086510987,ok,0.000623228574623854,14515.20099077809,ok,-37.45889210842506,65.9941623651407,-0.05447029222922239,-51.63707344695649,61.283523352273356,-0.07508728427888887,1.3163693763207198,0.04437230934659515,0.005390869595656468
316,1,42.900816666666664,Forward,0.2857506190636375,17760.0,17763.683635738256,ok,0.0006300705441958079,14519.243190572752,ok,-28.454342881155753,66.00725619681042,-0.041376460559506195,-47.594873652295064,61.28940125713575,-0.06920937941649202,1.3163693763207198,0.04972864705852548,0.005390869595656468
317,1,43.035833333333336,Forward,0.27792157947860846,17765.0,17772.61373645476,ok,0.0006319303829558263,14525.214974990331,ok,-19.524242164650786,66.0202417702827,-0.028390887087219506,-41.623089234715735,61.29808503885076,-0.06052559770148767,1.3163693763207198,0.05128315621052661,0.005390869595656468
318,1,43.17146666666667,Forward,0.27083447764573376,17780.0,17780.605208698184,ok,0.0006238911134573848,14530.354676846604,ok,-11.532769921228464,66.0318624510861,-0.01677020628382147,-36.483387378442785,61.30555886005379,-0.053051776498449554,1.3163693763207198,0.053065527658148794,0.005390869595656468
319,1,43.3073,Forward,0.2650928809512984,17780.0,17787.365753251695,ok,0.0006153728634299873,14535.402742234846,ok,-4.772225367716601,66.04169319665093,-0.006939460718988166,-31.435321990200464,61.31289942944635,-0.045711207105903706,1.3163693763207198,0.053233372469877555,0.005390869595656468
320,1,43.44291666666667,Forward,0.26073760574853067,17790.0,17792.22585684876,ok,0.0006287517369098487,14539.200677068222,ok,0.0878782293475524,66.04876044419339,0.00012778682346750972,-27.637387156824843,61.31842214003913,-0.040188496513110065,1.3163693763207198,0.05303069291369763,0.005390869595656468
321,1,43.57848333333333,Forward,0.25806047966878176,17790.0,17795.60748689217,ok,0.000620154136378115,14542.352619664067,ok,3.4695082727594126,66.05367779135204,0.005045133982123412,-24.485444560979886,61.32300549060349,-0.03560514594875118,1.3163693763207198,0.051914657748489204,0.005390869595656468
322,1,43.714333333333336,Forward,0.25575024519637785,17795.0,17798.076612597808,ok,0.0006231347225880006,14543.777182052574,ok,5.938633978395956,66.0572682338656,0.00863557649567703,-23.060882172472702,61.325076996866315,-0.03353363968593534,1.3163693763207198,0.05277823285481548,0.005390869595656468
323,1,43.84936666666667,Forward,0.2543391137340915,17795.0,17799.857267758023,ok,0.0006283220296011436,14544.852820453278,ok,7.719289138611202,66.05985754714949,0.011224889779573704,-21.985243771769092,61.3266411204888,-0.03196951606343981,1.3163693763207198,0.05330858170127921,0.005390869595656468
324,1,43.98466666666667,Forward,0.2531735514013239,17805.0,17801.12392087012,ok,0.0006145176400644136,14545.759998256817,ok,8.985942250707012,66.06169943198071,0.013066774610796321,-21.078065968229566,61.327960279633174,-0.030650356919073446,1.3163693763207198,0.05341396583236449,0.005390869595656468
325,1,44.11945,Forward,0.2522757524863732,17800.0,17802.194586642378,ok,0.0006377623893051186,14547.115465410316,ok,10.05660802296552,66.06325632472934,0.01462366735941101,-19.7225988147311,61.32993131208508,-0.02867932446716685,1.3163693763207198,0.052376251821554996,0.005390869595656468
326,1,44.25533333333333,Forward,0.2515178798421105,17805.0,17803.066812457684,ok,0.0006243828440713458,14546.973636153993,ok,10.928833838272112,66.06452465895855,0.015892001588626935,-19.864428071054135,61.329725073176135,-0.02888556337610755,1.3163693763207198,0.053916072634706255,0.005390869595656468
327,1,44.390366666666665,Forward,0.2505867692595297,17800.0,17804.050325944616,ok,0.0006278258609973896,14548.610451040935,ok,11.912347325203882,66.06595482050443,0.017322163134502067,-18.22761318411176,61.332105223260626,-0.026505413291614266,1.3163693763207198,0.05221307749830725,0.005390869595656468
328,1,44.52486666666667,Forward,0.24991022850727135,17805.0,17804.868412642427,ok,0.0006250919544858838,14548.73058035767,ok,12.730434023014823,66.06714442913912,0.018511771769205362,-18.107483867377596,61.33227990752435,-0.02633072902789214,1.3163693763207198,0.053172737117721615,0.005390869595656468
329,1,44.660183333333336,Forward,0.2490849775250268,17810.0,17805.69042261449,ok,0.0006278626606360759,14548.754444999422,ok,13.552443995078647,66.06833974274488,0.019707085374958824,-18.083619225624716,61.332314609939104,-0.02629602661313672,1.3163693763207198,0.054322369527406655,0.005390869595656468
330,1,44.79443333333333,Forward,0.24851396103852283,17810.0,17806.475196956526,ok,0.0006307531232831224,14550.216421036086,ok,14.337218337113882,66.06948091071165,0.020848253341724198,-16.62164318896066,61.33444052070333,-0.02417011584891258,1.3163693763207198,0.0526650536673568,0.005390869595656468
331,1,44.93001666666667,Forward,0.24774454293900716,17805.0,17807.201742937123,ok,0.0006195952679390696,14550.167574682459,ok,15.063764317710593,66.07053740677048,0.021904749400564357,-16.670489542588257,61.334369491502876,-0.024241145049368532,1.3163693763207198,0.05381505039050172,0.005390869595656468
332,1,45.06505,Forward,0.24724156007379794,17810.0,17807.776509987856,ok,0.0006313372376620065,14549.738806279764,ok,15.638531368444092,66.07137319575023,0.022740538380296098,-17.09925794528317,61.33374600429119,-0.024864632261052403,1.3163693763207198,0.055471578842221696,0.005390869595656468
333,1,45.2009,Forward,0.24679877635806052,17810.0,17808.561116714696,ok,0.0006304182821886259,14550.215234558635,ok,16.42313809528423,66.07251411998183,0.023881462611912218,-16.622829666412144,61.33443879540475,-0.02417184114749639,1.3163693763207198,0.05570053406776555,0.005390869595656468
334,1,45.335683333333336,Forward,0.2462986908188094,17805.0,17809.036894655106,ok,0.0006264608567280952,14550.96600615776,ok,16.89891603569413,66.07320596541537,0.024573308045443228,-15.872058067287071,61.335530518787365,-0.023080117764878103,1.3163693763207198,0.05495526827300458,0.005390869595656468
335,1,45.469966666666664,Forward,0.2457131371949346,17815.0,17809.70781461078,ok,0.0006234171009892139,14552.17354663284,ok,17.569835991369473,66.07418157371532,0.025548916345397018,-14.66451759220763,61.33728644585445,-0.021324190697793344,1.3163693763207198,0.05361942795479534,0.005390869595656468
336,1,45.60503333333333,Forward,0.24530335465563297,17805.0,17810.060444921513,ok,0.0006297986835601064,14552.047080603099,ok,17.922466302101384,66.07469434585013,0.02606168848021754,-14.790983621947817,61.33710254715352,-0.021508089398723375,1.3163693763207198,0.05437427870786531,0.005390869595656468
337,1,45.74086666666667,Forward,0.244919294026811,17810.0,17810.748361495545,ok,0.0006365138646526477,14552.092715112678,ok,18.61038287613337,66.07569466953052,0.027062012160597292,-14.745349112368785,61.33716890589861,-0.021441730653640575,1.3163693763207198,0.05528724976836699,0.005390869595656468
338,1,45.87511666666666,Forward,0.24457719824153215,17805.0,17811.0564689646,ok,0.0006269780030967075,14551.993817437948,ok,18.91849034518964,66.07614269943565,0.02751004206572431,-14.84424678709911,61.337025095312114,-0.021585541240129857,1.3163693763207198,0.05592458752553923,0.005390869595656468
339,1,46.01018333333333,Forward,0.2443495881288537,17815.0,17811.28193538256,ok,0.000620299237683191,14552.828744459883,ok,19.143956763149617,66.07647055808236,0.0278379007124405,-14.009319765164037,61.3382391920543,-0.020371444497940063,1.3163693763207198,0.05465424640094602,0.005390869595656468
340,1,46.14521666666667,Forward,0.24400027184197282,17815.0,17811.691057239426,ok,0.0006261356329751606,14552.736460335545,ok,19.553078620014276,66.0770654765609,0.028432819190976278,-14.101603889501348,61.338104998464004,-0.020505638088242236,1.3163693763207198,0.05542581321225411,0.005390869595656468
341,1,46.28053333333333,Forward,0.24375100483025752,17810.0,17812.01498608199,ok,0.0006278960268061074,14552.56428444366,ok,19.87700746257906,66.0775365128816,0.02890385551166898,-14.27377978138611,61.337854631445175,-0.02075600510707034,1.3163693763207198,0.05622642500937284,0.005390869595656468
342,1,46.416133333333335,Forward,0.24340625971448204,17810.0,17812.227818115836,ok,0.00063399368748091,14553.15059153878,ok,20.089839496424247,66.07784599942609,0.02921334205616504,-13.68747268626612,61.338707201209246,-0.019903435342999036,1.3163693763207198,0.05541361482526845,0.005390869595656468
343,1,46.55116666666667,Forward,0.24304223827099142,17810.0,17812.63618718569,ok,0.0006333543929846727,14553.423019442651,ok,20.498208566277754,66.07843982325056,0.0298071658806367,-13.415044782395853,61.33910334820399,-0.01950728834825462,1.3163693763207198,0.05548596287733708,0.005390869595656468
344,1,46.687016666666665,Forward,0.2426438624731585,17815.0,17812.934324686048,ok,0.0006214624894577457,14553.912502435076,ok,20.796346066636033,66.07887335547362,0.030240698103693366,-12.925561789970743,61.339815122635585,-0.018795513916660227,1.3163693763207198,0.054982537035794796,0.005390869595656468
345,1,46.82261666666667,Forward,0.2424070827733544,17810.0,17813.455901350364,ok,0.0006327483004332944,14553.714211184904,ok,21.317922730951977,66.07963179844205,0.030999141072134567,-13.123853040142421,61.339526780355946,-0.01908385619630068,1.3163693763207198,0.056120544951053196,0.005390869595656468
346,1,46.95765,Forward,0.2420799202970998,17815.0,17813.917894020797,ok,0.0006208023815267931,14554.19728042824,ok,21.779915401384642,66.08030359822976,0.03167094085984282,-12.640783796807227,61.34022922832945,-0.0183814082227927,1.3163693763207198,0.055867663737977,0.005390869595656468
347,1,47.0927,Forward,0.24203820690760758,17810.0,17813.94046680787,ok,0.0006360486441817023,14554.889624873009,ok,21.802488188459392,66.0803364221132,0.031703764743283645,-11.948439352037894,61.34123599073237,-0.017374645819870957,1.3163693763207198,0.054575216424980574,0.005390869595656468
348,1,47.22721666666666,Forward,0.24161758323282823,17815.0,17814.250681811143,ok,0.0006217501976717426,14554.448818904455,ok,22.11270319173127,66.08078751665795,0.032154859288023474,-12.389245320591726,61.34059499927288,-0.01801563727936242,1.3163693763207198,0.0558700924974781,0.005390869595656468
349,1,47.363083333333336,Forward,0.241311867251604,17815.0,17814.689525642272,ok,0.0006238948200507666,14554.744177917604,ok,22.551547022860177,66.08142565490441,0.032792997534488236,-12.093886307442517,61.34102449119999,-0.01758614535225992,1.3163693763207198,0.05594286072372815,0.005390869595656468
350,1,47.49785,Forward,0.24114749534588042,17815.0,17814.936101647636,ok,0.0006321520808641812,14554.915854107832,ok,22.798123028223927,66.08178420974447,0.03315155237455135,-11.92221011721449,61.34127413158507,-0.017336504967182514,1.3163693763207198,0.05597279660578246,0.005390869595656468
351,1,47.63235,Forward,0.2407365257651719,17815.0,17815.232662106635,ok,0.0006242794981252349,14554.702887230596,ok,23.094683487222937,66.08221544873624,0.03358279136631201,-12.135176994450376,61.34096444896005,-0.017646187592194655,1.3163693763207198,0.05681169232148771,0.005390869595656468
352,1,47.7674,Forward,0.24049273013688316,17820.0,17815.564114171448,ok,0.0006178570347442839,14555.617813265166,ok,23.426135552035703,66.08269742483894,0.03406476746902407,-11.220250959881014,61.34229487507962,-0.016315761472626963,1.3163693763207198,0.05554233622294366,0.005390869595656468
353,1,47.90298333333333,Forward,0.2401913756412677,17820.0,17815.827569141707,ok,0.0006349203534678697,14555.883773763602,ok,23.689590522295475,66.0830805239754,0.03444786660547886,-10.954290461444543,61.3426816175927,-0.01592901895954538,1.3163693763207198,0.05541633935865654,0.005390869595656468
354,1,48.0383,Forward,0.23983624500069034,17815.0,17816.334547005095,ok,0.0006260995078917658,14555.639432090144,ok,24.19656838568335,66.08381773831405,0.03518508094413447,-11.198632134903164,61.34232631177323,-0.016284324779016607,1.3163693763207198,0.056621267397292604,0.005390869595656468
355,1,48.17333333333333,Forward,0.2394376937622654,17815.0,17816.81887973582,ok,0.0006166456257550509,14556.647091420726,ok,24.680901116407767,66.08452202356901,0.03588936619908473,-10.190972804321063,61.343791584639426,-0.014819051912818714,1.3163693763207198,0.055396712323226266,0.005390869595656468
356,1,48.30811666666666,Forward,0.23914860597415216,17820.0,17817.462511221467,ok,0.0006299761247853377,14557.329588759141,ok,25.324532602055115,66.08545795074511,0.03682529337519185,-9.508475465905576,61.344784028018736,-0.013826608533512344,1.3163693763207198,0.05502621742708224,0.005390869595656468
357,1,48.44343333333333,Forward,0.2386861283304067,17815.0,17817.612658511694,ok,0.0006323435550162862,14557.302963922933,ok,25.47467989228244,66.08567628519965,0.037043627829730315,-9.535100302113278,61.344745311908156,-0.013865324644084727,1.3163693763207198,0.055295516583948434,0.005390869595656468
358,1,48.57848333333333,Forward,0.238178344066524,17825.0,17818.07595787424,ok,0.0006347706976828216,14557.600340080926,ok,25.93797925482795,66.0863499850943,0.03771732772438872,-9.237724144120875,61.34517773703651,-0.013432899515734325,1.3163693763207198,0.05539998528209481,0.005390869595656468
359,1,48.71353333333333,Forward,0.23779299422421127,17820.0,17818.734336615355,ok,0.0006361332121090237,14557.24981046125,ok,26.596357995942526,66.08730735677317,0.038674699403247116,-9.588253763797184,61.34466801959042,-0.01394261696182164,1.3163693763207198,0.05702833339755896,0.005390869595656468
360,1,48.84911666666667,Forward,0.23728734734655071,17815.0,17819.170874805324,ok,0.0006314572884284323,14558.669666457174,ok,27.03289618591225,66.08794214230575,0.03930948493582614,-8.168397767873103,61.34673268212229,-0.01187795442995772,1.3163693763207198,0.05494526040075551,0.005390869595656468
361,1,48.98441666666667,Forward,0.2368636200750648,17815.0,17819.75071612625,ok,0.0006380704830512081,14558.716224402493,ok,27.61273750683904,66.0887853099602,0.04015265259027891,-8.121839822553738,61.346800383667755,-0.011810252884492963,1.3163693763207198,0.055699307814028896,0.005390869595656468
362,1,49.118916666666664,Forward,0.23656007384953504,17825.0,17820.314228574018,ok,0.0006450475165239815,14558.86400353371,ok,28.176249954605737,66.089604733226,0.0409720758560768,-7.97406069133649,61.347015274499,-0.011595362053245618,1.3163693763207198,0.05623585537032068,0.005390869595656468
363,1,49.25395,Forward,0.23595310414185888,17815.0,17820.755618414772,ok,0.0006319977012763944,14558.721125260126,ok,28.617639795360446,66.09024657371458,0.041613916344667,-8.116938964920337,61.34680751017717,-0.011803126375073185,1.3163693763207198,0.057151190449656726,0.005390869595656468
364,1,49.389783333333334,Forward,0.2355479110262454,17815.0,17821.068751495834,ok,0.0006291686332970176,14559.23913323645,ok,28.930772876421543,66.09070191153886,0.04206925416893219,-7.598930988597203,61.34756076379091,-0.011049872761332617,1.3163693763207198,0.056614968284190915,0.005390869595656468
365,1,49.52455,Forward,0.23505251232598864,17820.0,17821.74779109177,ok,0.0006317274827612104,14559.775385281242,ok,29.60981247235759,66.09168932689323,0.043056669523310234,-7.062678943804713,61.34834054674616,-0.010270089806091523,1.3163693763207198,0.05657590123611271,0.005390869595656468
366,1,49.65958333333333,Forward,0.23470899050104488,17815.0,17822.31848662301,ok,0.0006192868480454081,14560.946181744159,ok,30.180508003599243,66.0925191953333,0.0438865379633769,-5.8918824808879435,61.35004304305308,-0.00856759349916864,1.3163693763207198,0.05516465567444698,0.005390869595656468
367,1,49.7941,Forward,0.23420003924826605,17820.0,17822.68666733176,ok,0.0006192676687338272,14560.704424525458,ok,30.54868871234794,66.0930545798487,0.04442192247877193,-6.133639699588457,61.34969149538015,-0.008919141172095657,1.3163693763207198,0.05616280678079994,0.005390869595656468
368,1,49.9294,Forward,0.23362553797493868,17825.0,17823.361552900325,ok,0.0006233225561661355,14560.901343730324,ok,31.223574280913454,66.09403595468581,0.04540329731587717,-5.936720494722977,61.34997784252046,-0.008632794031781906,1.3163693763207198,0.05676724301139915,0.005390869595656468
369,1,50.0647,Forward,0.2331946572789969,17830.0,17823.881807034748,ok,0.0006393207311560701,14560.69384661612,ok,31.743828415335884,66.09479247451702,0.04615981714709442,-6.144217608927647,61.34967611367021,-0.008934522882030166,1.3163693763207198,0.05792094946103567,0.005390869595656468
370,1,50.199733333333334,Forward,0.2326549959142763,17825.0,17824.50717102289,ok,0.0006307144560029728,14561.914966540066,ok,32.369192403479246,66.09570183828264,0.047069180912717896,-4.923097684981258,61.351451787091406,-0.007158849460836659,1.3163693763207198,0.05649287111265337,0.005390869595656468
371,1,50.33505,Forward,0.23238935232181632,17825.0,17825.048175546664,ok,0.000635124997518372,14562.40847468566,ok,32.9101969272524,66.09648853198468,0.04785587461476219,-4.429589539386143,61.35216941463977,-0.006441221912476212,1.3163693763207198,0.05633490188643186,0.005390869595656468
372,1,50.469833333333334,Forward,0.2318546013890125,17815.0,17825.835287861486,ok,0.0006281115143891783,14562.256125764106,ok,33.69730924207397,66.09763309967988,0.04900044230996927,-4.581938460940364,61.3519478787157,-0.006662757836545864,1.3163693763207198,0.057771092687839136,0.005390869595656468
373,1,50.605666666666664,Forward,0.23149946229681223,17825.0,17825.899940276635,ok,0.0006260393063037073,14562.329333409389,ok,33.761961657222855,66.09772711303022,0.049094455660291844,-4.508730815658055,61.352054332527,-0.006556304025247911,1.3163693763207198,0.05772497350097646,0.005390869595656468
374,1,50.741,Forward,0.2310383057805679,17830.0,17826.46089474409,ok,0.0006310732787947676,14562.308789771538,ok,34.32291612467816,66.0985428166469,0.049910159276969436,-4.5292744535090605,61.35202445930079,-0.006586177251448958,1.3163693763207198,0.05858000131779702,0.005390869595656468
375,1,50.87656666666667,Forward,0.23072219584971082,17825.0,17826.820298583098,ok,0.0006279004811711812,14563.921221358258,ok,34.682319963685586,66.09906543840737,0.050432781037441525,-2.916842866789011,61.354369152771014,-0.004241483781229756,1.3163693763207198,0.056016140397213386,0.005390869595656468
376,1,51.011633333333336,Forward,0.23018897654340403,17830.0,17827.341959340178,ok,0.0006288147039718795,14563.319447957552,ok,35.203980720765685,66.09982400365806,0.05119134628812814,-3.518616267494508,61.353494092908136,-0.005116543644114194,1.3163693763207198,0.05792660765384848,0.005390869595656468
377,1,51.14613333333333,Forward,0.2298490311262349,17825.0,17827.69750126193,ok,0.0006189758389679077,14563.340155959977,ok,35.55952264251755,66.10034100966884,0.05170835229891743,-3.497908265069782,61.353524205142634,-0.005086431409606741,1.3163693763207198,0.05840397484127958,0.005390869595656468
378,1,51.28145,Forward,0.229567406211324,17820.0,17828.041462911537,ok,0.0006291162821406534,14564.345679938808,ok,35.90348429212463,66.10084117639869,0.05220851902876925,-2.49238428623903,61.354986372918766,-0.003624263633478556,1.3163693763207198,0.05697938868759329,0.005390869595656468
379,1,51.41623333333333,Forward,0.22914163192996245,17830.0,17828.473817584003,ok,0.0006222881624873759,14563.741603123874,ok,36.33583896459095,66.10146987853136,0.05283722116143626,-3.0964611011731904,61.354107963580255,-0.004502672971990758,1.3163693763207198,0.05876440197335189,0.005390869595656468
380,1,51.552083333333336,Forward,0.22893345903515996,17830.0,17828.836849118365,ok,0.0006277389567977193,14564.863995643416,ok,36.6988704989526,66.10199777545121,0.05336511808128816,-1.9740685816304904,61.355740074011024,-0.002870562541217141,1.3163693763207198,0.05714383870335979,0.005390869595656468
381,1,51.68728333333333,Forward,0.22866889068399227,17830.0,17829.343548149314,ok,0.0006329656349722269,14565.158741045812,ok,37.20556952990228,66.10273458432981,0.05410192695989044,-1.6793231792344159,61.35616867366515,-0.0024419628870879432,1.3163693763207198,0.05731645212256474,0.005390869595656468
382,1,51.823116666666664,Forward,0.2281908295456752,17825.0,17829.757196259234,ok,0.0006188940662341189,14565.448484643619,ok,37.61921763982173,66.10333608459207,0.05470342722215554,-1.3895795814278245,61.35659000001935,-0.002020636532897088,1.3163693763207198,0.05736333127473615,0.005390869595656468
383,1,51.959266666666664,Forward,0.2278220878902399,17835.0,17829.892704875423,ok,0.0006235659859748314,14565.196017167285,ok,37.754726256011054,66.10353313243594,0.05490047506601717,-1.6420470577613742,61.356222878184184,-0.0023877583680666265,1.3163693763207198,0.05804364705979361,0.005390869595656468
384,1,52.09458333333333,Forward,0.22758606778918383,17840.0,17830.324602752953,ok,0.0006293404099543737,14566.526469970016,ok,38.186624133541045,66.10416117032702,0.0555285129571044,-0.31159425503028615,61.35815753638902,-0.0004531001632221028,1.3163693763207198,0.05612496013637589,0.005390869595656468
385,1,52.23068333333333,Forward,0.22723959611156708,17825.0,17830.629629945684,ok,0.0006313860832354982,14566.426450764005,ok,38.491651326272404,66.10460472109403,0.05597206372411172,-0.41161346104127006,61.358012094944456,-0.0005985416077844137,1.3163693763207198,0.056759965567052886,0.005390869595656468
386,1,52.36573333333333,Forward,0.22700934165655448,17830.0,17831.10186108381,ok,0.0006266378227421498,14566.65327428646,ok,38.96388246439892,66.10529140899764,0.05665875162772178,-0.18478993858661852,61.358341927004545,-0.0002687095477009389,1.3163693763207198,0.057012472647440283,0.005390869595656468
387,1,52.50131666666667,Forward,0.22679901028300706,17825.0,17831.449372401505,ok,0.0006187222370787669,14566.386119597131,ok,39.31139378209264,66.10579673742468,0.057164080054759835,-0.45194462791550905,61.35795344797649,-0.0006571885757520336,1.3163693763207198,0.05802918297034764,0.005390869595656468
388,1,52.63635,Forward,0.2265168476354113,17830.0,17831.514634945408,ok,0.00062526775738263,14565.81680569747,ok,39.37665632599601,66.10589163798468,0.057258980614759036,-1.0212585275767196,61.35712558861549,-0.0014850479367535183,1.3163693763207198,0.059213852241069634,0.005390869595656468
389,1,52.7722,Forward,0.22630384975776688,17825.0,17831.867653648573,ok,0.0006426375803544357,14567.164555067244,ok,39.72967502916072,66.10640497489459,0.05777231752467362,0.32649084219701763,61.359085398366695,0.000474761814448767,1.3163693763207198,0.0571473556110868,0.005390869595656468
390,1,52.90725,Forward,0.22594536455112169,17835.0,17832.048588898164,ok,0.0006415842098966656,14566.78473806605,ok,39.91061027875185,66.10666807920347,0.05803542183355892,-0.05332615899715165,61.35853309310927,-7.754344297287743e-05,1.3163693763207198,0.05813749764722289,0.005390869595656468
391,1,53.04255,Forward,0.22574181521774475,17835.0,17832.402747649303,ok,0.0006303779606573925,14567.068439025885,ok,40.264769029890886,66.10718307389725,0.05855041652732193,0.2303748008380353,61.3589456326511,0.0003349960988588428,1.3163693763207198,0.05810943792159724,0.005390869595656468
392,1,53.17733333333333,Forward,0.22544650329887334,17835.0,17832.804349363185,ok,0.0006413986992794033,14567.43865525942,ok,40.66637074377286,66.10776705707143,0.05913439970150629,0.6005910343737924,61.35948397709467,0.000873340542424464,1.3163693763207198,0.0579847609563594,0.005390869595656468
393,1,53.313183333333335,Forward,0.22529496644428718,17830.0,17833.058181992263,ok,0.0006269492873489989,14568.043637411109,ok,40.920203372850665,66.10813616402321,0.05950350665328584,1.2055731860618835,61.360363702915194,0.001753066362946057,1.3163693763207198,0.057195823778445704,0.005390869595656468
394,1,53.44821666666667,Forward,0.22486615671504045,17835.0,17833.42949116063,ok,0.0006180102499813677,14568.02398372527,ok,41.29151254121825,66.10867609774175,0.06004344037182268,1.1859195002234628,61.3603351237995,0.0017244872472610172,1.3163693763207198,0.05777337816967266,0.005390869595656468
395,1,53.58273333333333,Forward,0.2246759617570227,17825.0,17833.6333028914,ok,0.0006421284062808361,14568.241751040548,ok,41.495324271989375,66.10897246754635,0.06033981017642642,1.4036868155017146,61.36065178691028,0.002041150358034432,1.3163693763207198,0.05765290235264382,0.005390869595656468
396,1,53.7183,Forward,0.22448607123036135,17840.0,17833.947259709665,ok,0.0006321716001530987,14568.549122446564,ok,41.809281090252625,66.10942900319584,0.06079634582592337,1.7110582215173054,61.36109874648025,0.0024881099280108896,1.3163693763207198,0.057521074111770286,0.005390869595656468
397,1,53.85308333333333,Forward,0.22408655505772002,17835.0,17834.357305985533,ok,0.000636550910517563,14569.311108883481,ok,42.21932736612143,66.11002526590457,0.0613926085346396,2.4730446584344463,61.362206777752874,0.003596141200624138,1.3163693763207198,0.056658758385212754,0.005390869595656468
398,1,53.98918333333334,Forward,0.2237039227921505,17830.0,17834.724744808005,ok,0.000632339533802323,14569.39155269314,ok,42.586766188593174,66.11055957161703,0.061926914247111414,2.553488468092837,61.36232375392524,0.003713117372995743,1.3163693763207198,0.05703908024661538,0.005390869595656468
399,1,54.12505,Forward,0.22355476492572895,17830.0,17834.860765221994,ok,0.0006240989031298068,14569.458795022416,ok,42.722786602582346,66.11075736368407,0.062124706314150784,2.620730797369106,61.362421533360774,0.0038108968085233666,1.3163693763207198,0.057108158459092256,0.005390869595656468
400,1,54.25983333333333,Forward,0.22328158415641763,17835.0,17835.425246232688,ok,0.0006361765725276237,14569.186042822263,ok,43.28726761327562,66.11157819537128,0.062945538001359,2.3479785972158425,61.3620249147954,0.0034142782431502046,1.3163693763207198,0.05845108667983797,0.005390869595656468
401,1,54.39463333333333,Forward,0.22299786338271171,17835.0,17835.772787933576,ok,0.0006279387160874935,14569.829026857791,ok,43.63480931416416,66.1120835679796,0.06345091060966906,2.990962632744413,61.36295990049152,0.004349263939272504,1.3163693763207198,0.05772567275047472,0.005390869595656468
402,1,54.53021666666667,Forward,0.22266897864593177,17840.0,17836.138333253366,ok,0.0006386087485592491,14569.740227600778,ok,44.000354633953975,66.11261512028324,0.06398246291330748,2.9021633757311065,61.362830774369336,0.004220137817088962,1.3163693763207198,0.058427202727038594,0.005390869595656468
403,1,54.66578333333333,Forward,0.2224198174767894,17830.0,17836.455447694512,ok,0.0006371080956879494,14569.697390360976,ok,44.317469075100234,66.11307624754319,0.06444359017327408,2.859326135929223,61.3627684832326,0.0041578466803530445,1.3163693763207198,0.05897032813182057,0.005390869595656468
404,1,54.80056666666667,Forward,0.22201180176753715,17830.0,17836.781265428075,ok,0.0006254640430659418,14570.799430785733,ok,44.643286808663106,66.11355003056671,0.06491737319678857,3.961366560686656,61.36437099896668,0.005760362414432976,1.3163693763207198,0.05733460851792012,0.005390869595656468
405,1,54.93505,Forward,0.22165526354203474,17835.0,17836.876855712937,ok,0.0006300781403054813,14571.439848885002,ok,44.738877093524934,66.11368903176128,0.06505637439136815,4.601784659955229,61.36530225344465,0.006691616892410354,1.3163693763207198,0.056247734836128736,0.005390869595656468
406,1,55.0701,Forward,0.22133267407578328,17830.0,17837.376760956977,ok,0.00063046430990824,14570.722093025213,ok,45.23878233756477,66.11441596155545,0.06578330418552632,3.8840288001665613,61.364258539409576,0.005647902857335299,1.3163693763207198,0.05834857782369584,0.005390869595656468
407,1,55.20486666666667,Forward,0.22112399287309642,17840.0,17837.93086818351,ok,0.000624052596715508,14570.857427527259,ok,45.792889564098004,66.11522170835832,0.06658905098840096,4.0193633022117865,61.36445533406794,0.0058446975156973835,1.3163693763207198,0.05889527016487913,0.005390869595656468
408,1,55.34045,Forward,0.2208169639699956,17840.0,17838.00884009416,ok,0.0006261858859896129,14572.315515803746,ok,45.87086147474838,66.11533509005542,0.0667024326855025,5.477451578699402,61.366575591503384,0.007964954951138735,1.3163693763207198,0.056217609904049365,0.005390869595656468
409,1,55.475233333333335,Forward,0.22059589783451,17830.0,17838.3195876639,ok,0.0006314945979117519,14571.691453476738,ok,46.18160904448814,66.1157869590238,0.06715430165387058,4.853389251691624,61.365668120528994,0.007057483976744469,1.3163693763207198,0.057864045873009994,0.005390869595656468
410,1,55.6108,Forward,0.220368651463122,17840.0,17838.84673514129,ok,0.0006286229794931646,14571.730799821315,ok,46.70875652187897,66.11655350270742,0.0679208453374975,4.892735596267812,61.365725335432224,0.007114698879977942,1.3163693763207198,0.05855527361015121,0.005390869595656468
411,1,55.746383333333334,Forward,0.22005777564429196,17845.0,17839.338087729582,ok,0.0006257940698737758,14572.463135530474,ok,47.20010911017016,66.1172679957841,0.06863533841418373,5.6250713054269,61.366790250538955,0.008179613986712195,1.3163693763207198,0.05786794505195116,0.005390869595656468
412,1,55.8809,Forward,0.219896722537465,17840.0,17839.383149845984,ok,0.0006375071971177136,14572.070609512903,ok,47.24517122657198,66.11733352219214,0.06870086482221976,5.232545287855828,61.36621946465392,0.007608828101673693,1.3163693763207198,0.058684836519488,0.005390869595656468
413,1,56.0162,Forward,0.2195190168714992,17835.0,17839.54197000143,ok,0.0006252398622162557,14572.737966374258,ok,47.40399138201974,66.11756446816497,0.06893181079505017,5.899902149210902,61.36718989173313,0.008579255180882787,1.3163693763207198,0.05763834200329519,0.005390869595656468
414,1,56.15125,Forward,0.2191793311383618,17835.0,17840.120348985427,ok,0.0006305598606236237,14572.47440857762,ok,47.98237036601495,66.11840550938388,0.06977285201394874,5.63634435257336,61.36680664307322,0.008196006520976266,1.3163693763207198,0.05898388002161066,0.005390869595656468
415,1,56.28628333333333,Forward,0.2188819675210342,17835.0,17840.52955411326,ok,0.0006320075625545327,14572.936748419286,ok,48.391575493846176,66.11900054894964,0.07036789157972517,6.098684194239468,61.36747894769483,0.008868311142583083,1.3163693763207198,0.058693918371944986,0.005390869595656468
416,1,56.42106666666667,Forward,0.21865668629081797,17840.0,17840.75524242734,ok,0.0006388006096888961,14573.753077310008,ok,48.6172638079297,66.11932873026332,0.07069607289339744,6.915013084961174,61.36866600024043,0.010055363688185928,1.3163693763207198,0.05745950006650211,0.005390869595656468
417,1,56.55583333333333,Forward,0.21833527522680699,17840.0,17841.011413931665,ok,0.0006294589848789258,14573.620254066851,ok,48.873435312252695,66.11970123825584,0.07106858088591583,6.782189841804211,61.36847285729192,0.009862220739679834,1.3163693763207198,0.058086255521686225,0.005390869595656468
418,1,56.69146666666666,Forward,0.21810969676494538,17840.0,17841.49998991904,ok,0.0006244475222977468,14573.72476760387,ok,49.36201129962865,66.12041169377949,0.07177903640957409,6.886703378822858,61.36862483410125,0.01001419754900023,1.3163693763207198,0.058596653427644176,0.005390869595656468
419,1,56.8265,Forward,0.21779312787686206,17835.0,17841.63153603885,ok,0.0006261811734908043,14574.244620627473,ok,49.49355741943873,66.12060297961804,0.07197032224811238,7.406556402425849,61.36938077066311,0.010770134110870166,1.3163693763207198,0.05779284752569571,0.005390869595656468
420,1,56.96208333333333,Forward,0.21762882796337824,17840.0,17841.939207669166,ok,0.0006410411108793766,14574.721055279326,ok,49.8012290497536,66.12105037575472,0.07241771838479959,7.882991054279046,61.37007357104385,0.011462934491603651,1.3163693763207198,0.05732826245728202,0.005390869595656468
421,1,57.097116666666665,Forward,0.2174376269358529,17835.0,17842.43237383,ok,0.0006256273180920812,14574.343841116042,ok,50.294395210588846,66.12176750601103,0.07313484864109505,7.5057768909955485,61.36952505066456,0.010914414112314794,1.3163693763207198,0.05876744814316116,0.005390869595656468
422,1,57.23243333333333,Forward,0.21715869987398412,17840.0,17842.380470121003,ok,0.0006291916196055458,14575.051333493295,ok,50.24249150159085,66.12169203100261,0.07305937363268536,8.213269268248041,61.37055384020877,0.01194320365652619,1.3163693763207198,0.05733770608407264,0.005390869595656468
423,1,57.36725,Forward,0.21683836180074667,17850.0,17842.842128010037,ok,0.0006267819634756096,14575.663103265291,ok,50.70414939062539,66.1223633439729,0.07373068660299026,8.82503904024452,61.37144343614666,0.01283279959441988,1.3163693763207198,0.05683798220443498,0.005390869595656468
424,1,57.50205,Forward,0.21661152230071817,17845.0,17842.890601385163,ok,0.000628012350680626,14575.142206302538,ok,50.75262276575086,66.12243383081221,0.07380117344229074,8.304142077491633,61.370685981556164,0.01207534500392273,1.3163693763207198,0.057905559070619464,0.005390869595656468
425,1,57.6379,Forward,0.2162772220562129,17835.0,17843.81119852287,ok,0.0006296580464019727,14575.05264351472,ok,51.67321990345954,66.12377250348227,0.07513984611235348,8.214579289673566,61.37055574515699,0.011945108604746986,1.3163693763207198,0.05941567094823943,0.005390869595656468
426,1,57.77268333333333,Forward,0.2159924297847723,17840.0,17843.657157709058,ok,0.0006188284944133627,14575.25088874533,ok,51.51917908964606,66.12354850731818,0.07491584994825551,8.412824520282811,61.370844020517964,0.012233383965723463,1.3163693763207198,0.05881219792700422,0.005390869595656468
427,1,57.90773333333333,Forward,0.21577370468065227,17840.0,17843.995064935374,ok,0.0006241521244722722,14576.86173696439,ok,51.85708631596208,66.12403987009822,0.07540721272830045,10.023672739343965,61.3731864115576,0.014575775005351907,1.3163693763207198,0.05622010887511422,0.005390869595656468
428,1,58.04333333333334,Forward,0.21559999266961166,17850.0,17844.339933871008,ok,0.000627814094426451,14576.87757276017,ok,52.20195525159579,66.12454135614459,0.07590869877466765,10.039508535122877,61.373209438945096,0.014598802392848123,1.3163693763207198,0.05669128237376473,0.005390869595656468
429,1,58.1781,Forward,0.21541775626639456,17840.0,17844.59710895146,ok,0.0006215128464906592,14576.17376331718,ok,52.45913033204852,66.12491532347245,0.0762826661025263,9.335699092132927,61.3721860048851,0.01357536833285556,1.3163693763207198,0.05841246695688118,0.005390869595656468
430,1,58.31315,Forward,0.215146411233434,17850.0,17845.06688336457,ok,0.0006319490929542184,14576.73015540661,ok,52.928904745156615,66.12559843896582,0.07696578159589815,9.892091181563956,61.37299507418746,0.014384437635215394,1.3163693763207198,0.05803054839730537,0.005390869595656468
431,1,58.44845,Forward,0.21479174604102672,17845.0,17845.118697203237,ok,0.0006276732519737298,14576.68002192217,ok,52.980718583825364,66.12567378329062,0.07704112592070186,9.84195769712278,61.372922173324824,0.014311536772582413,1.3163693763207198,0.05820185718518651,0.005390869595656468
432,1,58.584,Forward,0.21465237528309494,17850.0,17845.313283849136,ok,0.0006397719365974843,14577.454211259277,ok,53.17530522972447,66.12595673857493,0.0773240812049999,10.61614703423038,61.37404794926371,0.015437312711468608,1.3163693763207198,0.05700287549893604,0.005390869595656468
433,1,58.7193,Forward,0.2143464125315293,17840.0,17845.620839183997,ok,0.0006272728673937488,14577.134102545757,ok,53.48286056458528,66.1264039656023,0.0777713082323779,10.296038320710068,61.373582467926994,0.014971831374751493,1.3163693763207198,0.05806284790321729,0.005390869595656468
434,1,58.85406666666667,Forward,0.21411607608846697,17845.0,17846.087658109693,ok,0.0006271646286764056,14577.911785764674,ok,53.94967949028069,66.12708278341749,0.07845012604757542,11.073721539627513,61.37471332444228,0.016102687890037166,1.3163693763207198,0.05725304083267999,0.005390869595656468
435,1,58.98895,Forward,0.21390554994032657,17845.0,17846.534527739437,ok,0.0006304311347306675,14578.2046656946,ok,54.396549120025156,66.12773259225995,0.07909993489002837,11.366601469553643,61.37513921144729,0.016528574895049854,1.3163693763207198,0.057342225063961284,0.005390869595656468
436,1,59.12371666666667,Forward,0.21345843804616882,17850.0,17846.76213830351,ok,0.0006212087414769562,14578.117034143035,ok,54.62415968409914,66.12806356878492,0.07943091141500626,11.278969917988434,61.37501178332667,0.01640114677441989,1.3163693763207198,0.057840944064618566,0.005390869595656468
437,1,59.25906666666667,Forward,0.21350309788576433,17855.0,17846.963293659097,ok,0.0006187548554771067,14578.021979776946,ok,54.82531503968494,66.12835607586096,0.07972341849104354,11.18391555189919,61.37487356143042,0.016262924878172724,1.3163693763207198,0.0583154022120126,0.005390869595656468
438,1,59.39436666666667,Forward,0.21323169054461388,17840.0,17847.158780561807,ok,0.0006354342340832446,14578.511114734772,ok,55.02080194239534,66.12864034024035,0.08000768287042774,11.673050509725726,61.37558482977266,0.016974193220418952,1.3163693763207198,0.05766337472731745,0.005390869595656468
439,1,59.52941666666667,Forward,0.2130018014408406,17840.0,17847.432389758716,ok,0.0006212048391215521,14578.175309779133,ok,55.29441113930443,66.12903820499484,0.08040554762491921,11.337245554086621,61.375096523978335,0.016485887426090102,1.3163693763207198,0.058704030275743384,0.005390869595656468
440,1,59.66445,Forward,0.21281002439258637,17850.0,17847.712013346383,ok,0.0006373111815412489,14578.978671044646,ok,55.57403472697115,66.12944481548642,0.08081215811650297,12.14060681959927,61.37626471984413,0.017654083291879466,1.3163693763207198,0.057572863504057555,0.005390869595656468
441,1,59.799533333333336,Forward,0.21256683778289043,17845.0,17847.731502064304,ok,0.0006277961643861002,14578.903716784105,ok,55.593523444891616,66.12947315471646,0.08084049734653755,12.065652559058435,61.37615572621816,0.01754508966591565,1.3163693763207198,0.057744678605525054,0.005390869595656468
442,1,59.93483333333333,Forward,0.21245247175068535,17840.0,17848.084725996345,ok,0.0006334807527217046,14578.978876942407,ok,55.94674737693276,66.1299867900569,0.08135413268697808,12.14081271735995,61.3762650192473,0.01765438269505351,1.3163693763207198,0.05811444394936319,0.005390869595656468
443,1,60.0704,Forward,0.21220465983809128,17840.0,17848.326875771094,ok,0.0006457396077272445,14579.825988729352,ok,56.188897151681886,66.13033890855938,0.08170625118945932,12.987924504304829,61.377496834284756,0.018886197732512353,1.3163693763207198,0.05684503885924223,0.005390869595656468
444,1,60.205983333333336,Forward,0.21194311436697746,17850.0,17848.525651868367,ok,0.0006308253552639027,14578.912234495023,ok,56.38767324895525,66.13062795587224,0.08199529850231964,12.074170269976094,61.37616811212112,0.01755747556888005,1.3163693763207198,0.058883175337946736,0.005390869595656468
445,1,60.34128333333334,Forward,0.21174458907043067,17850.0,17848.83401382048,ok,0.0006385312949960573,14579.994434912654,ok,56.6960352010683,66.13107635583013,0.08244369846020823,13.156370687607705,61.37774177780318,0.019131141250939083,1.3163693763207198,0.05726004998340595,0.005390869595656468
446,1,60.47605,Forward,0.2114502241961013,17845.0,17849.072751458774,ok,0.0006336539154586775,14580.943058838366,ok,56.93477283936227,66.131423512625,0.08279085525508477,14.104994613318922,61.37912120521122,0.020510568658977678,1.3163693763207198,0.055791370781483024,0.005390869595656468
447,1,60.61165,Forward,0.21135281209522178,17850.0,17849.1637472131,ok,0.0006256809487575238,14580.426505614128,ok,57.025768593688554,66.13155583275118,0.08292317538124933,13.588441389081709,61.378370067003644,0.019759430451400533,1.3163693763207198,0.05691246624148656,0.005390869595656468
448,1,60.746966666666665,Forward,0.21119493680106805,17850.0,17849.581421573086,ok,0.0006346735794279275,14580.503977180844,ok,57.443442953674094,66.13216318772524,0.08353053035531564,13.665912955797467,61.37848272113304,0.01987208458079252,1.3163693763207198,0.0573715267695052,0.005390869595656468
449,1,60.88175,Forward,0.21108514164038622,17850.0,17849.730425242244,ok,0.0006294035181416722,14580.834255636044,ok,57.59244662283163,66.13237985920017,0.08374720183024194,13.996191410997199,61.378962990648745,0.020352354096497157,1.3163693763207198,0.05695598616157753,0.005390869595656468
450,1,61.017316666666666,Forward,0.21087708861979937,17845.0,17850.07702596786,ok,0.0006218043762399136,14580.692882332394,ok,57.939047348449094,66.13288386350324,0.08425120613332163,13.854818107347455,61.37875741475662,0.02014677820437193,1.3163693763207198,0.05773060427356068,0.005390869595656468
451,1,61.15213333333333,Forward,0.21065373350715144,17855.0,17850.13809688245,ok,0.0006187135718784382,14580.54986231805,ok,58.00011826303671,66.13297266886767,0.08434001149773722,13.711798093003381,61.37854944432456,0.019938807772320707,1.3163693763207198,0.05809317554590869,0.005390869595656468
452,1,61.2874,Forward,0.210514769946953,17855.0,17850.418449464472,ok,0.0006332902725281566,14581.312981926745,ok,58.280470845060336,66.13338033941557,0.0847476820456499,14.47491770169836,61.37965912338211,0.02104848682986326,1.3163693763207198,0.05704009856492792,0.005390869595656468
453,1,61.42245,Forward,0.2102562508583235,17855.0,17850.490156042335,ok,0.0006339941971549676,14581.019221393877,ok,58.35217742292298,66.13348461047195,0.08485195310202899,14.181157168830396,61.37923195586139,0.0206213193091471,1.3163693763207198,0.057706679864136606,0.005390869595656468
454,1,61.5575,Forward,0.21021090685375943,17850.0,17850.90853852391,ok,0.0006401097016046687,14581.436177219333,ok,58.77055990449662,66.13409299515052,0.08546033778059715,14.598112994286566,61.379838265989136,0.02122762943688753,1.3163693763207198,0.05751693645799416,0.005390869595656468
455,1,61.69338333333334,Forward,0.2099740678732489,17850.0,17850.96092792633,ok,0.0006311821617114629,14581.444099768984,ok,58.82294930691933,66.13416917642282,0.08553651905289478,14.606035543936741,61.37984978644717,0.021239149894924477,1.3163693763207198,0.05757795255213076,0.005390869595656468
456,1,61.8292,Forward,0.20980150692941574,17845.0,17851.10441919422,ok,0.000624360941582041,14581.635296197885,ok,58.966440574808075,66.13437783212122,0.08574517475129659,14.797231972837835,61.380127811897715,0.021517175345471207,1.3163693763207198,0.05742062406159509,0.005390869595656468
457,1,61.9643,Forward,0.20959877205970306,17850.0,17851.32452011065,ok,0.0006209032954222196,14581.531433187218,ok,59.18654149123904,66.13469788860348,0.08606523123356553,14.693368962171007,61.37997678104164,0.021366144489394275,1.3163693763207198,0.057939492937683204,0.005390869595656468
458,1,62.0999,Forward,0.20942231588462346,17855.0,17851.490107109043,ok,0.0006205715119456292,14582.389342922857,ok,59.35212848963056,66.1349386744806,0.08630601711067153,15.55127869781063,61.381224297756,0.02261366120375206,1.3163693763207198,0.05653808601556037,0.005390869595656468
459,1,62.23493333333333,Forward,0.20947454239406815,17855.0,17851.350820717536,ok,0.0006278525898120753,14582.302086846477,ok,59.21284209812438,66.1347361332408,0.08610347587087899,15.464022621430559,61.38109741562704,0.022486779074792115,1.3163693763207198,0.05650256852473308,0.005390869595656468
460,1,62.36976666666666,Forward,0.20927435100253658,17850.0,17851.712783836716,ok,0.0006331435094797808,14582.46958530319,ok,59.57480521730395,66.13526247654056,0.08662981917064458,15.631521078143123,61.3813409810229,0.022730344470657762,1.3163693763207198,0.0567082897962497,0.005390869595656468
461,1,62.5048,Forward,0.20931053363047092,17855.0,17851.845040828863,ok,0.000623856461119256,14582.279825196409,ok,59.70706220945067,66.13545479608356,0.08682213871364489,15.441760971361873,61.381065044178854,0.022454407626612705,1.3163693763207198,0.057263844150549505,0.005390869595656468
462,1,62.6404,Forward,0.2090602993755657,17850.0,17852.08768447206,ok,0.0006238480471771437,14582.598639556636,ok,59.94970585264673,66.13580763273752,0.08717497536760134,15.76057533158928,61.38152864335093,0.022918006798691624,1.3163693763207198,0.057006413051493635,0.005390869595656468
463,1,62.77596666666667,Forward,0.20891841164393715,17855.0,17852.28248731629,ok,0.00062881050654651,14582.054414727409,ok,60.14450869687789,66.13609090240342,0.08745824503349646,15.21635050236182,61.3807372668895,0.022126630337246544,1.3163693763207198,0.05833142645637611,0.005390869595656468
464,1,62.91101666666667,Forward,0.20888714312571516,17850.0,17852.255680727896,ok,0.0006322766834732141,14583.010814244553,ok,60.11770210848408,66.1360519220006,0.08741926463067907,16.172750019506566,61.38212800105846,0.023517364506211582,1.3163693763207198,0.0564617261829303,0.005390869595656468
465,1,63.04578333333333,Forward,0.2088077827172533,17855.0,17852.357554797814,ok,0.0006316993393216967,14583.460447599173,ok,60.21957617840235,66.13620006066799,0.08756740329807389,16.622383374126002,61.38278182873043,0.024171192178189572,1.3163693763207198,0.05574918612554222,0.005390869595656468
466,1,63.1811,Forward,0.20855271610930087,17855.0,17852.571212351886,ok,0.0006315468870703577,14583.223284742648,ok,60.43323373247404,66.13651074763048,0.08787809026056012,16.38522051760083,61.382436961881105,0.02382632532885908,1.3163693763207198,0.05651384524739532,0.005390869595656468
467,1,63.31563333333333,Forward,0.20853052993894472,17850.0,17852.63145920923,ok,0.0006356579385408441,14583.2975805858,ok,60.49348058981923,66.13659835470429,0.08796569733436214,16.459516360753696,61.38254499807919,0.02393436152694629,1.3163693763207198,0.056459236778501225,0.005390869595656468
468,1,63.4504,Forward,0.20860549479712948,17855.0,17852.277579642592,ok,0.0006337384855772424,14582.50664206005,ok,60.13960102318015,66.13608376598252,0.08745110861259785,15.668577835003816,61.38139486655613,0.022784230003882466,1.3163693763207198,0.05745864597243926,0.005390869595656468
469,1,63.584916666666665,Forward,0.20840486245008533,17855.0,17852.669198172214,ok,0.0006147201500733498,14583.099190847232,ok,60.53121955280221,66.13665323225742,0.08802057488749855,16.261126622184747,61.38225651258411,0.02364587603186409,1.3163693763207198,0.05689386780287656,0.005390869595656468
470,1,63.71995,Forward,0.20847237783344746,17855.0,17852.701155302602,ok,0.0006326277847624091,14584.112148266053,ok,60.56317668319025,66.13669970224447,0.08806704487454475,17.274084041006063,61.38372948958672,0.025118853034473997,1.3163693763207198,0.0550013559716624,0.005390869595656468
471,1,63.85525,Forward,0.20858981384828174,17855.0,17852.699634262903,ok,0.0006350023842173025,14583.390457962174,ok,60.56165564349067,66.13669749044715,0.08806483307723134,16.552393737127204,61.38268005433814,0.024069417785895567,1.3163693763207198,0.05638058859800915,0.005390869595656468
472,1,63.9903,Forward,0.20855091667352327,17855.0,17852.539711622056,ok,0.0006326890340732183,14583.258925351902,ok,60.401733002643596,66.13646494131153,0.0878322839416137,16.420861126855016,61.3824887881443,0.023878151592051377,1.3163693763207198,0.05639981642269343,0.005390869595656468
473,1,64.12586666666667,Forward,0.20852866274648127,17855.0,17852.495915864863,ok,0.0006205719510603335,14582.976287652635,ok,60.35793724545147,66.13640125636095,0.08776859899103506,16.138223427587945,61.382077794727046,0.02346715817480053,1.3163693763207198,0.056877150620453204,0.005390869595656468
474,1,64.26116666666667,Forward,0.20878470063589205,17850.0,17852.4027787197,ok,0.0006246792878416461,14584.134184570947,ok,60.264800100288994,66.13626582236307,0.08763316499315518,17.296120345899908,61.383761533352555,0.025150896800310574,1.3163693763207198,0.05452529465822357,0.005390869595656468
475,1,64.39648333333334,Forward,0.2087212349341417,17855.0,17852.13189907144,ok,0.0006271927684288567,14583.401976742422,ok,59.99392045202694,66.13587192674126,0.08723926937133393,16.563912517374774,61.382696804201544,0.024086167649302985,1.3163693763207198,0.05553297588486466,0.005390869595656468
476,1,64.53151666666666,Forward,0.2091401274656668,17850.0,17852.286245122494,ok,0.000628395910827263,14583.187323050252,ok,60.148266503081686,66.13609636676156,0.08746370939163789,16.349258825204743,61.382384668719624,0.023774032167379496,1.3163693763207198,0.05616830149483581,0.005390869595656468
477,1,64.66633333333333,Forward,0.20911920465950046,17845.0,17851.908958445983,ok,0.0006259816941619124,14582.715070402111,ok,59.77097982657142,66.13554774093824,0.0869150835683161,15.877006177064686,61.381697949537546,0.02308731298530237,1.3163693763207198,0.056523651772932365,0.005390869595656468
478,1,64.80118333333333,Forward,0.2094533797931939,17850.0,17851.418040868528,ok,0.0006258387000786313,14582.953706605362,ok,59.28006224911587,66.1348338804261,0.08620122305618283,16.115642380314966,61.38204495883216,0.02343432227991499,1.3163693763207198,0.055352998852072385,0.005390869595656468
479,1,64.93645,Forward,0.20984668725746242,17845.0,17850.975036403,ok,0.0006318616936188006,14582.917811128264,ok,58.837057783588534,66.13418969205486,0.08555703468493367,16.0797469032168,61.381992761956674,0.023382125404428526,1.3163693763207198,0.05477752084925323,0.005390869595656468
480,1,65.0715,Forward,0.21039582070190663,17850.0,17850.592255569856,ok,0.0006208994816350417,14581.620940427762,ok,58.45427695044418,66.13363307698518,0.08500041961525229,14.78287620271476,61.38010693666757,0.02149630011532516,1.3163693763207198,0.05670334843923869,0.005390869595656468
481,1,65.2063,Forward,0.21095611310669338,17855.0,17850.02117527783,ok,0.0006346266495129989,14581.558017047364,ok,57.883196658418456,66.13280264905092,0.08416999168099967,14.719952822317282,61.38001543756748,0.021404801015234842,1.3163693763207198,0.055993367118305874,0.005390869595656468
482,1,65.3411,Forward,0.21165055790614387,17850.0,17849.094429177778,ok,0.0006400452748857875,14580.58956471596,ok,56.95645055836576,66.13145503495849,0.08282237758856877,13.751500490912804,61.37860717697747,0.01999654042522639,1.3163693763207198,0.05649954414044144,0.005390869595656468
483,1,65.47613333333334,Forward,0.21242528115028986,17845.0,17848.243798414314,ok,0.0006242126624752564,14579.978089094542,ok,56.105819794902345,66.13021810285353,0.0815854454836121,13.140024869495392,61.37771800877428,0.01910737222203331,1.3163693763207198,0.056433085828566265,0.005390869595656468
484,1,65.61143333333334,Forward,0.21336597145022362,17840.0,17846.97837586961,ok,0.0006216026098235608,14580.367407843609,ok,54.84039725019829,66.12837800743362,0.07974535006370584,13.529343618562052,61.3782841308574,0.01967349430515831,1.3163693763207198,0.05384776463517536,0.005390869595656468
485,1,65.74595,Forward,0.2146632140901138,17850.0,17845.683944229448,ok,0.0006312041946781664,14579.641190140688,ok,53.54596561003564,66.12649572886792,0.07786307149800974,12.80312591564143,61.377228112158676,0.018617475606430595,1.3163693763207198,0.05335559674530648,0.005390869595656468
486,1,65.88151666666667,Forward,0.21588142037917468,17845.0,17844.194183846266,ok,0.0006323459665585062,14577.93496950287,ok,52.05620522685422,66.12432941590842,0.07569675853849861,11.09690527782368,61.374747036731236,0.0161364001789873,1.3163693763207198,0.054455295498823546,0.005390869595656468
487,1,66.01521666666666,Forward,0.21758470375939357,17840.0,17842.254673347445,ok,0.0006343257461422589,14576.537914920986,ok,50.1166947280326,66.12150910549062,0.07287644812070339,9.699850695938949,61.37271553053732,0.014104893985072935,1.3163693763207198,0.05430919762250305,0.005390869595656468
488,1,66.1508,Forward,0.2192439776438801,17840.0,17840.587080941266,ok,0.0006292445772311976,14574.105842983785,ok,48.4491023218543,66.11908420073314,0.07045154336322033,7.267778758738132,61.36917896921142,0.010568332659170192,1.3163693763207198,0.05653971389191857,0.005390869595656468
489,1,66.28585,Forward,0.22109386733580283,17835.0,17838.26601714929,ok,0.0006238299195443609,14573.882594756817,ok,46.12803852987781,66.11570906025473,0.067076402884808,7.044530531769851,61.368854336114225,0.010243699561976084,1.3163693763207198,0.05359191048119271,0.005390869595656468
490,1,66.42168333333333,Forward,0.22325471876814157,17835.0,17835.721720249217,ok,0.000631475146006853,14571.335443703765,ok,43.583741629805445,66.112009308664,0.06337665129408554,4.497379478718358,61.365150434199286,0.006539797647042492,1.3163693763207198,0.0547678619441845,0.005390869595656468
491,1,66.55671666666667,Forward,0.22555954285007085,17830.0,17832.833564766257,ok,0.0006328881989980287,14569.91900686192,ok,40.69558614684502,66.10780954021638,0.05917688284645165,3.0809426368723507,61.363090743579605,0.004480107027355535,1.3163693763207198,0.05327940715300157,0.005390869595656468
492,1,66.69228333333334,Forward,0.22817967387586371,17825.0,17829.97769809738,ok,0.0006339649339440916,14567.51209551097,ok,37.839719477968174,66.10365672406871,0.055024066698789086,0.6740312859237747,61.35959076914692,0.000980132594675668,1.3163693763207198,0.05373385016642427,0.005390869595656468
493,1,66.82733333333333,Forward,0.23118390319987342,17825.0,17826.466176712584,ok,0.0006234414655899153,14564.626281542727,ok,34.32819809317152,66.09855049734301,0.049917839973092175,-2.2117826823196083,61.355394405578174,-0.0032162309740705187,1.3163693763207198,0.054151587934532765,0.005390869595656468
494,1,66.96265,Forward,0.23423224944534543,17825.0,17823.247580330357,ok,0.0006274618973777238,14562.380097410256,ok,31.109601710944844,66.09387022316405,0.0452375657941243,-4.45796681479078,61.35212815024573,-0.0064824863065080915,1.3163693763207198,0.053770912250429966,0.005390869595656468
495,1,67.09823333333334,Forward,0.23745339753026157,17820.0,17819.25058580346,ok,0.0006342533995148304,14559.642855921105,ok,27.1126071840481,66.08805805287112,0.03942539550119404,-7.195208303941399,61.34814783114328,-0.010462805408963652,1.3163693763207198,0.053198312131956575,0.005390869595656468
496,1,67.23328333333333,Forward,0.24103635513497684,17810.0,17814.96055461672,ok,0.0006308030431957566,14557.030248544275,ok,22.822575997306558,66.08181976766669,0.033187110296765056,-9.807815680771455,61.34434874688622,-0.014261889666027082,1.3163693763207198,0.051961025101588044,0.005390869595656468
497,1,67.36805,Forward,0.2446438717920982,17810.0,17810.8719959091,ok,0.0006256511594973094,14553.803845677357,ok,18.734017289687472,66.07587445067878,0.027241793308859435,-13.034218547689306,61.33965712102335,-0.018953515528893673,1.3163693763207198,0.052191620724714276,0.005390869595656468
498,1,67.50338333333333,Forward,0.24817190171213283,17805.0,17807.10517097293,ok,0.0006162658839027305,14550.784286084803,ok,14.96719235351702,66.07039697808148,0.021764320711548463,-16.053778140243594,61.33526627323923,-0.023344363313016755,1.3163693763207198,0.052494125686508616,0.005390869595656468
499,1,67.63841666666667,Forward,0.2521389295980567,17795.0,17802.51900149684,ok,0.0006245908924942005,14547.049800426817,ok,10.381022877427313,66.06372806777702,0.015095410407093406,-19.78826379822931,61.32983582632352,-0.028774810228732392,1.3163693763207198,0.05297368940163693,0.005390869595656468
500,1,67.77346666666666,Forward,0.25574310490968966,17795.0,17798.29874459038,ok,0.0006310452921144535,14544.825357473148,ok,6.1607659709661675,66.05759124380711,0.008958586437181346,-22.012706751898804,61.32660118560368,-0.032009450948561904,1.3163693763207198,0.05109484741870845,0.005390869595656468
501,1,67.90823333333333,Forward,0.2593108582979835,17790.0,17794.1479570738,ok,0.0006252060070971314,14541.18479316666,ok,2.0099784543890564,66.05155543771986,0.0029227803499396084,-25.653271058386963,61.32130731302786,-0.03730332352438977,1.3163693763207198,0.052027733072430596,0.005390869595656468
502,1,68.04301666666667,Forward,0.26291269734233547,17790.0,17790.09369804889,ok,0.0006203609781015333,14538.679547845306,ok,-2.044280570520641,66.04565999710671,-0.002972660263215204,-28.15851637974083,61.317664347710966,-0.04094628884127764,1.3163693763207198,0.0509277804414255,0.005390869595656468
503,1,68.17911666666667,Forward,0.2663599016250175,17790.0,17786.23993039349,ok,0.0006255453708001598,14535.780894554626,ok,-5.8980482259212295,66.04005609804409,-0.008576559325835426,-31.05716967042099,61.313449314031985,-0.04516132252026447,1.3163693763207198,0.05087242263398399,0.005390869595656468
504,1,68.31443333333333,Forward,0.27007871599037614,17785.0,17782.119779023025,ok,0.0006233291182581712,14532.18332152324,ok,-10.018199596386694,66.0340648410542,-0.014567816315718697,-34.654742701806754,61.30821795658103,-0.0503926799712094,1.3163693763207198,0.051767564389111856,0.005390869595656468
505,1,68.4508,Forward,0.2735862429867192,17780.0,17777.57881028517,ok,0.0006221728223893488,14529.855479097298,ok,-14.559168334242713,66.02746165873266,-0.021170998637257465,-36.98258512774919,61.304832959052604,-0.05377767749963731,1.3163693763207198,0.0496202891529169,0.005390869595656468
506,1,68.58558333333333,Forward,0.27705450087843786,17770.0,17773.912631872026,ok,0.000631164551756681,14526.748280594744,ok,-18.22534674738563,66.02213053978365,-0.02650211758627322,-40.08978363030292,61.3003146724477,-0.05829596410454832,1.3163693763207198,0.05023690432404612,0.005390869595656468
507,1,68.72063333333334,Forward,0.28031276173989106,17760.0,17770.03794600128,ok,0.00061965692457187,14523.544828329319,ok,-22.10003261813108,66.01649622280851,-0.03213643456140005,-43.293235895727776,61.2956564198615,-0.06295421669074294,1.3163693763207198,0.05073456840055269,0.005390869595656468
508,1,68.85568333333333,Forward,0.28321386480124466,17765.0,17766.567184444186,ok,0.0006367077830253679,14522.098971496738,ok,-25.570794175226183,66.01144926638158,-0.03718339098834681,-44.739092728308606,61.293553948598756,-0.06505668795348972,1.3163693763207198,0.04845524075848014,0.005390869595656468
509,1,68.99098333333333,Forward,0.28559692178180524,17765.0,17763.498328358215,ok,0.0006286350021574885,14519.993591679528,ok,-28.639650261196948,66.0069867348329,-0.041645922537021686,-46.84447254551924,61.290492441772415,-0.06811819477982686,1.3163693763207198,0.04802278304139231,0.005390869595656468
510,1,69.12656666666666,Forward,0.28859870473605104,17760.0,17760.68535105602,ok,0.0006309107606202031,14517.268062713641,ok,-31.452627563390706,66.0028962856215,-0.045736371748417375,-49.57000151140528,61.2865291542619,-0.07208148229034114,1.3163693763207198,0.049149484138392006,0.005390869595656468
511,1,69.26161666666667,Forward,0.29093164672216726,17755.0,17757.815302895066,ok,0.0006262826512378002,14516.503619425903,ok,-34.32267572434648,65.99872284766752,-0.04990980970239365,-50.33444479914397,61.28541755039612,-0.07319308615612735,1.3163693763207198,0.04643932747193643,0.005390869595656468
512,1,69.39775,Forward,0.29303017882894694,17755.0,17755.16191269873,ok,0.0006183455802611389,14514.125468049793,ok,-36.97606592068041,65.99486445967852,-0.053768197691395486,-52.712596175253566,61.28195939685418,-0.07665123969807053,1.3163693763207198,0.04713314690416362,0.005390869595656468
513,1,69.53331666666666,Forward,0.2952936536158403,17755.0,17752.775078520106,ok,0.0006313330066725597,14513.732071374543,ok,-39.36290009930599,65.99139368016812,-0.057238977201801496,-53.10599285050375,61.28138734491519,-0.07722329163705627,1.3163693763207198,0.04441539904790332,0.005390869595656468
514,1,69.66758333333334,Forward,0.29716870022602937,17755.0,17750.40275318555,ok,0.0006248223522940227,14512.347035704888,ok,-41.73522543386207,65.98794399847807,-0.06068865889185323,-54.49102852015858,61.27937331584418,-0.07923732070806093,1.3163693763207198,0.043616923549941795,0.005390869595656468
515,1,69.80296666666666,Forward,0.2990151676633963,17745.0,17748.675232191337,ok,0.0006310999307059907,14510.553713616675,ok,-43.46274642807475,65.98543194945339,-0.06320070791654175,-56.284350608371824,61.27676558313486,-0.08184505341738268,1.3163693763207198,0.044537614005434295,0.005390869595656468
516,1,69.93826666666666,Forward,0.3007202759974487,17745.0,17746.60691633048,ok,0.0006256809657691838,14509.356604785624,ok,-45.531062288933754,65.9824243386293,-0.06620831874062125,-57.481459439422906,61.27502482508818,-0.08358581146406473,1.3163693763207198,0.043821483765590905,0.005390869595656468
517,1,70.07356666666666,Forward,0.30219412716083827,17745.0,17744.886765661216,ok,0.0006298413656182616,14508.450799718998,ok,-47.25121295819554,65.97992300705329,-0.06870965031662662,-58.38726450604918,61.27370766208883,-0.08490297446341424,1.3163693763207198,0.04305402522555199,0.005390869595656468
518,1,70.2086,Forward,0.30363096382033744,17745.0,17743.421491352925,ok,0.0006244593231609904,14508.045431833023,ok,-48.71648726648709,65.97779230015632,-0.0708403572136056,-58.792632392023734,61.27311820239137,-0.0854924341608731,1.3163693763207198,0.041699265022883125,0.005390869595656468
519,1,70.34525,Forward,0.3048479671341248,17735.0,17742.025432117724,ok,0.0006217883843544549,14507.23962669531,ok,-50.112546501688485,65.97576224133101,-0.07287041603890708,-59.598437529737566,61.27194645280508,-0.08666418374716717,1.3163693763207198,0.041211661469695626,0.005390869595656468
520,1,70.48003333333334,Forward,0.3060110328258034,17735.0,17740.360176130103,ok,0.0006357544399606877,14507.2183303026,ok,-51.77780248930867,65.97334073404191,-0.07529192332800634,-59.61973392244727,61.27191548497157,-0.08669515158067832,1.3163693763207198,0.038830919288281446,0.005390869595656468
521,1,70.6151,Forward,0.30712831413708414,17740.0,17739.263066113355,ok,0.0006268814544995223,14505.755960454127,ok,-52.87491250605672,65.9717453877875,-0.07688726958242566,-61.082103770919275,61.26978900155174,-0.0888216350005005,1.3163693763207198,0.040034810686969804,0.005390869595656468
522,1,70.75066666666666,Forward,0.30831790533514286,17740.0,17737.932121548834,ok,0.0006220061389692037,14506.413123906234,ok,-54.20585707057762,65.96981001449454,-0.0788226428753812,-60.42494031881324,61.27074460603612,-0.08786603051612417,1.3163693763207198,0.03684150891490651,0.005390869595656468
523,1,70.88625,Forward,0.309095788641118,17735.0,17736.81850870511,ok,0.0006196516636979692,14505.027239505545,ok,-55.31946991430232,65.9681906708991,-0.08044198647081702,-61.8108247195014,61.268729342795474,-0.0898812937567694,1.3163693763207198,0.03787499613468093,0.005390869595656468
524,1,71.02101666666667,Forward,0.31032492873879836,17735.0,17735.772679365615,ok,0.0006316937709323543,14505.142917954867,ok,-56.365299253797275,65.96666989368073,-0.08196276368919535,-61.695146270179976,61.268897554896384,-0.08971308165586361,1.3163693763207198,0.03613278965794364,0.005390869595656468
525,1,71.15686666666667,Forward,0.31081493600993054,17735.0,17735.02084940454,ok,0.0006319665146391941,14505.268503667492,ok,-57.117129214871966,65.96557663129678,-0.0830560260731411,-61.56956055755472,61.269080173497244,-0.08953046305500612,1.3163693763207198,0.03479913374028255,0.005390869595656468
526,1,71.29191666666667,Forward,0.31174466163942505,17730.0,17734.161617659178,ok,0.0006189143925632729,14504.387066242238,ok,-57.97636096023416,65.9643271922016,-0.08430546516832398,-62.450997982808985,61.26779844434208,-0.09081219221016643,1.3163693763207198,0.03523692365369013,0.005390869595656468
527,1,71.42698333333334,Forward,0.3123177086198235,17730.0,17733.54337517498,ok,0.0006303521169082702,14504.524544326583,ok,-58.594603444431414,65.9634281840653,-0.08520447330463697,-62.31351989846371,61.26799835605884,-0.09061228049340435,1.3163693763207198,0.034074757855463836,0.005390869595656468
528,1,71.562,Forward,0.3130449186541624,17735.0,17732.55107760195,ok,0.0006332327509030886,14504.096513432421,ok,-59.58690101746106,65.96198524927092,-0.08664740809899295,-62.741550792625276,61.26737594128425,-0.09123469526799594,1.3163693763207198,0.033451150809749794,0.005390869595656468
529,1,71.69811666666666,Forward,0.31363682493191936,17735.0,17732.062670853433,ok,0.0006254391687518189,14503.905677304616,ok,-60.07530776597923,65.96127503984344,-0.08735761752647693,-62.93238692043087,61.2670984397602,-0.09151219679204997,1.3163693763207198,0.033106235890412866,0.005390869595656468
530,1,71.83291666666666,Forward,0.31420626937514495,17730.0,17731.340533003415,ok,0.0006320458654584396,14504.232496796194,ok,-60.797445615997276,65.96022495380228,-0.08840770356763399,-62.60556742885274,61.26757367947526,-0.09103695707697941,1.3163693763207198,0.03143055884192554,0.005390869595656468
531,1,71.9685,Forward,0.31484401876111884,17725.0,17730.702537746318,ok,0.000625967886008075,14504.85280993454,ok,-61.435440873094194,65.9592972224643,-0.0893354349056121,-61.98525429050642,61.268475698622595,-0.09013493792965524,1.3163693763207198,0.02931543712155496,0.005390869595656468
532,1,72.10355,Forward,0.31516501180103784,17730.0,17730.184564854473,ok,0.0006136327535794611,14502.975726226015,ok,-61.95341376493889,65.95854401986814,-0.09008863750177885,-63.8623379990313,61.26574616519576,-0.09286447135648784,1.3163693763207198,0.032155308740114394,0.005390869595656468
533,1,72.2386,Forward,0.3156981249359623,17725.0,17729.681459291958,ok,0.0006340187738536083,14503.949433304708,ok,-62.45651932745386,65.95781243637836,-0.09082022099156856,-62.88863092033898,61.26716206689858,-0.09144856965366883,1.3163693763207198,0.029559875608853398,0.005390869595656468
534,1,72.37336666666667,Forward,0.3160813486032402,17720.0,17729.24964365921,ok,0.0006335938781548375,14503.675717631759,ok,-62.88833496020379,65.9571845180823,-0.09144813928762903,-63.16234659328802,61.26676404731353,-0.09184658923871414,1.3163693763207198,0.02945589810572244,0.005390869595656468
535,1,72.50815,Forward,0.31650980558074204,17720.0,17728.749815828014,ok,0.0006196704871883422,14503.870402222683,ok,-63.38816279139792,65.95645770085687,-0.0921749565130461,-62.967662002363795,61.267047145023135,-0.09156349152911093,1.3163693763207198,0.02835641972487718,0.005390869595656468
536,1,72.64293333333333,Forward,0.3169361249796073,17725.0,17728.22858818226,ok,0.0006281534373717115,14503.711919665293,ok,-63.90939043715116,65.9556997654086,-0.09293289196132229,-63.12614455975381,61.26681668996351,-0.0917939465887342,1.3163693763207198,0.02790184825970722,0.005390869595656468
537,1,72.77943333333333,Forward,0.3172822579273793,17725.0,17727.73551254968,ok,0.0006350141960958092,14503.659123224155,ok,-64.40246606973233,65.95498276679263,-0.09364989057730015,-63.17894100089143,61.2667399168019,-0.09187071975034038,1.3163693763207198,0.027285911482591046,0.005390869595656468
538,1,72.9142,Forward,0.3176718445658521,17725.0,17727.696525190244,ok,0.0006296251658220018,14503.198548400267,ok,-64.44145342916818,65.9549260739023,-0.09370658346761761,-63.639515824779664,61.26607017875472,-0.09254045779753085,1.3163693763207198,0.02811084124775197,0.005390869595656468
539,1,73.04955,Forward,0.3179715377403102,17725.0,17727.154964275927,ok,0.0006341215925366682,14504.04415536215,ok,-64.98301434348468,65.9541385711332,-0.09449408623671605,-62.7939088628973,61.26729980557313,-0.09131083097911147,1.3163693763207198,0.025704695390583565,0.005390869595656468
540,1,73.18405,Forward,0.3182531238386459,17725.0,17726.903560531733,ok,0.0006230276167435568,14502.965525775255,ok,-65.23441808767893,65.95377299610834,-0.09485966126157648,-63.872538449792046,61.26573133236161,-0.0928793041906304,1.3163693763207198,0.027403810468946077,0.005390869595656468
541,1,73.3196,Forward,0.31852843756133975,17725.0,17726.348074278256,ok,0.0006376751201059477,14503.381618614387,ok,-65.78990434115622,65.9529652440139,-0.09566741335602293,-63.45644561066001,61.2663363875906,-0.09227424896165017,1.3163693763207198,0.025799582200087337,0.005390869595656468
542,1,73.45545,Forward,0.31882052162516167,17725.0,17726.179496552093,ok,0.0006192026855178194,14503.00372558139,ok,-65.95848206731898,65.95272010921437,-0.09591254815554782,-63.83433864365725,61.26578688004298,-0.09282375650926172,1.3163693763207198,0.026277802308295392,0.005390869595656468
543,1,73.59131666666667,Forward,0.3190952786245929,17725.0,17725.86394047979,ok,0.0006342069330872697,14503.678039834476,ok,-66.27403813962155,65.95226124803334,-0.09637140933657995,-63.16002439057047,61.26676742411016,-0.091843212442084,1.3163693763207198,0.024528182945097537,0.005390869595656468
544,1,73.72745,Forward,0.31935516912909817,17725.0,17725.786757887723,ok,0.000626588769971494,14502.992077000705,ok,-66.35122073168895,65.95214901411215,-0.09648364325777417,-63.845987224342025,61.2657699414322,-0.09284069512004922,1.3163693763207198,0.025729004674587122,0.005390869595656468
545,1,73.86255,Forward,0.3196890391567666,17725.0,17725.35881759035,ok,0.0006204812526044191,14503.160923444831,ok,-66.77916102906238,65.95152673107754,-0.09710592629239036,-63.67714078021527,61.26601546698396,-0.09259516956828362,1.3163693763207198,0.024783519322522443,0.005390869595656468
546,1,73.99758333333334,Forward,0.3197203740628524,17730.0,17725.04895477109,ok,0.0006286918446020356,14503.177972564145,ok,-67.08902384832254,65.95107614865594,-0.09755650871397445,-63.66009166090225,61.266040258707875,-0.09257037784437083,1.3163693763207198,0.02430030183479337,0.005390869595656468
547,1,74.13265,Forward,0.31999021444387643,17730.0,17724.90530172494,ok,0.0006301131007363852,14503.2927136054,ok,-67.23267689447312,65.95086725771009,-0.0977653996598356,-63.54535061964634,61.26620710769075,-0.09240352886149637,1.3163693763207198,0.023871775997406003,0.005390869595656468
548,1,74.26821666666666,Forward,0.3201613936131155,17720.0,17724.778614743245,ok,0.0006358221459607826,14503.38431680156,ok,-67.35936387616675,65.95068303771515,-0.09794961965477077,-63.453747423487584,61.26634031111944,-0.09227032543280297,1.3163693763207198,0.023512211088117935,0.005390869595656468
549,1,74.403,Forward,0.3204344193718675,17730.0,17724.47464551623,ok,0.0006244873309927089,14503.847836866278,ok,-67.66333310318078,65.95024102537329,-0.09839163199662593,-62.99022735876861,61.26701433194489,-0.09159630460735331,1.3163693763207198,0.02218293837263842,0.005390869595656468
550,1,74.53831666666666,Forward,0.3206651095750241,17725.0,17724.322727507704,ok,0.000630794213973634,14503.633888053871,ok,-67.81525111170777,65.95002011605501,-0.09861254131490994,-63.20417617117528,61.26670322145342,-0.09190741509882631,1.3163693763207198,0.02237156537798156,0.005390869595656468
551,1,74.67336666666667,Forward,0.32072456565147145,17725.0,17724.191357980668,ok,0.0006337236128005248,14503.313271946765,ok,-67.9466206387442,65.94982908700624,-0.09880357036368632,-63.52479227828189,61.26623700229784,-0.09237363425439939,1.3163693763207198,0.022794252948255683,0.005390869595656468
552,1,74.80866666666667,Forward,0.3207879984698323,17730.0,17724.08154799741,ok,0.0006288878889074087,14503.307523625412,ok,-68.05643062200033,65.94966940844819,-0.09896324892172627,-63.53054059963506,61.26622864346163,-0.09238199309061453,1.3163693763207198,0.022645577706231018,0.005390869595656468
553,1,74.94425,Forward,0.3210675217169794,17725.0,17723.675756415996,ok,0.0006287458898520641,14502.784007906439,ok,-68.46222220341588,65.9490793326403,-0.0995533247296248,-64.05405631860776,61.26546738084563,-0.09314325570661754,1.3163693763207198,0.023057604693376657,0.005390869595656468
554,1,75.07928333333334,Forward,0.32112586770075924,17720.0,17723.609989328048,ok,0.0006217902770508855,14503.519751207936,ok,-68.52798929136407,65.94898369840506,-0.09964895896486149,-63.318313017110995,61.266537251052206,-0.09207338550003959,1.3163693763207198,0.021553626081562832,0.005390869595656468
555,1,75.21431666666666,Forward,0.321319107627525,17720.0,17723.614270304883,ok,0.0006316094582914636,14503.364084761994,ok,-68.52370831452936,65.94898992352401,-0.09964273384590874,-63.47397946305318,61.266310890999264,-0.0922997455529801,1.3163693763207198,0.021857824642228796,0.005390869595656468
556,1,75.34961666666666,Forward,0.3213951003979133,17720.0,17723.42974950623,ok,0.0006288185313920036,14502.694070009145,ok,-68.708229113181,65.94872160534216,-0.09991105202776614,-64.14399421590133,61.26533659898657,-0.09327403756567205,1.3163693763207198,0.022872034629472973,0.005390869595656468
557,1,75.48386666666667,Forward,0.32153365926420197,17720.0,17723.26426796684,ok,0.000633100229061251,14503.138080546556,ok,-68.87371065257321,65.9484809728167,-0.10015168455323283,-63.69998367849075,61.265982250322324,-0.0926283862299197,1.3163693763207198,0.021781486457841323,0.005390869595656468
558,1,75.61943333333333,Forward,0.3217332185766315,17725.0,17723.330662175624,ok,0.000634428361702293,14503.224335067307,ok,-68.8073164437883,65.94857751897038,-0.10005513839953521,-63.613729157739726,61.26610767605403,-0.09250296049821892,1.3163693763207198,0.02171292601932541,0.005390869595656468
559,1,75.75448333333334,Forward,0.3219004968737138,17725.0,17723.012431424497,ok,0.0006257011869252096,14502.80565802714,ok,-69.12554719491527,65.94811476844482,-0.10051788892509901,-64.03240619790631,61.265498863047455,-0.093111773504795,1.3163693763207198,0.022051598291524116,0.005390869595656468
560,1,75.88926666666667,Forward,0.32195327612660773,17720.0,17722.72890086336,ok,0.0006332298833394742,14503.235623581255,ok,-69.40907775605228,65.94770247668573,-0.10093018068419178,-63.60244064379185,61.26612409107911,-0.09248654547313502,1.3163693763207198,0.020816275498336853,0.005390869595656468
561,1,76.0243,Forward,0.32206968216626314,17720.0,17722.99916064987,ok,0.000628895204478866,14502.963621846415,ok,-69.13881796954229,65.94809547094478,-0.10053718642514119,-63.87444237863201,61.26572856379174,-0.09288207276050685,1.3163693763207198,0.021729929765982925,0.005390869595656468
562,1,76.16015,Forward,0.3221038667720718,17715.0,17722.541772627632,ok,0.0006296976604239738,14503.579149398422,ok,-69.59620599178015,65.94743036693794,-0.1012022904319903,-63.25891482662519,61.266623624049686,-0.09198701250256054,1.3163693763207198,0.019886595845611574,0.005390869595656468
563,1,76.29491666666667,Forward,0.3222297559297089,17720.0,17722.445035390032,ok,0.0006372862563167976,14503.228132051505,ok,-69.69294322938003,65.94728969791905,-0.10134295945087803,-63.60993217354189,61.26611319738227,-0.09249743916997868,1.3163693763207198,0.02041783686057054,0.005390869595656468
564,1,76.42996666666667,Forward,0.3222950800459258,17725.0,17722.34677095019,ok,0.0006327855319175296,14503.356892301894,ok,-69.79120766922279,65.94714680814167,-0.10148584922825006,-63.48117192315294,61.26630043219012,-0.09231020436212871,1.3163693763207198,0.020028476915963503,0.005390869595656468
565,1,76.5658,Forward,0.32240971586026884,17720.0,17722.45187798478,ok,0.000633167770875537,14502.966568626382,ok,-69.68610063463348,65.94729964797668,-0.10133300939324226,-63.871495598665206,61.26573284880811,-0.09287778774413577,1.3163693763207198,0.02092846613355394,0.005390869595656468
566,1,76.70245,Forward,0.3225454783110294,17725.0,17722.146497942114,ok,0.0006186658847051768,14503.425135184272,ok,-69.99148067729766,65.94685558411817,-0.10177707325174461,-63.41292904077454,61.26639966656509,-0.09221096998715157,1.3163693763207198,0.019606623800170725,0.005390869595656468
567,1,76.83726666666666,Forward,0.32241250972569635,17720.0,17722.104892475174,ok,0.0006273505901846658,14503.727988496916,ok,-70.03308614423804,65.94679508414568,-0.10183757322424823,-63.11007572813105,61.26684005621662,-0.09177058033562291,1.3163693763207198,0.018966408376746208,0.005390869595656468
568,1,76.97258333333333,Forward,0.32267963923525605,17720.0,17722.096702461396,ok,0.0006361398003778907,14503.837166406258,ok,-70.04127615801553,65.94678317475865,-0.10184948261127788,-63.00089781878887,61.26699881565376,-0.09161182089848764,1.3163693763207198,0.01874551292846978,0.005390869595656468
569,1,77.1082,Forward,0.32280989715858865,17720.0,17721.95775373807,ok,0.000639667167668329,14503.507491753251,ok,-70.18022488134375,65.94658112453402,-0.10205153283589899,-63.330572471795676,61.26651942414806,-0.09209121240419128,1.3163693763207198,0.01917451900122523,0.005390869595656468
570,1,77.2435,Forward,0.3228392476528281,17725.0,17721.914621228716,ok,0.000628729561938756,14503.653963275261,ok,-70.22335739069604,65.94651840403546,-0.10211425333447109,-63.184100949785716,61.266732413538776,-0.09187822301347337,1.3163693763207198,0.018831425791230857,0.005390869595656468
571,1,77.37963333333333,Forward,0.32274253898515626,17725.0,17721.882019984627,ok,0.0006358788508883976,14503.67681912969,ok,-70.2559586347852,65.94647099742002,-0.1021616599498999,-63.16124509535621,61.26676564904041,-0.09184498751183813,1.3163693763207198,0.01874026897924276,0.005390869595656468
572,1,77.51495,Forward,0.3228959215183195,17720.0,17721.64852381836,ok,0.0006374712210651207,14503.019337154017,ok,-70.48945480105249,65.94613146243393,-0.10250119493598993,-63.81872707102957,61.26580958137971,-0.09280105517253437,1.3163693763207198,0.019659272183383855,0.005390869595656468
573,1,77.65053333333333,Forward,0.32302586287600576,17725.0,17721.689537429666,ok,0.0006337997107712517,14503.723222022863,ok,-70.44844118974652,65.94619110176835,-0.10244155560157647,-63.114842202183354,61.26683312511909,-0.09177751143315191,1.3163693763207198,0.018371549883949442,0.005390869595656468
574,1,77.78851666666667,Forward,0.32305540094999835,17715.0,17721.38824625635,ok,0.0006300545807309092,14503.869562502832,ok,-70.74973236306323,65.94575298367855,-0.10287967369137858,-62.96850172221457,61.26704592395697,-0.09156471259527407,1.3163693763207198,0.0176533099206483,0.005390869595656468
575,1,77.92493333333333,Forward,0.3232952072928988,17720.0,17721.51686250241,ok,0.0006293318519215986,14503.465615263578,ok,-70.62111611700311,65.94594000908464,-0.10269264828528696,-63.37244896146876,61.266458530071866,-0.09215210648038084,1.3163693763207198,0.018613562648932533,0.005390869595656468
576,1,78.05971666666667,Forward,0.3232720356608685,17725.0,17721.47755197278,ok,0.0006239967765582291,14503.234929899594,ok,-70.6604266466311,65.94588284626118,-0.10274981110874484,-63.60313432545263,61.26612308237222,-0.09248755418003077,1.3163693763207198,0.018997972904651036,0.005390869595656468
577,1,78.19541666666667,Forward,0.3231206497396033,17725.0,17721.60305460206,ok,0.000634630021475941,14503.159274390788,ok,-70.53492401735275,65.94606534404761,-0.10256731332230365,-63.67878983425908,61.26601306903649,-0.09259756751575648,1.3163693763207198,0.019325288877228466,0.005390869595656468
578,1,78.33045,Forward,0.32323151494638647,17715.0,17721.529512061417,ok,0.0006231203156998341,14503.184197683759,ok,-70.60846655799469,65.9459584032532,-0.10267425411672039,-63.65386654128815,61.26604931087321,-0.09256132567903821,1.3163693763207198,0.019170640438814168,0.005390869595656468
579,1,78.46661666666667,Forward,0.3233740341603885,17725.0,17721.44527542284,ok,0.0006184559140106651,14503.668652994544,ok,-70.69270319657153,65.94583591179493,-0.10279674557499434,-63.1694112305031,61.266753774376134,-0.09185686217611136,1.3163693763207198,0.018120814798551696,0.005390869595656468
580,1,78.60378333333334,Forward,0.323353793426988,17720.0,17721.130175537706,ok,0.0006290178953788227,14503.325708607796,ok,-71.00780308170579,65.9453777139717,-0.10325494339822354,-63.51235561725116,61.26625508688397,-0.09235554966826857,1.3163693763207198,0.018319073918352427,0.005390869595656468
581,1,78.7399,Forward,0.323443010096239,17715.0,17721.406184304207,ok,0.000631513283793344,14503.637630518464,ok,-70.73179431520475,65.9457790680247,-0.10285358934520931,-63.20043370658277,61.26670866350278,-0.09190197304946134,1.3163693763207198,0.0181233536005537,0.005390869595656468
582,1,78.87521666666666,Forward,0.3236251281304577,17720.0,17721.322156445523,ok,0.0006334042391626189,14503.167400950848,ok,-70.81582217388859,65.94565688016063,-0.10297577720929928,-63.67066327419889,61.26602488615323,-0.09258575039900846,1.3163693763207198,0.01890126929962932,0.005390869595656468
583,1,79.00971666666666,Forward,0.32359104777919345,17720.0,17721.27708564976,ok,0.0006345022034794685,14504.246324145272,ok,-70.86089296965292,65.94559134113162,-0.10304131623830154,-62.59174007977526,61.26759378630979,-0.09101685024245731,1.3163693763207198,0.016770478150038348,0.005390869595656468
584,1,79.14503333333333,Forward,0.32356686300703263,17725.0,17721.172018018777,ok,0.0006288875400863708,14503.370029290689,ok,-70.9659606006353,65.94543855859479,-0.1031940987751389,-63.468034934358,61.266319535147474,-0.09229110140476945,1.3163693763207198,0.01829508082100978,0.005390869595656468
585,1,79.28035,Forward,0.3237346673019527,17720.0,17721.120446453235,ok,0.0006323880791360889,14502.167536759216,ok,-71.01753216617726,65.94536356656785,-0.1032690908020696,-64.67052746583067,61.264570948472695,-0.09403968807954838,1.3163693763207198,0.02052187474460053,0.005390869595656468
586,1,79.41595,Forward,0.32379193747450374,17715.0,17720.80706324104,ok,0.0006420384647617848,14503.68135495484,ok,-71.33091537837026,65.9449078650191,-0.10372479235080936,-63.15670927020619,61.26677224474326,-0.09183839180898855,1.3163693763207198,0.01716845419708679,0.005390869595656468
587,1,79.55125,Forward,0.32384970239093697,17725.0,17721.18436456692,ok,0.0006215318673635246,14503.026756408291,ok,-70.9536140524906,65.9454565121446,-0.10317614522532441,-63.81130781675529,61.26582036997824,-0.09279026657400152,1.3163693763207198,0.018970120113327313,0.005390869595656468
588,1,79.68633333333334,Forward,0.32387737057379246,17720.0,17720.720172731253,ok,0.0006273340820842225,14503.093878534117,ok,-71.41780588815891,65.94478151447339,-0.10385114289653384,-63.74418569092995,61.26591797462171,-0.09269266193053877,1.3163693763207198,0.0181666386784768,0.005390869595656468
589,1,79.82243333333334,Forward,0.32391216287077784,17725.0,17720.701619905853,ok,0.0006251685072905346,14503.308006972555,ok,-71.43635871355946,65.94475453615757,-0.10387812121234523,-63.53005725249204,61.26622934631371,-0.0923812902385373,1.3163693763207198,0.017729780202661527,0.005390869595656468
590,1,79.95898333333334,Forward,0.32391960413023313,17725.0,17720.551207233133,ok,0.0006359398375845753,14502.970790833706,ok,-71.586771386279,65.94453581580103,-0.1040968415688976,-63.86727339134086,61.26573898846825,-0.09287164808399462,1.3163693763207198,0.018156551897307763,0.005390869595656468
591,1,80.09455,Forward,0.3240765102497453,17725.0,17720.460338606605,ok,0.0006289226799105763,14503.428033826372,ok,-71.67764001280739,65.94440368053586,-0.10422897683406088,-63.41003039867428,61.266403881582505,-0.09220675496974497,1.3163693763207198,0.017149171698019744,0.005390869595656468
592,1,80.2296,Forward,0.3241919146795248,17715.0,17720.541062517597,ok,0.0006360247420711558,14503.745473089051,ok,-71.59691610181471,65.94452106401343,-0.10411159335648953,-63.09259113599546,61.26686548117688,-0.09174515537536573,1.3163693763207198,0.016658919605428188,0.005390869595656468
593,1,80.3657,Forward,0.3241527129491929,17715.0,17720.564106577578,ok,0.0006240308665996527,14502.727249114903,ok,-71.57387204183397,65.94455457319138,-0.10407808417854413,-64.11081511014345,61.26538484589098,-0.0932257906612707,1.3163693763207198,0.01864149173123876,0.005390869595656468
594,1,80.50135,Forward,0.3242363304571951,17715.0,17720.38352491701,ok,0.000625764006025818,14503.01539487592,ok,-71.7544537024005,65.94429198304873,-0.10434067432119506,-63.822669349126954,61.2658038487745,-0.09280678777774308,1.3163693763207198,0.017827339024121994,0.005390869595656468
595,1,80.63691666666666,Forward,0.32416107597139,17720.0,17720.33027883264,ok,0.000635423032564467,14503.163172028215,ok,-71.80769978677199,65.94421455604508,-0.104418101324839,-63.674892196831934,61.26601873672813,-0.09259189982411613,1.3163693763207198,0.01746704009898331,0.005390869595656468
596,1,80.7717,Forward,0.324384525854254,17720.0,17720.336495879597,ok,0.000633774691172435,14503.862915147709,ok,-71.80148273981467,65.94422359647169,-0.1044090608982405,-62.975149077337846,61.267036257804136,-0.09157437874810817,1.3163693763207198,0.016136646941364033,0.005390869595656468
597,1,80.90806666666667,Forward,0.3243071694668651,17715.0,17720.145555726398,ok,0.0006364111194943367,14503.033472821578,ok,-71.99242289301401,65.94394594368065,-0.10468671368927755,-63.804591403468294,61.26583013655098,-0.09278050000126317,1.3163693763207198,0.017446695232109788,0.005390869595656468
598,1,81.04358333333333,Forward,0.324571894022049,17720.0,17720.059120762096,ok,0.0006336626654220788,14503.877084637841,ok,-72.0788578573156,65.94382025555963,-0.10481240181029038,-62.96097958720566,61.267056862158,-0.09155377439424726,1.3163693763207198,0.015706183088872783,0.005390869595656468
599,1,81.17891666666667,Forward,0.3243708307908064,17720.0,17720.04494161674,ok,0.0006274123233141713,14503.10143267124,ok,-72.09303700267265,65.94379963716577,-0.10483302020415326,-63.736631553807456,61.265928959358135,-0.09268167719411327,1.3163693763207198,0.01717030140021991,0.005390869595656468
600,1,81.31423333333333,Forward,0.32445748071677477,17720.0,17720.024564750584,ok,0.0006411998703955635,14503.416344010053,ok,-72.1134138688285,65.94377000644815,-0.10486265092176798,-63.42172021499391,61.26638688300953,-0.09222375354271913,1.3163693763207198,0.016537874011216966,0.005390869595656468
601,1,81.44956666666667,Forward,0.32440619240080615,17720.0,17719.94987317348,ok,0.0006314134591427647,14502.966979786386,ok,-72.18810544593362,65.9436613947994,-0.10497126257051084,-63.871084438660546,61.265733446690334,-0.09287718986191484,1.3163693763207198,0.01728942592243908,0.005390869595656468
602,1,81.58513333333333,Forward,0.32467440716695306,17715.0,17719.936329177584,ok,0.0006299974749500638,14503.39976211073,ok,-72.20164944182761,65.94364169999872,-0.10499095737120495,-63.438302114316684,61.26636277068663,-0.09224786586561465,1.3163693763207198,0.016441308285231618,0.005390869595656468
603,1,81.72071666666666,Forward,0.3246325855796375,17720.0,17719.90915655471,ok,0.0006374554977906902,14502.976357770258,ok,-72.2288220647024,65.94360218733229,-0.10503047003763245,-63.86170645478887,61.265747083546444,-0.09286355300579716,1.3163693763207198,0.01721226731553485,0.005390869595656468
604,1,81.85616666666667,Forward,0.3246170382175807,17720.0,17719.986136948322,ok,0.0006255844715528895,14503.110633001077,ok,-72.15184167108964,65.9437141272296,-0.10491853014032128,-63.72743122396969,61.26594233788127,-0.09266829867097334,1.3163693763207198,0.017067180385890085,0.005390869595656468
605,1,81.99146666666667,Forward,0.3247513252999386,17720.0,17719.81466709645,ok,0.0006284249103869315,14503.220300647698,ok,-72.3233115229632,65.94346478688838,-0.1051678704815417,-63.61776357734925,61.266101809462604,-0.09250882708964052,1.3163693763207198,0.0166079165386097,0.005390869595656468
606,1,82.12785,Forward,0.32473023104030035,17720.0,17719.91031846244,ok,0.0006314342497596809,14503.566493013692,ok,-72.22766015697198,65.94360387690318,-0.10502878046674402,-63.27157121135497,61.26660521995559,-0.09200541659664857,1.3163693763207198,0.016084332396714265,0.005390869595656468
607,1,82.26315,Forward,0.32472557608365304,17715.0,17719.50958702336,ok,0.0006249285516197107,14502.72552856119,ok,-72.6283915960521,65.94302115922619,-0.10561149814373644,-64.11253566385676,61.265382343973315,-0.09322829257892723,1.3163693763207198,0.01711137121383159,0.005390869595656468
608,1,82.39818333333334,Forward,0.3248707401051939,17725.0,17719.791858187415,ok,0.0006272959726395638,14502.265710522854,ok,-72.3461204319974,65.94343161965169,-0.10520103771822685,-64.57235370219314,61.26471370639461,-0.09389693015763494,1.3163693763207198,0.018402005671809232,0.005390869595656468
609,1,82.5335,Forward,0.3248701141273356,17720.0,17719.64313137538,ok,0.000628124937002247,14502.925951360681,ok,-72.49484724403374,65.94321535076445,-0.10541730660547773,-63.912112864365554,61.265673785813775,-0.09293685073846689,1.3163693763207198,0.01692191763832976,0.005390869595656468
610,1,82.66963333333334,Forward,0.3248690459371814,17715.0,17719.571581499345,ok,0.0006227748790309991,14502.391662163776,ok,-72.56639712006654,65.9431113075737,-0.10552134979621573,-64.44640206127042,61.264896857104674,-0.09371377944757248,1.3163693763207198,0.017840599607842733,0.005390869595656468
611,1,82.8052,Forward,0.3248383960387907,17715.0,17719.46859930915,ok,0.0006232161298564857,14503.010045473027,ok,-72.66937931026041,65.94296155754965,-0.10567109982026954,-63.82801875201949,61.26579607001965,-0.09281456653259693,1.3163693763207198,0.01650715323972303,0.005390869595656468
612,1,82.9406,Forward,0.324950372124949,17720.0,17719.43098196919,ok,0.0006373150865930633,14503.017078439221,ok,-72.70699665022039,65.94290685685283,-0.1057258005170914,-63.82098578582554,61.2658062969031,-0.09280433964914522,1.3163693763207198,0.016438990186710148,0.005390869595656468
613,1,83.07561666666666,Forward,0.32490441603046716,17720.0,17719.365309683617,ok,0.0006229980426778892,14502.362276518039,ok,-72.77266893579508,65.94281136047306,-0.10582129689686313,-64.47578770700784,61.26485412640388,-0.09375651014836386,1.3163693763207198,0.017596901893145847,0.005390869595656468
614,1,83.21175,Forward,0.3250378742911442,17725.0,17719.494408522693,ok,0.0006398972568256484,14503.343203342592,ok,-72.64357009671949,65.94299908763463,-0.1056335697352977,-63.494860882454304,61.266280526593036,-0.092330109959211,1.3163693763207198,0.01590695952733237,0.005390869595656468
615,1,83.34651666666667,Forward,0.325057006848715,17725.0,17719.495244324964,ok,0.0006300335284047259,14503.449846450483,ok,-72.64273429444802,65.9430003030041,-0.10563235436582438,-63.3882177745636,61.26643560008624,-0.09217503646600075,1.3163693763207198,0.015704040899264637,0.005390869595656468
616,1,83.48158333333333,Forward,0.32498530783891294,17720.0,17719.53749876496,ok,0.0006266216285406205,14502.467167997112,ok,-72.60047985445271,65.94306174667113,-0.10557091069878093,-64.37089622793428,61.26500665279204,-0.09360398376021137,1.3163693763207198,0.017646507024783292,0.005390869595656468
617,1,83.61633333333333,Forward,0.3250958419101338,17720.0,17719.599329870427,ok,0.0006273672054329813,14502.486546133481,ok,-72.538648748985,65.94315165745584,-0.10548099991407503,-64.3515180915656,61.26503483122154,-0.09357580533069976,1.3163693763207198,0.017699324587807305,0.005390869595656468
618,1,83.75173333333333,Forward,0.3249983616482546,17720.0,17719.61933286443,ok,0.0006383324583706985,14502.958597786772,ok,-72.51864575498257,65.94318074451282,-0.10545191285710553,-63.8794664382749,61.26572125812994,-0.09288937842230093,1.3163693763207198,0.016824820283478065,0.005390869595656468
619,1,83.8873,Forward,0.3251241927088994,17715.0,17719.372217364835,ok,0.0006300624323959982,14502.640361915604,ok,-72.76576125457723,65.94282140517522,-0.10581125219470074,-64.19770230944232,61.26525850015915,-0.09335213639309557,1.3163693763207198,0.01707464136728526,0.005390869595656468
620,1,84.02268333333333,Forward,0.32523990371582207,17720.0,17719.266645515236,ok,0.0006311552462868052,14503.427861453658,ok,-72.8713331041763,65.94266788943636,-0.1059647679335591,-63.41020277138887,61.266403630929275,-0.0922070056229706,1.3163693763207198,0.015413710550751802,0.005390869595656468
621,1,84.15803333333334,Forward,0.3251096252577248,17720.0,17719.22712971802,ok,0.0006314431005990115,14502.686409597629,ok,-72.91084890139246,65.94261042812609,-0.10602222924383503,-64.15165462741788,61.26532545971281,-0.09328517683943101,1.3163693763207198,0.01677552081225482,0.005390869595656468
622,1,84.29333333333334,Forward,0.3251679317332117,17715.0,17719.236977204157,ok,0.000628169309486686,14503.324494346012,ok,-72.90100141525545,65.94262474770196,-0.10600790966796361,-63.51356987903455,61.266253321183214,-0.09235731536902642,1.3163693763207198,0.015568431963017729,0.005390869595656468
623,1,84.42945,Forward,0.32517600194442503,17720.0,17719.09080222398,ok,0.000638860025178183,14503.431550919597,ok,-73.04717639543378,65.94241218952314,-0.10622046784677648,-63.40651330545006,61.26640899591143,-0.09220164064081163,1.3163693763207198,0.01515094833931585,0.005390869595656468
624,1,84.56448333333333,Forward,0.32515394156198474,17720.0,17719.140968493903,ok,0.0006244950974289218,14503.437182833752,ok,-72.9970101255094,65.9424851380603,-0.10614751930961949,-63.400881391295115,61.266417185475845,-0.09219345107639682,1.3163693763207198,0.01521311638467178,0.005390869595656468
625,1,84.6998,Forward,0.32530412573309647,17715.0,17719.07887306269,ok,0.0006234601118651089,14503.411075027072,ok,-73.05910555672381,65.94239484291023,-0.10623781445968848,-63.42698919797476,61.26637922119609,-0.09223141535615148,1.3163693763207198,0.015172796249865908,0.005390869595656468
626,1,84.8351,Forward,0.3253979684602898,17720.0,17719.13374433111,ok,0.000624620021009206,14502.95209159561,ok,-73.00423428830254,65.94247463315115,-0.10615802421876937,-63.885972629435855,61.26571179724859,-0.09289883930365349,1.3163693763207198,0.01613116293629975,0.005390869595656468
627,1,84.97146666666667,Forward,0.3252763834097792,17720.0,17719.198897929542,ok,0.0006286470293486331,14503.359627372147,ok,-72.93908068987002,65.94256937528971,-0.10606328208021032,-63.478436852899904,61.266304409351946,-0.09230622720029703,1.3163693763207198,0.015445808649963352,0.005390869595656468
628,1,85.1068,Forward,0.3253491458480862,17715.0,17719.161849270266,ok,0.000631301575121252,14502.950217141068,ok,-72.9761293491465,65.94251550153146,-0.10611715583845308,-63.88784708397907,61.265709071538325,-0.0929015650139186,1.3163693763207198,0.016175619358137744,0.005390869595656468
629,1,85.24263333333333,Forward,0.32547422933954084,17715.0,17718.924814949947,ok,0.0006360986640977048,14503.266905931667,ok,-73.21316366946485,65.94217082159116,-0.10646183577876533,-63.571158293379995,61.26616957984486,-0.09244105670738033,1.3163693763207198,0.015224740385557198,0.005390869595656468
630,1,85.3782,Forward,0.32543820622076747,17720.0,17718.953535406963,ok,0.0006340020530188464,14503.510347248817,ok,-73.18444321244897,65.94221258501764,-0.10642007235228482,-63.32771697622957,61.26652357642457,-0.0920870601276772,1.3163693763207198,0.014800513555194239,0.005390869595656468
631,1,85.5143,Forward,0.3254078417655914,17715.0,17719.126407912925,ok,0.000622913825815334,14503.469361742187,ok,-73.01157070648696,65.94246396500749,-0.10616869236243108,-63.36870248285959,61.26646397795815,-0.09214665859409309,1.3163693763207198,0.01513034714111354,0.005390869595656468
632,1,85.65068333333333,Forward,0.325491921428797,17715.0,17719.233951949325,ok,0.0006283914408413785,14503.274025300141,ok,-72.90402667008675,65.94262034857252,-0.10601230879739466,-63.56403892490562,61.266179932368914,-0.09243070418333438,1.3163693763207198,0.015660639621306163,0.005390869595656468
633,1,85.78575,Forward,0.32557653638662565,17715.0,17719.02266321505,ok,0.0006190787951547786,14502.355929871477,ok,-73.11531540436044,65.9423131061942,-0.10631955117571482,-64.48213435356956,61.26484489752194,-0.09376573903030441,1.3163693763207198,0.017110796231858377,0.005390869595656468
634,1,85.92078333333333,Forward,0.32542364608134267,17720.0,17719.01944818207,ok,0.0006241178632579905,14503.384311926398,ok,-73.118530437343,65.9423084311017,-0.10632422626822902,-63.453752298648396,61.2663403040303,-0.09227033252194575,1.3163693763207198,0.015137613806590136,0.005390869595656468
635,1,86.05583333333334,Forward,0.3255137071895101,17715.0,17718.911967637046,ok,0.0006362454505084103,14504.071231688653,ok,-73.22601098236555,65.9421521398617,-0.10648051750822055,-62.76683253639385,61.26733917821162,-0.09127145834062372,1.3163693763207198,0.013666435183508865,0.005390869595656468
636,1,86.1914,Forward,0.3256576961967663,17720.0,17719.060362028187,ok,0.0006278044447279639,14502.932804541899,ok,-73.0776165912248,65.94236792536404,-0.10626473200588327,-63.90525968314796,61.26568375126557,-0.09292688528667131,1.3163693763207198,0.016061374022359326,0.005390869595656468
637,1,86.3267,Forward,0.32565233398784954,17715.0,17718.852520086264,ok,0.000630604341876405,14502.974601273956,ok,-73.2854585331479,65.94206569508768,-0.10656696228224252,-63.863462951090696,61.26574452936341,-0.09286610718883553,1.3163693763207198,0.01567913731925802,0.005390869595656468
638,1,86.4628,Forward,0.32571486971879793,17720.0,17718.69101126644,ok,0.0006376905287007511,14503.203601483407,ok,-73.44696735297111,65.94183083943344,-0.10680181793648619,-63.634462741640164,61.26607752662059,-0.09253310993164975,1.3163693763207198,0.015005934273256194,0.005390869595656468
639,1,86.59826666666666,Forward,0.32568819414374406,17720.0,17718.845848112556,ok,0.0006348883917143579,14502.906790294312,ok,-73.29213050685576,65.9420559931361,-0.10657666423382615,-63.93127393073519,61.26564592303339,-0.09296471351885977,1.3163693763207198,0.015799237720829667,0.005390869595656468
640,1,86.73403333333333,Forward,0.3258247871259951,17715.0,17718.745313342366,ok,0.000626118976992022,14502.610541969183,ok,-73.39266527704604,65.94190980199153,-0.106722855378391,-64.22752225586373,61.26521513792646,-0.09339549862578342,1.3163693763207198,0.016220118898794156,0.005390869595656468
641,1,86.87028333333333,Forward,0.32557369116114804,17710.0,17718.89249710783,ok,0.0006377289170828369,14502.85520734458,ok,-73.2454815115816,65.94212382708051,-0.10650883028942043,-63.98285688046599,61.265570914452304,-0.09303972209993977,1.3163693763207198,0.01596581066433038,0.005390869595656468
642,1,87.00503333333333,Forward,0.32570076404043335,17720.0,17718.828072035732,ok,0.0006372210364333686,14503.282239982243,ok,-73.30990658367955,65.9420301443177,-0.10660251305221828,-63.55582424280328,61.26619187762702,-0.09241875892522614,1.3163693763207198,0.015054710994516607,0.005390869595656468
643,1,87.14033333333333,Forward,0.32566552488641287,17720.0,17718.871506128628,ok,0.0006263292054200715,14503.39126703298,ok,-73.26647249078451,65.94209330335951,-0.1065393540104117,-63.446797192067606,61.26635041769535,-0.09226021885689542,1.3163693763207198,0.014909172745452837,0.005390869595656468
644,1,87.2762,Forward,0.32565296461288273,17710.0,17718.59877302036,ok,0.0006203088643605,14502.481520148453,ok,-73.53920559905237,65.94169671255632,-0.10693594481360295,-64.35654407659422,61.26502752275998,-0.09358311379226494,1.3163693763207198,0.016254000323271803,0.005390869595656468
645,1,87.41125,Forward,0.3256226212234379,17715.0,17718.905827159582,ok,0.0006264859818018283,14503.329762804586,ok,-73.23215145982977,65.94214321077749,-0.10648944659242664,-63.508301420461066,61.26626098223409,-0.09234965431815326,1.3163693763207198,0.01507681026579484,0.005390869595656468
646,1,87.54683333333334,Forward,0.3258020246572485,17715.0,17719.02019560477,ok,0.0006404663966596431,14503.407183370371,ok,-73.11778301464074,65.94230951795532,-0.10632313941459509,-63.430880854675706,61.26637356220124,-0.09223707435100757,1.3163693763207198,0.015094920622488614,0.005390869595656468
647,1,87.68211666666667,Forward,0.32576801569662445,17715.0,17718.68469426131,ok,0.0006310211794214688,14502.963606641784,ok,-73.4532843581037,65.94182165365413,-0.10681100371578232,-63.87445758326248,61.26572854168215,-0.09288209487009468,1.3163693763207198,0.015456141579726135,0.005390869595656468
648,1,87.81823333333334,Forward,0.3256443412076293,17715.0,17718.48626324485,ok,0.0006187749552815414,14501.923033761184,ok,-73.65171537456263,65.94153310813543,-0.10709954923449584,-64.91503046386242,61.264215408065496,-0.09439522848675426,1.3163693763207198,0.017159438816264708,0.005390869595656468
649,1,87.95408333333333,Forward,0.3258085627791959,17725.0,17718.60650035008,ok,0.0006278868130666714,14502.195821558085,ok,-73.53147826933127,65.94170794913819,-0.10692470823172964,-64.64224266696147,61.26461207839335,-0.09399855815889854,1.3163693763207198,0.01681211514694654,0.005390869595656468
650,1,88.08993333333333,Forward,0.325796223492468,17715.0,17718.652262238873,ok,0.000628334924032676,14502.794652554308,ok,-73.48571638053909,65.94177449310988,-0.1068581642600538,-64.04341167073835,61.26548285960241,-0.09312777694983942,1.3163693763207198,0.015732389401541425,0.005390869595656468
651,1,88.22635,Forward,0.3258358517715837,17715.0,17718.715903186596,ok,0.0006390055916763854,14503.39835122914,ok,-73.4220754328162,65.94186703564984,-0.10676562172008289,-63.43971299590703,61.2663607190741,-0.09224991747814777,1.3163693763207198,0.01466934461626436,0.005390869595656468
652,1,88.36165,Forward,0.3258735087254726,17715.0,17718.491330489618,ok,0.0006354531354414895,14503.204885594774,ok,-73.6466481297939,65.94154047659423,-0.1070921807756917,-63.633178630272596,61.266079393892085,-0.09253124266015535,1.3163693763207198,0.01471311341503817,0.005390869595656468
653,1,88.49723333333333,Forward,0.32575787822086766,17715.0,17718.629086975572,ok,0.0006376291512415598,14502.811165527753,ok,-73.50889164383989,65.94174079314456,-0.10689186422536057,-64.02689869729329,61.26550687169776,-0.0931037648544864,1.3163693763207198,0.015667080649250653,0.005390869595656468
654,1,88.632,Forward,0.32579910678921903,17720.0,17718.653173608833,ok,0.0006208346735676215,14502.773522855325,ok,-73.4848050105793,65.94177581836497,-0.1068568390049476,-64.06454136972206,61.26545213416411,-0.09315850238814195,1.3163693763207198,0.015774160682703098,0.005390869595656468
655,1,88.76705,Forward,0.3259972068814476,17720.0,17718.535073660416,ok,0.0006246319955777031,14502.619106655422,ok,-73.60290495899608,65.94160408507709,-0.10702857229283819,-64.21895756962476,61.26522759213789,-0.09338304441435244,1.3163693763207198,0.01589800764181301,0.005390869595656468
656,1,88.90235,Forward,0.3259529243641946,17710.0,17718.756165952847,ok,0.0006304744565663239,14503.159876596474,ok,-73.38181266656466,65.94192558315406,-0.10670707421586598,-63.67818762857314,61.26601394472495,-0.09259669182729245,1.3163693763207198,0.015184375254188878,0.005390869595656468
657,1,89.03818333333334,Forward,0.32590981391898943,17720.0,17718.683169090826,ok,0.000629678542742757,14503.666280568827,ok,-73.45480952858634,65.9418194358501,-0.10681322151981261,-63.171783656220214,61.266750324548475,-0.09186031200377122,1.3163693763207198,0.01410888010121844,0.005390869595656468
658,1,89.1735,Forward,0.32583265022860425,17720.0,17718.752642724845,ok,0.000618631860748771,14503.004751389553,ok,-73.3853358945671,65.94192045990432,-0.10671219746559606,-63.833312835493416,61.265788371706705,-0.0928222648455389,1.3163693763207198,0.015476189417802669,0.005390869595656468
659,1,89.30856666666666,Forward,0.3258743604907525,17715.0,17718.628236157696,ok,0.0006375984279342725,14503.8167198809,ok,-73.50974246171609,65.94173955594037,-0.10689310142955273,-63.0213443441462,61.26696908364225,-0.09164155290999675,1.3163693763207198,0.013741032419641933,0.005390869595656468
660,1,89.4435,Forward,0.32586984388498114,17715.0,17718.74333264493,ok,0.0006323177137405138,14503.078532074442,ok,-73.39464597448023,65.94190692178974,-0.10672573558017984,-63.75953215060508,61.265895658795046,-0.09271497775719932,1.3163693763207198,0.01532142186565405,0.005390869595656468
661,1,89.5788,Forward,0.32589331225422474,17720.0,17718.66849550365,ok,0.0006315867389472506,14502.633581327153,ok,-73.46948311576125,65.94179809847101,-0.10683455889890954,-64.2044828978942,61.265248640267046,-0.09336199628519785,1.3163693763207198,0.016064313923093723,0.005390869595656468
662,1,89.71411666666667,Forward,0.3259247696455174,17720.0,17718.546067920895,ok,0.0006291673399581745,14503.43958889833,ok,-73.59191069851659,65.94162007221786,-0.10701258515206989,-63.398475326715925,61.26642068421896,-0.09218995233328471,1.3163693763207198,0.014343444903932995,0.005390869595656468
663,1,89.84995,Forward,0.32578645999981004,17715.0,17718.826362437627,ok,0.0006370742760879637,14503.693981221644,ok,-73.31161618178521,65.94202765833099,-0.10660499903894048,-63.14408300340256,61.266790605041805,-0.091820031510436,1.3163693763207198,0.014264078574200992,0.005390869595656468
664,1,89.98498333333333,Forward,0.32574441498763035,17715.0,17718.750386162304,ok,0.000637392206286846,14502.54238198176,ok,-73.38759245710753,65.94191717855739,-0.10671547881253646,-64.29568224328614,61.26511602409195,-0.0934946124602901,1.3163693763207198,0.01635796588116302,0.005390869595656468
665,1,90.12108333333333,Forward,0.3257342572693842,17720.0,17718.70234636565,ok,0.0006360030539366399,14503.680989871318,ok,-73.43563225376056,65.94184732219979,-0.10678533517013371,-63.1570743537286,61.26677171386247,-0.09183892268977638,1.3163693763207198,0.014108610212974021,0.005390869595656468
666,1,90.2572,Forward,0.3258806045571111,17715.0,17718.494192623482,ok,0.000631210681520013,14503.110949041195,ok,-73.64378599592965,65.94154463852372,-0.10708801884619486,-63.72711518385222,61.26594279744632,-0.09266783910592521,1.3163693763207198,0.014897086722660727,0.005390869595656468
667,1,90.39278333333333,Forward,0.32585326466744224,17715.0,17718.745883917207,ok,0.0006403092703874691,14503.461053813706,ok,-73.39209470220521,65.94191063168446,-0.10672202568545112,-63.37701041134096,61.2664518971072,-0.09215873944504004,1.3163693763207198,0.01459291668031995,0.005390869595656468
668,1,90.52915,Forward,0.32579161128349654,17720.0,17718.517883646615,ok,0.0006290921505662351,14503.427278648307,ok,-73.62009497279723,65.94157908847355,-0.10705356889638062,-63.41078557673973,61.266402783451525,-0.09220785310072521,1.3163693763207198,0.014326025181693569,0.005390869595656468
669,1,90.66498333333334,Forward,0.32591080038657727,17720.0,17718.71944722644,ok,0.0006321931313184757,14502.866918544381,ok,-73.41853139297382,65.9418721891628,-0.10676046820712452,-63.97114568066536,61.26558794411975,-0.09302269243249395,1.3163693763207198,0.015691755413911684,0.005390869595656468
670,1,90.80083333333333,Forward,0.32594206326876013,17720.0,17718.760302971583,ok,0.0006353213573365692,14503.638384794038,ok,-73.37767564782916,65.94193159893848,-0.10670105843144749,-63.19967943100892,61.26670976032142,-0.09190087623082585,1.3163693763207198,0.014274440695852403,0.005390869595656468
671,1,90.93615,Forward,0.32590322161897267,17720.0,17718.544930026626,ok,0.0006378391967860635,14502.109041579073,ok,-73.59304859278564,65.94161841756578,-0.10701423980413972,-64.7290226459736,61.26448588857431,-0.09412474797793416,1.3163693763207198,0.016888695987918395,0.005390869595656468
672,1,91.07171666666666,Forward,0.32577694499460996,17720.0,17718.888254164467,ok,0.0006433375705379021,14503.805831672664,ok,-73.24972445494495,65.94211765726736,-0.10651500010256507,-63.03223255238299,61.26695325071577,-0.0916573858364697,1.3163693763207198,0.014139975726176118,0.005390869595656468
673,1,91.20701666666666,Forward,0.3258190350877954,17720.0,17718.754086655455,ok,0.000640271961848877,14503.434244614558,ok,-73.38389196395656,65.9419225595746,-0.10671009779532051,-63.403819610488426,61.266412912907995,-0.09219772364424611,1.3163693763207198,0.01465616217644583,0.005390869595656468
674,1,91.3424,Forward,0.32586197252803484,17715.0,17718.609406740234,ok,0.000633516608308389,14503.000559352458,ok,-73.52857187917834,65.94171217542231,-0.1069204819476072,-63.8375048725884,61.265782275918156,-0.09282836063408861,1.3163693763207198,0.015275929245162884,0.005390869595656468
675,1,91.47776666666667,Forward,0.32584067629896374,17715.0,17718.639749585232,ok,0.0006353680447123313,14503.011612632985,ok,-73.49822903417953,65.94175629802021,-0.10687635934971063,-63.82645159206186,61.26579834888205,-0.0928122876701945,1.3163693763207198,0.015298893885602544,0.005390869595656468
676,1,91.61253333333333,Forward,0.32582983935519894,17715.0,17718.74091229019,ok,0.0006411430757844192,14503.262720190585,ok,-73.39706632922025,65.9419034022668,-0.1067292551031173,-63.57534403446152,61.266163493211565,-0.09244714334067548,1.3163693763207198,0.014965333318879864,0.005390869595656468
677,1,91.74786666666667,Forward,0.32582042591074084,17710.0,17718.720139846428,ok,0.0006305719912362139,14502.85520201691,ok,-73.4178387729844,65.94187319632587,-0.10675946104404244,-63.982862208136794,61.26557090670515,-0.09303972984709323,1.3163693763207198,0.015715190107823934,0.005390869595656468
678,1,91.88371666666667,Forward,0.32578608599235503,17720.0,17718.66563204182,ok,0.0006251515492110178,14502.620594561236,ok,-73.47234657759327,65.94179393461047,-0.10683872275945101,-64.21746966381033,61.26522975575406,-0.09338088079818657,1.3163693763207198,0.01608500905713732,0.005390869595656468
679,1,92.01955,Forward,0.32581576267783574,17720.0,17718.825243066898,ok,0.0006285441901964722,14503.56385015191,ok,-73.31273555251391,65.94202603061464,-0.10660662675527893,-63.274214073137045,61.26660137687735,-0.09200925967490017,1.3163693763207198,0.01451154501870057,0.005390869595656468
680,1,92.15511666666667,Forward,0.3258034142331533,17715.0,17718.844270778045,ok,0.0006299158560363217,14503.069000840049,ok,-73.293707841367,65.94205369947852,-0.10657895789140476,-63.769063384997935,61.26588179909196,-0.09272883746028882,1.3163693763207198,0.015486444043141034,0.005390869595656468
681,1,92.29073333333334,Forward,0.3258596324879689,17715.0,17719.041773134377,ok,0.0006268070392266814,14503.099979370982,ok,-73.09620548503517,65.94234089459988,-0.1062917627700377,-63.738084854065164,61.265926846063124,-0.09268379048912223,1.3163693763207198,0.015714340711168395,0.005390869595656468
682,1,92.42603333333334,Forward,0.32575384819475967,17710.0,17718.837251902958,ok,0.0006265120704519365,14503.257367580121,ok,-73.30072671645394,65.94204349308544,-0.10658916428448224,-63.58069664492541,61.26615570979247,-0.09245492675977163,1.3163693763207198,0.015115669992056158,0.005390869595656468
683,1,92.56185,Forward,0.3256964411521932,17720.0,17718.822780198057,ok,0.0006338600676948575,14503.034840391596,ok,-73.31519842135458,65.94202244927045,-0.10661020809946511,-63.80322383345083,61.265832125182634,-0.09277851136961118,1.3163693763207198,0.015520583048114767,0.005390869595656468
684,1,92.69785,Forward,0.32589083512250167,17715.0,17718.65716174055,ok,0.0006280732200862301,14503.87666736454,ok,-73.48081687886224,65.94178161764754,-0.10685103972237814,-62.961396860506284,61.26705625538622,-0.09155438116602682,1.3163693763207198,0.013668343912574044,0.005390869595656468
685,1,92.83368333333334,Forward,0.3259404640414575,17720.0,17718.722128919773,ok,0.0006347705059227711,14504.002449531024,ok,-73.41584969963878,65.94187608870737,-0.10675656866254628,-62.8356146940223,61.267239159657535,-0.09137147689470518,1.3163693763207198,0.013522045390839843,0.005390869595656468
686,1,92.96898333333333,Forward,0.32592509791678315,17720.0,17718.748810296365,ok,0.0006376784966022708,14502.959935924016,ok,-73.38916832304676,65.94191488703531,-0.10671777033461285,-63.8781283010303,61.26572320396237,-0.09288743258987894,1.3163693763207198,0.015556401371758996,0.005390869595656468
687,1,93.1054,Forward,0.32581521737522456,17720.0,17718.60931255039,ok,0.0006420615828270304,14503.186904759503,ok,-73.52866606902171,65.94171203845755,-0.10692061891237056,-63.65115946554397,61.266053247327235,-0.09255738922500628,1.3163693763207198,0.014919093815625062,0.005390869595656468
688,1,93.24121666666667,Forward,0.3258783550297867,17715.0,17718.71878457167,ok,0.0006416685437808096,14503.991019008214,ok,-73.41919404774308,65.9418712255732,-0.10676143179672627,-62.84704521683307,61.26722253813237,-0.09138809841987024,1.3163693763207198,0.013539062323374873,0.005390869595656468
689,1,93.37733333333334,Forward,0.32581209820025253,17715.0,17718.763675229096,ok,0.0006260651402644007,14503.723752372267,ok,-73.37430339031562,65.94193650265672,-0.10669615471321409,-63.11431185277979,61.266833896318815,-0.09177674023343485,1.3163693763207198,0.014115935588621259,0.005390869595656468
690,1,93.51211666666667,Forward,0.32584283914235096,17715.0,17718.62617585605,ok,0.0006242818344763109,14503.056101531467,ok,-73.51180276336163,65.9417365599833,-0.1068960973866245,-63.78196269357977,61.265863041753754,-0.09274759479849234,1.3163693763207198,0.015193996133513701,0.005390869595656468
691,1,93.6477,Forward,0.3258393212772881,17715.0,17718.66649865113,ok,0.0006251670881323257,14503.632364764044,ok,-73.47147996828062,65.94179519477754,-0.10683746259237581,-63.20569946100295,61.26670100638411,-0.0919096301681301,1.3163693763207198,0.014149559949913626,0.005390869595656468
692,1,93.78346666666667,Forward,0.3257373011786348,17720.0,17718.762483452945,ok,0.0006321661389641131,14503.228248416917,ok,-73.37549516646686,65.9419347696531,-0.10669788771682354,-63.6098158081295,61.2661133665933,-0.09249726995894061,1.3163693763207198,0.01506268585039637,0.005390869595656468
693,1,93.91935,Forward,0.32600999360732535,17720.0,17718.45317367414,ok,0.0006218042629185083,14503.288250357555,ok,-73.68480494527103,65.94148499142709,-0.10714766594283331,-63.54981386749205,61.26620061752511,-0.09241001902713564,1.3163693763207198,0.014498053169703082,0.005390869595656468
694,1,94.05518333333333,Forward,0.3257765580978211,17715.0,17718.666965319975,ok,0.0006353052373617741,14504.043591588657,ok,-73.47101329943689,65.94179587337712,-0.10683678399280008,-62.7944726363894,61.267298985770275,-0.09131165078197101,1.3163693763207198,0.01336307679787846,0.005390869595656468
695,1,94.1905,Forward,0.3259438087675952,17720.0,17718.603833247966,ok,0.0006343702233799472,14503.34328082923,ok,-73.53414537144636,65.94170407081123,-0.10692858655870187,-63.49478339581765,61.26628063926908,-0.09232999728316788,1.3163693763207198,0.014611794380635576,0.005390869595656468
696,1,94.3266,Forward,0.3258688881549963,17715.0,17718.606237668388,ok,0.0006320777888520687,14503.019589138776,ok,-73.5317409510244,65.9417075671635,-0.10692509020641663,-63.818475086271064,61.26580994779961,-0.09280068875263617,1.3163693763207198,0.015234894569024271,0.005390869595656468
697,1,94.4619,Forward,0.32595017843432655,17715.0,17718.512570791325,ok,0.000634514207898738,14503.251044034292,ok,-73.62540782808719,65.94157136286384,-0.1070612945060804,-63.58702019075463,61.266146514502125,-0.09246412205012472,1.3163693763207198,0.0146556441690852,0.005390869595656468
698,1,94.59666666666666,Forward,0.32601706528242286,17715.0,17718.515224998704,ok,0.000629762421569916,14502.610524195774,ok,-73.62275362070795,65.94157522244012,-0.10705743492979701,-64.22754002927286,61.26521511208152,-0.09339552447072261,1.3163693763207198,0.01588557336887464,0.005390869595656468
699,1,94.73196666666666,Forward,0.32600754156985906,17720.0,17718.64698353673,ok,0.0006336358776275152,14503.1690557341,ok,-73.49099508268046,65.94176681716345,-0.10686584020645924,-63.669008490946,61.26602729243176,-0.0925833441204912,1.3163693763207198,0.015008038751118336,0.005390869595656468
700,1,94.86755,Forward,0.3261360876620179,17720.0,17718.4455829638,ok,0.0006300653292855362,14503.635266272924,ok,-73.69239565561293,65.94147395350825,-0.10715870386166321,-63.20279795212264,61.266705225570206,-0.0919054109820378,1.3163693763207198,0.013822764673261337,0.005390869595656468
701,1,95.00313333333334,Forward,0.3260300298577268,17720.0,17718.492999986338,ok,0.0006298558829805289,14503.180002850055,ok,-73.64497863307406,65.94154290426812,-0.10708975310180475,-63.65806137499203,61.266043211018015,-0.09256742553423526,1.3163693763207198,0.014763171116311188,0.005390869595656468
702,1,95.13926666666667,Forward,0.3261073105531598,17720.0,17718.47293361103,ok,0.0006313178483978055,14503.91374958285,ok,-73.66504500838346,65.94151372504616,-0.10711893232376146,-62.924314642195895,61.267110177943835,-0.09150045860841277,1.3163693763207198,0.01332946930765469,0.005390869595656468
703,1,95.27536666666667,Forward,0.3260914321432234,17720.0,17718.291476895512,ok,0.0006313364851141913,14502.762616953434,ok,-73.84650172389956,65.94124986245534,-0.10738279491458524,-64.07544727161257,61.26543627550866,-0.09317436104357896,1.3163693763207198,0.015269080621432354,0.005390869595656468
704,1,95.41068333333334,Forward,0.32626683370920057,17720.0,17718.240335506965,ok,0.0006315125704254876,14503.512793918526,ok,-73.89764311244653,65.9411754959639,-0.10745716140602066,-63.325270306520906,61.26652713421303,-0.0920835023392185,1.3163693763207198,0.013758741137683939,0.005390869595656468
705,1,95.54546666666667,Forward,0.3261401642889624,17720.0,17718.256157128933,ok,0.0006286480682867277,14502.590886914528,ok,-73.88182149047861,65.94119850274076,-0.10743415462916142,-64.24717731051896,61.26518655682033,-0.0934240797319131,1.3163693763207198,0.015546442940874233,0.005390869595656468
706,1,95.68183333333333,Forward,0.3261003993809586,17715.0,17718.21966934471,ok,0.0006348703593547437,14502.938263811962,ok,-73.91830927470073,65.94114544457065,-0.10748721279926488,-63.89980041308445,61.265691689782145,-0.09291894677010075,1.3163693763207198,0.014828443208870806,0.005390869595656468
707,1,95.81821666666667,Forward,0.3261331223601678,17720.0,17718.15533811009,ok,0.0006265744017581194,14503.162944979595,ok,-73.98264050932266,65.94105189826024,-0.10758075910968913,-63.67511924545215,61.26601840656875,-0.09259222998349878,1.3163693763207198,0.01430481692583381,0.005390869595656468
708,1,95.95378333333333,Forward,0.32610465292448476,17715.0,17718.3296036448,ok,0.000630046707573264,14503.710222080008,ok,-73.80837497461107,65.94130530390217,-0.10732735346774577,-63.12784214503881,61.26681422144505,-0.09179641510719146,1.3163693763207198,0.013510636235385745,0.005390869595656468
709,1,96.09076666666667,Forward,0.3261830943395118,17715.0,17717.98112889609,ok,0.0006350804811400886,14503.86289740361,ok,-74.15684972332383,65.94079857451621,-0.10783408285370696,-62.9751668214376,61.267036232001814,-0.09157440455042758,1.3163693763207198,0.012711658951280666,0.005390869595656468
710,1,96.22618333333334,Forward,0.32614738200420795,17710.0,17717.957205991584,ok,0.0006269680494517503,14503.350300819708,ok,-74.18077262782754,65.94076378737955,-0.10786886999037713,-63.48776340533914,61.26629084728408,-0.09231978926816027,1.3163693763207198,0.01365807343061129,0.005390869595656468
711,1,96.3623,Forward,0.32605555312583945,17715.0,17718.08195919025,ok,0.0006254972133689816,14503.109252542154,ok,-74.0560194291611,65.94094519539257,-0.10768746197734189,-63.72881168289314,61.265940330507405,-0.09267030604483675,1.3163693763207198,0.014300890994350099,0.005390869595656468
712,1,96.4976,Forward,0.32622184259764775,17715.0,17718.316591696894,ok,0.000628726764954177,14503.187331654462,ok,-73.82138692251829,65.94128638277117,-0.10734627459875322,-63.650732570584296,61.26605386809021,-0.09255676846203396,1.3163693763207198,0.014492620975875697,0.005390869595656468
713,1,96.63238333333334,Forward,0.3263973662664385,17715.0,17717.840751289812,ok,0.0006257803693795379,14502.805767988732,ok,-74.29722732959999,65.94059444650266,-0.10803821086726831,-64.03229623631523,61.26549902294647,-0.0931116136057787,1.3163693763207198,0.014531065863186449,0.005390869595656468
714,1,96.76903333333334,Forward,0.3264735038762109,17715.0,17717.97946909574,ok,0.000624826876693601,14503.323795898441,ok,-74.15850952367327,65.94079616094216,-0.10783649642776075,-63.514268326605816,61.26625230554605,-0.0923583310062002,1.3163693763207198,0.0137411821568936,0.005390869595656468
715,1,96.9049,Forward,0.3263409300498683,17710.0,17717.91036058003,ok,0.0006358156580036326,14502.35602422425,ok,-74.22761803938192,65.94069566781931,-0.10793698955060277,-64.4820400007975,61.26484503472362,-0.0937656018286207,1.3163693763207198,0.015493177248875611,0.005390869595656468
716,1,97.041,Forward,0.32636803522798113,17715.0,17717.86491853711,ok,0.0006325381887447273,14503.435330715385,ok,-74.27306008230153,65.94062958894678,-0.10800306842314815,-63.40273350966163,61.2664144922454,-0.09219614430684193,1.3163693763207198,0.013361112557224455,0.005390869595656468
717,1,97.17605,Forward,0.32639657842416864,17720.0,17717.88853274494,ok,0.0006340686324901516,14503.293931538134,ok,-74.24944587447317,65.94066392719675,-0.1079687301731687,-63.544132686913144,61.266208878729564,-0.09240175782268133,1.3163693763207198,0.013666114142812505,0.005390869595656468
718,1,97.31241666666666,Forward,0.32643530939179405,17725.0,17717.997374567538,ok,0.0006332996742618532,14502.997679756385,ok,-74.1406040518741,65.94082219791834,-0.10781045945158485,-63.840384468661796,61.26577808859625,-0.09283254795599782,1.3163693763207198,0.014391463803515317,0.005390869595656468
719,1,97.44776666666667,Forward,0.3265312557961426,17715.0,17717.879955471788,ok,0.0006330715102038137,14503.188140816528,ok,-74.25802314762404,65.94065145468225,-0.10798120268767088,-63.64992340851859,61.26605504472123,-0.09255559183102063,1.3163693763207198,0.013856144005924859,0.005390869595656468
720,1,97.58306666666667,Forward,0.3265052899016777,17715.0,17717.779675585014,ok,0.0006346877503769006,14502.901062020746,ok,-74.35830303439798,65.94050563417262,-0.10812702319729725,-63.93700220430037,61.26563759334937,-0.09297304320288141,1.3163693763207198,0.014259843698319091,0.005390869595656468
721,1,97.7189,Forward,0.326480693705972,17715.0,17717.87272274272,ok,0.0006258465674957433,14502.53663701138,ok,-74.26525587669312,65.94064093731657,-0.10799172005334381,-64.3014272136661,61.26510767012851,-0.09350296642373727,1.3163693763207198,0.015092721542008428,0.005390869595656468
722,1,97.85421666666667,Forward,0.32657902541649964,17715.0,17717.662168536655,ok,0.0006232134608300312,14502.66367560922,ok,-74.47581008275665,65.94033476304156,-0.10829789432836444,-64.17438861582741,61.265292401420844,-0.09331823513140126,1.3163693763207198,0.014543372650908534,0.005390869595656468
723,1,97.99058333333333,Forward,0.3267151980242794,17715.0,17717.874062392028,ok,0.0006356008224335997,14502.911894174997,ok,-74.26391622738447,65.94064288534774,-0.10798977202217633,-63.92617005005013,61.26565334476577,-0.09295729178648142,1.3163693763207198,0.01437636019125739,0.005390869595656468
724,1,98.12536666666666,Forward,0.3264924523978648,17720.0,17717.70359145694,ok,0.0006341145640574754,14502.742623098895,ok,-74.43438716247329,65.94039499756654,-0.1082376598033739,-64.09544112615185,61.26540720174171,-0.0932034348105337,1.3163693763207198,0.01445248754911721,0.005390869595656468
725,1,98.26093333333333,Forward,0.32659588474323165,17720.0,17717.69402057925,ok,0.0006382681844287271,14502.730924822195,ok,-74.44395804016312,65.94038108021675,-0.10825157715317556,-64.10713940285132,61.2653901908662,-0.09322044568604367,1.3163693763207198,0.014460962794901278,0.005390869595656468
726,1,98.39731666666667,Forward,0.3265600952716456,17715.0,17717.628626306425,ok,0.000631006981042588,14502.953155872092,ok,-74.50935231298718,65.94028598810509,-0.10834666926483047,-63.88490835295488,61.26571334485045,-0.09289729170179802,1.3163693763207198,0.013940480674549366,0.005390869595656468
727,1,98.5332,Forward,0.3266075270121913,17710.0,17717.73222446664,ok,0.0006334350889978177,14503.486067839234,ok,-74.40575415277272,65.9404366338328,-0.1081960235371096,-63.35199638581253,61.266488270881325,-0.09212236567091935,1.3163693763207198,0.013071037506307795,0.005390869595656468
728,1,98.66956666666667,Forward,0.3266767326495147,17720.0,17717.72021369189,ok,0.000624419416562055,14502.857881541888,ok,-74.41776492752251,65.9404191685429,-0.10821348882702332,-63.980182683159,61.26557480309664,-0.0930358334555995,1.3163693763207198,0.014256033234402554,0.005390869595656468
729,1,98.80486666666667,Forward,0.3267081358554309,17710.0,17717.419951032265,ok,0.000633904143357648,14503.303387335578,ok,-74.71802758714693,65.93998254605103,-0.10865011131889855,-63.534676889468756,61.26622262873713,-0.09238800781511128,1.3163693763207198,0.012966632908193262,0.005390869595656468
730,1,98.94016666666667,Forward,0.32674443039551876,17715.0,17717.676203546398,ok,0.0006348680351342342,14502.618885806558,ok,-74.461775073014,65.94035517184275,-0.10827748552716686,-64.21917841848881,61.26522727099379,-0.09338336555845164,1.3163693763207198,0.014649517151741911,0.005390869595656468
731,1,99.07601666666666,Forward,0.3267280686306884,17715.0,17717.726559412375,ok,0.0006242372296347713,14503.408749639115,ok,-74.4114192070374,65.9404283960782,-0.10820426129172334,-63.429314585931934,61.26637583976769,-0.09223479678455056,1.3163693763207198,0.013210800626623817,0.005390869595656468
732,1,99.21178333333333,Forward,0.3268598802131926,17715.0,17717.170882969116,ok,0.0006446126870982632,14503.32232647945,ok,-74.96709565029596,65.9396203674221,-0.10901228994781861,-63.5157377455962,61.26625016881222,-0.09236046774002514,1.3163693763207198,0.012568201367808243,0.005390869595656468
733,1,99.34813333333334,Forward,0.3269136044647024,17720.0,17717.198127608062,ok,0.0006371315935927937,14502.725006383482,ok,-74.93985101134967,65.93965998480964,-0.10897267256028914,-64.11305784156502,61.26538158465635,-0.09322905189589481,1.3163693763207198,0.01375119633888193,0.005390869595656468
734,1,99.4843,Forward,0.3269105198731871,17710.0,17716.992241990523,ok,0.0006343490199170066,14502.704752697462,ok,-75.1457366288887,65.93936059929335,-0.1092720580765688,-64.13331152758474,61.2653521330593,-0.09325850349294203,1.3163693763207198,0.013490580003038974,0.005390869595656468
735,1,99.62038333333334,Forward,0.3271569384833682,17720.0,17717.26823427983,ok,0.0006189814219939694,14503.040097254318,ok,-74.86974433958312,65.9397619293863,-0.1088707279836239,-63.79796697072925,61.26583976937157,-0.09277086718067402,1.3163693763207198,0.013250000587732291,0.005390869595656468
736,1,99.75626666666666,Forward,0.3270538438960312,17715.0,17717.377158380576,ok,0.0006280838263740437,14502.257419385263,ok,-74.76082023883646,65.93992031975142,-0.10871233761849237,-64.58064483978342,61.26470164995989,-0.0939089865923567,1.3163693763207198,0.014906576492999063,0.005390869595656468
737,1,99.89208333333333,Forward,0.32692357683422923,17710.0,17716.97655732807,ok,0.0006278167795460804,14502.183597947975,ok,-75.16142129134096,65.93933779167415,-0.10929486569578023,-64.65446627707206,61.26459430361205,-0.09401633294019461,1.3163693763207198,0.0144653558606649,0.005390869595656468
738,1,100.02768333333333,Forward,0.3269987083866722,17720.0,17717.294071859473,ok,0.0006355943271744913,14502.982977140427,ok,-74.84390675993927,65.93979950071942,-0.10883315665050432,-63.8550870846193,61.26575670900537,-0.09285392754686829,1.3163693763207198,0.013396910043296004,0.005390869595656468
739,1,100.16298333333333,Forward,0.32689563338176997,17715.0,17717.074866397696,ok,0.0006230147413246702,14502.585342251195,ok,-75.06311222171644,65.93948074634925,-0.10915191102067316,-64.2527219738513,61.26517849413041,-0.09343214242183866,1.3163693763207198,0.01383930002747126,0.005390869595656468
740,1,100.29883333333333,Forward,0.3269576840796779,17715.0,17717.110589903987,ok,0.0006318682934933854,14502.52489348462,ok,-75.02738871542533,65.93953269315594,-0.10909996421398448,-64.31317074042636,61.265090593453294,-0.09352004309895183,1.3163693763207198,0.014006956593669587,0.005390869595656468
741,1,100.43395,Forward,0.3270129783991732,17710.0,17717.19336318196,ok,0.0006308090928320365,14502.91559630518,ok,-74.94461543745274,65.9396530566901,-0.10897960067982315,-63.922467919866904,61.265658728163444,-0.0929519083887993,1.3163693763207198,0.013379444993761258,0.005390869595656468
742,1,100.5695,Forward,0.3271674375838561,17720.0,17716.947253929422,ok,0.0006294176400500902,14502.401305743078,ok,-75.19072468999002,65.93929518057173,-0.10933747679818828,-64.43675848196835,61.264910880172444,-0.09369975637979998,1.3163693763207198,0.014006013068892403,0.005390869595656468
743,1,100.70428333333334,Forward,0.3269813903901178,17720.0,17717.076154734605,ok,0.0006256660840437952,14502.82278087422,ok,-75.06182388480738,65.93948261976524,-0.10915003760467029,-64.0152833508273,61.2655237619815,-0.0930868745707451,1.3163693763207198,0.013386673417666514,0.005390869595656468
744,1,100.83948333333333,Forward,0.3268704314750518,17715.0,17717.126946701454,ok,0.0006336270462600731,14502.45873466115,ok,-75.01103191795846,65.93955647815031,-0.10907617921961316,-64.37932956389704,61.26499438958166,-0.09361624697058687,1.3163693763207198,0.014157381418544765,0.005390869595656468
745,1,100.97483333333334,Forward,0.3269710849243498,17720.0,17717.124488506317,ok,0.0006212333510114468,14502.754600070559,ok,-75.01349011309503,65.93955290360232,-0.10907975376760187,-64.08346415448796,61.26542461787737,-0.09318601867487583,1.3163693763207198,0.01358746751725537,0.005390869595656468
746,1,101.10986666666666,Forward,0.3270143748216233,17710.0,17717.251462057244,ok,0.0006188753454369639,14502.668972916657,ok,-74.88651656216825,65.93973754030765,-0.1088951170622678,-64.1690913083894,61.26530010442187,-0.09331053213037974,1.3163693763207198,0.013936009922354664,0.005390869595656468
747,1,101.24596666666666,Forward,0.3269637651880289,17715.0,17717.120657057716,ok,0.0006187433500971472,14502.657135590023,ok,-75.01732156169601,65.93954733215818,-0.10908532521174262,-64.18092863502352,61.26528289134896,-0.09332774520328929,1.3163693763207198,0.01376846053493036,0.005390869595656468
748,1,101.38235,Forward,0.32713528673811654,17715.0,17716.7879702977,ok,0.0006220669459702918,14502.78381489416,ok,-75.35000832171136,65.93906356064176,-0.10956909672816591,-64.05424933088761,61.265467100179684,-0.09314353637256081,1.3163693763207198,0.013042202154888258,0.005390869595656468
749,1,101.51848333333334,Forward,0.3272241413758868,17715.0,17717.032829095577,ok,0.0006333148961679574,14502.63110186247,ok,-75.10514952383528,65.93941961843002,-0.10921303893989495,-64.20696236257754,61.26524503479026,-0.09336560176198246,1.3163693763207198,0.013690580021334595,0.005390869595656468
750,1,101.6538,Forward,0.3273515578294774,17710.0,17716.565171696915,ok,0.0006221937192356516,14502.21531140521,ok,-75.57280692249697,65.9387395813618,-0.10989307600811701,-64.62275281983602,61.2646404192654,-0.09397021728684732,1.3163693763207198,0.013806440314492713,0.005390869595656468
751,1,101.7894,Forward,0.327439017450154,17715.0,17716.557698276083,ok,0.0006305579177122895,14501.963823063463,ok,-75.58028034332892,65.93872871399778,-0.10990394337214611,-64.874241161584,61.26427472122426,-0.09433591532798541,1.3163693763207198,0.014276966652798276,0.005390869595656468
752,1,101.92443333333334,Forward,0.3274608371902883,17720.0,17716.61250656711,ok,0.0006341807000906347,14502.660129888201,ok,-75.52547205230076,65.93880841266105,-0.10982424470886885,-64.17793433684528,61.26528724546323,-0.09332339108901602,1.3163693763207198,0.013023809415113788,0.005390869595656468
753,1,102.06106666666666,Forward,0.32748205733283203,17710.0,17716.698911056297,ok,0.0006220574535755347,14502.306477229553,ok,-75.4390675631148,65.93893405646713,-0.10969860090279332,-64.53158699549385,61.26477298669636,-0.09383764985589227,1.3163693763207198,0.013826407713409677,0.005390869595656468
754,1,102.19613333333334,Forward,0.3270921605027465,17715.0,17717.11224808331,ok,0.0006281340135330995,14503.00708466894,ok,-75.02573053610104,65.9395351043728,-0.10909755299712036,-63.830979556107195,61.26579176461031,-0.09281887194193536,1.3163693763207198,0.013086367571877852,0.005390869595656468
755,1,102.33251666666666,Forward,0.3271785835330835,17720.0,17717.03313512335,ok,0.000617142716846084,14502.761779092316,ok,-75.10484349606122,65.93942006343578,-0.10921259393414745,-64.07628513273085,61.26543505714535,-0.0931755794068938,1.3163693763207198,0.013440885418027057,0.005390869595656468
756,1,102.46755,Forward,0.32726350086659994,17720.0,17717.023154672406,ok,0.000625650751519257,14503.140148736062,ok,-75.11482394700579,65.9394055505111,-0.10922710685882116,-63.69791548898502,61.26598525774941,-0.09262537880283304,1.3163693763207198,0.012702105267334604,0.005390869595656468
757,1,102.60285,Forward,0.3272006271486728,17710.0,17716.82983092445,ok,0.0006316664361929116,14502.944307457803,ok,-75.30814769496283,65.93912443165111,-0.10950822571881275,-63.89375676724376,61.26570047806008,-0.09291015849216344,1.3163693763207198,0.012795861669375672,0.005390869595656468
758,1,102.7379,Forward,0.3272022486035002,17710.0,17716.827150532543,ok,0.0006367344907280126,14502.796236668071,ok,-75.31082808686915,65.93912053399899,-0.10951212337093774,-64.04182755697548,61.26548516311793,-0.09312547343431264,1.3163693763207198,0.013075398013360148,0.005390869595656468
759,1,102.87348333333334,Forward,0.32720103925906435,17720.0,17717.023136134656,ok,0.0006309273472314585,14502.707811748274,ok,-75.11484248475608,65.93940552355471,-0.10922713381521573,-64.13025247677251,61.265356581332654,-0.0932540552195867,1.3163693763207198,0.013529648693569582,0.005390869595656468
760,1,103.00933333333333,Forward,0.32728962192993993,17720.0,17716.809919071224,ok,0.0006229361607275216,14503.026607785112,ok,-75.32805954818832,65.93909547712515,-0.1095371802447736,-63.81145643993477,61.26582015386005,-0.09279048269219303,1.3163693763207198,0.012609369585247082,0.005390869595656468
761,1,103.14598333333333,Forward,0.32720576199431783,17710.0,17716.757400541745,ok,0.0006255139227489198,14503.060756149722,ok,-75.38057807766745,65.93901910808466,-0.10961354928526462,-63.77730807532498,61.265869810197835,-0.09274082635441183,1.3163693763207198,0.012467634462360655,0.005390869595656468
762,1,103.28155,Forward,0.32729166962422657,17710.0,17716.780643120917,ok,0.0006358507639094878,14502.960145221165,ok,-75.35733549849465,65.93905290593634,-0.10957975143358127,-63.8779190038822,61.26572350830871,-0.09288712824353611,1.3163693763207198,0.012694019640585072,0.005390869595656468
763,1,103.41658333333334,Forward,0.3271476620136573,17720.0,17716.716354725322,ok,0.0006230401197232118,14502.531557707573,ok,-75.42162389408986,65.93895942191965,-0.10967323545027037,-64.30650651747419,61.265100284134235,-0.09351035241801459,1.3163693763207198,0.0134209288417622,0.005390869595656468
764,1,103.55375,Forward,0.3271386253922382,17715.0,17716.82375176203,ok,0.0006292489424244693,14502.815827234006,ok,-75.31422685738289,65.93911559172727,-0.10951706564265704,-64.0222369910407,61.265513650448746,-0.09309698610349905,1.3163693763207198,0.013032955891744732,0.005390869595656468
765,1,103.68881666666667,Forward,0.3272999399708462,17720.0,17717.103894437325,ok,0.0006320838165890345,14503.28149751636,ok,-75.0340841820871,65.93952295704243,-0.1091097003274985,-63.55656670868666,61.26619079798127,-0.09241983857097541,1.3163693763207198,0.012548944931838002,0.005390869595656468
766,1,103.82411666666667,Forward,0.32729064899210997,17720.0,17716.721737387674,ok,0.0006252773964004452,14502.90779221977,ok,-75.41624123173824,65.93896724903826,-0.10966540833166752,-63.93027200527649,61.26564737996843,-0.0929632565838183,1.3163693763207198,0.012708575758316423,0.005390869595656468
767,1,103.95995,Forward,0.32738294001106816,17715.0,17717.05730264225,ok,0.0006231208227562086,14502.862414822674,ok,-75.08067597716217,65.93945520627484,-0.10917745109508334,-63.975649402373165,61.265581395099645,-0.09302924145259933,1.3163693763207198,0.013283393455464504,0.005390869595656468
768,1,104.09525,Forward,0.3272362816500321,17710.0,17716.932056833935,ok,0.000623088614382831,14502.510072450366,ok,-75.20592178547668,65.9392730819408,-0.1093595754291301,-64.32799177468041,61.26506904166621,-0.0935415948860314,1.3163693763207198,0.013775715491040508,0.005390869595656468
769,1,104.2316,Forward,0.3272099192283122,17715.0,17716.806465680616,ok,0.0006302373583820185,14503.180589507318,ok,-75.33151293879564,65.93909045542843,-0.10954220194149164,-63.6574747177292,61.26604406409697,-0.09256657245528002,1.3163693763207198,0.012309599309612049,0.005390869595656468
770,1,104.36743333333334,Forward,0.32723479834879493,17715.0,17716.98971840968,ok,0.000620379716133409,14502.318702637376,ok,-75.14826020973123,65.9393569296657,-0.10927572770421179,-64.51936158767057,61.26479076409177,-0.09381987246047897,1.3163693763207198,0.014225879293078392,0.005390869595656468
771,1,104.50275,Forward,0.3272699438335023,17720.0,17716.74699218708,ok,0.0006291064978184627,14503.329842550142,ok,-75.39098643233228,65.93900397293014,-0.10962868443978488,-63.508221674905144,61.26626109819491,-0.0923495383573362,1.3163693763207198,0.011937419771168162,0.005390869595656468
772,1,104.63831666666667,Forward,0.3273953265611227,17715.0,17716.891974149214,ok,0.0006332324117064647,14502.890991961827,ok,-75.24600447019839,65.93921479629947,-0.10941786107046203,-63.947072263219525,61.265622950122584,-0.09298768642966196,1.3163693763207198,0.012988281720458739,0.005390869595656468
773,1,104.77423333333333,Forward,0.3272883602268471,17710.0,17716.847867858847,ok,0.0006236135049734332,14502.107911187324,ok,-75.29011076056486,65.93915065979166,-0.10948199757824914,-64.73015303772263,61.26448424483192,-0.09412639172032582,1.3163693763207198,0.014423101985955922,0.005390869595656468
774,1,104.909,Forward,0.3272212113881813,17720.0,17716.89467865861,ok,0.0006297538688381134,14502.299100371787,ok,-75.24329996080269,65.93921872902168,-0.10941392834824766,-64.5389638532597,61.264762259748075,-0.09384837680417137,1.3163693763207198,0.01412520089417131,0.005390869595656468
775,1,105.0459,Forward,0.32723353873546945,17715.0,17717.124602783802,ok,0.0006297801378852966,14502.673836688755,ok,-75.01337583560962,65.93955306977723,-0.10907958759269185,-64.16422753629195,61.265307177003905,-0.09330345954834186,1.3163693763207198,0.01374222926152445,0.005390869595656468
776,1,105.1815,Forward,0.3273071310354697,17715.0,17717.019860107943,ok,0.0006343443465981568,14503.323501219496,ok,-75.11811851146922,65.93940075976906,-0.10923189760085837,-63.51456300555037,61.26625187704303,-0.09235875950921564,1.3163693763207198,0.01234634505204317,0.005390869595656468
777,1,105.3168,Forward,0.32719185726242306,17720.0,17716.93150142933,ok,0.0006387509970686424,14502.55500133846,ok,-75.20647719008048,65.93927227430743,-0.10936038306249488,-64.28306288658678,61.26513437434228,-0.09347626220996318,1.3163693763207198,0.013688905923626427,0.005390869595656468
778,1,105.45211666666667,Forward,0.32725707000475984,17720.0,17717.132325584636,ok,0.0006341860060228004,14502.911827812193,ok,-75.0056530347756,65.9395642997735,-0.1090683575964325,-63.92623641285354,61.26565324826528,-0.09295738828696745,1.3163693763207198,0.013297901647285823,0.005390869595656468
779,1,105.58716666666666,Forward,0.327105954606063,17715.0,17716.98982946608,ok,0.0006281212079190963,14501.994490439438,ok,-75.14814915333045,65.93935709115672,-0.10927556621319419,-64.8435737856089,61.264319315734056,-0.09429132081818432,1.3163693763207198,0.014846640964696012,0.005390869595656468
780,1,105.72328333333333,Forward,0.3272934344789833,17720.0,17716.909584102035,ok,0.0006375923765659921,14502.66989616247,ok,-75.22839451737673,65.9392404035511,-0.10939225381882303,-64.16816806257702,61.26530144694607,-0.0933091896061787,1.3163693763207198,0.01343710590805422,0.005390869595656468
781,1,105.85991666666666,Forward,0.3273956525721273,17715.0,17716.892555912113,ok,0.0006402177463116725,14503.139168358399,ok,-75.24542270729944,65.93921564226135,-0.1094170151085734,-63.698895866647945,61.26598383214778,-0.09262680440446697,1.3163693763207198,0.012514073635916084,0.005390869595656468
782,1,105.99525,Forward,0.3272356444902137,17715.0,17716.842319614814,ok,0.0006219694404819922,14503.108873628746,ok,-75.29565900459784,65.93914259189492,-0.10949006547499741,-63.72919059630112,61.2659397795161,-0.09267085703614751,1.3163693763207198,0.012499012804782675,0.005390869595656468
783,1,106.13081666666666,Forward,0.3273339124823239,17715.0,17716.854359593282,ok,0.0006288591731465788,14502.881300370618,ok,-75.2836190261296,65.93916009965099,-0.10947255771892977,-63.95676385442857,61.26560885723901,-0.09300177931323671,1.3163693763207198,0.012952136512352858,0.005390869595656468
784,1,106.26558333333334,Forward,0.32711600626252996,17715.0,17717.03569870035,ok,0.0006369090936171444,14502.608875997912,ok,-75.1022799190614,65.93942379122323,-0.10920886614668572,-64.22918822713473,61.26521271537905,-0.09339792117319122,1.3163693763207198,0.013737297097719758,0.005390869595656468
785,1,106.40141666666666,Forward,0.3271704180864494,17715.0,17716.88912539723,ok,0.0006329094589543764,14503.450644598955,ok,-75.24885322218324,65.93921065382902,-0.10942200354089748,-63.38741962609129,61.26643676070201,-0.09217387585024085,1.3163693763207198,0.011912863925147524,0.005390869595656468
786,1,106.53753333333333,Forward,0.32716794416001044,17715.0,17717.027948435192,ok,0.0006291337146571952,14503.331403513985,ok,-75.1100301842198,65.93941252129014,-0.10922013607978491,-63.50666071106207,61.26626336804732,-0.09234726850492184,1.3163693763207198,0.012342980166961101,0.005390869595656468
787,1,106.67338333333333,Forward,0.32726873561188996,17715.0,17717.251828292876,ok,0.0006344747969603989,14502.862036736962,ok,-74.88615032653615,65.93973807286376,-0.10889458450615676,-63.97602748808458,61.265580845311916,-0.09302979124032741,1.3163693763207198,0.013566983768119795,0.005390869595656468
788,1,106.8095,Forward,0.3272443988201188,17720.0,17717.190548002996,ok,0.0006301907038683486,14503.529675848282,ok,-74.94743061641566,65.93964896303937,-0.10898369433054683,-63.308388376764924,61.266551682820726,-0.0920589537315197,1.3163693763207198,0.012199893177751761,0.005390869595656468
789,1,106.9454,Forward,0.327166818199238,17720.0,17717.217035785812,ok,0.0006341588681344409,14503.212252840185,ok,-74.92094283359984,65.93968747985579,-0.10894517751413096,-63.62581138486166,61.266090106862706,-0.09252052968953954,1.3163693763207198,0.012846014450150836,0.005390869595656468
790,1,107.08095,Forward,0.327089807076479,17720.0,17717.15958140861,ok,0.0006300829171573069,14503.091269667013,ok,-74.97839721080163,65.93960393342556,-0.10902872394436096,-63.7467945580338,61.26591418097631,-0.09269645557593335,1.3163693763207198,0.012994051469271739,0.005390869595656468
791,1,107.21626666666667,Forward,0.32713522601064804,17715.0,17717.117686298,ok,0.0006255604077364442,14503.286189525445,ok,-75.02029232141285,65.93954301227201,-0.10908964509791146,-63.551874699602195,61.266197620796675,-0.09241301575557465,1.3163693763207198,0.012560018816171192,0.005390869595656468
792,1,107.35158333333334,Forward,0.32718529500098426,17715.0,17717.30881161395,ok,0.0006280079767617441,14503.552360310883,ok,-74.82916700546048,65.93982093431472,-0.10881172305520409,-63.285703914163605,61.26658466909548,-0.09202596745676869,1.3163693763207198,0.012328442331173375,0.005390869595656468
793,1,107.48661666666666,Forward,0.3271818724371039,17720.0,17717.093000369732,ok,0.000630376766154129,14502.789030034635,ok,-75.04497824967984,65.93950711559566,-0.10912554177426698,-64.04903419041148,61.26547468369884,-0.09313595285340788,1.3163693763207198,0.013475774396409526,0.005390869595656468
794,1,107.62278333333333,Forward,0.32704806186553037,17715.0,17717.15427590215,ok,0.0006298470953264268,14503.399249041939,ok,-74.98370271726162,65.93959621850206,-0.10903643886786867,-63.43881518310809,61.26636202461526,-0.09224861193698591,1.3163693763207198,0.012396808894073588,0.005390869595656468
795,1,107.7586,Forward,0.3270683097255733,17710.0,17717.05063013148,ok,0.0006224056523724314,14502.90173245102,ok,-75.08734848793029,65.93944550354229,-0.10918715382762519,-63.93633177402626,61.2656385682456,-0.09297206830664465,1.3163693763207198,0.013198429744439993,0.005390869595656468
796,1,107.8939,Forward,0.32721551308720276,17715.0,17717.180451580756,ok,0.0006434042061680232,14502.917180443124,ok,-74.95752703865583,65.93963428147677,-0.10899837589315951,-63.920883781922385,61.26566103171413,-0.09294960483810913,1.3163693763207198,0.013357637456839558,0.005390869595656468
797,1,108.02868333333333,Forward,0.32718366902807017,17715.0,17716.999147552593,ok,0.0006260842173223245,14503.185942468761,ok,-75.13883106681897,65.93937064091399,-0.1092620164559342,-63.65212175628585,61.266051848026436,-0.0925587885258123,1.3163693763207198,0.012579538268790741,0.005390869595656468
798,1,108.16506666666666,Forward,0.32719148471147264,17715.0,17717.133869431083,ok,0.0006450628426519254,14504.077113982283,ok,-75.00410918832858,65.9395665447349,-0.10906611263502566,-62.76095024276401,61.26734773186163,-0.09126290469061005,1.3163693763207198,0.011069580293769976,0.005390869595656468
799,1,108.30118333333333,Forward,0.3270829674240061,17710.0,17717.050983680012,ok,0.0006333757071710171,14503.89162145358,ok,-75.08699493940003,65.93944601764964,-0.10918663972027506,-62.946442771466536,61.267078000652944,-0.09153263589930459,1.3163693763207198,0.011304119111484046,0.005390869595656468
800,1,108.43675,Forward,0.3271547956900559,17715.0,17717.24093931777,ok,0.0006389987596874422,14503.60592108415,ok,-74.89703930164251,65.93972223882216,-0.1089104185477617,-63.23214314089637,61.266662553699305,-0.09194808285293565,1.3163693763207198,0.012127221931243076,0.005390869595656468
801,1,108.57206666666667,Forward,0.3272765695137766,17715.0,17717.08767052686,ok,0.0006337969745904,14503.111502616151,ok,-75.05030809255186,65.93949936528372,-0.10913329208620717,-63.72656160889528,61.26594360241913,-0.09266703413311428,1.3163693763207198,0.012850753841091328,0.005390869595656468
802,1,108.7079,Forward,0.3271412066762095,17715.0,17717.19892030503,ok,0.0006260468544422054,14502.387139427521,ok,-74.93905831438315,65.93966113749816,-0.10897151987175552,-64.45092479752566,61.26489028043484,-0.09372035611739991,1.3163693763207198,0.014399086859061966,0.005390869595656468
803,1,108.8438,Forward,0.3270880337286939,17715.0,17717.217089818732,ok,0.0006368637974579559,14503.95985551206,ok,-74.92088880067968,65.93968755842695,-0.10894509894296173,-62.87820871298754,61.26717722219678,-0.09143341435546985,1.3163693763207198,0.011415047687022076,0.005390869595656468
804,1,108.97936666666666,Forward,0.3269875089072518,17715.0,17717.31109241729,ok,0.0006301879819568221,14503.381346508831,ok,-74.82688620212139,65.93982425091106,-0.10880840645886596,-63.45671771621528,61.26633599191234,-0.09227464463990648,1.3163693763207198,0.01265910995598378,0.005390869595656468
805,1,109.1147,Forward,0.32701301757865653,17715.0,17717.205660019365,ok,0.0006382629927692547,14502.893587973573,ok,-74.93231860004744,65.93967093795378,-0.10896171941614287,-63.94447625147404,61.265626725074554,-0.09298391147769602,1.3163693763207198,0.013439454143612861,0.005390869595656468
806,1,109.25053333333334,Forward,0.32714034759674404,17715.0,17717.396904624504,ok,0.0006225100642076205,14503.219262958379,ok,-74.74107399490822,65.93994903345909,-0.10868362391083419,-63.618801266668015,61.266100300522076,-0.09251033603016852,1.3163693763207198,0.013094149432418961,0.005390869595656468
807,1,109.38651666666667,Forward,0.3271351654025253,17720.0,17717.351276972142,ok,0.0006307979254481092,14503.036892305721,ok,-74.78670164727009,65.93988268468533,-0.1087499726845964,-63.8011719193255,61.26583510894312,-0.09277552760912748,1.3163693763207198,0.013376890732056473,0.005390869595656468
808,1,109.52155,Forward,0.3270947861906195,17715.0,17717.16908439079,ok,0.000631288668591956,14503.472607788406,ok,-74.96889422862296,65.9396177520461,-0.10901490532380959,-63.36545643664067,61.2664686981481,-0.09214193840414134,1.3163693763207198,0.012277920666232123,0.005390869595656468
809,1,109.65715,Forward,0.3271603106541421,17715.0,17717.245239561395,ok,0.0006319345026510964,14502.900785728332,ok,-74.89273905801747,65.93972849195762,-0.10890416541229163,-63.9372784967145,61.26563719158285,-0.09297344496939641,1.3163693763207198,0.013483230356461498,0.005390869595656468
810,1,109.79418333333334,Forward,0.3270784474668132,17720.0,17717.126325718586,ok,0.0006279670634110634,14502.975179628793,ok,-75.01165290082645,65.93955557515729,-0.1090770822126379,-63.862884596253934,61.265745370369515,-0.09286526618272997,1.3163693763207198,0.013167910314179992,0.005390869595656468
811,1,109.93028333333334,Forward,0.32710768431716897,17710.0,17717.26128547113,ok,0.0006248648172878573,14503.216950285027,ok,-74.87669314828236,65.93975182487921,-0.10888083249070321,-63.62111394002022,61.26609693758243,-0.09251369896981342,1.3163693763207198,0.012901367723312893,0.005390869595656468
812,1,110.06533333333333,Forward,0.3271715098071885,17715.0,17717.39223685617,ok,0.0006298958183280542,14503.183620427175,ok,-74.74574176324313,65.93994224589301,-0.10869041147690862,-63.65444379787186,61.26604847146411,-0.0925621650881354,1.3163693763207198,0.013155588051055683,0.005390869595656468
813,1,110.20116666666667,Forward,0.3270132165108635,17715.0,17717.228445209683,ok,0.0006364660772857604,14503.146900134832,ok,-74.90953340972919,65.93970407070024,-0.10892858666967667,-63.69116409021444,61.265995075195775,-0.09261556135647278,1.3163693763207198,0.012987702070736767,0.005390869595656468
814,1,110.3369,Forward,0.3271033940151721,17715.0,17717.244204326696,ok,0.0006287301571894017,14503.392130839962,ok,-74.89377429271553,65.93972698658645,-0.10890567078346935,-63.44593338508457,61.266351673787455,-0.09225896276478625,1.3163693763207198,0.012541202491208825,0.005390869595656468
815,1,110.47273333333334,Forward,0.32715812023215907,17720.0,17717.346508372386,ok,0.0006279628141371983,14503.26648062354,ok,-74.79147024702615,65.93987575049674,-0.10875690687318598,-63.57158360150606,61.26616896138936,-0.09244167516288208,1.3163693763207198,0.012930483407019688,0.005390869595656468
816,1,110.60751666666667,Forward,0.327122880997763,17715.0,17717.36266818583,ok,0.0006272874947118286,14503.590727099163,ok,-74.77531043358249,65.93989924904972,-0.10873340832020961,-63.24733712588386,61.26664045959146,-0.09197017696079125,1.3163693763207198,0.012333316165773406,0.005390869595656468
817,1,110.74415,Forward,0.3271328043795397,17720.0,17717.13030786037,ok,0.0006342254500266108,14503.69297494578,ok,-75.0076707590415,65.93956136572967,-0.10907129164023933,-63.14508927926727,61.26678914178069,-0.09182149477155582,1.3163693763207198,0.011799712165029841,0.005390869595656468
818,1,110.87946666666667,Forward,0.32712887197333007,17720.0,17717.254782353386,ok,0.0006331818541222844,14503.455364596774,ok,-74.88319626602606,65.93974236846702,-0.10889028890289168,-63.38269962827326,61.266443624216805,-0.09216701233543842,1.3163693763207198,0.012435543642453487,0.005390869595656468
819,1,111.0148,Forward,0.3269993409017512,17720.0,17717.20452421442,ok,0.0006370140307865653,14502.661218575458,ok,-74.93345440499252,65.93966928633986,-0.10896337103005325,-64.17684564958836,61.26528882856165,-0.09332180799059285,1.3163693763207198,0.013882599151645428,0.005390869595656468
820,1,111.15011666666666,Forward,0.3270830182725746,17720.0,17717.325727240026,ok,0.0006295239882556859,14503.433050742327,ok,-74.812251379386,65.93984553192142,-0.10878712544850365,-63.40501348271937,61.26641117685641,-0.09219945969583877,1.3163693763207198,0.012581419808414984,0.005390869595656468
821,1,111.28623333333333,Forward,0.32713489218859004,17715.0,17717.088747425732,ok,0.000632986319123575,14503.247842434517,ok,-75.04923119367959,65.93950093124023,-0.10913172612968866,-63.59022179052954,61.26614185894331,-0.09246877760893932,1.3163693763207198,0.012591340980530136,0.005390869595656468
822,1,111.4226,Forward,0.3272584067884665,17710.0,17717.13447922239,ok,0.0006276766034347676,14503.283567712306,ok,-75.0034993970221,65.93956743145388,-0.10906522591604403,-63.554496512741025,61.266193808325994,-0.09241682822625395,1.3163693763207198,0.012589456617688982,0.005390869595656468
823,1,111.55845,Forward,0.3271942960744389,17715.0,17717.170761018013,ok,0.0006258314447204463,14503.448028394436,ok,-74.96721760139917,65.93962019008872,-0.10901246728120612,-63.39003583061094,61.266432956387014,-0.0921776801652298,1.3163693763207198,0.012327408068588216,0.005390869595656468
824,1,111.69401666666667,Forward,0.3272794596229739,17715.0,17717.12173139929,ok,0.0006288224677969701,14502.99888094362,ok,-75.01624722012275,65.93954889439604,-0.10908376297388252,-63.83918328142681,61.265779835284846,-0.09283080126740058,1.3163693763207198,0.013115860993838269,0.005390869595656468
825,1,111.83038333333333,Forward,0.3273138964403132,17715.0,17716.903201343044,ok,0.0006307112425968373,14503.200846033136,ok,-75.23477727636782,65.9392311221568,-0.109401535213117,-63.637218191910506,61.266073519823465,-0.09253711672878123,1.3163693763207198,0.012411491421666393,0.005390869595656468
826,1,111.9663,Forward,0.3272886936226706,17715.0,17716.882252843396,ok,0.0006274181188777331,14502.955290684584,ok,-75.25572577601633,65.93920066020682,-0.10943199716309447,-63.88277354046295,61.26571644915636,-0.09289418739588438,1.3163693763207198,0.012851066363045921,0.005390869595656468
827,1,112.10165,Forward,0.32729511852453336,17720.0,17716.927922736526,ok,0.0006250743676966135,14502.887721706917,ok,-75.21005588288608,65.93926707040438,-0.1093655869655456,-63.95034251813013,61.265618194729925,-0.09299244182232358,1.3163693763207198,0.013046815678647308,0.005390869595656468
828,1,112.23645,Forward,0.3274708109359439,17715.0,17716.757072251567,ok,0.0006349623987073582,14503.288235531303,ok,-75.38090636784545,65.93901863070636,-0.10961402666355655,-63.54982869374362,61.266200595965735,-0.09241004058650941,1.3163693763207198,0.012031720829079245,0.005390869595656468
829,1,112.37228333333333,Forward,0.3273803757350746,17720.0,17716.715347271896,ok,0.0006212432169344965,14502.654468437293,ok,-75.42263134751556,65.9389579569462,-0.10967470042372303,-64.1835957877538,61.26527901294838,-0.09333162360386285,1.3163693763207198,0.013184190730694087,0.005390869595656468
