scan_index,channel_id,time_min,direction,DipDepth,RawMinimumMotor,SPRMotor,SPRQuality,TIREdgeSlope,TIRMotor,TIRQuality,DeltaSPRMotor,SPRAngleEmpirical,DeltaSPRAngle,DeltaTIRMotor,TIRAngleEmpirical,DeltaTIRAngle,BulkSensitivity,PureKineticsCandidate,AngleCalibrationRMSEDeg
0,2,0.14448333333333332,Forward,0.08935669194584106,19820.0,19820.026933580986,ok,0.0004875918032668302,14300.089989115506,ok,-117.18807993832888,68.96880700430847,-0.16586235311760644,-70.4395587384497,61.15615463256836,-0.09969675218736868,1.2560026566024527,-0.04064296751563501,0.012205692657117018
1,2,0.28031666666666666,Forward,0.08943688196756225,19795.0,19819.20577411218,ok,0.0004832541468671135,14299.453915037393,ok,-118.00923940713619,68.96764477482358,-0.1670245826024897,-71.07563281656257,61.15525436401367,-0.10059702074205813,1.2560026566024527,-0.040674457304172656,0.012205692657117018
2,2,0.4159,Forward,0.08939386279257838,19835.0,19818.723849441645,ok,0.0004897019338589572,14299.3029822053,ok,-118.49116407766996,68.96696268190149,-0.16770667552458746,-71.2265656486561,61.1550407409668,-0.10081064378893212,1.2560026566024527,-0.041088239111885166,0.012205692657117018
3,2,0.5517166666666666,Forward,0.08954151771687288,19820.0,19819.307400442358,ok,0.00048601473334300795,14299.170915977216,ok,-117.9076130769572,68.96778861182707,-0.16688074559900723,-71.35863187673931,61.15485382080078,-0.10099756395494879,1.2560026566024527,-0.04002753696121544,0.012205692657117018
4,2,0.6867666666666666,Forward,0.08942330186080102,19835.0,19818.46275688554,ok,0.0004843852123841049,14299.03615451999,ok,-118.75225663377569,68.9665931440973,-0.16807621332877348,-71.49339333396529,61.1546630859375,-0.10118829881822858,1.2560026566024527,-0.04098344119599556,0.012205692657117018
5,2,0.82235,Forward,0.08946688105444958,19830.0,19819.699641566163,ok,0.0004780490885311787,14298.815145730137,ok,-117.51537195315177,68.96834377098506,-0.16632558644102716,-71.71440212381822,61.15435028076172,-0.10150110399401073,1.2560026566024527,-0.03883993017646786,0.012205692657117018
6,2,0.9581833333333334,Forward,0.08950855613884826,19825.0,19817.5364144245,ok,0.0004820068775019515,14298.836707563294,ok,-119.67859909481558,68.9652820436811,-0.16938731374497357,-71.69284029066148,61.154380798339844,-0.10147058641588513,1.2560026566024527,-0.0419399876396131,0.012205692657117018
7,2,1.0948333333333333,Forward,0.0895248432639133,19820.0,19818.788238449757,ok,0.00048554308626317023,14298.569879877985,ok,-118.42677506955806,68.9670538149963,-0.16761554242977125,-71.95966797597066,61.15400314331055,-0.10184824144518159,1.2560026566024527,-0.03969388060433515,0.012205692657117018
8,2,1.2304333333333333,Forward,0.08951389572323315,19820.0,19817.800358211312,ok,0.00048069669212285986,14298.467461170492,ok,-119.4146553080027,68.96565561697965,-0.16901374044643844,-72.06208668346335,61.15385818481445,-0.10199319994127558,1.2560026566024527,-0.04091001036481118,0.012205692657117018
9,2,1.3668,Forward,0.08955385265844351,19815.0,19819.14280119116,ok,0.00047908333793557844,14298.400080441877,ok,-118.07221232815573,68.9675556459901,-0.16711371143597248,-72.12946741207816,61.15376281738281,-0.10208856737291803,1.2560026566024527,-0.038890199606848946,0.012205692657117018
10,2,1.5034,Forward,0.0895154258031075,19820.0,19819.062991664665,ok,0.00048168402804009685,14298.289576046953,ok,-118.15202185465023,68.96744268743774,-0.16722666998834868,-72.2399718070028,61.15360641479492,-0.10224496996080654,1.2560026566024527,-0.03880671609333769,0.012205692657117018
11,2,1.63895,Forward,0.08947327752524734,19820.0,19818.24171819238,ok,0.0004917567551225304,14298.289576046953,ok,-118.97329532693402,68.96628029659783,-0.16838906082825103,-72.2399718070028,61.15360641479492,-0.10224496996080654,1.2560026566024527,-0.039969106933240045,0.012205692657117018
12,2,1.7745166666666667,Forward,0.08945362063337159,19820.0,19817.387017837827,ok,0.0004820743353798015,14298.289576046953,ok,-119.82799568148766,68.96507059496187,-0.16959876246421368,-72.2399718070028,61.15360641479492,-0.10224496996080654,1.2560026566024527,-0.041178808569202696,0.012205692657117018
13,2,1.9103666666666668,Forward,0.08947664471029448,19820.0,19817.242707201734,ok,0.0004842592670545225,14298.289576046953,ok,-119.97230631758066,68.96486634465164,-0.16980301277444046,-72.2399718070028,61.15360641479492,-0.10224496996080654,1.2560026566024527,-0.041383058879429474,0.012205692657117018
14,2,2.0468166666666665,Forward,0.08946413042869414,19825.0,19818.112346189533,ok,0.00047954664341058243,14298.432423191613,ok,-119.10266732978198,68.9660971897082,-0.16857216771788683,-72.09712466234305,61.15380859375,-0.10204279100572966,1.2560026566024527,-0.04040615112756152,0.012205692657117018
15,2,2.1837,Forward,0.08944462308426815,19805.0,19818.454460567456,ok,0.0004850739394709148,14298.489023003649,ok,-118.7605529518587,68.96658140188904,-0.16808795553702693,-72.04052485030661,61.15388870239258,-0.10196268236314998,1.2560026566024527,-0.0400225556145985,0.012205692657117018
16,2,2.3187166666666665,Forward,0.08943347641653118,19805.0,19818.336837804352,ok,0.0004807893340871238,14298.489023003649,ok,-118.87817571496271,68.96641492430636,-0.16825443311972044,-72.04052485030661,61.15388870239258,-0.10196268236314998,1.2560026566024527,-0.040189033197292,0.012205692657117018
17,2,2.4539833333333334,Forward,0.08947664133451652,19810.0,19818.590754167875,ok,0.0004866224485036515,14298.510584836804,ok,-118.62425935143983,68.96677430527387,-0.16789505215220965,-72.01896301715169,61.1539192199707,-0.10193216478502697,1.2560026566024527,-0.03986798238897679,0.012205692657117018
18,2,2.5890166666666667,Forward,0.08953789049949956,19810.0,19818.978665926534,ok,0.00047387207886597025,14298.510584836804,ok,-118.23634759278139,68.96732333685735,-0.16734602056873343,-72.01896301715169,61.1539192199707,-0.10193216478502697,1.2560026566024527,-0.039318950805500574,0.012205692657117018
19,2,2.7235833333333335,Forward,0.08942269015814786,19805.0,19819.436318359647,ok,0.00047950361570016386,14298.489023003649,ok,-117.77869515966813,68.96797107602592,-0.16669828140015835,-72.04052485030661,61.15388870239258,-0.10196268236314998,1.2560026566024527,-0.03863288147772992,0.012205692657117018
20,2,2.8588833333333334,Forward,0.08941506226396229,19820.0,19818.45607828852,ok,0.00048552962860332635,14298.510584836804,ok,-118.75893523079503,68.96658369153337,-0.16808566589270094,-72.01896301715169,61.1539192199707,-0.10193216478502697,1.2560026566024527,-0.04005859612946808,0.012205692657117018
21,2,2.9933833333333335,Forward,0.08942967831075121,19820.0,19819.207322259772,ok,0.00047962181875625735,14298.294966505242,ok,-118.00769125954321,68.96764696599698,-0.16702239142909664,-72.23458134871362,61.15361404418945,-0.10223734056627515,1.2560026566024527,-0.03861202007388534,0.012205692657117018
22,2,3.127883333333333,Forward,0.08942863179523472,19820.0,19818.650930586584,ok,0.00048228717319180603,14298.294966505242,ok,-118.56408293273125,68.96685947607293,-0.16780988135314504,-72.23458134871362,61.15361404418945,-0.10223734056627515,1.2560026566024527,-0.039399509997933735,0.012205692657117018
23,2,3.2629333333333332,Forward,0.08935397816136778,19805.0,19819.307758718423,ok,0.0004896944200390068,14298.596832169429,ok,-117.90725480089168,68.96778911891373,-0.16688023851235367,-71.93271568452656,61.1540412902832,-0.10181009447252717,1.2560026566024527,-0.03900648938591286,0.012205692657117018
24,2,3.3979833333333334,Forward,0.08928394637180978,19820.0,19819.940525279453,ok,0.0004907407610990985,14298.596832169429,ok,-117.27448823986197,68.96868470616835,-0.16598465125773054,-71.93271568452656,61.1540412902832,-0.10181009447252717,1.2560026566024527,-0.03811090213128973,0.012205692657117018
25,2,3.5335833333333335,Forward,0.08937865289627656,19825.0,19819.56357337103,ok,0.00048516234460678953,14298.386604296156,ok,-117.65144014828547,68.968151186628,-0.1665181707980814,-72.1429435577993,61.153743743896484,-0.10210764085924395,1.2560026566024527,-0.03827070261946186,0.012205692657117018
26,2,3.668083333333333,Forward,0.08935941713878745,19810.0,19818.430563397374,ok,0.00048053954420723563,14298.386604296156,ok,-118.78445012194061,68.96654757898774,-0.16812177843833845,-72.1429435577993,61.153743743896484,-0.10210764085924395,1.2560026566024527,-0.03987431025971891,0.012205692657117018
27,2,3.803383333333333,Forward,0.08934448225878414,19820.0,19818.808264146548,ok,0.00047907109909917664,14298.386604296156,ok,-118.40674937276708,68.96708215840115,-0.16758719902492736,-72.1429435577993,61.153743743896484,-0.10210764085924395,1.2560026566024527,-0.03933973084630782,0.012205692657117018
28,2,3.9384166666666665,Forward,0.08929601975635232,19835.0,19820.01227799123,ok,0.0004830654626994172,14298.386604296156,ok,-117.2027355280843,68.96878626149397,-0.1658830959321012,-72.1429435577993,61.153743743896484,-0.10210764085924395,1.2560026566024527,-0.03763562775348167,0.012205692657117018
29,2,4.072666666666667,Forward,0.08933494208625845,19820.0,19818.450052935415,ok,0.0004888481487757687,14298.39468998359,ok,-118.76496058389966,68.96657516353936,-0.16809419388671554,-72.13485787036552,61.15375518798828,-0.10209619676744687,1.2560026566024527,-0.03986109951779551,0.012205692657117018
30,2,4.2077,Forward,0.08941063756898188,19835.0,19820.477988891107,ok,0.0004763571706796811,14298.39468998359,ok,-116.73702462820802,68.96944540622752,-0.16522395119855282,-72.13485787036552,61.15375518798828,-0.10209619676744687,1.2560026566024527,-0.036990856829632796,0.012205692657117018
31,2,4.3422,Forward,0.08932167033464727,19835.0,19819.76988368878,ok,0.0004856458082297272,14298.39468998359,ok,-117.44512983053573,68.96844318829568,-0.16622616913039964,-72.13485787036552,61.15375518798828,-0.10209619676744687,1.2560026566024527,-0.03799307476147962,0.012205692657117018
32,2,4.478316666666666,Forward,0.08929734204808287,19820.0,19820.220600351153,ok,0.0004861944571485613,14298.39468998359,ok,-116.99441316816228,68.96908111090906,-0.16558824651702536,-72.13485787036552,61.15375518798828,-0.10209619676744687,1.2560026566024527,-0.037355152148105336,0.012205692657117018
33,2,4.6134,Forward,0.0892443505425424,19825.0,19820.15522811443,ok,0.00048392978990766003,14298.386604296156,ok,-117.0597854048865,68.96898858619991,-0.1656807712261711,-72.1429435577993,61.153743743896484,-0.10210764085924395,1.2560026566024527,-0.03743330304755155,0.012205692657117018
34,2,4.748683333333333,Forward,0.08917637429485872,19820.0,19818.51184167598,ok,0.000474529944518424,14298.251842838928,ok,-118.70317184333544,68.96666261634098,-0.16800674108510338,-72.2777050150271,61.1535530090332,-0.10229837572252633,1.2560026566024527,-0.039519709411494464,0.012205692657117018
35,2,4.884,Forward,0.08922212278386846,19810.0,19819.430737769402,ok,0.0004846189839589609,14298.251842838928,ok,-117.78427574991292,68.96796317752779,-0.16670617989828437,-72.2777050150271,61.1535530090332,-0.10229837572252633,1.2560026566024527,-0.03821914822467545,0.012205692657117018
36,2,5.019033333333334,Forward,0.08912268769082335,19820.0,19820.27607267686,ok,0.00047892730130188826,14298.251842838928,ok,-116.93894084245403,68.9691596237619,-0.1655097336641847,-72.2777050150271,61.1535530090332,-0.10229837572252633,1.2560026566024527,-0.03702270199057578,0.012205692657117018
37,2,5.1538,Forward,0.08919903220947872,19820.0,19818.95348042342,ok,0.0004786532917057952,14298.160205048014,ok,-118.26153309589426,68.96728769051163,-0.16738166691444495,-72.36934280594141,61.15342330932617,-0.10242807542955751,1.2560026566024527,-0.038731732064244295,0.012205692657117018
38,2,5.288833333333334,Forward,0.08918251658370452,19820.0,19819.75261609948,ok,0.0004932190534185642,14298.251842838928,ok,-117.46239741983663,68.96841874858308,-0.16625060884300202,-72.2777050150271,61.1535530090332,-0.10229837572252633,1.2560026566024527,-0.0377635771693931,0.012205692657117018
39,2,5.42335,Forward,0.08907687943154619,19835.0,19819.983925629545,ok,0.00047943183587001844,14298.138643214857,ok,-117.2310878897697,68.96874613292947,-0.16592322449661098,-72.39090463909815,61.15339279174805,-0.1024585930076831,1.2560026566024527,-0.03723495948721153,0.012205692657117018
40,2,5.5584,Forward,0.08904837903905391,19820.0,19818.455314573726,ok,0.0004768640193846643,14298.12247183999,ok,-118.75969894558875,68.96658261060831,-0.16808674681776484,-72.4070760139657,61.15336990356445,-0.10248148119127728,1.2560026566024527,-0.03936973418896628,0.012205692657117018
41,2,5.6931666666666665,Forward,0.08901771999975819,19820.0,19819.647720097662,ok,0.0004909787562499127,14298.138643214857,ok,-117.56729342165272,68.96827028384415,-0.16639907358193282,-72.39090463909815,61.15339279174805,-0.1024585930076831,1.2560026566024527,-0.037710808572533366,0.012205692657117018
42,2,5.828,Forward,0.08903788930841999,19820.0,19819.576272018086,ok,0.00047783101548413455,14297.89607259185,ok,-117.63874150122865,68.96816915968023,-0.16650019774584465,-72.633475262106,61.15304946899414,-0.10280191576158826,1.2560026566024527,-0.03738071844546825,0.012205692657117018
43,2,5.964666666666667,Forward,0.08899885755557047,19825.0,19819.18282221121,ok,0.0004824247576984149,14297.89607259185,ok,-118.03219130810612,68.96761228981056,-0.1670570676155166,-72.633475262106,61.15304946899414,-0.10280191576158826,1.2560026566024527,-0.037937588315140214,0.012205692657117018
44,2,6.099966666666667,Forward,0.0889935654707682,19820.0,19819.70504344632,ok,0.00048758350968565684,14298.445899337336,ok,-117.5099700729952,68.96835141654554,-0.16631794088053586,-72.08364851662009,61.15382766723633,-0.10202371751940116,1.2560026566024527,-0.03817588063970981,0.012205692657117018
45,2,6.235283333333333,Forward,0.08894705688127111,19805.0,19820.921614255916,ok,0.0004732390750296785,14298.445899337336,ok,-116.2933992633989,68.97007329216054,-0.16459606526554138,-72.08364851662009,61.15382766723633,-0.10202371751940116,1.2560026566024527,-0.036454005024715325,0.012205692657117018
46,2,6.370866666666666,Forward,0.08884465312521178,19810.0,19820.528932913978,ok,0.0004821985895417512,14298.362347233855,ok,-116.68608060533734,68.96951750993905,-0.16515184748702297,-72.16720062010063,61.153709411621094,-0.10214197313463524,1.2560026566024527,-0.03686125787930475,0.012205692657117018
47,2,6.504833333333333,Forward,0.08897855567090243,19805.0,19820.98040712006,ok,0.00048183321266186417,14298.362347233855,ok,-116.23460639925543,68.97015650474324,-0.16451285268284105,-72.16720062010063,61.153709411621094,-0.10214197313463524,1.2560026566024527,-0.03622226307512283,0.012205692657117018
48,2,6.6406833333333335,Forward,0.08885474958015166,19820.0,19818.890050070124,ok,0.0004822851199310228,14298.017357903354,ok,-118.32496344919127,68.96719791425058,-0.16747144317549864,-72.51218995060117,61.153221130371094,-0.1026302543846344,1.2560026566024527,-0.03856757102061231,0.012205692657117018
49,2,6.77545,Forward,0.08887082468395438,19820.0,19821.41027541908,ok,0.0004821723296662998,14298.017357903354,ok,-115.80473810023614,68.97076491958921,-0.1639044378368642,-72.51218995060117,61.153221130371094,-0.1026302543846344,1.2560026566024527,-0.035000565681977874,0.012205692657117018
50,2,6.911016666666667,Forward,0.08883819356195236,19820.0,19820.260509103908,ok,0.00047808198093992813,14298.227585776627,ok,-116.95450441540743,68.9691375958318,-0.1655317615942807,-72.30196207732843,61.15351867675781,-0.10233270799791762,1.2560026566024527,-0.03700160849157311,0.012205692657117018
51,2,7.045833333333333,Forward,0.08885733965429801,19835.0,19821.424786114745,ok,0.0004764783353916481,14298.041614965654,ok,-115.79022740457003,68.97078545732761,-0.16388390009847117,-72.48793288830166,61.153255462646484,-0.10259592210924567,1.2560026566024527,-0.03502314937268031,0.012205692657117018
52,2,7.181966666666667,Forward,0.08874998061182951,19835.0,19821.756692597144,ok,0.0004825271074881648,14298.15211936058,ok,-115.45832092217097,68.97125522174575,-0.1634141356803267,-72.37742849337519,61.153411865234375,-0.1024395195213546,1.2560026566024527,-0.034749827020426505,0.012205692657117018
53,2,7.3167333333333335,Forward,0.08866998873317225,19835.0,19821.94852357495,ok,0.00047957790122383364,14298.227585776627,ok,-115.26648994436619,68.97152673005442,-0.16314262737166343,-72.30196207732843,61.15351867675781,-0.10233270799791762,1.2560026566024527,-0.034612474268955834,0.012205692657117018
54,2,7.451233333333334,Forward,0.08851252546416294,19805.0,19821.11802445929,ok,0.0004873090365825141,14298.15211936058,ok,-116.0969890600245,68.97035128168409,-0.16431807574198976,-72.37742849337519,61.153411865234375,-0.1024395195213546,1.2560026566024527,-0.03565376708208956,0.012205692657117018
55,2,7.58735,Forward,0.08797312588541945,19830.0,19823.10141257089,ok,0.00048543759529303293,14298.15211936058,ok,-114.1136009484253,68.9731584735035,-0.161510883922579,-72.37742849337519,61.153411865234375,-0.1024395195213546,1.2560026566024527,-0.03284657526267881,0.012205692657117018
56,2,7.7224,Forward,0.08721376590652255,19835.0,19826.139972656838,ok,0.0004732250174021106,14300.300216988779,ok,-111.07504086247718,68.97745910481524,-0.15721025261084648,-70.22933086517696,61.15645217895508,-0.0993992058006519,1.2560026566024527,-0.032364586061053774,0.012205692657117018
57,2,7.857983333333333,Forward,0.08511553726172005,19845.0,19834.09564976674,ok,0.0004831425594966734,14303.273054735208,ok,-103.11936375257574,68.98871918627391,-0.14595017115216438,-67.25649311874804,61.16065979003906,-0.09519159471666595,1.2560026566024527,-0.026389275301807943,0.012205692657117018
58,2,7.993816666666667,Forward,0.08222976835988202,19845.0,19843.6381628771,ok,0.0004820224813011251,14309.44243424706,ok,-93.57685064221369,69.00222519883059,-0.13244415859548464,-61.08711360689631,61.16939163208008,-0.08645975267565137,1.2560026566024527,-0.0238504795456755,0.012205692657117018
59,2,8.129116666666667,Forward,0.07832665247498519,19860.0,19856.69030292052,ok,0.00048122156960536455,14317.73565432481,ok,-80.52471059879463,69.02069856798181,-0.11397078944427663,-52.79389352914586,61.181129455566406,-0.07472192918932279,1.2560026566024527,-0.02011984787602686,0.012205692657117018
60,2,8.264166666666666,Forward,0.07444353176608956,19860.0,19871.83212848015,ok,0.00047780709331780543,14327.52472657778,ok,-65.38288503916556,69.04212957716923,-0.09253978025683991,-43.00482127617579,61.194984436035156,-0.06086694872057257,1.2560026566024527,-0.016090730964515507,0.012205692657117018
61,2,8.399233333333333,Forward,0.07109522220354894,19890.0,19884.22626050546,ok,0.00047837443834622173,14335.9311462796,ok,-52.988753013854875,69.05967163352557,-0.07499772390050953,-34.5984015743561,61.20688247680664,-0.048968907949089785,1.2560026566024527,-0.013492645425531795,0.012205692657117018
62,2,8.534,Forward,0.06885947901347508,19875.0,19892.183731943864,ok,0.0004840454151100871,14342.704257119829,ok,-45.03128157545143,69.07093425459023,-0.06373510283585587,-27.82529073412661,61.216468811035156,-0.03938257372057412,1.2560026566024527,-0.014270485618972838,0.012205692657117018
63,2,8.669833333333333,Forward,0.06744628608343595,19900.0,19897.856129607713,ok,0.0004770785746264208,14346.33742600667,ok,-39.35888391160188,69.07896269250678,-0.055706664919303074,-24.192121847285307,61.22161102294922,-0.03424036180651,1.2560026566024527,-0.012700679527297358,0.012205692657117018
64,2,8.805133333333334,Forward,0.06664694380471722,19900.0,19901.12532585521,ok,0.00047567095343270066,14347.606878933748,ok,-36.08968766410544,69.08358975511159,-0.05107960231448555,-22.922668920207798,61.22340774536133,-0.03244363939440192,1.2560026566024527,-0.010330305045264755,0.012205692657117018
65,2,8.94045,Forward,0.0660886828973028,19900.0,19903.461339909205,ok,0.0004791506658280756,14348.876331860827,ok,-33.75367361011013,69.08689603667295,-0.04777332075312398,-21.65321599312847,61.22520446777344,-0.030646916982291262,1.2560026566024527,-0.009280711606691333,0.012205692657117018
66,2,9.076033333333333,Forward,0.06565903255307301,19900.0,19906.994386967093,ok,0.0004824167863743722,14350.957048760412,ok,-30.220626552221802,69.09189654098196,-0.04277281644411081,-19.57249909354323,61.2281494140625,-0.027701970693228443,1.2560026566024527,-0.007979067660292598,0.012205692657117018
67,2,9.210816666666666,Forward,0.0653461049968169,19915.0,19906.123143351844,ok,0.00047748845061706746,14351.245438278878,ok,-31.091870167470915,69.09066342481316,-0.04400593261292214,-19.28410957507731,61.22855758666992,-0.027293798085806398,1.2560026566024527,-0.00972484970837837,0.012205692657117018
68,2,9.345583333333334,Forward,0.06507184763444088,19910.0,19906.877676750963,ok,0.0004743239425398797,14351.663198796281,ok,-30.337336768352543,69.09173135497423,-0.042938002451855764,-18.866349057674597,61.229148864746094,-0.02670252000963596,1.2560026566024527,-0.009399566381772848,0.012205692657117018
69,2,9.480616666666666,Forward,0.06480403165581017,19915.0,19909.41634404818,ok,0.00047919778552175056,14352.08365454283,ok,-27.798669471136236,69.09532446215647,-0.03934489526961844,-18.445893311125474,61.22974395751953,-0.02610742723619725,1.2560026566024527,-0.006553897303899471,0.012205692657117018
70,2,9.615916666666667,Forward,0.06468546812870943,19915.0,19907.571121829245,ok,0.00048373364410966065,14352.601138538581,ok,-29.643891690069722,69.09271282367396,-0.04195653375211821,-17.928409315374665,61.23047637939453,-0.025375005361198532,1.2560026566024527,-0.010085459607151376,0.012205692657117018
71,2,9.7507,Forward,0.06446782194367723,19910.0,19909.595326786784,ok,0.0004784731090249821,14353.118622534334,ok,-27.61968673253068,69.0955777856874,-0.039091571738691294,-17.410925319622038,61.23120880126953,-0.024642583486197238,1.2560026566024527,-0.008140421414479834,0.012205692657117018
72,2,9.886816666666666,Forward,0.06420518636177303,19915.0,19909.835749919617,ok,0.0004775722594884493,14354.757321854213,ok,-27.37926359969788,69.09591806898733,-0.03875128843874695,-15.772225999742659,61.23352813720703,-0.022323247548698723,1.2560026566024527,-0.010713230213587166,0.012205692657117018
73,2,10.02215,Forward,0.06413452315073218,19915.0,19911.725639869623,ok,0.0004823091431438569,14354.827397811972,ok,-25.489373649692425,69.09859292802082,-0.03607642940524985,-15.70215004198326,61.23362731933594,-0.022224065419790554,1.2560026566024527,-0.00816294419748621,0.012205692657117018
74,2,10.157716666666667,Forward,0.06391340235492299,19915.0,19911.628070009043,ok,0.000482110743487883,14354.865131019995,ok,-25.58694351027225,69.09845483234866,-0.036214525077417556,-15.664416833960786,61.233680725097656,-0.022170659658073345,1.2560026566024527,-0.008368117648248609,0.012205692657117018
75,2,10.292233333333334,Forward,0.06395844293891528,19915.0,19912.06575843616,ok,0.0004892179306980683,14354.900168998875,ok,-25.149255083153548,69.09907431542658,-0.03559504199951018,-15.629378855081086,61.23373031616211,-0.022121068593619262,1.2560026566024527,-0.007810921079039301,0.012205692657117018
76,2,10.42815,Forward,0.06375002297906077,19900.0,19912.26719057415,ok,0.0004768521437960804,14354.913645144597,ok,-24.947822945163352,69.09935941275403,-0.03530994467205036,-15.615902709358124,61.23374938964844,-0.022101995107290766,1.2560026566024527,-0.0075497801010787485,0.012205692657117018
77,2,10.563433333333334,Forward,0.06354235593459617,19915.0,19913.591413703078,ok,0.0004775433317149681,14354.927121290319,ok,-23.6235998162374,69.10123365426675,-0.03343570315932992,-15.602426563636982,61.233768463134766,-0.022082921620964847,1.2560026566024527,-0.005699494937854332,0.012205692657117018
78,2,10.698483333333334,Forward,0.06356932816648761,19910.0,19914.03354024468,ok,0.0004726865625614447,14355.412262536336,ok,-23.18147327463521,69.10185941883772,-0.032809938588355805,-15.117285317619462,61.23445510864258,-0.02139627611315194,1.2560026566024527,-0.005936158948837367,0.012205692657117018
79,2,10.8341,Forward,0.0633736074837869,19915.0,19915.56559842395,ok,0.000475039202364444,14355.881232407486,ok,-21.64941509536584,69.10402782005106,-0.030641537375020615,-14.648315446469496,61.2351188659668,-0.020732518788933226,1.2560026566024527,-0.004601438698060217,0.012205692657117018
80,2,10.9694,Forward,0.06330391023723225,19915.0,19915.203884310497,ok,0.00048534613698078457,14356.032165239581,ok,-22.011129208818602,69.10351586735037,-0.031153490075710794,-14.497382614374146,61.23533248901367,-0.02051889574205667,1.2560026566024527,-0.005381702513138863,0.012205692657117018
81,2,11.105233333333333,Forward,0.06321519210900459,19915.0,19915.211482544022,ok,0.0004815731023595933,14356.048336614449,ok,-22.00353097529296,69.10352662152343,-0.031142735902651868,-14.481211239506592,61.235355377197266,-0.020496007558462474,1.2560026566024527,-0.005399695959479051,0.012205692657117018
82,2,11.241083333333334,Forward,0.06313366111917085,19915.0,19915.716388838428,ok,0.0004762593585550617,14356.646677484536,ok,-21.498624680887588,69.10424124152692,-0.030428115899166552,-13.882870369419834,61.236202239990234,-0.01964914476549537,1.2560026566024527,-0.005748737873738193,0.012205692657117018
83,2,11.37665,Forward,0.06290883257444321,19915.0,19915.950677080826,ok,0.00047363059749264163,14357.013228648193,ok,-21.26433643848941,69.10457284179898,-0.030096515627087685,-13.516319205762557,61.23672103881836,-0.019130345937370632,1.2560026566024527,-0.006068750308026231,0.012205692657117018
84,2,11.510883333333334,Forward,0.06290477072444284,19915.0,19914.973482070498,ok,0.0004843431199475929,14357.018619106482,ok,-22.241531448817113,69.10318976713856,-0.03147959028752271,-13.510928747473372,61.23672866821289,-0.019122716542839237,1.2560026566024527,-0.007461407508260957,0.012205692657117018
85,2,11.645683333333332,Forward,0.06274146696016103,19915.0,19916.86478717994,ok,0.00048559785903228936,14357.018619106482,ok,-20.350226339374785,69.10586662912043,-0.028802728305650987,-13.510928747473372,61.23672866821289,-0.019122716542839237,1.2560026566024527,-0.0047845455263892354,0.012205692657117018
86,2,11.781,Forward,0.06271336582526066,19915.0,19916.98628775081,ok,0.0004769976336401233,14357.719378684063,ok,-20.228725768505683,69.1060385951651,-0.028630762260980856,-12.810169169892106,61.23772048950195,-0.018130895253775575,1.2560026566024527,-0.005858309655657933,0.012205692657117018
87,2,11.9163,Forward,0.06267618069601116,19915.0,19917.476471331476,ok,0.0004761003375985928,14357.786759412676,ok,-19.738542187838902,69.10673237735004,-0.02793698007603685,-12.742788441279117,61.237815856933594,-0.018035527822135678,1.2560026566024527,-0.005284309218206992,0.012205692657117018
88,2,12.0511,Forward,0.0625034048008575,19925.0,19917.62227306587,ok,0.0004754911338947359,14357.819102162412,ok,-19.592740453445003,69.10693873808884,-0.02773061933723196,-12.71044569154401,61.23786163330078,-0.017989751454947293,1.2560026566024527,-0.005135443718200319,0.012205692657117018
89,2,12.1856,Forward,0.062372876250224724,19915.0,19918.419400348997,ok,0.0004772346644076073,14357.875701974446,ok,-18.795613170317665,69.10806695357786,-0.026602403848222128,-12.65384587950939,61.23794174194336,-0.017909642812370195,1.2560026566024527,-0.004107844897084139,0.012205692657117018
90,2,12.320916666666667,Forward,0.06219861482767153,19915.0,19917.323292240948,ok,0.00048581326128807503,14358.255729283826,ok,-19.891721278367186,69.10651557505739,-0.028153782368700118,-12.273818570129151,61.23847961425781,-0.017371770497916966,1.2560026566024527,-0.006334792473428295,0.012205692657117018
91,2,12.4565,Forward,0.06228199398529219,19915.0,19918.65978740511,ok,0.00048363927003956163,14358.30424340843,ok,-18.555226114203833,69.10840718581656,-0.02626217160952484,-12.22530444552649,61.238548278808594,-0.017303105947134387,1.2560026566024527,-0.004529424572450352,0.012205692657117018
92,2,12.591266666666666,Forward,0.062153030353731126,19940.0,19919.44015287791,ok,0.0004752512165050673,14358.30424340843,ok,-17.77486064140612,69.10951167744811,-0.025157679977969166,-12.22530444552649,61.238548278808594,-0.017303105947134387,1.2560026566024527,-0.0034249329408946767,0.012205692657117018
93,2,12.7274,Forward,0.061995441294370346,19915.0,19919.857743958335,ok,0.00048388689916308264,14358.778603737868,ok,-17.357269560980058,69.11010271571136,-0.024566641714718836,-11.75094411608734,61.239219665527344,-0.016631719228384273,1.2560026566024527,-0.0036771581800020964,0.012205692657117018
94,2,12.862016666666667,Forward,0.062064622762974725,19915.0,19920.01909970182,ok,0.0004711819837231078,14358.983441152852,ok,-17.19591381749342,69.11033109084403,-0.02433826658204477,-11.546106701103781,61.23950958251953,-0.01634180223619889,1.2560026566024527,-0.0038129195597070634,0.012205692657117018
95,2,12.99785,Forward,0.061889051938024936,19915.0,19920.385926348925,ok,0.0004709541662095748,14358.983441152852,ok,-16.829087170390267,69.11085027957813,-0.02381907784794494,-11.546106701103781,61.23950958251953,-0.01634180223619889,1.2560026566024527,-0.0032937308256072335,0.012205692657117018
96,2,13.13315,Forward,0.06169785407681361,19925.0,19921.639010662882,ok,0.00048240180465873665,14359.352687545654,ok,-15.576002856432751,69.11262383464515,-0.022045522780935294,-11.176860308301912,61.24003219604492,-0.015819188710808455,1.2560026566024527,-0.0021765797348643444,0.012205692657117018
97,2,13.269916666666667,Forward,0.061664508736651,19940.0,19921.075215540015,ok,0.0004765322816223999,14359.67072458471,ok,-16.139797979300056,69.11182586623569,-0.02284349119038626,-10.858823269245477,61.240482330322266,-0.015369054433463723,1.2560026566024527,-0.0035399179924881195,0.012205692657117018
98,2,13.404666666666667,Forward,0.06159607597467437,19915.0,19920.262487663793,ok,0.00048066837540453256,14360.185513351318,ok,-16.952525855522254,69.11067557042006,-0.023993787006013827,-10.344034502637442,61.2412109375,-0.01464044725572813,1.2560026566024527,-0.0056053463589712076,0.012205692657117018
99,2,13.539733333333333,Forward,0.06131096722526996,19915.0,19922.46472431257,ok,0.00047773402471500126,14360.358008016568,ok,-14.750289206745947,69.11379250989788,-0.02087684752820947,-10.171539837387172,61.241455078125,-0.014396306630728557,1.2560026566024527,-0.0027950481547508975,0.012205692657117018
100,2,13.674766666666667,Forward,0.06139030085645725,19915.0,19921.54615011767,ok,0.00048122203218736834,14360.441560120049,ok,-15.668863401646377,69.11249240431069,-0.022176953115394405,-10.08798773390663,61.241573333740234,-0.01427805101549447,1.2560026566024527,-0.004243683108828004,0.012205692657117018
101,2,13.809016666666666,Forward,0.061128688948766996,19925.0,19923.42491356747,ok,0.0004840840401464731,14361.08302465645,ok,-13.79009995184606,69.11515151543273,-0.01951784199334835,-9.446523197506394,61.24248123168945,-0.013370153066276182,1.2560026566024527,-0.0027248942229240354,0.012205692657117018
102,2,13.944083333333333,Forward,0.06099552196706495,19925.0,19921.665170542565,ok,0.00047402735968466174,14361.08302465645,ok,-15.54984297675037,69.11266086007643,-0.02200849734964845,-9.446523197506394,61.24248123168945,-0.013370153066276182,1.2560026566024527,-0.005215549579224137,0.012205692657117018
103,2,14.078866666666666,Forward,0.06095644899367733,19915.0,19923.10871793169,ok,0.00048273331815969206,14361.163881530785,ok,-14.106295587625937,69.11470398738872,-0.019965370037357325,-9.365666323170444,61.24259567260742,-0.013255712148307792,1.2560026566024527,-0.003316160363925333,0.012205692657117018
104,2,14.214483333333334,Forward,0.0607792012059786,19915.0,19924.29466982372,ok,0.00047435985231063655,14361.304033446302,ok,-12.920343695594056,69.1163825264654,-0.018286830960685,-9.225514407653463,61.242794036865234,-0.013057347890494031,1.2560026566024527,-0.0018867673220420642,0.012205692657117018
105,2,14.35005,Forward,0.06060763756583426,19915.0,19924.33846685556,ok,0.00047981285380677943,14361.476528111552,ok,-12.876546663756017,69.11644451467072,-0.018224842755365425,-9.053019742403194,61.243038177490234,-0.012813207265494458,1.2560026566024527,-0.0021314203903065355,0.012205692657117018
106,2,14.48565,Forward,0.06046855403399534,19940.0,19925.039614092024,ok,0.00048645140187809937,14362.236582730313,ok,-12.175399427291268,69.11743688463345,-0.01723247279262561,-8.292965123642716,61.24411392211914,-0.011737462636587998,1.2560026566024527,-0.002490188539299056,0.012205692657117018
107,2,14.620716666666667,Forward,0.060442153219499334,19930.0,19924.862690213344,ok,0.0004840691814291413,14362.492629499044,ok,-12.352323305971368,69.11718647511351,-0.017482882312570114,-8.036918354911904,61.244476318359375,-0.011375066396354338,1.2560026566024527,-0.003195768699719777,0.012205692657117018
108,2,14.757516666666668,Forward,0.06028949230392916,19920.0,19925.23031353793,ok,0.0004721697709249794,14362.748676267774,ok,-11.984699981385347,69.11770679142647,-0.016962565999606855,-7.780871586181092,61.24483871459961,-0.011012670156120678,1.2560026566024527,-0.003130623027232736,0.012205692657117018
109,2,14.892833333333334,Forward,0.0601518454846692,19915.0,19925.66421373234,ok,0.00047896755464870875,14363.018199182228,ok,-11.550799786975404,69.11832091282261,-0.01634844460346406,-7.511348671727319,61.24522018432617,-0.010631200429558525,1.2560026566024527,-0.0029956286210654163,0.012205692657117018
110,2,15.02895,Forward,0.05999324174342646,19925.0,19928.012887188524,ok,0.00046985102862920136,14363.217646138924,ok,-9.202126330790634,69.12164511189093,-0.013024245535157158,-7.3119017150311265,61.24550247192383,-0.010348912831901964,1.2560026566024527,-2.598352534107992e-05,0.012205692657117018
111,2,15.163466666666666,Forward,0.059981615179384745,19915.0,19927.375358908666,ok,0.00047679334726748136,14363.824072696447,ok,-9.839654610648722,69.12074278512927,-0.013926572296820375,-6.705475157508772,61.246360778808594,-0.009490605947135185,1.2560026566024527,-0.0020063460144515467,0.012205692657117018
112,2,15.2991,Forward,0.05993233461830416,19930.0,19929.087606732322,ok,0.00047577942812860127,14363.867196362758,ok,-8.127406786992651,69.12316621806971,-0.011503139356357897,-6.662351491197114,61.246421813964844,-0.00942957079088658,1.2560026566024527,0.00034042660761653826,0.012205692657117018
113,2,15.434116666666666,Forward,0.05972527054233687,19925.0,19927.716585917315,ok,0.00047768717376356655,14364.15289065208,ok,-9.498427602000447,69.12122574137047,-0.013443616055609928,-6.376657201875787,61.246826171875,-0.009025212880730233,1.2560026566024527,-0.0021079247010100804,0.012205692657117018
114,2,15.569466666666667,Forward,0.05966397505661436,19925.0,19927.897184776004,ok,0.0004769295581793132,14364.185233401815,ok,-9.31782874331111,69.12148135227977,-0.01318800514630643,-6.344314452140679,61.24687194824219,-0.008979436513541847,1.2560026566024527,-0.0019098090305048054,0.012205692657117018
115,2,15.704783333333333,Forward,0.059506225625880926,19925.0,19929.34011476486,ok,0.00047369849360607414,14364.460146774558,ok,-7.874898754456808,69.12352360575352,-0.011145751672563329,-6.069401079397721,61.24726104736328,-0.008590337392448294,1.2560026566024527,-0.000356265086536885,0.012205692657117018
116,2,15.839833333333333,Forward,0.05944184220452836,19940.0,19929.7598991133,ok,0.0004765470319847079,14364.751231522168,ok,-7.455114406013308,69.12411774826248,-0.01055160916360319,-5.7783163317872095,61.24767303466797,-0.008178350087760551,1.2560026566024527,-0.00027957972675103464,0.012205692657117018
117,2,15.974883333333333,Forward,0.05941677468592221,19925.0,19928.963727943512,ok,0.00048058114166545503,14364.966849853732,ok,-8.251285575803195,69.12299088601014,-0.01167847141593502,-5.562698000223463,61.24797821044922,-0.007873174306509797,1.2560026566024527,-0.0017897435710645428,0.012205692657117018
118,2,16.109666666666666,Forward,0.059223244498273264,19925.0,19929.77913790255,ok,0.0004746988605729724,14365.50589568264,ok,-7.435875616763951,69.12414497791636,-0.010524379509719352,-5.023652171315916,61.248741149902344,-0.007110234853385489,1.2560026566024527,-0.0015939056447998277,0.012205692657117018
119,2,16.244966666666667,Forward,0.05915420565506882,19940.0,19929.610877436025,ok,0.0004850989510789094,14365.54093366152,ok,-7.604136083289632,69.1239068301719,-0.01076252725417683,-4.988614192436216,61.2487907409668,-0.007060643788931405,1.2560026566024527,-0.0018943398979553785,0.012205692657117018
120,2,16.381083333333333,Forward,0.0589647863173485,19940.0,19930.905340470592,ok,0.0004803233710339286,14365.743075847358,ok,-6.309673048723198,69.12573895068323,-0.008930406742859168,-4.786472006597251,61.24907684326172,-0.00677454149401172,1.2560026566024527,-0.0004215646291169002,0.012205692657117018
121,2,16.516933333333334,Forward,0.05896998748996665,19940.0,19931.609601226424,ok,0.0004738777450149522,14365.91557051261,ok,-5.605412292890833,69.12673572737103,-0.007933630055057707,-4.613977341345162,61.24932098388672,-0.006530400869009573,1.2560026566024527,0.00026857078509728155,0.012205692657117018
122,2,16.652,Forward,0.05880676466154405,19940.0,19931.234717938725,ok,0.00047642052166200984,14366.214740947653,ok,-5.980295580589882,69.12620513565662,-0.008464221769462031,-4.314806906302692,61.2497444152832,-0.006106969472527307,1.2560026566024527,-0.0007938518881776555,0.012205692657117018
123,2,16.78705,Forward,0.058789255938407586,19940.0,19931.462349574726,ok,0.00048131591181714453,14366.627111006768,ok,-5.752663944589585,69.12652731448924,-0.008142042936846217,-3.902436847187346,61.250328063964844,-0.005523320790885691,1.2560026566024527,-0.001204737350226229,0.012205692657117018
124,2,16.922616666666666,Forward,0.058775203251962616,19925.0,19932.725152678187,ok,0.00048142979883861235,14366.737615401695,ok,-4.4898608411276655,69.1283146250619,-0.006354732364178453,-3.7919324522608804,61.250484466552734,-0.005366918202994616,1.2560026566024527,0.0003861311565508457,0.012205692657117018
125,2,17.05765,Forward,0.05864712649523335,19940.0,19931.072926962806,ok,0.00047721117091805294,14366.920890983523,ok,-6.14208655650873,69.12597614451695,-0.00869321290911733,-3.6086568704322417,61.2507438659668,-0.005107518788932248,1.2560026566024527,-0.0022781557415714852,0.012205692657117018
126,2,17.192966666666667,Forward,0.058499959787342765,19925.0,19932.656426368354,ok,0.0004827726840856906,14367.282051688891,ok,-4.5585871509611025,69.12821735315953,-0.006452004266543117,-3.247496165064149,61.25125503540039,-0.00459634935533891,1.2560026566024527,-0.0006789772655644757,0.012205692657117018
127,2,17.327766666666665,Forward,0.05846875052059969,19930.0,19932.422948076146,ok,0.0004771040198250865,14367.454546354142,ok,-4.792065443169122,69.12788689925188,-0.006782458174209167,-3.0750014998138795,61.25149917602539,-0.004352208730339337,1.2560026566024527,-0.0013160724468145712,0.012205692657117018
128,2,17.462783333333334,Forward,0.058402187803204664,19925.0,19932.94621977324,ok,0.0004811405111972811,14367.823792746944,ok,-4.268793746075971,69.12862751276005,-0.006041844666031648,-2.70575510701201,61.25202178955078,-0.0038295952049489023,1.2560026566024527,-0.0012318629149038118,0.012205692657117018
129,2,17.5992,Forward,0.05822906247362894,19940.0,19934.83863316681,ok,0.00048285742604629606,14368.015154016206,ok,-2.3763803525034746,69.1313059433538,-0.0033634140722853287,-2.5143938377495942,61.25229263305664,-0.0035587516990894384,1.2560026566024527,0.0011063875159594981,0.012205692657117018
130,2,17.734916666666667,Forward,0.058127976079592636,19940.0,19934.37841245237,ok,0.00047616112325801877,14368.228077118625,ok,-2.83660106694515,69.13065456916377,-0.0040147882623133005,-2.30147073533044,61.252593994140625,-0.003257390615104384,1.2560026566024527,7.650300384970301e-05,0.012205692657117018
131,2,17.871066666666668,Forward,0.058155912702555934,19940.0,19933.69848875875,ok,0.0004836357782602114,14368.473342970778,ok,-3.5165247605655168,69.12969223797937,-0.004977119446710525,-2.0562048831779975,61.2529411315918,-0.0029102531639335185,1.2560026566024527,-0.0013218337414243322,0.012205692657117018
132,2,18.006633333333333,Forward,0.05808269319950424,19940.0,19934.880150082477,ok,0.00048077144865235584,14368.497600033079,ok,-2.3348634368376224,69.13136470439272,-0.0033046530333627065,-2.031947820876667,61.25297546386719,-0.0028759208885422295,1.2560026566024527,0.00030751124282482004,0.012205692657117018
133,2,18.14335,Forward,0.05797938201679903,19930.0,19934.83671128782,ok,0.00047605565071663316,14368.594628282282,ok,-2.378302231496491,69.13130322321902,-0.003366134207066586,-1.9349195716731629,61.25311279296875,-0.002738591786979648,1.2560026566024527,7.354435272951014e-05,0.012205692657117018
134,2,18.27865,Forward,0.05779614170691044,19940.0,19934.510191072244,ok,0.00048283367571544665,14368.653923323463,ok,-2.70482244707091,69.130841082263,-0.003828275163076293,-1.8756245304921322,61.253196716308594,-0.0026546684471342747,1.2560026566024527,-0.000494004541076936,0.012205692657117018
135,2,18.41395,Forward,0.05785041430799978,19940.0,19934.422139519673,ok,0.00047876039961683095,14368.7832943224,ok,-2.7928739996423246,69.13071645834466,-0.003952899081420541,-1.7462535315553396,61.253379821777344,-0.0024715629783858824,1.2560026566024527,-0.0008486094146076019,0.012205692657117018
136,2,18.549266666666668,Forward,0.05767179212565432,19935.0,19935.479981617285,ok,0.0004767691283582314,14368.831808447003,ok,-1.735031902029732,69.13221367700059,-0.002455680425485359,-1.697739406952678,61.253448486328125,-0.0024028984276033044,1.2560026566024527,0.0005623663831302475,0.012205692657117018
137,2,18.684833333333334,Forward,0.057711389732929,19940.0,19936.037061246338,ok,0.00047997761986916384,14369.225311902104,ok,-1.1779522729775636,69.13300214062417,-0.0016672168019060548,-1.3042359518512967,61.254005432128906,-0.0018459526268241554,1.2560026566024527,0.0006513046013473603,0.012205692657117018
138,2,18.819816666666668,Forward,0.057521974896245914,19940.0,19936.660603538963,ok,0.00047735184172555204,14369.659243794376,ok,-0.5544099803519202,69.13388467229444,-0.0007846851316400768,-0.8703040595792118,61.25461959838867,-0.0012317863670569503,1.2560026566024527,0.0007624418177501366,0.012205692657117018
139,2,18.954816666666666,Forward,0.0575672813824237,19940.0,19936.311944665045,ok,0.0004809114493460961,14369.831738459627,ok,-0.9030688542698044,69.13339119734977,-0.0012781600763084105,-0.6978093943289423,61.25486373901367,-0.0009876457420573775,1.2560026566024527,-3.767440050224369e-05,0.012205692657117018
140,2,19.089866666666666,Forward,0.05748283299463644,19930.0,19935.995046386874,ok,0.0004888218981114128,14370.311489247355,ok,-1.2199671324415249,69.13294267481963,-0.0017266826064508982,-0.21805860660060716,61.25554275512695,-0.0003086296287758675,1.2560026566024527,-0.0013390429728021799,0.012205692657117018
141,2,19.226266666666668,Forward,0.057286308720906814,19940.0,19937.78688948996,ok,0.0004771635014059518,14370.392346121691,ok,0.5718759706433048,69.13547876307751,0.0008094056514299977,-0.13720173226465704,61.25565719604492,-0.0001941887108074787,1.2560026566024527,0.0010533071880863964,0.012205692657117018
142,2,19.362116666666665,Forward,0.057258351059004425,19940.0,19937.65672593303,ok,0.00047213986783163224,14370.68882132759,ok,0.44171241371441283,69.13529453586042,0.0006251784343466133,0.1592734736350394,61.25607681274414,0.00022542798841166338,1.2560026566024527,0.0003420402820290171,0.012205692657117018
143,2,19.49876666666667,Forward,0.05709839939837205,19940.0,19937.305962282328,ok,0.00048253642879535143,14370.974515616912,ok,0.09094876301242039,69.13479808191627,0.00012872449018973736,0.44496776295636664,61.2564811706543,0.0006297858985680104,1.2560026566024527,-0.0006622882715024464,0.012205692657117018
144,2,19.634833333333333,Forward,0.056923130128304106,19940.0,19938.13528189401,ok,0.00047764157512748476,14371.093105699272,ok,0.9202683746952971,69.13597186087358,0.001302503447509371,0.563557845316609,61.256649017333984,0.000797632578256182,1.2560026566024527,0.0003006748102269425,0.012205692657117018
145,2,19.771466666666665,Forward,0.0569628290917282,19940.0,19938.135123034277,ok,0.0004801218197727592,14371.109277074138,ok,0.9201095149619505,69.13597163603119,0.0013022786051089974,0.5797292201823439,61.25667190551758,0.0008205207618478002,1.2560026566024527,0.00027170234843069204,0.012205692657117018
146,2,19.908383333333333,Forward,0.05690770775771367,19940.0,19938.60762342221,ok,0.0004832615054696076,14372.160416440509,ok,1.392609902894037,69.13664039027849,0.0019710328524065093,1.6308685865533334,61.25815963745117,0.002308252695442004,1.2560026566024527,-0.00092813866517842,0.012205692657117018
147,2,20.0453,Forward,0.0567923479364284,19955.0,19938.755071362797,ok,0.00047966278646814696,14372.335606334904,ok,1.540057843481918,69.1368490809781,0.0021797235520162406,1.8060584809481952,61.25840759277344,0.0025562080177072757,1.2560026566024527,-0.001030880509052587,0.012205692657117018
148,2,20.18113333333333,Forward,0.05666145105091408,19940.0,19938.937332020818,ok,0.00047347345985749233,14372.335606334904,ok,1.7223185015027411,69.13710704391798,0.0024376864918989136,1.8060584809481952,61.25840759277344,0.0025562080177072757,1.2560026566024527,-0.000772917569169914,0.012205692657117018
149,2,20.316716666666668,Forward,0.056704571382325986,19940.0,19940.25115358647,ok,0.0004778122260630059,14372.427244125818,ok,3.0361400671536103,69.13896656355999,0.004297206133915318,1.8976962718625145,61.25853729248047,0.0026859077247384597,1.2560026566024527,0.0009236988962547628,0.012205692657117018
150,2,20.451233333333334,Forward,0.056588616990582485,19940.0,19941.578234682187,ok,0.00048510467189088834,14372.621300624225,ok,4.363221162871923,69.14084485010099,0.0061754926749147685,2.0917527702695224,61.258811950683594,0.0029605659278636224,1.2560026566024527,0.0024570140044713534,0.012205692657117018
151,2,20.5868,Forward,0.05644922790456344,19925.0,19939.65513575227,ok,0.0004805035431259181,14372.675205207117,ok,2.440122232954309,69.13812298867992,0.00345363125383895,2.1456573531613685,61.258888244628906,0.003036859873177598,1.2560026566024527,-0.0003606728146015011,0.012205692657117018
152,2,20.722383333333333,Forward,0.056409549488082134,19940.0,19940.21017938279,ok,0.0004783851280521829,14373.09296572452,ok,2.99516586347454,69.13890857064942,0.004239213223348755,2.5634178705640807,61.25947952270508,0.0036281379493480364,1.2560026566024527,-0.0003177376795525542,0.012205692657117018
153,2,20.8585,Forward,0.056197145993352654,19940.0,19941.100483530834,ok,0.0004857331477979939,14373.521507158503,ok,3.885470011518919,69.14016866417654,0.005499306750461051,2.991959304546981,61.26008605957031,0.004234674814583844,1.2560026566024527,0.00018054393349624387,0.012205692657117018
154,2,20.993033333333333,Forward,0.056179781629782016,19940.0,19940.84699359055,ok,0.0004779828962735971,14373.575411741393,ok,3.6319800712335564,69.1398098867479,0.005140529321822422,3.045863887437008,61.260162353515625,0.004310968759895245,1.2560026566024527,-0.00027405889313618717,0.012205692657117018
155,2,21.128083333333333,Forward,0.056038201050104514,19955.0,19940.999845496623,ok,0.00048690159950494935,14373.575411741393,ok,3.7848319773074763,69.14002622595947,0.005356868533398152,3.045863887437008,61.260162353515625,0.004310968759895245,1.2560026566024527,-5.7719681560456856e-05,0.012205692657117018
156,2,21.263666666666666,Forward,0.055981415710872506,19940.0,19940.900082058695,ok,0.0004792211375842494,14373.632011553429,ok,3.685068539380154,69.13988502560379,0.005215668177709793,3.1024636994734465,61.2602424621582,0.004391077402474919,1.2560026566024527,-0.00029953670514570267,0.012205692657117018
157,2,21.39975,Forward,0.05588468315944986,19945.0,19942.573879829244,ok,0.00047004547956594505,14373.823372822691,ok,5.358866309928999,69.1422540381946,0.007584680768515398,3.293824968735862,61.26051330566406,0.004661920908334383,1.2560026566024527,0.0017292957227768926,0.012205692657117018
158,2,21.534783333333333,Forward,0.05594822396617036,19955.0,19942.426218969995,ok,0.0004766243053738854,14374.3866757139,ok,5.211205450679699,69.14204504614018,0.0073756887141072595,3.8571278599447396,61.26131057739258,0.0054591926368499815,1.2560026566024527,0.000518928259319134,0.012205692657117018
159,2,21.66955,Forward,0.05581344384973996,19925.0,19942.333426287212,ok,0.00048070552785966765,14374.456751671658,ok,5.118412767897098,69.14191371185494,0.007244354428858134,3.9272038177023205,61.261409759521484,0.005558374765755575,1.2560026566024527,0.00026302095667709614,0.012205692657117018
160,2,21.8054,Forward,0.05564711554430721,19940.0,19942.277745073152,ok,0.0004708028952090682,14374.456751671658,ok,5.062731553836784,69.14183490335161,0.007165545925524441,3.9272038177023205,61.261409759521484,0.005558374765755575,1.2560026566024527,0.00018421245334340319,0.012205692657117018
161,2,21.9402,Forward,0.055636535573721946,19940.0,19943.316898688045,ok,0.0004813565428648053,14374.615770191185,ok,6.1018851687294955,69.14330567123096,0.008636313804881078,4.0862223372296285,61.261634826660156,0.005783441904426654,1.2560026566024527,0.0013722954086152527,0.012205692657117018
162,2,22.0747,Forward,0.05553865163358923,19940.0,19943.046215751463,ok,0.00047988266137998496,14375.11708281207,ok,5.831202232147916,69.14292255966507,0.008253202238979226,4.587534958114702,61.26234436035156,0.006492975595833754,1.2560026566024527,9.800764135713819e-05,0.012205692657117018
163,2,22.209483333333335,Forward,0.05542310768870448,19940.0,19943.61344220992,ok,0.00047562756474443514,14375.270710873308,ok,6.398428690605215,69.14372538462132,0.009056027195235912,4.741163019352825,61.2625617980957,0.006710413339973435,1.2560026566024527,0.00062773021332874,0.012205692657117018
164,2,22.344533333333334,Forward,0.05544519338704362,19955.0,19942.833575793335,ok,0.0004756623558525725,14375.154816020093,ok,5.618562274019496,69.14262159932984,0.007952241903759384,4.625268166137175,61.26239776611328,0.006546381357550962,1.2560026566024527,-0.00027003047245739535,0.012205692657117018
165,2,22.4801,Forward,0.055261429714664745,19940.0,19944.01606601213,ok,0.0004768524300617082,14375.270710873308,ok,6.801052492814051,69.14429523892126,0.009625881495183985,4.741163019352825,61.2625617980957,0.006710413339973435,1.2560026566024527,0.0011975845132768132,0.012205692657117018
166,2,22.6156,Forward,0.055292646512364096,19940.0,19945.010307764685,ok,0.00048286533392924636,14375.52136718375,ok,7.7952942453703145,69.14570244071801,0.011033083291932755,4.991819329794453,61.262916564941406,0.007065180185675698,1.2560026566024527,0.0021591982093490687,0.012205692657117018
167,2,22.751166666666666,Forward,0.055175768852661844,19940.0,19944.888430073595,ok,0.00048369105304715707,14375.524062412895,ok,7.673416554280266,69.14552994091558,0.010860583489500848,4.994514558939045,61.26292037963867,0.0070689948829413965,1.2560026566024527,0.0019819071370173105,0.012205692657117018
168,2,22.886466666666667,Forward,0.05506508925764578,19955.0,19944.811382622775,ok,0.0004785958793935997,14375.685776161568,ok,7.596369103459438,69.14542089167182,0.01075153424574175,5.156228307612764,61.26314926147461,0.007297876718880749,1.2560026566024527,0.001585381699270338,0.012205692657117018
169,2,23.022666666666666,Forward,0.05506182701886117,19940.0,19945.074064147266,ok,0.00048238476211793526,14375.984946596613,ok,7.859050627950637,69.14579267842518,0.011123320999100616,5.455398742657053,61.263572692871094,0.00772130811536559,1.2560026566024527,0.0014253374937553565,0.012205692657117018
170,2,23.15825,Forward,0.0549164421517844,19940.0,19945.098630509645,ok,0.0004751365803735436,14376.205955386464,ok,7.883616990329756,69.14582744846898,0.011158091042895895,5.676407532508165,61.263885498046875,0.008034113291145166,1.2560026566024527,0.0010672234057724928,0.012205692657117018
171,2,23.293533333333333,Forward,0.05487322832155336,19940.0,19946.38918874383,ok,0.0004763900928867182,14376.278726573366,ok,9.174175224514329,69.14765404231427,0.012984684888189754,5.749178719410338,61.26398849487305,0.008137110117316458,1.2560026566024527,0.0027644529637735876,0.012205692657117018
172,2,23.427516666666666,Forward,0.0549035004421394,19940.0,19946.88936757976,ok,0.0004820517221534444,14376.391926197437,ok,9.674354060443875,69.14836197130117,0.013692613875084653,5.862378343481396,61.2641487121582,0.008297327402473232,1.2560026566024527,0.003271148614877945,0.012205692657117018
173,2,23.5634,Forward,0.05480390332149587,19940.0,19946.12488523624,ok,0.00047079564099898976,14376.774648735962,ok,8.909871716925409,69.14727995988432,0.012610602458227546,6.245100882006227,61.26469039916992,0.00883901441419216,1.2560026566024527,0.0015087768722548203,0.012205692657117018
174,2,23.698166666666665,Forward,0.054683888209882486,19940.0,19946.9225412594,ok,0.00047997835926295743,14376.871676985165,ok,9.707527740083606,69.14840892372644,0.013739566300361277,6.342129131209731,61.264827728271484,0.008976343515754742,1.2560026566024527,0.0024652549979971208,0.012205692657117018
175,2,23.83295,Forward,0.05465288008202371,19940.0,19946.87553888069,ok,0.0004836085737357426,14376.898629276611,ok,9.660525361374312,69.14834239882785,0.013673041401762794,6.369081422655654,61.26486587524414,0.009014490488411731,1.2560026566024527,0.0023508174004001174,0.012205692657117018
176,2,23.96825,Forward,0.054572387083014845,19940.0,19947.714079137,ok,0.0004834106433273517,14377.499665375843,ok,10.499065617685119,69.1495292282406,0.014859870814521706,6.970117521887005,61.265716552734375,0.009865167978644536,1.2560026566024527,0.0024691936255147196,0.012205692657117018
177,2,24.1033,Forward,0.05447026447128972,19940.0,19948.149067425282,ok,0.00048222025453043763,14377.685636186816,ok,10.93405390596672,69.1501448896723,0.01547553224622154,7.156088332860236,61.2659797668457,0.010128382089972602,1.2560026566024527,0.0027542574341312496,0.012205692657117018
178,2,24.23755,Forward,0.05446307589587612,19955.0,19947.90671065672,ok,0.0004859698862116046,14377.763797832009,ok,10.691697137404844,69.14980186959767,0.015132512171579082,7.234249978053413,61.266090393066406,0.010239008310677868,1.2560026566024527,0.0022722905323930877,0.012205692657117018
179,2,24.373116666666668,Forward,0.05440195347113877,19955.0,19947.840132849615,ok,0.00048078414466481945,14377.763797832009,ok,10.62511933029964,69.14970763858237,0.015038281156294159,7.234249978053413,61.266090393066406,0.010239008310677868,1.2560026566024527,0.002178059517108165,0.012205692657117018
180,2,24.508166666666668,Forward,0.05432497400908515,19955.0,19948.233140510674,ok,0.0004843315365226246,14377.78266443602,ok,11.018126991359168,69.1502638826602,0.015594525234112349,7.25311658206374,61.266117095947266,0.010265711191535184,1.2560026566024527,0.002700764705630628,0.012205692657117018
181,2,24.643483333333332,Forward,0.054142095399432155,19945.0,19948.53742249995,ok,0.00048202736749206607,14378.057577808764,ok,11.322408980635373,69.15069454870387,0.0160251912777852,7.528029954808517,61.26650619506836,0.01065481031263131,1.2560026566024527,0.0026427212195250637,0.012205692657117018
182,2,24.779183333333332,Forward,0.054151614674284976,19940.0,19948.939604434407,ok,0.00048629402100179835,14378.154606057966,ok,11.72459091509154,69.15126377760552,0.016594420179439663,7.625058204010202,61.26664352416992,0.010792139414191318,1.2560026566024527,0.003039464404791331,0.012205692657117018
183,2,24.914466666666666,Forward,0.053987712705590635,19955.0,19949.93857095496,ok,0.0004850403025051721,14378.855365635547,ok,12.723557435645489,69.15267766661088,0.018008309184805928,8.325817781591468,61.267635345458984,0.011783960703254978,1.2560026566024527,0.0032076232362187682,0.012205692657117018
184,2,25.049783333333334,Forward,0.053934289275839264,19940.0,19948.88610994344,ok,0.0004819275244717805,14378.855365635547,ok,11.671096424124698,69.15118806408452,0.016518706658446246,8.325817781591468,61.267635345458984,0.011783960703254978,1.2560026566024527,0.001718020709859087,0.012205692657117018
185,2,25.184316666666668,Forward,0.05383808265405696,19955.0,19949.177763551445,ok,0.0004809254108279341,14378.855365635547,ok,11.962750032129406,69.15160085652676,0.016931499100684044,8.325817781591468,61.267635345458984,0.011783960703254978,1.2560026566024527,0.002130813152096884,0.012205692657117018
186,2,25.318833333333334,Forward,0.053875646265006766,19940.0,19949.919694594555,ok,0.0004834138042682943,14378.774508761211,ok,12.704681075239932,69.1526509499213,0.01798159249521762,8.244960907255518,61.267520904541016,0.01166951978528659,1.2560026566024527,0.00332464464362278,0.012205692657117018
187,2,25.453616666666665,Forward,0.05392687651564626,19955.0,19949.441195960677,ok,0.0004777623608855353,14378.774508761211,ok,12.226182441361743,69.15197370604615,0.017304348620069545,8.244960907255518,61.267520904541016,0.01166951978528659,1.2560026566024527,0.0026474007684747034,0.012205692657117018
188,2,25.588183333333333,Forward,0.05369174549122818,19955.0,19950.297973509594,ok,0.00047885933569848154,14378.774508761211,ok,13.08295999027905,69.15318634764277,0.018516990216693917,8.244960907255518,61.267520904541016,0.01166951978528659,1.2560026566024527,0.0038600423650990753,0.012205692657117018
189,2,25.72375,Forward,0.05365450961814211,19955.0,19951.180759510844,ok,0.0004807503275053806,14379.56960135885,ok,13.96574599152882,69.15443580034773,0.01976644292164159,9.040053504893876,61.268646240234375,0.012794855478644559,1.2560026566024527,0.0036960704496195804,0.012205692657117018
190,2,25.8596,Forward,0.053506894652731396,19955.0,19950.009153647094,ok,0.0004896954448652309,14379.704362816077,ok,12.794140127778519,69.15277756594718,0.018108208521092694,9.174814962121673,61.268836975097656,0.012985590341926923,1.2560026566024527,0.001798272554081326,0.012205692657117018
191,2,25.994366666666668,Forward,0.05356425749355309,19940.0,19951.448166433933,ok,0.0004839521708425222,14379.704362816077,ok,14.233152914617676,69.15481427520221,0.020144917776138714,9.174814962121673,61.268836975097656,0.012985590341926923,1.2560026566024527,0.003834981809127346,0.012205692657117018
192,2,26.129133333333332,Forward,0.05349382049373266,19955.0,19950.678801411777,ok,0.00048495278271040634,14379.825648127582,ok,13.463787892462278,69.15372535307765,0.01905599565156573,9.296100273626507,61.26900863647461,0.013157251718880793,1.2560026566024527,0.002530452539064268,0.012205692657117018
193,2,26.26418333333333,Forward,0.05345005187169058,19950.0,19951.426923385457,ok,0.00048419270448334697,14379.822952898438,ok,14.211909866142378,69.15478420881655,0.02011485139046742,9.293405044481915,61.269004821777344,0.013153437021615096,1.2560026566024527,0.0035940995478658047,0.012205692657117018
194,2,26.400616666666668,Forward,0.05348115513998064,19940.0,19951.517700515335,ok,0.0004786928328328659,14379.825648127582,ok,14.302686996019474,69.15491269038549,0.02024333295940004,9.296100273626507,61.26900863647461,0.013157251718880793,1.2560026566024527,0.003717789846898578,0.012205692657117018
195,2,26.53595,Forward,0.05337147871120576,19940.0,19952.113741973237,ok,0.00047994940108105196,14379.833733815016,ok,14.898728453921649,69.1557562987014,0.021086941275325427,9.304185961060284,61.269020080566406,0.01316869581067789,1.2560026566024527,0.004547024353124408,0.012205692657117018
196,2,26.67043333333333,Forward,0.053292970601425904,19955.0,19951.913924045937,ok,0.0004725420454589484,14379.89572408534,ok,14.698910526622058,69.15547348604986,0.020804128623779006,9.366176231384088,61.269107818603516,0.013256433847786388,1.2560026566024527,0.00415401249388463,0.012205692657117018
197,2,26.804933333333334,Forward,0.05329163260964878,19955.0,19952.299939302222,ok,0.00047867785671999074,14380.229932499262,ok,15.084925782906794,69.1560198334154,0.02135047598931632,9.700384645306258,61.26958084106445,0.013729456308722738,1.2560026566024527,0.004106242391853258,0.012205692657117018
198,2,26.939983333333334,Forward,0.05313875568813192,19955.0,19952.90999401921,ok,0.0004854126866472414,14380.321570290176,ok,15.694980499894882,69.15688327542199,0.02221391799590427,9.792022436220577,61.269710540771484,0.013859156015753922,1.2560026566024527,0.004806781221849479,0.012205692657117018
199,2,27.075566666666667,Forward,0.053089948983003094,19955.0,19951.842063783875,ok,0.00048574017972150663,14380.475198351416,ok,14.62705026456024,69.15537177850274,0.020702421076667615,9.94565049746052,61.269927978515625,0.014076593759896177,1.2560026566024527,0.003022181918324509,0.012205692657117018
200,2,27.210883333333335,Forward,0.05303045619679736,19955.0,19953.586960152472,ok,0.0004859050501369431,14380.607264579497,ok,16.371946633156767,69.15784142061817,0.023172063192095155,10.077716725541904,61.27011489868164,0.014263513925910269,1.2560026566024527,0.005257051808665779,0.012205692657117018
201,2,27.346466666666668,Forward,0.05298038509964445,19955.0,19953.430817751447,ok,0.0004837447777130103,14380.607264579497,ok,16.21580423213163,69.15762042419884,0.02295106677275719,10.077716725541904,61.27011489868164,0.014263513925910269,1.2560026566024527,0.005036055389327814,0.012205692657117018
202,2,27.4815,Forward,0.05296146076619457,19940.0,19953.700676027383,ok,0.0004785808669874336,14380.979206201444,ok,16.485662508068344,69.15800236857986,0.023333011153778525,10.449658347488366,61.2706413269043,0.014789942148566403,1.2560026566024527,0.0047568045241825375,0.012205692657117018
203,2,27.617866666666668,Forward,0.05293064513074691,19955.0,19952.645039282706,ok,0.00047374582392811196,14381.235252970177,ok,15.430025763391313,69.15650827127405,0.02183891384796308,10.705705116220997,61.27100372314453,0.015152338388802637,1.2560026566024527,0.00280753657788764,0.012205692657117018
204,2,27.753183333333332,Forward,0.05285066330148333,19940.0,19953.076650821968,ok,0.0004870756201990478,14381.18404361643,ok,15.861637302652525,69.15711915341814,0.02244979599205359,10.654495762473744,61.270931243896484,0.01507985914075436,1.2560026566024527,0.0035094528500753328,0.012205692657117018
205,2,27.888233333333332,Forward,0.05284713799071111,19950.0,19954.07087626014,ok,0.0004884912965417158,14381.294548011356,ok,16.855862740823795,69.1585263321243,0.023856974698209136,10.765000157400209,61.271087646484375,0.015236261728645435,1.2560026566024527,0.004720189490340192,0.012205692657117018
206,2,28.02355,Forward,0.05268433746090445,19965.0,19954.70693841694,ok,0.0004772096773362917,14381.294548011356,ok,17.491924897625722,69.15942658380612,0.024757226380050387,10.765000157400209,61.271087646484375,0.015236261728645435,1.2560026566024527,0.005620441172181443,0.012205692657117018
207,2,28.159666666666666,Forward,0.05277312733780917,19940.0,19953.52733459564,ok,0.00047031315882352734,14381.294548011356,ok,16.312321076326043,69.15775702948243,0.02308767205634913,10.765000157400209,61.271087646484375,0.015236261728645435,1.2560026566024527,0.003950886848480186,0.012205692657117018
208,2,28.29446666666667,Forward,0.05267756402823698,19955.0,19955.531785697218,ok,0.0004765881325948608,14381.458956989172,ok,18.31677217790275,69.1605940328414,0.025924675415322604,10.929409135216702,61.27132034301758,0.015468958261847913,1.2560026566024527,0.0064956227435691676,0.012205692657117018
209,2,28.429783333333333,Forward,0.05256691147841444,19955.0,19953.967742763358,ok,0.00048409765231522756,14381.572156613243,ok,16.752729244042712,69.15838036194992,0.02371100452385045,11.04260875928776,61.271480560302734,0.015629175547004687,1.2560026566024527,0.00408071851630647,0.012205692657117018
210,2,28.565616666666667,Forward,0.0525546716675325,19940.0,19954.252280197783,ok,0.0004821908811275671,14381.803946319675,ok,17.03726667846786,69.15878308250349,0.024113725077413897,11.27439846571906,61.27180862426758,0.015957239511849634,1.2560026566024527,0.004071389858489132,0.012205692657117018
211,2,28.700666666666667,Forward,0.05259933576216694,19955.0,19953.36434659799,ok,0.00048742757561397247,14381.957574380913,ok,16.149333078676136,69.15752634413599,0.022856986709901207,11.428026526957183,61.27202606201172,0.016174677255989315,1.2560026566024527,0.0025415491066913577,0.012205692657117018
212,2,28.835716666666666,Forward,0.05249780629362305,19950.0,19953.213028831407,ok,0.0004816030879066785,14381.998002818082,ok,15.99801531209232,69.1573121762714,0.022642818845325728,11.468454964126067,61.2720832824707,0.016231897714974797,1.2560026566024527,0.002255512193618102,0.012205692657117018
213,2,28.970233333333333,Forward,0.05252268347291161,19940.0,19954.83021076005,ok,0.0004760982559631741,14382.065383546695,ok,17.615197240735142,69.15960105753173,0.024931700105647814,11.535835692739056,61.272178649902344,0.01632726514661469,1.2560026566024527,0.004424611706447128,0.012205692657117018
214,2,29.10555,Forward,0.0524493423541717,19940.0,19955.31448791079,ok,0.0004802621856234545,14382.086945379851,ok,18.09947439147436,69.16028648004078,0.025617122614703062,11.557397525895794,61.27220916748047,0.01635778272474028,1.2560026566024527,0.005071704056303562,0.012205692657117018
215,2,29.24085,Forward,0.05248729796454746,19955.0,19955.56178438347,ok,0.00047719197396499353,14382.086945379851,ok,18.346770864154678,69.16063649153426,0.02596713410817601,11.557397525895794,61.27220916748047,0.01635778272474028,1.2560026566024527,0.00542171554977651,0.012205692657117018
216,2,29.37615,Forward,0.052436056782817486,19940.0,19954.633638995034,ok,0.00048501454048812103,14382.016869422092,ok,17.418625475718727,69.15932283934163,0.024653481915544676,11.487321568136394,61.27210998535156,0.01625860059583211,1.2560026566024527,0.004232636374541323,0.012205692657117018
217,2,29.511466666666667,Forward,0.052529898572294675,19955.0,19954.68590333401,ok,0.0004807244426277984,14382.086945379851,ok,17.47088981469642,69.15939681176485,0.024727454338776957,11.557397525895794,61.27220916748047,0.01635778272474028,1.2560026566024527,0.004182035780377458,0.012205692657117018
218,2,29.64625,Forward,0.0525648970742669,19955.0,19954.403561803207,ok,0.00047643361354820135,14382.016869422092,ok,17.188548283891578,69.15899719918731,0.02432784176122843,11.487321568136394,61.27210998535156,0.01625860059583211,1.2560026566024527,0.003906996220225077,0.012205692657117018
219,2,29.781833333333335,Forward,0.05251514705110441,19955.0,19955.129124848638,ok,0.00048059885674088033,14381.895584110589,ok,17.914111329322623,69.1600241261078,0.02535476868172838,11.366036256633379,61.27193832397461,0.016086939218880818,1.2560026566024527,0.005149530286211887,0.012205692657117018
220,2,29.9169,Forward,0.0526533862390165,19965.0,19954.249119961845,ok,0.00048163445978924427,14381.895584110589,ok,17.034106442530174,69.15877860965806,0.024109252231973414,11.366036256633379,61.27193832397461,0.016086939218880818,1.2560026566024527,0.0039040138364569224,0.012205692657117018
221,2,30.051933333333334,Forward,0.052774018952369606,19955.0,19954.547947817504,ok,0.000482139020763827,14381.817422465398,ok,17.332934298188775,69.1592015561842,0.024532198758127843,11.287874611442021,61.271827697753906,0.015976312998178126,1.2560026566024527,0.00446590718970382,0.012205692657117018
222,2,30.18723333333333,Forward,0.052851409250982306,19955.0,19953.65869206095,ok,0.0004775906901164138,14381.620670737846,ok,16.443678541636473,69.15794294649982,0.023273589073740473,11.09112288389042,61.271549224853516,0.015697840097787265,1.2560026566024527,0.0035570602079991603,0.012205692657117018
223,2,30.321483333333333,Forward,0.052899972729605865,19955.0,19953.266575341684,ok,0.00047902066743933213,14381.186738845574,ok,16.051561822368967,69.15738796341802,0.02271860599193991,10.657190991618336,61.27093505859375,0.015083673838020058,1.2560026566024527,0.0037734715800618046,0.012205692657117018
224,2,30.45705,Forward,0.05314146574122569,19940.0,19952.435428644123,ok,0.0004858997870652382,14381.105881971238,ok,15.220415124807914,69.15621159849152,0.02154224106543927,10.576334117282386,61.27082061767578,0.014969232920051671,1.2560026566024527,0.0027408447505534797,0.012205692657117018
225,2,30.591316666666668,Forward,0.053489037445067,19940.0,19951.48700811822,ok,0.0004738573546804935,14380.973815743157,ok,14.271994598904712,69.15486924984775,0.02019989242166827,10.444267889201,61.270633697509766,0.01478231275403758,1.2560026566024527,0.0016332683318687514,0.012205692657117018
226,2,30.726933333333335,Forward,0.053718712101694294,19955.0,19951.117535402886,ok,0.0004818547319066141,14380.18680883295,ok,13.902521883570444,69.15434631599636,0.019676958570287284,9.6572609789946,61.2695198059082,0.013668421152474132,1.2560026566024527,0.0025093852912186146,0.012205692657117018
227,2,30.8625,Forward,0.05398188094447359,19940.0,19948.1542876764,ok,0.0004790618915726377,14379.922676376786,ok,10.939274157084583,69.15015227816382,0.015482920737736454,9.393128522830011,61.26914596557617,0.013294580820443375,1.2560026566024527,-0.0012151080911564412,0.012205692657117018
228,2,30.998066666666666,Forward,0.05441672564643946,19940.0,19948.253966872144,ok,0.0004847109881270273,14377.731455082274,ok,11.038953352828685,69.15029335928719,0.015624001861104016,7.201907228318305,61.26604461669922,0.010193231943489482,1.2560026566024527,0.0028212754607162462,0.012205692657117018
229,2,31.132316666666668,Forward,0.05492486206290309,19955.0,19945.846841634444,ok,0.0004853506572340577,14376.305678864812,ok,8.631828115128883,69.14688643038807,0.012217072961989227,5.776131010856261,61.2640266418457,0.008175257089973447,1.2560026566024527,0.0019489283385745407,0.012205692657117018
230,2,31.2669,Forward,0.055544887927864495,19940.0,19944.038107871795,ok,0.00048000530556840325,14375.58605268322,ok,6.823094352479529,69.14432643590574,0.009657078479665071,5.056504829264668,61.26300811767578,0.007156732920052469,1.2560026566024527,0.000668202919484941,0.012205692657117018
231,2,31.40245,Forward,0.05618949468305667,19940.0,19941.736675392407,ok,0.0004752939298179653,14372.807271435198,ok,4.521661873091944,69.14106909943625,0.00639974201017606,2.2777235812427534,61.25907516479492,0.0032237800391916893,1.2560026566024527,0.002350665716649339,0.012205692657117018
232,2,31.537483333333334,Forward,0.05685412813125304,19940.0,19938.16368915365,ok,0.0004788241611030465,14371.368019072015,ok,0.9486756343358138,69.13601206713801,0.0013427097119355692,0.838471218059567,61.25703811645508,0.0011867316993497338,1.2560026566024527,-0.0001478284551220397,0.012205692657117018
233,2,31.67255,Forward,0.05753299280703866,19940.0,19936.19088547185,ok,0.00047904101524792107,14370.473202996027,ok,-1.0241280474656378,69.13321985600976,-0.0014495014163196699,-0.056344857928706915,61.25577163696289,-7.974779283908985e-05,1.2560026566024527,-0.001349337976655591,0.012205692657117018
234,2,31.80785,Forward,0.05837282526235782,19930.0,19930.823327267055,ok,0.00048553257385111577,14367.265880314024,ok,-6.391686252260115,69.12562287315271,-0.009046484273376818,-3.2636675399317028,61.2512321472168,-0.004619237538933102,1.2560026566024527,-0.0032447096529990664,0.012205692657117018
235,2,31.942633333333333,Forward,0.05930072014122861,19940.0,19931.2424624317,ok,0.0004748524773324689,14364.664984189543,ok,-5.9725510876160115,69.12621609683825,-0.008453260587838228,-5.864563664412344,61.24755096435547,-0.008300420400260336,1.2560026566024527,0.0019720894858059473,0.012205692657117018
236,2,32.077416666666664,Forward,0.06039420270031198,19925.0,19925.220782861074,ok,0.00047380758847637535,14363.427874012199,ok,-11.994230658241577,69.11769330216637,-0.016976055259700626,-7.101673841756565,61.24580001831055,-0.010051366445182607,1.2560026566024527,-0.004351512302066521,0.012205692657117018
237,2,32.21191666666667,Forward,0.061427614625741034,19900.0,19920.535494758537,ok,0.0004745167705983733,14359.333820941643,ok,-16.679518760778592,69.11106197148727,-0.023607385938807887,-11.195726912312239,61.24000549316406,-0.015845891591665773,1.2560026566024527,-0.0037049040034412076,0.012205692657117018
238,2,32.34748333333334,Forward,0.06258093317999167,19925.0,19917.065045817413,ok,0.00048563316655879087,14356.627810880524,ok,-20.149967701901915,69.10615006553189,-0.028519291894192965,-13.90173697343198,61.236175537109375,-0.01967584764635526,1.2560026566024527,-0.003806374979465642,0.012205692657117018
239,2,32.4828,Forward,0.06383027309255213,19915.0,19912.357696641935,ok,0.0004843444902423835,14355.377224557458,ok,-24.85731687738007,69.09948751067475,-0.0351818467513245,-15.152323296497343,61.234405517578125,-0.02144586717760345,1.2560026566024527,-0.008245780603111222,0.012205692657117018
240,2,32.61893333333333,Forward,0.06511479840242684,19915.0,19908.153525528272,ok,0.0004738575680774334,14350.455736139527,ok,-29.061487991042668,69.0935371297641,-0.041132227661977806,-20.073811714428302,61.227439880371094,-0.028411504384635543,1.2560026566024527,-0.00544730267680333,0.012205692657117018
241,2,32.75395,Forward,0.06661490172917317,19900.0,19901.612040700973,ok,0.00048002835676135783,14347.544888663424,ok,-35.602972818342096,69.08427862781654,-0.050390729609530706,-22.984659190531602,61.22332000732422,-0.03253137743151042,1.2560026566024527,-0.00953123313261655,0.012205692657117018
242,2,32.889516666666665,Forward,0.06787465831819475,19890.0,19897.69887110271,ok,0.00047693377482726807,14343.712272819888,ok,-39.51614241660354,69.07874011640773,-0.055929241018348806,-26.81727503406728,61.2178955078125,-0.03795587694322852,1.2560026566024527,-0.008256558743978001,0.012205692657117018
243,2,33.02483333333333,Forward,0.06921048088765747,19875.0,19891.36107447633,ok,0.0004807580989210961,14340.758301677472,ok,-45.853939042986894,69.06976990491023,-0.064899452515849,-29.771246176484055,61.213714599609375,-0.04213678514635457,1.2560026566024527,-0.011975538431340887,0.012205692657117018
244,2,33.1599,Forward,0.07065174705493421,19875.0,19887.679751713204,ok,0.00047832764955656047,14336.505230087387,ok,-49.53526180611152,69.06455953832346,-0.07010981910260927,-34.024317766568856,61.20769500732422,-0.04815637743151139,1.2560026566024527,-0.009625281116280568,0.012205692657117018
245,2,33.295716666666664,Forward,0.07202685747360058,19875.0,19881.1191823692,ok,0.000467941910757505,14333.494659132935,ok,-56.09583115011628,69.05527402507195,-0.07939533235413203,-37.03488872102025,61.203433990478516,-0.05241739427721454,1.2560026566024527,-0.013558945889772356,0.012205692657117018
246,2,33.4305,Forward,0.07328305517430683,19885.0,19876.780639262022,ok,0.0004804921952071433,14330.311593513234,ok,-60.4343742572928,69.04913346052615,-0.0855358968999217,-40.21795434072192,61.19892883300781,-0.056922551747917265,1.2560026566024527,-0.01404102068394704,0.012205692657117018
247,2,33.56581666666667,Forward,0.07455498168635169,19875.0,19871.968280583,ok,0.00047944116833024107,14327.716087847042,ok,-65.24673293631349,69.04232228028523,-0.09234707714085032,-42.813460006913374,61.195255279541016,-0.060596105214713106,1.2560026566024527,-0.01623820801140892,0.012205692657117018
248,2,33.701033333333335,Forward,0.07572193099864646,19875.0,19868.47099883435,ok,0.000476370086262618,14324.24193747973,ok,-68.7440146849658,69.03737239646895,-0.09729696095712237,-46.28761037422555,61.190338134765625,-0.06551324999010358,1.2560026566024527,-0.015012144926891666,0.012205692657117018
249,2,33.83635,Forward,0.07685092546048114,19860.0,19862.935609744116,ok,0.00047936579035358606,14321.937516561147,ok,-74.27940377519917,69.02953787387578,-0.10513148355029735,-48.592031292808315,61.187076568603516,-0.06877481615221424,1.2560026566024527,-0.018750131755770977,0.012205692657117018
250,2,33.97085,Forward,0.07784977862163761,19860.0,19859.420881774226,ok,0.00047406365578345997,14318.856869648938,ok,-77.79413174508954,69.02456329751988,-0.11010605990619525,-51.67267820501729,61.182716369628906,-0.07313501512682298,1.2560026566024527,-0.01824828661624503,0.012205692657117018
251,2,34.10561666666667,Forward,0.07896144409980799,19860.0,19854.133111533112,ok,0.0004769323834991641,14315.951412631124,ok,-83.08190198620287,69.01707924269624,-0.11759011472984164,-54.578135222831406,61.17860412597656,-0.07724725877916645,1.2560026566024527,-0.02056735248795144,0.012205692657117018
252,2,34.24065,Forward,0.07974750827480248,19850.0,19851.39174628555,ok,0.00047192697617014624,14315.207529387231,ok,-85.82326723376536,69.01319924661682,-0.12147011080926226,-55.32201846672433,61.17755126953125,-0.07830011522447872,1.2560026566024527,-0.023124958075038837,0.012205692657117018
253,2,34.37566666666667,Forward,0.08076232106185147,19860.0,19848.93173218165,ok,0.0004765754198594041,14311.857359560567,ok,-88.28328133766627,69.00971746136878,-0.1249518960573031,-58.6721882933889,61.17280960083008,-0.0830417839256522,1.2560026566024527,-0.020651194837677078,0.012205692657117018
254,2,34.5115,Forward,0.08161460106261273,19860.0,19845.997902479372,ok,0.00047148297259826935,14310.283345740156,ok,-91.21711103994312,69.00556506038805,-0.12910429703803467,-60.24620211379988,61.17058181762695,-0.08526956712877652,1.2560026566024527,-0.02200549419695018,0.012205692657117018
255,2,34.646033333333335,Forward,0.08215899665630705,19835.0,19842.988988792225,ok,0.0004891622090024146,14309.625709828888,ok,-94.22602472708968,69.00130638915851,-0.13336296826757044,-60.90383802506767,61.16965103149414,-0.086200353261589,1.2560026566024527,-0.02509509557094476,0.012205692657117018
256,2,34.7824,Forward,0.08264909263294601,19860.0,19841.150605635532,ok,0.00047299999755546005,14307.040985079275,ok,-96.06440788378313,68.99870443035466,-0.13596492707141308,-63.48856277468076,61.165992736816406,-0.08985864793932204,1.2560026566024527,-0.02310222654092009,0.012205692657117018
257,2,34.918,Forward,0.08331571958274586,19845.0,19839.657306933215,ok,0.00047570748360091904,14306.049140754083,ok,-97.55770658609981,68.99659088743456,-0.1380784699915126,-64.48040709987254,61.164588928222656,-0.09126245653307344,1.2560026566024527,-0.023452582137906505,0.012205692657117018
258,2,35.05385,Forward,0.08375558208390332,19845.0,19837.948447626914,ok,0.00048682581051268,14305.74457986075,ok,-99.26656589240156,68.99417225043804,-0.14049710698803383,-64.78496799320601,61.16415786743164,-0.09169351732408969,1.2560026566024527,-0.02532980563575417,0.012205692657117018
259,2,35.189433333333334,Forward,0.08403297580215852,19835.0,19835.57916853636,ok,0.0004923765453995698,14305.440018967418,ok,-101.63584498295677,68.99081888714923,-0.14385047027684816,-65.08952888653766,61.163726806640625,-0.09212457811510334,1.2560026566024527,-0.028141755425898196,0.012205692657117018
260,2,35.325266666666664,Forward,0.08444564222276146,19845.0,19836.09452175789,ok,0.00046121943796100315,14303.283835651786,ok,-101.12049176142682,68.99154829322922,-0.14312106419685539,-67.24571220216967,61.160675048828125,-0.09517633592760315,1.2560026566024527,-0.023579333426098373,0.012205692657117018
261,2,35.459783333333334,Forward,0.08484707588598317,19820.0,19832.49991601479,ok,0.00048314362316826526,14302.429448012967,ok,-104.71509750452606,68.98646066172785,-0.14820869569823555,-68.10009984098906,61.15946578979492,-0.0963855949608065,1.2560026566024527,-0.02714813236925462,0.012205692657117018
262,2,35.594033333333336,Forward,0.08503008350588553,19835.0,19833.316552656528,ok,0.0004843023532134098,14302.297381784883,ok,-103.89846086278703,68.98761648982156,-0.14705286760452352,-68.23216606907226,61.159278869628906,-0.09657251512682316,1.2560026566024527,-0.025757532050453086,0.012205692657117018
263,2,35.72933333333334,Forward,0.08535789828181109,19845.0,19832.571967281416,ok,0.00048198734746019524,14302.1653155568,ok,-104.6430462378994,68.9865626396136,-0.14810671781248053,-68.36423229715547,61.15909194946289,-0.09675943529283983,1.2560026566024527,-0.026576610033320583,0.012205692657117018
264,2,35.86566666666667,Forward,0.08541894908939518,19820.0,19831.238683431908,ok,0.0004769490131545774,14301.680174310784,ok,-105.9763300874074,68.98467557399422,-0.1499937834318633,-68.84937354317117,61.15840530395508,-0.09744608080065016,1.2560026566024527,-0.02760124707074943,0.012205692657117018
265,2,36.0015,Forward,0.08551362618175462,19835.0,19830.293346018654,ok,0.0004860495886663894,14301.197728293911,ok,-106.92166750066099,68.98333758903931,-0.15133176838677395,-69.3318195600441,61.15772247314453,-0.09812891161119737,1.2560026566024527,-0.02808159471360279,0.012205692657117018
266,2,36.1376,Forward,0.08573764243539653,19830.0,19829.333596994504,ok,0.0004769936937514733,14301.036014545238,ok,-107.88141652481136,68.9819792065858,-0.15269015084027673,-69.49353330871782,61.157493591308594,-0.09835779344713672,1.2560026566024527,-0.02915250097311771,0.012205692657117018
267,2,36.27265,Forward,0.08573824319721671,19835.0,19830.873301502692,ok,0.00048166969508343693,14300.753015485061,ok,-106.3417120166232,68.98415843004409,-0.15051092738198413,-69.77653236889455,61.1570930480957,-0.09875833666002737,1.2560026566024527,-0.02647019417535036,0.012205692657117018
268,2,36.40743333333333,Forward,0.08593711804509557,19835.0,19829.736804566764,ok,0.0004820184781288375,14300.38376909226,ok,-107.47820895255063,68.98254988712571,-0.1521194703003686,-70.14577876169642,61.15657043457031,-0.0992809501854178,1.2560026566024527,-0.02742233311746807,0.012205692657117018
269,2,36.54246666666667,Forward,0.08607558250894773,19835.0,19829.3672283649,ok,0.0004728942656403842,14299.93905628341,ok,-107.84778515441576,68.98202680680448,-0.15264255062159135,-70.59049157054505,61.155941009521484,-0.09991037523424523,1.2560026566024527,-0.027154853905231452,0.012205692657117018
270,2,36.677233333333334,Forward,0.08618265294432326,19835.0,19828.929194461052,ok,0.00048122063687697426,14299.933665825121,ok,-108.28581905826286,68.98140683475549,-0.15326252267058818,-70.59588202883424,61.15593338012695,-0.09991800462877663,1.2560026566024527,-0.02776524341442857,0.012205692657117018
271,2,36.813066666666664,Forward,0.08625437653933635,19820.0,19828.199215152577,ok,0.0004904095659713929,14299.591371723765,ok,-109.01579836673773,68.9803736572694,-0.15429570015668168,-70.93817613019019,61.15544891357422,-0.10040247118151008,1.2560026566024527,-0.028189929623253812,0.012205692657117018
272,2,36.94838333333333,Forward,0.0863077407784994,19835.0,19828.442017610083,ok,0.0004780887888907987,14299.111620936037,ok,-108.77299590923212,68.98071730815066,-0.15395204927541617,-71.41792691791852,61.15476989746094,-0.10108148729479159,1.2560026566024527,-0.02699343269983087,0.012205692657117018
273,2,37.083666666666666,Forward,0.08629633557878189,19820.0,19827.71759712503,ok,0.0004862087751339109,14299.063106811434,ok,-109.49741639428612,68.97969199835498,-0.15497735907109578,-71.46644104252118,61.154701232910156,-0.10115015184557416,1.2560026566024527,-0.027932499637313146,0.012205692657117018
274,2,37.21843333333333,Forward,0.0863388953703052,19835.0,19828.310145531745,ok,0.00048332761186849465,14299.052325894858,ok,-108.90486798757047,68.98053066277483,-0.15413869465125318,-71.47722195909773,61.154685974121094,-0.10116541063463438,1.2560026566024527,-0.027074670137874374,0.012205692657117018
275,2,37.35346666666667,Forward,0.08641431141850406,19845.0,19828.335176806348,ok,0.00047949571832730967,14299.052325894858,ok,-108.87983671296752,68.98056609083295,-0.1541032665931319,-71.47722195909773,61.154685974121094,-0.10116541063463438,1.2560026566024527,-0.027039242079753084,0.012205692657117018
276,2,37.48905,Forward,0.08639025306752199,19835.0,19828.279981103016,ok,0.0004945144334705629,14299.052325894858,ok,-108.93503241629878,68.98048796949807,-0.1541813879280093,-71.47722195909773,61.154685974121094,-0.10116541063463438,1.2560026566024527,-0.027117363414630502,0.012205692657117018
277,2,37.62381666666667,Forward,0.08644406353776413,19835.0,19828.237767334587,ok,0.0004786644301836775,14299.052325894858,ok,-108.97724618472785,68.98042822216738,-0.15424113525870448,-71.47722195909773,61.154685974121094,-0.10116541063463438,1.2560026566024527,-0.027177110745325667,0.012205692657117018
278,2,37.758833333333335,Forward,0.08639056973790013,19820.0,19828.370311849398,ok,0.0004870327747751595,14298.747765001524,ok,-108.84470166991741,68.98061581927735,-0.15405353814873513,-71.7817828524312,61.15425491333008,-0.10159647142565062,1.2560026566024527,-0.02644810013668278,0.012205692657117018
279,2,37.893633333333334,Forward,0.08646515609002839,19810.0,19827.923666788334,ok,0.000473410818280412,14298.688469960343,ok,-109.29134673098088,68.97998365941197,-0.15468569801410137,-71.84107789361224,61.154170989990234,-0.101680394765496,1.2560026566024527,-0.026974852064252264,0.012205692657117018
280,2,38.02838333333333,Forward,0.08639786463814067,19820.0,19828.920030626217,ok,0.0004875987563908643,14298.648041523176,ok,-108.29498289309777,68.9813938647059,-0.15327549272018792,-71.8815063307793,61.15411376953125,-0.1017376152244789,1.2560026566024527,-0.0254927777218443,0.012205692657117018
281,2,38.162933333333335,Forward,0.08649041197022364,19820.0,19827.482153882785,ok,0.00048332030185387325,14298.648041523176,ok,-109.73285963652961,68.97935876335185,-0.15531059407421807,-71.8815063307793,61.15411376953125,-0.1017376152244789,1.2560026566024527,-0.02752787907587445,0.012205692657117018
282,2,38.29783333333334,Forward,0.08648583394283052,19820.0,19827.633834783388,ok,0.00047971290138177264,14298.648041523176,ok,-109.5811787359271,68.9795734451788,-0.15509591224727654,-71.8815063307793,61.15411376953125,-0.1017376152244789,1.2560026566024527,-0.027313197248932913,0.012205692657117018
283,2,38.432066666666664,Forward,0.08658357840926359,19835.0,19827.763865159555,ok,0.00047846419627974187,14298.62108923173,ok,-109.45114835975983,68.97975748389827,-0.15491187352781616,-71.90845862222523,61.154075622558594,-0.1017757621971359,1.2560026566024527,-0.027081245830474,0.012205692657117018
284,2,38.567366666666665,Forward,0.08650142204804256,19820.0,19827.392103737217,ok,0.0004887005894006314,14298.548318044828,ok,-109.82290978209858,68.97923131072143,-0.15543804670464356,-71.9812298091274,61.15397262573242,-0.10187875902330719,1.2560026566024527,-0.027478054720008638,0.012205692657117018
285,2,38.70218333333333,Forward,0.08657600489286896,19845.0,19827.527297610257,ok,0.0004866129527498625,14298.518670524238,ok,-109.68771590905817,68.9794226576052,-0.15524669982088743,-72.01087732971791,61.1539306640625,-0.10192072069322987,1.2560026566024527,-0.02723400386735414,0.012205692657117018
286,2,38.8373,Forward,0.08667147219492705,19835.0,19828.596016879234,ok,0.00048301113724576395,14298.45398502477,ok,-108.6189966400816,68.98093527128457,-0.15373408614151093,-72.07556282918631,61.153839111328125,-0.10201227342760406,1.2560026566024527,-0.025606399710384448,0.012205692657117018
287,2,38.97266666666667,Forward,0.08641660400526432,19835.0,19828.672013310425,ok,0.0004833269179725268,14298.45398502477,ok,-108.54300020889059,68.98104283296587,-0.15362652446021607,-72.07556282918631,61.153839111328125,-0.10201227342760406,1.2560026566024527,-0.025498838029089588,0.012205692657117018
288,2,39.10851666666667,Forward,0.08609624873407015,19820.0,19827.488030754514,ok,0.000487370472070295,14298.294966505242,ok,-109.7269827648015,68.97936708119249,-0.15530227623357842,-72.23458134871362,61.15361404418945,-0.10223734056627515,1.2560026566024527,-0.026891904878367123,0.012205692657117018
289,2,39.24381666666667,Forward,0.08551063639211859,19835.0,19830.984635854493,ok,0.0004802676572372484,14298.294966505242,ok,-106.2303776648223,68.9843160073129,-0.1503533501131848,-72.23458134871362,61.15361404418945,-0.10223734056627515,1.2560026566024527,-0.02194297875797349,0.012205692657117018
290,2,39.37886666666667,Forward,0.08438680905771906,19820.0,19836.665916511276,ok,0.0004802682380414325,14298.294966505242,ok,-100.5490970080391,68.99235701778898,-0.1423123396371065,-72.23458134871362,61.15361404418945,-0.10223734056627515,1.2560026566024527,-0.013901968281895188,0.012205692657117018
291,2,39.514716666666665,Forward,0.08304369204104234,19835.0,19839.67549277204,ok,0.00048673112647347174,14298.297661734387,ok,-97.53952074727567,68.99661662679323,-0.13805273063284768,-72.23188611956903,61.15361785888672,-0.10223352586900944,1.2560026566024527,-0.00964715054753626,0.012205692657117018
292,2,39.65125,Forward,0.08145085361978799,19845.0,19844.812109136034,ok,0.0004803717328740119,14298.338090171554,ok,-92.40290438328157,69.00388674571354,-0.1307826117125375,-72.19145768240196,61.1536750793457,-0.10217630541002654,1.2560026566024527,-0.0024489006757205944,0.012205692657117018
293,2,39.78628333333333,Forward,0.07953497176078267,19860.0,19851.087646929776,ok,0.0004830006838726329,14298.370432921289,ok,-86.12736658953872,69.0127688390638,-0.12190051836228866,-72.15911493266685,61.15372085571289,-0.10213052904283815,1.2560026566024527,0.006375697435729993,0.012205692657117018
294,2,39.92111666666667,Forward,0.07766259147688978,19875.0,19858.795880465917,ok,0.00048579525544644386,14298.370432921289,ok,-78.41913305339767,69.02367870082924,-0.11099065659684948,-72.15911493266685,61.15372085571289,-0.10213052904283815,1.2560026566024527,0.01728555920116917,0.012205692657117018
295,2,40.05628333333333,Forward,0.07564249625974376,19860.0,19865.780164591102,ok,0.00047837097297332397,14298.370432921289,ok,-71.43484892821289,69.03356391953453,-0.10110543789154494,-72.15911493266685,61.15372085571289,-0.10213052904283815,1.2560026566024527,0.02717077790647371,0.012205692657117018
296,2,40.190783333333336,Forward,0.07324041729660727,19860.0,19874.660814003517,ok,0.0004722909738000109,14298.664212898044,ok,-62.554199515798246,69.04613316215315,-0.08853619527292077,-71.86533495591175,61.154136657714844,-0.1017147270408847,1.2560026566024527,0.03921777210602374,0.012205692657117018
297,2,40.326633333333334,Forward,0.07065042407635708,19875.0,19884.322808841018,ok,0.00047833762968013704,14300.941681525179,ok,-52.892204678297276,69.05980828338052,-0.07486107404556183,-69.58786632877673,61.1573600769043,-0.0984913078514336,1.2560026566024527,0.04884427026808878,0.012205692657117018
298,2,40.461666666666666,Forward,0.06767754549487495,19885.0,19896.295266866455,ok,0.0004762446246992469,14303.353911609544,ok,-40.91974665286034,69.07675352270644,-0.05791583471963573,-67.17563624441209,61.16077423095703,-0.09507715379869756,1.2560026566024527,0.061501323033728385,0.012205692657117018
299,2,40.596983333333334,Forward,0.06411869793243677,19915.0,19910.111578123608,ok,0.0004729609129943142,14308.310438006352,ok,-27.103435395707493,69.09630846291643,-0.038360894509653444,-62.21910984760325,61.167789459228516,-0.08806192552721395,1.2560026566024527,0.07224511789805463,0.012205692657117018
300,2,40.73258333333333,Forward,0.060467223222444216,19915.0,19922.950233969776,ok,0.0004762327570621215,14315.056596555136,ok,-14.264779549539526,69.1144796768371,-0.020189680588978468,-55.47295129881968,61.177337646484375,-0.07851373827135529,1.2560026566024527,0.07842378325963344,0.012205692657117018
301,2,40.86815,Forward,0.05676401117417662,19940.0,19936.33563326655,ok,0.0004755315166495757,14323.266264529406,ok,-0.8793802527652588,69.13342472505317,-0.0012446323728962812,-47.263283324549775,61.18895721435547,-0.06689417040026079,1.2560026566024527,0.08277462336104842,0.012205692657117018
302,2,41.00265,Forward,0.05367355474890981,19955.0,19948.279571869924,ok,0.0004687628085492194,14329.826452267216,ok,11.064558350608422,69.1503295993654,0.015660241939323177,-40.70309558673944,61.1982421875,-0.057609197255730174,1.2560026566024527,0.08801754673725501,0.012205692657117018
303,2,41.13848333333333,Forward,0.05160891900618983,19955.0,19955.876092253864,ok,0.0004711766194343221,14334.995901766444,ok,18.661078734548937,69.16108134772624,0.026411990300157395,-35.53364608751144,61.20555877685547,-0.050292607900261514,1.2560026566024527,0.08957963943035135,0.012205692657117018
304,2,41.2738,Forward,0.050384971232497716,19955.0,19961.834839206815,ok,0.00047585502870017035,14339.116907128448,ok,24.619825687499542,69.16951507060803,0.034845713181945986,-31.412640725508027,61.21139144897461,-0.04445993578111879,1.2560026566024527,0.09068751063540562,0.012205692657117018
305,2,41.40936666666666,Forward,0.04958355493037295,19955.0,19964.294963069035,ok,0.0004722259791685429,14340.491473992162,ok,27.07994954971946,69.1729970112027,0.038327653776614866,-30.038073861793237,61.21333694458008,-0.04251444017565103,1.2560026566024527,0.0917259035811986,0.012205692657117018
306,2,41.5444,Forward,0.04909764299423036,19955.0,19966.482765757104,ok,0.00046706060488255343,14341.868736085022,ok,29.267752237788955,69.17609352154906,0.04142416412298454,-28.660811768933854,61.21528625488281,-0.04056512987291757,1.2560026566024527,0.09237407500879252,0.012205692657117018
307,2,41.67945,Forward,0.04846181360753163,19955.0,19968.679669810226,ok,0.00047660861115639383,14344.458851292926,ok,31.46465629091108,69.17920291352831,0.04453355610223876,-26.070696561029763,61.21895217895508,-0.03689920580065056,1.2560026566024527,0.0908790566143765,0.012205692657117018
308,2,41.814483333333335,Forward,0.04808563999916862,19965.0,19969.795484596973,ok,0.0004670504515129661,14345.337495994045,ok,32.58047107765742,69.18078218393083,0.04611282650474526,-25.192051859910862,61.22019577026367,-0.0356556144920585,1.2560026566024527,0.09089637302956366,0.012205692657117018
309,2,41.950066666666665,Forward,0.04773920963464373,19955.0,19970.970592233036,ok,0.00047385870336463706,14345.553114325608,ok,33.75557871372075,69.18244537457092,0.04777601714483854,-24.976433528347115,61.22050094604492,-0.035350438710807744,1.2560026566024527,0.09217626207767525,0.012205692657117018
310,2,42.08565,Forward,0.047351911103814426,19980.0,19973.076990027876,ok,0.0004680743081970682,14345.768732657172,ok,35.861976508560474,69.18542666835982,0.05075731093374364,-24.76081519678337,61.22080612182617,-0.035045262929556995,1.2560026566024527,0.09477425427459868,0.012205692657117018
311,2,42.222116666666665,Forward,0.04698294616965243,19980.0,19974.817554721372,ok,0.0004762483304791133,14346.051731717349,ok,37.60254120205718,69.18789017963135,0.05322082220527157,-24.477816136606634,61.22120666503906,-0.03464471971666635,1.2560026566024527,0.09673468220665188,0.012205692657117018
312,2,42.357416666666666,Forward,0.04673128742901178,19980.0,19973.338192069434,ok,0.00047379593358668956,14347.857535244191,ok,36.12317855011861,69.18579636112443,0.05112700369835549,-22.67201260976435,61.22376251220703,-0.03208887254869708,1.2560026566024527,0.09143071286689654,0.012205692657117018
313,2,42.49386666666667,Forward,0.04657149424483489,19970.0,19975.536128545067,ok,0.0004703954503834239,14347.911439827081,ok,38.32111502575208,69.18890721434468,0.05423785691860993,-22.618108026874324,61.223838806152344,-0.03201257860338568,1.2560026566024527,0.09444574068915718,0.012205692657117018
314,2,42.62813333333333,Forward,0.046326871687346616,19970.0,19976.727362949317,ok,0.00047412010972184323,14348.054286971743,ok,39.51234943000236,69.19059323003424,0.0559238726081543,-22.47526088221275,61.22404098510742,-0.03181039964830622,1.2560026566024527,0.09587781907401263,0.012205692657117018
315,2,42.76425,Forward,0.04598766505406407,19955.0,19978.114602736172,ok,0.0004676175621964167,14348.197134116403,ok,40.89958921685684,69.19255666228355,0.05788730485746786,-22.332413737552997,61.2242431640625,-0.031608220693229334,1.2560026566024527,0.09758731401864051,0.012205692657117018
316,2,42.900816666666664,Forward,0.04583775038986454,19995.0,19979.75667730414,ok,0.0004695564629186122,14348.525952072037,ok,42.54166378482478,69.1948807753843,0.060211417958229214,-22.003595781918193,61.224708557128906,-0.031142827626821804,1.2560026566024527,0.09932689219162966,0.012205692657117018
317,2,43.035833333333336,Forward,0.045738266944767764,19980.0,19978.372573784596,ok,0.00047206770133885435,14348.85477002767,ok,41.15756026528106,69.1929217820564,0.05825242463031827,-21.674777826285208,61.22517395019531,-0.030677434560416852,1.2560026566024527,0.09678336393594973,0.012205692657117018
318,2,43.17146666666667,Forward,0.045559274016270884,19995.0,19980.44304410947,ok,0.00047200985879501976,14348.97875056832,ok,43.22803059015496,69.1958522258381,0.06118286841201077,-21.55079728563578,61.22534942626953,-0.030501958486197283,1.2560026566024527,0.09949340930225228,0.012205692657117018
319,2,43.3073,Forward,0.04546722457977029,19995.0,19980.167028783486,ok,0.0004746117819266996,14349.264444857641,ok,42.95201526417077,69.19546156706556,0.060792209639477304,-21.265102996314454,61.22575378417969,-0.030097600576040936,1.2560026566024527,0.09859487592034423,0.012205692657117018
320,2,43.44291666666667,Forward,0.04539384913818567,19980.0,19981.232608833478,ok,0.0004754899367737894,14349.91129985233,ok,44.01759531416246,69.19696973764587,0.06230038021979409,-20.618248001625034,61.22666931152344,-0.02918207323229125,1.2560026566024527,0.09895314172471922,0.012205692657117018
321,2,43.57848333333333,Forward,0.04536274274742283,19995.0,19980.058018892596,ok,0.0004806329154029094,14350.215860745664,ok,42.8430053732809,69.19530727972656,0.060637922300478306,-20.31368710829156,61.22710037231445,-0.028751012441275012,1.2560026566024527,0.09674927030672989,0.012205692657117018
322,2,43.714333333333336,Forward,0.045163830200921434,19980.0,19982.079782519308,ok,0.0004703485985725493,14350.366793577758,ok,44.86476899999252,69.19816878639814,0.0634994289720651,-20.16275427619803,61.22731399536133,-0.02853738939440103,1.2560026566024527,0.09934246586393146,0.012205692657117018
323,2,43.84936666666667,Forward,0.04506211196647458,19995.0,19982.360827094257,ok,0.0004714727474818583,14350.544678701297,ok,45.14581357494171,69.19856656332696,0.06389720590088364,-19.984869152658575,61.22756576538086,-0.02828561937487006,1.2560026566024527,0.09942401897936624,0.012205692657117018
324,2,43.98466666666667,Forward,0.04495802284475575,19980.0,19982.358199674316,ok,0.00047668707843213746,14350.84923959463,ok,45.143186155000876,69.19856284460357,0.06389348717749263,-19.680308259325102,61.227996826171875,-0.02785455858385382,1.2560026566024527,0.09887888675730168,0.012205692657117018
325,2,44.11945,Forward,0.044868670192057286,19980.0,19982.656694709247,ok,0.0004737744571892792,14350.881582344364,ok,45.44168118993184,69.19898532007133,0.06431596264525033,-19.647965509591813,61.22804260253906,-0.02780878221666801,1.2560026566024527,0.09924386698626439,0.012205692657117018
326,2,44.25533333333333,Forward,0.044859623706351826,19980.0,19983.440360036537,ok,0.000475015434024722,14350.881582344364,ok,46.225346517221624,69.2000944821577,0.06542512473161069,-19.647965509591813,61.22804260253906,-0.02780878221666801,1.2560026566024527,0.10035302907262475,0.012205692657117018
327,2,44.390366666666665,Forward,0.0445718661793382,19965.0,19982.406600735387,ok,0.00046517707422047243,14351.331685611503,ok,45.19158721607164,69.19863134912968,0.06396199170360833,-19.197862242452175,61.22867965698242,-0.027171727773306613,1.2560026566024527,0.09808975397136008,0.012205692657117018
328,2,44.52486666666667,Forward,0.0446478919622042,19985.0,19983.770473231954,ok,0.00046729549771803,14351.5311325682,ok,46.555459712639276,69.20056170844398,0.06589235101790157,-18.998415285755982,61.22896194458008,-0.02688944017565005,1.2560026566024527,0.09966555931307075,0.012205692657117018
329,2,44.660183333333336,Forward,0.04449825865180271,19980.0,19983.914002225236,ok,0.00047216701479987525,14351.730579524894,ok,46.69898870592078,69.2007648524547,0.06609549502861324,-18.79896832906161,61.229244232177734,-0.026607152577996066,1.2560026566024527,0.09951414935120309,0.012205692657117018
330,2,44.79443333333333,Forward,0.04448235570780337,19985.0,19984.687685175733,ok,0.0004770974661306308,14351.894988502712,ok,47.47267165641824,69.20185988596667,0.0671905285405883,-18.634559351243297,61.22947692871094,-0.026374456044791016,1.2560026566024527,0.10031691539929043,0.012205692657117018
331,2,44.93001666666667,Forward,0.04438156325975265,19965.0,19984.397680821065,ok,0.00047842527814813374,14352.293882416103,ok,47.18266730174946,69.20144942779801,0.066780070371933,-18.23566543785273,61.23004150390625,-0.02580988084948047,1.2560026566024527,0.09919734928547323,0.012205692657117018
332,2,45.06505,Forward,0.04431264210113575,19985.0,19984.864420666436,ok,0.000468664190768652,14352.571491017992,ok,47.649407147120655,69.20211002885137,0.06744067142528035,-17.95805683596336,61.23043441772461,-0.02541696703111864,1.2560026566024527,0.09936444953914231,0.012205692657117018
333,2,45.2009,Forward,0.044146958345211235,20005.0,19986.420970840605,ok,0.0004706017583159846,14352.587662392858,ok,49.20595732129004,69.20431309485235,0.0696437374262697,-17.941885461097627,61.2304573059082,-0.025394078847527025,1.2560026566024527,0.1015387679207358,0.012205692657117018
334,2,45.335683333333336,Forward,0.04407570291165572,19995.0,19986.05673288414,ok,0.00047020277203147474,14352.741290454098,ok,48.8417193648238,69.20379757002605,0.06912821259997311,-17.788257399857685,61.230674743652344,-0.02517664110338477,1.2560026566024527,0.10075014071015088,0.012205692657117018
335,2,45.469966666666664,Forward,0.043966203601619375,19995.0,19985.49026801742,ok,0.0004742593841626903,14352.894918515336,ok,48.275254498104914,69.20299582298999,0.0683264655639103,-17.63462933861956,61.230892181396484,-0.024959203359245088,1.2560026566024527,0.09967529128980299,0.012205692657117018
336,2,45.60503333333333,Forward,0.04399920936190349,19980.0,19986.883024312832,ok,0.0004691200350660349,14352.943432639939,ok,49.66801079351717,69.2049670630393,0.07029770561322253,-17.5861152140169,61.230960845947266,-0.02489053880846251,1.2560026566024527,0.10156028848091789,0.012205692657117018
337,2,45.74086666666667,Forward,0.04375576000659384,19980.0,19986.4034055185,ok,0.0004754851706419994,14354.514751231205,ok,49.188391999185114,69.2042882337431,0.06961887631702442,-16.01479662275051,61.233184814453125,-0.022666570302603887,1.2560026566024527,0.09808814883316117,0.012205692657117018
338,2,45.87511666666666,Forward,0.0436925508737091,19995.0,19988.470368552913,ok,0.0004732001248757363,14354.714198187901,ok,51.25535503359788,69.20721371347513,0.072544356049052,-15.815349666054317,61.23346710205078,-0.022384282704947328,1.2560026566024527,0.10065907459260619,0.012205692657117018
339,2,46.01018333333333,Forward,0.04344743245195057,19995.0,19988.162520460777,ok,0.0004690906704675022,14354.43389435687,ok,50.94750694146205,69.20677800014155,0.07210864271548356,-16.09565349708646,61.233070373535156,-0.022781011220572276,1.2560026566024527,0.10072165332861263,0.012205692657117018
340,2,46.14521666666667,Forward,0.043276529149043674,20005.0,19990.071500559712,ok,0.0004757876972058986,14354.714198187901,ok,52.85648704039704,69.20947987845061,0.07481052102452887,-15.815349666054317,61.23346710205078,-0.022384282704947328,1.2560026566024527,0.10292523956808305,0.012205692657117018
341,2,46.28053333333333,Forward,0.0431730213431053,20005.0,19989.547648437077,ok,0.000465325752041729,14354.824702582828,ok,52.332634917762334,69.20873844343613,0.07406908601004983,-15.704845271127851,61.23362350463867,-0.022227880117056252,1.2560026566024527,0.10198736248771331,0.012205692657117018
342,2,46.416133333333335,Forward,0.04301955627631207,19980.0,19991.24262902986,ok,0.00046620588819939936,14354.935206977752,ok,54.02761551054573,69.21113743717129,0.07646807974521196,-15.594340876203205,61.23377990722656,-0.02207147752916775,1.2560026566024527,0.10418991415698799,0.012205692657117018
343,2,46.55116666666667,Forward,0.04281198759217661,19995.0,19992.830439133962,ok,0.0004758287254262882,14355.026844768667,ok,55.61542561464739,69.21338474696857,0.07871538954249516,-15.502703085288886,61.233909606933594,-0.021941777822136566,1.2560026566024527,0.10627432077767945,0.012205692657117018
344,2,46.687016666666665,Forward,0.04259685871939303,19995.0,19991.13758213542,ok,0.00047195459938614235,14355.274805849966,ok,53.9225686161044,69.21098875886622,0.07631940144014113,-15.254742003990032,61.23426055908203,-0.02159082567369743,1.2560026566024527,0.10343753584454554,0.012205692657117018
345,2,46.82261666666667,Forward,0.0424286892364206,19980.0,19992.14919412487,ok,0.00047214005875192457,14357.700512080051,ok,54.93418060555632,69.21242054565802,0.07775118823194434,-12.829035773904252,61.237693786621094,-0.018157598134635466,1.2560026566024527,0.10055717972656622,0.012205692657117018
346,2,46.95765,Forward,0.04228935916075352,19995.0,19994.391606616682,ok,0.0004722412238202796,14357.226151750612,ok,57.176593097367004,69.21559434808526,0.0809249906591858,-13.303396103343403,61.237022399902344,-0.018828984853385577,1.2560026566024527,0.10457424565616544,0.012205692657117018
347,2,47.0927,Forward,0.04216497987460002,19995.0,19994.17088311487,ok,0.0004666428182863034,14357.738245288076,ok,56.95586959555658,69.21528194669241,0.08061258926633168,-12.79130256587996,61.23774719238281,-0.018104192372915683,1.2560026566024527,0.10335150298235564,0.012205692657117018
348,2,47.22721666666666,Forward,0.041974540326126325,19995.0,19996.15893597288,ok,0.0004667278347887278,14358.021244348252,ok,58.94392245356357,69.21809574076877,0.08342638334269808,-12.508303505703225,61.2381477355957,-0.017703649160025033,1.2560026566024527,0.1056622137192473,0.012205692657117018
349,2,47.363083333333336,Forward,0.041867773959198884,19995.0,19995.575329430467,ok,0.00047527291450673987,14358.137139201466,ok,58.3603159111517,69.21726973223215,0.08260037480607726,-12.392408652489394,61.238311767578125,-0.017539617177605136,1.2560026566024527,0.10463018057693933,0.012205692657117018
350,2,47.49785,Forward,0.04164044198042066,19995.0,19996.741105421224,ok,0.0004754118043515463,14358.250338825537,ok,59.52609190190924,69.21891971531181,0.08425035788572845,-12.279209028418336,61.23847198486328,-0.017379399892448362,1.2560026566024527,0.10607893032079997,0.012205692657117018
351,2,47.63235,Forward,0.04151016134243793,20005.0,19996.77181612966,ok,0.000468942708113497,14358.719308696687,ok,59.556802610346494,69.2189631817665,0.08429382434042242,-11.81023915726837,61.2391357421875,-0.016715642568229647,1.2560026566024527,0.10528871581293589,0.012205692657117018
352,2,47.7674,Forward,0.041365817155117224,20005.0,19997.190501549798,ok,0.0004704361267517739,14359.358078003943,ok,59.975488030482666,69.21955576890537,0.08488641147928812,-11.171469850012727,61.24003982543945,-0.01581155931627706,1.2560026566024527,0.10474577198555937,0.012205692657117018
353,2,47.90298333333333,Forward,0.04116223267321831,19995.0,19998.316931952973,ok,0.0004768560515246234,14359.589867710374,ok,61.101918433658284,69.22115006413908,0.08648070671300338,-10.939680143581427,61.2403678894043,-0.015483495351432112,1.2560026566024527,0.10592801800789384,0.012205692657117018
354,2,48.0383,Forward,0.04108705006030719,20005.0,19998.841053156913,ok,0.00046905623403902685,14359.67072458471,ok,61.626039637598296,69.22189187999825,0.0872225225721767,-10.858823269245477,61.240482330322266,-0.015369054433463723,1.2560026566024527,0.10652609577007485,0.012205692657117018
355,2,48.17333333333333,Forward,0.0409556056362769,20005.0,19998.65741305591,ok,0.0004708621494123352,14360.3418366417,ok,61.442399536594166,69.22163196466134,0.08696260723526421,-10.187711212254726,61.241432189941406,-0.01441919481432275,1.2560026566024527,0.10507315422812188,0.012205692657117018
356,2,48.30811666666666,Forward,0.04071176195308285,20005.0,20000.729036490007,ok,0.00047746107921693964,14362.301268229781,ok,63.51402297069217,69.2245640404982,0.0898946830721061,-8.22827962417432,61.244205474853516,-0.011645909902213803,1.2560026566024527,0.10452197684783945,0.012205692657117018
357,2,48.44343333333333,Forward,0.04066504463529022,19995.0,20001.018143840007,ok,0.00047275841936065876,14361.799955608896,ok,63.80313032069171,69.22497322908973,0.09030387166363994,-8.729592245059393,61.24349594116211,-0.012355443593620903,1.2560026566024527,0.10582234164072955,0.012205692657117018
358,2,48.57848333333333,Forward,0.040506381844725464,19995.0,20001.977664757174,ok,0.0004707453139743036,14361.83768881692,ok,64.76265123785925,69.22633128869161,0.09166193126552713,-8.691859037035101,61.24354934692383,-0.01230203783190112,1.2560026566024527,0.1071133234640188,0.012205692657117018
359,2,48.71353333333333,Forward,0.04032949817340359,19995.0,20001.79447056196,ok,0.00047849750683548817,14361.875422024945,ok,64.57945704264421,69.22607200446822,0.09140264704215013,-8.654125829010809,61.24360275268555,-0.012248632070181337,1.2560026566024527,0.10678696146204389,0.012205692657117018
360,2,48.84911666666667,Forward,0.040327583980661136,20005.0,20002.928009354524,ok,0.00046895845153555857,14362.231192272024,ok,65.71299583520886,69.22767636057326,0.09300700314717213,-8.2983555819319,61.24410629272461,-0.011745092031119396,1.2560026566024527,0.10775886994029839,0.012205692657117018
361,2,48.98441666666667,Forward,0.04008919556435464,19995.0,20003.48995248581,ok,0.00047359879425001205,14362.586962519103,ok,66.27493896649321,69.22847170776319,0.09380235033710943,-7.942585334852993,61.24460983276367,-0.011241551992057456,1.2560026566024527,0.10792176950346818,0.012205692657117018
362,2,49.118916666666664,Forward,0.04004664110198161,19995.0,20003.42832434829,ok,0.00047604790352924795,14363.010113494796,ok,66.2133108289745,69.22838448227138,0.09371512484529756,-7.519434359159277,61.245208740234375,-0.010642644521353046,1.2560026566024527,0.10708231463739253,0.012205692657117018
363,2,49.25395,Forward,0.03982934401038368,19995.0,20004.961211858477,ok,0.00047863431047869177,14363.322760075562,ok,67.74619833916222,69.23055405727968,0.09588469985359299,-7.206787778393846,61.24565124511719,-0.010200139638542285,1.2560026566024527,0.10869610233731808,0.012205692657117018
364,2,49.389783333333334,Forward,0.039732857121092646,19995.0,20005.131193632096,ok,0.00047231405841270945,14363.627320968895,ok,67.91618011278115,69.23079464127912,0.09612528385304393,-6.902226885060372,61.2460823059082,-0.009769078847526046,1.2560026566024527,0.10839527283809547,0.012205692657117018
365,2,49.52455,Forward,0.039575915251458926,20010.0,20004.51535794968,ok,0.00046696410312811883,14363.635406656329,ok,67.30034443036493,69.22992301717304,0.09525365974696509,-6.894141197626595,61.24609375,-0.009757634755728951,1.2560026566024527,0.10750927492231707,0.012205692657117018
366,2,49.65958333333333,Forward,0.039546110571385074,19995.0,20004.165830531998,ok,0.00046800641812595685,14363.646187572907,ok,66.95081701268282,69.22942831293345,0.0947589555073668,-6.883360281048226,61.24610900878906,-0.009742375966666156,1.2560026566024527,0.10699540560311938,0.012205692657117018
367,2,49.7941,Forward,0.039503965971320415,20005.0,20005.916306672454,ok,0.0004773012210086282,14364.468232461992,ok,68.70129315313898,69.23190585238869,0.0972364949626175,-6.061315391963944,61.24727249145508,-0.008578893300651199,1.2560026566024527,0.1080116077389444,0.012205692657117018
368,2,49.9294,Forward,0.039428359155133735,20005.0,20006.097944202425,ok,0.000478470633201912,14364.969545082877,ok,68.88293068311032,69.23216293338321,0.09749357595712967,-5.560002771078871,61.247982025146484,-0.007869359609244099,1.2560026566024527,0.10737751253210029,0.012205692657117018
369,2,50.0647,Forward,0.03921299323259314,20010.0,20005.925538466487,ok,0.00048031464083108267,14365.341486704823,ok,68.7105249471715,69.23191891862447,0.09724956119838601,-5.188061149132409,61.24850845336914,-0.007342931386587965,1.2560026566024527,0.10647230252719003,0.012205692657117018
370,2,50.199733333333334,Forward,0.03918998152865144,20005.0,20007.684206021117,ok,0.00046876664045680024,14365.702647410191,ok,70.46919250180144,69.23440805181204,0.09973869438595949,-4.826900443764316,61.249019622802734,-0.006831761952994627,1.2560026566024527,0.1083194055481963,0.012205692657117018
371,2,50.33505,Forward,0.03917829655342167,20020.0,20008.0504346344,ok,0.0004699647213647842,14366.031465365824,ok,70.83542111508359,69.23492639411793,0.10025703669184881,-4.498082488131331,61.24948501586914,-0.006366368886589674,1.2560026566024527,0.10825321292631664,0.012205692657117018
372,2,50.469833333333334,Forward,0.039032143260887275,20020.0,20008.47158070832,ok,0.0004704346892566618,14366.031465365824,ok,71.25656718900427,69.23552246394742,0.10085310652133561,-4.498082488131331,61.24948501586914,-0.006366368886589674,1.2560026566024527,0.10884928275580344,0.012205692657117018
373,2,50.605666666666664,Forward,0.03890295381754849,20020.0,20008.97579377922,ok,0.00047667680066683664,14366.042246282403,ok,71.760780259905,69.2362361027958,0.10156674536972583,-4.487301571552962,61.2495002746582,-0.006351110097526879,1.2560026566024527,0.10954375652459425,0.012205692657117018
374,2,50.741,Forward,0.03891446880068203,20015.0,20008.153458657413,ok,0.0004831129313847059,14366.163531593907,ok,70.93844513809745,69.2350722093484,0.10040285192232032,-4.366016260048127,61.249671936035156,-0.006179448720573009,1.2560026566024527,0.10816425593169865,0.012205692657117018
375,2,50.87656666666667,Forward,0.0387072943275209,20005.0,20008.07549966575,ok,0.0004765847753473654,14366.902024379511,ok,70.86048614643369,69.23496186995372,0.10029251252764099,-3.627523474444388,61.25071716308594,-0.00513422166979214,1.2560026566024527,0.1067411085844858,0.012205692657117018
376,2,51.011633333333336,Forward,0.038813417888848456,20005.0,20008.910546622883,ok,0.0004740855714333473,14366.950538504114,ok,71.69553310356787,69.2361437551194,0.10147439769332388,-3.5790093498417264,61.25078582763672,-0.005065557119009562,1.2560026566024527,0.10783675089197135,0.012205692657117018
377,2,51.14613333333333,Forward,0.03865161354477814,20020.0,20010.143771608335,ok,0.00046831738896166533,14367.478803416443,ok,72.92875808901954,69.23788920225121,0.10321984482513186,-3.0507444375125488,61.25153350830078,-0.004317876454948048,1.2560026566024527,0.10864310912342778,0.012205692657117018
378,2,51.28145,Forward,0.038489294538274516,20010.0,20009.884392341733,ok,0.0004798917505268891,14367.72137403945,ok,72.66937882241837,69.23752208935431,0.10285273192823118,-2.8081738145046984,61.25187683105469,-0.003974553701042881,1.2560026566024527,0.10784478193555014,0.012205692657117018
379,2,51.41623333333333,Forward,0.03842130364760607,20020.0,20011.339861594417,ok,0.00046931206736854005,14367.724069268595,ok,74.12484807510191,69.23958209029696,0.10491273287088215,-2.805478585360106,61.25188064575195,-0.003970739003777183,1.2560026566024527,0.10989999160830127,0.012205692657117018
380,2,51.552083333333336,Forward,0.03820196343095633,20005.0,20010.456690670544,ok,0.00047112891433747587,14368.141829786,ok,73.24167715122894,69.23833209279111,0.1036627353650291,-2.387718067955575,61.252471923828125,-0.00337946092760417,1.2560026566024527,0.10790734726798412,0.012205692657117018
381,2,51.68728333333333,Forward,0.038315488972395284,20020.0,20011.68029886454,ok,0.0004766208619068622,14368.346667200985,ok,74.4652853452244,69.24006392878037,0.10539457135429417,-2.182880652970198,61.25276184082031,-0.003089543935416212,1.2560026566024527,0.10927504674486693,0.012205692657117018
382,2,51.823116666666664,Forward,0.0382037258841855,20005.0,20010.70037507002,ok,0.000473413456701624,14368.78868478069,ok,73.48536155070542,69.23867699193048,0.10400763450439966,-1.740863073266155,61.253387451171875,-0.002463933583854485,1.2560026566024527,0.1071023416314129,0.012205692657117018
383,2,51.959266666666664,Forward,0.03799608953348238,20020.0,20013.25346742348,ok,0.00047379894634970974,14368.807551384702,ok,76.03845390416609,69.2422905156412,0.10762115821512523,-1.7219964692540088,61.253414154052734,-0.0024372307029945934,1.2560026566024527,0.1106823264528395,0.012205692657117018
384,2,52.09458333333333,Forward,0.03798126697481777,20020.0,20012.292722551727,ok,0.0004702543099609476,14369.001607883109,ok,75.0777090324118,69.24093072371306,0.10626136628698118,-1.527939970847001,61.25368881225586,-0.0021625724998694303,1.2560026566024527,0.1089775630919126,0.012205692657117018
385,2,52.23068333333333,Forward,0.037831284332290466,20020.0,20013.052869464784,ok,0.0004750637131027186,14369.015084028832,ok,75.83785594546862,69.24200659897086,0.10733724154478076,-1.5144638251240394,61.25370788574219,-0.0021434990135409367,1.2560026566024527,0.11002948200021291,0.012205692657117018
386,2,52.36573333333333,Forward,0.03791343006930997,20015.0,20014.19745715896,ok,0.00047452821945212286,14369.675415169244,ok,76.98244363964477,69.24362659315803,0.10895723573194911,-0.8541326847116579,61.254642486572266,-0.0012088981834627575,1.2560026566024527,0.11047561506194022,0.012205692657117018
387,2,52.50131666666667,Forward,0.03774179134855196,20020.0,20014.20576940222,ok,0.0004749492843258135,14369.72662452299,ok,76.99075588290361,69.24363835790601,0.10896900047992794,-0.8029233309662231,61.25471496582031,-0.0011364189354170554,1.2560026566024527,0.11039634568182509,0.012205692657117018
388,2,52.63635,Forward,0.03761843227802317,20005.0,20014.52518458545,ok,0.00047418716448305244,14369.834433688771,ok,77.31017106613581,69.2440904427421,0.10942108531603298,-0.69511416518435,61.25486755371094,-0.0009838310447916787,1.2560026566024527,0.1106567797219393,0.012205692657117018
389,2,52.7722,Forward,0.03753920320826945,20020.0,20013.48528636434,ok,0.0004758756299779011,14370.365393830245,ok,76.27027284502401,69.24261862098305,0.10794926355696682,-0.16415402371058008,61.255619049072266,-0.00023233568346446646,1.2560026566024527,0.10824107779262174,0.012205692657117018
390,2,52.90725,Forward,0.037551330210687406,20020.0,20014.867654664387,ok,0.00048106112665650334,14370.381565205113,ok,77.65264114507227,69.24457515836502,0.1099058009389416,-0.14798264884302625,61.25564193725586,-0.00020944749987027378,1.2560026566024527,0.1101688675551974,0.012205692657117018
391,2,53.04255,Forward,0.037430910361323205,20020.0,20015.648519281956,ok,0.00047830518928424957,14370.66456426529,ok,78.43350576264129,69.245680356462,0.11101099903591902,0.13501641133370867,61.25604248046875,0.00019109571302037436,1.2560026566024527,0.11077098231270009,0.012205692657117018
392,2,53.17733333333333,Forward,0.03738252409886317,20005.0,20015.226801182544,ok,0.00047453344250411074,14370.710383160747,ok,78.01178766322846,69.24508347701524,0.11041411958915527,0.18083530679177784,61.256107330322266,0.0002559455665372536,1.2560026566024527,0.11009265127763886,0.012205692657117018
393,2,53.313183333333335,Forward,0.03724287425957262,20020.0,20016.438733831554,ok,0.00047879760787650916,14370.710383160747,ok,79.22372031223858,69.24679878800157,0.11212943057548304,0.18083530679177784,61.256107330322266,0.0002559455665372536,1.2560026566024527,0.11180796226396662,0.012205692657117018
394,2,53.44821666666667,Forward,0.0372520474855238,20010.0,20015.379708229415,ok,0.0004705780111604702,14370.882877825998,ok,78.16469471009987,69.24529989427043,0.11063053684435478,0.3533299720420473,61.256351470947266,0.0005000861915368264,1.2560026566024527,0.11000242725925433,0.012205692657117018
395,2,53.58273333333333,Forward,0.03708264589231705,20020.0,20015.520982398146,ok,0.000473781316745903,14371.351847697148,ok,78.30596887883075,69.24549984691129,0.11083048948521015,0.8222998431920132,61.257015228271484,0.0011638435157555413,1.2560026566024527,0.10936869893755166,0.012205692657117018
396,2,53.7183,Forward,0.037019277932246714,20020.0,20016.562496696202,ok,0.000465649947064877,14371.81003665172,ok,79.34748317688718,69.24697395598767,0.11230459856159558,1.28048879776361,61.25766372680664,0.001812342050911461,1.2560026566024527,0.11002829213097845,0.012205692657117018
397,2,53.85308333333333,Forward,0.03692895950016953,20020.0,20017.762465050808,ok,0.00047167301249620344,14371.836988943165,ok,80.5474515314927,69.24867233328908,0.11400297586299239,1.307441089209533,61.2577018737793,0.0018504890235684487,1.2560026566024527,0.11167875673337674,0.012205692657117018
398,2,53.98918333333334,Forward,0.03681473921583725,20020.0,20017.218709459317,ok,0.0004727343714799336,14372.001397920982,ok,80.00369594000222,69.24790272786527,0.1132333704391905,1.4718500670260255,61.2579345703125,0.0020831855567709254,1.2560026566024527,0.11061688384569036,0.012205692657117018
399,2,54.12505,Forward,0.03674320202416981,20030.0,20017.815647359173,ok,0.0004667306865740766,14372.610519707647,ok,80.60063383985835,69.24874760496188,0.1140782475357973,2.0809718536911532,61.25879669189453,0.0029453071388008275,1.2560026566024527,0.1103789339449533,0.012205692657117018
400,2,54.25983333333333,Forward,0.03654397278780511,20020.0,20019.319782100483,ok,0.0004771043681540786,14372.890823538679,ok,82.10476858116817,69.25087648468865,0.11620712726256542,2.361275684723296,61.259193420410156,0.0033420356544257767,1.2560026566024527,0.11200952160214653,0.012205692657117018
401,2,54.39463333333333,Forward,0.0365538168485427,20020.0,20018.746786838026,ok,0.0004707778409767948,14373.173822598856,ok,81.5317733187112,69.2500654948456,0.1153961374195168,2.644274744900031,61.25959396362305,0.003742578867316425,1.2560026566024527,0.11069544841962317,0.012205692657117018
402,2,54.53021666666667,Forward,0.03638379332305278,20020.0,20019.918712222592,ok,0.00047360494940057164,14373.610449720272,ok,82.70369870327704,69.25172418148048,0.11705482405440867,3.080901866316708,61.26021194458008,0.004360559824349329,1.2560026566024527,0.11157794933075199,0.012205692657117018
403,2,54.66578333333333,Forward,0.03629429208741264,20020.0,20020.8741060117,ok,0.00047053570997192967,14373.896144009594,ok,83.65909249238393,69.25307639974449,0.11840704231840453,3.3665961556380353,61.260616302490234,0.004764917734505676,1.2560026566024527,0.11242229298537326,0.012205692657117018
404,2,54.80056666666667,Forward,0.03631579869613366,20020.0,20019.661274377788,ok,0.00047721558974430587,14373.920401071895,ok,82.44626085847267,69.25135981637831,0.11669045895223062,3.390853217939366,61.260650634765625,0.004799250009896965,1.2560026566024527,0.11066258819010069,0.012205692657117018
405,2,54.93505,Forward,0.036261839725761136,20020.0,20020.900922640016,ok,0.0004678688950069696,14374.014734091954,ok,83.68590912070067,69.2531143547061,0.11844499728001526,3.4851862379982776,61.26078414916992,0.004932764414193848,1.2560026566024527,0.11224943207139375,0.012205692657117018
406,2,55.0701,Forward,0.03613689296792669,20020.0,20020.944217333155,ok,0.0004751468233938574,14374.483703963104,ok,83.72920381384029,69.25317563192546,0.1185062744993828,3.9541561091482436,61.26144790649414,0.005596521738412562,1.2560026566024527,0.11147702832820323,0.012205692657117018
407,2,55.20486666666667,Forward,0.03608949922314997,20020.0,20022.290263497114,ok,0.0004806961969739914,14374.556475150006,ok,85.0752499777991,69.25508076070884,0.1204114032827593,4.026927296050417,61.26155090332031,0.005699518564583855,1.2560026566024527,0.11325279282428698,0.012205692657117018
408,2,55.34045,Forward,0.03618866865270118,20020.0,20019.88810101355,ok,0.0004802521160656516,14374.788264856435,ok,82.67308749423319,69.25168085585244,0.11701149842635451,4.258717002479898,61.261878967285156,0.006027582529426226,1.2560026566024527,0.10944083875650464,0.012205692657117018
409,2,55.475233333333335,Forward,0.036087694370539575,20020.0,20023.0582906348,ok,0.00047066845118086143,14375.197939686406,ok,85.84327711548394,69.2561677892563,0.12149843183021589,4.668391832450652,61.26245880126953,0.006607416513802143,1.2560026566024527,0.11319949913560148,0.012205692657117018
410,2,55.6108,Forward,0.03598098573769601,20020.0,20022.30210633697,ok,0.0004758294181610282,14375.510586267173,ok,85.0870928176555,69.25509752249286,0.12042816506678385,4.981038413217902,61.262901306152344,0.007049921396615477,1.2560026566024527,0.11157344506379634,0.012205692657117018
411,2,55.746383333333334,Forward,0.035962911447538326,20020.0,20022.757004176754,ok,0.0004846326124439508,14375.561795620919,ok,85.54199065743887,69.25574136294297,0.12107200551689014,5.032247766963337,61.26297378540039,0.0071224006446611796,1.2560026566024527,0.11212625138580867,0.012205692657117018
412,2,55.8809,Forward,0.035728841878767986,20020.0,20022.738044699043,ok,0.0004689397091211958,14375.745071202748,ok,85.5230311797277,69.25571452861315,0.12104517118707851,5.215523348791976,61.26323318481445,0.007381800058723548,1.2560026566024527,0.1117736107028136,0.012205692657117018
413,2,56.0162,Forward,0.03576329636901096,20020.0,20022.783762868807,ok,0.00047886608909132486,14376.270640885934,ok,85.56874934949155,69.25577923590438,0.12110987847830859,5.74109303197838,61.26397705078125,0.008125666025521937,1.2560026566024527,0.11090402036358875,0.012205692657117018
414,2,56.15125,Forward,0.03571999185067326,20035.0,20023.327274335938,ok,0.00047708824095605266,14376.270640885934,ok,86.11226081662244,69.25654849580636,0.12187913838027278,5.74109303197838,61.26397705078125,0.008125666025521937,1.2560026566024527,0.11167328026555294,0.012205692657117018
415,2,56.28628333333333,Forward,0.03560136379409157,20020.0,20023.3975434803,ok,0.0004766242265481642,14376.445830780329,ok,86.18252996098454,69.25664795136225,0.12197859393617567,5.916282926373242,61.264225006103516,0.008373621347787208,1.2560026566024527,0.11146130327797193,0.012205692657117018
416,2,56.42106666666667,Forward,0.035575929733224765,20020.0,20024.611145063594,ok,0.00047790957636009165,14376.486259217496,ok,87.39613154427934,69.25836562447763,0.12369626705155105,5.9567113635403075,61.2642822265625,0.008430841806770116,1.2560026566024527,0.11310710734485277,0.012205692657117018
417,2,56.55583333333333,Forward,0.03548729639888823,20020.0,20023.80628419352,ok,0.0004777951108831379,14376.52938288381,ok,86.59127067420559,69.25722646324286,0.12255710581678239,5.999835029853784,61.26434326171875,0.008491876963021295,1.2560026566024527,0.11189128579168647,0.012205692657117018
418,2,56.69146666666666,Forward,0.035516596904335174,20020.0,20024.592884998186,ok,0.0004730408238271728,14376.912105422334,ok,87.37787147887138,69.25833978006224,0.12367042263616138,6.3825575683786155,61.26488494873047,0.009033563974740224,1.2560026566024527,0.11232424228529944,0.012205692657117018
419,2,56.8265,Forward,0.03545704407020067,20020.0,20024.97014363097,ok,0.00047287176269787017,14377.21936154481,ok,87.75513011165458,69.25887373372545,0.12420437629936912,6.689813690854862,61.26531982421875,0.009468439463019587,1.2560026566024527,0.11231199117993701,0.012205692657117018
420,2,56.96208333333333,Forward,0.035272235348552367,20035.0,20025.21852757352,ok,0.00048539210705888516,14377.37838006434,ok,88.00351405420588,69.2592252843713,0.12455592694521865,6.848832210383989,61.26554489135742,0.00969350660169324,1.2560026566024527,0.11238085690169852,0.012205692657117018
421,2,57.097116666666665,Forward,0.035297083275970004,20035.0,20025.54200998895,ok,0.00046865176063800315,14377.591303166757,ok,88.32699646963374,69.25968312577157,0.12501376834549818,7.061755312801324,61.265846252441406,0.00999486768567572,1.2560026566024527,0.11246018797989947,0.012205692657117018
422,2,57.23243333333333,Forward,0.03509502864986774,20020.0,20026.936084908823,ok,0.00048177548380682895,14377.885083143512,ok,89.72107138950742,69.26165623213832,0.12698687471223932,7.355535289556428,61.26626205444336,0.010410669687629163,1.2560026566024527,0.11391104592756647,0.012205692657117018
423,2,57.36725,Forward,0.03503096527954261,20005.0,20025.970993425894,ok,0.00048581037836607424,14378.159996516255,ok,88.75597990657843,69.26029028822647,0.12562093080039605,7.630448662299386,61.26665115356445,0.010799768808722715,1.2560026566024527,0.11205639248594801,0.012205692657117018
424,2,57.50205,Forward,0.03506856200526637,20020.0,20026.454303993574,ok,0.0004714191682450324,14378.257024765458,ok,89.23929047425918,69.26097434268051,0.12630498525443543,7.72747691150289,61.266788482666016,0.010937097910285297,1.2560026566024527,0.11256796122359596,0.012205692657117018
425,2,57.6379,Forward,0.03488409314602911,20020.0,20026.349736812812,ok,0.0004768375534667161,14378.367529160385,ok,89.13472329349679,69.26082634333903,0.12615698591295588,7.837981306429356,61.266944885253906,0.011093500498176373,1.2560026566024527,0.11222351981622572,0.012205692657117018
426,2,57.77268333333333,Forward,0.0349548831606421,20020.0,20027.78453595879,ok,0.00047509767358522894,14378.367529160385,ok,90.56952243947308,69.26285708881014,0.1281877313840652,7.837981306429356,61.266944885253906,0.011093500498176373,1.2560026566024527,0.11425426528733504,0.012205692657117018
427,2,57.90773333333333,Forward,0.03484113155899149,20035.0,20026.61773099508,ok,0.00047411582028392775,14379.106021945989,ok,89.4027174757648,69.26120564937183,0.1265362919457554,8.576474092033095,61.26799011230469,0.012138727548957241,1.2560026566024527,0.11129001789649173,0.012205692657117018
428,2,58.04333333333334,Forward,0.034683698433292276,20020.0,20029.666969147132,ok,0.00047285917241618686,14379.51030631767,ok,92.45195562781737,69.26552139390303,0.13085203647695326,8.980758463714665,61.26856231689453,0.01271093213880176,1.2560026566024527,0.11488707194272475,0.012205692657117018
429,2,58.1781,Forward,0.03469281682355488,20020.0,20027.10342876244,ok,0.0004764197409888623,14379.725924649234,ok,89.88841524312375,69.2618930825531,0.12722372512701852,9.196376795278411,61.26886749267578,0.013016107920052514,1.2560026566024527,0.11087545900080834,0.012205692657117018
430,2,58.31315,Forward,0.034733384326416566,20035.0,20028.717450022432,ok,0.00047217943121885065,14379.725924649234,ok,91.50243650311677,69.26417749035554,0.12950813292946028,9.196376795278411,61.26886749267578,0.013016107920052514,1.2560026566024527,0.1131598668032501,0.012205692657117018
431,2,58.44845,Forward,0.03460565198184809,20020.0,20028.930189819133,ok,0.00047631864833651305,14379.75287694068,ok,91.71517629981827,69.26447859199746,0.12980923457137847,9.223329086724334,61.26890563964844,0.013054254892709501,1.2560026566024527,0.11341305574616976,0.012205692657117018
432,2,58.584,Forward,0.034486035806324034,20035.0,20028.21788708491,ok,0.0004753387016466947,14379.796000606992,ok,91.0028735655942,69.26347043308152,0.12880107565544877,9.266452753035992,61.26896667480469,0.013115290048958107,1.2560026566024527,0.11232823651184567,0.012205692657117018
433,2,58.7193,Forward,0.03456868003809005,20020.0,20028.958909886296,ok,0.00047109594967673573,14380.070913979735,ok,91.74389636698106,69.26451924099456,0.12984988356847635,9.54136612577895,61.26935577392578,0.013504389170051659,1.2560026566024527,0.11288833489509807,0.012205692657117018
434,2,58.85406666666667,Forward,0.03446843087108076,20020.0,20029.781026009845,ok,0.00047964006465058424,14380.076304438024,ok,92.56601249052983,69.2656828244824,0.13101346705631473,9.546756584068135,61.26936340332031,0.013512018564583056,1.2560026566024527,0.11404233584313675,0.012205692657117018
435,2,58.98895,Forward,0.034375224892084916,20035.0,20030.392824812072,ok,0.0004717146279239317,14380.397036706225,ok,93.17781129275681,69.26654873498306,0.13187937755698426,9.867488852269162,61.26981735229492,0.013965967539193488,1.2560026566024527,0.11433808522573362,0.012205692657117018
436,2,59.12371666666667,Forward,0.03423253727157938,20020.0,20029.021902001336,ok,0.0004712037175194649,14380.518322017728,ok,91.80688848202044,69.26460839699433,0.12993903956824854,9.988774163772177,61.269989013671875,0.014137628916144784,1.2560026566024527,0.11218214009151103,0.012205692657117018
437,2,59.25906666666667,Forward,0.034296615752529624,20030.0,20032.170671170945,ok,0.0004802123502705138,14380.790540161326,ok,94.95565765162974,69.26906501292464,0.13439565549855828,10.260992307370543,61.2703742980957,0.014522913339972637,1.2560026566024527,0.11615483776194545,0.012205692657117018
438,2,59.39436666666667,Forward,0.034150847196383616,20020.0,20029.435268587753,ok,0.00047017337371141,14381.235252970177,ok,92.22025506843784,69.26519345611263,0.13052409868654336,10.705705116220997,61.27100372314453,0.015152338388802637,1.2560026566024527,0.11149272141646792,0.012205692657117018
439,2,59.52941666666667,Forward,0.034213834370651314,20045.0,20030.973722614763,ok,0.0004642078424555974,14381.272986178199,ok,93.75870909544756,69.2673709097002,0.13270155227412134,10.74343832424347,61.27105712890625,0.015205744150519845,1.2560026566024527,0.1136030972254512,0.012205692657117018
440,2,59.66445,Forward,0.03423917358823328,20035.0,20030.447485273577,ok,0.00046917933826393245,14381.596413675545,ok,93.2324717542615,69.26662609876249,0.1319567413364099,11.06686582158909,61.271514892578125,0.015663507822395974,1.2560026566024527,0.11228333389976725,0.012205692657117018
441,2,59.799533333333336,Forward,0.03406661590083232,20020.0,20030.311148045104,ok,0.0004752420839990962,14382.00878373466,ok,93.09613452578924,69.26643313362862,0.1317637762025512,11.479235880704437,61.272098541259766,0.01624715650403759,1.2560026566024527,0.11135730447124416,0.012205692657117018
442,2,59.93483333333333,Forward,0.03406719005587164,20020.0,20030.814116235197,ok,0.00046522246874287644,14382.038431255249,ok,93.5991027158816,69.2671450105328,0.13247565310672033,11.508883401293133,61.27214050292969,0.0162891181739577,1.2560026566024527,0.11201647740651816,0.012205692657117018
443,2,60.0704,Forward,0.034089975821382956,20020.0,20030.784029133152,ok,0.0004811974853591817,14382.00878373466,ok,93.56901561383711,69.2671024267005,0.1324330692744209,11.479235880704437,61.272098541259766,0.01624715650403759,1.2560026566024527,0.11202659754311385,0.012205692657117018
444,2,60.205983333333336,Forward,0.0339854100476136,20035.0,20031.773176288192,ok,0.000468273405121163,14382.165107025043,ok,94.55816276887708,69.26850241784977,0.13383306042369864,11.635559171087152,61.27231979370117,0.01646840894544297,1.2560026566024527,0.11314869503820667,0.012205692657117018
445,2,60.34128333333334,Forward,0.03388108140641269,20045.0,20032.560340147582,ok,0.0004736547390063833,14382.259440045102,ok,95.34532662826678,69.26961653158963,0.1349471741635621,11.729892191146064,61.27245330810547,0.016601923349739853,1.2560026566024527,0.11409511433157857,0.012205692657117018
446,2,60.47605,Forward,0.03395856573481104,20035.0,20032.08811475763,ok,0.00047606999547582934,14382.480448834955,ok,94.87310123831412,69.26894816656122,0.13427880913513393,11.950900980998995,61.27276611328125,0.016914728525522005,1.2560026566024527,0.11303386517136901,0.012205692657117018
447,2,60.61165,Forward,0.03394670042581627,20050.0,20032.332291590028,ok,0.00047048830758159835,14382.429239481207,ok,95.11727807071293,69.26929376266638,0.1346244052402991,11.899691627251741,61.2726936340332,0.016842249277473728,1.2560026566024527,0.11347049540463135,0.012205692657117018
448,2,60.746966666666665,Forward,0.033794877492317216,20035.0,20032.342072221654,ok,0.0004737864436587216,14382.480448834955,ok,95.12705870233913,69.26930760570039,0.13463824827431203,11.950900980998995,61.27276611328125,0.016914728525522005,1.2560026566024527,0.11339330431054712,0.012205692657117018
449,2,60.88175,Forward,0.033754362905870666,20035.0,20032.885491710043,ok,0.00046935709771151965,14382.596343688168,ok,95.67047819072832,69.27007673542008,0.1354073779940039,12.066795834212826,61.27293014526367,0.017078760507941902,1.2560026566024527,0.11395640942455182,0.012205692657117018
450,2,61.017316666666666,Forward,0.03377283301451625,20045.0,20031.211389950426,ok,0.0004748632086917388,14382.663724416783,ok,93.99637643111055,69.26770729257782,0.13303793515173995,12.134176562827633,61.27302551269531,0.017174127939584373,1.2560026566024527,0.11146718483479157,0.012205692657117018
451,2,61.15213333333333,Forward,0.03377105657592122,20035.0,20032.917819877162,ok,0.00047808408660029826,14382.790400186575,ok,95.7028063578473,69.27012249114775,0.13545313372166115,12.260852332619834,61.2732048034668,0.017353418711067065,1.2560026566024527,0.1136571937194262,0.012205692657117018
452,2,61.2874,Forward,0.033808403153090166,20020.0,20031.608895156,ok,0.0004735821867169733,14382.919771185514,ok,94.39388163668627,69.2682699022631,0.13360054483702521,12.390223331558445,61.27338790893555,0.017536524179818033,1.2560026566024527,0.11157462387960061,0.012205692657117018
453,2,61.42245,Forward,0.03367997324030203,20035.0,20031.44878771638,ok,0.0004716923507713486,14383.170427495956,ok,94.23377419706594,69.26804329391948,0.13337393649340326,12.640879642000073,61.27374267578125,0.017891291025520294,1.2560026566024527,0.11090242743530215,0.012205692657117018
454,2,61.5575,Forward,0.03364685557760688,20040.0,20033.054504208336,ok,0.00047222302552973416,14383.170427495956,ok,95.83949068902075,69.27031594755401,0.13564659012793273,12.640879642000073,61.27374267578125,0.017891291025520294,1.2560026566024527,0.11317508106983162,0.012205692657117018
455,2,61.69338333333334,Forward,0.03366877569233326,20035.0,20033.27474873795,ok,0.0004690340989958026,14383.170427495956,ok,96.05973521863416,69.27062767103273,0.1359583136066533,12.640879642000073,61.27374267578125,0.017891291025520294,1.2560026566024527,0.1134868045485522,0.012205692657117018
456,2,61.8292,Forward,0.033757710786144424,20020.0,20032.14200817754,ok,0.00048013152339289447,14383.170427495956,ok,94.92699465822443,69.26902444470699,0.13435508728090254,12.640879642000073,61.27374267578125,0.017891291025520294,1.2560026566024527,0.11188357822280143,0.012205692657117018
457,2,61.9643,Forward,0.033724013308014694,20020.0,20031.72406533784,ok,0.0004769888604784073,14383.218941620558,ok,94.50905181852431,69.26843290858062,0.1337635511545508,12.689393766602734,61.27381134033203,0.017959955576302873,1.2560026566024527,0.11120579923825236,0.012205692657117018
458,2,62.0999,Forward,0.033717017463703675,20035.0,20030.52293032007,ok,0.0004659480661523776,14383.218941620558,ok,93.30791680075345,69.2667328800405,0.13206352261441023,12.689393766602734,61.27381134033203,0.017959955576302873,1.2560026566024527,0.10950577069811179,0.012205692657117018
459,2,62.23493333333333,Forward,0.034020593472070704,20020.0,20032.573342134812,ok,0.00048015376010588165,14383.604359388228,ok,95.35832861549716,69.26963493397491,0.134965576548842,13.074811534272158,61.274356842041016,0.0185054572852875,1.2560026566024527,0.11172267303687769,0.012205692657117018
460,2,62.36976666666666,Forward,0.03392521296598858,20035.0,20032.203695042488,ok,0.00047301113699119136,14383.604359388228,ok,94.988681523173,69.26911175331877,0.13444239589268456,13.074811534272158,61.274356842041016,0.0185054572852875,1.2560026566024527,0.11119949238072024,0.012205692657117018
461,2,62.5048,Forward,0.034003865391492916,20045.0,20031.892807283526,ok,0.0004705947970174313,14383.59357847165,ok,94.67779376421095,69.26867173778746,0.13400238036137763,13.064030617693788,61.27434158325195,0.018490198496224707,1.2560026566024527,0.11077864192901271,0.012205692657117018
462,2,62.6404,Forward,0.034076332963147715,20035.0,20031.46215193573,ok,0.00046658246275354674,14383.59357847165,ok,94.24713841641642,69.26806220899063,0.13339285156454544,13.064030617693788,61.27434158325195,0.018490198496224707,1.2560026566024527,0.11016911313218053,0.012205692657117018
463,2,62.77596666666667,Forward,0.034224733213420816,20035.0,20031.412587643532,ok,0.00047829158742877304,14383.577407096782,ok,94.19757412421677,69.26799205808331,0.13332270065722476,13.047859242826235,61.27431869506836,0.018467310312630512,1.2560026566024527,0.11012770984425897,0.012205692657117018
464,2,62.91101666666667,Forward,0.034300754076321854,20020.0,20029.47361470797,ok,0.00047212436708651004,14382.701457624806,ok,92.25860118865603,69.26524772936068,0.13057837193460467,12.171909770850107,61.27307891845703,0.01722753370130158,1.2560026566024527,0.1089405438390616,0.012205692657117018
465,2,63.04578333333333,Forward,0.034497790708382464,20020.0,20028.66843020872,ok,0.0004784411067334652,14382.679895791649,ok,91.45341668940455,69.26410811007679,0.12943875265071542,12.150347937693368,61.273048400878906,0.01719701612317599,1.2560026566024527,0.10783925471437117,0.012205692657117018
466,2,63.1811,Forward,0.034744108310708705,20035.0,20027.789255210108,ok,0.0004763108626645935,14382.617905521325,ok,90.5742416907924,69.26286376821072,0.12819441078464236,12.088357667369564,61.2729606628418,0.017109278086067492,1.2560026566024527,0.10670511205599147,0.012205692657117018
467,2,63.31563333333333,Forward,0.03504548165563537,20030.0,20026.949167675957,ok,0.0004735170595939998,14381.566766154954,ok,89.73415415664203,69.26167474885557,0.1270053914294974,11.037218300998575,61.2714729309082,0.01562154615247329,1.2560026566024527,0.10738468796175313,0.012205692657117018
468,2,63.4504,Forward,0.03529727424367918,20020.0,20025.52324688416,ok,0.00047432182270203284,14379.690886670354,ok,88.30823336484536,69.25965656937852,0.12498721195244497,9.161338816398711,61.26881790161133,0.01296651685559843,1.2560026566024527,0.10870123233493287,0.012205692657117018
469,2,63.584916666666665,Forward,0.03572205091933431,20020.0,20022.818870285475,ok,0.0004740465166180042,14379.553429983984,ok,85.60385676615988,69.25582892524774,0.1211595678216578,9.023882130028142,61.26862335205078,0.01277196729505294,1.2560026566024527,0.10511794296903165,0.012205692657117018
470,2,63.71995,Forward,0.03624353316941609,20020.0,20021.237098242163,ok,0.00047514547737988205,14378.478033555311,ok,84.02208472284838,69.25359016143031,0.11892080400423406,7.948485701355821,61.2671012878418,0.011249903086067449,1.2560026566024527,0.10479089584161322,0.012205692657117018
471,2,63.85525,Forward,0.0367195825048344,20035.0,20018.438639514912,ok,0.00047733847046237246,14377.40263712664,ok,81.2236259955971,69.24962935799493,0.11496000056886192,6.873089272683501,61.26557922363281,0.009727838877081955,1.2560026566024527,0.10274180909624636,0.012205692657117018
472,2,63.9903,Forward,0.03724697853818157,20020.0,20016.179792234758,ok,0.00047082689290769254,14374.3866757139,ok,78.96477871544266,69.24643229456139,0.11176293713530376,3.8571278599447396,61.26131057739258,0.0054591926368499815,1.2560026566024527,0.10490617668051563,0.012205692657117018
473,2,64.12586666666667,Forward,0.03798851875473169,20020.0,20011.507364466066,ok,0.0004721901952958793,14373.276241306348,ok,74.29235094675096,69.23981916577819,0.10514980835211103,2.7466934523927193,61.25973892211914,0.003887537363410404,1.2560026566024527,0.10026705109602627,0.012205692657117018
474,2,64.26116666666667,Forward,0.03865038975464316,20020.0,20010.951905879683,ok,0.0004629745516298578,14372.057997733016,ok,73.73689236036807,69.23903299650019,0.10436363907409804,1.528449879060645,61.25801467895508,0.002163294199348025,1.2560026566024527,0.10164653581270425,0.012205692657117018
475,2,64.39648333333334,Forward,0.03955440181811315,20005.0,20005.264217364776,ok,0.0004713441219793461,14368.454476366767,ok,68.0492038454613,69.23098291665094,0.09631355922486015,-2.0750714871883247,61.25291442871094,-0.0029369560447908357,1.2560026566024527,0.10000238381944207,0.012205692657117018
476,2,64.53151666666666,Forward,0.04046916903214837,19995.0,20001.898107923054,ok,0.0004675348834949632,14366.128493615028,ok,64.68309440373923,69.22621868778782,0.09154933036174344,-4.401054238927827,61.2496223449707,-0.006229039785027092,1.2560026566024527,0.09937302087981983,0.012205692657117018
477,2,64.66633333333333,Forward,0.0413379980316341,19995.0,19997.49463582462,ok,0.00046624458674741296,14364.762012438747,ok,60.279622305304656,69.21998622588113,0.08531686845505082,-5.76753541520884,61.24768829345703,-0.008163091298697755,1.2560026566024527,0.09556973281230356,0.012205692657117018
478,2,64.80118333333333,Forward,0.042487364816446854,19995.0,19994.022959936996,ok,0.00047878706178884693,14361.085719885594,ok,56.807946417680796,69.21507258336487,0.0804032259387985,-9.443827968361802,61.24248504638672,-0.013366338369010484,1.2560026566024527,0.09719138243932296,0.012205692657117018
479,2,64.93645,Forward,0.04343870314323364,19980.0,19989.334848794817,ok,0.0004728597877751002,14357.932301786483,ok,52.11983527550183,69.2084372570917,0.07376789966561542,-12.597246067472952,61.23802185058594,-0.01782953416979052,1.2560026566024527,0.09616184194885652,0.012205692657117018
480,2,65.0715,Forward,0.04470762876405812,19980.0,19984.387551805023,ok,0.0004762787937369676,14354.77349322908,ok,47.17253828570756,69.20143509167751,0.0667657342514303,-15.756054624875105,61.233551025390625,-0.02230035936510453,1.2560026566024527,0.09477504485719097,0.012205692657117018
481,2,65.2063,Forward,0.045952393362512944,19980.0,19979.387862138326,ok,0.00047050216535332405,14352.177987562889,ok,42.17284861901135,69.19435877219678,0.059689414770708195,-18.351560291066562,61.22987747192383,-0.025973912831900366,1.2560026566024527,0.09231271828993559,0.012205692657117018
482,2,65.3411,Forward,0.047243551038455844,19965.0,19973.691839535742,ok,0.000472128084478655,14348.240257782716,ok,36.47682601642737,69.18629689668204,0.051627539255955875,-22.28929007123952,61.22430419921875,-0.031547185536978155,1.2560026566024527,0.09125088809873091,0.012205692657117018
483,2,65.47613333333334,Forward,0.04855699388078252,19960.0,19967.982373438783,ok,0.00047792083126910797,14345.076058767025,ok,30.767359919467708,69.1782159938941,0.04354663646801632,-25.45348908693086,61.219825744628906,-0.036025640126823556,1.2560026566024527,0.08879493617311063,0.012205692657117018
484,2,65.61143333333334,Forward,0.050033532221864546,19955.0,19962.138015272674,ok,0.00046942937758474813,14341.383594839004,ok,24.92300175335913,69.16994417138106,0.035274813954984274,-29.145953014951374,61.214599609375,-0.04125177538073048,1.2560026566024527,0.08708715342274942,0.012205692657117018
485,2,65.74595,Forward,0.05141752447303283,19940.0,19957.868614843304,ok,0.00047268335288829584,14337.7827687019,ok,20.653601323989278,69.16390146804477,0.029232110618695607,-32.74677915205575,61.209503173828125,-0.04634821092760364,1.2560026566024527,0.0874455866725366,0.012205692657117018
486,2,65.88151666666667,Forward,0.05272391035631549,19940.0,19952.505046857445,ok,0.00047224077267997845,14334.521541437005,ok,15.290033338129433,69.15631013275103,0.02164077532495975,-36.00800641695059,61.20488739013672,-0.050963994619011625,1.2560026566024527,0.08565168795751146,0.012205692657117018
487,2,66.01521666666666,Forward,0.05405873185417556,19955.0,19947.887917846085,ok,0.00046884946860893445,14331.589132127747,ok,10.67290432676964,69.14977527116038,0.015105913734303814,-38.94041572620881,61.20073699951172,-0.055114385244009516,1.2560026566024527,0.08432972801779078,0.012205692657117018
488,2,66.1508,Forward,0.05522221218199003,19940.0,19942.744095524282,ok,0.00047483181631382957,14330.21456526403,ok,5.529082004966767,69.14249495327513,0.007825595849054056,-40.31498258992542,61.19879150390625,-0.05705988084947985,1.2560026566024527,0.07949295778142015,0.012205692657117018
489,2,66.28585,Forward,0.05648811856158617,19940.0,19937.50747285638,ok,0.00048023932663667163,14325.780913321261,ok,0.2924593370662478,69.13508329025835,0.00041393283226886883,-44.74863453269427,61.1925163269043,-0.06333505785143334,1.2560026566024527,0.07996293374973917,0.012205692657117018
490,2,66.42168333333333,Forward,0.05780550645589366,19925.0,19932.978391286324,ok,0.0004749346114902261,14322.180087184157,ok,-4.236622232991067,69.12867304676715,-0.005996310658934473,-48.349460669798646,61.18741989135742,-0.0684314933983065,1.2560026566024527,0.07995382684461169,0.012205692657117018
491,2,66.55671666666667,Forward,0.05902342196284732,19930.0,19928.66614809848,ok,0.0004701563040293678,14320.972624527401,ok,-8.548865420834773,69.12256970585801,-0.012099651568074084,-49.55692332655417,61.18571090698242,-0.07014047777330866,1.2560026566024527,0.07599697485056689,0.012205692657117018
492,2,66.69228333333334,Forward,0.0602275084225552,19940.0,19924.372678937496,ok,0.0004727576958435398,14317.657492679618,ok,-12.84233458181916,69.11649293680048,-0.018176420625588354,-52.87205517433722,61.1810188293457,-0.07483255541002547,1.2560026566024527,0.07581346776975387,0.012205692657117018
493,2,66.82733333333333,Forward,0.06133828402033112,19915.0,19919.847717729015,ok,0.0004703566863670896,14314.611883746287,ok,-17.367295790299977,69.11008852507022,-0.02458083235585549,-55.917664107668315,61.17670822143555,-0.0791431633201827,1.2560026566024527,0.07482319102621576,0.012205692657117018
494,2,66.96265,Forward,0.06231399135248142,19925.0,19916.164937554386,ok,0.00047830805102204286,14313.797924544637,ok,-21.05007596492942,69.10487609573354,-0.029793261692528345,-56.73162330931882,61.17555618286133,-0.08029520189440056,1.2560026566024527,0.07105772519926906,0.012205692657117018
495,2,67.09823333333334,Forward,0.06341301959376891,19915.0,19911.30437149288,ok,0.0004791868663322352,14311.533932063223,ok,-25.910642026436108,69.09799668508983,-0.036672672336250274,-58.9956157907327,61.1723518371582,-0.08349954759752576,1.2560026566024527,0.06820298127134503,0.012205692657117018
496,2,67.23328333333333,Forward,0.06439265473366632,19910.0,19907.58909524096,ok,0.00047386238925273586,14309.612233683165,ok,-29.62591827835422,69.09273826237354,-0.04193109505253159,-60.91731417079063,61.16963195800781,-0.0862194267479175,1.2560026566024527,0.06636073399359335,0.012205692657117018
497,2,67.36805,Forward,0.06520764956426667,19900.0,19904.37902145145,ok,0.0004777291463508673,14308.755150815201,ok,-32.835992067866755,69.08819487884264,-0.04647447858343248,-61.774397038754614,61.168418884277344,-0.08743250047838654,1.2560026566024527,0.06334097429081623,0.012205692657117018
498,2,67.50338333333333,Forward,0.06613064919978576,19900.0,19901.611833504565,ok,0.00046990580290070014,14307.898067947239,ok,-35.60318001475025,69.08427833456075,-0.050391022865327983,-62.63147990671678,61.167205810546875,-0.088645574208853,1.2560026566024527,0.060948053837041244,0.012205692657117018
499,2,67.63841666666667,Forward,0.06691242362810587,19890.0,19898.494349147466,ok,0.0004698569494216742,14304.847068555619,ok,-38.720664371849125,69.07986599764433,-0.054803359781743555,-65.68247929833706,61.16288757324219,-0.09296381151354163,1.2560026566024527,0.06195943444715442,0.012205692657117018
500,2,67.77346666666666,Forward,0.06763409669004014,19900.0,19896.41174526126,ok,0.00047975594571677535,14304.370012997035,ok,-40.80326825805605,69.07691838060546,-0.057750976820609076,-66.1595348569208,61.16221237182617,-0.09363901292955744,1.2560026566024527,0.05985987218054649,0.012205692657117018
501,2,67.90823333333333,Forward,0.06837208799947098,19900.0,19895.474209198692,ok,0.0004813888888010393,14304.227165852375,ok,-41.74080432062328,69.07559143730585,-0.059077920120233496,-66.30238200158055,61.162010192871094,-0.09384119188463433,1.2560026566024527,0.058786866185607745,0.012205692657117018
502,2,68.04301666666667,Forward,0.06901649738125709,19890.0,19891.223725177,ok,0.0004729768324506455,14304.084318707713,ok,-45.99128834231669,69.06957550734012,-0.06509385008595923,-66.44522914624213,61.161808013916016,-0.09404337083971379,1.2560026566024527,0.053024873524570915,0.012205692657117018
503,2,68.17911666666667,Forward,0.06958914262946728,19900.0,19889.40397443951,ok,0.00047784100095460766,14301.93891630866,ok,-47.811039079806505,69.06699991996327,-0.06766943746281873,-68.59063154529576,61.15877151489258,-0.0970798698631508,1.2560026566024527,0.05426313698791907,0.012205692657117018
504,2,68.31443333333333,Forward,0.07028850393772185,19900.0,19885.78742024916,ok,0.00048189281004404507,14301.982039974971,ok,-51.42759327015665,69.06188122368883,-0.07278813373725627,-68.5475078789841,61.15883255004883,-0.0970188347069022,1.2560026566024527,0.049067780395087135,0.012205692657117018
505,2,68.4508,Forward,0.07079850148437514,19875.0,19882.635798569954,ok,0.0004811317144501745,14301.736774122819,ok,-54.5792149493609,69.05742057045408,-0.07724878697199118,-68.79277373113655,61.158485412597656,-0.09736597215807306,1.2560026566024527,0.045043132721229034,0.012205692657117018
506,2,68.58558333333333,Forward,0.07151902289455161,19890.0,19881.503442618246,ok,0.0004815493527635322,14301.491508270667,ok,-55.711570901068626,69.05581788848494,-0.07885146894114546,-69.03803958328899,61.158138275146484,-0.09771310960924393,1.2560026566024527,0.04387645631295156,0.012205692657117018
507,2,68.72063333333334,Forward,0.07191600734577944,19875.0,19879.294795779588,ok,0.00048352855819555884,14301.32170883456,ok,-57.92021773972738,69.05269187633371,-0.08197748109236842,-69.20783901939649,61.15789794921875,-0.09795343553698037,1.2560026566024527,0.04105229416541602,0.012205692657117018
508,2,68.85568333333333,Forward,0.07239727132770013,19875.0,19877.62267833318,ok,0.0004772492561999875,14301.151909398453,ok,-59.59233518613473,69.05032524199261,-0.08434411543347274,-69.37763845550217,61.157657623291016,-0.09819376146471424,1.2560026566024527,0.0389875098279959,0.012205692657117018
509,2,68.99098333333333,Forward,0.07250634617141336,19875.0,19874.91425493035,ok,0.0004876828049672294,14300.232836260166,ok,-62.30075858896453,69.04649187021053,-0.08817748721555631,-70.29671159378995,61.15635681152344,-0.09949457323229179,1.2560026566024527,0.03678796108172945,0.012205692657117018
510,2,69.12656666666666,Forward,0.07310411070015793,19875.0,19875.350851103045,ok,0.00048674644221597107,14300.065732053205,ok,-61.86416241627012,69.04710980736422,-0.0875595500618514,-70.46381580075104,61.15612030029297,-0.09973108446275997,1.2560026566024527,0.037702956969218715,0.012205692657117018
511,2,69.26161666666667,Forward,0.0735156780054606,19885.0,19874.385401710024,ok,0.0004831332169462335,14299.887846929665,ok,-62.82961180929124,69.04574335688372,-0.08892600054236714,-70.64170092429049,61.15586853027344,-0.09998285448229094,1.2560026566024527,0.036652730302086725,0.012205692657117018
512,2,69.39775,Forward,0.07380394592769063,19860.0,19872.0669252183,ok,0.00047783581603944177,14299.836637575918,ok,-65.14808830101538,69.04246189714166,-0.0922074602844125,-70.69291027803774,61.15579605102539,-0.10005533373033922,1.2560026566024527,0.03346230468813856,0.012205692657117018
513,2,69.53331666666666,Forward,0.07404685486625534,19860.0,19870.72293712936,ok,0.0004835430558891193,14299.744999785004,ok,-66.49207638995358,69.04055968125836,-0.09410967616772278,-70.78454806895206,61.15566635131836,-0.1001850334373704,1.2560026566024527,0.03172299198141998,0.012205692657117018
514,2,69.66758333333334,Forward,0.07440164754421011,19875.0,19870.197897000162,ok,0.00047879165802053693,14299.246382393263,ok,-67.0171165191532,69.03981656479672,-0.09485279262936334,-71.28316546069254,61.15496063232422,-0.1008907524315118,1.2560026566024527,0.03186626045123585,0.012205692657117018
515,2,69.80296666666666,Forward,0.07471750126180302,19860.0,19868.468874868893,ok,0.00047814402720731714,14299.033459290846,ok,-68.74613865042193,69.03736939031074,-0.09729996711533127,-71.49608856310988,61.154659271240234,-0.10119211351549427,1.2560026566024527,0.029797596287346503,0.012205692657117018
516,2,69.93826666666666,Forward,0.0749827394759422,19860.0,19867.77590027963,ok,0.00047739147779120067,14299.033459290846,ok,-69.43911323968496,69.03638858751846,-0.09828076990761493,-71.49608856310988,61.154659271240234,-0.10119211351549427,1.2560026566024527,0.028816793495062845,0.012205692657117018
517,2,70.07356666666666,Forward,0.07519342586393149,19845.0,19867.545440429596,ok,0.00048018267515834124,14299.033459290846,ok,-69.66957308971905,69.03606240576819,-0.09860695165789109,-71.49608856310988,61.154659271240234,-0.10119211351549427,1.2560026566024527,0.02849061174478669,0.012205692657117018
518,2,70.2086,Forward,0.0753538318516645,19860.0,19866.625921457628,ok,0.00048378109278509083,14299.033459290846,ok,-70.58909206168755,69.03476096298914,-0.0999083944369454,-71.49608856310988,61.154659271240234,-0.10119211351549427,1.2560026566024527,0.027189168965732383,0.012205692657117018
519,2,70.34525,Forward,0.07550557093629545,19860.0,19864.840332103628,ok,0.000486040682239016,14299.030764061701,ok,-72.37468141568752,69.03223372598592,-0.10243563144016313,-71.49878379225447,61.15465545654297,-0.10119592821275997,1.2560026566024527,0.024666723232414478,0.012205692657117018
520,2,70.48003333333334,Forward,0.07576893433202564,19860.0,19864.65119420925,ok,0.00047945370920397546,14299.030764061701,ok,-72.56381931006399,69.03196602933758,-0.10270332808850398,-71.49878379225447,61.15465545654297,-0.10119592821275997,1.2560026566024527,0.024399026584073627,0.012205692657117018
521,2,70.6151,Forward,0.07602856552515028,19860.0,19865.054103659983,ok,0.0004740758173818081,14298.801669584414,ok,-72.1609098593326,69.03253628793065,-0.10213306949542182,-71.72787826954118,61.15433120727539,-0.10152017748033922,1.2560026566024527,0.025376543118636727,0.012205692657117018
522,2,70.75066666666666,Forward,0.07614212290509506,19860.0,19864.013946684398,ok,0.0004811878743945321,14298.542927586539,ok,-73.20106683491758,69.031064099943,-0.10360525748308243,-71.98662026741658,61.15396499633789,-0.10188638841783858,1.2560026566024527,0.024364317041352182,0.012205692657117018
523,2,70.88625,Forward,0.0763538219387827,19860.0,19862.73553523428,ok,0.00047288630226780004,14298.540232357394,ok,-74.47947828503675,69.02925469806969,-0.10541465935638596,-71.98931549656118,61.153961181640625,-0.10189020311510427,1.2560026566024527,0.02255970643794851,0.012205692657117018
524,2,71.02101666666667,Forward,0.07645556712099802,19860.0,19862.22363272213,ok,0.0004804568478839856,14298.542927586539,ok,-74.99138079718614,69.02853017595723,-0.10613918146884478,-71.98662026741658,61.15396499633789,-0.10188638841783858,1.2560026566024527,0.021830393055589828,0.012205692657117018
525,2,71.15686666666667,Forward,0.07668104978237375,19860.0,19862.45134523689,ok,0.00047918760392186126,14298.542927586539,ok,-74.7636682824268,69.02885246926175,-0.10581688816433645,-71.98662026741658,61.15396499633789,-0.10188638841783858,1.2560026566024527,0.022152686360098164,0.012205692657117018
526,2,71.29191666666667,Forward,0.07686124397146313,19845.0,19861.619660036205,ok,0.00048550355275296675,14298.416251816745,ok,-75.59535348310965,69.02767534216392,-0.10699401526216874,-72.1132960372106,61.153785705566406,-0.10206567918932385,1.2560026566024527,0.021200748947555678,0.012205692657117018
527,2,71.42698333333334,Forward,0.07694112996857752,19860.0,19860.74782692142,ok,0.0004755721698720961,14298.416251816745,ok,-76.46718659789622,69.0264413916459,-0.1082279657801775,-72.1132960372106,61.153785705566406,-0.10206567918932385,1.2560026566024527,0.01996679842954692,0.012205692657117018
528,2,71.562,Forward,0.07703173610169475,19860.0,19860.510322357204,ok,0.00047280041685859316,14298.265318984651,ok,-76.70469116211098,69.02610523914714,-0.10856411827894327,-72.26422886930413,61.15357208251953,-0.10227930223619783,1.2560026566024527,0.019898957045166393,0.012205692657117018
529,2,71.69811666666666,Forward,0.07715833865668631,19860.0,19860.09211047398,ok,0.0004845328129664295,14298.265318984651,ok,-77.12290304533599,69.02551332222956,-0.10915603519651672,-72.26422886930413,61.15357208251953,-0.10227930223619783,1.2560026566024527,0.019307040127592948,0.012205692657117018
530,2,71.83291666666666,Forward,0.07736721879401567,19860.0,19859.69577794466,ok,0.0004776562586043805,14298.265318984651,ok,-77.51923557465489,69.02495237229365,-0.10971698513241873,-72.26422886930413,61.15357208251953,-0.10227930223619783,1.2560026566024527,0.018746090191690934,0.012205692657117018
531,2,71.9685,Forward,0.07736590523644074,19860.0,19858.89937585749,ok,0.0004789120020396394,14298.127862298279,ok,-78.31563766182444,69.02382518321201,-0.1108441742140662,-72.40168555567652,61.153377532958984,-0.1024738517967459,1.2560026566024527,0.017863255874932676,0.012205692657117018
532,2,72.10355,Forward,0.07758415384439021,19860.0,19859.977975449157,ok,0.0004877785854417127,14298.429727962468,ok,-77.23703807015772,69.02535178102332,-0.10931757640275572,-72.09981989148764,61.153804779052734,-0.10204660570299535,1.2560026566024527,0.01885323145746945,0.012205692657117018
533,2,72.2386,Forward,0.07751822005439687,19860.0,19858.612193899753,ok,0.0004778382126890784,14298.518670524238,ok,-78.60281961956207,69.02341871972777,-0.11125063769830752,-72.01087732971791,61.1539306640625,-0.10192072069322987,1.2560026566024527,0.016762058255225767,0.012205692657117018
534,2,72.37336666666667,Forward,0.07765936834451964,19860.0,19857.054974479073,ok,0.0004791988268872707,14298.429727962468,ok,-80.16003904024183,69.02121470650756,-0.11345465091851135,-72.09981989148764,61.153804779052734,-0.10204660570299535,1.2560026566024527,0.014716156941713812,0.012205692657117018
535,2,72.50815,Forward,0.07770351890198013,19860.0,19858.28625865084,ok,0.00047934678705003237,14298.316528338397,ok,-78.92875486847333,69.02295740670534,-0.11171195072073135,-72.2130195155587,61.15364456176758,-0.10220682298815213,1.2560026566024527,0.01666009047528437,0.012205692657117018
536,2,72.64293333333333,Forward,0.07782385024555882,19845.0,19857.269295897546,ok,0.00048213509791307946,14298.319223567541,ok,-79.94571762176929,69.02151804670062,-0.11315131072546386,-72.2103242864141,61.153648376464844,-0.10220300829088642,1.2560026566024527,0.015215939200651979,0.012205692657117018
537,2,72.77943333333333,Forward,0.07795785077162115,19860.0,19858.604375631145,ok,0.00048240832725590405,14298.316528338397,ok,-78.61063788817046,69.02340765412768,-0.11126170329840418,-72.2130195155587,61.15364456176758,-0.10220682298815213,1.2560026566024527,0.017110337897611544,0.012205692657117018
538,2,72.9142,Forward,0.07800287856370458,19860.0,19857.66320223813,ok,0.0004812796660710229,14298.235671464061,ok,-79.5518112811842,69.02207556272606,-0.11259379470001339,-72.29387638989465,61.15353012084961,-0.10232126390612052,1.2560026566024527,0.01592198459299464,0.012205692657117018
539,2,73.04955,Forward,0.07812307751151354,19860.0,19855.781370235552,ok,0.00047043093532848354,14298.154814589725,ok,-81.43364328376265,69.0194121085225,-0.11525724890358033,-72.3747332642306,61.15341567993164,-0.10243570482408891,1.2560026566024527,0.01340226848642001,0.012205692657117018
540,2,73.18405,Forward,0.07816827900271642,19870.0,19856.26859995349,ok,0.00048465001989896474,14298.154814589725,ok,-80.9464135658236,69.02010170995268,-0.11456764747339454,-72.3747332642306,61.15341567993164,-0.10243570482408891,1.2560026566024527,0.014091869916605798,0.012205692657117018
541,2,73.3196,Forward,0.07824636736154522,19860.0,19855.932141794587,ok,0.0004738513462776436,14298.154814589725,ok,-81.28287172472847,69.01962550331126,-0.11504385411481188,-72.3747332642306,61.15341567993164,-0.10243570482408891,1.2560026566024527,0.013615663275188455,0.012205692657117018
542,2,73.45545,Forward,0.07823114508251972,19860.0,19856.16717546123,ok,0.0004796246907154799,14298.435118420757,ok,-81.0478380580862,69.01995815862085,-0.11471119880523038,-72.09442943319846,61.153812408447266,-0.10203897630846395,1.2560026566024527,0.013450026515195071,0.012205692657117018
543,2,73.59131666666667,Forward,0.07829956839426674,19860.0,19855.155373005633,ok,0.00048203569112739074,14298.510584836804,ok,-82.0596405136821,69.01852610225245,-0.11614325517362233,-72.01896301715169,61.1539192199707,-0.10193216478502697,1.2560026566024527,0.011883814589610533,0.012205692657117018
544,2,73.72745,Forward,0.07841519361112714,19860.0,19856.860052977016,ok,0.00048039367891920234,14298.510584836804,ok,-80.35496054229952,69.02093882402002,-0.11373053340606062,-72.01896301715169,61.1539192199707,-0.10193216478502697,1.2560026566024527,0.014296536357172235,0.012205692657117018
545,2,73.86255,Forward,0.0784322785206881,19860.0,19856.02127804841,ok,0.00048732307031634276,14298.561794190551,ok,-81.19373547090436,69.01975166246342,-0.11491769496265976,-71.96775366340444,61.15399169921875,-0.10185968553697869,1.2560026566024527,0.013018340672475912,0.012205692657117018
546,2,73.99758333333334,Forward,0.07850830256938829,19855.0,19855.72836194965,ok,0.00047381189586411795,14298.561794190551,ok,-81.48665156966672,69.01933708315269,-0.11533227427339103,-71.96775366340444,61.15399169921875,-0.10185968553697869,1.2560026566024527,0.01260376136174464,0.012205692657117018
547,2,74.13265,Forward,0.07850479606652155,19860.0,19855.633286323136,ok,0.0004834157416949591,14298.561794190551,ok,-81.58172719617869,69.01920251769906,-0.1154668397270251,-71.96775366340444,61.15399169921875,-0.10185968553697869,1.2560026566024527,0.012469195908110575,0.012205692657117018
548,2,74.26821666666666,Forward,0.07862879845900309,19860.0,19855.101410502844,ok,0.00047759140957907625,14298.262623755507,ok,-82.11360301647073,69.01844972633012,-0.11621963109596314,-72.26692409844873,61.153568267822266,-0.10228311693346354,1.2560026566024527,0.012248235498046378,0.012205692657117018
549,2,74.403,Forward,0.07870837849762333,19860.0,19855.226014320895,ok,0.0004793443875006065,14298.564489419696,ok,-81.98899919842006,69.01862608456109,-0.11604327286498778,-71.96505843425984,61.153995513916016,-0.101855870839713,1.2560026566024527,0.011887971500248035,0.012205692657117018
550,2,74.53831666666666,Forward,0.07868435204847349,19860.0,19854.77250882081,ok,0.0004807259058142566,14298.456680253914,ok,-82.44250469850522,69.0179842147614,-0.11668514266467633,-72.07286760004172,61.15384292602539,-0.10200845873033837,1.2560026566024527,0.011437752496550324,0.012205692657117018
551,2,74.67336666666667,Forward,0.07869753313633426,19860.0,19854.88080135366,ok,0.0004796760579510191,14298.24106192235,ok,-82.3342121656533,69.01813748678646,-0.1165318706396262,-72.28848593160546,61.15353775024414,-0.10231363451158912,1.2560026566024527,0.011974326113582123,0.012205692657117018
552,2,74.80866666666667,Forward,0.07868374654692475,19850.0,19853.683814818363,ok,0.00048314864999898853,14298.456680253914,ok,-83.53119870095179,69.01644332980821,-0.11822602761787158,-72.07286760004172,61.15384292602539,-0.10200845873033837,1.2560026566024527,0.009896867543355073,0.012205692657117018
553,2,74.94425,Forward,0.07876796806100117,19845.0,19854.087783423274,ok,0.0004799504853791997,14298.456680253914,ok,-83.12723009604088,69.017015087477,-0.11765426994907607,-72.07286760004172,61.15384292602539,-0.10200845873033837,1.2560026566024527,0.010468625212150584,0.012205692657117018
554,2,75.07928333333334,Forward,0.07875500044603564,19845.0,19855.173076737,ok,0.0004748019417853755,14298.265318984651,ok,-82.04193678231604,69.01855115925949,-0.11611819816658815,-72.26422886930413,61.15357208251953,-0.10227930223619783,1.2560026566024527,0.012344877157521514,0.012205692657117018
555,2,75.21431666666666,Forward,0.07874728723186386,19845.0,19854.066478028963,ok,0.0004807437360021333,14298.24106192235,ok,-83.14853549035251,69.01698493285005,-0.11768442457603547,-72.28848593160546,61.15353775024414,-0.10231363451158912,1.2560026566024527,0.010821772177172853,0.012205692657117018
556,2,75.34961666666666,Forward,0.07886978752494489,19860.0,19854.6145666484,ok,0.00047997004155186284,14298.073957715389,ok,-82.60044687091431,69.0177606710325,-0.11690868639357832,-72.45559013856655,61.15330123901367,-0.1025501457420573,1.2560026566024527,0.011894569093414353,0.012205692657117018
557,2,75.48386666666667,Forward,0.07882507559461158,19845.0,19854.209701825224,ok,0.00048437273550255394,14298.073957715389,ok,-83.00531169409078,69.01718764489962,-0.11748171252645746,-72.45559013856655,61.15330123901367,-0.1025501457420573,1.2560026566024527,0.01132154296053521,0.012205692657117018
558,2,75.61943333333333,Forward,0.07880357447579203,19845.0,19854.143299716907,ok,0.000487280081569383,14298.073957715389,ok,-83.07171380240834,69.01709366255992,-0.11757569486615718,-72.45559013856655,61.15330123901367,-0.1025501457420573,1.2560026566024527,0.011227560620835492,0.012205692657117018
559,2,75.75448333333334,Forward,0.07895580062234009,19860.0,19853.19548970251,ok,0.0004799005454107827,14298.35965200471,ok,-84.0195238168053,69.01575217800467,-0.11891717942140413,-72.16989584924522,61.15370559692383,-0.10214578783190095,1.2560026566024527,0.009378201456213944,0.012205692657117018
560,2,75.88926666666667,Forward,0.07895957596962855,19860.0,19855.42880647455,ok,0.00048488154347447045,14298.435118420757,ok,-81.78620704476634,69.01891310678909,-0.11575625063698905,-72.09442943319846,61.153812408447266,-0.10203897630846395,1.2560026566024527,0.012404974683436404,0.012205692657117018
561,2,76.0243,Forward,0.07899154719767712,19845.0,19853.88335397272,ok,0.0004765223642510518,14298.475546857926,ok,-83.33165954659489,69.01672574789798,-0.11794360952809531,-72.05400099602957,61.15386962890625,-0.10198175584947848,1.2560026566024527,0.010145746743832382,0.012205692657117018
562,2,76.16015,Forward,0.07895504970416367,19845.0,19854.293037872878,ok,0.0004798682138882072,14298.475546857926,ok,-82.9219756464372,69.01730559471986,-0.11736376270621451,-72.05400099602957,61.15386962890625,-0.10198175584947848,1.2560026566024527,0.010725593565713176,0.012205692657117018
563,2,76.29491666666667,Forward,0.07892193801849526,19840.0,19851.71581267974,ok,0.000475848791187721,14298.610308315152,ok,-85.49920083957477,69.01365791455245,-0.12101144287362345,-71.9192395388036,61.15406036376953,-0.10179102098619869,1.2560026566024527,0.006838349903318108,0.012205692657117018
564,2,76.42996666666667,Forward,0.0790311325634945,19860.0,19853.350860119364,ok,0.0004741008199820859,14298.44859456648,ok,-83.86415339995074,69.01597208179487,-0.11869727563120701,-72.0809532874755,61.153831481933594,-0.10201990282213547,1.2560026566024527,0.009439993339719191,0.012205692657117018
565,2,76.5658,Forward,0.07897988631566205,19835.0,19853.5205094747,ok,0.00047630972085614437,14298.44859456648,ok,-83.69450404461531,69.01621219530553,-0.1184571621205528,-72.0809532874755,61.153831481933594,-0.10201990282213547,1.2560026566024527,0.009680106850373404,0.012205692657117018
566,2,76.70245,Forward,0.07907131795557285,19860.0,19853.11324123155,ok,0.00047272887246903507,14298.15211936058,ok,-84.10177228776593,69.01563576748799,-0.11903358993807983,-72.37742849337519,61.153411865234375,-0.1024395195213546,1.2560026566024527,0.009630718721820364,0.012205692657117018
567,2,76.83726666666666,Forward,0.07900083042625089,19850.0,19853.62028261885,ok,0.00048466859022854454,14298.15211936058,ok,-83.59473090046595,69.01635340939893,-0.11831594802714615,-72.37742849337519,61.153411865234375,-0.1024395195213546,1.2560026566024527,0.010348360632754044,0.012205692657117018
568,2,76.97258333333333,Forward,0.07917657081949794,19845.0,19852.901418888257,ok,0.0004725253064184955,14297.939196258161,ok,-84.31359463105764,69.01533596436536,-0.11933339306071601,-72.59035159579435,61.15311050415039,-0.10274088060533966,1.2560026566024527,0.009709425921266016,0.012205692657117018
569,2,77.1082,Forward,0.07911767060166575,19845.0,19853.288198767164,ok,0.0004802405085238833,14297.939196258161,ok,-83.92681475215068,69.01588339394087,-0.11878596348521812,-72.59035159579435,61.15311050415039,-0.10274088060533966,1.2560026566024527,0.010256855496763903,0.012205692657117018
570,2,77.2435,Forward,0.07910374091434463,19875.0,19853.111013156464,ok,0.0004937241703719854,14297.939196258161,ok,-84.10400036285137,69.01563261397804,-0.11903674344803399,-72.59035159579435,61.15311050415039,-0.10274088060533966,1.2560026566024527,0.010006075533948042,0.012205692657117018
571,2,77.37963333333333,Forward,0.07916022714406332,19845.0,19853.14104674243,ok,0.00047941154639836775,14298.117081381703,ok,-84.07396677688666,69.01567512206627,-0.1189942353598113,-72.41246647225307,61.15336227416992,-0.10248911058580612,1.2560026566024527,0.009732359808783758,0.012205692657117018
572,2,77.51495,Forward,0.07906430655248148,19860.0,19852.283773387204,ok,0.0004840889343085543,14298.117081381703,ok,-84.93124013211127,69.01446177872933,-0.12020757869675655,-72.41246647225307,61.15336227416992,-0.10248911058580612,1.2560026566024527,0.008519016471838503,0.012205692657117018
573,2,77.65053333333333,Forward,0.07923627551005577,19845.0,19854.417856689837,ok,0.0004929793108100891,14298.117081381703,ok,-82.7971568294779,69.01748225724992,-0.11718710017615923,-72.41246647225307,61.15336227416992,-0.10248911058580612,1.2560026566024527,0.011539494992435825,0.012205692657117018
574,2,77.78851666666667,Forward,0.079146828622979,19860.0,19853.612063675297,ok,0.0004806700285927977,14298.117081381703,ok,-83.60294984401844,69.01634177670286,-0.11832758072322305,-72.41246647225307,61.15336227416992,-0.10248911058580612,1.2560026566024527,0.010399014445372001,0.012205692657117018
575,2,77.92493333333333,Forward,0.07912446306144513,19860.0,19853.42542951076,ok,0.00048199974875696603,14297.863729842114,ok,-83.78958400855481,69.0160776237129,-0.11859173371317247,-72.66581801184111,61.15300369262695,-0.10284769212877665,1.2560026566024527,0.010585240826002151,0.012205692657117018
576,2,78.05971666666667,Forward,0.07917900518406026,19860.0,19852.495706980288,ok,0.00048280940842170277,14297.863729842114,ok,-84.71930653902746,69.01476173930955,-0.11990761811653329,-72.66581801184111,61.15300369262695,-0.10284769212877665,1.2560026566024527,0.009269356422641331,0.012205692657117018
577,2,78.19541666666667,Forward,0.0791541063715396,19860.0,19852.699613576522,ok,0.0004814682344833278,14297.863729842114,ok,-84.51539994279301,69.01505033886579,-0.11961901856028623,-72.66581801184111,61.15300369262695,-0.10284769212877665,1.2560026566024527,0.009557955978888394,0.012205692657117018
578,2,78.33045,Forward,0.07915165510373134,19860.0,19853.698889421823,ok,0.000482255144618488,14298.278795130374,ok,-83.51612409749214,69.01646466567448,-0.11820469175160048,-72.25075272358117,61.15359115600586,-0.10226022874986934,1.2560026566024527,0.010234427223009934,0.012205692657117018
579,2,78.46661666666667,Forward,0.07918394211071889,19845.0,19852.36419656102,ok,0.00048688659919654694,14298.278795130374,ok,-84.85081695829649,69.0145756058085,-0.12009375161757643,-72.25075272358117,61.15359115600586,-0.10226022874986934,1.2560026566024527,0.008345367357033978,0.012205692657117018
580,2,78.60378333333334,Forward,0.07918486078508669,19845.0,19852.508153648043,ok,0.0004865945479247744,14298.278795130374,ok,-84.70685987127217,69.01477935572244,-0.11989000170364,-72.25075272358117,61.15359115600586,-0.10226022874986934,1.2560026566024527,0.008549117270970408,0.012205692657117018
581,2,78.7399,Forward,0.07915862409769894,19860.0,19852.369060342084,ok,0.0004897104937549454,14298.278795130374,ok,-84.84595317723142,69.01458248976951,-0.12008686765657182,-72.25075272358117,61.15359115600586,-0.10226022874986934,1.2560026566024527,0.008352251318038587,0.012205692657117018
582,2,78.87521666666666,Forward,0.07929100218006929,19845.0,19851.898236080713,ok,0.00048533998563537827,14298.15750981887,ok,-85.316777438602,69.01391610783085,-0.12075324959522019,-72.372038035086,61.153419494628906,-0.1024318901268232,1.2560026566024527,0.007901476524880297,0.012205692657117018
583,2,79.00971666666666,Forward,0.07924528869587952,19860.0,19852.017372123675,ok,0.0004779905317600479,14298.15750981887,ok,-85.19764139563995,69.01408472723683,-0.12058463018924301,-72.372038035086,61.153419494628906,-0.1024318901268232,1.2560026566024527,0.008070095930857474,0.012205692657117018
584,2,79.14503333333333,Forward,0.0792181995295734,19850.0,19852.654957024508,ok,0.0004823081902284717,14298.402775671022,ok,-84.56005649480721,69.0149871341371,-0.11968222328898469,-72.12677218293356,61.15376663208008,-0.10208475267565234,1.2560026566024527,0.008536497270238988,0.012205692657117018
585,2,79.28035,Forward,0.07943543947163773,19860.0,19852.93892156827,ok,0.0004814749874038074,14298.402775671022,ok,-84.27609195104378,69.01538904384887,-0.11928031357721744,-72.12677218293356,61.15376663208008,-0.10208475267565234,1.2560026566024527,0.008938406982006236,0.012205692657117018
586,2,79.41595,Forward,0.0793638035007134,19860.0,19851.921985338297,ok,0.0004823680825559665,14298.402775671022,ok,-85.2930281810186,69.01394972138397,-0.12071963604212116,-72.12677218293356,61.15376663208008,-0.10208475267565234,1.2560026566024527,0.007499084517102517,0.012205692657117018
587,2,79.55125,Forward,0.07931461403205334,19860.0,19852.82604715808,ok,0.0004817151394205476,14298.402775671022,ok,-84.38896636123536,69.01522928685574,-0.11944007057034327,-72.12677218293356,61.15376663208008,-0.10208475267565234,1.2560026566024527,0.008778649988880408,0.012205692657117018
588,2,79.68633333333334,Forward,0.07937207441970512,19860.0,19852.090991865174,ok,0.0004697509962566091,14298.351566317277,ok,-85.12402165414096,69.01418892506624,-0.12048043235984468,-72.177981536679,61.15369415283203,-0.10215723192369805,1.2560026566024527,0.007829322327472965,0.012205692657117018
589,2,79.82243333333334,Forward,0.07945679931926555,19845.0,19851.969085614237,ok,0.00048559289064347403,14298.346175858987,ok,-85.24592790507813,69.01401638484157,-0.12065297258450598,-72.18337199496818,61.1536865234375,-0.10216486131822944,1.2560026566024527,0.007666364642611348,0.012205692657117018
590,2,79.95898333333334,Forward,0.07940095845742534,19860.0,19852.918541439794,ok,0.0004751019514174265,14298.351566317277,ok,-84.29647207952075,69.01536019879852,-0.11930915862756564,-72.177981536679,61.15369415283203,-0.10215723192369805,1.2560026566024527,0.009000596059752008,0.012205692657117018
591,2,80.09455,Forward,0.07933431087794166,19860.0,19851.249959280583,ok,0.0004731039709582482,14298.351566317277,ok,-85.96505423873168,69.0129985681323,-0.12167078929377696,-72.177981536679,61.15369415283203,-0.10215723192369805,1.2560026566024527,0.006638965393540683,0.012205692657117018
592,2,80.2296,Forward,0.079490886750895,19845.0,19851.4089200262,ok,0.00048496829433301885,14298.416251816745,ok,-85.80609349311635,69.01322355350057,-0.12144580392551285,-72.1132960372106,61.153785705566406,-0.10206567918932385,1.2560026566024527,0.006748960284211569,0.012205692657117018
593,2,80.3657,Forward,0.07943811511907567,19875.0,19850.898592562433,ok,0.0004791598701858403,14298.416251816745,ok,-86.31642095688221,69.01250126063559,-0.12216809679049785,-72.1132960372106,61.153785705566406,-0.10206567918932385,1.2560026566024527,0.00602666741922657,0.012205692657117018
594,2,80.50135,Forward,0.07963335312398634,19845.0,19851.7764622851,ok,0.000485579103529511,14298.472851628781,ok,-85.43855123421599,69.01374375507707,-0.12092560234900904,-72.05669622517416,61.153865814208984,-0.10198557054674418,1.2560026566024527,0.0071685451928185095,0.012205692657117018
595,2,80.63691666666666,Forward,0.07956740709253576,19860.0,19851.93081485228,ok,0.00048497524817871983,14298.472851628781,ok,-85.28419866703553,69.01396221825196,-0.12070713917412156,-72.05669622517416,61.153865814208984,-0.10198557054674418,1.2560026566024527,0.007387008367705991,0.012205692657117018
596,2,80.7717,Forward,0.07953307962507125,19845.0,19852.007261945477,ok,0.00048139709150465216,14298.691165189488,ok,-85.20775157383832,69.01407041777851,-0.12059893964757105,-71.83838266446764,61.1541748046875,-0.1016765800682303,1.2560026566024527,0.0071071150323781945,0.012205692657117018
597,2,80.90806666666667,Forward,0.07960678009123198,19835.0,19850.48947831465,ok,0.00048287615739947136,14298.691165189488,ok,-86.72553520466681,69.01192222007218,-0.12274713735389989,-71.83838266446764,61.1541748046875,-0.1016765800682303,1.2560026566024527,0.004958917326049361,0.012205692657117018
598,2,81.04358333333333,Forward,0.07953350441776846,19860.0,19851.84552596725,ok,0.0004785738146932289,14298.691165189488,ok,-85.36948755206686,69.01384150447993,-0.12082785294614955,-71.83838266446764,61.1541748046875,-0.1016765800682303,1.2560026566024527,0.006878201733799702,0.012205692657117018
599,2,81.17891666666667,Forward,0.07954518470198213,19860.0,19851.782288645274,ok,0.00048309042439429595,14298.313833109252,ok,-85.43272487404101,69.0137520014261,-0.12091735599998411,-72.21571474470329,61.15364074707031,-0.10221063768541783,1.2560026566024527,0.007459476465931439,0.012205692657117018
600,2,81.31423333333333,Forward,0.0796524143883422,19860.0,19851.761884569125,ok,0.0004779536453310607,14298.265318984651,ok,-85.45312895019015,69.01372312248137,-0.12094623494471182,-72.26422886930413,61.15357208251953,-0.10227930223619783,1.2560026566024527,0.007516840379397843,0.012205692657117018
601,2,81.44956666666667,Forward,0.07962706913040735,19845.0,19850.56828065495,ok,0.00047807551349124286,14298.265318984651,ok,-86.64673286436664,69.01203375310182,-0.12263560432425866,-72.26422886930413,61.15357208251953,-0.10227930223619783,1.2560026566024527,0.005827470999851009,0.012205692657117018
602,2,81.58513333333333,Forward,0.07962367027247691,19845.0,19851.38071425972,ok,0.0004870029192003058,14298.313833109252,ok,-85.83429925959354,69.01318363241984,-0.12148572500623928,-72.21571474470329,61.15364074707031,-0.10221063768541783,1.2560026566024527,0.006891107459676277,0.012205692657117018
603,2,81.72071666666666,Forward,0.07966250714600151,19860.0,19850.888478357494,ok,0.0004853335344701254,14298.313833109252,ok,-86.32653516182108,69.012486945478,-0.12218241194808006,-72.21571474470329,61.15364074707031,-0.10221063768541783,1.2560026566024527,0.006194420517835489,0.012205692657117018
604,2,81.85616666666667,Forward,0.07969782869969264,19860.0,19850.182255008534,ok,0.00047653200092016883,14298.184462110316,ok,-87.0327585107807,69.0114873910306,-0.12318196639548361,-72.34508574364008,61.15345764160156,-0.10239374315416622,1.2560026566024527,0.005424847025618365,0.012205692657117018
605,2,81.99146666666667,Forward,0.07974028203973638,19835.0,19851.89486426434,ok,0.0004740949176052435,14298.184462110316,ok,-85.32014925497424,69.01391133552468,-0.12075802190139735,-72.34508574364008,61.15345764160156,-0.10239374315416622,1.2560026566024527,0.00784879151970462,0.012205692657117018
606,2,82.12785,Forward,0.0798382651683111,19860.0,19850.26733596537,ok,0.0004782051822159276,14298.162900277159,ok,-86.94767755394423,69.0116078105111,-0.12306154691498848,-72.36664757679682,61.15342712402344,-0.10242426073229181,1.2560026566024527,0.005583596665312315,0.012205692657117018
607,2,82.26315,Forward,0.07974540458546897,19860.0,19851.050751989045,ok,0.0004800079671813692,14297.960758091318,ok,-86.16426153026987,69.01271661974515,-0.12195273768093456,-72.5687897626376,61.153141021728516,-0.10271036302721406,1.2560026566024527,0.007051751141848639,0.012205692657117018
608,2,82.39818333333334,Forward,0.07976093052375743,19860.0,19850.37242513003,ok,0.0004771821548256489,14298.162900277159,ok,-86.84258838928508,69.01175654864339,-0.12291280878269122,-72.36664757679682,61.15342712402344,-0.10242426073229181,1.2560026566024527,0.005732334797609581,0.012205692657117018
609,2,82.5335,Forward,0.07981028044660138,19845.0,19849.78911416745,ok,0.00048683710651735315,14297.960758091318,ok,-87.42589935186334,69.0109309584562,-0.12373839896987954,-72.5687897626376,61.153141021728516,-0.10271036302721406,1.2560026566024527,0.005266089852903666,0.012205692657117018
610,2,82.66963333333334,Forward,0.07981829668190213,19845.0,19851.7176958263,ok,0.00047866202675693145,14297.982319924475,ok,-85.49731769301434,69.01366057986722,-0.12100877755885812,-72.54722792948087,61.15317153930664,-0.10267984544908848,1.2560026566024527,0.007957381104726283,0.012205692657117018
611,2,82.8052,Forward,0.07985609483391409,19860.0,19850.916723528215,ok,0.0004841498640980068,14297.982319924475,ok,-86.29828999110032,69.01252692232958,-0.12214243509648885,-72.54722792948087,61.15317153930664,-0.10267984544908848,1.2560026566024527,0.006823723567095555,0.012205692657117018
612,2,82.9406,Forward,0.07999376732954558,19835.0,19850.27033062262,ok,0.00048384295647072197,14298.195243026894,ok,-86.94468289669385,69.01161204900444,-0.12305730842163157,-72.33430482706171,61.153472900390625,-0.10237848436510343,1.2560026566024527,0.005530339919871008,0.012205692657117018
613,2,83.07561666666666,Forward,0.07998390734468389,19860.0,19849.607156212063,ok,0.0004839845356995537,14298.195243026894,ok,-87.60785730725183,69.01067342394701,-0.12399593347906415,-72.33430482706171,61.153472900390625,-0.10237848436510343,1.2560026566024527,0.004591714862438423,0.012205692657117018
614,2,83.21175,Forward,0.07989911657117679,19845.0,19849.929165105736,ok,0.0004770286860013323,14298.230281005772,ok,-87.28584841357952,69.01112917979572,-0.12354017763036866,-72.29926684818383,61.15352249145508,-0.10232889330065191,1.2560026566024527,0.004985184202439055,0.012205692657117018
615,2,83.34651666666667,Forward,0.08009458938506861,19850.0,19851.81822713509,ok,0.0004795368676696686,14298.230281005772,ok,-85.39678638422629,69.01380286703028,-0.12086649039580917,-72.29926684818383,61.15352249145508,-0.10232889330065191,1.2560026566024527,0.007658871436998546,0.012205692657117018
616,2,83.48158333333333,Forward,0.0800988116648966,19860.0,19849.87468201729,ok,0.0004857241716707068,14298.230281005772,ok,-87.34033150202595,69.01105206706156,-0.12361729036452726,-72.29926684818383,61.15352249145508,-0.10232889330065191,1.2560026566024527,0.004908071468280456,0.012205692657117018
617,2,83.61633333333333,Forward,0.0800344188566405,19860.0,19850.052592846732,ok,0.00048332725714290834,14298.32461402583,ok,-87.16242067258281,69.01130387346399,-0.12336548396210072,-72.20493382812492,61.153656005859375,-0.10219537889635504,1.2560026566024527,0.004992183424215438,0.012205692657117018
618,2,83.75173333333333,Forward,0.08009016977080458,19860.0,19850.599991062765,ok,0.0004783154466591767,14298.491718232794,ok,-86.61502245654992,69.01207863448278,-0.1225907229433062,-72.03782962116202,61.153892517089844,-0.10195886766588429,1.2560026566024527,0.005469885709222383,0.012205692657117018
619,2,83.8873,Forward,0.08010656943641453,19845.0,19848.97895574635,ok,0.0004853734374476042,14298.491718232794,ok,-88.23605777296689,69.00978429932334,-0.12488505810272817,-72.03782962116202,61.153892517089844,-0.10195886766588429,1.2560026566024527,0.0031755505498004127,0.012205692657117018
620,2,84.02268333333333,Forward,0.08018048480761877,19845.0,19849.604908431607,ok,0.00048118215946741966,14298.491718232794,ok,-87.61010508770778,69.01067024254704,-0.12399911487904879,-72.03782962116202,61.153892517089844,-0.10195886766588429,1.2560026566024527,0.0040614937734797935,0.012205692657117018
621,2,84.15803333333334,Forward,0.08017542851579046,19860.0,19848.86575927849,ok,0.00047077146071204695,14298.491718232794,ok,-88.34925424082394,69.00962408650534,-0.12504527092073195,-72.03782962116202,61.153892517089844,-0.10195886766588429,1.2560026566024527,0.00301533773179663,0.012205692657117018
622,2,84.29333333333334,Forward,0.0802603447532752,19860.0,19849.38551143035,ok,0.0004766152889906995,14298.33000448412,ok,-87.82950208896364,69.01035971861904,-0.12430963880703184,-72.19954336983574,61.153663635253906,-0.10218774950182363,1.2560026566024527,0.004038446039484597,0.012205692657117018
623,2,84.42945,Forward,0.08018721132038276,19860.0,19850.55341347557,ok,0.00048075370263709694,14298.33000448412,ok,-86.66160004374615,69.01201271081358,-0.12265664661249653,-72.19954336983574,61.153663635253906,-0.10218774950182363,1.2560026566024527,0.005691438234019908,0.012205692657117018
624,2,84.56448333333333,Forward,0.08026747861965258,19835.0,19849.71397530564,ok,0.00047698571967853516,14298.33000448412,ok,-87.5010382136752,69.01082461053721,-0.12384474688885946,-72.19954336983574,61.153663635253906,-0.10218774950182363,1.2560026566024527,0.004503337957656978,0.012205692657117018
625,2,84.6998,Forward,0.08024120615291572,19850.0,19849.170468225013,ok,0.0004809521849567484,14298.491718232794,ok,-88.04454529430222,69.01005535684371,-0.12461400058237779,-72.03782962116202,61.153892517089844,-0.10195886766588429,1.2560026566024527,0.0034466080701507917,0.012205692657117018
626,2,84.8351,Forward,0.08028398334843503,19860.0,19848.8339049608,ok,0.00047898034418265845,14298.491718232794,ok,-88.38110855851482,69.0095790014413,-0.12509035598477555,-72.03782962116202,61.153892517089844,-0.10195886766588429,1.2560026566024527,0.002970252667753026,0.012205692657117018
627,2,84.97146666666667,Forward,0.0802865363620929,19845.0,19849.432689149406,ok,0.00048087333055256903,14298.586051252852,ok,-87.78232436990947,69.0104264916859,-0.12424286574017077,-71.9434966011031,61.15402603149414,-0.1018253532615874,1.2560026566024527,0.0036500484658662236,0.012205692657117018
628,2,85.1068,Forward,0.08029596651738247,19860.0,19847.841491475458,ok,0.00048306552388365995,14298.491718232794,ok,-89.37352204385752,69.00817438728575,-0.1264949701403382,-72.03782962116202,61.153892517089844,-0.10195886766588429,1.2560026566024527,0.0015656385121903815,0.012205692657117018
629,2,85.24263333333333,Forward,0.08036296028216272,19845.0,19848.453441184203,ok,0.0004801737255555978,14298.316528338397,ok,-88.76157233511185,69.00904051137222,-0.1256288460538645,-72.2130195155587,61.15364456176758,-0.10220682298815213,1.2560026566024527,0.0027431951421512113,0.012205692657117018
630,2,85.3782,Forward,0.0802717922841763,19835.0,19849.51942543826,ok,0.0004784674681409067,14298.073957715389,ok,-87.69558808105648,69.01054925404345,-0.12412010338262197,-72.45559013856655,61.15330123901367,-0.1025501457420573,1.2560026566024527,0.0046831521043707025,0.012205692657117018
631,2,85.5143,Forward,0.08033491052436187,19835.0,19848.32895414277,ok,0.00047861441245891846,14298.316528338397,ok,-88.88605937654575,69.00886431842123,-0.12580503900485185,-72.2130195155587,61.15364456176758,-0.10220682298815213,1.2560026566024527,0.002567002191163875,0.012205692657117018
632,2,85.65068333333333,Forward,0.08026145579827268,19860.0,19849.099167249784,ok,0.0004783765098651807,14298.316528338397,ok,-88.11584626953118,69.00995444088419,-0.12471491654189583,-72.2130195155587,61.15364456176758,-0.10220682298815213,1.2560026566024527,0.003657124654119895,0.012205692657117018
633,2,85.78575,Forward,0.08043737883912971,19840.0,19848.4823750393,ok,0.0004783914195387652,14298.316528338397,ok,-88.73263848001443,69.00908146295444,-0.1255878944716409,-72.2130195155587,61.15364456176758,-0.10220682298815213,1.2560026566024527,0.0027841467243748252,0.012205692657117018
634,2,85.92078333333333,Forward,0.08047012217043156,19835.0,19848.2245884956,ok,0.00048698592138973887,14298.529451440816,ok,-88.99042502371594,69.00871660432067,-0.12595275310541057,-72.00009641313954,61.15394592285156,-0.10190546190416708,1.2560026566024527,0.002040777768523322,0.012205692657117018
635,2,86.05583333333334,Forward,0.08039339551663671,19835.0,19847.64618962878,ok,0.00047800222788316345,14298.529451440816,ok,-89.56882389053499,69.00789796647678,-0.12677139094930773,-72.00009641313954,61.15394592285156,-0.10190546190416708,1.2560026566024527,0.0012221399246261644,0.012205692657117018
636,2,86.1914,Forward,0.08035019955415945,19860.0,19849.031121276905,ok,0.00047536882354292384,14298.44859456648,ok,-88.18389224241037,69.00985813189791,-0.12481122552816695,-72.0809532874755,61.153831481933594,-0.10201990282213547,1.2560026566024527,0.0033260434427592467,0.012205692657117018
637,2,86.3267,Forward,0.08047512988613076,19845.0,19848.724683635275,ok,0.0004878408127491165,14298.44859456648,ok,-88.49032988403997,69.00942441484793,-0.12524494257815397,-72.0809532874755,61.153831481933594,-0.10201990282213547,1.2560026566024527,0.002892326392772232,0.012205692657117018
638,2,86.4628,Forward,0.08038561494278612,19845.0,19848.791907822626,ok,0.0004818451515603283,14298.47824208707,ok,-88.42310569668916,69.00951956071862,-0.12514979670746226,-72.05130576688498,61.153873443603516,-0.10197794115221277,1.2560026566024527,0.0029347682945655706,0.012205692657117018
639,2,86.59826666666666,Forward,0.08046611222362596,19860.0,19849.053619255483,ok,0.0004812902140415799,14298.47824208707,ok,-88.16139426383234,69.00988997445108,-0.12477938297498828,-72.05130576688498,61.153873443603516,-0.10197794115221277,1.2560026566024527,0.003305182027039555,0.012205692657117018
640,2,86.73403333333333,Forward,0.0804687182218965,19845.0,19846.85703936546,ok,0.00048545565906484456,14298.586051252852,ok,-90.35797415385605,69.00678104127664,-0.12788831614943638,-71.9434966011031,61.15402603149414,-0.1018253532615874,1.2560026566024527,4.598056600607636e-06,0.012205692657117018
641,2,86.87028333333333,Forward,0.08051545907270957,19835.0,19848.136228127176,ok,0.00048629040453150677,14298.629174919164,ok,-89.07878539213925,69.00859154331927,-0.12607781410680882,-71.90037293479145,61.15408706665039,-0.1017643181053388,1.2560026566024527,0.0017384397808337948,0.012205692657117018
642,2,87.00503333333333,Forward,0.08057276299086191,19845.0,19848.152555987024,ok,0.0004793522492427913,14298.6615176689,ok,-89.06245753229086,69.00861465298415,-0.12605470444192438,-71.86803018505634,61.15413284301758,-0.10171854173815041,1.2560026566024527,0.0017040542069200193,0.012205692657117018
643,2,87.14033333333333,Forward,0.08053816002484473,19845.0,19846.718662336734,ok,0.00048003427229878265,14298.6615176689,ok,-90.49635118258084,69.00658518910794,-0.12808416831813643,-71.86803018505634,61.15413284301758,-0.10171854173815041,1.2560026566024527,-0.0003254096692920372,0.012205692657117018
644,2,87.2762,Forward,0.0805561919935614,19860.0,19847.904547506234,ok,0.000478604720615077,14298.629174919164,ok,-89.31046601308117,69.00826363374875,-0.1264057236773163,-71.90037293479145,61.15408706665039,-0.1017643181053388,1.2560026566024527,0.001410530210326305,0.012205692657117018
645,2,87.41125,Forward,0.08061286925431563,19850.0,19847.191083710455,ok,0.00048042801325147514,14298.335394942409,ok,-90.02392980885998,69.00725383152233,-0.12741552590374045,-72.19415291154655,61.15367126464844,-0.10218012010729223,1.2560026566024527,0.0009229764029762833,0.012205692657117018
646,2,87.54683333333334,Forward,0.08057024915181613,19835.0,19847.270606908496,ok,0.00047669259307696804,14298.335394942409,ok,-89.94440661081899,69.00736638481924,-0.1273029726068398,-72.19415291154655,61.15367126464844,-0.10218012010729223,1.2560026566024527,0.0010355296998769414,0.012205692657117018
647,2,87.68211666666667,Forward,0.08053940319282202,19845.0,19848.99761411399,ok,0.000489153124900619,14298.335394942409,ok,-88.21739940532643,69.0098107074765,-0.12485864994957976,-72.19415291154655,61.15367126464844,-0.10218012010729223,1.2560026566024527,0.0034798523571369644,0.012205692657117018
648,2,87.81823333333334,Forward,0.08052454303295989,19860.0,19847.620192579787,ok,0.0004771911872101611,14298.335394942409,ok,-89.59482093952829,69.00786117150818,-0.12680818591789508,-72.19415291154655,61.15367126464844,-0.10218012010729223,1.2560026566024527,0.0015303163888216453,0.012205692657117018
649,2,87.95408333333333,Forward,0.08054046424902708,19860.0,19848.116797243612,ok,0.00048381682275578817,14298.383909067012,ok,-89.09821627570273,69.00856404178437,-0.12610531564171484,-72.14563878694389,61.15373992919922,-0.10211145555650966,1.2560026566024527,0.00214694380680458,0.012205692657117018
650,2,88.08993333333333,Forward,0.08052329166179364,19845.0,19848.070989630094,ok,0.0004853815361786803,14298.432423191613,ok,-89.14402388922099,69.00849920789877,-0.12617014952731856,-72.09712466234305,61.15380859375,-0.10204279100572966,1.2560026566024527,0.001995867063006751,0.012205692657117018
651,2,88.22635,Forward,0.08055759896227299,19860.0,19848.54769249466,ok,0.00047953697891136063,14298.432423191613,ok,-88.6673210246554,69.00917391012868,-0.12549544729739584,-72.09712466234305,61.15380859375,-0.10204279100572966,1.2560026566024527,0.00267056929292947,0.012205692657117018
652,2,88.36165,Forward,0.08069153447172897,19860.0,19848.95988051447,ok,0.00048240246132324647,14298.691165189488,ok,-88.25513300484454,69.00975730116068,-0.124912056265401,-71.83838266446764,61.1541748046875,-0.1016765800682303,1.2560026566024527,0.002793998414548249,0.012205692657117018
653,2,88.49723333333333,Forward,0.08060581821384319,19845.0,19849.4255393419,ok,0.0004768777158441276,14298.691165189488,ok,-87.78947417741438,69.0104163721934,-0.12425298523267994,-71.83838266446764,61.1541748046875,-0.1016765800682303,1.2560026566024527,0.003453069447269308,0.012205692657117018
654,2,88.632,Forward,0.08074801262978251,19835.0,19847.473280882583,ok,0.0004787051888942354,14298.691165189488,ok,-89.7417326367322,69.00765323978158,-0.12701611764449702,-71.83838266446764,61.1541748046875,-0.1016765800682303,1.2560026566024527,0.0006899370354522261,0.012205692657117018
655,2,88.76705,Forward,0.08067883401086076,19845.0,19848.087853404253,ok,0.0004861490058047198,14298.346175858987,ok,-89.127160115062,69.0085230760709,-0.12614628135518086,-72.18337199496818,61.1536865234375,-0.10216486131822944,1.2560026566024527,0.0021730558719364745,0.012205692657117018
656,2,88.90235,Forward,0.08055516807091365,19845.0,19847.4546620651,ok,0.0004826398307428239,14298.284185588664,ok,-89.76035145421338,69.00762688760582,-0.12704246982025857,-72.24536226529199,61.15359878540039,-0.10225259935533794,1.2560026566024527,0.0013870666145521238,0.012205692657117018
657,2,89.03818333333334,Forward,0.08063675020402661,19860.0,19847.404404667937,ok,0.0004865740052136033,14298.284185588664,ok,-89.81060885137776,69.00755575571118,-0.12711360171489872,-72.24536226529199,61.15359878540039,-0.10225259935533794,1.2560026566024527,0.001315934719911982,0.012205692657117018
658,2,89.1735,Forward,0.080581815838423,19860.0,19847.469300419027,ok,0.0004762711615373821,14298.284185588664,ok,-89.74571310028841,69.00764760602556,-0.12702175140052646,-72.24536226529199,61.15359878540039,-0.10225259935533794,1.2560026566024527,0.0014077850342842368,0.012205692657117018
659,2,89.30856666666666,Forward,0.08060259918306772,19850.0,19847.793511044358,ok,0.00048547338500463895,14298.165595506303,ok,-89.42150247495738,69.008106478099,-0.12656287932709173,-72.36395234765223,61.1534309387207,-0.1024204460350261,1.2560026566024527,0.0020774729833092087,0.012205692657117018
660,2,89.4435,Forward,0.08060358896310715,19845.0,19847.20740472824,ok,0.0004770392834060807,14298.022748361644,ok,-90.00760879107474,69.0072769315033,-0.127392425922782,-72.50679949231198,61.153228759765625,-0.102622624990103,1.2560026566024527,0.0015018636923046225,0.012205692657117018
661,2,89.5788,Forward,0.08065167716337338,19850.0,19848.064427922145,ok,0.0004862909265526312,14298.386604296156,ok,-89.15058559717,69.00848992077398,-0.12617943665209666,-72.1429435577993,61.153743743896484,-0.10210764085924395,1.2560026566024527,0.002068031526522879,0.012205692657117018
662,2,89.71411666666667,Forward,0.08058855890370267,19860.0,19847.336480716065,ok,0.0004822221984521056,14298.386604296156,ok,-89.87853280324998,69.00745961942755,-0.127209737998525,-72.1429435577993,61.153743743896484,-0.10210764085924395,1.2560026566024527,0.001037730180094537,0.012205692657117018
663,2,89.84995,Forward,0.08064155089636851,19860.0,19848.660844286467,ok,0.0004844404477942734,14298.39468998359,ok,-88.55416923284793,69.00933405971436,-0.12533529771171667,-72.13485787036552,61.15375518798828,-0.10209619676744687,1.2560026566024527,0.0028977966572033553,0.012205692657117018
664,2,89.98498333333333,Forward,0.0806075897422158,19845.0,19848.41644622784,ok,0.00048361151940997163,14298.39468998359,ok,-88.7985672914765,69.00898815049626,-0.12568120692981158,-72.13485787036552,61.15375518798828,-0.10209619676744687,1.2560026566024527,0.0025518874391084467,0.012205692657117018
665,2,90.12108333333333,Forward,0.08069385181419406,19860.0,19847.51156542784,ok,0.00047518060801267386,14298.39468998359,ok,-89.70344809147355,69.00770742587942,-0.126961931546662,-72.13485787036552,61.15375518798828,-0.10209619676744687,1.2560026566024527,0.0012711628222580318,0.012205692657117018
666,2,90.2572,Forward,0.0806214392584643,19860.0,19848.2278508285,ok,0.0004835034742502857,14298.21141440176,ok,-88.98716269081342,69.00872122166922,-0.125948135756853,-72.31813345219598,61.15349578857422,-0.10235559618151181,1.2560026566024527,0.002610764965253698,0.012205692657117018
667,2,90.39278333333333,Forward,0.08058417046058297,19845.0,19847.970698690482,ok,0.0004746565926139181,14298.21141440176,ok,-89.24431482883301,69.00835726094265,-0.12631209648343542,-72.31813345219598,61.15349578857422,-0.10235559618151181,1.2560026566024527,0.002246804238671296,0.012205692657117018
668,2,90.52915,Forward,0.08062194136768008,19835.0,19848.28611930646,ok,0.00048787875567894956,14298.21141440176,ok,-88.92889421285508,69.00880369206102,-0.12586566536505345,-72.31813345219598,61.15349578857422,-0.10235559618151181,1.2560026566024527,0.002693235357053264,0.012205692657117018
669,2,90.66498333333334,Forward,0.0806653184530654,19845.0,19849.486658436785,ok,0.0004898093887540604,14298.300356963531,ok,-87.72835508253047,69.01050287721083,-0.12416648021524815,-72.22919089042443,61.153621673583984,-0.10222971117174375,1.2560026566024527,0.004234308600163439,0.012205692657117018
670,2,90.80083333333333,Forward,0.08059816124802335,19845.0,19847.58823450283,ok,0.0004751786289917459,14298.343480629843,ok,-89.62677901648567,69.00781593958828,-0.1268534178377973,-72.18606722411278,61.153682708740234,-0.10216867601549515,1.2560026566024527,0.001470710659219887,0.012205692657117018
671,2,90.93615,Forward,0.08073906273614159,19845.0,19848.133200969358,ok,0.0004933510132261209,14298.435118420757,ok,-89.08181254995725,69.00858725882618,-0.12608209859990074,-72.09442943319846,61.153812408447266,-0.10203897630846395,1.2560026566024527,0.00207912672052471,0.012205692657117018
672,2,91.07171666666666,Forward,0.08061037716541192,19860.0,19847.325563667357,ok,0.00048367167533618907,14298.435118420757,ok,-89.88944985195849,69.00744416796364,-0.12722518946243538,-72.09442943319846,61.153812408447266,-0.10203897630846395,1.2560026566024527,0.0009360358579900696,0.012205692657117018
673,2,91.20701666666666,Forward,0.08068693428013723,19860.0,19848.41474233247,ok,0.00048523665095383337,14298.435118420757,ok,-88.80027118684666,69.00898573888499,-0.12568361854109242,-72.09442943319846,61.153812408447266,-0.10203897630846395,1.2560026566024527,0.002477606779333036,0.012205692657117018
674,2,91.3424,Forward,0.08065293445311136,19835.0,19848.493168925444,ok,0.0004858449594691068,14298.44859456648,ok,-88.72184459387063,69.0090967401,-0.12557261732608108,-72.0809532874755,61.153831481933594,-0.10201990282213547,1.2560026566024527,0.002564651644845123,0.012205692657117018
675,2,91.47776666666667,Forward,0.08069102488026936,19845.0,19848.376310061332,ok,0.0004780804663182927,14298.45398502477,ok,-88.83870345798277,69.00893134370307,-0.1257380137230055,-72.07556282918631,61.153839111328125,-0.10201227342760406,1.2560026566024527,0.002389672708120988,0.012205692657117018
676,2,91.61253333333333,Forward,0.08068602530930435,19860.0,19848.818637350912,ok,0.0004805986300587065,14298.44859456648,ok,-88.39637616840264,69.00955739240305,-0.12511196502303104,-72.0809532874755,61.153831481933594,-0.10201990282213547,1.2560026566024527,0.0030253039478951582,0.012205692657117018
677,2,91.74786666666667,Forward,0.08072920497257097,19860.0,19847.446082720453,ok,0.0004807950065080484,14298.44859456648,ok,-89.76893079886213,69.00761474481543,-0.12705461261065498,-72.0809532874755,61.153831481933594,-0.10201990282213547,1.2560026566024527,0.001082656360271217,0.012205692657117018
678,2,91.88371666666667,Forward,0.08073261404064638,19845.0,19847.62600562896,ok,0.0004797727786461085,14298.44859456648,ok,-89.58900789035397,69.00786939901747,-0.12679995840861813,-72.0809532874755,61.153831481933594,-0.10201990282213547,1.2560026566024527,0.0013373105623080694,0.012205692657117018
679,2,92.01955,Forward,0.08067579720876741,19850.0,19847.560426705848,ok,0.0004814093975741784,14298.35965200471,ok,-89.65458681346718,69.00777658177438,-0.12689277565170462,-72.16989584924522,61.15370559692383,-0.10214578783190095,1.2560026566024527,0.0014026052259134558,0.012205692657117018
680,2,92.15511666666667,Forward,0.08062013126385967,19845.0,19849.409760731047,ok,0.00047982791177637743,14298.35965200471,ok,-87.80525278826826,69.01039403990904,-0.12427531751704307,-72.16989584924522,61.15370559692383,-0.10214578783190095,1.2560026566024527,0.004020063360575005,0.012205692657117018
681,2,92.29073333333334,Forward,0.08083718190905437,19845.0,19847.364327534542,ok,0.00048148528846583203,14298.564489419696,ok,-89.85068598477301,69.0074990324706,-0.1271703249554761,-71.96505843425984,61.153995513916016,-0.101855870839713,1.2560026566024527,0.0007609194097597249,0.012205692657117018
682,2,92.42603333333334,Forward,0.08070705978649703,19845.0,19848.90846755703,ok,0.00048030584223388435,14298.594136940284,ok,-88.30654596228487,69.00968453374179,-0.12498482368429101,-71.93541091367115,61.15403747558594,-0.10181390916979288,1.2560026566024527,0.00289371671204966,0.012205692657117018
683,2,92.56185,Forward,0.08070339935205356,19845.0,19847.984313226803,ok,0.00047936007642368625,14298.564489419696,ok,-89.23070029251176,69.00837653030035,-0.12629282712573253,-71.96505843425984,61.153995513916016,-0.101855870839713,1.2560026566024527,0.0016384172395032814,0.012205692657117018
684,2,92.69785,Forward,0.08065459704566569,19845.0,19847.654064732902,ok,0.000481762118074243,14298.564489419696,ok,-89.56094878641306,69.00790911251912,-0.12676024490696797,-71.96505843425984,61.153995513916016,-0.101855870839713,1.2560026566024527,0.0011709994582678462,0.012205692657117018
685,2,92.83368333333334,Forward,0.08074986619004595,19845.0,19847.254866315274,ok,0.0004792061285305546,14298.521365753382,ok,-89.96014720404128,69.0073441063432,-0.1273252510828818,-72.00818210057332,61.153934478759766,-0.10191690599596417,1.2560026566024527,0.0006826536007516204,0.012205692657117018
686,2,92.96898333333333,Forward,0.08071892433557656,19860.0,19846.709164500062,ok,0.00048207837197839366,14298.472851628781,ok,-90.50584901925322,69.00657174632826,-0.12809761109781878,-72.05669622517416,61.153865814208984,-0.10198557054674418,1.2560026566024527,-3.4635559912343794e-06,0.012205692657117018
687,2,93.1054,Forward,0.08073303250558667,19845.0,19848.105165713372,ok,0.0004799689902667014,14298.400080441877,ok,-89.10984780594299,69.00854757907777,-0.126121778348306,-72.12946741207816,61.15376281738281,-0.10208856737291803,1.2560026566024527,0.002101733480817519,0.012205692657117018
688,2,93.24121666666667,Forward,0.08079199160711836,19835.0,19846.83477578196,ok,0.0004808550722324481,14298.400080441877,ok,-90.38023773735404,69.00674953047495,-0.12791982695113013,-72.12946741207816,61.15376281738281,-0.10208856737291803,1.2560026566024527,0.0003036848779933987,0.012205692657117018
689,2,93.37733333333334,Forward,0.08077085056153613,19840.0,19846.60720583688,ok,0.0004918890410514166,14298.400080441877,ok,-90.60780768243421,69.00642743895668,-0.12824191846939467,-72.12946741207816,61.15376281738281,-0.10208856737291803,1.2560026566024527,-1.840664027114025e-05,0.012205692657117018
690,2,93.51211666666667,Forward,0.08070712467645078,19850.0,19846.6565680515,ok,0.0004795992450050868,14298.208719172617,ok,-90.55844546781373,69.00649730385315,-0.1281720535729277,-72.32082868133875,61.15349197387695,-0.10235941087877493,1.2560026566024527,0.0003916384190755795,0.012205692657117018
691,2,93.6477,Forward,0.08074489903726578,19835.0,19847.650835053515,ok,0.00048235196375552054,14298.208719172617,ok,-89.56417846580007,69.00790454138676,-0.12676481603931544,-72.32082868133875,61.15349197387695,-0.10235941087877493,1.2560026566024527,0.0017988759526878506,0.012205692657117018
692,2,93.78346666666667,Forward,0.08078176342377011,19850.0,19847.332073073198,ok,0.00047610441297694684,14298.208719172617,ok,-89.88294044611757,69.00745338106255,-0.1272159763635371,-72.32082868133875,61.15349197387695,-0.10235941087877493,1.2560026566024527,0.001347715628466195,0.012205692657117018
693,2,93.91935,Forward,0.08089607237951046,19860.0,19845.74442881346,ok,0.00046509945468698556,14298.03891973651,ok,-91.47058470585398,69.00520630599337,-0.12946305143270898,-72.49062811744625,61.15325164794922,-0.10259973680651138,1.2560026566024527,-0.0005975094370182232,0.012205692657117018
694,2,94.05518333333333,Forward,0.08074809294699264,19860.0,19847.357766989782,ok,0.00047313517988183855,14298.036224507365,ok,-89.85724652953286,69.00748974699215,-0.1271796104339324,-72.49332334659084,61.15324783325195,-0.10260355150377708,1.2560026566024527,0.0016907228316581924,0.012205692657117018
695,2,94.1905,Forward,0.08081690574947051,19845.0,19848.003983501225,ok,0.00048568029529954604,14297.94458671645,ok,-89.21103001809024,69.00840437065752,-0.1262649867685585,-72.58496113750516,61.15311813354492,-0.10273325121080826,1.2560026566024527,0.002768249673623824,0.012205692657117018
696,2,94.3266,Forward,0.08081751741315354,19845.0,19845.986891615925,ok,0.0004853034108222135,14298.036224507365,ok,-91.22812190339027,69.00554947614327,-0.12911988128279883,-72.49332334659084,61.15324783325195,-0.10260355150377708,1.2560026566024527,-0.00024954801720825093,0.012205692657117018
697,2,94.4619,Forward,0.0809126671826216,19845.0,19847.522380933766,ok,0.0004806348348010197,14298.03891973651,ok,-89.69263258554929,69.00772273362458,-0.12694662380150823,-72.49062811744625,61.15325164794922,-0.10259973680651138,1.2560026566024527,0.0019189181941825229,0.012205692657117018
698,2,94.59666666666666,Forward,0.08089964366029206,19860.0,19846.83482813927,ok,0.0004901908853594393,14298.141338444002,ok,-90.3801853800469,69.00674960457896,-0.12791975284712423,-72.38820940995356,61.15339660644531,-0.1024547783104174,1.2560026566024527,0.0007637208923753636,0.012205692657117018
699,2,94.73196666666666,Forward,0.08089768010227738,19860.0,19845.29859898786,ok,0.0004827793098353186,14298.32461402583,ok,-91.91641453145348,69.00457529997294,-0.13009405745314093,-72.20493382812492,61.153656005859375,-0.10219537889635504,1.2560026566024527,-0.0017363900668247723,0.012205692657117018
700,2,94.86755,Forward,0.08096287826982704,19860.0,19847.297173241604,ok,0.00048580989228396777,14298.32461402583,ok,-89.91784027771064,69.00740398552509,-0.12726537190098836,-72.20493382812492,61.153656005859375,-0.10219537889635504,1.2560026566024527,0.0010922954853277989,0.012205692657117018
701,2,95.00313333333334,Forward,0.0809521036829646,19835.0,19846.1470349263,ok,0.0004799083104430253,14298.32461402583,ok,-91.06797859301514,69.00577613525664,-0.12889322216944155,-72.20493382812492,61.153656005859375,-0.10219537889635504,1.2560026566024527,-0.0005355547831253915,0.012205692657117018
702,2,95.13926666666667,Forward,0.08096341716674119,19860.0,19846.510429316182,ok,0.00047617928722345614,14298.32461402583,ok,-90.70458420313298,69.0062904661395,-0.12837889128657948,-72.20493382812492,61.153656005859375,-0.10219537889635504,1.2560026566024527,-2.1223900263322992e-05,0.012205692657117018
703,2,95.27536666666667,Forward,0.08104054973225885,19860.0,19846.355090355915,ok,0.0004840781274104285,14298.367737692144,ok,-90.8599231633998,69.00607060687145,-0.12859875055464032,-72.16181016181145,61.153717041015625,-0.10213434374010386,1.2560026566024527,-0.0003177434867217832,0.012205692657117018
704,2,95.41068333333334,Forward,0.08096135354833031,19835.0,19847.1822799672,ok,0.00048128279502899503,14298.165595506303,ok,-90.03273355211422,69.00724137112898,-0.12742798629709412,-72.36395234765223,61.1534309387207,-0.1024204460350261,1.2560026566024527,0.0012123660133068204,0.012205692657117018
705,2,95.54546666666667,Forward,0.08114287984472396,19845.0,19846.87410113994,ok,0.0004843666191842409,14298.165595506303,ok,-90.34091237937537,69.00680518968888,-0.12786416773719841,-72.36395234765223,61.1534309387207,-0.1024204460350261,1.2560026566024527,0.0007761845732025263,0.012205692657117018
706,2,95.68183333333333,Forward,0.08100820814288767,19840.0,19845.87401824622,ok,0.00048390859923790763,14298.15750981887,ok,-91.34099527309445,69.00538972062282,-0.129279636803269,-72.372038035086,61.153419494628906,-0.1024318901268232,1.2560026566024527,-0.000624910683168528,0.012205692657117018
707,2,95.81821666666667,Forward,0.08105799995652488,19840.0,19846.692617453093,ok,0.0004815567977233271,14298.165595506303,ok,-90.52239606622243,69.0065483264365,-0.12812103098957658,-72.36395234765223,61.1534309387207,-0.1024204460350261,1.2560026566024527,0.0005193213208243563,0.012205692657117018
708,2,95.95378333333333,Forward,0.0810739154537416,19860.0,19847.45137495353,ok,0.0004845027694563607,14298.165595506303,ok,-89.7636385657861,69.00762223518673,-0.12704712223935016,-72.36395234765223,61.1534309387207,-0.1024204460350261,1.2560026566024527,0.0015932300710507774,0.012205692657117018
709,2,96.09076666666667,Forward,0.0810077235019831,19845.0,19845.439765602245,ok,0.0004856067365864211,14298.297661734387,ok,-91.77524791707037,69.00477510038655,-0.12989425703951907,-72.23188611956903,61.15361785888672,-0.10223352586900944,1.2560026566024527,-0.0014886769542076517,0.012205692657117018
710,2,96.22618333333334,Forward,0.0809904266539713,19860.0,19846.38659798104,ok,0.0004801575845212466,14298.297661734387,ok,-90.8284155382753,69.00611520124356,-0.12855415618252458,-72.23188611956903,61.15361785888672,-0.10223352586900944,1.2560026566024527,-0.00014857609721316556,0.012205692657117018
711,2,96.3623,Forward,0.08114127661325188,19835.0,19845.523848702436,ok,0.00048418393420829916,14298.297661734387,ok,-91.69116481687888,69.00489410754892,-0.129775249877165,-72.23188611956903,61.15361785888672,-0.10223352586900944,1.2560026566024527,-0.0013696697918535727,0.012205692657117018
712,2,96.4976,Forward,0.08106375319792386,19835.0,19846.46526006942,ok,0.0004847272664355683,14298.53214666996,ok,-90.74975344989434,69.0062265357674,-0.1284428216586816,-71.99740118399495,61.15394973754883,-0.10190164720690137,1.2560026566024527,-0.0004540820546475588,0.012205692657117018
713,2,96.63238333333334,Forward,0.08107297511691444,19845.0,19846.40341356546,ok,0.0004776165706246302,14298.265318984651,ok,-90.81159995385678,69.00613900121026,-0.12853035621582004,-72.26422886930413,61.15357208251953,-0.10227930223619783,1.2560026566024527,-6.72808917103751e-05,0.012205692657117018
714,2,96.76903333333334,Forward,0.08116180400280867,19845.0,19846.33631097744,ok,0.0004818514668225588,14298.206023943472,ok,-90.8787025418751,69.0060440274454,-0.12862532998068466,-72.32352391048335,61.15348815917969,-0.10236322557604063,1.2560026566024527,-5.684671878147807e-05,0.012205692657117018
715,2,96.9049,Forward,0.08117091006393135,19845.0,19845.32340807535,ok,0.00047251310021456455,14298.206023943472,ok,-91.89160544396509,69.00461041355814,-0.13005894386793934,-72.32352391048335,61.15348815917969,-0.10236322557604063,1.2560026566024527,-0.0014904606060361647,0.012205692657117018
716,2,97.041,Forward,0.08105056598689872,19835.0,19845.330598579134,ok,0.0004868243591287579,14298.289576046953,ok,-91.88441494018116,69.0046205906502,-0.13004876677588073,-72.2399718070028,61.15360641479492,-0.10224496996080654,1.2560026566024527,-0.0016288128808697455,0.012205692657117018
717,2,97.17605,Forward,0.0810656650963065,19850.0,19845.470256881094,ok,0.00048402032729405453,14298.206023943472,ok,-91.74475663822159,69.00481825627121,-0.12985110115487547,-72.32352391048335,61.15348815917969,-0.10236322557604063,1.2560026566024527,-0.0012826178929722931,0.012205692657117018
718,2,97.31241666666666,Forward,0.08122455276823981,19860.0,19845.12657657556,ok,0.0004755536103675216,14298.289576046953,ok,-92.08843694375537,69.00433182775197,-0.1303375296741072,-72.2399718070028,61.15360641479492,-0.10224496996080654,1.2560026566024527,-0.001917575779096209,0.012205692657117018
719,2,97.44776666666667,Forward,0.08121930152401777,19860.0,19845.310224383258,ok,0.0004723062468329435,14298.311137880108,ok,-91.90478913605693,69.00459175399656,-0.1300776034295115,-72.21840997384788,61.15363693237305,-0.10221445238268352,1.2560026566024527,-0.001695979693696087,0.012205692657117018
720,2,97.58306666666667,Forward,0.08126911712885182,19845.0,19845.835695345977,ok,0.00048525500013183305,14298.338090171554,ok,-91.3793181733381,69.00533548023918,-0.12933387718689887,-72.19145768240196,61.1536750793457,-0.10217630541002654,1.2560026566024527,-0.0010001661500819714,0.012205692657117018
721,2,97.7189,Forward,0.08124344114697543,19845.0,19845.543197925526,ok,0.00048227598718230893,14298.338090171554,ok,-91.67181559378878,69.00492149350552,-0.12974786392055224,-72.19145768240196,61.1536750793457,-0.10217630541002654,1.2560026566024527,-0.0014141528837353368,0.012205692657117018
722,2,97.85421666666667,Forward,0.08121053323553884,19840.0,19845.20208745322,ok,0.000485896059720649,14298.367737692144,ok,-92.01292606609422,69.00443870220423,-0.13023065522184682,-72.16181016181145,61.153717041015625,-0.10213434374010386,1.2560026566024527,-0.001949648153928285,0.012205692657117018
723,2,97.99058333333333,Forward,0.0812336082170497,19860.0,19845.094146985015,ok,0.0004891737250105612,14298.338090171554,ok,-92.12086653430015,69.00428592847449,-0.13038342895158686,-72.19145768240196,61.1536750793457,-0.10217630541002654,1.2560026566024527,-0.0020497179147699607,0.012205692657117018
724,2,98.12536666666666,Forward,0.08118783692570711,19835.0,19844.431796620647,ok,0.00047891699811422606,14298.367737692144,ok,-92.78321689866789,69.00334846973227,-0.13132088769380834,-72.16181016181145,61.153717041015625,-0.10213434374010386,1.2560026566024527,-0.003039880625889807,0.012205692657117018
725,2,98.26093333333333,Forward,0.08129041970516465,19835.0,19845.232902413147,ok,0.00048108402787392843,14298.367737692144,ok,-91.9821111061683,69.00448231621145,-0.13018704121462674,-72.16181016181145,61.153717041015625,-0.10213434374010386,1.2560026566024527,-0.001906034146708202,0.012205692657117018
726,2,98.39731666666667,Forward,0.08125596236036792,19860.0,19845.53100559872,ok,0.00048513217918091743,14298.540232357394,ok,-91.68400792059401,69.00490423707454,-0.12976512035153873,-71.98931549656118,61.153961181640625,-0.10189020311510427,1.2560026566024527,-0.0017907545572042605,0.012205692657117018
727,2,98.5332,Forward,0.0814266097812558,19845.0,19845.798171075097,ok,0.0004785494309355481,14298.540232357394,ok,-91.41684244421776,69.00528237019701,-0.12938698722906697,-71.98931549656118,61.153961181640625,-0.10189020311510427,1.2560026566024527,-0.0014126214347325028,0.012205692657117018
728,2,98.66956666666667,Forward,0.08133626748004164,19835.0,19844.525119095026,ok,0.00047946745811551045,14298.577965565419,ok,-92.68989442428938,69.00348055385898,-0.1311888035671009,-71.95158228853688,61.154014587402344,-0.1018367973533845,1.2560026566024527,-0.003281515551364328,0.012205692657117018
729,2,98.80486666666667,Forward,0.0813961711271626,19835.0,19843.987679130292,ok,0.0004892067108817513,14298.623784460875,ok,-93.22733438902287,69.00271988726851,-0.13194947015756855,-71.90576339308063,61.15407943725586,-0.10177194749987019,1.2560026566024527,-0.004123633730126253,0.012205692657117018
730,2,98.94016666666667,Forward,0.08134146845293855,19860.0,19845.159218993424,ok,0.0004752397798278088,14298.540232357394,ok,-92.05579452589154,69.00437802825496,-0.13029132917111072,-71.98931549656118,61.153961181640625,-0.10189020311510427,1.2560026566024527,-0.0023169633767762543,0.012205692657117018
731,2,99.07601666666666,Forward,0.08139519158162456,19845.0,19845.66269015386,ok,0.00048197818816069556,14298.378518608723,ok,-91.55232336545669,69.00509061703909,-0.129578740386991,-72.15102924523308,61.15373229980469,-0.10211908495104105,1.2560026566024527,-0.001316898398671884,0.012205692657117018
732,2,99.21178333333333,Forward,0.08149347834510598,19835.0,19846.381741191755,ok,0.0004849212794647599,14298.24645238064,ok,-90.83327232755983,69.00610832717838,-0.12856103024770044,-72.28309547331628,61.15354537963867,-0.10230600511705772,1.2560026566024527,-6.441603429183096e-05,0.012205692657117018
733,2,99.34813333333334,Forward,0.08151791806156983,19860.0,19844.058529051792,ok,0.00047501339257959626,14298.173681193737,ok,-93.15648446752311,69.00282016482835,-0.131849192597732,-72.35586666021845,61.1534423828125,-0.10240900194322901,1.2560026566024527,-0.0032232140970306355,0.012205692657117018
734,2,99.4843,Forward,0.08158738766475582,19845.0,19843.610077265188,ok,0.00048106392257826373,14297.863729842114,ok,-93.6049362541271,69.00218544781083,-0.13248390961523987,-72.66581801184111,61.15300369262695,-0.10284769212877665,1.2560026566024527,-0.0033069350760652483,0.012205692657117018
735,2,99.62038333333334,Forward,0.08165808732250734,19845.0,19843.844389531285,ok,0.00047467624169793076,14297.437883637278,ok,-93.37062398803027,69.0025170820849,-0.13215227534117727,-73.0916642166776,61.152400970458984,-0.10345041429674419,1.2560026566024527,-0.0022182801578422007,0.012205692657117018
736,2,99.75626666666666,Forward,0.08153853562775179,19835.0,19844.29935134215,ok,0.00048551157502670154,14297.437883637278,ok,-92.91566217716536,69.00316101307659,-0.13150834434948927,-73.0916642166776,61.152400970458984,-0.10345041429674419,1.2560026566024527,-0.0015743491661542042,0.012205692657117018
737,2,99.89208333333333,Forward,0.0816228489503229,19845.0,19843.42559556569,ok,0.00048314288973150493,14297.437883637278,ok,-93.78941795362334,69.00192434131603,-0.13274501611004452,-73.0916642166776,61.152400970458984,-0.10345041429674419,1.2560026566024527,-0.0028110209267094566,0.012205692657117018
738,2,100.02768333333333,Forward,0.08165489942877738,19845.0,19844.1175700665,ok,0.00048044920234668133,14297.74244453061,ok,-93.09744345281433,69.00290372863138,-0.13176562879469672,-72.78710332334595,61.15283203125,-0.10301935350573052,1.2560026566024527,-0.0023730471100320005,0.012205692657117018
739,2,100.16298333333333,Forward,0.08165500438478232,19835.0,19844.83114706665,ok,0.0004825167161193525,14297.74244453061,ok,-92.38386645266655,69.0039136910818,-0.13075566634427171,-72.78710332334595,61.15283203125,-0.10301935350573052,1.2560026566024527,-0.0013630846596069945,0.012205692657117018
740,2,100.29883333333333,Forward,0.08170623793813098,19835.0,19842.292198592302,ok,0.00048369110662109294,14297.74244453061,ok,-94.92281492701295,69.00032018593502,-0.13434917149105002,-72.78710332334595,61.15283203125,-0.10301935350573052,1.2560026566024527,-0.004956589806385303,0.012205692657117018
741,2,100.43395,Forward,0.08171427372663886,19845.0,19844.093425042476,ok,0.0004821855477392513,14297.715492239166,ok,-93.12158847683895,69.00286955492956,-0.13179980249651785,-72.81405561479005,61.152793884277344,-0.10305750047838494,1.2560026566024527,-0.0023593081128578386,0.012205692657117018
742,2,100.5695,Forward,0.08175622345712105,19820.0,19844.396668434463,ok,0.00048168568610945547,14297.664282885418,ok,-92.8183450848519,69.00329875099276,-0.13137060643332776,-72.8652649685373,61.1527214050293,-0.10312997972643322,1.2560026566024527,-0.0018390779215705644,0.012205692657117018
743,2,100.70428333333334,Forward,0.0816889263740655,19850.0,19844.44780358244,ok,0.00047874567058962456,14297.661587656274,ok,-92.76720993687559,69.00337112521353,-0.13129823221254666,-72.8679601976819,61.15271759033203,-0.10313379442369891,1.2560026566024527,-0.0017619124308896061,0.012205692657117018
744,2,100.83948333333333,Forward,0.08166653756691497,19835.0,19844.430424168273,ok,0.0004777885875446216,14297.567254636215,ok,-92.78458935104209,69.00334652722941,-0.13132283019666738,-72.96229321774081,61.152584075927734,-0.1032673088279958,1.2560026566024527,-0.001618815968518733,0.012205692657117018
745,2,100.97483333333334,Forward,0.08165589043150115,19860.0,19844.999365001848,ok,0.00047076139365383613,14297.661587656274,ok,-92.21564851746734,69.00415177862948,-0.13051757879660128,-72.8679601976819,61.15271759033203,-0.10313379442369891,1.2560026566024527,-0.0009812590149442246,0.012205692657117018
746,2,101.10986666666666,Forward,0.08167926555523067,19845.0,19843.136409672006,ok,0.00047941347081534416,14297.661587656274,ok,-94.07860384730884,69.00151504155755,-0.1331543158685211,-72.8679601976819,61.15271759033203,-0.10313379442369891,1.2560026566024527,-0.003617996086864056,0.012205692657117018
747,2,101.24596666666666,Forward,0.08164056805310949,19835.0,19843.55241994538,ok,0.00048358735785356845,14297.89607259185,ok,-93.66259357393574,69.0021038424228,-0.13256551500328742,-72.633475262106,61.15304946899414,-0.10280191576158826,1.2560026566024527,-0.003446035702911021,0.012205692657117018
748,2,101.38235,Forward,0.08193835483613571,19845.0,19843.174152625834,ok,0.0004820192138158868,14298.076652944534,ok,-94.0408608934813,69.00156846111301,-0.1331008963130617,-72.45289490942196,61.15330505371094,-0.10254633104479159,1.2560026566024527,-0.004302432095968894,0.012205692657117018
749,2,101.51848333333334,Forward,0.08187065240642272,19835.0,19843.476643290196,ok,0.00047745191690612025,14298.076652944534,ok,-93.73837022911903,69.00199659180186,-0.13267276562422683,-72.45289490942196,61.15330505371094,-0.10254633104479159,1.2560026566024527,-0.0038743014071340176,0.012205692657117018
750,2,101.6538,Forward,0.08187361797619161,19860.0,19844.39702002636,ok,0.0004772598834358266,14297.89607259185,ok,-92.81799349295397,69.00329924861896,-0.13137010880712244,-72.633475262106,61.15304946899414,-0.10280191576158826,1.2560026566024527,-0.002250629506746038,0.012205692657117018
751,2,101.7894,Forward,0.08189456405963777,19835.0,19843.705425930955,ok,0.0004801522715364259,14297.187227326835,ok,-93.50958758835986,69.00232039971107,-0.13234895771502017,-73.34232052712105,61.15204620361328,-0.10380518114244902,1.2560026566024527,-0.0019693744310053662,0.012205692657117018
752,2,101.92443333333334,Forward,0.08186950021882705,19860.0,19844.08585819793,ok,0.00048366012920172426,14297.187227326835,ok,-93.12915532138504,69.00285884518294,-0.13181051224312987,-73.34232052712105,61.15204620361328,-0.10380518114244902,1.2560026566024527,-0.0014309289591150631,0.012205692657117018
753,2,102.06106666666666,Forward,0.08184502507861549,19860.0,19844.349539252747,ok,0.00048466254994769385,14297.187227326835,ok,-92.86547426656762,69.0032320466233,-0.13143731080278231,-73.34232052712105,61.15204620361328,-0.10380518114244902,1.2560026566024527,-0.0010577275187675095,0.012205692657117018
754,2,102.19613333333334,Forward,0.08177057157528378,19845.0,19843.379228440008,ok,0.0004842212094911624,14297.211484389136,ok,-93.83578507930724,69.00185871552391,-0.1328106419021667,-73.31806346481972,61.15208053588867,-0.10377084886705773,1.2560026566024527,-0.002474180047250585,0.012205692657117018
755,2,102.33251666666666,Forward,0.08183601452326814,19850.0,19844.166379198003,ok,0.0004876376927019209,14297.305817409195,ok,-93.04863432131242,69.00297281072069,-0.13169654670538528,-73.2237304447608,61.15221405029297,-0.10363733446276086,1.2560026566024527,-0.001527779296960713,0.012205692657117018
756,2,102.46755,Forward,0.0817592283330259,19850.0,19843.058844949082,ok,0.0004765975705168786,14297.858339383825,ok,-94.1561685702327,69.00140526019183,-0.13326409723425248,-72.6712084701303,61.15299606323242,-0.10285532152330805,1.2560026566024527,-0.004077540155278142,0.012205692657117018
757,2,102.60285,Forward,0.08187464883550283,19840.0,19843.79249505987,ok,0.0004835504767255537,14298.044310194799,ok,-93.42251845944338,69.00244363315437,-0.1322257242717076,-72.48523765915706,61.15325927734375,-0.10259210741197998,1.2560026566024527,-0.0033697648158165505,0.012205692657117018
758,2,102.7379,Forward,0.08176817154330848,19835.0,19843.94976195079,ok,0.0004746332530953044,14298.127862298279,ok,-93.26525156852585,69.00266622112244,-0.13200313630364124,-72.40168555567652,61.153377532958984,-0.1024738517967459,1.2560026566024527,-0.003295706214642369,0.012205692657117018
759,2,102.87348333333334,Forward,0.08169623024715283,19850.0,19845.338437136164,ok,0.00048139045989640004,14298.127862298279,ok,-91.87657638315068,69.00463168496555,-0.1300376724605305,-72.40168555567652,61.153377532958984,-0.1024738517967459,1.2560026566024527,-0.0013302423715316203,0.012205692657117018
760,2,103.00933333333333,Forward,0.08178527672702204,19835.0,19845.252028809075,ok,0.0004814190567002612,14298.127862298279,ok,-91.96298471024056,69.00450938678925,-0.13015997063682647,-72.40168555567652,61.153377532958984,-0.1024738517967459,1.2560026566024527,-0.001452540547827591,0.012205692657117018
761,2,103.14598333333333,Forward,0.08174002687402512,19835.0,19844.356238549655,ok,0.0004775854530575249,14298.303052192676,ok,-92.85877496965986,69.00324152848485,-0.13142782894123173,-72.22649566127984,61.15362548828125,-0.10222589647447805,1.2560026566024527,-0.003031831395719997,0.012205692657117018
762,2,103.28155,Forward,0.08176871458565857,19845.0,19844.01861235787,ok,0.00047994239257891455,14298.332699713264,ok,-93.19640116144365,69.00276366866606,-0.13190568876001932,-72.19684814069115,61.15366744995117,-0.10218393480455794,1.2560026566024527,-0.0035623951834027334,0.012205692657117018
763,2,103.41658333333334,Forward,0.08185176632691812,19835.0,19844.64970149063,ok,0.00047428944948678517,14298.332699713264,ok,-92.56531202868427,69.00365688176966,-0.13101247565642118,-72.19684814069115,61.15366744995117,-0.10218393480455794,1.2560026566024527,-0.0026691820798045995,0.012205692657117018
764,2,103.55375,Forward,0.08176865489820245,19850.0,19843.204911099812,ok,0.000480946788199507,14298.486327774504,ok,-94.0101024195028,69.00161199517275,-0.13305736225332573,-72.0432200794512,61.15388488769531,-0.10196649706041568,1.2560026566024527,-0.0049871710609974695,0.012205692657117018
765,2,103.68881666666667,Forward,0.08171770610365736,19835.0,19842.919526522437,ok,0.0004794506737674895,14298.696555647777,ok,-94.29548699687803,69.00120807561393,-0.13346128181213956,-71.83299220617846,61.15418243408203,-0.1016689506736989,1.2560026566024527,-0.005764809671990029,0.012205692657117018
766,2,103.82411666666667,Forward,0.0818523626705123,19835.0,19843.31273317143,ok,0.000478391537013036,14298.486327774504,ok,-93.90228034788379,69.00176460132968,-0.1329047560964013,-72.0432200794512,61.15388488769531,-0.10196649706041568,1.2560026566024527,-0.004834564904073024,0.012205692657117018
767,2,103.95995,Forward,0.08183759567822427,19835.0,19842.741081585074,ok,0.0004834692657045757,14298.087433861112,ok,-94.47393193424068,69.00095551326093,-0.13371384416514057,-72.44211399284359,61.1533203125,-0.1025310722557288,1.2560026566024527,-0.004934545027647175,0.012205692657117018
768,2,104.09525,Forward,0.08176688998499082,19835.0,19842.619327899378,ok,0.00048099961825411036,14298.251842838928,ok,-94.59568561993729,69.00078318896976,-0.1338861684563228,-72.2777050150271,61.1535530090332,-0.10229837572252633,1.2560026566024527,-0.0053991367827138925,0.012205692657117018
769,2,104.2316,Forward,0.08179581476099512,19845.0,19843.442000802333,ok,0.00048043125684297427,14298.251842838928,ok,-93.77301271698161,69.00194756049629,-0.13272179692978078,-72.2777050150271,61.1535530090332,-0.10229837572252633,1.2560026566024527,-0.004234765256171863,0.012205692657117018
770,2,104.36743333333334,Forward,0.08192174174147177,19845.0,19842.826438524608,ok,0.0004753897254343351,14298.251842838928,ok,-94.3885749947076,69.00107632335403,-0.13359303407205494,-72.2777050150271,61.1535530090332,-0.10229837572252633,1.2560026566024527,-0.0051060023984460245,0.012205692657117018
771,2,104.50275,Forward,0.0818598794709148,19835.0,19844.06551355471,ok,0.0004807895812383988,14298.340785400698,ok,-93.14949996460564,69.00283005035672,-0.13183930706935865,-72.18876245325737,61.15367889404297,-0.10217249071276084,1.2560026566024527,-0.0035103873024416032,0.012205692657117018
772,2,104.63831666666667,Forward,0.08179728207478187,19860.0,19844.519990931083,ok,0.00048420751538695795,14298.340785400698,ok,-92.69502258823195,69.0034732957032,-0.13119606172287182,-72.18876245325737,61.15367889404297,-0.10217249071276084,1.2560026566024527,-0.0028671419559547773,0.012205692657117018
773,2,104.77423333333333,Forward,0.08187049503087021,19860.0,19843.937875561245,ok,0.00047291658585024644,14298.440508879046,ok,-93.27713795806994,69.00264939770028,-0.13201995972579214,-72.08903897490927,61.1538200378418,-0.10203134691393256,1.2560026566024527,-0.0038683169451663724,0.012205692657117018
774,2,104.909,Forward,0.08184577061405801,19845.0,19843.455484615253,ok,0.0004848950625481784,14298.440508879046,ok,-93.75952890406188,69.00196664483441,-0.132702712591672,-72.08903897490927,61.1538200378418,-0.10203134691393256,1.2560026566024527,-0.004551069811046221,0.012205692657117018
775,2,105.0459,Forward,0.08178438298372442,19860.0,19843.446332607396,ok,0.0004776042501545664,14298.440508879046,ok,-93.76868091191864,69.00195369152414,-0.1327156659019376,-72.08903897490927,61.1538200378418,-0.10203134691393256,1.2560026566024527,-0.004564023121311822,0.012205692657117018
776,2,105.1815,Forward,0.08171194501467055,19860.0,19845.019556387513,ok,0.0004880628784321096,14298.200633485183,ok,-92.19545713180196,69.00418035654236,-0.1304890008837203,-72.32891436877253,61.153480529785156,-0.10237085497057202,1.2560026566024527,-0.0019109350820174509,0.012205692657117018
777,2,105.3168,Forward,0.08177865064486961,19860.0,19845.193454722055,ok,0.00047568491072230945,14298.200633485183,ok,-92.02155879725979,69.00442648385314,-0.1302428735729428,-72.32891436877253,61.153480529785156,-0.10237085497057202,1.2560026566024527,-0.0016648077712399512,0.012205692657117018
778,2,105.45211666666667,Forward,0.08185642438898877,19835.0,19844.816177272023,ok,0.000478862094638087,14298.15211936058,ok,-92.39883624729191,69.0038925035569,-0.13077685386917662,-72.37742849337519,61.153411865234375,-0.1024395195213546,1.2560026566024527,-0.002112545209276423,0.012205692657117018
779,2,105.58716666666666,Forward,0.08172595709922664,19835.0,19843.658640089605,ok,0.00048006277605352164,14298.15211936058,ok,-93.55637342971022,69.00225418128899,-0.1324151761370904,-72.37742849337519,61.153411865234375,-0.1024395195213546,1.2560026566024527,-0.003750867477190195,0.012205692657117018
780,2,105.72328333333333,Forward,0.0817086527835848,19845.0,19843.436624005928,ok,0.0004795622217283494,14298.165595506303,ok,-93.77838951338708,69.00193995043814,-0.13272940698794125,-72.36395234765223,61.1534309387207,-0.1024204460350261,1.2560026566024527,-0.00408905467754031,0.012205692657117018
781,2,105.85991666666666,Forward,0.08173973253346808,19845.0,19843.689507019622,ok,0.000477371383694496,14298.15211936058,ok,-93.52550649969271,69.00229786885217,-0.13237148857391065,-72.37742849337519,61.153411865234375,-0.1024395195213546,1.2560026566024527,-0.0037071799140104555,0.012205692657117018
782,2,105.99525,Forward,0.081804906296043,19835.0,19843.926358290602,ok,0.000479987900199663,14298.15211936058,ok,-93.28865522871274,69.00263309671121,-0.13203626071486296,-72.37742849337519,61.153411865234375,-0.1024395195213546,1.2560026566024527,-0.003371952054962768,0.012205692657117018
783,2,106.13081666666666,Forward,0.08169126533027762,19835.0,19845.23292992461,ok,0.0004816079556295042,14298.165595506303,ok,-91.98208359470664,69.00448235514985,-0.13018700227623153,-72.36395234765223,61.1534309387207,-0.1024204460350261,1.2560026566024527,-0.0015466499658305932,0.012205692657117018
784,2,106.26558333333334,Forward,0.08182887860609334,19845.0,19843.947752236127,ok,0.0004847297463524587,14298.18715733946,ok,-93.26726128318842,69.00266337666929,-0.13200598075679043,-72.34239051449549,61.15346145629883,-0.10238992845690052,1.2560026566024527,-0.003403958605588314,0.012205692657117018
785,2,106.40141666666666,Forward,0.08172636907565867,19845.0,19843.044761498106,ok,0.0004827726284386022,14297.98501515362,ok,-94.17025202120931,69.00138532715495,-0.13328403027112984,-72.54453270033628,61.153175354003906,-0.10267603075182279,1.2560026566024527,-0.004322662877445288,0.012205692657117018
786,2,106.53753333333333,Forward,0.08172029498434691,19845.0,19844.73065944128,ok,0.00048393476266584117,14298.017357903354,ok,-92.48435407803481,69.00377146574615,-0.13089789167991636,-72.51218995060117,61.153221130371094,-0.1026302543846344,1.2560026566024527,-0.001994019525030033,0.012205692657117018
787,2,106.67338333333333,Forward,0.08179966872055536,19845.0,19843.79613616921,ok,0.00047980232926415835,14298.35965200471,ok,-93.4188773501046,69.00244878660482,-0.13222057082126104,-72.16989584924522,61.15370559692383,-0.10214578783190095,1.2560026566024527,-0.003925189943642965,0.012205692657117018
788,2,106.8095,Forward,0.081783239598482,19845.0,19843.21897771438,ok,0.00048225276979599866,14298.35965200471,ok,-93.99603580493567,69.00163190438019,-0.13303745304588988,-72.16989584924522,61.15370559692383,-0.10214578783190095,1.2560026566024527,-0.004742072168271799,0.012205692657117018
789,2,106.9454,Forward,0.08173087048312236,19860.0,19844.529733241186,ok,0.00048032529718946654,14298.35965200471,ok,-92.68528027812863,69.00348708449879,-0.13118227292729304,-72.16989584924522,61.15370559692383,-0.10214578783190095,1.2560026566024527,-0.0028868920496749606,0.012205692657117018
790,2,107.08095,Forward,0.08177757807789499,19850.0,19844.222840708604,ok,0.0004854618356817179,14298.367737692144,ok,-92.99217281071105,69.0030527236181,-0.1316166338079827,-72.16181016181145,61.153717041015625,-0.10213434374010386,1.2560026566024527,-0.003335626740064157,0.012205692657117018
791,2,107.21626666666667,Forward,0.08160405995487932,19845.0,19842.900379784656,ok,0.00047417619736172536,14298.367737692144,ok,-94.31463373465886,69.00118097624527,-0.13348838118081705,-72.16181016181145,61.153717041015625,-0.10213434374010386,1.2560026566024527,-0.005207374112898511,0.012205692657117018
792,2,107.35158333333334,Forward,0.08170870435066299,19845.0,19844.05302664567,ok,0.000477153329824113,14298.367737692144,ok,-93.16198687364522,69.00281237698826,-0.13185698043782376,-72.16181016181145,61.153717041015625,-0.10213434374010386,1.2560026566024527,-0.0035759733699052276,0.012205692657117018
793,2,107.48661666666666,Forward,0.08174410993832981,19835.0,19843.600282495925,ok,0.0004860105133294604,14298.367737692144,ok,-93.61473102339005,69.0021715847671,-0.13249777265898163,-72.16181016181145,61.153717041015625,-0.10213434374010386,1.2560026566024527,-0.0042167655910630986,0.012205692657117018
794,2,107.62278333333333,Forward,0.0817723931314186,19835.0,19844.385412336156,ok,0.00048417648689324556,14298.354261546421,ok,-92.82960118315896,69.0032828196544,-0.13138653777167816,-72.1752863075344,61.1536979675293,-0.10215341722643234,1.2560026566024527,-0.0030815743542603746,0.012205692657117018
795,2,107.7586,Forward,0.08170461136848839,19835.0,19844.553324086944,ok,0.00048218425714274295,14298.319223567541,ok,-92.66168943237062,69.00352047384344,-0.1311488835826471,-72.2103242864141,61.153648376464844,-0.10220300829088642,1.2560026566024527,-0.0027816336565312516,0.012205692657117018
796,2,107.8939,Forward,0.0817370028833257,19845.0,19843.882685598805,ok,0.00048327318683791276,14298.319223567541,ok,-93.33232792051058,69.00257128449078,-0.13209807293529,-72.2103242864141,61.153648376464844,-0.10220300829088642,1.2560026566024527,-0.0037308230091741557,0.012205692657117018
797,2,108.02868333333333,Forward,0.08170668983934798,19860.0,19843.50174105886,ok,0.0004866504761090466,14298.57257510713,ok,-93.71327246045621,69.00203211397246,-0.13263724345362204,-71.95697274682607,61.15400695800781,-0.1018444267479159,1.2560026566024527,-0.004720372898085773,0.012205692657117018
798,2,108.16506666666666,Forward,0.08172827809025993,19835.0,19843.557476356076,ok,0.000478085941888134,14298.319223567541,ok,-93.65753716323889,69.00211099902248,-0.13255835840359786,-72.2103242864141,61.153648376464844,-0.10220300829088642,1.2560026566024527,-0.004191108477482025,0.012205692657117018
799,2,108.30118333333333,Forward,0.08175848741553088,19860.0,19844.10178733276,ok,0.00048298466005668877,14298.286880817808,ok,-93.11322618655686,69.00288139051167,-0.13178796691439745,-72.2426670361474,61.153602600097656,-0.10224878465807224,1.2560026566024527,-0.0033632217494866112,0.012205692657117018
800,2,108.43675,Forward,0.08174517759021069,19835.0,19843.553929702724,ok,0.000484034765555055,14298.526756211671,ok,-93.66108381659069,69.00210597926048,-0.13256337816559866,-72.00279164228414,61.1539421081543,-0.10190927660143277,1.2560026566024527,-0.004565056021764935,0.012205692657117018
801,2,108.57206666666667,Forward,0.08168536753446265,19835.0,19844.19420355324,ok,0.00047996540952548834,14298.165595506303,ok,-93.02080996607401,69.00301219197036,-0.1316571654557202,-72.36395234765223,61.1534309387207,-0.1024204460350261,1.2560026566024527,-0.0030168131453192637,0.012205692657117018
802,2,108.7079,Forward,0.08174111945697593,19835.0,19844.94038609514,ok,0.00048275002761835747,14298.165595506303,ok,-92.27462742417629,69.00406830273111,-0.13060105469497077,-72.36395234765223,61.1534309387207,-0.1024204460350261,1.2560026566024527,-0.001960702384569829,0.012205692657117018
803,2,108.8438,Forward,0.08177355083327192,19845.0,19843.888110490883,ok,0.0004757505589151191,14298.292271276097,ok,-93.32690302843184,69.00257896262124,-0.13209039480483456,-72.23727657785821,61.15361022949219,-0.10224115526354084,1.2560026566024527,-0.003675232179723431,0.012205692657117018
804,2,108.97936666666666,Forward,0.081793918596758,19845.0,19844.261480389738,ok,0.0004770946208665276,14298.526756211671,ok,-92.95353312957741,69.0031074123581,-0.13156194506796826,-72.00279164228414,61.1539421081543,-0.10190927660143277,1.2560026566024527,-0.003563622924134535,0.012205692657117018
805,2,109.1147,Forward,0.08164234845203258,19860.0,19843.936477006766,ok,0.0004787261692964585,14298.545622815684,ok,-93.27853651254918,69.00264741825377,-0.13202193917231103,-71.98392503827199,61.153968811035156,-0.10188257372057288,1.2560026566024527,-0.004057155917776251,0.012205692657117018
806,2,109.25053333333334,Forward,0.08165613168514924,19850.0,19843.423406806938,ok,0.0004786180201904783,14298.545622815684,ok,-93.79160671237696,69.00192124345251,-0.13274811397355993,-71.98392503827199,61.153968811035156,-0.10188257372057288,1.2560026566024527,-0.004783330719025147,0.012205692657117018
807,2,109.38651666666667,Forward,0.08180099079795083,19835.0,19844.863736311487,ok,0.000475326032270305,14298.545622815684,ok,-92.35127720782839,69.00395981632627,-0.13070954109980976,-71.98392503827199,61.153968811035156,-0.10188257372057288,1.2560026566024527,-0.0027447578452749755,0.012205692657117018
808,2,109.52155,Forward,0.08174064344793061,19860.0,19844.616113437925,ok,0.0004858110822472895,14298.470156399637,ok,-92.59890008138973,69.00360934286074,-0.13106001456533836,-72.05939145431876,61.15386199951172,-0.10198938524400987,1.2560026566024527,-0.0029610757536109866,0.012205692657117018
809,2,109.65715,Forward,0.08180656098742592,19845.0,19844.478674592083,ok,0.00047886984275051823,14298.378518608723,ok,-92.73633892723228,69.00341481855082,-0.13125453887526142,-72.15102924523308,61.15373229980469,-0.10211908495104105,1.2560026566024527,-0.0029926968869423143,0.012205692657117018
810,2,109.79418333333334,Forward,0.0817863228284822,19835.0,19843.962227007723,ok,0.00048651293693624824,14298.305747421819,ok,-93.2527865115917,69.00268386356248,-0.1319854938635916,-72.22380043213707,61.153629302978516,-0.10222208177721492,1.2560026566024527,-0.0035942875879764746,0.012205692657117018
811,2,109.93028333333334,Forward,0.08173299590311286,19860.0,19844.97679732875,ok,0.00048567734624004256,14298.305747421819,ok,-92.23821619056616,69.00411983743403,-0.13054951999204137,-72.22380043213707,61.153629302978516,-0.10222208177721492,1.2560026566024527,-0.0021583137164262467,0.012205692657117018
812,2,110.06533333333333,Forward,0.08177397945477355,19845.0,19843.261149958853,ok,0.0004763778454624789,14298.305747421819,ok,-93.9538635604622,69.00169159293988,-0.1329777644861976,-72.22380043213707,61.153629302978516,-0.10222208177721492,1.2560026566024527,-0.0045865582105824865,0.012205692657117018
813,2,110.20116666666667,Forward,0.08174671275080131,19845.0,19844.13390825555,ok,0.00048309557577162684,14298.305747421819,ok,-93.0811052637655,69.00292685291572,-0.1317425045103604,-72.22380043213707,61.153629302978516,-0.10222208177721492,1.2560026566024527,-0.0033512982347452813,0.012205692657117018
814,2,110.3369,Forward,0.08168006629170566,19845.0,19843.820949748915,ok,0.0004847349504508462,14298.32461402583,ok,-93.39406377039995,69.0024839065481,-0.13218545087799335,-72.20493382812492,61.153656005859375,-0.10219537889635504,1.2560026566024527,-0.0038277834916772002,0.012205692657117018
815,2,110.47273333333334,Forward,0.08185416888707334,19845.0,19844.131135123225,ok,0.00048069658262629,14298.32461402583,ok,-93.08387839608986,69.00292292795805,-0.1317464294680273,-72.20493382812492,61.153656005859375,-0.10219537889635504,1.2560026566024527,-0.0033887620817111552,0.012205692657117018
816,2,110.60751666666667,Forward,0.08188741075209169,19835.0,19844.530154676664,ok,0.00048128802234537904,14298.32461402583,ok,-92.68485884265101,69.00348768097822,-0.13118167644785553,-72.20493382812492,61.153656005859375,-0.10219537889635504,1.2560026566024527,-0.002824009061539373,0.012205692657117018
817,2,110.74415,Forward,0.08176105422944677,19835.0,19842.21380388469,ok,0.0004852584573761359,14298.33000448412,ok,-95.00120963462541,69.00020922984902,-0.13446012757705647,-72.19954336983574,61.153663635253906,-0.10218774950182363,1.2560026566024527,-0.006112042730540029,0.012205692657117018
818,2,110.87946666666667,Forward,0.08175813991986719,19845.0,19844.898027116807,ok,0.0004841653180528632,14298.305747421819,ok,-92.31698640250761,69.00400834987732,-0.1306610075487541,-72.22380043213707,61.153629302978516,-0.10222208177721492,1.2560026566024527,-0.0022698012731389716,0.012205692657117018
819,2,111.0148,Forward,0.08175092682256899,19845.0,19843.79179383384,ok,0.0004779550127063801,14298.049700653088,ok,-93.42321968547549,69.00244264067288,-0.1322267167531939,-72.47984720086788,61.15326690673828,-0.10258447801744858,1.2560026566024527,-0.003380339837102564,0.012205692657117018
820,2,111.15011666666666,Forward,0.08179942467567977,19835.0,19842.95766320576,ok,0.00048583557419597896,14298.049700653088,ok,-94.25735031355362,69.00126205243512,-0.13340730499095077,-72.47984720086788,61.15326690673828,-0.10258447801744858,1.2560026566024527,-0.004560928074859444,0.012205692657117018
821,2,111.28623333333333,Forward,0.08175128756803915,19845.0,19843.007532042702,ok,0.0004836517943936819,14298.281490359519,ok,-94.20748147661288,69.00133263438038,-0.13333672304570018,-72.24805749443658,61.153594970703125,-0.10225641405260363,1.2560026566024527,-0.004902395340989657,0.012205692657117018
822,2,111.4226,Forward,0.08181289043953272,19835.0,19843.428364586056,ok,0.000476437090612105,14298.049700653088,ok,-93.78664893325913,69.00192826045384,-0.13274109697224756,-72.47984720086788,61.15326690673828,-0.10258447801744858,1.2560026566024527,-0.0038947200561562367,0.012205692657117018
823,2,111.55845,Forward,0.08173164676591013,19835.0,19844.281468774774,ok,0.00048141866394938316,14298.011967445065,ok,-92.933544744541,69.0031357029537,-0.1315336544723812,-72.51758040889035,61.15321350097656,-0.10263788377916579,1.2560026566024527,-0.0026201997776951758,0.012205692657117018
824,2,111.69401666666667,Forward,0.08185395914555726,19835.0,19843.4779668404,ok,0.000480576178210218,14298.281490359519,ok,-93.73704667891434,69.00199846509094,-0.1326708923351386,-72.24805749443658,61.153594970703125,-0.10225641405260363,1.2560026566024527,-0.004236564630428069,0.012205692657117018
825,2,111.83038333333333,Forward,0.08203697083782668,19835.0,19842.407332442846,ok,0.0004849584614754402,14298.011967445065,ok,-94.80768107646873,69.000483140831,-0.13418621659508445,-72.51758040889035,61.15321350097656,-0.10263788377916579,1.2560026566024527,-0.005272761900398437,0.012205692657117018
826,2,111.9663,Forward,0.08195442343194526,19845.0,19842.97898853924,ok,0.00048433855429490296,14298.011967445065,ok,-94.23602498007676,69.00129223528302,-0.13337712214305916,-72.51758040889035,61.15321350097656,-0.10263788377916579,1.2560026566024527,-0.004463667448373149,0.012205692657117018
827,2,112.10165,Forward,0.08199535808597408,19850.0,19843.112806626465,ok,0.00048502193823777103,14298.011967445065,ok,-94.10220689285052,69.00148163494593,-0.13318772248015212,-72.51758040889035,61.15321350097656,-0.10263788377916579,1.2560026566024527,-0.004274267785466107,0.012205692657117018
828,2,112.23645,Forward,0.0820475263888234,19860.0,19843.672975564536,ok,0.000472904174082743,14297.728968384889,ok,-93.54203795477952,69.00227447102841,-0.13239488639767052,-72.80057946906709,61.15281295776367,-0.10303842699205644,1.2560026566024527,-0.0029783483635097696,0.012205692657117018
829,2,112.37228333333333,Forward,0.08203937246270143,19855.0,19842.270580561224,ok,0.0004750287268492565,14297.909548737573,ok,-94.94443295809106,69.00028958881708,-0.13437976860900153,-72.61999911638304,61.15306854248047,-0.10278284227525977,1.2560026566024527,-0.005284245658124381,0.012205692657117018
