scan_index,channel_id,time_min,direction,DipDepth,CentroidWidthMotor,RawMinimumMotor,SPRMotor,SPRQuality,TIREdgeSlope,TIRMotor,TIRQuality,DeltaSPRMotor,SPRAngleEmpirical,DeltaSPRAngle,DeltaTIRMotor,TIRAngleEmpirical,DeltaTIRAngle,BulkSensitivity,PureKineticsCandidate,AngleCalibrationRMSEDeg
0,2,0.14448333333333332,Forward,0.08935669194584106,469.0860765005018,19820.0,19828.742853979395,ok,0.0004875918032668302,14470.411118193591,ok,-112.67714287196941,68.98114309743012,-0.15947779048132502,-67.41166032451292,61.397218939359675,-0.09541121089169323,1.2560026566024527,-0.03964105613170145,0.012205692657117018
1,2,0.28031666666666666,Forward,0.08943688196756225,469.3104886163237,19795.0,19828.46491070968,ok,0.0004832541468671135,14469.392718588322,ok,-112.95508614168284,68.98074970993906,-0.1598711779723747,-68.43005992978215,61.39577754570401,-0.09685260454736953,1.2560026566024527,-0.03822404936201179,0.012205692657117018
2,2,0.4159,Forward,0.08939386279257838,470.0954223639055,19835.0,19828.271419667733,ok,0.0004897019338589572,14469.44357944495,ok,-113.14857718363055,68.98047585205572,-0.16014503585571502,-68.37919907315518,61.39584953170605,-0.09678061854532764,1.2560026566024527,-0.0385883218551549,0.012205692657117018
3,2,0.5517166666666666,Forward,0.08954151771687288,469.07408653440507,19820.0,19828.20998002487,ok,0.00048601473334300795,14468.726979058249,ok,-113.21001682649512,68.98038889335015,-0.16023199456128973,-69.0957994598557,61.39483529010019,-0.09779486015117769,1.2560026566024527,-0.0374013904093452,0.012205692657117018
4,2,0.6867666666666666,Forward,0.08942330186080102,469.403788934982,19835.0,19828.172142354633,ok,0.0004843852123841049,14469.436137033477,ok,-113.24785449673072,68.98033533973765,-0.1602855481737823,-68.38664148462703,61.395838998076,-0.09679115217537125,1.2560026566024527,-0.03871560390590373,0.012205692657117018
5,2,0.82235,Forward,0.08946688105444958,469.75931137461885,19830.0,19828.215409936412,ok,0.0004780490885311787,14469.167143276307,ok,-113.2045869149515,68.98039657858492,-0.16022430932652593,-68.65563524179743,61.39545827729312,-0.09717187295825043,1.2560026566024527,-0.038176178743927355,0.012205692657117018
6,2,0.9581833333333334,Forward,0.08950855613884826,469.99306735121354,19825.0,19828.078778340554,ok,0.0004820068775019515,14469.179805336482,ok,-113.34121851081,68.98020319681765,-0.1604176910937776,-68.64297318162244,61.39547619856205,-0.09715395168932063,1.2560026566024527,-0.03839206967256453,0.012205692657117018
7,2,1.0948333333333333,Forward,0.0895248432639133,470.3198694303901,19820.0,19828.105938326687,ok,0.00048554308626317023,14468.794620570396,ok,-113.31405852467651,68.98024163775136,-0.1603792501600827,-69.02815794770868,61.394931026632264,-0.09769912361910854,1.2560026566024527,-0.03766889134675094,0.012205692657117018
8,2,1.2304333333333333,Forward,0.08951389572323315,470.18660784673557,19820.0,19828.194431790645,ok,0.00048069669212285986,14468.97281729059,ok,-113.22556506071851,68.98036688712975,-0.1602540007816875,-68.84996122751363,61.395183237670665,-0.09744691258070819,1.2560026566024527,-0.037860419702611045,0.012205692657117018
9,2,1.3668,Forward,0.08955385265844351,469.92335662419646,19815.0,19828.168539232658,ok,0.00047908333793557844,14468.73006878997,ok,-113.2514576187059,68.9803302400527,-0.16029064785874758,-69.09270972813465,61.39483966315737,-0.09779048709400306,1.2560026566024527,-0.03746553627823186,0.012205692657117018
10,2,1.5034,Forward,0.0895154258031075,470.19146011180055,19820.0,19828.237470840395,ok,0.00048168402804009685,14469.230035228069,ok,-113.18252601096901,68.9804278025238,-0.16019308538763757,-68.59274329003529,61.395547291526626,-0.09708285872474719,1.2560026566024527,-0.0382567569187945,0.012205692657117018
11,2,1.63895,Forward,0.08947327752524734,469.2207202696118,19820.0,19828.378517933932,ok,0.0004917567551225304,14469.002177659624,ok,-113.04147891743196,68.98062743377339,-0.15999345413805344,-68.82060085848025,61.39522479292013,-0.0974053573312422,1.2560026566024527,-0.03765206656270205,0.012205692657117018
12,2,1.7745166666666667,Forward,0.08945362063337159,469.8091818234934,19820.0,19828.325578834156,ok,0.0004820743353798015,14469.311276247507,ok,-113.09441801720823,68.98055250632629,-0.16006838158515763,-68.5115022705977,61.39566227614503,-0.09696787410633989,1.2560026566024527,-0.03827647410250254,0.012205692657117018
13,2,1.9103666666666668,Forward,0.08947664471029448,469.51852684989353,19820.0,19828.090757435002,ok,0.0004842592670545225,14468.425637086077,ok,-113.32923941636182,68.98022015144986,-0.16040073646157918,-69.39714143202764,61.39440878521485,-0.09822136503651963,1.2560026566024527,-0.03703444104059127,0.012205692657117018
14,2,2.0468166666666665,Forward,0.08946413042869414,469.2724268331258,19825.0,19828.35899299095,ok,0.00047954664341058243,14469.044441802916,ok,-113.06100386041362,68.98059979911132,-0.16002108880012086,-68.77833671518783,61.39528461154897,-0.09734553870239643,1.2560026566024527,-0.037754833581514075,0.012205692657117018
15,2,2.1837,Forward,0.08944462308426815,469.06394594949234,19805.0,19828.412780062637,ok,0.0004850739394709148,14469.064118937671,ok,-113.00721678872651,68.98067592673695,-0.15994496117449525,-68.75865958043323,61.39531246161593,-0.09731768863543801,1.2560026566024527,-0.03771368571397479,0.012205692657117018
16,2,2.3187166666666665,Forward,0.08943347641653118,469.33285056595923,19805.0,19828.48761142908,ok,0.0004807893340871238,14468.828883464948,ok,-112.93238542228573,68.98078183944182,-0.15983904846962455,-68.99389505315594,61.39497952067977,-0.09765062957160706,1.2560026566024527,-0.03718959830878406,0.012205692657117018
17,2,2.4539833333333334,Forward,0.08947664133451652,469.26124407611496,19810.0,19828.57939000649,ok,0.0004866224485036515,14469.350121534717,ok,-112.84060684487486,68.98091173841127,-0.15970914950018017,-68.47265698338742,61.39571725588996,-0.09691289436140665,1.2560026566024527,-0.037986296723220556,0.012205692657117018
18,2,2.5890166666666667,Forward,0.08953789049949956,468.9733342500185,19810.0,19828.639429590305,ok,0.00047387207886597025,14468.515279911793,ok,-112.78056726105933,68.98099671554083,-0.15962417237061985,-69.30749860631113,61.39453566134442,-0.09809448890695699,1.2560026566024527,-0.03641723370542205,0.012205692657117018
19,2,2.7235833333333335,Forward,0.08942269015814786,469.5416724036877,19805.0,19828.522475794423,ok,0.00047950361570016386,14468.328055231123,ok,-112.8975210569406,68.98083118478205,-0.1597897031293891,-69.49472328698175,61.39427067256642,-0.09835947768494589,1.2560026566024527,-0.03624993785506739,0.012205692657117018
20,2,2.8588833333333334,Forward,0.08941506226396229,469.45180784156037,19820.0,19828.540050884112,ok,0.00048552962860332635,14469.322728910323,ok,-112.87994596725184,68.98085605971586,-0.15976482819557702,-68.50004960778097,61.395678485691306,-0.09695166456006825,1.2560026566024527,-0.03799327994610144,0.012205692657117018
21,2,2.9933833333333335,Forward,0.08942967831075121,468.3334620635251,19820.0,19828.556130138135,ok,0.00047962181875625735,14468.405930749313,ok,-112.86386671322907,68.98087881751606,-0.159742070395381,-69.41684776879083,61.39438089381678,-0.09824925643459179,1.2560026566024527,-0.03634074330431809,0.012205692657117018
22,2,3.127883333333333,Forward,0.08942863179523472,468.87131202351884,19820.0,19828.79111535335,ok,0.00048228717319180603,14469.51357421745,ok,-112.62888149801438,68.98121140424983,-0.15940948366161192,-68.30920430065453,61.39594859892925,-0.0966815513221169,1.2560026566024527,-0.037977198356586736,0.012205692657117018
23,2,3.2629333333333332,Forward,0.08935397816136778,469.00988825815875,19805.0,19828.687661411455,ok,0.0004896944200390068,14469.296929514396,ok,-112.73233543990864,68.98106498053292,-0.15955590737851985,-68.52584900370857,61.39564197047133,-0.09698817978004469,1.2560026566024527,-0.03773849591574743,0.012205692657117018
24,2,3.3979833333333334,Forward,0.08928394637180978,469.76010017191584,19820.0,19828.745383978825,ok,0.0004907407610990985,14468.921321990403,ok,-112.674612872539,68.98114667826921,-0.15947420964222317,-68.90145652770116,61.39511035370782,-0.0975197965435489,1.2560026566024527,-0.03698908611219506,0.012205692657117018
25,2,3.5335833333333335,Forward,0.08937865289627656,469.5767457076108,19825.0,19828.66788375067,ok,0.00048516234460678953,14468.509579033376,ok,-112.75211310069426,68.98103698818628,-0.15958389972517142,-69.3131994847281,61.39452759259622,-0.0981025576551571,1.2560026566024527,-0.036366826690798826,0.012205692657117018
26,2,3.668083333333333,Forward,0.08935941713878745,469.70470194135487,19810.0,19828.87419390931,ok,0.00048053954420723563,14468.777460499663,ok,-112.54580294205516,68.98132898962875,-0.15929189828268722,-69.04531801844132,61.39490673909626,-0.097723411155118,1.2560026566024527,-0.03655103425960525,0.012205692657117018
27,2,3.803383333333333,Forward,0.08934448225878414,469.433333848825,19820.0,19828.83955624883,ok,0.00047907109909917664,14468.736634669744,ok,-112.58044060253451,68.98127996515564,-0.1593409227557959,-69.08614384836073,61.39484895618675,-0.09778119406462532,1.2560026566024527,-0.036527483244866515,0.012205692657117018
28,2,3.9384166666666665,Forward,0.08929601975635232,468.90004198013776,19835.0,19828.73803792259,ok,0.0004830654626994172,14468.61656271803,ok,-112.68195892877338,68.98113628101572,-0.15948460689571353,-69.20621580007355,61.394679012140685,-0.09795113811068352,1.2560026566024527,-0.03645771721146128,0.012205692657117018
29,2,4.072666666666667,Forward,0.08933494208625845,468.74762940987785,19820.0,19828.944934953524,ok,0.0004888481487757687,14469.960619384983,ok,-112.47506189783962,68.98142911308894,-0.15919177482250457,-67.86215913312117,61.39658132508601,-0.09604882516536138,1.2560026566024527,-0.03855419525126616,0.012205692657117018
30,2,4.2077,Forward,0.08941063756898188,468.4557502287571,19835.0,19829.054609718885,ok,0.0004763571706796811,14469.551025958102,ok,-112.36538713247865,68.98158434145918,-0.15903654645226448,-68.27175256000191,61.396001606315636,-0.09662854393573202,1.2560026566024527,-0.037670838565358244,0.012205692657117018
31,2,4.3422,Forward,0.08932167033464727,468.6099085160131,19835.0,19828.989712651757,ok,0.0004856458082297272,14468.54361304356,ok,-112.43028419960683,68.98149248928215,-0.15912839862929457,-69.27916547454515,61.39457576269183,-0.09805438755954718,1.2560026566024527,-0.03597182736297681,0.012205692657117018
32,2,4.478316666666666,Forward,0.08929734204808287,468.7717687736622,19820.0,19829.049390603748,ok,0.0004861944571485613,14468.949685064092,ok,-112.3706062476158,68.98157695457547,-0.1590439333359671,-68.87309345401263,61.39515049743359,-0.09747965281778685,1.2560026566024527,-0.036609230432142065,0.012205692657117018
33,2,4.6134,Forward,0.0892443505425424,468.3210537848463,19825.0,19829.145232292285,ok,0.00048392978990766003,14469.109852519317,ok,-112.2747645590789,68.98171260427632,-0.15890828363511136,-68.71292599878689,61.395377190720396,-0.0972529595309732,1.2560026566024527,-0.0367583081017582,0.012205692657117018
34,2,4.748683333333333,Forward,0.08917637429485872,469.25776048285843,19820.0,19829.122229229368,ok,0.000474529944518424,14469.363102385929,ok,-112.29776762199617,68.98168004685115,-0.15894084106028958,-68.45967613217545,61.39573562836034,-0.09689452189102724,1.2560026566024527,-0.03724106415493486,0.012205692657117018
35,2,4.884,Forward,0.08922212278386846,468.7963459541461,19810.0,19829.245496487005,ok,0.0004846189839589609,14468.917970933942,ok,-112.17450036435912,68.98185451337902,-0.15876637453242431,-68.90480758416197,61.39510561078423,-0.09752453946714927,1.2560026566024527,-0.03627529387775408,0.012205692657117018
36,2,5.019033333333334,Forward,0.08912268769082335,468.5552366192933,19820.0,19829.335081182395,ok,0.00047892730130188826,14469.218152217683,ok,-112.08491566896919,68.98198130723372,-0.1586395806777207,-68.60462630042093,61.395530472887174,-0.09709967736420028,1.2560026566024527,-0.0366821279530441,0.012205692657117018
37,2,5.1538,Forward,0.08919903220947872,468.7778480003144,19820.0,19829.324211161755,ok,0.0004786532917057952,14468.679403341532,ok,-112.09578568960933,68.98196592233107,-0.15865496558037256,-69.14337517657259,61.39476795372665,-0.09786219652472417,1.2560026566024527,-0.035739786764367704,0.012205692657117018
38,2,5.288833333333334,Forward,0.08918251658370452,468.0745414859339,19820.0,19829.31346762811,ok,0.0004932190534185642,14469.199334815205,ok,-112.10652922325244,68.981950716452,-0.1586701714594328,-68.62344370289975,61.39550383964379,-0.09712631060758425,1.2560026566024527,-0.036679267310311986,0.012205692657117018
39,2,5.42335,Forward,0.08907687943154619,469.15221109447884,19835.0,19829.407984252855,ok,0.00047943183587001844,14468.387593215399,ok,-112.01201259850859,68.98208449072152,-0.1585363971899252,-69.43518530270558,61.394354939756205,-0.09827521049516752,1.2560026566024527,-0.03510247172982957,0.012205692657117018
40,2,5.5584,Forward,0.08904837903905391,468.8004551678314,19820.0,19829.62089704414,ok,0.0004768640193846643,14468.635438076037,ok,-111.79909980722368,68.98238583721162,-0.15823505069982197,-69.18734044206758,61.394705727411534,-0.09792442283984322,1.2560026566024527,-0.03524171546671699,0.012205692657117018
41,2,5.6931666666666665,Forward,0.08901771999975819,468.5839201945346,19820.0,19829.573484422748,ok,0.0004909787562499127,14468.34190413106,ok,-111.84651242861582,68.98231873167532,-0.15830215623611638,-69.48087438704351,61.394290273631086,-0.09833987662028935,1.2560026566024527,-0.03478700995107552,0.012205692657117018
42,2,5.828,Forward,0.08903788930841999,468.4224419210368,19820.0,19829.62281887012,ok,0.00047783101548413455,14469.023216097581,ok,-111.7971779812433,68.98238855727136,-0.15823233064007222,-68.79956242052322,61.39525456970995,-0.09737558054142442,1.2560026566024527,-0.03592834279183704,0.012205692657117018
43,2,5.964666666666667,Forward,0.08899885755557047,468.98578021590583,19825.0,19829.770831151396,ok,0.0004824247576984149,14468.194932674696,ok,-111.64916569996785,68.98259804671156,-0.1580228411998871,-69.62784584340807,61.39408225732425,-0.09854789292712342,1.2560026566024527,-0.03424642588084603,0.012205692657117018
44,2,6.099966666666667,Forward,0.0889935654707682,468.65899943693876,19820.0,19829.87379632679,ok,0.00048758350968565684,14469.12494328004,ok,-111.5462005245754,68.98274377865194,-0.15787710925949908,-68.69783523806473,61.39539854945488,-0.09723160079649244,1.2560026566024527,-0.03575396035339541,0.012205692657117018
45,2,6.235283333333333,Forward,0.08894705688127111,467.48317571575535,19805.0,19829.921773436552,ok,0.0004732390750296785,14468.075631695749,ok,-111.49822341481195,68.98281168313784,-0.15780920477360483,-69.74714682235572,61.39391340447584,-0.09871674577553517,1.2560026566024527,-0.0338207098283837,0.012205692657117018
46,2,6.370866666666666,Forward,0.08884465312521178,468.34206915137474,19810.0,19829.99639477072,ok,0.0004821985895417512,14468.773437200769,ok,-111.42360208064565,68.98291729857316,-0.15770358933827974,-69.04934131733535,61.39490104471315,-0.09772910553821745,1.2560026566024527,-0.034955573154897154,0.012205692657117018
47,2,6.504833333333333,Forward,0.08897855567090243,467.81571147990326,19805.0,19830.274505252935,ok,0.00048183321266186417,14468.45437659095,ok,-111.14549159842863,68.98331092272872,-0.15730996518272175,-69.36840192715499,61.39444946172315,-0.09818068852822527,1.2560026566024527,-0.033994759564212856,0.012205692657117018
48,2,6.6406833333333335,Forward,0.08885474958015166,468.50191397541494,19820.0,19830.31808353217,ok,0.0004822851199310228,14468.574696724054,ok,-111.10191331919486,68.98337260132216,-0.15724828658928175,-69.24808179405045,61.39461975703317,-0.09801039321820187,1.2560026566024527,-0.03414697233256918,0.012205692657117018
49,2,6.77545,Forward,0.08887082468395438,468.3142258149128,19820.0,19830.402016179032,ok,0.0004821723296662998,14468.065267906348,ok,-111.01798067233176,68.98349139554013,-0.15712949237130813,-69.75751061175652,61.39389873606845,-0.09873141418292043,1.2560026566024527,-0.033122573867442995,0.012205692657117018
50,2,6.911016666666667,Forward,0.08883819356195236,468.05404613797145,19820.0,19830.463497118344,ok,0.00047808198093992813,14468.732151382335,ok,-110.95649973301988,68.9835784126947,-0.15704247521673478,-69.09062713576895,61.394842610758104,-0.09778753949326978,1.2560026566024527,-0.03422106583057068,0.012205692657117018
51,2,7.045833333333333,Forward,0.08885733965429801,468.74711640512396,19835.0,19830.688555093777,ok,0.0004764783353916481,14468.637991833095,ok,-110.73144175758716,68.98389694889235,-0.15672393901908738,-69.18478668500939,61.39470934187603,-0.09792080837534149,1.2560026566024527,-0.03373514356299877,0.012205692657117018
52,2,7.181966666666667,Forward,0.08874998061182951,467.60084311005266,19835.0,19830.51740672494,ok,0.0004825271074881648,14468.63291851786,ok,-110.90259012642491,68.98365471375033,-0.15696617416111383,-69.18986000024415,61.39470216135047,-0.09792798890089825,1.2560026566024527,-0.033968359945850124,0.012205692657117018
53,2,7.3167333333333335,Forward,0.08866998873317225,467.7998619990758,19835.0,19830.939631055026,ok,0.00047957790122383364,14468.520188564815,ok,-110.48036579633845,68.98425230969156,-0.15636857821988415,-69.3025899532895,61.39454260881502,-0.09808754143635048,1.2560026566024527,-0.033170365596224785,0.012205692657117018
54,2,7.451233333333334,Forward,0.08851252546416294,468.0323882491248,19805.0,19831.440510458284,ok,0.0004873090365825141,14469.515075344574,ok,-109.97948639308015,68.98496123022764,-0.15565965768379988,-68.30770317353017,61.39595072355215,-0.09667942669922602,1.2560026566024527,-0.03423004091076991,0.012205692657117018
55,2,7.58735,Forward,0.08797312588541945,465.6493622275193,19830.0,19832.989918152387,ok,0.00048543759529303293,14469.840030527012,ok,-108.43007869897701,68.98715418710702,-0.15346670080441666,-67.98274799109277,61.39641064943578,-0.09621950081559355,1.2560026566024527,-0.03261475216306929,0.012205692657117018
56,2,7.7224,Forward,0.08721376590652255,463.44562371816573,19835.0,19836.461585638248,ok,0.0004732250174021106,14470.222921175835,ok,-104.95841121311605,68.99206781773182,-0.14855307017961408,-67.59985734226939,61.3969525743827,-0.09567757586867068,1.2560026566024527,-0.028381780711280988,0.012205692657117018
57,2,7.857983333333333,Forward,0.08511553726172005,458.5735548540033,19845.0,19842.584161118542,ok,0.0004831425594966734,14473.043740162777,ok,-98.83583573282158,69.00073341560523,-0.1398874723062108,-64.77903835532743,61.40094502545058,-0.09168512480078703,1.2560026566024527,-0.02473071198549487,0.012205692657117018
58,2,7.993816666666667,Forward,0.08222976835988202,450.31852551855627,19845.0,19852.4437300608,ok,0.0004820224813011251,14478.47160462855,ok,-88.97626679056339,69.01468817368598,-0.1259327142254502,-59.35117388955405,61.40862736287919,-0.08400278737218173,1.2560026566024527,-0.02042499012397897,0.012205692657117018
59,2,8.129116666666667,Forward,0.07832665247498519,440.13148359144907,19860.0,19865.544621316934,ok,0.00048122156960536455,14487.420258296972,ok,-75.87537553442962,69.03323054295106,-0.10739034496038714,-50.40252022113236,61.421292855440036,-0.0713372948113341,1.2560026566024527,-0.017790513162519145,0.012205692657117018
60,2,8.264166666666666,Forward,0.07444353176608956,429.43502363955486,19860.0,19878.925479210648,ok,0.00047780709331780543,14496.236473080065,ok,-62.49451764071637,69.0521691634844,-0.08845172442703984,-41.586305438038835,61.43377090039379,-0.05885924985758406,1.2560026566024527,-0.014524350240286726,0.012205692657117018
61,2,8.399233333333333,Forward,0.07109522220354894,420.34561887496966,19890.0,19890.4798449413,ok,0.00047837443834622173,14504.253323740839,ok,-50.94015191006474,69.06852265515246,-0.0720982327589807,-33.56945477726549,61.44511756394428,-0.047512586307092694,1.2560026566024527,-0.012422298135218952,0.012205692657117018
62,2,8.534,Forward,0.06885947901347508,412.8133181384874,19875.0,19898.85987884864,ok,0.0004840454151100871,14510.41824337628,ok,-42.56011800272245,69.08038335074376,-0.060237537167683486,-27.404535141824454,61.45384309369145,-0.03878705655992643,1.2560026566024527,-0.011520891086626295,0.012205692657117018
63,2,8.669833333333333,Forward,0.06744628608343595,408.5351431479248,19900.0,19903.995503197584,ok,0.0004770785746264208,14514.746656232292,ok,-37.42449365377979,69.08765206561384,-0.052968822297604766,-23.076122285812744,61.4599693203686,-0.03266082988277281,1.2560026566024527,-0.011946733198001346,0.012205692657117018
64,2,8.805133333333334,Forward,0.06664694380471722,404.9326165668499,19900.0,19906.942988243256,ok,0.00047567095343270066,14516.379232307012,ok,-34.47700860810801,69.09182379370864,-0.04879709420280747,-21.443546211092325,61.46227998976039,-0.030350160490978564,1.2560026566024527,-0.010677211997827597,0.012205692657117018
65,2,8.94045,Forward,0.0660886828973028,403.3603723467022,19900.0,19908.939564691238,ok,0.0004791506658280756,14517.937548091139,ok,-32.48043216012593,69.09464965166292,-0.04597123624851917,-19.88523042696579,61.46448555472051,-0.02814459553086014,1.2560026566024527,-0.010621549492757315,0.012205692657117018
66,2,9.076033333333333,Forward,0.06565903255307301,403.1766144946887,19900.0,19910.42239411817,ok,0.0004824167863743722,14518.846245820328,ok,-30.99760273319407,69.09674837687587,-0.04387251103557618,-18.976532697775838,61.46577168163475,-0.026858468616626302,1.2560026566024527,-0.010138203100819941,0.012205692657117018
67,2,9.210816666666666,Forward,0.0653461049968169,400.90389912067985,19915.0,19911.675163135857,ok,0.00047748845061706746,14519.52515292978,ok,-29.74483371550741,69.09852148568774,-0.04209940222369283,-18.29762558832408,61.46673257399497,-0.025897576256403317,1.2560026566024527,-0.00957197764608566,0.012205692657117018
68,2,9.345583333333334,Forward,0.06507184763444088,401.43023124901447,19910.0,19912.507221836975,ok,0.0004743239425398797,14519.723264493978,ok,-28.9127750143889,69.09969914142007,-0.04092174649136815,-18.09951402412662,61.46701297154253,-0.02561717870884649,1.2560026566024527,-0.008746501978397173,0.012205692657117018
69,2,9.480616666666666,Forward,0.06480403165581017,400.18026591200396,19915.0,19913.161888347564,ok,0.00047919778552175056,14520.188369522271,ok,-28.25810850380003,69.10062572480646,-0.03999516310498017,-17.634408995832928,61.46767125875468,-0.024958891496698124,1.2560026566024527,-0.00864672907927496,0.012205692657117018
70,2,9.615916666666667,Forward,0.06468546812870943,399.98117557452133,19915.0,19913.698534162886,ok,0.00048373364410966065,14521.38580134287,ok,-27.721462688477914,69.10138526739618,-0.039235620515265544,-16.43697717523355,61.46936604596824,-0.0232641042831263,1.2560026566024527,-0.010015843732182412,0.012205692657117018
71,2,9.7507,Forward,0.06446782194367723,399.2635030680067,19910.0,19914.671733024566,ok,0.0004784731090249821,14521.656287615115,ok,-26.748263826797483,69.10276268610066,-0.03785820181078093,-16.166490902989608,61.469748879184934,-0.02288127106643737,1.2560026566024527,-0.009119264564894754,0.012205692657117018
72,2,9.886816666666666,Forward,0.06420518636177303,398.7515091708956,19915.0,19915.132098008722,ok,0.0004775722594884493,14522.186488969244,ok,-26.28789884264188,69.10341426448308,-0.037206623428361986,-15.636289548860077,61.47049930059527,-0.022130849656099863,1.2560026566024527,-0.009410217467431082,0.012205692657117018
73,2,10.02215,Forward,0.06413452315073218,397.95677235217227,19915.0,19915.63805129217,ok,0.0004823091431438569,14522.50145211814,ok,-25.781945559192536,69.10413036634434,-0.03649052156710912,-15.321326399964164,61.470945084236824,-0.02168506601454947,1.2560026566024527,-0.009254021044235429,0.012205692657117018
74,2,10.157716666666667,Forward,0.06391340235492299,398.0540771396227,19915.0,19916.223771190766,ok,0.000482110743487883,14522.399879093316,ok,-25.19622566059843,69.10495936602331,-0.035661521888133665,-15.422899424787829,61.470801322679165,-0.02182882757220441,1.2560026566024527,-0.008244456466928056,0.012205692657117018
75,2,10.292233333333334,Forward,0.06395844293891528,396.5392966657637,19915.0,19916.845035894075,ok,0.0004892179306980683,14522.499610342205,ok,-24.574960957288567,69.10583867410357,-0.034782213807874024,-15.3231681758989,61.470942477476044,-0.021687672775327623,1.2560026566024527,-0.007542439186537842,0.012205692657117018
76,2,10.42815,Forward,0.06375002297906077,396.5770731981647,19900.0,19917.263755191132,ok,0.0004768521437960804,14522.581724994794,ok,-24.1562416602319,69.10643130919019,-0.03418957872124988,-15.241053523310256,61.47105869859266,-0.021571451658717856,1.2560026566024527,-0.007095778131128865,0.012205692657117018
77,2,10.563433333333334,Forward,0.06354235593459617,395.822602431188,19915.0,19917.503684831834,ok,0.0004775433317149681,14523.51446959096,ok,-23.91631201952987,69.10677089402519,-0.033849993886252636,-14.308308927144026,61.472378860281964,-0.020251289969412268,1.2560026566024527,-0.008414319885044225,0.012205692657117018
78,2,10.698483333333334,Forward,0.06356932816648761,396.22634855423894,19910.0,19917.948068101592,ok,0.0004726865625614447,14523.656176877164,ok,-23.471928749771905,69.1073998526603,-0.03322103525115135,-14.166601640939916,61.47257942593639,-0.020050724314986557,1.2560026566024527,-0.008037272244724843,0.012205692657117018
79,2,10.8341,Forward,0.0633736074837869,395.5644877423729,19915.0,19918.38027916221,ok,0.000475039202364444,14523.68579602776,ok,-23.039717689152894,69.10801158333797,-0.03260930457346253,-14.136982490344963,61.47262134745279,-0.020008802798586516,1.2560026566024527,-0.0074781951030032795,0.012205692657117018
80,2,10.9694,Forward,0.06330391023723225,394.8033620158858,19915.0,19918.711008415114,ok,0.00048534613698078457,14524.715776089124,ok,-22.708988436250365,69.1084796815623,-0.03214120634913707,-13.107002428980195,61.474079131527176,-0.018551018724198745,1.2560026566024527,-0.008841077548861605,0.012205692657117018
81,2,11.105233333333333,Forward,0.06321519210900459,394.69869325493346,19915.0,19919.088415202117,ok,0.0004815731023595933,14523.646638131062,ok,-22.3315816492468,69.10901384491585,-0.03160704299559541,-14.176140387042324,61.472565925255466,-0.020064224995901964,1.2560026566024527,-0.006406323098073204,0.012205692657117018
82,2,11.241083333333334,Forward,0.06313366111917085,394.1413778914466,19915.0,19919.45153630616,ok,0.0004762593585550617,14523.667930986612,ok,-21.968460545205744,69.10952778900312,-0.031093098908324686,-14.154847531492123,61.47259606213567,-0.020034088115700427,1.2560026566024527,-0.005930231012397324,0.012205692657117018
83,2,11.37665,Forward,0.06290883257444321,393.48012874507185,19915.0,19920.040825561475,ok,0.00047363059749264163,14524.277078641075,ok,-21.3791712898892,69.11036184057735,-0.03025904733409324,-13.54569987702962,61.47345822032973,-0.01917192992163844,1.2560026566024527,-0.006179052420319308,0.012205692657117018
84,2,11.510883333333334,Forward,0.06290477072444284,394.33063585656055,19915.0,19920.465806755004,ok,0.0004843431199475929,14525.047239446734,ok,-20.954190096359525,69.11096333845006,-0.029657549461385914,-12.775539071370076,61.474548268767876,-0.01808188148349637,1.2560026566024527,-0.0069466582817437755,0.012205692657117018
85,2,11.645683333333332,Forward,0.06274146696016103,393.82958573121505,19915.0,19920.666181168315,ok,0.00048559785903228936,14524.84042847333,ok,-20.753815683048742,69.11124693872505,-0.029373949186393983,-12.982350044774648,61.47425555849634,-0.018374591755031467,1.2560026566024527,-0.0062954131280889385,0.012205692657117018
86,2,11.781,Forward,0.06271336582526066,393.36014856807014,19915.0,19920.875596434144,ok,0.0004769976336401233,14525.37759066051,ok,-20.54440041722046,69.11154333498641,-0.029077552925039524,-12.445187857594647,61.47501583193386,-0.01761431831750811,1.2560026566024527,-0.0069539223240080925,0.012205692657117018
87,2,11.9163,Forward,0.06267618069601116,392.99408515265895,19915.0,19921.327482481825,ok,0.0004761003375985928,14525.60529678839,ok,-20.09251436953855,69.11218291269131,-0.028437975220131483,-12.217481729714564,61.47533811619869,-0.01729203405268045,1.2560026566024527,-0.00671913451190476,0.012205692657117018
88,2,12.0511,Forward,0.0625034048008575,392.674530059925,19925.0,19921.757967910788,ok,0.0004754911338947359,14525.315068616832,ok,-19.66202894057642,69.11279220099323,-0.0278286869182148,-12.507709901272392,61.474927341250414,-0.017702809000959618,1.2560026566024527,-0.005593911783683708,0.012205692657117018
89,2,12.1856,Forward,0.062372876250224724,392.7979433865512,19915.0,19922.10046671306,ok,0.0004772346644076073,14525.286690796973,ok,-19.31953013830571,69.11327695726976,-0.027343930641684992,-12.53608772113148,61.47488717665363,-0.017742973597739877,1.2560026566024527,-0.00505870866689653,0.012205692657117018
90,2,12.320916666666667,Forward,0.06219861482767153,392.8717479614097,19915.0,19922.280197880453,ok,0.00048581326128807503,14526.595050689304,ok,-19.139798970911215,69.11353134009067,-0.027089547820767428,-11.227727828800198,61.4767389661068,-0.015891184144572232,1.2560026566024527,-0.007130178318625932,0.012205692657117018
91,2,12.4565,Forward,0.06228199398529219,392.5313419998456,19915.0,19922.871568001898,ok,0.00048363927003956163,14526.37574664519,ok,-18.54842884946629,69.11436833682241,-0.02625255108903568,-11.447031872914522,61.47642857374587,-0.016201576505503065,1.2560026566024527,-0.00590332795697595,0.012205692657117018
92,2,12.591266666666666,Forward,0.062153030353731126,391.39942055324354,19940.0,19923.062137771205,ok,0.0004752512165050673,14526.177213929961,ok,-18.35785908015896,69.11463806007743,-0.02598282783401668,-11.645564588143316,61.47614758012146,-0.01648257012990586,1.2560026566024527,-0.005280675963218687,0.012205692657117018
93,2,12.7274,Forward,0.061995441294370346,391.82600269011164,19915.0,19923.215489031118,ok,0.00048388689916308264,14526.831840816956,ok,-18.204507820246363,69.11485510605033,-0.02576578186111535,-10.990937701148141,61.47707410742653,-0.015556042824840249,1.2560026566024527,-0.006227350746894476,0.012205692657117018
94,2,12.862016666666667,Forward,0.062064622762974725,390.91071856260896,19915.0,19923.582004512526,ok,0.0004711819837231078,14526.424281604346,ok,-17.837992338838376,69.11537385437552,-0.025247033535924317,-11.398496913758208,61.47649726778487,-0.016132882466498674,1.2560026566024527,-0.004984090299346853,0.012205692657117018
95,2,12.99785,Forward,0.061889051938024936,390.4958554418845,19915.0,19924.078813283595,ok,0.0004709541662095748,14526.22550257861,ok,-17.341183567768894,69.11607701353523,-0.024543874376200776,-11.597275939493557,61.476215925544466,-0.016414224706906066,1.2560026566024527,-0.003927564538257142,0.012205692657117018
96,2,13.13315,Forward,0.06169785407681361,390.07218711527094,19925.0,19924.343781256146,ok,0.00048240180465873665,14527.444577079426,ok,-17.076215595217946,69.11645203641685,-0.024168851494596865,-10.378201438677934,61.477941344763195,-0.014688805488182122,1.2560026566024527,-0.005719672779123431,0.012205692657117018
97,2,13.269916666666667,Forward,0.061664508736651,389.21601668445146,19940.0,19924.908567900864,ok,0.0004765322816223999,14527.905096644956,ok,-16.511428950499976,69.11725140817848,-0.02336947973296703,-9.917681873148467,61.47859314193263,-0.014037008318746356,1.2560026566024527,-0.00573895999387088,0.012205692657117018
98,2,13.404666666666667,Forward,0.06159607597467437,389.80240527115893,19915.0,19925.0528853647,ok,0.00048066837540453256,14528.08719233762,ok,-16.367111486662907,69.11745566815236,-0.023165219759080792,-9.73558618048446,61.4788508713885,-0.013779278862868873,1.2560026566024527,-0.005858408901251465,0.012205692657117018
99,2,13.539733333333333,Forward,0.06131096722526996,389.0179132111589,19915.0,19925.733380701833,ok,0.00047773402471500126,14528.510507633342,ok,-15.686616149530892,69.1184188084134,-0.02220207949804338,-9.312270884762256,61.47945001142985,-0.013180138821525845,1.2560026566024527,-0.0056477901238177995,0.012205692657117018
100,2,13.674766666666667,Forward,0.06139030085645725,388.85733751325824,19915.0,19926.243561963962,ok,0.00048122203218736834,14528.73934208725,ok,-15.176434887402138,69.11914089435164,-0.0214799935598002,-9.083436430853908,61.47977389267288,-0.0128562575784882,1.2560026566024527,-0.005332499887253605,0.012205692657117018
101,2,13.809016666666666,Forward,0.061128688948766996,388.3942571457155,19925.0,19926.587170178023,ok,0.0004840840401464731,14529.016093644845,ok,-14.832826673340605,69.11962722083608,-0.02099366707535932,-8.806684873259655,61.48016559347211,-0.012464556779262696,1.2560026566024527,-0.005338150647233263,0.012205692657117018
102,2,13.944083333333333,Forward,0.06099552196706495,387.6917306743817,19925.0,19927.040987715274,ok,0.00047402735968466174,14528.472202607536,ok,-14.379009136089735,69.12026953227812,-0.020351355633324613,-9.350575910568296,61.47939579634483,-0.013234353906539303,1.2560026566024527,-0.0037289719682941994,0.012205692657117018
103,2,14.078866666666666,Forward,0.06095644899367733,387.6219625389931,19915.0,19927.491181785415,ok,0.00048273331815969206,14529.325112262182,ok,-13.928815065948584,69.12090671523967,-0.01971417267177682,-8.497666255922013,61.48060296351056,-0.01202718674081046,1.2560026566024527,-0.004607994173865088,0.012205692657117018
104,2,14.214483333333334,Forward,0.0607792012059786,386.7452910414322,19915.0,19928.25169989332,ok,0.00047435985231063655,14529.123676913041,ok,-13.168296958043356,69.12198311586874,-0.0186377720427018,-8.699101605063333,61.4803178616382,-0.012312288613178611,1.2560026566024527,-0.0031735048356933363,0.012205692657117018
105,2,14.35005,Forward,0.06060763756583426,386.87024133971863,19915.0,19928.422830356332,ok,0.00047981285380677943,14529.46743665543,ok,-12.997166495031706,69.12222532566773,-0.01839556224371751,-8.355341862674322,61.48080440258852,-0.01182574766285543,1.2560026566024527,-0.003542391762860843,0.012205692657117018
106,2,14.48565,Forward,0.06046855403399534,386.0809391179355,19940.0,19929.188868749956,ok,0.00048645140187809937,14529.992825571564,ok,-12.231128101408103,69.1233095394428,-0.017311348468632987,-7.829952946540288,61.481548012706355,-0.011082137545019563,1.2560026566024527,-0.003392154271254633,0.012205692657117018
107,2,14.620716666666667,Forward,0.060442153219499334,385.68454131198814,19930.0,19929.361321432218,ok,0.0004840691814291413,14529.95225991942,ok,-12.058675419146311,69.12355362064712,-0.017067267264329306,-7.870518598683702,61.48149059803991,-0.011139552211458315,1.2560026566024527,-0.0030759600933759346,0.012205692657117018
108,2,14.757516666666668,Forward,0.06028949230392916,385.30326509497536,19920.0,19929.97297457657,ok,0.0004721697709249794,14530.312611197656,ok,-11.447022274795017,69.12441932499065,-0.0162015629207879,-7.51016732044809,61.48200062184941,-0.010629528401967198,1.2560026566024527,-0.0028508470094858757,0.012205692657117018
109,2,14.892833333333334,Forward,0.0601518454846692,385.2154362874826,19915.0,19930.4770807157,ok,0.00047896755464870875,14531.058857848928,ok,-10.942916135663836,69.12513281249298,-0.015488075418464023,-6.763920669176514,61.48305682334747,-0.009573326903903789,1.2560026566024527,-0.00346395139463713,0.012205692657117018
110,2,15.02895,Forward,0.05999324174342646,384.22849741119353,19925.0,19930.76189301021,ok,0.00046985102862920136,14530.719759932183,ok,-10.658103841153206,69.12553592207024,-0.015084965841199697,-7.103018585921745,61.48257688052019,-0.010053269731179745,1.2560026566024527,-0.0024580323512969123,0.012205692657117018
111,2,15.163466666666666,Forward,0.059981615179384745,383.89566658883996,19915.0,19931.167919166117,ok,0.00047679334726748136,14531.603979084832,ok,-10.252077685247059,69.12611059189743,-0.014510296014018209,-6.218799433272579,61.48382836163847,-0.008801788612901956,1.2560026566024527,-0.003455226133360134,0.012205692657117018
112,2,15.2991,Forward,0.05993233461830416,384.2367488589225,19930.0,19931.474051253856,ok,0.00047577942812860127,14531.540754654287,ok,-9.945945597508398,69.12654387648118,-0.014077011430263096,-6.2820238638178125,61.48373887683054,-0.008891273420830131,1.2560026566024527,-0.0029095483931216738,0.012205692657117018
113,2,15.434116666666666,Forward,0.05972527054233687,384.4630035716182,19925.0,19931.846267175624,ok,0.00047768717376356655,14531.309573622199,ok,-9.573729675739742,69.12707069293457,-0.013550194976875707,-6.513204895905801,61.48341167435399,-0.009218475897382778,1.2560026566024527,-0.001971764759937258,0.012205692657117018
114,2,15.569466666666667,Forward,0.05966397505661436,382.6085658228767,19925.0,19932.235238039564,ok,0.0004769295581793132,14532.32534768527,ok,-9.184758811799838,69.12762122352454,-0.012999664386894092,-5.497430832834652,61.484849351943936,-0.007780798307431002,1.2560026566024527,-0.003226961042272887,0.012205692657117018
115,2,15.704783333333333,Forward,0.059506225625880926,383.30629366941866,19925.0,19932.749951433787,ok,0.00047369849360607414,14532.45130387684,ok,-8.670045417577057,69.12834972402385,-0.01227116388759529,-5.371474641264285,61.48502762425913,-0.007602525992238302,1.2560026566024527,-0.0027223710444547865,0.012205692657117018
116,2,15.839833333333333,Forward,0.05944184220452836,382.8949152558562,19940.0,19933.151750064055,ok,0.0004765470319847079,14532.260465834597,ok,-8.268246787309181,69.12891841041525,-0.01170247749619155,-5.562312683507116,61.48475752130355,-0.007872628947823979,1.2560026566024527,-0.0018144346232792617,0.012205692657117018
117,2,15.974883333333333,Forward,0.05941677468592221,382.233579052423,19925.0,19933.506161670593,ok,0.00048058114166545503,14532.81935815383,ok,-7.913835180770548,69.12942002750006,-0.011200860411385448,-5.003420364273552,61.48554855052133,-0.007081599730038184,1.2560026566024527,-0.002306352337462278,0.012205692657117018
118,2,16.109666666666666,Forward,0.059223244498273264,381.7612252298786,19925.0,19933.831894416653,ok,0.0004746988605729724,14532.587935120398,ok,-7.5881024347108905,69.12988105390971,-0.010739834001725469,-5.234843397705845,61.485221005527755,-0.00740914472361513,1.2560026566024527,-0.0014339285457128214,0.012205692657117018
119,2,16.244966666666667,Forward,0.05915420565506882,381.0259681518146,19940.0,19934.149535347133,ok,0.0004850989510789094,14533.266530057097,ok,-7.270461504231207,69.13033062755409,-0.010290260357344982,-4.5562484610072715,61.48618145605373,-0.0064486941976422615,1.2560026566024527,-0.0021906833134894797,0.012205692657117018
120,2,16.381083333333333,Forward,0.0589647863173485,381.3915378181373,19940.0,19934.466113771585,ok,0.0004803233710339286,14533.503964264482,ok,-6.953883079779189,69.13077869737872,-0.009842190532721956,-4.318814253621895,61.48651750897284,-0.006112641278537544,1.2560026566024527,-0.0021646968480209874,0.012205692657117018
121,2,16.516933333333334,Forward,0.05896998748996665,380.71323878794647,19940.0,19935.021701567184,ok,0.0004738777450149522,14534.15783121433,ok,-6.398295284179767,69.13156504953322,-0.00905583837821922,-3.66494730377417,61.48744296069954,-0.0051871895518376164,1.2560026566024527,-0.0025407145208106875,0.012205692657117018
122,2,16.652,Forward,0.05880676466154405,380.84691306632885,19940.0,19935.34367951991,ok,0.00047642052166200984,14534.349941290951,ok,-6.076317331455357,69.13202076158959,-0.008600126321848261,-3.4728372271529224,61.48771486403119,-0.004915286220178182,1.2560026566024527,-0.002426513771343037,0.012205692657117018
123,2,16.78705,Forward,0.058789255938407586,380.7370195670883,19940.0,19935.816097643117,ok,0.00048131591181714453,14534.346137707047,ok,-5.60389920824673,69.13268939940338,-0.007931488508070428,-3.476640811057223,61.48770948062209,-0.004920669629284121,1.2560026566024527,-0.0017511143814265655,0.012205692657117018
124,2,16.922616666666666,Forward,0.058775203251962616,379.91244786481184,19925.0,19935.90880646298,ok,0.00048142979883861235,14534.534617267116,ok,-5.511190388384421,69.1328206149931,-0.007800272918351652,-3.288161250988196,61.487976245495815,-0.004653904755552324,1.2560026566024527,-0.0019549561818031445,0.012205692657117018
125,2,17.05765,Forward,0.05864712649523335,380.60968152410715,19940.0,19936.158654787017,ok,0.00047721117091805294,14534.91542347281,ok,-5.261342064346536,69.13317423825383,-0.007446649657613682,-2.9073550452940253,61.488515220222524,-0.004114930028844099,1.2560026566024527,-0.002278286609652286,0.012205692657117018
126,2,17.192966666666667,Forward,0.058499959787342765,378.6790312729463,19925.0,19936.45528226395,ok,0.0004827726840856906,14535.274244197319,ok,-4.964714587415074,69.13359407047011,-0.007026817441324428,-2.5485343207856204,61.48902307776014,-0.0036070724912374706,1.2560026566024527,-0.0024963248097725375,0.012205692657117018
127,2,17.327766666666665,Forward,0.05846875052059969,379.81114806469486,19930.0,19936.595405248307,ok,0.0004771040198250865,14535.098918503925,ok,-4.824591603057343,69.13379239378017,-0.006828494131277317,-2.723860014179081,61.48877493023452,-0.0038552200168520123,1.2560026566024527,-0.001986327548324237,0.012205692657117018
128,2,17.462783333333334,Forward,0.058402187803204664,379.00181037380025,19925.0,19937.075108581237,ok,0.0004811405111972811,14535.530333322056,ok,-4.34488827012683,69.13447134272822,-0.006149545183226586,-2.292445196047993,61.48938553394902,-0.003244616302355767,1.2560026566024527,-0.002074298487812116,0.012205692657117018
129,2,17.5992,Forward,0.05822906247362894,378.1787104832183,19940.0,19937.39688844572,ok,0.00048285742604629606,14535.202610212282,ok,-4.023108405643143,69.13492677442005,-0.0056941134913922635,-2.620168305822517,61.488921690474605,-0.0037084597767673964,1.2560026566024527,-0.0010362781598690753,0.012205692657117018
130,2,17.734916666666667,Forward,0.058127976079592636,378.1797707765836,19940.0,19937.62296742038,ok,0.00047616112325801877,14535.389209074927,ok,-3.797029430985276,69.13524675569073,-0.00537413222071266,-2.4335694431774755,61.489185793499956,-0.0034443567514113775,1.2560026566024527,-0.0010480109906533764,0.012205692657117018
131,2,17.871066666666668,Forward,0.058155912702555934,377.71546707546804,19940.0,19937.704100924275,ok,0.0004836357782602114,14535.540281820598,ok,-3.71589592708915,69.13536158813683,-0.005259299774614304,-2.2824966975058487,61.489399614573756,-0.003230535677610866,1.2560026566024527,-0.0012017383812860521,0.012205692657117018
132,2,18.006633333333333,Forward,0.05808269319950424,377.9850766992895,19940.0,19938.21647531806,ok,0.00048077144865235584,14535.94400473753,ok,-3.20352153330532,69.13608677812778,-0.004534109783662013,-1.8787737805741926,61.489971024507646,-0.0026591257437248604,1.2560026566024527,-0.0011942407853036152,0.012205692657117018
133,2,18.14335,Forward,0.05797938201679903,377.6475253685385,19930.0,19938.580284038664,ok,0.00047605565071663316,14535.483251419157,ok,-2.8397128126998723,69.13660169543435,-0.0040191924770888445,-2.3395270989476558,61.48931889649572,-0.003311253755655645,1.2560026566024527,0.0001397510366994946,0.012205692657117018
134,2,18.27865,Forward,0.05779614170691044,378.1095809905164,19940.0,19938.80335696374,ok,0.00048283367571544665,14537.053210878545,ok,-2.6166398876230232,69.13691742208752,-0.003703465823921177,-0.769567639559682,61.4915409413519,-0.0010892088994691575,1.2560026566024527,-0.002335416552592881,0.012205692657117018
135,2,18.41395,Forward,0.05785041430799978,377.2258581091846,19940.0,19939.03751009887,ok,0.00047876039961683095,14536.095905770066,ok,-2.382486752492696,69.1372488311353,-0.0033720567761492586,-1.7268727480386588,61.49018601789871,-0.0024441323526683927,1.2560026566024527,-0.00030222004810975464,0.012205692657117018
136,2,18.549266666666668,Forward,0.05767179212565432,377.57104176448775,19935.0,19939.355864443798,ok,0.0004767691283582314,14537.074615985548,ok,-2.0641324075659213,69.13769941451206,-0.002921473399388099,-0.7481625325563073,61.491571237107394,-0.0010589131439777946,1.2560026566024527,-0.0015914756774407335,0.012205692657117018
137,2,18.684833333333334,Forward,0.057711389732929,376.777386858299,19940.0,19939.71584107216,ok,0.00047997761986916384,14537.203921967128,ok,-1.7041557792035746,69.1382089080602,-0.002411979851247862,-0.6188565509764885,61.49175425055371,-0.000875899697658875,1.2560026566024527,-0.0013118475040710298,0.012205692657117018
138,2,18.819816666666668,Forward,0.057521974896245914,376.59504409358124,19940.0,19940.03648620112,ok,0.00047735184172555204,14536.585742963487,ok,-1.383510650244716,69.13866273370212,-0.001958154209315657,-1.2370355546172505,61.49087930982385,-0.0017508404275156382,1.2560026566024527,0.00024090601893095873,0.012205692657117018
139,2,18.954816666666666,Forward,0.0575672813824237,376.93738275239593,19940.0,19940.190779054996,ok,0.0004809114493460961,14537.678900677794,ok,-1.2292177963681752,69.13888111236169,-0.0017397755497569225,-0.1438778403098695,61.49242651249941,-0.00020363775196105893,1.2560026566024527,-0.0014840059923092812,0.012205692657117018
140,2,19.089866666666666,Forward,0.05748283299463644,375.84815527206956,19930.0,19940.55923953817,ok,0.0004888218981114128,14537.677982470548,ok,-0.8607573131957906,69.13940261354851,-0.0012182743629298707,-0.14479604755615583,61.49242521291319,-0.00020493733818688356,1.2560026566024527,-0.0009608725217301096,0.012205692657117018
141,2,19.226266666666668,Forward,0.057286308720906814,375.7702972331426,19940.0,19940.912019013886,ok,0.0004771635014059518,14538.16837901374,ok,-0.5079778374783928,69.13990192059411,-0.0007189673173252671,0.3456004956351535,61.493119296515005,0.0004891462636372558,1.2560026566024527,-0.001333336323920824,0.012205692657117018
142,2,19.362116666666665,Forward,0.057258351059004425,374.63660722949135,19940.0,19941.678561012166,ok,0.00047213986783163224,14537.866070849583,ok,0.25856416080205236,69.14098684714693,0.000365959235487745,0.043292331478369306,61.492691424128154,6.127387678617644e-05,1.2560026566024527,0.00028899908346397604,0.012205692657117018
143,2,19.49876666666667,Forward,0.05709839939837205,375.0111505132445,19940.0,19941.95246166844,ok,0.00048253642879535143,14538.320655952164,ok,0.532464817075379,69.141374512918,0.0007536250065615472,0.4978774340597738,61.493334821945126,0.0007046716937487832,1.2560026566024527,-0.00013144451281947448,0.012205692657117018
144,2,19.634833333333333,Forward,0.056923130128304106,374.0782928727458,19940.0,19942.27890697548,ok,0.00047764157512748476,14539.490439829175,ok,0.8589101241159369,69.14183654785208,0.0012156599406473406,1.6676613110703329,61.49499047759356,0.002360327342191135,1.2560026566024527,-0.0017489174715961313,0.012205692657117018
145,2,19.771466666666665,Forward,0.0569628290917282,373.74481225795535,19940.0,19942.811472012036,ok,0.0004801218197727592,14538.395188122084,ok,1.391475160671689,69.14259031470446,0.0019694267930250465,0.5724096039793949,61.49344031118167,0.0008101609303019828,1.2560026566024527,0.0009518625122902416,0.012205692657117018
146,2,19.908383333333333,Forward,0.05690770775771367,373.07761016369113,19940.0,19942.963904877604,ok,0.0004832615054696076,14539.467625528187,ok,1.5439080262403877,69.14280606082633,0.0021851729148916173,1.6448470100822306,61.49495818733291,0.0023280370815382478,1.2560026566024527,-0.0007388478441894427,0.012205692657117018
147,2,20.0453,Forward,0.0567923479364284,373.86807992112153,19955.0,19943.236480249132,ok,0.00047966278646814696,14538.85981540863,ok,1.8164833977680246,69.14319185085333,0.0025709629418915626,1.0370368905259966,61.49409792222121,0.0014677719698362372,1.2560026566024527,0.0007274374484906336,0.012205692657117018
148,2,20.18113333333333,Forward,0.05666145105091408,373.4616026434378,19940.0,19943.593126429023,ok,0.00047347345985749233,14538.92321245882,ok,2.173129577658983,69.14369663064542,0.0030757427339851776,1.1004339407154475,61.49418765134665,0.0015575010952786118,1.2560026566024527,0.0011195172206540116,0.012205692657117018
149,2,20.316716666666668,Forward,0.056704571382325986,373.1763747988043,19940.0,19943.834343981296,ok,0.0004778122260630059,14539.378270571247,ok,2.414347129932139,69.1440380383283,0.003417150416868538,1.555492053143098,61.49483171863892,0.002201568387551228,1.2560026566024527,0.0006519746734122171,0.012205692657117018
150,2,20.451233333333334,Forward,0.056588616990582485,373.2097992698,19940.0,19944.05331238572,ok,0.00048510467189088834,14540.455284066802,ok,2.6333155343563703,69.14434795564102,0.003727067729579213,2.6325055486977362,61.49635607156634,0.003725921314966027,1.2560026566024527,-0.0009526993403098202,0.012205692657117018
151,2,20.5868,Forward,0.05644922790456344,373.0756202467528,19925.0,19944.443359177865,ok,0.0004805035431259181,14540.064246774533,ok,3.0233623265012284,69.14490000904786,0.0042791211364203,2.2414682564285613,61.49580261625342,0.003172466002048239,1.2560026566024527,0.00029449540986674957,0.012205692657117018
152,2,20.722383333333333,Forward,0.056409549488082134,372.4416416542481,19940.0,19944.607150253763,ok,0.0004783851280521829,14540.105100744346,ok,3.1871534023994172,69.1451318310325,0.0045109431210661344,2.2823222262413765,61.495860438990775,0.0032302887394027135,1.2560026566024527,0.0004536918827833386,0.012205692657117018
153,2,20.8585,Forward,0.056197145993352654,372.06584682865287,19940.0,19945.06727872293,ok,0.0004857331477979939,14540.439998743092,ok,3.64728187156652,69.14578307466303,0.005162186751584022,2.61722022498725,61.496334437456795,0.0037042872054207573,1.2560026566024527,0.0005095921807570748,0.012205692657117018
154,2,20.993033333333333,Forward,0.056179781629782016,371.24355563294375,19940.0,19945.470207256083,ok,0.0004779828962735971,14540.013940738558,ok,4.05021040471911,69.14635336026444,0.00573247235300427,2.191162220453407,61.49573141551775,0.0031012652663825542,1.2560026566024527,0.0018372749395988686,0.012205692657117018
155,2,21.128083333333333,Forward,0.056038201050104514,372.3002481786789,19955.0,19945.641344353353,ok,0.00048690159950494935,14541.218962911593,ok,4.22134750198893,69.14659557945323,0.005974691541797422,3.396184393488511,61.49743694574987,0.004806795498498959,1.2560026566024527,-6.265637406198139e-05,0.012205692657117018
156,2,21.263666666666666,Forward,0.055981415710872506,370.98082173213334,19940.0,19945.918536927416,ok,0.0004792211375842494,14540.994810965596,ok,4.49854007605245,69.1469879044459,0.0063670165344510855,3.1720324474918016,61.49711969190257,0.004489541651192388,1.2560026566024527,0.0007281402936260839,0.012205692657117018
157,2,21.39975,Forward,0.05588468315944986,370.6847742829341,19945.0,19946.26530399993,ok,0.00047004547956594505,14541.285675067475,ok,4.845307148567372,69.14747870182615,0.00685781391470765,3.462896549370271,61.497531366915936,0.004901216664558855,1.2560026566024527,0.0007018727634375155,0.012205692657117018
158,2,21.534783333333333,Forward,0.05594822396617036,370.8419557572197,19955.0,19946.89522687378,ok,0.0004766243053738854,14541.757508377948,ok,5.475230022417236,69.14837026426316,0.007749376351726221,3.934729859844083,61.49819917701399,0.005569026762613548,1.2560026566024527,0.0007546639431934479,0.012205692657117018
159,2,21.66955,Forward,0.05581344384973996,370.25012775785217,19925.0,19946.990773685764,ok,0.00048070552785966765,14541.919338646967,ok,5.5707768344000215,69.14850549660997,0.007884608698537349,4.09656012886262,61.4984282237672,0.005798073515825952,1.2560026566024527,0.0006022129594836301,0.012205692657117018
160,2,21.8054,Forward,0.05564711554430721,369.6556896093316,19940.0,19947.1056801129,ok,0.0004708028952090682,14541.60617742873,ok,5.685683261537633,69.14866812962183,0.008047241710388136,3.7833989106256922,61.49798499049135,0.005354840239973255,1.2560026566024527,0.0013215481433000113,0.012205692657117018
161,2,21.9402,Forward,0.055636535573721946,370.08811056573177,19940.0,19947.441678290797,ok,0.0004813565428648053,14541.255544219941,ok,6.021681439433451,69.14914368522832,0.008522797316882895,3.4327657018366153,61.49748872116838,0.004858570917005094,1.2560026566024527,0.0024204193378330827,0.012205692657117018
162,2,22.0747,Forward,0.05553865163358923,369.7643861568249,19940.0,19947.850050121433,ok,0.00047988266137998496,14542.478574038041,ok,6.430053270069038,69.14972167501031,0.009100787098879567,4.6557955199368735,61.49921973855231,0.0065895883009392,1.2560026566024527,0.0008242466869834882,0.012205692657117018
163,2,22.209483333333335,Forward,0.05542310768870448,369.203309022545,19940.0,19947.93609359756,ok,0.00047562756474443514,14541.996346115808,ok,6.516096746196126,69.14984345679417,0.009222568882729662,4.173567597703368,61.49853721642239,0.005907066171019883,1.2560026566024527,0.001803278079202211,0.012205692657117018
164,2,22.344533333333334,Forward,0.05544519338704362,369.3416228694041,19955.0,19948.35061428819,ok,0.0004756623558525725,14541.801039874525,ok,6.930617436824832,69.15043014937586,0.009809261464430757,3.978261356420262,61.49826078939351,0.005630639142137607,1.2560026566024527,0.0027371637435361675,0.012205692657117018
165,2,22.4801,Forward,0.055261429714664745,369.3505981060007,19940.0,19948.729859319457,ok,0.0004768524300617082,14542.17686303134,ok,7.309862468093343,69.15096691449163,0.010346026580195589,4.354084513235648,61.4987927113533,0.006162561101933274,1.2560026566024527,0.002605833464692459,0.012205692657117018
166,2,22.6156,Forward,0.055292646512364096,368.388996861373,19940.0,19948.931046465503,ok,0.00048286533392924636,14541.921445363152,ok,7.511049614138756,69.15125166506932,0.010630777157879502,4.098666845047774,61.49843120551162,0.005801055260249142,1.2560026566024527,0.003344636339908947,0.012205692657117018
167,2,22.751166666666666,Forward,0.055175768852661844,367.8496678247466,19940.0,19949.161105850395,ok,0.00048369105304715707,14543.62935318337,ok,7.741108999030985,69.15157728002056,0.010956392109119382,5.806574665266453,61.50084849582066,0.008218345569284916,1.2560026566024527,0.0006341282412205308,0.012205692657117018
168,2,22.886466666666667,Forward,0.05506508925764578,368.2288496281726,19955.0,19949.699722039953,ok,0.0004785958793935997,14542.476253835388,ok,8.27972518858951,69.15233961138289,0.011718723471442493,4.6534753172836645,61.49921645464944,0.006586304398071489,1.2560026566024527,0.003446307650272285,0.012205692657117018
169,2,23.022666666666666,Forward,0.05506182701886117,368.48962409263186,19940.0,19949.72803041598,ok,0.00048238476211793526,14543.331925527002,ok,8.30803356461547,69.15237967769221,0.011758789780772544,5.509147008897344,61.50042753106901,0.007797380817634436,1.2560026566024527,0.001965258759282688,0.012205692657117018
170,2,23.15825,Forward,0.0549164421517844,368.13372990424614,19940.0,19950.076033406833,ok,0.0004751365803735436,14542.629849693374,ok,8.656036555468745,69.15287222433165,0.012251336420202638,4.807071175269812,61.499433846814654,0.006803696563282379,1.2560026566024527,0.0037058754620029923,0.012205692657117018
171,2,23.293533333333333,Forward,0.05487322832155336,368.3052976271174,19940.0,19950.43715705749,ok,0.0004763900928867182,14543.569815587969,ok,9.0171602061273,69.1533833413198,0.012762453408348272,5.747037069864746,61.50076422918127,0.008134078929900706,1.2560026566024527,0.0025460286633789495,0.012205692657117018
172,2,23.427516666666666,Forward,0.0549035004421394,367.4970717191718,19940.0,19950.574979065677,ok,0.0004820517221534444,14543.78939534978,ok,9.15498221431335,69.15357840793921,0.0129575200277618,5.96661683167622,61.501075011779726,0.008444861528354584,1.2560026566024527,0.002350751513508593,0.012205692657117018
173,2,23.5634,Forward,0.05480390332149587,367.2499626081044,19940.0,19950.902932605215,ok,0.00047079564099898976,14544.327837187948,ok,9.482935753851052,69.15404257755279,0.013421689641340221,6.505058669843493,61.50183709637351,0.009206946122132314,1.2560026566024527,0.0018577408527463857,0.012205692657117018
174,2,23.698166666666665,Forward,0.054683888209882486,367.13469201429325,19940.0,19951.22846423897,ok,0.00047997835926295743,14543.453469871616,ok,9.80846738760738,69.1545033193178,0.013882431406351285,5.630691353511793,61.500599559068924,0.007969408817551312,1.2560026566024527,0.0038728327599558254,0.012205692657117018
175,2,23.83295,Forward,0.05465288008202371,366.53774001869533,19940.0,19951.355211782466,ok,0.0004836085737357426,14544.468179529793,ok,9.935214931101655,69.15468271167431,0.014061823762868263,6.645401011688591,61.502035730151555,0.009405579900181356,1.2560026566024527,0.002248390421353849,0.012205692657117018
176,2,23.96825,Forward,0.054572387083014845,366.00433526006964,19940.0,19951.610846549753,ok,0.0004834106433273517,14544.51422478878,ok,10.190849698388774,69.15504452478758,0.014423636876140762,6.691446270675442,61.50210090038908,0.00947075013771309,1.2560026566024527,0.0025283495431550774,0.012205692657117018
177,2,24.1033,Forward,0.05447026447128972,367.1282077708602,19940.0,19951.996793671773,ok,0.00048222025453043763,14543.94141425359,ok,10.576796820409072,69.15559077571916,0.014969887807728195,6.118635735485441,61.5012901720001,0.008660021748723632,1.2560026566024527,0.004092877485096295,0.012205692657117018
178,2,24.23755,Forward,0.05446307589587612,366.5249043611657,19955.0,19952.263246992854,ok,0.0004859698862116046,14545.095214606139,ok,10.843250141489989,69.1559679008914,0.01534701297996192,7.272436088034738,61.50292320533934,0.010293055087971629,1.2560026566024527,0.002418908444914162,0.012205692657117018
179,2,24.373116666666668,Forward,0.05440195347113877,364.9400414723241,19955.0,19952.274800006406,ok,0.00048078414466481945,14545.28507161586,ok,10.854803155041736,69.15598425246927,0.015363364557821212,7.462293097754809,61.50319191978884,0.010561769537466964,1.2560026566024527,0.0020977539603398484,0.012205692657117018
180,2,24.508166666666668,Forward,0.05432497400908515,365.50953744843355,19955.0,19952.667438386,ok,0.0004843315365226246,14544.392867670176,ok,11.247441534636891,69.15653997388392,0.015919085972475402,6.570089152071887,61.50192913737983,0.009298987128456936,1.2560026566024527,0.004239533435421477,0.012205692657117018
181,2,24.643483333333332,Forward,0.054142095399432155,365.1186335022794,19945.0,19952.931712426125,ok,0.00048202736749206607,14545.34369188495,ok,11.511715574761183,69.15691401460705,0.016293126695610206,7.5209133668449795,61.503274888088825,0.01064473783745788,1.2560026566024527,0.002923307692926461,0.012205692657117018
182,2,24.779183333333332,Forward,0.054151614674284976,365.1688251193882,19940.0,19953.30653962298,ok,0.00048629402100179835,14544.925134194391,ok,11.886542771615495,69.15744452693318,0.016823639021739705,7.1023556762866065,61.50268248173224,0.010052331480872662,1.2560026566024527,0.0041978839767151735,0.012205692657117018
183,2,24.914466666666666,Forward,0.053987712705590635,364.8931699858149,19955.0,19953.48015770232,ok,0.0004850403025051721,14545.917587269467,ok,12.06016085095689,69.15769025758428,0.017069369672830476,8.094808751362507,61.504087151921205,0.011457001669833187,1.2560026566024527,0.0026793451388212562,0.012205692657117018
184,2,25.049783333333334,Forward,0.053934289275839264,365.11486224954206,19940.0,19953.703685824315,ok,0.0004819275244717805,14545.416056063048,ok,12.283688972951495,69.1580066285012,0.01738574058974878,7.593277544943703,61.50337730885438,0.010747158603010079,1.2560026566024527,0.003887280833440218,0.012205692657117018
185,2,25.184316666666668,Forward,0.05383808265405696,364.518310555035,19955.0,19954.29824209699,ok,0.0004809254108279341,14545.479549664306,ok,12.878245245625294,69.15884813475762,0.018227246846173547,7.6567711462012085,61.50346717463354,0.010837024382174846,1.2560026566024527,0.004615915432496386,0.012205692657117018
186,2,25.318833333333334,Forward,0.053875646265006766,363.75092743417554,19940.0,19954.03817234929,ok,0.0004834138042682943,14545.271229988,ok,12.618175497926131,69.1584800445871,0.017859156675647792,7.448451469896099,61.503172329016735,0.010542178765360857,1.2560026566024527,0.0046181521399765914,0.012205692657117018
187,2,25.453616666666665,Forward,0.05392687651564626,364.4556531450253,19955.0,19954.41063302977,ok,0.0004777623608855353,14546.4123924791,ok,12.990636178405111,69.15900720746015,0.01838631954870228,8.589613960995848,61.504787475336755,0.012157325085387279,1.2560026566024527,0.0031166869442762167,0.012205692657117018
188,2,25.588183333333333,Forward,0.05369174549122818,363.19448155410646,19955.0,19954.647589002037,ok,0.00047885933569848154,14546.352653959548,ok,13.227592150673445,69.15934258350833,0.018721695596900862,8.529875441443437,61.50470292431903,0.0120727740676563,1.2560026566024527,0.0035582592953633495,0.012205692657117018
189,2,25.72375,Forward,0.05365450961814211,363.2848921773366,19955.0,19955.030475489602,ok,0.0004807503275053806,14546.112917048049,ok,13.610478638238419,69.15988450256562,0.019263614654179407,8.29013852994467,61.504363612263646,0.011733462012272693,1.2560026566024527,0.004526355195620944,0.012205692657117018
190,2,25.8596,Forward,0.053506894652731396,363.10292841784394,19955.0,19955.12657822696,ok,0.0004896954448652309,14545.922897814273,ok,13.706581375594396,69.16002052174238,0.01939963383093607,8.100119296168486,61.504094668210044,0.011464517958676897,1.2560026566024527,0.005000168818171358,0.012205692657117018
191,2,25.994366666666668,Forward,0.05356425749355309,362.9947069968439,19940.0,19955.505290878496,ok,0.0004839521708425222,14545.90637443704,ok,14.085294027132477,69.16055653335357,0.019935645442121872,8.083595918935316,61.50407128181929,0.011441131567921235,1.2560026566024527,0.005565553798274617,0.012205692657117018
192,2,26.129133333333332,Forward,0.05349382049373266,362.640330568076,19955.0,19955.64592447698,ok,0.00048495278271040634,14545.91676235496,ok,14.22592762561544,69.1607555793622,0.020134691450760772,8.093983836855841,61.50408598437702,0.011455834125648929,1.2560026566024527,0.0057461333553486815,0.012205692657117018
193,2,26.26418333333333,Forward,0.05345005187169058,362.1888555461992,19950.0,19955.922753525523,ok,0.00048419270448334697,14546.838943290611,ok,14.502756674159173,69.16114738983838,0.020526501926936634,9.016164772507182,61.50539119477101,0.012761044519639692,1.2560026566024527,0.004498596109247011,0.012205692657117018
194,2,26.400616666666668,Forward,0.05348115513998064,362.5250086314045,19940.0,19955.927575403726,ok,0.0004786928328328659,14546.255495621199,ok,14.507578552362247,69.16115421449209,0.02053332658065252,8.432717103094546,61.50456541109557,0.01193526084419514,1.2560026566024527,0.005542607253100192,0.012205692657117018
195,2,26.53595,Forward,0.05337147871120576,362.7326958988233,19940.0,19956.257236997822,ok,0.00047994940108105196,14546.704114800106,ok,14.837240146458498,69.16162080160368,0.020999913692226327,8.88133628200194,61.50520036503207,0.012570214780691301,1.2560026566024527,0.005211690533614637,0.012205692657117018
196,2,26.67043333333333,Forward,0.053292970601425904,362.39957842402146,19955.0,19956.50404485343,ok,0.0004725420454589484,14547.359001955632,ok,15.084048002066993,69.16197012153211,0.02134923362067535,9.536223437527951,61.50612726070865,0.013497110457275498,1.2560026566024527,0.00439682702988058,0.012205692657117018
197,2,26.804933333333334,Forward,0.05329163260964878,361.974911428566,19955.0,19956.54799067159,ok,0.00047867785671999074,14546.868498943248,ok,15.12799382022422,69.16203232032241,0.021411432410971015,9.045720425143372,61.50543302641546,0.012802876164093162,1.2560026566024527,0.005330985936717783,0.012205692657117018
198,2,26.939983333333334,Forward,0.05313875568813192,361.88047424378965,19955.0,19956.851997911384,ok,0.0004854126866472414,14547.3215108667,ok,15.432001060020411,69.16246259749893,0.02184170958748863,9.498732348594785,61.50607419763061,0.013444047379233185,1.2560026566024527,0.004955950363682508,0.012205692657117018
199,2,27.075566666666667,Forward,0.053089948983003094,361.1302975608305,19955.0,19957.112553680647,ok,0.00048574017972150663,14547.407493508445,ok,15.692556829282694,69.16283137556093,0.022210487649480547,9.584714990340217,61.50619589331241,0.013565743061035212,1.2560026566024527,0.005171878326034031,0.012205692657117018
200,2,27.210883333333335,Forward,0.05303045619679736,361.6500483865493,19955.0,19957.352924799317,ok,0.0004859050501369431,14547.430664475138,ok,15.93292794795343,69.16317158524254,0.02255069733108998,9.607885957033432,61.50622868838049,0.013598538129115248,1.2560026566024527,0.005470897315011481,0.012205692657117018
201,2,27.346466666666668,Forward,0.05298038509964445,360.85677976901934,19955.0,19957.348894728926,ok,0.0004837447777130103,14547.258547472395,ok,15.928897877562122,69.16316588127538,0.022544993363940048,9.435768954290324,61.50598508228077,0.01335493202940319,1.2560026566024527,0.005771163256264457,0.012205692657117018
202,2,27.4815,Forward,0.05296146076619457,361.5559451040899,19940.0,19957.799817447176,ok,0.0004785808669874336,14548.194893908658,ok,16.379820595811907,69.1638040955303,0.02318320761885792,10.372115390553517,61.507310341840736,0.014680191589365503,1.2560026566024527,0.004744847983181866,0.012205692657117018
203,2,27.617866666666668,Forward,0.05293064513074691,361.1631015924104,19955.0,19957.787254539882,ok,0.00047374582392811196,14547.861241377857,ok,16.367257688518293,69.16378631459757,0.02316542668613154,10.038462859753054,61.50683810614994,0.014207955898573975,1.2560026566024527,0.00532019633263214,0.012205692657117018
204,2,27.753183333333332,Forward,0.05285066330148333,360.8334438132588,19940.0,19957.870688680978,ok,0.0004870756201990478,14547.836550384985,ok,16.45069182961379,69.16390440325453,0.023283515343098426,10.013771866881143,61.50680315971017,0.014173009458793578,1.2560026566024527,0.005482177810802003,0.012205692657117018
205,2,27.888233333333332,Forward,0.05284713799071111,360.72401552120573,19950.0,19958.171214906924,ok,0.0004884912965417158,14548.029929957767,ok,16.751218055560457,69.16432975357205,0.023708865660599144,10.207151439662994,61.50707685982543,0.014446709574055767,1.2560026566024527,0.005563760056421015,0.012205692657117018
206,2,28.02355,Forward,0.05268433746090445,360.12476857429283,19965.0,19958.43757330906,ok,0.0004772096773362917,14547.310191390892,ok,17.017576457696123,69.16470674440058,0.024085856489138333,9.4874128727879,61.5060581765908,0.013428026339427976,1.2560026566024527,0.007220219733889088,0.012205692657117018
207,2,28.159666666666666,Forward,0.05277312733780917,360.87350563962536,19940.0,19958.443943925246,ok,0.00047031315882352734,14547.771259438037,ok,17.023947073881573,69.16471576106329,0.02409487315185594,9.94848091993299,61.50671075005465,0.014080599803274037,1.2560026566024527,0.006409602392387779,0.012205692657117018
208,2,28.29446666666667,Forward,0.05267756402823698,360.4624749687355,19955.0,19958.793290108595,ok,0.0004765881325948608,14548.786575442684,ok,17.373293257231126,69.16521020879256,0.024589320881125885,10.963796924579583,61.50814777933081,0.015517629079436542,1.2560026566024527,0.005099137533182117,0.012205692657117018
209,2,28.429783333333333,Forward,0.05256691147841444,359.5940404933317,19955.0,19958.81829343774,ok,0.00048409765231522756,14548.43355553395,ok,17.39829658637609,69.16524559729804,0.024624709386594532,10.610777015845088,61.507648131987914,0.015017981736542282,1.2560026566024527,0.00576208442869031,0.012205692657117018
210,2,28.565616666666667,Forward,0.0525546716675325,360.2287595643684,19940.0,19958.88586018777,ok,0.0004821908811275671,14547.584426446521,ok,17.465863336405164,69.16534122801541,0.024720340103969788,9.761647928417005,61.506446315654586,0.013816165403212606,1.2560026566024527,0.007367199653475858,0.012205692657117018
211,2,28.700666666666667,Forward,0.05259933576216694,359.9702068651568,19955.0,19959.05325500189,ok,0.00048742757561397247,14548.82283450488,ok,17.63325815052667,69.16557815055722,0.024957262645788795,11.000055986774896,61.508199098657656,0.015568948406288873,1.2560026566024527,0.0054026220869834475,0.012205692657117018
212,2,28.835716666666666,Forward,0.05249780629362305,360.5603850155421,19950.0,19959.137337425243,ok,0.0004816030879066785,14548.283012931179,ok,17.717340573879483,69.16569715676162,0.025076268850178073,10.460234413074431,61.50743506125279,0.014804911001420328,1.2560026566024527,0.006481261301631264,0.012205692657117018
213,2,28.970233333333333,Forward,0.05252268347291161,359.253101375798,19940.0,19959.581882956918,ok,0.0004760982559631741,14548.781457985011,ok,18.161886105554004,69.16632634505442,0.02570545714296567,10.958679466906688,61.50814053632817,0.015510386076803058,1.2560026566024527,0.006224371025571336,0.012205692657117018
214,2,29.10555,Forward,0.0524493423541717,359.83453498806557,19940.0,19959.507092726588,ok,0.0004802621856234545,14548.722895012806,ok,18.087095875223895,69.1662204905716,0.025599602660160866,10.90011649470216,61.50805764912343,0.015427498872059063,1.2560026566024527,0.00622262309212334,0.012205692657117018
215,2,29.24085,Forward,0.05248729796454746,359.6591286751391,19955.0,19959.362905392445,ok,0.00047719197396499353,14548.541597042618,ok,17.942908541081124,69.166016414777,0.02539552686556418,10.718818524514063,61.507801048725455,0.01517089847407773,1.2560026566024527,0.006340838079076455,0.012205692657117018
216,2,29.37615,Forward,0.052436056782817486,360.1569277303788,19940.0,19959.533804229264,ok,0.00048501454048812103,14548.502420128365,ok,18.11380737790023,69.16625829674345,0.025637408832013292,10.67964161026066,61.5077455996116,0.015115449360231204,1.2560026566024527,0.0066523642798230545,0.012205692657117018
217,2,29.511466666666667,Forward,0.052529898572294675,360.22456185899136,19955.0,19959.496599461396,ok,0.0004807244426277984,14548.497335939224,ok,18.07660261003184,69.16620563891043,0.02558475099898887,10.674557421119971,61.50773840369564,0.015108253444272744,1.2560026566024527,0.006608744536359148,0.012205692657117018
218,2,29.64625,Forward,0.0525648970742669,359.9357746721471,19955.0,19959.157837480754,ok,0.00047643361354820135,14548.25360793626,ok,17.73784062939012,69.1657261715509,0.02510528363946232,10.430829418155554,61.507393442842,0.014763292590629546,1.2560026566024527,0.006562548925432302,0.012205692657117018
219,2,29.781833333333335,Forward,0.05251514705110441,360.1933095102031,19955.0,19959.10187200284,ok,0.00048059885674088033,14548.064017239267,ok,17.68187515147656,69.16564696071423,0.025026072802788662,10.241238721162517,61.50712510531869,0.014494955067316417,1.2560026566024527,0.006820370730906061,0.012205692657117018
220,2,29.9169,Forward,0.0526533862390165,360.94847190375003,19965.0,19958.942742335883,ok,0.00048163445978924427,14547.624178863705,ok,17.522745484518964,69.16542173626286,0.024800848351408472,9.801400345600996,61.50650257930751,0.013872429056134637,1.2560026566024527,0.007377040603374314,0.012205692657117018
221,2,30.051933333333334,Forward,0.052774018952369606,360.16622406256283,19955.0,19958.559294754155,ok,0.000482139020763827,14547.832251610902,ok,17.13929790279144,69.16487902305997,0.02425813514852937,10.009473092797634,61.50679707543277,0.014166925181404727,1.2560026566024527,0.006464439484796847,0.012205692657117018
222,2,30.18723333333333,Forward,0.052851409250982306,360.8933770452568,19955.0,19958.02181708672,ok,0.0004775906901164138,14547.553418722084,ok,16.601820235355262,69.16411830310692,0.02349741519547577,9.73064020397942,61.50640242881778,0.013772278566405083,1.2560026566024527,0.00619939672860197,0.012205692657117018
223,2,30.321483333333333,Forward,0.052899972729605865,361.81391001135853,19955.0,19957.344721493682,ok,0.00047902066743933213,14547.501395264699,ok,15.924724642318324,69.16315997467962,0.022539086768166707,9.678616746594344,61.50632879732673,0.0136986470753546,1.2560026566024527,0.005333549649661911,0.012205692657117018
224,2,30.45705,Forward,0.05314146574122569,362.06202164365095,19940.0,19956.62245263994,ok,0.0004858997870652382,14547.12266926829,ok,15.202455788574298,69.16213771019905,0.02151682228761045,9.299890750186023,61.50579276682785,0.013162616576483455,1.2560026566024527,0.004984540899707752,0.012205692657117018
225,2,30.591316666666668,Forward,0.053489037445067,362.99778531284755,19940.0,19955.52483582098,ok,0.0004738573546804935,14546.047016925011,ok,14.10483896961523,69.16058419632196,0.019963308410518004,8.224238406906807,61.50427034040969,0.011640190158313211,1.2560026566024527,0.005343198648318887,0.012205692657117018
226,2,30.726933333333335,Forward,0.053718712101694294,364.1440954692371,19955.0,19954.44099641932,ok,0.0004818547319066141,14545.925699125388,ok,13.020999567954277,69.15905018233644,0.01842929442500285,8.102920607283522,61.50409863305062,0.01146848279924429,1.2560026566024527,0.00402484956195249,0.012205692657117018
227,2,30.8625,Forward,0.05398188094447359,364.87216313321915,19940.0,19953.18309288297,ok,0.0004790618915726377,14545.639381023018,ok,11.763096031605528,69.15726980637463,0.016648918463185235,7.816602504914044,61.50369339222557,0.011063241974203372,1.2560026566024527,0.002753457152950037,0.012205692657117018
228,2,30.998066666666666,Forward,0.05441672564643946,365.7507169300043,19940.0,19951.799242800156,ok,0.0004847109881270273,14544.231550915574,ok,10.379245948792232,69.15531117174883,0.014690283837392244,6.408772397469875,61.50170081743014,0.009070667178768657,1.2560026566024527,0.003297501763702136,0.012205692657117018
229,2,31.132316666666668,Forward,0.05492486206290309,367.8831115477369,19955.0,19950.034254217735,ok,0.0004853506572340577,14543.886619792027,ok,8.614257366371021,69.15281309208356,0.012192204172121256,6.063841273922662,61.50121261856346,0.008582468312082316,1.2560026566024527,0.0014126011719395003,0.012205692657117018
230,2,31.2669,Forward,0.055544887927864495,369.48489390659597,19940.0,19948.110820852857,ok,0.00048000530556840325,14542.281834593143,ok,6.690824001492729,69.15009075731939,0.009469869407941157,4.459056075038461,61.498941283036196,0.006311132784822928,1.2560026566024527,0.001543069864032725,0.012205692657117018
231,2,31.40245,Forward,0.05618949468305667,372.01522049785126,19940.0,19945.459144837467,ok,0.0004752939298179653,14539.455226899612,ok,4.039147986102762,69.14633770305099,0.005716815139541561,1.6324483815078565,61.494940638912354,0.0023104886609833664,1.2560026566024527,0.002814835243296609,0.012205692657117018
232,2,31.537483333333334,Forward,0.05685412813125304,373.53811222582954,19940.0,19942.596235700403,ok,0.0004788241611030465,14538.073453883246,ok,1.176238849038782,69.14228567961578,0.0016647917043490004,0.25067536514143285,61.49298494406618,0.0003547938148048317,1.2560026566024527,0.0012191697304080131,0.012205692657117018
233,2,31.67255,Forward,0.05753299280703866,376.7361026509643,19940.0,19939.78364653235,ok,0.00047904101524792107,14536.423236102237,ok,-1.6363503190150368,69.13830487663641,-0.002316011275032503,-1.3995424158674723,61.49064930545465,-0.001980844796721984,1.2560026566024527,0.000171935051967454,0.012205692657117018
234,2,31.80785,Forward,0.05837282526235782,380.12156931680147,19930.0,19936.85866680522,ok,0.00048553257385111577,14534.504177565055,ok,-4.561330046144576,69.13416500148342,-0.006455886428019995,-3.318600953049099,61.487933162610474,-0.004696987640899343,1.2560026566024527,-0.000556457473021534,0.012205692657117018
235,2,31.942633333333333,Forward,0.05930072014122861,382.17151306546657,19940.0,19933.301355167354,ok,0.0004748524773324689,14532.233577345525,ok,-8.118641684010072,69.12913015425886,-0.011490733652580057,-5.5892011725791235,61.48471946463369,-0.007910685617679882,1.2560026566024527,-0.0015548915012273106,0.012205692657117018
236,2,32.077416666666664,Forward,0.06039420270031198,385.3104205811542,19925.0,19929.57243539109,ok,0.00047380758847637535,14529.709736705929,ok,-11.847561460275756,69.12385242115663,-0.016768466754817832,-8.113041812175652,61.481147342387146,-0.011482807864222549,1.2560026566024527,-0.002346029572098776,0.012205692657117018
237,2,32.21191666666667,Forward,0.061427614625741034,389.1900594035542,19900.0,19925.47167000519,ok,0.0004745167705983733,14526.741652468474,ok,-15.948326846173586,69.11804839572292,-0.02257249218851539,-11.081126049630257,61.47694645919037,-0.01568369106099965,1.2560026566024527,-0.0028737345505676914,0.012205692657117018
238,2,32.34748333333334,Forward,0.06258093317999167,392.2824251162383,19925.0,19921.082404747616,ok,0.00048563316655879087,14524.741736681051,ok,-20.33759210374774,69.1118360414932,-0.028784846418243606,-13.081041837052908,61.474115874896185,-0.018514275355183296,1.2560026566024527,-0.005530867387064067,0.012205692657117018
239,2,32.4828,Forward,0.06383027309255213,396.89718554412684,19915.0,19916.74117557179,ok,0.0004843444902423835,14521.835884710534,ok,-24.67882127957273,69.10569167521547,-0.03492921269597484,-15.986893807570596,61.47000307224685,-0.022627078004523897,1.2560026566024527,-0.006509542611141901,0.012205692657117018
240,2,32.61893333333333,Forward,0.06511479840242684,401.0693675081202,19915.0,19911.935666716498,ok,0.0004738575680774334,14518.377874698388,ok,-29.484330134866468,69.09889018988449,-0.04173069802695705,-19.444903819716274,61.46510877175126,-0.027521378500108107,1.2560026566024527,-0.007163773517459643,0.012205692657117018
241,2,32.75395,Forward,0.06661490172917317,405.4352165051823,19900.0,19907.0530168897,ok,0.00048002835676135783,14515.415529876751,ok,-34.36697996166549,69.09197952294508,-0.04864136496636205,-22.407248641353362,61.46091601184666,-0.031714138404708096,1.2560026566024527,-0.008808322878190812,0.012205692657117018
242,2,32.889516666666665,Forward,0.06787465831819475,409.04811152138063,19890.0,19902.166181656863,ok,0.00047693377482726807,14511.854029584902,ok,-39.25381519450093,69.08506293218394,-0.055557955727492926,-25.968748933202733,61.45587523620339,-0.03675491404798213,1.2560026566024527,-0.009393686040032559,0.012205692657117018
243,2,33.02483333333333,Forward,0.06921048088765747,413.7952168893935,19875.0,19897.484478325467,ok,0.0004807580989210961,14508.643485842957,ok,-43.93551852589735,69.07843667521692,-0.062184212694520596,-29.179292675147735,61.451331187524495,-0.041298962726877116,1.2560026566024527,-0.010312605794637268,0.012205692657117018
244,2,33.1599,Forward,0.07065174705493421,418.23936658600724,19875.0,19892.697218742418,ok,0.00047832764955656047,14505.312402569854,ok,-48.72277810894593,69.07166101902521,-0.0689598688862349,-32.51037594824993,61.44661653301016,-0.046013617241211564,1.2560026566024527,-0.011166643391384755,0.012205692657117018
245,2,33.295716666666664,Forward,0.07202685747360058,422.28907263949077,19875.0,19887.631042281857,ok,0.000467941910757505,14502.251120331264,ok,-53.78895456950704,69.06449059734494,-0.07613029056649369,-35.57165818684007,61.442283741860095,-0.0503464083912748,1.2560026566024527,-0.012895067876660518,0.012205692657117018
246,2,33.4305,Forward,0.07328305517430683,425.69242921177647,19885.0,19883.16456405684,ok,0.0004804921952071433,14499.612327897808,ok,-58.255432794525404,69.05816895960722,-0.08245192830422228,-38.21045062029589,61.43854892239183,-0.054081227859536826,1.2560026566024527,-0.014525762440321444,0.012205692657117018
247,2,33.56581666666667,Forward,0.07455498168635169,429.45342056437585,19875.0,19878.910895499914,ok,0.00047944116833024107,14496.32322948255,ok,-62.50910135145023,69.052148522404,-0.08847236550743623,-41.49954903555408,61.4338936912192,-0.05873645903217151,1.2560026566024527,-0.014699216923607678,0.012205692657117018
248,2,33.701033333333335,Forward,0.07572193099864646,431.87817272705433,19875.0,19874.800817104915,ok,0.000476370086262618,14493.629894016196,ok,-66.61917974644894,69.04633131578665,-0.09428957212479078,-44.19288450190834,61.430081674174296,-0.06254847607707671,1.2560026566024527,-0.015728520005547475,0.012205692657117018
249,2,33.83635,Forward,0.07685092546048114,436.43195935629046,19860.0,19870.646039099905,ok,0.00047936579035358606,14491.146468065468,ok,-70.77395775145851,69.04045084349839,-0.10017004441305438,-46.676310452636244,61.42656675292805,-0.06606339732331462,1.2560026566024527,-0.017194241870787857,0.012205692657117018
250,2,33.97085,Forward,0.07784977862163761,439.9615352142755,19860.0,19867.04123821164,ok,0.00047406365578345997,14487.303971616611,ok,-74.37875863972295,69.03534878228054,-0.10527210563090714,-50.51880690149301,61.42112826888439,-0.07150188136698893,1.2560026566024527,-0.01546555268189563,0.012205692657117018
251,2,34.10561666666667,Forward,0.07896144409980799,441.38991312335565,19860.0,19863.50177887977,ok,0.0004769323834991641,14485.528691367526,ok,-77.91821797159355,69.03033920234837,-0.11028168556307325,-52.29408715057798,61.41861562289077,-0.07401452736060364,1.2560026566024527,-0.01731924257098015,0.012205692657117018
252,2,34.24065,Forward,0.07974750827480248,444.4954862267332,19850.0,19860.434249071797,ok,0.00047192697617014624,14484.398340454483,ok,-80.98574777956674,69.02599756869009,-0.11462331922134791,-53.42443806362098,61.41701577875658,-0.07561437149479043,1.2560026566024527,-0.019651467746566356,0.012205692657117018
253,2,34.37566666666667,Forward,0.08076232106185147,446.33790715812574,19860.0,19857.615575927255,ok,0.0004765754198594041,14481.411975883395,ok,-83.80442092410885,69.02200815474399,-0.11861273316745226,-56.4108026347094,61.412789022457744,-0.07984112779362598,1.2560026566024527,-0.018332064552522107,0.012205692657117018
254,2,34.5115,Forward,0.08161460106261273,447.8447867943287,19860.0,19855.10732013636,ok,0.00047148297259826935,14480.265193947947,ok,-86.31267671500245,69.01845809054021,-0.12216279737122973,-57.557584570156905,61.41116592264737,-0.08146422760400077,1.2560026566024527,-0.019843511082537915,0.012205692657117018
255,2,34.646033333333335,Forward,0.08215899665630705,450.70447050859366,19835.0,19852.768550987657,ok,0.0004891622090024146,14478.580239796425,ok,-88.65144586370661,69.01514790955075,-0.12547297836068766,-59.24253872167901,61.408781119853316,-0.08384903039805465,1.2560026566024527,-0.020158373427191206,0.012205692657117018
256,2,34.7824,Forward,0.08264909263294601,452.09503135434716,19860.0,19850.37001254209,ok,0.00047299999755546005,14477.103141836677,ok,-91.04998430927299,69.01175313398285,-0.12886775392859565,-60.7196366814278,61.40669050668244,-0.08593964356893415,1.2560026566024527,-0.02092733329854647,0.012205692657117018
257,2,34.918,Forward,0.08331571958274586,452.90194077644264,19845.0,19848.71395564352,ok,0.00047570748360091904,14475.917806727499,ok,-92.70604120784265,69.0094092309661,-0.13121165694533557,-61.90497179060549,61.40501284057045,-0.08761730968091917,1.2560026566024527,-0.021164083221741292,0.012205692657117018
258,2,35.05385,Forward,0.08375558208390332,455.0080572630577,19845.0,19847.183573961287,ok,0.00048682581051268,14475.445749641867,ok,-94.23642289007694,69.00724320258577,-0.13337768532567118,-62.37702887623709,61.40434471375184,-0.08828543649953333,1.2560026566024527,-0.022490942542950185,0.012205692657117018
259,2,35.189433333333334,Forward,0.08403297580215852,456.0599895075611,19835.0,19845.69053013948,ok,0.0004923765453995698,14474.183784992625,ok,-95.72946671188402,69.00513002041124,-0.13549086750019737,-63.638993525479236,61.40255858988681,-0.0900715603645603,1.2560026566024527,-0.022360748397981453,0.012205692657117018
260,2,35.325266666666664,Forward,0.08444564222276146,457.12803227219774,19845.0,19844.642920605456,ok,0.00046121943796100315,14472.663402473498,ok,-96.77707624590766,69.00364728443202,-0.13697360347942875,-65.15937604460669,61.4004067138394,-0.0922234364119711,1.2560026566024527,-0.02114072234498568,0.012205692657117018
261,2,35.459783333333334,Forward,0.08484707588598317,457.7114524900571,19820.0,19843.60809121402,ok,0.00048314362316826526,14472.978064990206,ok,-97.81190563734344,69.00218263684985,-0.1384382510615815,-64.84471352789842,61.400852071980665,-0.09177807827071129,1.2560026566024527,-0.023164740935700284,0.012205692657117018
262,2,35.594033333333336,Forward,0.08503008350588553,458.0925952234138,19835.0,19842.665088056394,ok,0.0004843023532134098,14471.539326534188,ok,-98.7549087949701,69.00084795568772,-0.1397729322237236,-66.28345198391617,61.39881575100022,-0.09381439925115125,1.2560026566024527,-0.021941797536714505,0.012205692657117018
263,2,35.72933333333334,Forward,0.08535789828181109,458.89391356398846,19845.0,19841.949973292205,ok,0.00048198734746019524,14471.423901384458,ok,-99.47002355915902,68.99983581676028,-0.14078507115116348,-66.39887713364624,61.39865238381344,-0.09397776643792705,1.2560026566024527,-0.02274874684356229,0.012205692657117018
264,2,35.86566666666667,Forward,0.08541894908939518,459.4181634912238,19820.0,19841.26079948931,ok,0.0004769490131545774,14471.51574129427,ok,-100.15919736205251,68.9988603934176,-0.14176049449383687,-66.30703722383441,61.39878236958981,-0.09384778066156213,1.2560026566024527,-0.023887432666670552,0.012205692657117018
265,2,36.0015,Forward,0.08551362618175462,459.8476261243886,19835.0,19840.877264717856,ok,0.0004860495886663894,14470.882406898645,ok,-100.54273213350825,68.99831755681059,-0.14230333110084972,-66.94037161945926,61.397885978649505,-0.0947441716018688,1.2560026566024527,-0.023304399871303852,0.012205692657117018
266,2,36.1376,Forward,0.08573764243539653,460.0702870513451,19830.0,19840.33399577299,ok,0.0004769936937514733,14470.173867027917,ok,-101.08600107837265,68.99754864016293,-0.1430722477485015,-67.64891149018695,61.39688314550898,-0.09574700474239288,1.2560026566024527,-0.022813755430328403,0.012205692657117018
267,2,36.27265,Forward,0.08573824319721671,461.1875885208574,19835.0,19839.758287270608,ok,0.00048166969508343693,14470.077929393266,ok,-101.661709580756,68.99673381013103,-0.14388707778040719,-67.74484912483786,61.39674736001062,-0.09588279024074826,1.2560026566024527,-0.02345803851557164,0.012205692657117018
268,2,36.40743333333333,Forward,0.08593711804509557,460.21241436743367,19835.0,19839.53957200176,ok,0.0004820184781288375,14470.030387223562,ok,-101.88042484960533,68.9964242510942,-0.1441966368172409,-67.79239129454254,61.3966800711179,-0.09595007913347255,1.2560026566024527,-0.023683082524383822,0.012205692657117018
269,2,36.54246666666667,Forward,0.08607558250894773,460.8281551894179,19835.0,19839.334825175283,ok,0.0004728942656403842,14469.25121645844,ok,-102.08517167608079,68.99613446231662,-0.14448642559482353,-68.57156205966385,61.39557727041793,-0.09705287983343688,1.2560026566024527,-0.0225877506931082,0.012205692657117018
270,2,36.677233333333334,Forward,0.08618265294432326,460.7318505956828,19835.0,19839.01342625298,ok,0.00048122063687697426,14470.241997501946,ok,-102.40657059838486,68.99567956979196,-0.14494131811948022,-67.58078101615865,61.396979574094104,-0.09565057615727314,1.2560026566024527,-0.024803940360389937,0.012205692657117018
271,2,36.813066666666664,Forward,0.08625437653933635,461.5184592620899,19820.0,19838.798656485385,ok,0.0004904095659713929,14469.265816438756,ok,-102.62134036597854,68.9953755950272,-0.14524529288423746,-68.55696207934852,61.39559793452551,-0.09703221572586003,1.2560026566024527,-0.023372572156534974,0.012205692657117018
272,2,36.94838333333333,Forward,0.0863077407784994,461.09356489190395,19835.0,19838.58247687473,ok,0.0004780887888907987,14469.727312040266,ok,-102.83751997663421,68.9950696248386,-0.1455512630728289,-68.09546647783827,61.396251113129175,-0.09637903712219832,1.2560026566024527,-0.024498936406561395,0.012205692657117018
273,2,37.083666666666666,Forward,0.08629633557878189,461.48765097280193,19820.0,19838.323762768046,ok,0.0004862087751339109,14469.345670465846,ok,-103.09623408331754,68.99470345337696,-0.14591743453448094,-68.4771080522587,61.39571095606188,-0.09691919418948872,1.2560026566024527,-0.024186669156714122,0.012205692657117018
274,2,37.21843333333333,Forward,0.0863388953703052,461.68985566800984,19835.0,19838.47827060622,ok,0.00048332761186849465,14468.732493816646,ok,-102.94172624514249,68.99492213631493,-0.14569875159652076,-69.09028470145859,61.3948430954231,-0.09778705482827198,1.2560026566024527,-0.022877950950881465,0.012205692657117018
275,2,37.35346666666667,Forward,0.08641431141850406,461.88990082539385,19845.0,19838.347233998255,ok,0.00047949571832730967,14469.500039011775,ok,-103.07276285310945,68.99473667342353,-0.145884214487912,-68.32273950632953,61.39592944185232,-0.09670070839905141,1.2560026566024527,-0.024427867843364315,0.012205692657117018
276,2,37.48905,Forward,0.08639025306752199,461.2243743555555,19835.0,19838.257872136997,ok,0.0004945144334705629,14469.12846515997,ok,-103.16212471436666,68.9946101949575,-0.14601069295393762,-68.69431335813351,61.39540353415377,-0.09722661609759563,1.2560026566024527,-0.02389380484289072,0.012205692657117018
277,2,37.62381666666667,Forward,0.08644406353776413,462.2699962832121,19835.0,19838.321667916076,ok,0.0004786644301836775,14468.675933165105,ok,-103.09832893528801,68.99470048842457,-0.14592039948686722,-69.14684535299966,61.39476304220639,-0.09786710804497631,1.2560026566024527,-0.022999051788377703,0.012205692657117018
278,2,37.758833333333335,Forward,0.08639056973790013,461.93440984200424,19820.0,19838.30908007805,ok,0.0004870327747751595,14469.20019663222,ok,-103.1109167733157,68.9946826722061,-0.1459382157053515,-68.62258188588385,61.395505059418,-0.09712509083336925,1.2560026566024527,-0.023948843595885214,0.012205692657117018
279,2,37.893633333333334,Forward,0.08646515609002839,461.1736746020906,19810.0,19838.116335274375,ok,0.000473410818280412,14468.543853385421,ok,-103.30366157698882,68.99440987051238,-0.1462110173990497,-69.27892513268307,61.3945761028601,-0.09805404739127394,1.2560026566024527,-0.02305487338498685,0.012205692657117018
280,2,38.02838333333333,Forward,0.08639786463814067,462.41522427549353,19820.0,19837.93699091406,ok,0.0004875987563908643,14468.867374300413,ok,-103.48300593730528,68.99415603515955,-0.14646485275189544,-68.95540421769147,61.395033998750804,-0.0975961515005698,1.2560026566024527,-0.023883827193004317,0.012205692657117018
281,2,38.162933333333335,Forward,0.08649041197022364,462.46980788855944,19820.0,19837.873070996488,ok,0.00048332030185387325,14469.526530364836,ok,-103.54692585487646,68.99406556599284,-0.14655532191859755,-68.2962481532686,61.39596693643503,-0.09666321381634073,1.2560026566024527,-0.025146068569542684,0.012205692657117018
282,2,38.29783333333334,Forward,0.08648583394283052,462.29090455904225,19820.0,19837.945937865377,ok,0.00047971290138177264,14469.043074871806,ok,-103.47405898598663,68.99416869824267,-0.1464521896687583,-68.779703646298,61.395282676860646,-0.0973474733907248,1.2560026566024527,-0.024183504476471385,0.012205692657117018
283,2,38.432066666666664,Forward,0.08658357840926359,462.22821154232224,19835.0,19837.95658543523,ok,0.00047846419627974187,14468.949353580954,ok,-103.46341141613448,68.99418376829922,-0.14643711961221678,-68.87342493715005,61.39515002826835,-0.09748012198302293,1.2560026566024527,-0.02400182743560883,0.012205692657117018
284,2,38.567366666666665,Forward,0.08650142204804256,462.8989035372251,19820.0,19837.71810788244,ok,0.0004887005894006314,14469.764595059278,ok,-103.70188896892432,68.99384623867938,-0.14677464923205755,-68.05818345882653,61.39630388171509,-0.09632626853628182,1.2560026566024527,-0.025788600049886326,0.012205692657117018
285,2,38.70218333333333,Forward,0.08657600489286896,462.3371095449147,19845.0,19837.794682311873,ok,0.0004866129527498625,14468.622414801262,ok,-103.62531453949123,68.9939546184315,-0.1466662694799437,-69.20036371684182,61.39468729489688,-0.0979428553544854,1.2560026566024527,-0.023649782959480295,0.012205692657117018
286,2,38.8373,Forward,0.08667147219492705,462.05272357040303,19835.0,19837.47967257103,ok,0.00048301113724576395,14468.5732759007,ok,-103.94032428033461,68.99350876884596,-0.14711211906548813,-69.24950261740378,61.39461774606836,-0.09801240418301052,1.2560026566024527,-0.024008279031633564,0.012205692657117018
287,2,38.97266666666667,Forward,0.08641660400526432,461.85169913841673,19835.0,19837.93733654093,ok,0.0004833269179725268,14468.768156162467,ok,-103.48266031043386,68.99415652434314,-0.14646436356830078,-69.05462235563755,61.3948935701864,-0.09773658006497964,1.2560026566024527,-0.02370695935944804,0.012205692657117018
288,2,39.10851666666667,Forward,0.08609624873407015,461.92345511274834,19820.0,19839.08098782212,ok,0.000487370472070295,14468.731354249929,ok,-102.33900902924506,68.99577519317656,-0.14484569473488562,-69.09142426817561,61.39484148253536,-0.09778866771601039,1.2560026566024527,-0.022022868297962073,0.012205692657117018
289,2,39.24381666666667,Forward,0.08551063639211859,458.95448945120006,19835.0,19841.43102276495,ok,0.0004802676572372484,14468.05032928491,ok,-99.98897408641278,68.99910131922736,-0.14151956868408003,-69.7724492331945,61.39387759266457,-0.09875255758680024,1.2560026566024527,-0.017486094008772227,0.012205692657117018
290,2,39.37886666666667,Forward,0.08438680905771906,456.2727325818232,19820.0,19844.875498839534,ok,0.0004802682380414325,14468.523436743944,ok,-96.54449801183,69.00397646444084,-0.13664442347060565,-69.29934177415998,61.39454720613101,-0.09808294412036021,1.2560026566024527,-0.013451985088043308,0.012205692657117018
291,2,39.514716666666665,Forward,0.08304369204104234,453.1510055712133,19835.0,19849.214643473188,ok,0.00048673112647347174,14468.293028849248,ok,-92.20535337817637,69.01011788035817,-0.13050300755326857,-69.52974966885631,61.39422109791582,-0.09840905233555854,1.2560026566024527,-0.006900976386077257,0.012205692657117018
292,2,39.65125,Forward,0.08145085361978799,449.53851022900926,19845.0,19854.527868878067,ok,0.0004803717328740119,14468.792330554801,ok,-86.89212797329674,69.0176379631922,-0.12298292471923497,-69.03044796330323,61.3949277854547,-0.09770236479667019,1.2560026566024527,-0.0002684949782752605,0.012205692657117018
293,2,39.78628333333333,Forward,0.07953497176078267,443.7729773538849,19860.0,19860.33779003724,ok,0.0004830006838726329,14468.824139632332,ok,-81.08220681412422,69.02586104522747,-0.1147598426839695,-68.99863888577238,61.394972806488006,-0.09765734376336592,1.2560026566024527,0.007898040519557059,0.012205692657117018
294,2,39.92111666666667,Forward,0.07766259147688978,438.63868779981203,19875.0,19866.79106902195,ok,0.00048579525544644386,14469.318185119091,ok,-74.62892782941344,69.03499470488204,-0.10562618302940557,-68.50459339901317,61.39567205462846,-0.0969580956229054,1.2560026566024527,0.016153442652078256,0.012205692657117018
295,2,40.05628333333333,Forward,0.07564249625974376,434.3896701861813,19860.0,19873.900111797506,ok,0.00047837097297332397,14469.241445535024,ok,-67.51988505385816,69.04505650096051,-0.09556438695093206,-68.58133298307985,61.39556344112445,-0.09706670912691762,1.2560026566024527,0.02635165758013401,0.012205692657117018
296,2,40.190783333333336,Forward,0.07324041729660727,426.9050927300086,19860.0,19881.580046098297,ok,0.0004722909738000109,14469.053564860678,ok,-59.83995075306666,69.0559263093539,-0.08469457855755065,-68.76921365742601,61.39529752388468,-0.09733262636669811,1.2560026566024527,0.03755545873311611,0.012205692657117018
297,2,40.326633333333334,Forward,0.07065042407635708,420.12406372219266,19875.0,19890.20172203399,ok,0.00047833762968013704,14470.546642037754,ok,-51.21827481737273,69.06812901341102,-0.07249187450041283,-67.27613648035003,61.39741075326864,-0.09521939698273398,1.2560026566024527,0.04710394106998461,0.012205692657117018
298,2,40.461666666666666,Forward,0.06767754549487495,411.02449584153874,19885.0,19900.87823157659,ok,0.0004762446246992469,14472.83336392023,ok,-40.54176527477466,69.08324002979384,-0.05738085811760489,-64.9894145978742,61.400647269069154,-0.0919828811822143,1.2560026566024527,0.058149885009204025,0.012205692657117018
299,2,40.596983333333334,Forward,0.06411869793243677,400.0607880093812,19915.0,19913.498757155718,ok,0.0004729609129943142,14478.468644458411,ok,-27.921239695646364,69.10110251266101,-0.03951837525043306,-59.354134059693024,61.40862317319723,-0.08400697705414543,1.2560026566024527,0.06599461110271489,0.012205692657117018
300,2,40.73258333333333,Forward,0.060467223222444216,387.01373250405595,19915.0,19927.151713567582,ok,0.0004762327570621215,14484.110526386212,ok,-14.268283283781784,69.1204262483061,-0.020194639605342807,-53.712252131892456,61.4166084206136,-0.07602172963777716,1.2560026566024527,0.07528885477921872,0.012205692657117018
301,2,40.86815,Forward,0.05676401117417662,375.659410244687,19940.0,19941.00151363206,ok,0.0004755315166495757,14492.194165375307,ok,-0.4184832193022885,69.14002858695788,-0.0005923009535631676,-45.628613142796894,61.42804961314094,-0.06458053711042958,1.2560026566024527,0.08052102522194966,0.012205692657117018
302,2,41.00265,Forward,0.05367355474890981,366.16684094328957,19955.0,19952.412804998603,ok,0.0004687628085492194,14498.82676861878,ok,10.992808147238975,69.15617957807541,0.01555869016397379,-38.996009899325145,61.43743707969758,-0.05519307055379149,1.2560026566024527,0.0848813334055825,0.012205692657117018
303,2,41.13848333333333,Forward,0.05160891900618983,359.17216542383176,19955.0,19960.90540382802,ok,0.0004711766194343221,14503.976918219043,ok,19.485406976655213,69.16819959262529,0.02757870471385032,-33.845860299061314,61.44472635290742,-0.04790379734394799,1.2560026566024527,0.08774600143919452,0.012205692657117018
304,2,41.2738,Forward,0.050384971232497716,354.23271733365254,19955.0,19965.701652938766,ok,0.00047585502870017035,14507.338964998298,ok,24.281656087401643,69.1749879721607,0.03436708424925424,-30.483813519806063,61.44948483167414,-0.04314531857723207,1.2560026566024527,0.08855771900221687,0.012205692657117018
305,2,41.40936666666666,Forward,0.04958355493037295,350.8550161805724,19955.0,19968.737335400674,ok,0.0004722259791685429,14510.377045389907,ok,27.31733854931008,69.17928453062223,0.038663642710788516,-27.44573312819739,61.45378478404965,-0.038845366201718655,1.2560026566024527,0.08745352585684227,0.012205692657117018
306,2,41.5444,Forward,0.04909764299423036,349.1677914089669,19955.0,19971.134827637048,ok,0.00046706060488255343,14511.675584679506,ok,29.71483078568417,69.18267782543613,0.042056937524693375,-26.14719383859847,61.45562267389563,-0.0370074763557387,1.2560026566024527,0.08853842614165364,0.012205692657117018
307,2,41.67945,Forward,0.04846181360753163,347.8436943736997,19955.0,19973.075128879274,ok,0.00047660861115639383,14512.31565183398,ok,31.65513202791044,69.1854240341799,0.04480314626846685,-25.50712668412416,61.45652859405791,-0.03610155619346393,1.2560026566024527,0.09014679675494028,0.012205692657117018
308,2,41.814483333333335,Forward,0.04808563999916862,346.5226827122897,19965.0,19974.62382316661,ok,0.0004670504515129661,14513.311885956551,ok,33.20382631524626,69.18761598133779,0.046995093426338994,-24.51089256155319,61.45793861575903,-0.03469153449234354,1.2560026566024527,0.0905677529103381,0.012205692657117018
309,2,41.950066666666665,Forward,0.04773920963464373,344.8226680310836,19955.0,19976.265111046883,ok,0.00047385870336463706,14514.364066388587,ok,34.84511419551927,69.18993898099873,0.04931809308730069,-23.458712129517153,61.45942782116673,-0.03320232908464646,1.2560026566024527,0.09102030662300553,0.012205692657117018
310,2,42.08565,Forward,0.047351911103814426,342.7817329796453,19980.0,19977.76431125852,ok,0.0004680743081970682,14514.55269654827,ok,36.34431440715707,69.19206087663034,0.05143998871890007,-23.27008196983479,61.45969479919188,-0.03293535105948954,1.2560026566024527,0.09280687714575334,0.012205692657117018
311,2,42.222116666666665,Forward,0.04698294616965243,342.9522883545833,19980.0,19979.19666368184,ok,0.0004762483304791133,14514.89452637047,ok,37.77666683047573,69.19408815912827,0.053467271216833,-22.92825214763434,61.46017860862631,-0.032451541625067734,1.2560026566024527,0.09422649370876315,0.012205692657117018
312,2,42.357416666666666,Forward,0.04673128742901178,341.02621060579986,19980.0,19980.05162657139,ok,0.00047379593358668956,14515.744806101296,ok,38.63162972002465,69.1952982323436,0.05467734443215863,-22.077972416807825,61.46138205352477,-0.03124809672659932,1.2560026566024527,0.09392503693453778,0.012205692657117018
313,2,42.49386666666667,Forward,0.04657149424483489,340.29850440935115,19970.0,19981.378737456693,ok,0.0004703954503834239,14515.806307612134,ok,39.958740605328785,69.19717656104734,0.056555673135900285,-22.01647090596998,61.461469099795295,-0.031161050456080842,1.2560026566024527,0.09569403529126089,0.012205692657117018
314,2,42.62813333333333,Forward,0.046326871687346616,340.4704629276712,19970.0,19981.833492092905,ok,0.00047412010972184323,14516.179567354708,ok,40.41349524154066,69.19782019881401,0.05719931090258215,-21.6432111633967,61.46199739362227,-0.03063275662909898,1.2560026566024527,0.09567413460778687,0.012205692657117018
315,2,42.76425,Forward,0.04598766505406407,338.88628296053867,19955.0,19982.83212265931,ok,0.0004676175621964167,14516.707220228529,ok,41.41212580794672,69.1992336123261,0.058612724414659874,-21.115558289575347,61.46274420803657,-0.02988594221480587,1.2560026566024527,0.09614954723152344,0.012205692657117018
316,2,42.900816666666664,Forward,0.04583775038986454,337.9316391227403,19995.0,19983.494144968427,ok,0.0004695564629186122,14516.888003265702,ok,42.07414811706258,69.20017060675475,0.059549718843309035,-20.934775252402687,61.46300007962321,-0.029630070628165105,1.2560026566024527,0.0967651662676027,0.012205692657117018
317,2,43.035833333333336,Forward,0.045738266944767764,337.9864120323582,19980.0,19984.30133399804,ok,0.00047206770133885435,14517.436550992761,ok,42.88133714667492,69.20131306315417,0.06069217524273701,-20.3862275253432,61.46377646760443,-0.028853682646936284,1.2560026566024527,0.09693247730005308,0.012205692657117018
318,2,43.17146666666667,Forward,0.045559274016270884,337.16748760884,19995.0,19985.063184284118,ok,0.00047200985879501976,14517.430925931685,ok,43.64318743275362,69.20239134928396,0.0617704613725109,-20.39185258641919,61.46376850616444,-0.028861644086930732,1.2560026566024527,0.09802076301961038,0.012205692657117018
319,2,43.3073,Forward,0.04546722457977029,337.25046877199566,19995.0,19985.29465339472,ok,0.0004746117819266996,14517.567337172437,ok,43.87465654335756,69.20271895949293,0.062098071581493025,-20.25544134566735,61.46396157605171,-0.028668574199663194,1.2560026566024527,0.09810587693727453,0.012205692657117018
320,2,43.44291666666667,Forward,0.04539384913818567,336.1255766225804,19980.0,19985.770286520623,ok,0.0004754899367737894,14518.721559127851,ok,44.35028966925893,69.20339214766638,0.06277125975493353,-19.10121939025339,61.46559520610731,-0.02703494414406614,1.2560026566024527,0.09672722142097952,0.012205692657117018
321,2,43.57848333333333,Forward,0.04536274274742283,336.8040687315515,19995.0,19985.646473223904,ok,0.0004806329154029094,14519.754258257015,ok,44.226476372539764,69.20321690830114,0.06259602038970205,-18.06852026108936,61.467056838619044,-0.025573311632331248,1.2560026566024527,0.09471616773803251,0.012205692657117018
322,2,43.714333333333336,Forward,0.045163830200921434,336.0089408529966,19980.0,19986.457322611917,ok,0.0004703485985725493,14518.317662615365,ok,45.03732576055336,69.20436454539521,0.06374365748377067,-19.505115902738908,61.465023550474655,-0.027606599776721755,1.2560026566024527,0.09841762014309388,0.012205692657117018
323,2,43.84936666666667,Forward,0.04506211196647458,335.0841137758616,19995.0,19986.78584768029,ok,0.0004714727474818583,14519.14402927955,ok,45.36585082892634,69.20482952392312,0.06420863601168189,-18.67874923855379,61.46619314997258,-0.026437000278788002,1.2560026566024527,0.0974135785944394,0.012205692657117018
324,2,43.98466666666667,Forward,0.04495802284475575,334.3915410292575,19980.0,19987.346519604882,ok,0.00047668707843213746,14518.371796851265,ok,45.92652275351793,69.20562307190845,0.06500218399701177,-19.450981666839652,61.465100169459745,-0.02752998079162362,1.2560026566024527,0.09957991300750553,0.012205692657117018
325,2,44.11945,Forward,0.044868670192057286,334.39379936944897,19980.0,19987.670450050493,ok,0.0004737744571892792,14519.775967160524,ok,46.25045319912897,69.20608154742904,0.06546065951759164,-18.046811357580737,61.46708756435345,-0.025542585897926875,1.2560026566024527,0.09754221526188414,0.012205692657117018
326,2,44.25533333333333,Forward,0.044859623706351826,333.8962246069532,19980.0,19987.818873690918,ok,0.000475015434024722,14518.494114545243,ok,46.39887683955385,69.20629161908711,0.06567073117566564,-19.32866397286125,61.46527329202104,-0.027356858230337063,1.2560026566024527,0.10003101778926567,0.012205692657117018
327,2,44.390366666666665,Forward,0.0445718661793382,333.59554558971286,19965.0,19988.407382374036,ok,0.00046517707422047243,14519.262058142955,ok,46.98738552267241,69.20712456587711,0.06650367796567667,-18.560720375149685,61.466360202330044,-0.02626994792132721,1.2560026566024527,0.09949880234367173,0.012205692657117018
328,2,44.52486666666667,Forward,0.0446478919622042,333.71246139144205,19985.0,19988.654911857866,ok,0.00046729549771803,14519.857373456744,ok,47.23491500650198,69.20747490716333,0.0668540192518857,-17.965405061360798,61.467202782896635,-0.025427367354737725,1.2560026566024527,0.09879086019984276,0.012205692657117018
329,2,44.660183333333336,Forward,0.04449825865180271,333.3553281776076,19980.0,19989.00716522642,ok,0.00047216701479987525,14519.784425870255,ok,47.587168375055626,69.20797346958224,0.06735258167079944,-18.038352647849024,61.467099536403,-0.02553061384837048,1.2560026566024527,0.09941910048904412,0.012205692657117018
330,2,44.79443333333333,Forward,0.04448235570780337,333.22032251668134,19985.0,19989.236580956447,ok,0.0004770974661306308,14520.000444629522,ok,47.816584105083166,69.20829817353544,0.06767728562400514,-17.822333888581852,61.4674052789303,-0.025224871321072016,1.2560026566024527,0.09935979101572662,0.012205692657117018
331,2,44.93001666666667,Forward,0.04438156325975265,332.52386942057274,19965.0,19989.433905089423,ok,0.00047842527814813374,14520.338461992636,ok,48.01390823805923,69.20857745659086,0.06795656867941083,-17.484316525467875,61.46788369239411,-0.024746457857260706,1.2560026566024527,0.09903818548963092,0.012205692657117018
332,2,45.06505,Forward,0.04431264210113575,332.1480085505864,19985.0,19990.127782142652,ok,0.000468664190768652,14520.710375738096,ok,48.70778529128802,69.20955953668708,0.06893864877564078,-17.11240278000878,61.468410081161736,-0.024220069089639532,1.2560026566024527,0.09935911989532298,0.012205692657117018
333,2,45.2009,Forward,0.044146958345211235,332.54702246855595,20005.0,19990.511048796765,ok,0.0004706017583159846,14520.89215060083,ok,49.09105194540098,69.21010199381375,0.06948110590230537,-16.93062791727425,61.46866735653041,-0.02396279372096172,1.2560026566024527,0.09957843847544987,0.012205692657117018
334,2,45.335683333333336,Forward,0.04407570291165572,331.6517388763277,19995.0,19990.823184077588,ok,0.00047020277203147474,14520.597504664824,ok,49.40318722622396,69.21054377502729,0.06992288711585176,-17.22527385328067,61.46825032889152,-0.02437982135985027,1.2560026566024527,0.10054400751131692,0.012205692657117018
335,2,45.469966666666664,Forward,0.043966203601619375,331.3236180004242,19995.0,19991.14928848325,ok,0.0004742593841626903,14520.329138874182,ok,49.72929163188746,69.21100532746601,0.07038443955457958,-17.493639643922506,61.467870496902165,-0.024759653349209144,1.2560026566024527,0.10148262993774208,0.012205692657117018
336,2,45.60503333333333,Forward,0.04399920936190349,330.71203465409417,19980.0,19991.906800443143,ok,0.0004691200350660349,14521.189041137235,ok,50.48680359177888,69.21207747333827,0.07145658542682563,-16.633737380869206,61.469087561068385,-0.023542589182988204,1.2560026566024527,0.10102613998395898,0.012205692657117018
337,2,45.74086666666667,Forward,0.04375576000659384,329.82104000438994,19980.0,19992.160591648724,ok,0.0004754851706419994,14521.468853304028,ok,50.740594797360245,69.21243667716327,0.07181578925182586,-16.3539252140763,61.46948359370617,-0.02314655654520088,1.2560026566024527,0.10088792576379704,0.012205692657117018
338,2,45.87511666666666,Forward,0.0436925508737091,329.2230990608623,19995.0,19992.59713467553,ok,0.0004732001248757363,14522.222502179684,ok,51.177137824164674,69.21305453909685,0.0724336511854028,-15.600276338420372,61.47055027195542,-0.02207987829595818,1.2560026566024527,0.10016603698258511,0.012205692657117018
339,2,46.01018333333333,Forward,0.04344743245195057,327.9477105591577,19995.0,19993.319977477782,ok,0.0004690906704675022,14521.697399637871,ok,51.899980626418255,69.21407761591642,0.07345672800498204,-16.125378880233256,61.46980706715797,-0.022823083093399657,1.2560026566024527,0.10212258100215053,0.012205692657117018
340,2,46.14521666666667,Forward,0.043276529149043674,329.14941427830126,20005.0,19993.796209693362,ok,0.0004757876972058986,14522.060688428852,ok,52.376212841998495,69.21475165201248,0.07413076410104333,-15.762090089252524,61.47032124858124,-0.022308901670126703,1.2560026566024527,0.10215080386460536,0.012205692657117018
341,2,46.28053333333333,Forward,0.0431730213431053,328.829241467487,20005.0,19994.44990186285,ok,0.000465325752041729,14522.077994749487,ok,53.029905011484516,69.2156768563635,0.0750559684520538,-15.744783768617708,61.470345743112304,-0.0222844071390634,1.2560026566024527,0.10304524301952808,0.012205692657117018
342,2,46.416133333333335,Forward,0.04301955627631207,327.37132036132607,19980.0,19995.092081243452,ok,0.00046620588819939936,14522.31779829906,ok,53.672084392088436,69.2165857660687,0.07596487815726125,-15.504980219044228,61.47068514948401,-0.021945000767364643,1.2560026566024527,0.1035278574202141,0.012205692657117018
343,2,46.55116666666667,Forward,0.04281198759217661,327.6453611793877,19995.0,19995.97571748008,ok,0.0004758287254262882,14523.091861617917,ok,54.55572062871579,69.21783642215577,0.07721553424433195,-14.730916900187367,61.471780721351,-0.020849428900369397,1.2560026566024527,0.10340247233183986,0.012205692657117018
344,2,46.687016666666665,Forward,0.04259685871939303,327.04845903217574,19995.0,19996.948139297612,ok,0.00047195459938614235,14524.5939567167,ok,55.52814244624824,69.21921274106947,0.07859185315802787,-13.228821801403683,61.473906714266164,-0.018723435985204324,1.2560026566024527,0.10210853849617046,0.012205692657117018
345,2,46.82261666666667,Forward,0.0424286892364206,325.35686915857514,19980.0,19997.56958832116,ok,0.00047214005875192457,14525.131139977138,ok,56.14959146979527,69.2200923100277,0.07947142211625634,-12.691638540965869,61.47466701752977,-0.017963132721608807,1.2560026566024527,0.10203316453549945,0.012205692657117018
346,2,46.95765,Forward,0.04228935916075352,325.37997831881876,19995.0,19998.123205248135,ok,0.0004722412238202796,14524.783366024803,ok,56.703208396771515,69.22087587270985,0.08025498479841942,-13.039412493300915,61.4741747950604,-0.018455355190973074,1.2560026566024527,0.10343495994682346,0.012205692657117018
347,2,47.0927,Forward,0.04216497987460002,325.52198209796916,19995.0,19998.887087600222,ok,0.0004666428182863034,14525.80842326442,ok,57.46709074885803,69.2219570349278,0.08133614701635794,-12.014355253684698,61.47562561161045,-0.017004538640924147,1.2560026566024527,0.10269389272365773,0.012205692657117018
348,2,47.22721666666666,Forward,0.041974540326126325,323.2819049355894,19995.0,19999.63125563431,ok,0.0004667278347887278,14525.156010777546,ok,58.21125878294697,69.22301029445141,0.08238940653997033,-12.666767740558498,61.47470221846045,-0.01792793179091982,1.2560026566024527,0.1049069364967532,0.012205692657117018
349,2,47.363083333333336,Forward,0.041867773959198884,322.55619344556544,19995.0,20000.274321510893,ok,0.00047527291450673987,14526.976265393114,ok,58.854324659529084,69.22392045886025,0.08329957094880505,-10.846513124990452,61.47727851900203,-0.015351631249344399,1.2560026566024527,0.10258126058116285,0.012205692657117018
350,2,47.49785,Forward,0.04164044198042066,322.4476533638226,19995.0,20000.882420778027,ok,0.0004754118043515463,14526.622900002783,ok,59.46242392666318,69.22478113321748,0.08416024530603518,-11.199878515320961,61.476778382681154,-0.01585176757021751,1.2560026566024527,0.10407010748607298,0.012205692657117018
351,2,47.63235,Forward,0.04151016134243793,322.2675942579299,20005.0,20001.6924364443,ok,0.000468942708113497,14527.123435687394,ok,60.27243959293628,69.22592759030204,0.0853067023905858,-10.69934283071052,61.477486816734455,-0.015143333516920368,1.2560026566024527,0.10432676951765474,0.012205692657117018
352,2,47.7674,Forward,0.041365817155117224,321.1504572925369,20005.0,20002.248182351253,ok,0.0004704361267517739,14526.644606924492,ok,60.828185499889514,69.2267141662397,0.08609327832826863,-11.178171593612205,61.47680910561061,-0.015821044640757034,1.2560026566024527,0.10596455242728546,0.012205692657117018
353,2,47.90298333333333,Forward,0.04116223267321831,320.6455317673681,19995.0,20002.67633563169,ok,0.0004768560515246234,14527.995759791438,ok,61.256338780327496,69.22732015373114,0.08669926581970835,-9.82701872666621,61.47872146217496,-0.013908688076410216,1.2560026566024527,0.10416861499353444,0.012205692657117018
354,2,48.0383,Forward,0.04108705006030719,320.2328853551553,20005.0,20003.423152037183,ok,0.00046905623403902685,14528.251687457549,ok,62.003155185819196,69.22837716163184,0.0877562737203999,-9.571091060555773,61.479083689843094,-0.013546460408277814,1.2560026566024527,0.10477066398075678,0.012205692657117018
355,2,48.17333333333333,Forward,0.0409556056362769,318.77907546805,20005.0,20004.1174809736,ok,0.0004708621494123352,14528.014257438545,ok,62.69748412223635,69.22935988130173,0.08873899339028782,-9.808521079559796,61.47874764285202,-0.013882507399349686,1.2560026566024527,0.10617545956417423,0.012205692657117018
356,2,48.30811666666666,Forward,0.04071176195308285,318.86576566896474,20005.0,20004.912553961047,ok,0.00047746107921693964,14528.93753796406,ok,63.49255710968282,69.23048518923977,0.08986430132832654,-8.885240554043776,61.480054409552444,-0.01257574069892813,1.2560026566024527,0.10565946505492385,0.012205692657117018
357,2,48.44343333333333,Forward,0.04066504463529022,318.0459609985155,19995.0,20005.09621403444,ok,0.00047275841936065876,14529.34414664496,ok,63.676217183077824,69.23074513284465,0.09012424493319726,-8.478631873143968,61.48062990385739,-0.012000246393981933,1.2560026566024527,0.10519658628392257,0.012205692657117018
358,2,48.57848333333333,Forward,0.040506381844725464,317.51980795646523,19995.0,20005.84268427942,ok,0.0004707453139743036,14528.991078336872,ok,64.42268742805754,69.23180165080645,0.09118076289500505,-8.831700181232009,61.48013018801238,-0.012499962238985559,1.2560026566024527,0.10688074867460126,0.012205692657117018
359,2,48.71353333333333,Forward,0.04032949817340359,318.08312141865827,19995.0,20006.39742072527,ok,0.00047849750683548817,14530.496742748646,ok,64.97742387390463,69.23258679800159,0.09196591009015252,-7.326035769458031,61.48226123276091,-0.010368917490460858,1.2560026566024527,0.104989298004263,0.012205692657117018
360,2,48.84911666666667,Forward,0.040327583980661136,316.30263856711827,20005.0,20007.14645359325,ok,0.00046895845153555857,14530.086579769357,ok,65.72645674188607,69.23364694297634,0.09302605506489066,-7.7361987487474835,61.48168070787355,-0.010949442377825497,1.2560026566024527,0.10677858377975497,0.012205692657117018
361,2,48.98441666666667,Forward,0.04008919556435464,316.99960853361335,19995.0,20007.623037262725,ok,0.00047359879425001205,14530.29208566849,ok,66.20304041136114,69.23432147650328,0.09370058859183435,-7.5306928496138426,61.48197157100594,-0.010658579245433593,1.2560026566024527,0.1070877924397067,0.012205692657117018
362,2,49.118916666666664,Forward,0.04004664110198161,317.5800129732015,19995.0,20007.687172892107,ok,0.00047604790352924795,14530.79439229447,ok,66.26717604074292,69.23441225097807,0.09379136306662342,-7.028386223633788,61.48268251156419,-0.009947638687183456,1.2560026566024527,0.10628562368464717,0.012205692657117018
363,2,49.25395,Forward,0.03982934401038368,315.5819639411566,19995.0,20008.425020757608,ok,0.00047863431047869177,14530.399303568007,ok,67.00502390624388,69.23545656524006,0.09483567732861316,-7.423474950097443,61.482123322046824,-0.010506828204547219,1.2560026566024527,0.10803228146599005,0.012205692657117018
364,2,49.389783333333334,Forward,0.039732857121092646,314.91927830844725,19995.0,20009.126531545484,ok,0.00047231405841270945,14531.325494559887,ok,67.70653469411991,69.23644944975592,0.09582856184447636,-6.49728395821694,61.48343420808089,-0.009195942170485784,1.2560026566024527,0.10737868964056903,0.012205692657117018
365,2,49.52455,Forward,0.039575915251458926,315.19538328106137,20010.0,20009.307279873217,ok,0.00046696410312811883,14531.301449727898,ok,67.88728302185336,69.2367052722165,0.09608438430505187,-6.521328790206098,61.48340017618604,-0.009229974065334972,1.2560026566024527,0.10767725625148433,0.012205692657117018
366,2,49.65958333333333,Forward,0.039546110571385074,313.55284410804234,19995.0,20009.47931481451,ok,0.00046800641812595685,14531.917531355424,ok,68.0593179631469,69.23694876217039,0.09632787425894829,-5.905247162680098,61.48427214839096,-0.008358001860416497,1.2560026566024527,0.10682554679951965,0.012205692657117018
367,2,49.7941,Forward,0.039503965971320415,313.5537468799703,20005.0,20010.0944650448,ok,0.0004773012210086282,14532.85714613875,ok,68.67446819343604,69.2378194161206,0.0971985282091648,-4.9656323793551564,61.48560203381163,-0.007028116439745893,1.2560026566024527,0.10602586112839701,0.012205692657117018
368,2,49.9294,Forward,0.039428359155133735,314.4435122604191,20005.0,20010.35881819597,ok,0.000478470633201912,14532.116224675432,ok,68.93882134460728,69.2381935688137,0.09757268090225774,-5.706553842672292,61.484553369327614,-0.008076780923759906,1.2560026566024527,0.1077171391992962,0.012205692657117018
369,2,50.0647,Forward,0.03921299323259314,313.6774534422366,20010.0,20010.927790061065,ok,0.00048031464083108267,14533.326909038176,ok,69.50779320970105,69.23899886413427,0.09837797622283838,-4.495869479927933,61.4862669135498,-0.006363236701573269,1.2560026566024527,0.10637021842460463,0.012205692657117018
370,2,50.199733333333334,Forward,0.03918998152865144,312.9053605540357,20005.0,20011.47849431609,ok,0.00046876664045680024,14533.532104044214,ok,70.0584974647245,69.23977830436112,0.09915741644967832,-4.290674473890249,61.486557336659104,-0.006072813592266396,1.2560026566024527,0.1067848864546164,0.012205692657117018
371,2,50.33505,Forward,0.03917829655342167,311.5492846386842,20020.0,20011.711121415272,ok,0.0004699647213647842,14532.86464912643,ok,70.29112456390794,69.24010755353126,0.099486665619814,-4.958129391674447,61.48561265317831,-0.00701749707305954,1.2560026566024527,0.10830066058627671,0.012205692657117018
372,2,50.469833333333334,Forward,0.039032143260887275,311.7039138746077,20020.0,20012.103972990943,ok,0.0004704346892566618,14533.7336965975,ok,70.68397613957859,69.24066357669335,0.10004268878190509,-4.089081920605167,61.486842661030636,-0.005787489220739477,1.2560026566024527,0.10731179061821193,0.012205692657117018
373,2,50.605666666666664,Forward,0.03890295381754849,311.56639668787466,20020.0,20012.037834745493,ok,0.00047667680066683664,14533.733906228144,ok,70.61783789412948,69.24056996781242,0.09994907990097597,-4.088872289959909,61.48684295773173,-0.005787192519640471,1.2560026566024527,0.10721780907991424,0.012205692657117018
374,2,50.741,Forward,0.03891446880068203,310.794940798125,20015.0,20012.625958320914,ok,0.0004831129313847059,14533.96822113757,ok,71.20596146954995,69.24140236953957,0.10078148162813554,-3.8545573805349704,61.487174595747035,-0.005455554504338816,1.2560026566024527,0.10763367257882457,0.012205692657117018
375,2,50.87656666666667,Forward,0.0387072943275209,311.2766446926544,20005.0,20012.954458072818,ok,0.0004765847753473654,14534.587552250285,ok,71.53446122145397,69.24186731223578,0.1012464243243383,-3.2352262678195984,61.48805116711648,-0.004578983134895982,1.2560026566024527,0.10699763930630547,0.012205692657117018
376,2,51.011633333333336,Forward,0.038813417888848456,310.43070046306457,20005.0,20013.357232423667,ok,0.0004740855714333473,14535.011960386679,ok,71.9372355723026,69.24243737961501,0.101816491703566,-2.810818131425549,61.48865185391177,-0.003978296339604003,1.2560026566024527,0.10681324247486045,0.012205692657117018
377,2,51.14613333333333,Forward,0.03865161354477814,309.0979793179213,20020.0,20013.88992535951,ok,0.00046831738896166533,14534.200677045863,ok,72.46992850814422,69.24319132748985,0.10257043957842081,-3.622101472241411,61.48750360262184,-0.005126547629527398,1.2560026566024527,0.10900939702030622,0.012205692657117018
378,2,51.28145,Forward,0.038489294538274516,310.3503274731738,20010.0,20014.092141690948,ok,0.0004798917505268891,14535.670816773656,ok,72.67214483958378,69.24347753472688,0.10285664681544547,-2.151961744448272,61.489584367447,-0.0030457828043696632,1.2560026566024527,0.10668215810916784,0.012205692657117018
379,2,51.41623333333333,Forward,0.03842130364760607,309.34299377768184,20020.0,20014.841290409597,ok,0.00046931206736854005,14534.870033914887,ok,73.42129355823272,69.24453784367107,0.10391695575962771,-2.95274460321707,61.48845097803264,-0.004179172218732746,1.2560026566024527,0.10916600716875521,0.012205692657117018
380,2,51.552083333333336,Forward,0.03820196343095633,309.0047523573958,20005.0,20015.07238686125,ok,0.00047112891433747587,14535.719377126856,ok,73.65239000988731,69.24486492643655,0.10424403852511659,-2.1034013912485534,61.48965309742751,-0.0029770528238616963,1.2560026566024527,0.10798322478073272,0.012205692657117018
381,2,51.68728333333333,Forward,0.038315488972395284,308.07577031039546,20020.0,20015.394654418924,ok,0.0004766208619068622,14535.819472492163,ok,73.97465756755992,69.24532104838579,0.10470016047435554,-2.0033060259411286,61.489794767577195,-0.0028353826741775914,1.2560026566024527,0.10826140864560717,0.012205692657117018
382,2,51.823116666666664,Forward,0.0382037258841855,307.70217533503455,20005.0,20015.443464085998,ok,0.000473413456701624,14535.675422093831,ok,74.02346723463415,69.24539013123314,0.1047692433216902,-2.147356424273312,61.489590885594936,-0.00303926465643618,1.2560026566024527,0.10858656780429199,0.012205692657117018
383,2,51.959266666666664,Forward,0.03799608953348238,308.173736196346,20020.0,20016.216425317343,ok,0.00047379894634970974,14536.11355804144,ok,74.79642846597926,69.24648414325864,0.10586325534720552,-1.7092204766649957,61.490211002071746,-0.002419148179624111,1.2560026566024527,0.10890171188752838,0.012205692657117018
384,2,52.09458333333333,Forward,0.03798126697481777,307.20202541929757,20020.0,20016.3581740054,ok,0.0004702543099609476,14536.759107733747,ok,74.93817715403566,69.24668476751125,0.10606387959981499,-1.063670784356873,61.491124681953494,-0.001505468297874024,1.2560026566024527,0.10795475178137554,0.012205692657117018
385,2,52.23068333333333,Forward,0.037831284332290466,308.0192269807194,20020.0,20017.21723530148,ok,0.0004750637131027186,14537.114051507935,ok,75.7972384501154,69.24790064141341,0.1072797535019647,-0.7087270101692411,61.49162705224271,-0.001003098008658716,1.2560026566024527,0.10853964726567268,0.012205692657117018
386,2,52.36573333333333,Forward,0.03791343006930997,306.6234730492215,20015.0,20017.02823932103,ok,0.00047452821945212286,14536.931113626746,ok,75.60824246966513,69.24763314562318,0.10701225771174654,-0.8916648913582321,61.491368130793845,-0.0012620194575323823,1.2560026566024527,0.1085973575030912,0.012205692657117018
387,2,52.50131666666667,Forward,0.03774179134855196,306.4500349530135,20020.0,20017.406642934286,ok,0.0004749492843258135,14536.992303813731,ok,75.98664608292165,69.2481687198365,0.1075478319250621,-0.8304747043730458,61.4914547364316,-0.0011754138197711834,1.2560026566024527,0.10902415480530195,0.012205692657117018
388,2,52.63635,Forward,0.03761843227802317,306.23674908344765,20005.0,20017.799129312378,ok,0.00047418716448305244,14538.32460172006,ok,76.3791324610138,69.24872422611557,0.10810333820412417,0.5018232019556308,61.493340406594584,0.0007102563432148992,1.2560026566024527,0.10721125435017752,0.012205692657117018
389,2,52.7722,Forward,0.03753920320826945,306.2707370921562,20020.0,20017.979428412855,ok,0.0004758756299779011,14537.466105534797,ok,76.55943156149078,69.24897941276156,0.10835852485011956,-0.3566729833073623,61.49212533252302,-0.0005048177283557214,1.2560026566024527,0.10899257725803435,0.012205692657117018
390,2,52.90725,Forward,0.037551330210687406,304.7767825600822,20020.0,20018.831499018168,ok,0.00048106112665650334,14537.830274058304,ok,77.41150216680398,69.25018539237735,0.10956450446591294,0.0074955401996703586,61.492640759077254,1.060882588108959e-05,1.2560026566024527,0.10955117975242286,0.012205692657117018
391,2,53.04255,Forward,0.037430910361323205,305.77565612364197,20020.0,20018.849619255812,ok,0.00047830518928424957,14537.761841164158,ok,77.42962240444831,69.25021103888727,0.10959015097583374,-0.06093735394642863,61.49254390246129,-8.624779007928204e-05,1.2560026566024527,0.10969847842929942,0.012205692657117018
392,2,53.17733333333333,Forward,0.03738252409886317,303.11299350475747,20005.0,20019.157982792847,ok,0.00047453344250411074,14537.813165064532,ok,77.7379859414832,69.25064748175669,0.11002659384523814,-0.00961345357245591,61.49261654383311,-1.3606418263303915e-05,1.2560026566024527,0.11004368354272369,0.012205692657117018
393,2,53.313183333333335,Forward,0.03724287425957262,304.9619304115258,20020.0,20019.83040262752,ok,0.00047879760787650916,14537.876440858521,ok,78.41040577615422,69.25159919234125,0.11097830442979742,0.053662340416849474,61.49270610133838,7.595108700492985e-05,1.2560026566024527,0.11088290966274739,0.012205692657117018
394,2,53.44821666666667,Forward,0.0372520474855238,304.03057627687303,20010.0,20019.943928897203,ok,0.0004705780111604702,14539.007039434404,ok,78.52393204583859,69.25175987194484,0.11113898403339212,1.184260916299536,61.49430629600259,0.001676145751223363,1.2560026566024527,0.10903374051700267,0.012205692657117018
395,2,53.58273333333333,Forward,0.03708264589231705,303.75505340836753,20020.0,20020.32918095716,ok,0.000473781316745903,14538.064605344547,ok,78.90918410579616,69.25230513911912,0.11168425120767805,0.2418268264427752,61.492972420271514,0.00034227002014086997,1.2560026566024527,0.11125435915310575,0.012205692657117018
396,2,53.7183,Forward,0.037019277932246714,303.0787039331699,20020.0,20020.55843393475,ok,0.000465649947064877,14539.053587348075,ok,79.13843708338754,69.25262961272038,0.11200872480893968,1.230808829970556,61.49437217767331,0.0017420274219381113,1.2560026566024527,0.1098207337391111,0.012205692657117018
397,2,53.85308333333333,Forward,0.03692895950016953,303.30540070165443,20020.0,20021.2078549605,ok,0.00047167301249620344,14539.402011453094,ok,79.78785810913541,69.25354877190065,0.11292788398921874,1.5792329349897045,61.49486532033741,0.002235170086036582,1.2560026566024527,0.11012050442319846,0.012205692657117018
398,2,53.98918333333334,Forward,0.03681473921583725,303.5037088114768,20020.0,20021.511681391676,ok,0.0004727343714799336,14539.091372255087,ok,80.09168454031169,69.25397879316938,0.11335790525794114,1.2685937369824387,61.494425656607284,0.0017955063559100556,1.2560026566024527,0.11110274450497151,0.012205692657117018
399,2,54.12505,Forward,0.03674320202416981,302.0717946131117,20030.0,20021.797794773065,ok,0.0004667306865740766,14539.770742658238,ok,80.37779792170113,69.25438374424223,0.11376285633078627,1.9479641401339904,61.49538720469105,0.002757054439678243,1.2560026566024527,0.1102999886301528,0.012205692657117018
400,2,54.25983333333333,Forward,0.03654397278780511,301.8381753473077,20020.0,20022.697575861457,ok,0.0004771043681540786,14540.49043172194,ok,81.27757901009318,69.25565725097337,0.11503636306193132,2.6676532038363803,61.49640581786127,0.0037756676099042962,1.2560026566024527,0.11029411451344369,0.012205692657117018
401,2,54.39463333333333,Forward,0.0365538168485427,302.2833214010243,20020.0,20022.60062972253,ok,0.0004707778409767948,14541.224733240098,ok,81.18063287116456,69.25552003808673,0.11489915017528936,3.401954721994116,61.497445112794374,0.004814962543003016,1.2560026566024527,0.10885154442983627,0.012205692657117018
402,2,54.53021666666667,Forward,0.03638379332305278,301.4503514707649,20020.0,20023.1660498829,ok,0.00047360494940057164,14540.838778684902,ok,81.74605303153658,69.25632030649584,0.11569941858440393,3.016000166797312,61.49689885134222,0.004268701090856265,1.2560026566024527,0.11033791867404667,0.012205692657117018
403,2,54.66578333333333,Forward,0.03629429208741264,301.47451771660417,20020.0,20023.347696053588,ok,0.00047053570997192967,14540.592494420922,ok,81.92769920222418,69.25657739972002,0.1159565118085689,2.769715902817552,61.49655027248011,0.0039201222287312265,1.2560026566024527,0.11103282787507615,0.012205692657117018
404,2,54.80056666666667,Forward,0.03631579869613366,300.4994970649168,20020.0,20023.6856878896,ok,0.00047721558974430587,14541.403200153694,ok,82.26569103823567,69.25705577705399,0.11643488914255123,3.580421635590028,61.49769770625147,0.005067556000104047,1.2560026566024527,0.11007002534393885,0.012205692657117018
405,2,54.93505,Forward,0.036261839725761136,300.7183273491537,20020.0,20024.25540228448,ok,0.0004678688950069696,14541.374188065338,ok,82.83540543311756,69.2578621233154,0.1172412354039612,3.551409547233561,61.497656643941674,0.005026493690300935,1.2560026566024527,0.11092794597554775,0.012205692657117018
406,2,55.0701,Forward,0.03613689296792669,299.4428096492775,20020.0,20024.124165034387,ok,0.0004751468233938574,14541.23942509949,ok,82.70416818302328,69.25767637644483,0.11705548853338549,3.4166465813850664,61.49746590694316,0.004835756691789636,1.2560026566024527,0.11098176528181462,0.012205692657117018
407,2,55.20486666666667,Forward,0.03608949922314997,300.1097261604409,20020.0,20024.561322622467,ok,0.0004806961969739914,14541.854078262948,ok,83.14132577110286,69.25829510819878,0.11767422028733396,4.031299744843636,61.49833585736897,0.00570570711760146,1.2560026566024527,0.11050783698983101,0.012205692657117018
408,2,55.34045,Forward,0.03618866865270118,299.58776074863636,20020.0,20024.821751444448,ok,0.0004802521160656516,14542.352762544793,ok,83.40175459308375,69.25866370658571,0.11804281867426998,4.529984026688908,61.49904167103614,0.006411520784769219,1.2560026566024527,0.109989931535738,0.012205692657117018
409,2,55.475233333333335,Forward,0.036087694370539575,299.32901951881286,20020.0,20025.031228714404,ok,0.00047066845118086143,14542.20854381276,ok,83.6112318630403,69.25896019060471,0.11833930269327542,4.385765294655357,61.498837550802484,0.006207400551113112,1.2560026566024527,0.11054279111048182,0.012205692657117018
410,2,55.6108,Forward,0.03598098573769601,298.67015291138887,20020.0,20025.371894469652,ok,0.0004758294181610282,14542.449200347257,ok,83.95189761828806,69.25944235247495,0.11882146456350756,4.626421829152605,61.49917816444788,0.006548014196509878,1.2560026566024527,0.11059714133722058,0.012205692657117018
411,2,55.746383333333334,Forward,0.035962911447538326,298.77159403931364,20020.0,20025.83653681788,ok,0.0004846326124439508,14542.801195791342,ok,84.41653996651439,69.26009998483205,0.11947909692061646,4.9784172732379375,61.499676361812945,0.0070462115615780195,1.2560026566024527,0.11062903648029156,0.012205692657117018
412,2,55.8809,Forward,0.035728841878767986,298.36166400842194,20020.0,20026.096111437648,ok,0.0004689397091211958,14542.975835691956,ok,84.6761145862838,69.2604673742224,0.11984648631096419,5.153057173851266,61.49992353870056,0.007293388449186344,1.2560026566024527,0.1106859710431525,0.012205692657117018
413,2,56.0162,Forward,0.03576329636901096,298.4126575314076,20020.0,20026.229385653056,ok,0.00047886608909132486,14543.08443375593,ok,84.80938880169197,69.26065600411539,0.12003511620394591,5.261655237825835,61.500077243159616,0.0074470929082432495,1.2560026566024527,0.1106815477272271,0.012205692657117018
414,2,56.15125,Forward,0.03571999185067326,297.85258318671185,20035.0,20026.481070943293,ok,0.00047708824095605266,14543.271749017125,ok,85.06107409192919,69.26101222732943,0.12039133941799465,5.448970499021016,61.500342360140905,0.00771220988953539,1.2560026566024527,0.11070478330846249,0.012205692657117018
415,2,56.28628333333333,Forward,0.03560136379409157,298.3240802008877,20020.0,20026.926347848133,ok,0.0004766242265481642,14543.9235047186,ok,85.50635099676947,69.26164245077251,0.12102156286106669,6.100726200495046,61.50126482370854,0.00863467345717118,1.2560026566024527,0.110176390059965,0.012205692657117018
416,2,56.42106666666667,Forward,0.035575929733224765,298.0074320289277,20020.0,20027.121941845824,ok,0.00047790957636009165,14543.928378906465,ok,85.70194499446006,69.26191928507792,0.12129839716648166,6.105600388360472,61.501271722398826,0.008641572147458811,1.2560026566024527,0.11044455959205163,0.012205692657117018
417,2,56.55583333333333,Forward,0.03548729639888823,297.94886830924224,20020.0,20027.62892287235,ok,0.0004777951108831379,14543.69551187105,ok,86.20892602098684,69.26263684155714,0.1220159536456898,5.872733352945943,61.50094213363453,0.008311983383160422,1.2560026566024527,0.11157608043480487,0.012205692657117018
418,2,56.69146666666666,Forward,0.035516596904335174,296.1082083198489,20020.0,20027.830266785026,ok,0.0004730408238271728,14544.318373221231,ok,86.41026993366177,69.26292181401473,0.12230092610329595,6.495594703126699,61.50182370153172,0.00919355128035062,1.2560026566024527,0.11075380127156469,0.012205692657117018
419,2,56.8265,Forward,0.03545704407020067,297.16831103484947,20020.0,20028.121350690442,ok,0.00047287176269787017,14544.212087860991,ok,86.70135383907837,69.26333380012743,0.12271291221598306,6.389309342886918,61.50167327036193,0.009043120110554173,1.2560026566024527,0.11135472933315195,0.012205692657117018
420,2,56.96208333333333,Forward,0.035272235348552367,296.4762289654427,20035.0,20028.327244787386,ok,0.00048539210705888516,14544.60483874078,ok,86.90724793602203,69.26362521269627,0.12300432478482175,6.782060222676591,61.50222915100393,0.009599000752554683,1.2560026566024527,0.11094795433888412,0.012205692657117018
421,2,57.097116666666665,Forward,0.035297083275970004,294.8357213272611,20035.0,20028.67062889639,ok,0.00046865176063800315,14544.142696899547,ok,87.25063204502658,69.26411122199322,0.12349033408177976,6.319918381443131,61.50157505774375,0.008944907492374777,1.2560026566024527,0.11225550650829386,0.012205692657117018
422,2,57.23243333333333,Forward,0.03509502864986774,296.7392969497341,20020.0,20029.015859033618,ok,0.00048177548380682895,14545.530872234322,ok,87.59586218225377,69.26459984406944,0.12397895615799903,7.708093716217263,61.50353981412243,0.010909663871066427,1.2560026566024527,0.11027638935329981,0.012205692657117018
423,2,57.36725,Forward,0.03503096527954261,297.3060097199341,20005.0,20029.452901217468,ok,0.00048581037836607424,14545.130524003745,ok,88.03290436610405,69.26521841248581,0.1245975245743705,7.307745485641135,61.502973180556765,0.010343030305393438,1.2560026566024527,0.11160665103347667,0.012205692657117018
424,2,57.50205,Forward,0.03506856200526637,294.87806916792033,20020.0,20029.204353908826,ok,0.0004714191682450324,14543.872537102128,ok,87.78435705746233,69.26486663061948,0.12424574270804024,6.049758584023948,61.50119268660377,0.008562536352397888,1.2560026566024527,0.11349117430217343,0.012205692657117018
425,2,57.6379,Forward,0.03488409314602911,295.6268333291591,20020.0,20030.25172531702,ok,0.0004768375534667161,14546.48037507684,ok,88.83172846565503,69.2663490295669,0.1257281416554619,8.657596558736259,61.50488369462492,0.012253544373545307,1.2560026566024527,0.11033765736949296,0.012205692657117018
426,2,57.77268333333333,Forward,0.0349548831606421,293.972240447285,20020.0,20030.237445889645,ok,0.00047509767358522894,14546.314786665329,ok,88.81744903828076,69.2663288191545,0.12570793124304866,8.492008147224624,61.50464932877818,0.012019178526807483,1.2560026566024527,0.11061181108319931,0.012205692657117018
427,2,57.90773333333333,Forward,0.03484113155899149,294.30016515114767,20035.0,20030.02038186229,ok,0.00047411582028392775,14546.075559311179,ok,88.6003850109264,69.26602159720518,0.12540070929374184,8.252780793074635,61.50431073792568,0.01168058767430527,1.2560026566024527,0.11072986014413655,0.012205692657117018
428,2,58.04333333333334,Forward,0.034683698433292276,294.35920742768576,20020.0,20030.94361210627,ok,0.00047285917241618686,14545.92550132506,ok,89.52361525490778,69.26732829273955,0.12670740482810572,8.10272280695608,61.50409835309358,0.011468202842206216,1.2560026566024527,0.11230331159183891,0.012205692657117018
429,2,58.1781,Forward,0.03469281682355488,294.6911846267067,20020.0,20030.977106001465,ok,0.0004764197409888623,14546.034883345572,ok,89.55710915010059,69.26737569838247,0.1267548104710233,8.212104827467556,61.50425316712689,0.011623016875513523,1.2560026566024527,0.11215627039764317,0.012205692657117018
430,2,58.31315,Forward,0.034733384326416566,293.3930531789629,20035.0,20031.36206659939,ok,0.00047217943121885065,14545.80878593608,ok,89.94206974802728,69.26792055303545,0.12729966512401603,7.986007417975998,61.50393315976443,0.011303009513059934,1.2560026566024527,0.11310305514800996,0.012205692657117018
431,2,58.44845,Forward,0.03460565198184809,294.31199110307716,20020.0,20031.439526785653,ok,0.00047631864833651305,14546.60646215031,ok,90.01952993428858,69.26803018644505,0.12740929853359992,8.783683632205793,61.50506215218404,0.01243200193266203,1.2560026566024527,0.11179467107928959,0.012205692657117018
432,2,58.584,Forward,0.034486035806324034,292.9186122264655,20035.0,20031.96924776971,ok,0.0004753387016466947,14546.385585749083,ok,90.54925091834593,69.26877992796275,0.1281590400513188,8.56280723097916,61.50474953438473,0.012119384133352772,1.2560026566024527,0.11293706138344212,0.012205692657117018
433,2,58.7193,Forward,0.03456868003809005,293.32587648349727,20020.0,20031.966424730184,ok,0.00047109594967673573,14546.959132597747,ok,90.5464278788204,69.26877593236884,0.12815504445740775,9.136354079642842,61.50556130491627,0.012931154664900081,1.2560026566024527,0.11191347984535605,0.012205692657117018
434,2,58.85406666666667,Forward,0.03446843087108076,293.0399354977526,20020.0,20032.43195912496,ok,0.00047964006465058424,14547.01860221764,ok,91.01196227359469,69.2694348272856,0.12881393937415253,9.19582369953605,61.5056454753464,0.013015325095029904,1.2560026566024527,0.11246665647825041,0.012205692657117018
435,2,58.98895,Forward,0.034375224892084916,292.4653211979821,20035.0,20032.52723777689,ok,0.0004717146279239317,14546.513718533692,ok,91.10724092552482,69.2695696800916,0.12894879218016592,8.69094001558733,61.50493088734467,0.012300737093293806,1.2560026566024527,0.11349903371282057,0.012205692657117018
436,2,59.12371666666667,Forward,0.03423253727157938,292.3385104768968,20020.0,20032.429280890203,ok,0.0004712037175194649,14547.2223591077,ok,91.00928403883881,69.26943103664136,0.12881014872992452,9.399580589595644,61.505933863015755,0.013303712764381555,1.2560026566024527,0.11210065015518533,0.012205692657117018
437,2,59.25906666666667,Forward,0.034296615752529624,291.5879599974869,20030.0,20033.35170776304,ok,0.0004802123502705138,14547.362021928207,ok,91.9317109116746,69.27073659512298,0.13011570721153778,9.539243410103154,61.5061315350321,0.013501384780721512,1.2560026566024527,0.11315793205913964,0.012205692657117018
438,2,59.39436666666667,Forward,0.034150847196383616,292.2993249840947,20020.0,20033.082134658747,ok,0.00047017337371141,14548.563027429282,ok,91.66213780738326,69.27035505436014,0.1297341664487016,10.740248911177332,61.507831380260555,0.01520123000917977,1.2560026566024527,0.11064138117354687,0.012205692657117018
439,2,59.52941666666667,Forward,0.034213834370651314,291.618945551003,20045.0,20033.358986035582,ok,0.0004642078424555974,14548.185262746296,ok,91.93898918421837,69.27074689643871,0.13012600852726355,10.362484228191533,61.507296710358304,0.014666560106936087,1.2560026566024527,0.11170477006973227,0.012205692657117018
440,2,59.66445,Forward,0.03423917358823328,292.17065929585806,20035.0,20033.770999831562,ok,0.00046917933826393245,14548.202567114478,ok,92.35100298019825,69.2713300408827,0.13070915297125565,10.379788596374055,61.507321202125965,0.014691051874592635,1.2560026566024527,0.11225715278848286,0.012205692657117018
441,2,59.799533333333336,Forward,0.03406661590083232,290.8282950592329,20020.0,20033.94838763285,ok,0.0004752420839990962,14548.564435036265,ok,92.52839078148463,69.27158110701632,0.13096021910486927,10.741656518161108,61.50783337251955,0.015203222268176731,1.2560026566024527,0.11186493154712172,0.012205692657117018
442,2,59.93483333333333,Forward,0.03406719005587164,292.06523359827406,20020.0,20034.048392110086,ok,0.00046522246874287644,14548.172732636318,ok,92.62839525872187,69.2717226485274,0.13110176061596487,10.349954118213645,61.507278975845324,0.014648825593947661,1.2560026566024527,0.1127027967538606,0.012205692657117018
443,2,60.0704,Forward,0.034089975821382956,290.80554815726646,20020.0,20034.024777683346,ok,0.0004811974853591817,14548.153369021444,ok,92.60478083198177,69.27168922580738,0.13106833789593483,10.330590503339408,61.50725156951927,0.014621419267898167,1.2560026566024527,0.11270379645215645,0.012205692657117018
444,2,60.205983333333336,Forward,0.0339854100476136,291.87434129713074,20035.0,20034.550659135013,ok,0.000468273405121163,14548.019339645054,ok,93.13066228364914,69.27243353303624,0.13181264512479596,10.196561126949746,61.507061870807874,0.01443172055650556,1.2560026566024527,0.11368636576648075,0.012205692657117018
445,2,60.34128333333334,Forward,0.03388108140641269,290.69048833352645,20045.0,20034.905892255076,ok,0.0004736547390063833,14549.191595657137,ok,93.48589540371177,69.27293631285164,0.13231542494019957,11.368817139033126,61.508721025397,0.016090875145630432,1.2560026566024527,0.11210524301022937,0.012205692657117018
446,2,60.47605,Forward,0.03395856573481104,290.26273409096757,20035.0,20034.80991144094,ok,0.00047606999547582934,14548.937627714979,ok,93.38991458957753,69.27280046623913,0.1321795783276872,11.114849196874275,61.50836157142758,0.015731421176207336,1.2560026566024527,0.11242087153823871,0.012205692657117018
447,2,60.61165,Forward,0.03394670042581627,290.40059032948557,20050.0,20034.871756347307,ok,0.00047048830758159835,14548.62264198728,ok,93.4517594959434,69.27288799853511,0.13226711062366459,10.799863469175762,61.50791575582908,0.015285605577709343,1.2560026566024527,0.11306834941028437,0.012205692657117018
448,2,60.746966666666665,Forward,0.033794877492317216,291.68663809354985,20035.0,20034.999947376855,ok,0.0004737864436587216,14549.125263524034,ok,93.57995052549086,69.27306943393212,0.13244854602068193,11.302485005930066,61.50862714209684,0.015996991845472482,1.2560026566024527,0.11235628176512072,0.012205692657117018
449,2,60.88175,Forward,0.033754362905870666,290.50092373288135,20035.0,20035.166965827982,ok,0.00046935709771151965,14549.405879507529,ok,93.74696897661852,69.27330582378792,0.13268493587648184,11.583100989424565,61.509024312418006,0.01639416216662889,1.2560026566024527,0.11209382464242452,0.012205692657117018
450,2,61.017316666666666,Forward,0.03377283301451625,290.159468444861,20045.0,20035.08730698199,ok,0.0004748632086917388,14549.208946683528,ok,93.66731013062599,69.27319307850146,0.13257219059001665,11.386168165423442,61.50874558320243,0.016115432951062672,1.2560026566024527,0.11233116399118323,0.012205692657117018
451,2,61.15213333333333,Forward,0.03377105657592122,290.0642484294003,20035.0,20035.515945839663,ok,0.00047808408660029826,14549.679506730956,ok,94.09594898829891,69.27379975325547,0.13317886534404186,11.856728212851522,61.50941159118542,0.01678144093404718,1.2560026566024527,0.11210133094926145,0.012205692657117018
452,2,61.2874,Forward,0.033808403153090166,290.48126433590005,20020.0,20035.32225645869,ok,0.0004735821867169733,14549.408907204763,ok,93.90225960732641,69.27352561465266,0.13290472674121726,11.586128686658412,61.50902859767456,0.016398447423183977,1.2560026566024527,0.11230823321354254,0.012205692657117018
453,2,61.42245,Forward,0.03367997324030203,290.6887681581975,20035.0,20035.24224426065,ok,0.0004716923507713486,14549.810708284838,ok,93.82224740928723,69.27341236924876,0.1327914813373172,11.987929766733942,61.509597287533296,0.016967137281927246,1.2560026566024527,0.11148071183627806,0.012205692657117018
454,2,61.5575,Forward,0.03364685557760688,289.54139940773166,20040.0,20035.306178229202,ok,0.00047222302552973416,14549.10298968383,ok,93.88618137783851,69.27350285830254,0.13288197039109845,11.280211165725632,61.50859561677831,0.015965466526931406,1.2560026566024527,0.11282930201937506,0.012205692657117018
455,2,61.69338333333334,Forward,0.03366877569233326,290.2469836630371,20035.0,20035.676537352207,ok,0.0004690340989958026,14549.504771794082,ok,94.25654050084268,69.27402704673256,0.13340615882111942,11.68199327597722,61.509164279788074,0.01653412953670131,1.2560026566024527,0.11263924819841349,0.012205692657117018
456,2,61.8292,Forward,0.033757710786144424,289.9434165039347,20020.0,20035.49370201412,ok,0.00048013152339289447,14550.150951340314,ok,94.07370516275478,69.27376827041824,0.13314738250680253,12.328172822210036,61.51007885113467,0.017448700883301103,1.2560026566024527,0.11123176784311478,0.012205692657117018
457,2,61.9643,Forward,0.033724013308014694,290.8672432310741,20020.0,20035.769763558485,ok,0.0004769888604784073,14549.804992103145,ok,94.34976670712058,69.27415899460604,0.13353810669460295,11.982213585040881,61.50958919712558,0.016959046874208666,1.2560026566024527,0.11223749876715135,0.012205692657117018
458,2,62.0999,Forward,0.033717017463703675,290.01024500914355,20035.0,20035.033888268415,ok,0.0004659480661523776,14549.554370187385,ok,93.61389141705149,69.27311747223213,0.1324965843206875,11.731591669280533,61.50923447896045,0.016604328709078478,1.2560026566024527,0.11164150335098456,0.012205692657117018
459,2,62.23493333333333,Forward,0.034020593472070704,290.3983994923983,20020.0,20035.136972192246,ok,0.00048015376010588165,14549.671081961827,ok,93.71697534088162,69.27326337224332,0.1326424843318837,11.848303443723125,61.50939966717375,0.016769516922382825,1.2560026566024527,0.11157992652743108,0.012205692657117018
460,2,62.36976666666666,Forward,0.03392521296598858,290.3240174399507,20035.0,20034.855128306153,ok,0.00047301113699119136,14549.76999910483,ok,93.43513145478937,69.27286446400808,0.13224357609664616,11.947220586725962,61.50953966972445,0.016909519473075313,1.2560026566024527,0.11100517471659266,0.012205692657117018
461,2,62.5048,Forward,0.034003865391492916,291.0679400660447,20045.0,20034.15856488492,ok,0.0004705947970174313,14549.688710071729,ok,92.73856803355739,69.27187858175623,0.13125769384478245,11.86593155362425,61.50942461714982,0.016794466898444854,1.2560026566024527,0.11016379880411376,0.012205692657117018
462,2,62.6404,Forward,0.034076332963147715,291.4389442879219,20035.0,20034.02925731453,ok,0.00046658246275354674,14549.157489321944,ok,92.60926046316672,69.27169556606118,0.1310746781497373,11.334710803839698,61.508672752936064,0.016042602684690918,1.2560026566024527,0.11092512655894787,0.012205692657117018
463,2,62.77596666666667,Forward,0.034224733213420816,291.8466438103678,20035.0,20033.48850514987,ok,0.00047829158742877304,14549.198750882513,ok,92.06850829850737,69.27093021154278,0.13030932363133374,11.37597236440888,61.5087311525577,0.016101002306332563,1.2560026566024527,0.11008642196061783,0.012205692657117018
464,2,62.91101666666667,Forward,0.034300754076321854,293.2110405071544,20020.0,20032.504847796088,ok,0.00047212436708651004,14548.971564158583,ok,91.08485094472417,69.26953799039327,0.12891710248182964,11.148785640478309,61.50840960343216,0.015779453180789802,1.2560026566024527,0.10909806736702363,0.012205692657117018
465,2,63.04578333333333,Forward,0.034497790708382464,293.1168938966184,20020.0,20031.59482418338,ok,0.0004784411067334652,14548.897976883181,ok,90.17482733201541,69.26824998688748,0.12762909897604738,11.075198365077085,61.50830545155371,0.015675301302339507,1.2560026566024527,0.10794087889726507,0.012205692657117018
466,2,63.1811,Forward,0.034744108310708705,294.7141071253973,20035.0,20030.82636012895,ok,0.0004763108626645935,14548.16752643572,ok,89.40636327758693,69.26716233994915,0.12654145203771644,10.344747917615678,61.507271607240234,0.01464145698886056,1.2560026566024527,0.10815174316317702,0.012205692657117018
467,2,63.31563333333333,Forward,0.03504548165563537,295.0705714743199,20030.0,20029.81107340461,ok,0.0004735170595939998,14547.423739730133,ok,88.39107655324551,69.26572535211493,0.12510446420348487,9.600961212028778,61.50621888743058,0.013588737179207925,1.2560026566024527,0.10803697420652719,0.012205692657117018
468,2,63.4504,Forward,0.03529727424367918,297.41811787988627,20020.0,20028.06956222893,ok,0.00047432182270203284,14546.024051105796,ok,86.64956537756734,69.2632605012382,0.12263961332675236,8.201272587692074,61.504237835697445,0.011607685446074273,1.2560026566024527,0.10806032956947745,0.012205692657117018
469,2,63.584916666666665,Forward,0.03572205091933431,298.4464705843966,20020.0,20026.46507260557,ok,0.0004740465166180042,14545.664874760772,ok,85.04507575420575,69.26098958405427,0.12036869614282387,7.842096242668049,61.50372947483172,0.011099324580351264,1.2560026566024527,0.10642791498340978,0.012205692657117018
470,2,63.71995,Forward,0.03624353316941609,300.54703524139404,20020.0,20024.529758411067,ok,0.00047514547737988205,14544.703464144508,ok,83.10976155970275,69.25825043373717,0.11762954582573446,6.880685626403647,61.50236874064093,0.009738590389554897,1.2560026566024527,0.10539785042489039,0.012205692657117018
471,2,63.85525,Forward,0.0367195825048344,301.1781674081176,20035.0,20022.190346269734,ok,0.00047733847046237246,14543.417541220408,ok,80.77034941836973,69.25493934268698,0.114318454775539,5.594762702303342,61.50054870738984,0.007918557138464911,1.2560026566024527,0.10437272597316875,0.012205692657117018
472,2,63.9903,Forward,0.03724697853818157,305.20903336348056,20020.0,20019.48965980818,ok,0.00047082689290769254,14541.629805234748,ok,78.06966295681559,69.25111692139821,0.11049603348676998,3.8070267166440317,61.49801843214776,0.005388281896388059,1.2560026566024527,0.10372833711038368,0.012205692657117018
473,2,64.12586666666667,Forward,0.03798851875473169,307.16257018613396,20020.0,20016.56514650374,ok,0.0004721901952958793,14539.3805878426,ok,75.14514965237686,69.24697770639739,0.10635681848595058,1.5578093244948832,61.49483499839297,0.002204848141596361,1.2560026566024527,0.10358752336270056,0.012205692657117018
474,2,64.26116666666667,Forward,0.03865038975464316,310.4041314246024,20020.0,20013.760965918667,ok,0.0004629745516298578,14537.423270475432,ok,72.34096906730338,69.24300880452058,0.10238791660914057,-0.39950804267209605,61.49206470584711,-0.0005654444042591582,1.2560026566024527,0.10309811628305106,0.012205692657117018
475,2,64.39648333333334,Forward,0.03955440181811315,313.8208881319588,20005.0,20010.301303001208,ok,0.0004713441219793461,14535.380429411145,ok,68.88130614984402,69.23811216458259,0.0974912766711408,-2.4423491069592274,61.48917336718753,-0.003456783063841696,1.2560026566024527,0.10183300538262434,0.012205692657117018
476,2,64.53151666666666,Forward,0.04046916903214837,317.2698056313384,19995.0,20006.84448046995,ok,0.0004675348834949632,14533.176130073458,ok,65.42448361858624,69.23321954479015,0.09259865687870021,-4.6466484446464165,61.48605350827938,-0.006576641971989894,1.2560026566024527,0.10085893666704271,0.012205692657117018
477,2,64.66633333333333,Forward,0.0413379980316341,320.40049916980934,19995.0,20002.593534956926,ok,0.00046624458674741296,14530.777651313772,ok,61.17353810556233,69.22720296165186,0.0865820737404158,-7.045127204331948,61.48265881718799,-0.009971333063382421,1.2560026566024527,0.09910609455789199,0.012205692657117018
478,2,64.80118333333333,Forward,0.042487364816446854,324.21480694950515,19995.0,19998.386681321623,ok,0.00047878706178884693,14528.726253458151,ok,56.96668447025877,69.22124878402953,0.08062789611808419,-9.09652505995291,61.47975536765888,-0.012874782592487801,1.2560026566024527,0.09679865725742788,0.012205692657117018
479,2,64.93645,Forward,0.04343870314323364,329.3424970120868,19980.0,19993.566061755442,ok,0.0004728597877751002,14525.24825103996,ok,52.14606490407823,69.21442591172756,0.07380502381612093,-12.574527478143864,61.474832770876574,-0.017797379374800977,1.2560026566024527,0.09615857959143266,0.012205692657117018
480,2,65.0715,Forward,0.04470762876405812,333.75259686721984,19980.0,19988.810418002784,ok,0.0004762787937369676,14522.745719045552,ok,47.390421151420014,69.20769500305647,0.06707411514503392,-15.077059472552719,61.471290807858125,-0.0213393423932512,1.2560026566024527,0.09387638588110676,0.012205692657117018
481,2,65.2063,Forward,0.045952393362512944,338.77299690361906,19980.0,19983.488327854833,ok,0.00047050216535332405,14519.61547228177,ok,42.06833100346921,69.20016237349289,0.059541485581449505,-18.20730623633426,61.466860407647175,-0.02576974260420104,1.2560026566024527,0.09190835075228743,0.012205692657117018
482,2,65.3411,Forward,0.047243551038455844,343.66797800856875,19965.0,19978.850902779704,ok,0.000472128084478655,14516.189076206394,ok,37.43090592834051,69.19359878583302,0.05297789792157639,-21.633702311710294,61.462010851992076,-0.030619298259297344,1.2560026566024527,0.0914358178785567,0.012205692657117018
483,2,65.47613333333334,Forward,0.04855699388078252,347.9616794194553,19960.0,19972.982360620128,ok,0.00047792083126910797,14514.094222290416,ok,31.562363768764044,69.18529273446269,0.04467184655125378,-23.728556227688387,61.45904589685223,-0.03358425339914272,1.2560026566024527,0.08685375804058698,0.012205692657117018
484,2,65.61143333333334,Forward,0.050033532221864546,352.85797147427365,19955.0,19967.404529319534,ok,0.00046942937758474813,14510.45636185142,ok,25.984532468170073,69.17739814121313,0.03677725330169782,-27.366416666684017,61.45389704474165,-0.03873310550972256,1.2560026566024527,0.08542613672037246,0.012205692657117018
485,2,65.74595,Forward,0.05141752447303283,357.3330943304245,19940.0,19962.04574602391,ok,0.00047268335288829584,14506.548640731262,ok,20.6257491725446,69.16981357793907,0.029192690027621558,-31.274137786842402,61.44836624484581,-0.04426390540556461,1.2560026566024527,0.08478827280861037,0.012205692657117018
486,2,65.88151666666667,Forward,0.05272391035631549,362.5661794835687,19940.0,19956.94737758645,ok,0.00047224077267997845,14502.945220589192,ok,15.527380735085899,69.16259759328821,0.02197670537677266,-34.87755792891221,61.443266137869486,-0.049364012381885126,1.2560026566024527,0.08397803606897675,0.012205692657117018
487,2,66.01521666666666,Forward,0.05405873185417556,367.4157213972794,19955.0,19951.737409023226,ok,0.00046884946860893445,14501.098897716574,ok,10.317412171862088,69.15522365520492,0.014602767293481124,-36.72388080152996,61.44065294157488,-0.051977208676494586,1.2560026566024527,0.07988627947393837,0.012205692657117018
488,2,66.1508,Forward,0.05522221218199003,370.54201261369235,19940.0,19946.8057745661,ok,0.00047483181631382957,14497.857320558534,ok,5.385777714735013,69.14824365778364,0.007622769872195354,-39.9654579595699,61.436064969696446,-0.0565651805549291,1.2560026566024527,0.0786687869203837,0.012205692657117018
489,2,66.28585,Forward,0.05648811856158617,375.7732287892359,19940.0,19941.804011595585,ok,0.00048023932663667163,14495.266265060081,ok,0.38401474422062165,69.14116440384873,0.0005435159373018766,-42.55651345802289,61.43239771478231,-0.06023243546906277,1.2560026566024527,0.07619561490008052,0.012205692657117018
490,2,66.42168333333333,Forward,0.05780550645589366,379.3340027492668,19925.0,19937.141490549842,ok,0.0004749346114902261,14491.147343773177,ok,-4.278506301521702,69.13456529656314,-0.006055591348303957,-46.67543474492777,61.42656799236249,-0.0660621578888837,1.2560026566024527,0.07691865446102465,0.012205692657117018
491,2,66.55671666666667,Forward,0.05902342196284732,383.1073429688222,19930.0,19932.983900885312,ok,0.0004701563040293678,14489.357162507858,ok,-8.436095966051653,69.12868084478768,-0.011940043123768477,-48.46561601024587,61.424034256189586,-0.06859589406178603,1.2560026566024527,0.07421658204985518,0.012205692657117018
492,2,66.69228333333334,Forward,0.0602275084225552,387.6661448556042,19940.0,19928.12665301396,ok,0.0004727576958435398,14486.73885539682,ok,-13.2933438374057,69.12180613055017,-0.01881475736127658,-51.0839231212849,61.4203284306581,-0.07230171959327385,1.2560026566024527,0.07199639452480097,0.012205692657117018
493,2,66.82733333333333,Forward,0.06133828402033112,390.45735762314143,19915.0,19924.00474440575,ok,0.0004703566863670896,14484.545675154204,ok,-17.415252445614897,69.11597218001992,-0.024648707891510385,-53.277103363900096,61.41722430918053,-0.0754058410708391,1.2560026566024527,0.07006122881680586,0.012205692657117018
494,2,66.96265,Forward,0.06231399135248142,394.3514594329463,19925.0,19920.098752885566,ok,0.00047830805102204286,14481.993922906991,ok,-21.321243965798203,69.11044382811643,-0.03017705979501422,-55.828855611112886,61.41361268219152,-0.07901746805985185,1.2560026566024527,0.06906909000615916,0.012205692657117018
495,2,67.09823333333334,Forward,0.06341301959376891,396.9066444360942,19915.0,19916.235428245865,ok,0.0004791868663322352,14480.862838255034,ok,-25.184568605498498,69.10497586485656,-0.035645023054887884,-56.959940263070166,61.412011799558684,-0.08061835069268936,1.2560026566024527,0.06561183958603813,0.012205692657117018
496,2,67.23328333333333,Forward,0.06439265473366632,400.86137177786077,19910.0,19912.612148220935,ok,0.00047386238925273586,14479.544917693134,ok,-28.807848630429362,69.09984764916042,-0.04077323875101769,-58.27786082497005,61.410146478395184,-0.08248367185618849,1.2560026566024527,0.06282647222668,0.012205692657117018
497,2,67.36805,Forward,0.06520764956426667,403.5168686832694,19900.0,19909.40784230784,ok,0.0004777291463508673,14477.832136861163,ok,-32.01215454352496,69.09531242920346,-0.045308458707982495,-59.99064165694108,61.40772229106047,-0.0849078591908982,1.2560026566024527,0.06133603800221262,0.012205692657117018
498,2,67.50338333333333,Forward,0.06613064919978576,405.7207142622683,19900.0,19906.30000709384,ok,0.00046990580290070014,14476.283900830425,ok,-35.11998975752431,69.09091374921854,-0.04970713869290044,-61.538877687678905,61.40553099249688,-0.08709915775449596,1.2560026566024527,0.0596896348345826,0.012205692657117018
499,2,67.63841666666667,Forward,0.06691242362810587,409.5177857944218,19890.0,19903.59118840034,ok,0.0004698569494216742,14475.262779148643,ok,-37.82880845102409,69.08707981796113,-0.053541069950322505,-62.559999369461366,61.40408574614547,-0.08854440410590796,1.2560026566024527,0.05767093683397901,0.012205692657117018
500,2,67.77346666666666,Forward,0.06763409669004014,411.3005420868867,19900.0,19900.944045257547,ok,0.00047975594571677535,14474.58809828195,ok,-40.47595159381672,69.08333317930185,-0.057287708609593826,-63.23468023615351,61.40313083540529,-0.08949931484607773,1.2560026566024527,0.055123668601179135,0.012205692657117018
501,2,67.90823333333333,Forward,0.06837208799947098,413.28251447301955,19900.0,19898.615323323425,ok,0.0004813888888010393,14473.936474750166,ok,-42.804673527938576,69.08003721865505,-0.06058366925638743,-63.88630376793844,61.40220855890426,-0.09042159134711378,1.2560026566024527,0.05298608968980882,0.012205692657117018
502,2,68.04301666666667,Forward,0.06901649738125709,415.549851537573,19890.0,19896.23770342426,ok,0.0004729768324506455,14472.724164185489,ok,-45.182293427104014,69.07667205018824,-0.06394883772320044,-65.0986143326154,61.40049271303433,-0.09213743721703904,1.2560026566024527,0.051776028193942294,0.012205692657117018
503,2,68.17911666666667,Forward,0.06958914262946728,416.6803388078697,19900.0,19894.34201572772,ok,0.00047784100095460766,14471.973910078092,ok,-47.07798112364253,69.07398898530408,-0.06663190260735453,-65.84886844001267,61.39943083957626,-0.09319931067511215,1.2560026566024527,0.050426679194103666,0.012205692657117018
504,2,68.31443333333333,Forward,0.07028850393772185,419.36212813195016,19900.0,19891.954363407716,ok,0.00048189281004404507,14471.889507384272,ok,-49.465633443647675,69.07060961743295,-0.0700112704784825,-65.93327113383202,61.39931138007651,-0.09331877017486426,1.2560026566024527,0.04719735277202074,0.012205692657117018
505,2,68.4508,Forward,0.07079850148437514,420.3282857175436,19875.0,19890.032173756055,ok,0.0004811317144501745,14472.306294290178,ok,-51.387823095308704,69.06788904296045,-0.07273184495099363,-65.51648422792641,61.39990128014995,-0.09272887010142257,1.2560026566024527,0.043735862240136855,0.012205692657117018
506,2,68.58558333333333,Forward,0.07151902289455161,422.1268465674657,19890.0,19887.86065247751,ok,0.0004815493527635322,14471.499976587003,ok,-53.5593443738544,69.06481557653541,-0.07580531137602668,-66.32280193110091,61.39876005698392,-0.09387009326745863,1.2560026566024527,0.04209577514342136,0.012205692657117018
507,2,68.72063333333334,Forward,0.07191600734577944,424.49284842626,19875.0,19886.143747300004,ok,0.00048352855819555884,14470.161819819887,ok,-55.2762495513598,69.06238555180107,-0.07823533611037431,-67.66095869821766,61.3968660944721,-0.095764055779269,1.2560026566024527,0.04204457235541302,0.012205692657117018
508,2,68.85568333333333,Forward,0.07239727132770013,425.2843404518244,19875.0,19884.44041768332,ok,0.0004772492561999875,14470.458664695523,ok,-56.97957916804444,69.05997474126038,-0.08064614665106158,-67.3641138225812,61.397286234384026,-0.09534391586734386,1.2560026566024527,0.03910606496920306,0.012205692657117018
509,2,68.99098333333333,Forward,0.07250634617141336,426.0949195127796,19875.0,19882.986725641706,ok,0.0004876828049672294,14470.302351379969,ok,-58.433271209658415,69.05791725569651,-0.08270363221492881,-67.52042713813535,61.397064996060514,-0.09556515419085825,1.2560026566024527,0.03732645532741216,0.012205692657117018
510,2,69.12656666666666,Forward,0.07310411070015793,427.23423841986005,19875.0,19881.906254050657,ok,0.00048674644221597107,14470.897721036756,ok,-59.513742800707405,69.05638800834761,-0.0842328795638266,-66.92505748134863,61.39790765354156,-0.0947224967098121,1.2560026566024527,0.034738827943714495,0.012205692657117018
511,2,69.26161666666667,Forward,0.0735156780054606,428.4126457088969,19885.0,19880.58175321024,ok,0.0004831332169462335,14469.675137599308,ok,-60.83824364112297,69.05451337377545,-0.08610751413598772,-68.14764091879624,61.39617726794326,-0.09645288230811175,1.2560026566024527,0.03503756227996435,0.012205692657117018
512,2,69.39775,Forward,0.07380394592769063,429.59985578421765,19860.0,19879.591602376873,ok,0.00047783581603944177,14469.414100238433,ok,-61.82839447449078,69.0531119620683,-0.0875089258431355,-68.40867827967122,61.39580780825974,-0.09682234199163177,1.2560026566024527,0.034100192916825214,0.012205692657117018
513,2,69.53331666666666,Forward,0.07404685486625534,430.25566682316276,19860.0,19878.61128920217,ok,0.0004835430558891193,14469.724048537333,ok,-62.80870764919382,69.05172447410848,-0.08889641380295193,-68.09872998077117,61.39624649412461,-0.09638365612676039,1.2560026566024527,0.03216171434531638,0.012205692657117018
514,2,69.66758333333334,Forward,0.07440164754421011,430.8882152820697,19875.0,19877.56993877982,ok,0.00047879165802053693,14469.46374003979,ok,-63.85005807154448,69.05025059697387,-0.09037029093757168,-68.35903847831469,61.395878066039074,-0.09675208421229434,1.2560026566024527,0.031150583864894235,0.012205692657117018
515,2,69.80296666666666,Forward,0.07471750126180302,431.25621390661036,19860.0,19876.70577006295,ok,0.00047814402720731714,14468.829127387426,ok,-64.71422678841554,69.04902749427481,-0.09159339363663703,-68.9936511306787,61.39497986591587,-0.0976502843355039,1.2560026566024527,0.031055622906740743,0.012205692657117018
516,2,69.93826666666666,Forward,0.0749827394759422,431.5170419988426,19860.0,19875.569430044714,ok,0.00047739147779120067,14469.33252930345,ok,-65.85056680665002,69.04741917345015,-0.0932017144612914,-68.49024921465389,61.395692356694795,-0.0969377935565806,1.2560026566024527,0.028552411770953953,0.012205692657117018
517,2,70.07356666666666,Forward,0.07519342586393149,433.0044762233083,19845.0,19875.009923535294,ok,0.00048018267515834124,14469.433520062581,ok,-66.41007331607034,69.04662727493721,-0.09399361297422812,-68.3892584555233,61.39583529414168,-0.09679485610968884,1.2560026566024527,0.027580983444993212,0.012205692657117018
518,2,70.2086,Forward,0.0753538318516645,432.83738472286495,19860.0,19874.35882333938,ok,0.00048378109278509083,14469.578511914666,ok,-67.06117351198554,69.04570573914052,-0.09491514877092913,-68.24426660343852,61.39604050861215,-0.09658964163922121,1.2560026566024527,0.02640169772821159,0.012205692657117018
519,2,70.34525,Forward,0.07550557093629545,434.085245958162,19860.0,19873.425805295585,ok,0.000486040682239016,14469.67067885976,ok,-67.99419155577925,69.04438519042662,-0.0962356974848107,-68.15209965834401,61.39617095725848,-0.09645919299289915,1.2560026566024527,0.024917305167999323,0.012205692657117018
520,2,70.48003333333334,Forward,0.07576893433202564,435.4560417368375,19860.0,19872.84205708005,ok,0.00047945370920397546,14469.349733226181,ok,-68.57793977131223,69.04355898137271,-0.09706190653873031,-68.47304529192297,61.3957167062968,-0.096913443954569,1.2560026566024527,0.02466163652870125,0.012205692657117018
521,2,70.6151,Forward,0.07602856552515028,434.75019201679606,19860.0,19872.277724372943,ok,0.0004740758173818081,14469.467528004387,ok,-69.14227247842064,69.04276025209246,-0.09786063581897356,-68.35525051371769,61.395883427341374,-0.0967467229100022,1.2560026566024527,0.02365350517357058,0.012205692657117018
522,2,70.75066666666666,Forward,0.07614212290509506,435.4398328590032,19860.0,19871.61775180671,ok,0.0004811878743945321,14469.315666100323,ok,-69.80224504465514,69.04182615877097,-0.09879472914046433,-68.50711241778117,61.395668489330866,-0.09696166092050758,1.2560026566024527,0.022989374564279408,0.012205692657117018
523,2,70.88625,Forward,0.0763538219387827,436.2569936731743,19860.0,19871.09543523846,ok,0.00047288630226780004,14468.366269299515,ok,-70.32456161290247,69.04108689710608,-0.0995339908053658,-69.45650921858942,61.394324758914706,-0.0983053913366664,1.2560026566024527,0.023937841871830928,0.012205692657117018
524,2,71.02101666666667,Forward,0.07645556712099802,436.74208395558526,19860.0,19870.580792135523,ok,0.0004804568478839856,14469.785091122332,ok,-70.83920471584133,69.04035849609366,-0.10026239181777345,-68.03768739577208,61.39633289085364,-0.09629725939772739,1.2560026566024527,0.020687221809307654,0.012205692657117018
525,2,71.15686666666667,Forward,0.07668104978237375,436.553824711129,19860.0,19870.09380552835,ok,0.00047918760392186126,14469.89852968052,ok,-71.32619132301261,69.03966923875073,-0.10095164916071049,-67.92424883758395,61.39649344631462,-0.09613670393675171,1.2560026566024527,0.019796306380853126,0.012205692657117018
526,2,71.29191666666667,Forward,0.07686124397146313,436.9747367751588,19845.0,19869.697630783525,ok,0.00048550355275296675,14469.401918017664,ok,-71.72236606783918,69.03910851213539,-0.10151237577605637,-68.42086050044054,61.39579056613235,-0.09683958411902273,1.2560026566024527,0.02011839914171286,0.012205692657117018
527,2,71.42698333333334,Forward,0.07694112996857752,437.3750146071252,19860.0,19869.296539751056,ok,0.0004755721698720961,14468.64738414376,ok,-72.12345710030786,69.03854082724376,-0.10208006066768217,-69.17539437434425,61.394722635299296,-0.09790751495207736,1.2560026566024527,0.020892038213471353,0.012205692657117018
528,2,71.562,Forward,0.07703173610169475,438.03585610603113,19860.0,19868.806470180556,ok,0.00047280041685859316,14469.038050674428,ok,-72.61352667080791,69.0378472064233,-0.10277368148813806,-68.78472784367659,61.395275565854135,-0.09735458439723825,1.2560026566024527,0.019503935147220874,0.012205692657117018
529,2,71.69811666666666,Forward,0.07715833865668631,438.9870280407122,19860.0,19868.34627001458,ok,0.0004845328129664295,14468.729265640772,ok,-73.07372683678477,69.03719586131658,-0.10342502659486055,-69.09351287733261,61.39483852641875,-0.09779162383261973,1.2560026566024527,0.019401512732377557,0.012205692657117018
530,2,71.83291666666666,Forward,0.07736721879401567,438.4991072574958,19860.0,19867.77632554613,ok,0.0004776562586043805,14469.332656514893,ok,-73.64367130523533,69.03638918942015,-0.10423169849129679,-68.49012200321158,61.395692536743724,-0.09693761350764409,1.2560026566024527,0.017522201599005985,0.012205692657117018
531,2,71.9685,Forward,0.07736590523644074,438.3154580724404,19860.0,19867.48647446276,ok,0.0004789120020396394,14468.554612365417,ok,-73.93352238860462,69.0359789481843,-0.1046419397271513,-69.26816615268763,61.39459133060118,-0.09803881965019201,1.2560026566024527,0.018495078203658602,0.012205692657117018
532,2,72.10355,Forward,0.07758415384439021,439.0152173714705,19860.0,19867.375576138307,ok,0.0004877785854417127,14468.360832544558,ok,-74.04442071305675,69.03582198804756,-0.10479889986388288,-69.46194597354588,61.39431706399411,-0.09831308625726648,1.2560026566024527,0.018682597654029895,0.012205692657117018
533,2,72.2386,Forward,0.07751822005439687,439.76001091407306,19860.0,19867.060984263946,ok,0.0004778382126890784,14468.75054616252,ok,-74.35901258741796,69.03537672989006,-0.10524415802137371,-69.07223235558376,61.39486864584229,-0.09776150440908543,1.2560026566024527,0.017544551229889987,0.012205692657117018
534,2,72.37336666666667,Forward,0.07765936834451964,439.66524917644347,19860.0,19866.7016989509,ok,0.0004791988268872707,14469.027810537958,ok,-74.71829790046468,69.03486821479626,-0.1057526731151775,-68.79496798014588,61.39526107245914,-0.09736907779223146,1.2560026566024527,0.0165431472627961,0.012205692657117018
535,2,72.50815,Forward,0.07770351890198013,439.4736150525714,19860.0,19866.531935717667,ok,0.00047934678705003237,14468.579823504853,ok,-74.88806113369719,69.03462794010832,-0.10599294780311176,-69.24295501325105,61.39462701323131,-0.09800313702006505,1.2560026566024527,0.017099252649464117,0.012205692657117018
536,2,72.64293333333333,Forward,0.07782385024555882,440.06833697516413,19845.0,19866.120969792428,ok,0.00048213509791307946,14468.59604985285,ok,-75.29902705893619,69.03404627877002,-0.10657460914142507,-69.226728665255,61.394649979221214,-0.09798017103015766,1.2560026566024527,0.016488745966815627,0.012205692657117018
537,2,72.77943333333333,Forward,0.07795785077162115,440.32841346754503,19860.0,19865.84599143829,ok,0.00048240832725590405,14468.141014775787,ok,-75.57400541307288,69.0336570876774,-0.10696380023404746,-69.68176374231734,61.39400594453208,-0.09862420571928586,1.2560026566024527,0.01690846415468239,0.012205692657117018
538,2,72.9142,Forward,0.07800287856370458,440.8357023574208,19860.0,19865.720969423975,ok,0.0004812796660710229,14468.825004414355,ok,-75.6990274273885,69.0334801375516,-0.10714075035983503,-68.99777410374918,61.39497403045875,-0.09765611979262268,1.2560026566024527,0.015515595533186419,0.012205692657117018
539,2,73.04955,Forward,0.07812307751151354,440.59684285266485,19860.0,19865.30218208076,ok,0.00047043093532848354,14468.716307875724,ok,-76.11781477060504,69.03288740615574,-0.1077334817557101,-69.10647064238037,61.39482018662342,-0.09780996362795641,1.2560026566024527,0.015116092403192422,0.012205692657117018
540,2,73.18405,Forward,0.07816827900271642,441.3360185436395,19870.0,19865.165586805888,ok,0.00048465001989896474,14469.031944513597,ok,-76.2544100454761,69.03269407579545,-0.10792681211598894,-68.7908340045069,61.39526692348876,-0.09736322676260821,1.2560026566024527,0.014361659353233996,0.012205692657117018
541,2,73.3196,Forward,0.07824636736154522,440.9776178225802,19860.0,19864.90035688567,ok,0.0004738513462776436,14468.986012670615,ok,-76.51963996569248,69.03231868216577,-0.10830220574567749,-68.836765847489,61.39520191377477,-0.09742823647660001,1.2560026566024527,0.01406791809702411,0.012205692657117018
542,2,73.45545,Forward,0.07823114508251972,440.9702495317033,19860.0,19864.75825035958,ok,0.0004796246907154799,14468.383186790174,ok,-76.66174649178356,69.03211755144648,-0.10850333646497283,-69.43959172793075,61.39434870311459,-0.09828144713678728,1.2560026566024527,0.014938422233565521,0.012205692657117018
543,2,73.59131666666667,Forward,0.07829956839426674,441.15757818302154,19860.0,19864.526553172665,ok,0.00048203569112739074,14468.595912034201,ok,-76.89344367869853,69.03178961842929,-0.10883126948215914,-69.226866483903,61.394649784159355,-0.09798036609202122,1.2560026566024527,0.01423233062430039,0.012205692657117018
544,2,73.72745,Forward,0.07841519361112714,441.25441265825793,19860.0,19864.46834111659,ok,0.00048039367891920234,14468.647510851964,ok,-76.95165573477425,69.03170722789429,-0.10891366001714882,-69.17526766613992,61.39472281463597,-0.09790733561539959,1.2560026566024527,0.014058213616661,0.012205692657117018
545,2,73.86255,Forward,0.0784322785206881,441.25280890432623,19860.0,19864.28850784666,ok,0.00048732307031634276,14468.113728222952,ok,-77.13148900470333,69.03145270056237,-0.10916818734906661,-69.70905029515234,61.39396732446199,-0.09866282578938225,1.2560026566024527,0.014752583950302475,0.012205692657117018
546,2,73.99758333333334,Forward,0.07850830256938829,442.2071493175936,19855.0,19864.144743112734,ok,0.00047381189586411795,14468.808286378677,ok,-77.27525373862954,69.03124922289572,-0.1093716650157105,-69.0144921394276,61.39495036855783,-0.09767978169354798,1.2560026566024527,0.013314400287733383,0.012205692657117018
547,2,74.13265,Forward,0.07850479606652155,442.0460452338084,19860.0,19863.91260653928,ok,0.0004834157416949591,14469.396748417907,ok,-77.50739031208286,69.03092066799204,-0.1097002199193994,-68.42603010019775,61.39578324933032,-0.09684690092104609,1.2560026566024527,0.011939744921149006,0.012205692657117018
548,2,74.26821666666666,Forward,0.07862879845900309,441.484813944473,19860.0,19863.704904761496,ok,0.00047759140957907625,14469.197845018818,ok,-77.71509208986754,69.03062669691897,-0.10999419099246593,-68.62493349928627,61.39550173105788,-0.09712841919349559,1.2560026566024527,0.011999361546161186,0.012205692657117018
549,2,74.403,Forward,0.07870837849762333,441.2455958710634,19860.0,19863.774894985345,ok,0.0004793443875006065,14469.099729723572,ok,-77.6451018660191,69.03072575770425,-0.10989513020719802,-68.72304879453259,61.395362863403804,-0.09726728684756883,1.2560026566024527,0.012272840473861235,0.012205692657117018
550,2,74.53831666666666,Forward,0.07868435204847349,442.6115612144058,19860.0,19863.701683046165,ok,0.0004807259058142566,14468.879191121241,ok,-77.7183138051987,69.03062213705857,-0.1099987508528731,-68.94358739686322,61.39505072370875,-0.09757942654262208,1.2560026566024527,0.012561268114404125,0.012205692657117018
551,2,74.67336666666667,Forward,0.07869753313633426,442.4711349344325,19860.0,19863.45156683392,ok,0.0004796760579510191,14468.883311873467,ok,-77.96843001744492,69.03026813464179,-0.11035275326965346,-68.93946664463692,61.395056556022595,-0.09757359422877901,1.2560026566024527,0.012199940295942721,0.012205692657117018
552,2,74.80866666666667,Forward,0.07868374654692475,442.17512660728244,19850.0,19863.197414606188,ok,0.00048314864999898853,14469.05877049183,ok,-78.22258224517645,69.02990841984345,-0.11071246806798295,-68.76400802627359,61.39530489168379,-0.09732525856757676,1.2560026566024527,0.011528315247414087,0.012205692657117018
553,2,74.94425,Forward,0.07876796806100117,441.80190058925655,19845.0,19863.342885133694,ok,0.0004799504853791997,14468.987444593704,ok,-78.07711171767005,69.03011431180802,-0.11050657610342332,-68.8353339244004,61.39520394044961,-0.09742620980176171,1.2560026566024527,0.011861002230297304,0.012205692657117018
554,2,75.07928333333334,Forward,0.07875500044603564,442.13644114806084,19845.0,19863.221812492277,ok,0.0004748019417853755,14468.194601410429,ok,-78.19818435908746,69.02994295143404,-0.11067793647739843,-69.62817710767558,61.39408178846879,-0.09854836178258161,1.2560026566024527,0.013099067725343694,0.012205692657117018
555,2,75.21431666666666,Forward,0.07874728723186386,442.27988215246296,19845.0,19862.998581953852,ok,0.0004807437360021333,14468.005310995433,ok,-78.42141489751157,69.02962700170255,-0.11099388620889175,-69.817467522671,61.39381387595013,-0.09881627430124622,1.2560026566024527,0.013119616829030178,0.012205692657117018
556,2,75.34961666666666,Forward,0.07886978752494489,442.51755089674407,19860.0,19862.95793819916,ok,0.00047997004155186284,14468.75156039516,ok,-78.46205865220327,69.02956947649353,-0.1110514114179083,-69.07121812294463,61.39487008133822,-0.09776006891315253,1.2560026566024527,0.011735494846650138,0.012205692657117018
557,2,75.48386666666667,Forward,0.07882507559461158,442.36006515374174,19845.0,19863.14865747427,ok,0.00048437273550255394,14468.059093765198,ok,-78.27133937709368,69.02983941135184,-0.11078147655959159,-69.76368475290656,61.39388999748702,-0.09874015276435436,1.2560026566024527,0.013236417625769492,0.012205692657117018
558,2,75.61943333333333,Forward,0.07880357447579203,443.1487546764329,19845.0,19862.833321689213,ok,0.000487280081569383,14469.043613746528,ok,-78.58667516215064,69.02939310029906,-0.11122778761238176,-68.77916477157669,61.39528343955792,-0.0973467106934491,1.2560026566024527,0.011039939630100706,0.012205692657117018
559,2,75.75448333333334,Forward,0.07895580062234009,442.00008690858886,19860.0,19862.441565466026,ok,0.0004799005454107827,14468.751118271619,ok,-78.9784313853379,69.02883862744602,-0.11178226046542705,-69.07166024648541,61.3948694555779,-0.09776069467347628,1.2560026566024527,0.011005431755760409,0.012205692657117018
560,2,75.88926666666667,Forward,0.07895957596962855,443.0529371335251,19860.0,19862.68347057656,ok,0.00048488154347447045,14469.0829839411,ok,-78.7365262748026,69.02918100826568,-0.11143987964575944,-68.73979457700443,61.39533916223141,-0.09729098801996654,1.2560026566024527,0.010757859770795936,0.012205692657117018
561,2,76.0243,Forward,0.07899154719767712,442.76384646262886,19845.0,19862.539255919703,ok,0.0004765223642510518,14468.224826636471,ok,-78.88074093166142,69.02897689379984,-0.11164399411160988,-69.59795188163298,61.39412456779513,-0.09850558245624078,1.2560026566024527,0.012079279143600491,0.012205692657117018
562,2,76.16015,Forward,0.07895504970416367,442.77820420011267,19845.0,19862.423173269173,ok,0.0004798682138882072,14468.960210979205,ok,-78.9968235821907,69.02881259601816,-0.1118082918932874,-68.86256753889938,61.39516539530588,-0.097464754945492,1.2560026566024527,0.010607699243357596,0.012205692657117018
563,2,76.29491666666667,Forward,0.07892193801849526,443.1245351281723,19840.0,19862.201803044216,ok,0.000475848791187721,14468.931731531207,ok,-79.21819380714805,69.02849927928457,-0.11212160862687433,-68.89104698689698,61.39512508686954,-0.09750506338183516,1.2560026566024527,0.010345010012901168,0.012205692657117018
564,2,76.42996666666667,Forward,0.0790311325634945,442.9969448228403,19860.0,19862.29501607121,ok,0.0004741008199820859,14468.88237999033,ok,-79.12498078015415,69.02863120850472,-0.11198967940671337,-68.94039852777496,61.39505523708017,-0.09757491317120205,1.2560026566024527,0.010564670754070069,0.012205692657117018
565,2,76.5658,Forward,0.07897988631566205,442.958851407624,19835.0,19862.29104205909,ok,0.00047630972085614437,14468.43477882759,ok,-79.12895479227518,69.02862558387974,-0.11199530403169279,-69.38799969051433,61.39442172399463,-0.09820842625674112,1.2560026566024527,0.011354740247520118,0.012205692657117018
566,2,76.70245,Forward,0.07907131795557285,442.9908404452435,19860.0,19862.18914793353,ok,0.00047272887246903507,14468.012286140358,ok,-79.23084891783219,69.02848136785161,-0.11213952005983013,-69.81049237774641,61.39382374823364,-0.0988064020177244,1.2560026566024527,0.011961583363761658,0.012205692657117018
567,2,76.83726666666666,Forward,0.07900083042625089,443.46500313335855,19850.0,19862.03624267136,ok,0.00048466859022854454,14469.371944328468,ok,-79.38375418000578,69.02826495312239,-0.11235593478905449,-68.45083418963623,61.39574814281912,-0.09688200743224902,1.2560026566024527,0.009328123922828849,0.012205692657117018
568,2,76.97258333333333,Forward,0.07917657081949794,443.34462668070773,19845.0,19861.84880910526,ok,0.0004725253064184955,14468.000416715344,ok,-79.57118774610353,69.02799966869804,-0.1126212192133966,-69.8223618027605,61.393806948822274,-0.0988232014290982,1.2560026566024527,0.01150098431551004,0.012205692657117018
569,2,77.1082,Forward,0.07911767060166575,443.4640444375509,19845.0,19861.942587751986,ok,0.0004802405085238833,14468.201462890125,ok,-79.47740909937784,69.02813239846908,-0.11248848944236278,-69.62131562797913,61.39409149987603,-0.09853865037533847,1.2560026566024527,0.011276317207082609,0.012205692657117018
570,2,77.2435,Forward,0.07910374091434463,443.2543558011057,19875.0,19861.821064147374,ok,0.0004937241703719854,14468.561420889586,ok,-79.5989327039897,69.02796039982356,-0.11266048808788086,-69.26135762851845,61.39460096705773,-0.09802918319364667,1.2560026566024527,0.010464426427907875,0.012205692657117018
571,2,77.37963333333333,Forward,0.07916022714406332,443.6261298813297,19845.0,19861.747271715216,ok,0.00047941154639836775,14468.451272699593,ok,-79.67272513614807,69.02785595757614,-0.11276493033530482,-69.37150581851165,61.3944450686251,-0.09818508162626483,1.2560026566024527,0.010555793026012464,0.012205692657117018
572,2,77.51495,Forward,0.07906430655248148,443.4793908761021,19860.0,19861.55585047218,ok,0.0004840889343085543,14469.151309787436,ok,-79.86414637918278,69.0275850291863,-0.1130358587251474,-68.6714687306685,61.395435867337056,-0.09719428291431079,1.2560026566024527,0.00904041882179732,0.012205692657117018
573,2,77.65053333333333,Forward,0.07923627551005577,443.8741790523891,19845.0,19861.734788730686,ok,0.0004929793108100891,14469.219654526563,ok,-79.685208120678,69.02783828976223,-0.11278259814920838,-68.603123991541,61.39553259918266,-0.0970975510687096,1.2560026566024527,0.009172183942683196,0.012205692657117018
574,2,77.78851666666667,Forward,0.079146828622979,443.0453700043872,19860.0,19861.6393711446,ok,0.0004806700285927977,14468.842980987174,ok,-79.78062570676411,69.02770324031552,-0.1129176475959215,-68.97979753093023,61.39499947363241,-0.09763067661896277,1.2560026566024527,0.009706741603390703,0.012205692657117018
575,2,77.92493333333333,Forward,0.07912446306144513,443.4102847712529,19860.0,19861.938103376357,ok,0.00048199974875696603,14468.942011966172,ok,-79.48189347500738,69.02812605150021,-0.11249483641122318,-68.88076655193254,61.39513963730107,-0.09749051295029663,1.2560026566024527,0.009953506847885207,0.012205692657117018
576,2,78.05971666666667,Forward,0.07917900518406026,442.9507882980979,19860.0,19861.68057368455,ok,0.00048280940842170277,14469.10835097504,ok,-79.73942316681496,69.02776155640223,-0.11285933150921724,-68.71442754306372,61.39537506550709,-0.09725508474428156,1.2560026566024527,0.009293313297697059,0.012205692657117018
577,2,78.19541666666667,Forward,0.0791541063715396,444.13389548026316,19860.0,19861.60035281045,ok,0.0004814682344833278,14468.952769031112,ok,-79.81964404091559,69.0276480156483,-0.11297287226314447,-68.87000948699279,61.39515486233168,-0.09747528791969211,1.2560026566024527,0.009456348317077784,0.012205692657117018
578,2,78.33045,Forward,0.07915165510373134,443.48102958991876,19860.0,19861.436512098153,ok,0.000482255144618488,14469.25493013504,ok,-79.98348475321109,69.02741612341069,-0.11320476450075172,-68.56784838306521,61.395582526576575,-0.09704762367479267,1.2560026566024527,0.008687308651742956,0.012205692657117018
579,2,78.46661666666667,Forward,0.07918394211071889,444.18267141081014,19845.0,19861.692140959833,ok,0.00048688659919654694,14468.871758125078,ok,-79.72785589153136,69.02777792816545,-0.11284295974599093,-68.95102039302583,61.395040203404676,-0.09758994684669135,1.2560026566024527,0.00973027275114556,0.012205692657117018
580,2,78.60378333333334,Forward,0.07918486078508669,443.30247422607135,19845.0,19861.38332693755,ok,0.0004865945479247744,14468.520987048598,ok,-80.03666991381397,69.02734084770097,-0.11328004021047555,-69.3017914695065,61.39454373895043,-0.09808641130093701,1.2560026566024527,0.009916752960102165,0.012205692657117018
581,2,78.7399,Forward,0.07915862409769894,443.83052082864015,19860.0,19861.454977987112,ok,0.0004897104937549454,14469.097254264125,ok,-79.96501886425176,69.02744225913881,-0.11317862877264,-68.72552425397953,61.39535935975796,-0.09727079049341004,1.2560026566024527,0.008993742496903614,0.012205692657117018
582,2,78.87521666666666,Forward,0.07929100218006929,443.814279945258,19845.0,19861.23170305225,ok,0.00048533998563537827,14468.170803870598,ok,-80.18829379911404,69.02712624657073,-0.11349464134070943,-69.651974647506,61.39404810657933,-0.09858204367204305,1.2560026566024527,0.010324667404675664,0.012205692657117018
583,2,79.00971666666666,Forward,0.07924528869587952,443.77212867564594,19860.0,19861.36010058213,ok,0.0004779905317600479,14468.276888486398,ok,-80.05989626923474,69.02730797423835,-0.11331291367308764,-69.54589003170622,61.394198253625134,-0.09843189662623952,1.2560026566024527,0.010317809983887205,0.012205692657117018
584,2,79.14503333333333,Forward,0.0792181995295734,443.23677912419953,19850.0,19861.13962511298,ok,0.0004823081902284717,14469.215360756822,ok,-80.28037173838311,69.02699592389897,-0.11362496401248139,-68.6074177612827,61.395526521988174,-0.09710362826319456,1.2560026566024527,0.008337451051827996,0.012205692657117018
585,2,79.28035,Forward,0.07943543947163773,443.4374239222743,19860.0,19861.141186159,ok,0.0004814749874038074,14468.109575185128,ok,-80.27881069236537,69.02699813332816,-0.11362275458328036,-69.71320333297626,61.39396144645267,-0.09866870379870218,1.2560026566024527,0.010305399511410102,0.012205692657117018
586,2,79.41595,Forward,0.0793638035007134,444.4293563090614,19860.0,19861.083230274882,ok,0.0004823680825559665,14469.571595891073,ok,-80.33676657648175,69.0269161053666,-0.11370478254484108,-68.25118262703108,61.39603072000611,-0.09659943024526274,1.2560026566024527,0.0076243584694922345,0.012205692657117018
587,2,79.55125,Forward,0.07931461403205334,444.2812821531734,19860.0,19860.895288948104,ok,0.0004817151394205476,14469.164211076231,ok,-80.5247079032597,69.02665010228229,-0.11397078562914657,-68.65856744187295,61.39545412719863,-0.0971760230527361,1.2560026566024527,0.008082557483151148,0.012205692657117018
588,2,79.68633333333334,Forward,0.07937207441970512,443.9480161908432,19860.0,19861.018211078583,ok,0.0004697509962566091,14468.117163936698,ok,-80.4017857727813,69.02682408033384,-0.11379680757760663,-69.70561458140583,61.39397218720543,-0.09865796304594508,1.2560026566024527,0.010117856103087006,0.012205692657117018
589,2,79.82243333333334,Forward,0.07945679931926555,443.73897586351086,19845.0,19860.981761527793,ok,0.00048559289064347403,14469.129302037409,ok,-80.43823532357055,69.02677249139862,-0.11384839651282229,-68.69347648069561,61.39540471862972,-0.0972254316216558,1.2560026566024527,0.0082670038932975,0.012205692657117018
590,2,79.95898333333334,Forward,0.07940095845742534,444.67267472959065,19860.0,19860.736563630016,ok,0.0004751019514174265,14469.027374444284,ok,-80.68343322134751,69.0264254501268,-0.11419543778464943,-68.79540407382046,61.3952604552332,-0.0973696950181736,1.2560026566024527,0.008101157830747205,0.012205692657117018
591,2,80.09455,Forward,0.07933431087794166,444.6960030268201,19860.0,19860.80350871196,ok,0.0004731039709582482,14469.019831417658,ok,-80.61648813940337,69.02652020096517,-0.11410068694628131,-68.80294710044654,61.39524977919732,-0.09738037105405103,1.2560026566024527,0.008209317798539381,0.012205692657117018
592,2,80.2296,Forward,0.079490886750895,444.56113237909085,19845.0,19860.640492164377,ok,0.00048496829433301885,14468.59802800528,ok,-80.77950468698691,69.02628947521052,-0.11433141270092755,-69.22475051282345,61.394652779002705,-0.09797737124866714,1.2560026566024527,0.00872842587432314,0.012205692657117018
593,2,80.3657,Forward,0.07943811511907567,444.3354493900042,19875.0,19860.550350382666,ok,0.0004791598701858403,14469.016641500793,ok,-80.86964646869819,69.02616189288271,-0.11445899502872671,-68.8061370173109,61.39524526434293,-0.0973848859084428,1.2560026566024527,0.007856680385204207,0.012205692657117018
594,2,80.50135,Forward,0.07963335312398634,443.7501744957299,19845.0,19860.475916205047,ok,0.000485579103529511,14469.645423958003,ok,-80.94408064631716,69.02605654233973,-0.11456434557170644,-68.17735456010087,61.39613521268927,-0.09649493756210235,1.2560026566024527,0.006633552354981906,0.012205692657117018
595,2,80.63691666666666,Forward,0.07956740709253576,444.3007472747231,19860.0,19860.54403438516,ok,0.00048497524817871983,14469.15963739019,ok,-80.87596246620524,69.02615295352464,-0.11446793438680268,-68.66314112791406,61.39544765382413,-0.09718249642724311,1.2560026566024527,0.007593539301073038,0.012205692657117018
596,2,80.7717,Forward,0.07953307962507125,444.79142452172164,19845.0,19860.38087859935,ok,0.00048139709150465216,14468.862186664059,ok,-81.0391182520143,69.02592203069892,-0.11469885721251401,-68.96059185404556,61.395026656420654,-0.09760349383072199,1.2560026566024527,0.007891390332553913,0.012205692657117018
597,2,80.90806666666667,Forward,0.07960678009123198,445.40458572204807,19835.0,19860.540298313466,ok,0.00048287615739947136,14468.49386166961,ok,-80.87969853789764,69.02614766566906,-0.11447322224238188,-69.32891684849346,61.394505346998024,-0.09812480325334678,1.2560026566024527,0.00877179132241468,0.012205692657117018
598,2,81.04358333333333,Forward,0.07953350441776846,444.79916805083485,19860.0,19860.195898501195,ok,0.0004785738146932289,14468.368640249264,ok,-81.22409835016879,69.02566021879471,-0.11496066911672793,-69.45413826884032,61.39432811464256,-0.0983020356088081,1.2560026566024527,0.008506948757363936,0.012205692657117018
599,2,81.17891666666667,Forward,0.07954518470198213,444.41894146388586,19860.0,19860.1817318319,ok,0.00048309042439429595,14468.894579159723,ok,-81.23826501946314,69.02564016797464,-0.1149807199367963,-68.92819935838088,61.39507250319583,-0.09755764705554551,1.2560026566024527,0.007551943936853309,0.012205692657117018
600,2,81.31423333333333,Forward,0.0796524143883422,444.95486120206624,19860.0,19860.24528994574,ok,0.0004779536453310607,14468.143423534415,ok,-81.1747069056255,69.0257301250618,-0.11489076284963884,-69.67935498368934,61.39400935377281,-0.09862079647856493,1.2560026566024527,0.008977219523688532,0.012205692657117018
601,2,81.44956666666667,Forward,0.07962706913040735,445.26228260858625,19845.0,19860.05156049551,ok,0.00047807551349124286,14469.011047193444,ok,-81.36843635585319,69.02545592974688,-0.11516495816455359,-68.81173132466029,61.39523734643028,-0.09739280382109672,1.2560026566024527,0.007160662168705395,0.012205692657117018
602,2,81.58513333333333,Forward,0.07962367027247691,445.09468250218924,19845.0,19860.027529503812,ok,0.0004870029192003058,14468.740728628018,ok,-81.39246734755216,69.02542191744092,-0.11519897047052394,-69.08204989008664,61.39485475057772,-0.09777539967364916,1.2560026566024527,0.007607191269945995,0.012205692657117018
603,2,81.72071666666666,Forward,0.07966250714600151,445.18085796631567,19860.0,19859.980467552006,ok,0.0004853335344701254,14467.84971262702,ok,-81.43952929935767,69.02535530822543,-0.11526557968600795,-69.97306589108484,61.39359364952829,-0.09903650072307993,1.2560026566024527,0.009124528322791162,0.012205692657117018
604,2,81.85616666666667,Forward,0.07969782869969264,445.17787231058173,19860.0,19859.725572926152,ok,0.00047653200092016883,14468.719527156893,ok,-81.6944239252116,69.02499454267263,-0.11562634523881343,-69.10325136121173,61.394824743038626,-0.09780540721274542,1.2560026566024527,0.007217506050479494,0.012205692657117018
605,2,81.99146666666667,Forward,0.07974028203973638,445.55485750656953,19835.0,19859.802885441735,ok,0.0004740949176052435,14469.24727918798,ok,-81.6171114096287,69.02510396707626,-0.11551692083518152,-68.57549933012342,61.39557169779533,-0.09705845245604175,1.2560026566024527,0.0063887532953297715,0.012205692657117018
606,2,82.12785,Forward,0.0798382651683111,444.944685848659,19860.0,19859.58756034793,ok,0.0004782051822159276,14468.38320126001,ok,-81.83243650343502,69.02479920632958,-0.11582168158186139,-69.43957725809378,61.39434872359449,-0.09828142665687832,1.2560026566024527,0.007620051393856894,0.012205692657117018
607,2,82.26315,Forward,0.07974540458546897,445.82772978151115,19860.0,19859.68611589123,ok,0.0004800079671813692,14469.088751363764,ok,-81.73388096013514,69.02493869708951,-0.1156821908219385,-68.73402715433986,61.39534732516312,-0.09728282508824965,1.2560026566024527,0.006505295930694793,0.012205692657117018
608,2,82.39818333333334,Forward,0.07976093052375743,445.39137277761984,19860.0,19859.489884484334,ok,0.0004771821548256489,14468.604975764834,ok,-81.93011236703023,69.02466096062585,-0.11595992728558162,-69.21780275327,61.39466261252629,-0.09796753772507809,1.2560026566024527,0.007087560357917466,0.012205692657117018
609,2,82.5335,Forward,0.07981028044660138,445.8054483196029,19845.0,19859.44309566984,ok,0.00048683710651735315,14468.638458030284,ok,-81.97690118152241,69.02459473799576,-0.11602614991569331,-69.18432048782051,61.39471000170903,-0.09792014854233796,1.2560026566024527,0.00696181678838996,0.012205692657117018
610,2,82.66963333333334,Forward,0.07981829668190213,444.8992155444139,19845.0,19859.36538636159,ok,0.00047866202675693145,14468.695985278278,ok,-82.05461048977304,69.02448475199093,-0.11613613592051883,-69.12679323982593,61.39479142299972,-0.09783872725165906,1.2560026566024527,0.006749565426167725,0.012205692657117018
611,2,82.8052,Forward,0.07985609483391409,446.05587136602844,19860.0,19859.281040899805,ok,0.0004841498640980068,14468.868682634304,ok,-82.13895595155918,69.02436537349463,-0.11625551441681302,-68.95409588380062,61.395035850503454,-0.09759429974791788,1.2560026566024527,0.006323185335827916,0.012205692657117018
612,2,82.9406,Forward,0.07999376732954558,445.5202477811108,19835.0,19859.128120564077,ok,0.00048384295647072197,14468.711675224227,ok,-82.29187628728687,69.02414893743102,-0.11647195048041843,-69.11110329387702,61.39481362979205,-0.09781652045932367,1.2560026566024527,0.006385859076100259,0.012205692657117018
613,2,83.07561666666666,Forward,0.07998390734468389,446.03745227788386,19860.0,19859.13170612425,ok,0.0004839845356995537,14469.36260847662,ok,-82.28829072711233,69.02415401225986,-0.11646687565157826,-68.46017004148416,61.39573492930494,-0.09689522094642786,1.2560026566024527,0.005233779269216754,0.012205692657117018
614,2,83.21175,Forward,0.07989911657117679,446.27894385564286,19845.0,19859.35133100651,ok,0.0004770286860013323,14468.80574780681,ok,-82.06866584485397,69.02446485871963,-0.11615602919182128,-69.01703071129486,61.39494677558571,-0.09768337466566326,1.2560026566024527,0.00653454889414451,0.012205692657117018
615,2,83.34651666666667,Forward,0.08009458938506861,445.57315920517794,19850.0,19858.82722362516,ok,0.0004795368676696686,14469.249995727869,ok,-82.59277322620255,69.02372306242427,-0.11689782548716574,-68.57278279023558,61.3955755426548,-0.09705460759657847,1.2560026566024527,0.005003019489645405,0.012205692657117018
616,2,83.48158333333333,Forward,0.0800988116648966,445.8070433243847,19860.0,19858.882389214734,ok,0.0004857241716707068,14469.051914503698,ok,-82.53760763663013,69.0238011411376,-0.11681974677384935,-68.77086401440647,61.39529518804905,-0.09733496220232582,1.2560026566024527,0.005433224332571207,0.012205692657117018
617,2,83.61633333333333,Forward,0.0800344188566405,445.63639373097976,19860.0,19858.728860770432,ok,0.00048332725714290834,14469.105930864078,ok,-82.69113608093176,69.02358384438645,-0.11703704352498441,-68.71684765402642,61.395371640198825,-0.09725851005254918,1.2560026566024527,0.005119903478213714,0.012205692657117018
618,2,83.75173333333333,Forward,0.08009016977080458,446.31079644404963,19860.0,19858.807780354604,ok,0.0004783154466591767,14469.22521641161,ok,-82.61221649676008,69.02369554335742,-0.11692534455402537,-68.59756210649357,61.39554047120636,-0.09708967904501724,1.2560026566024527,0.005019550255195765,0.012205692657117018
619,2,83.8873,Forward,0.08010656943641453,446.58440863041324,19845.0,19858.541908096024,ok,0.0004853734374476042,14468.375986511017,ok,-82.87808875534029,69.023319240593,-0.11730164731843633,-69.44679200708742,61.394338512186934,-0.09829163806443673,1.2560026566024527,0.006152911212302978,0.012205692657117018
620,2,84.02268333333333,Forward,0.08018048480761877,446.0390018296639,19845.0,19858.4596649489,ok,0.00048118215946741966,14468.324464322786,ok,-82.96033190246453,69.02320283761142,-0.11741805030001093,-69.49831419531802,61.39426559016806,-0.09836456008331607,1.2560026566024527,0.006128098480165628,0.012205692657117018
621,2,84.15803333333334,Forward,0.08017542851579046,446.00841758260503,19860.0,19858.339613333606,ok,0.00047077146071204695,14468.905695023032,ok,-83.08038351775758,69.02303292234856,-0.11758796556288198,-68.9170834950728,61.39508823605233,-0.09754191419904525,1.2560026566024527,0.004924937801207355,0.012205692657117018
622,2,84.29333333333334,Forward,0.0802603447532752,446.00058817703393,19860.0,19858.417012189635,ok,0.0004766152889906995,14468.93858376144,ok,-83.00298466172899,69.02314246895429,-0.11747841895714982,-68.88419475666342,61.39513478518553,-0.09749536506583545,1.2560026566024527,0.00497601857196546,0.012205692657117018
623,2,84.42945,Forward,0.08018721132038276,445.85588276265116,19860.0,19858.206657080034,ok,0.00048075370263709694,14469.064420087649,ok,-83.21333977132963,69.02284474248341,-0.11777614542802498,-68.7583584304557,61.39531288784908,-0.09731726240229262,1.2560026566024527,0.004454594682532537,0.012205692657117018
624,2,84.56448333333333,Forward,0.08026747861965258,446.48346252797273,19835.0,19858.289537059358,ok,0.00047698571967853516,14468.678944722336,ok,-83.13045979200615,69.02296204680655,-0.11765884110488763,-69.14383379576793,61.39476730461917,-0.09786284563220134,1.2560026566024527,0.005257152991832992,0.012205692657117018
625,2,84.6998,Forward,0.08024120615291572,446.3859466359281,19850.0,19858.153882305167,ok,0.0004809521849567484,14468.880594610908,ok,-83.26611454619706,69.02277004761386,-0.11785084029758312,-68.94218390719652,61.39505271014029,-0.09757744011107702,1.2560026566024527,0.004706683706396347,0.012205692657117018
626,2,84.8351,Forward,0.08028398334843503,446.1578838630667,19860.0,19858.166587277068,ok,0.00047898034418265845,14468.759551517513,ok,-83.2534095742958,69.02278802961797,-0.1178328582934668,-69.06322700059172,61.39488139158716,-0.0977487586642074,1.2560026566024527,0.004939842268369701,0.012205692657117018
627,2,84.97146666666667,Forward,0.0802865363620929,445.7470892122328,19845.0,19857.96852412336,ok,0.00048087333055256903,14468.801216781905,ok,-83.45147272800386,69.02250770058829,-0.11811318732315311,-69.02156173619915,61.39494036259171,-0.09768978765965594,1.2560026566024527,0.00458544550030425,0.012205692657117018
628,2,85.1068,Forward,0.08029596651738247,446.1148915884296,19860.0,19858.031522538993,ok,0.00048306552388365995,14469.137766985119,ok,-83.38847431237082,69.02259686550562,-0.11802402240582469,-68.6850115329853,61.3954166995082,-0.09721345074316552,1.2560026566024527,0.004076329985082894,0.012205692657117018
629,2,85.24263333333333,Forward,0.08036296028216272,446.0679796702789,19845.0,19858.0072421891,ok,0.0004801737255555978,14468.96411801142,ok,-83.41275466226216,69.0225625002701,-0.11805838764134707,-68.85866050668483,61.39517092513073,-0.0974592251206399,1.2560026566024527,0.004350658020593132,0.012205692657117018
630,2,85.3782,Forward,0.0802717922841763,447.11752913887176,19835.0,19857.98494523742,ok,0.0004784674681409067,14468.771068720107,ok,-83.43505161394569,69.02253094224068,-0.11808994567076035,-69.05170979799732,61.39489769247992,-0.09773245777144898,1.2560026566024527,0.004662280926466589,0.012205692657117018
631,2,85.5143,Forward,0.08033491052436187,446.6145534839088,19835.0,19857.83655744177,ok,0.00047861441245891846,14468.800338269335,ok,-83.58343940959458,69.02232092131557,-0.11829996659586818,-69.02244024876927,61.39493911918742,-0.0976910310639527,1.2560026566024527,0.00440022794668915,0.012205692657117018
632,2,85.65068333333333,Forward,0.08026145579827268,447.146298462274,19860.0,19857.725214443893,ok,0.0004783765098651807,14468.95708387688,ok,-83.69478240747048,69.02216333180954,-0.11845755610190485,-68.86569464122476,61.395160969356155,-0.09746918089521658,1.2560026566024527,0.0039639940393522005,0.012205692657117018
633,2,85.78575,Forward,0.08043737883912971,446.3943711306747,19840.0,19857.744881111743,ok,0.0004783914195387652,14468.593431046602,ok,-83.6751157396211,69.02219116706215,-0.11842972084929898,-69.22934747150248,61.39464627268923,-0.09798387756214279,1.2560026566024527,0.004638289672961815,0.012205692657117018
634,2,85.92078333333333,Forward,0.08047012217043156,446.2418488135336,19835.0,19857.709938905344,ok,0.00048698592138973887,14469.794071908565,ok,-83.71005794602024,69.02214171154944,-0.11847917636200583,-68.02870660953886,61.39634560182509,-0.09628454842628496,1.2560026566024527,0.0024544722511755795,0.012205692657117018
635,2,86.05583333333334,Forward,0.08039339551663671,446.64540204686637,19835.0,19857.730383443428,ok,0.00047800222788316345,14469.240477143256,ok,-83.68961340793612,69.02217064776204,-0.11845024014940794,-68.58230137484861,61.39556207050948,-0.09706807974189476,1.2560026566024527,0.0034675258777105977,0.012205692657117018
636,2,86.1914,Forward,0.08035019955415945,447.14296617572836,19860.0,19857.553362270464,ok,0.00047536882354292384,14469.135073877378,ok,-83.8666345808997,69.02192010053645,-0.11870078737498609,-68.68770464072622,61.39541288781348,-0.09721726243789884,1.2560026566024527,0.003404352514632697,0.012205692657117018
637,2,86.3267,Forward,0.08047512988613076,446.7688985432287,19845.0,19857.50150824534,ok,0.0004878408127491165,14468.777210729286,ok,-83.91848860602477,69.02184670885165,-0.11877417905979216,-69.04556778881852,61.39490638558331,-0.09772376466805653,1.2560026566024527,0.003967128976479745,0.012205692657117018
638,2,86.4628,Forward,0.08038561494278612,446.7198312349574,19845.0,19857.531701313874,ok,0.0004818451515603283,14468.844023074182,ok,-83.8882955374902,69.0218894426638,-0.11873144524763635,-68.97875544392264,61.39500094855207,-0.09762920169930095,1.2560026566024527,0.003891091448662329,0.012205692657117018
639,2,86.59826666666666,Forward,0.08046611222362596,447.7699775074725,19860.0,19857.37226319464,ok,0.0004812902140415799,14468.684901880575,ok,-84.04773365672372,69.02166378164395,-0.11895710626748268,-69.13787663752919,61.394775736093465,-0.09785441415790898,1.2560026566024527,0.003948297875127654,0.012205692657117018
640,2,86.73403333333333,Forward,0.0804687182218965,446.9232916729525,19845.0,19857.434046337705,ok,0.00048545565906484456,14469.037406015086,ok,-83.98595051365919,69.02175122652314,-0.11886966138830148,-68.78537250301815,61.39527465343441,-0.09735549681696053,1.2560026566024527,0.0034091012486525685,0.012205692657117018
641,2,86.87028333333333,Forward,0.08051545907270957,446.89017220332244,19835.0,19857.27921776388,ok,0.00048629040453150677,14469.002502137488,ok,-84.14077908748368,69.02153208963142,-0.11908879828002193,-68.82027638061663,61.39522525217044,-0.09740489808093258,1.2560026566024527,0.003252012475720545,0.012205692657117018
642,2,87.00503333333333,Forward,0.08057276299086191,447.11405852836833,19845.0,19857.34374911969,ok,0.0004793522492427913,14469.558880102522,ok,-84.07624773167481,69.0216234241983,-0.1189974637131448,-68.26389841558193,61.39601272269263,-0.09661742755874292,1.2560026566024527,0.002354281974731323,0.012205692657117018
643,2,87.14033333333333,Forward,0.08053816002484473,447.553476722489,19845.0,19857.014869098006,ok,0.00048003427229878265,14468.760196249666,ok,-84.4051277533581,69.0211579432866,-0.11946294462484221,-69.06258226843784,61.39488230410994,-0.09774784614143009,1.2560026566024527,0.0033086098059617874,0.012205692657117018
644,2,87.2762,Forward,0.0805561919935614,447.29352074892813,19860.0,19857.17398797324,ok,0.000478604720615077,14468.523620120255,ok,-84.24600887812267,69.0213831524639,-0.11923773544754478,-69.29915839784917,61.39454746567299,-0.09808268457837921,1.2560026566024527,0.003954376949599922,0.012205692657117018
645,2,87.41125,Forward,0.08061286925431563,446.72145615628324,19850.0,19857.089648286554,ok,0.00048042801325147514,14468.935537334579,ok,-84.33034856481027,69.0212637821414,-0.11935710577004317,-68.88724118352548,61.39513047341997,-0.09749967683140245,1.2560026566024527,0.003102747348078916,0.012205692657117018
646,2,87.54683333333334,Forward,0.08057024915181613,447.09517128594234,19835.0,19856.870745958993,ok,0.00047669259307696804,14468.34131609205,ok,-84.54925089237076,69.02095395835069,-0.11966692956074965,-69.48146242605435,61.394289441349045,-0.09834070890232788,1.2560026566024527,0.0038492620727426374,0.012205692657117018
647,2,87.68211666666667,Forward,0.08053940319282202,447.2781449876893,19845.0,19857.13942200624,ok,0.000489153124900619,14469.254360485213,ok,-84.28057484512465,69.02133422946227,-0.11928665844916535,-68.56841803289171,61.3955817203217,-0.09704842992966711,1.2560026566024527,0.0026064273615935274,0.012205692657117018
648,2,87.81823333333334,Forward,0.08052454303295989,447.7282772714898,19860.0,19856.94921203492,ok,0.0004771911872101611,14468.486125052308,ok,-84.47078481644348,69.02106501544796,-0.11955587246347445,-69.33665346579619,61.394494396963246,-0.09813575328812571,1.2560026566024527,0.003702894374094323,0.012205692657117018
649,2,87.95408333333333,Forward,0.08054046424902708,447.8541678174006,19860.0,19856.890947046057,ok,0.00048381682275578817,14468.744062531936,ok,-84.5290498053073,69.02098254999447,-0.11963833791697799,-69.07871598616839,61.39485946922444,-0.09777068102692982,1.2560026566024527,0.003161897190676874,0.012205692657117018
650,2,88.08993333333333,Forward,0.08052329166179364,446.93327663335003,19845.0,19857.021023033678,ok,0.0004853815361786803,14468.640323932297,ok,-84.39897381768606,69.02116665327017,-0.11945423464126677,-69.18245458580714,61.394712642616696,-0.09791750763467237,1.2560026566024527,0.003530415075772675,0.012205692657117018
651,2,88.22635,Forward,0.08055759896227299,447.11958013197363,19860.0,19856.918840444883,ok,0.00047953697891136063,14469.266209299782,ok,-84.50115640648073,69.02102202896509,-0.11959885894635013,-68.5565692183227,61.39559849056205,-0.09703165968932265,1.2560026566024527,0.0022731633979842375,0.012205692657117018
652,2,88.36165,Forward,0.08069153447172897,447.06913362805426,19860.0,19856.873171311097,ok,0.00048240246132324647,14468.862532375302,ok,-84.54682554026658,69.02095739107702,-0.11966349683442329,-68.96024614280213,61.39502714572366,-0.09760300452771127,1.2560026566024527,0.0029261361447632805,0.012205692657117018
653,2,88.49723333333333,Forward,0.08060581821384319,448.0464633674892,19845.0,19856.942613669245,ok,0.0004768777158441276,14468.655428310634,ok,-84.4773831821185,69.02105567643962,-0.11956521147182893,-69.16735020747001,61.394734020624895,-0.09789612962647654,1.2560026566024527,0.0033925874101236736,0.012205692657117018
654,2,88.632,Forward,0.08074801262978251,447.1957265495839,19835.0,19856.801695091926,ok,0.0004787051888942354,14468.927666882568,ok,-84.6183017594376,69.02085622708569,-0.11976466082576007,-68.89511163553652,61.395119333962,-0.09751081628936899,1.2560026566024527,0.002709183481161101,0.012205692657117018
655,2,88.76705,Forward,0.08067883401086076,447.1149745079201,19845.0,19856.936064735157,ok,0.0004861490058047198,14468.916987700473,ok,-84.48393211620714,69.02104640739434,-0.1195744805171015,-68.90579081763099,61.39510421916302,-0.09752593108835272,1.2560026566024527,0.002918348017497255,0.012205692657117018
656,2,88.90235,Forward,0.08055516807091365,447.7493571202358,19845.0,19856.80033789279,ok,0.0004826398307428239,14468.731013470906,ok,-84.61965895857429,69.02085430617151,-0.11976658173992284,-69.09176504719835,61.39484100021318,-0.09778915003819395,1.2560026566024527,0.003056850494944599,0.012205692657117018
657,2,89.03818333333334,Forward,0.08063675020402661,446.79411731981963,19860.0,19856.63794047356,ok,0.0004865740052136033,14469.768413236188,ok,-84.78205637780411,69.02062445670127,-0.11999643121017492,-68.05436528191603,61.39630928577843,-0.09632086447293912,1.2560026566024527,0.0009828304540814292,0.012205692657117018
658,2,89.1735,Forward,0.080581815838423,446.799261117234,19860.0,19856.825438243202,ok,0.0004762711615373821,14469.01097866128,ok,-84.5945586081616,69.02088983199621,-0.11973105591523388,-68.81179985682502,61.39523724943315,-0.09739290081821547,1.2560026566024527,0.002594686246663938,0.012205692657117018
659,2,89.30856666666666,Forward,0.08060259918306772,447.62924013430165,19850.0,19856.686771851728,ok,0.00048547338500463895,14468.494493068836,ok,-84.73322499963615,69.02069357027743,-0.11992731763400595,-69.32828544926815,61.39450624065002,-0.09812390960135316,1.2560026566024527,0.003316573501512529,0.012205692657117018
660,2,89.4435,Forward,0.08060358896310715,447.2568976267212,19845.0,19856.83288242653,ok,0.0004770392834060807,14468.572740082776,ok,-84.587114424834,69.02090036813405,-0.11972051977739115,-69.25003843532795,61.39461698769753,-0.09801316255384306,1.2560026566024527,0.0033842727722437627,0.012205692657117018
661,2,89.5788,Forward,0.08065167716337338,447.95212659010576,19850.0,19856.74422308587,ok,0.0004862909265526312,14469.405977037944,ok,-84.67577376549525,69.02077488398177,-0.1198460039296673,-68.41680148015985,61.39579631107378,-0.09683383917759641,1.2560026566024527,0.0017775553264084698,0.012205692657117018
662,2,89.71411666666667,Forward,0.08058855890370267,447.0254527537145,19860.0,19856.696742138916,ok,0.0004822221984521056,14468.99060340689,ok,-84.72325471244767,69.02070768174077,-0.11991320617066249,-68.83217511121438,61.39520841128136,-0.09742173897001528,1.2560026566024527,0.0024487567865073973,0.012205692657117018
663,2,89.84995,Forward,0.08064155089636851,447.61617573604235,19860.0,19856.530485492898,ok,0.0004844404477942734,14468.97216772137,ok,-84.88951135846582,69.02047237010717,-0.1201485178042734,-68.85061079673505,61.395182318301735,-0.09744783194963748,1.2560026566024527,0.0022462180046206454,0.012205692657117018
664,2,89.98498333333333,Forward,0.0806075897422158,447.5307779133909,19845.0,19856.812528869043,ok,0.00048361151940997163,14468.77900142129,ok,-84.6074679823214,69.020871560691,-0.11974932722044296,-69.04377709681467,61.39490892004236,-0.09772123020900897,1.2560026566024527,0.002988797528532164,0.012205692657117018
665,2,90.12108333333333,Forward,0.08069385181419406,447.84167383356544,19860.0,19856.790673983094,ok,0.00047518060801267386,14468.55322661825,ok,-84.62932286826981,69.0208406283401,-0.11978025957134783,-69.26955189985347,61.39458936928152,-0.09804078096985756,1.2560026566024527,0.0033592217821724613,0.012205692657117018
666,2,90.2572,Forward,0.0806214392584643,447.80087002826986,19860.0,19856.56328396756,ok,0.0004835034742502857,14468.399445797577,ok,-84.856712883804,69.02051879148543,-0.12010209642601595,-69.42333272052747,61.394371715329044,-0.09825843492233097,1.2560026566024527,0.003310758870030961,0.012205692657117018
667,2,90.39278333333333,Forward,0.08058417046058297,447.8222528467595,19845.0,19856.686409425365,ok,0.0004746565926139181,14469.507159216382,ok,-84.73358742599885,69.02069305731665,-0.11992783059478986,-68.31561930172211,61.395939519446316,-0.09669063080505476,1.2560026566024527,0.001515858564925865,0.012205692657117018
668,2,90.52915,Forward,0.08062194136768008,447.0780236280916,19835.0,19856.80850887068,ok,0.00048787875567894956,14468.584211691848,ok,-84.61148798068461,69.0208658709793,-0.11975501693213038,-69.23856682625592,61.39463322405942,-0.09799692619195595,1.2560026566024527,0.003329382703840769,0.012205692657117018
669,2,90.66498333333334,Forward,0.0806653184530654,447.8756292313883,19845.0,19856.774866642278,ok,0.0004898093887540604,14469.05112015331,ok,-84.64513020908635,69.02081825539273,-0.11980263251871366,-68.77165836479435,61.39529406376384,-0.09733608648753131,1.2560026566024527,0.0024517506929117583,0.012205692657117018
670,2,90.80083333333333,Forward,0.08059816124802335,447.8166041694021,19845.0,19856.750267574662,ok,0.0004751786289917459,14469.046362353078,ok,-84.66972927670213,69.02078343905951,-0.11983744885192263,-68.7764161650266,61.395287329803,-0.09734282044837955,1.2560026566024527,0.002425392232417639,0.012205692657117018
671,2,90.93615,Forward,0.08073906273614159,447.40901052973277,19845.0,19856.59675531339,ok,0.0004933510132261209,14469.761816988184,ok,-84.82324153797526,69.02056616521307,-0.1200547226983801,-68.06096152991995,61.396299949767325,-0.09633020048404412,1.2560026566024527,0.000936265020626173,0.012205692657117018
672,2,91.07171666666666,Forward,0.08061037716541192,447.90205378387327,19860.0,19856.75376470163,ok,0.00048367167533618907,14468.120619632518,ok,-84.66623214973515,69.02078838872427,-0.11983249918717687,-69.70215888558596,61.39397707823053,-0.09865307202084557,1.2560026566024527,0.004076021352998269,0.012205692657117018
673,2,91.20701666666666,Forward,0.08068693428013723,448.1218226986057,19860.0,19856.699772519412,ok,0.00048523665095383337,14469.140544673748,ok,-84.72022433195161,69.02071197079509,-0.11990891711634757,-68.68223384435623,61.39542063091464,-0.0972095193367248,1.2560026566024527,0.0021864974176262625,0.012205692657117018
674,2,91.3424,Forward,0.08065293445311136,447.47293048681604,19835.0,19856.618100862586,ok,0.0004858449594691068,14469.011782825874,ok,-84.80189598877769,69.02059637667331,-0.12002451123813294,-68.81099569223079,61.39523838760891,-0.09739176264245593,1.2560026566024527,0.002299801371987209,0.012205692657117018
675,2,91.47776666666667,Forward,0.08069102488026936,447.0765005418398,19845.0,19856.778550894374,ok,0.0004780804663182927,14468.924122024027,ok,-84.64144595698963,69.02082346990535,-0.11979741800608949,-68.89865649407693,61.39511431674029,-0.09751583351108035,1.2560026566024527,0.002682727944629912,0.012205692657117018
676,2,91.61253333333333,Forward,0.08068602530930435,448.6167134891839,19860.0,19856.52544941832,ok,0.0004805986300587065,14468.941003397853,ok,-84.89454743304304,69.02046524229024,-0.12015564562120061,-68.8817751202514,61.39513820982215,-0.09749194042922397,1.2560026566024527,0.002294490555232759,0.012205692657117018
677,2,91.74786666666667,Forward,0.08072920497257097,446.7225521321816,19860.0,19856.562609190136,ok,0.0004807950065080484,14468.650304111748,ok,-84.85738766122813,69.02051783643802,-0.12010305147341888,-69.17247440635583,61.39472676808107,-0.09790338217029748,1.2560026566024527,0.002863856622839958,0.012205692657117018
678,2,91.88371666666667,Forward,0.08073261404064638,447.62323222462146,19845.0,19856.5312960445,ok,0.0004797727786461085,14468.715206372237,ok,-84.8887008068632,69.02047351732278,-0.12014737058865038,-69.10757214586738,61.39481862760854,-0.0978115226428359,1.2560026566024527,0.002704161697082458,0.012205692657117018
679,2,92.01955,Forward,0.08067579720876741,447.3697295570819,19850.0,19856.49843290602,ok,0.0004814093975741784,14468.917724547124,ok,-84.92156394534322,69.02042700442249,-0.12019388348895557,-68.90505397098059,61.39510526206021,-0.09752488819116228,1.2560026566024527,0.0022976351640014298,0.012205692657117018
680,2,92.15511666666667,Forward,0.08062013126385967,447.84241769189975,19845.0,19856.75814011556,ok,0.00047982791177637743,14469.257006888689,ok,-84.66185673580549,69.020794581474,-0.11982630643744824,-68.5657716294154,61.39558546591348,-0.09704468433789606,1.2560026566024527,0.002062074900095648,0.012205692657117018
681,2,92.29073333333334,Forward,0.08083718190905437,447.2243806283732,19845.0,19856.44382772602,ok,0.00048148528846583203,14468.376226902597,ok,-84.97616912534431,69.02034971888583,-0.12027116902560876,-69.4465516155069,61.39433885242558,-0.09829129782579442,1.2560026566024527,0.0031829621644919037,0.012205692657117018
682,2,92.42603333333334,Forward,0.08070705978649703,447.683173863079,19845.0,19856.537316052316,ok,0.00048030584223388435,14468.794773022133,ok,-84.8826807990481,69.02048203775134,-0.12013885016010063,-69.02800549597123,61.39493124240509,-0.09769890784627633,1.2560026566024527,0.0025712376419806393,0.012205692657117018
683,2,92.56185,Forward,0.08070339935205356,448.19328825202683,19845.0,19856.454869913887,ok,0.00047936007642368625,14468.710295451843,ok,-84.96512693747718,69.02036534746567,-0.1202555404457722,-69.11248306626112,61.394811676928796,-0.09781847332257147,1.2560026566024527,0.002604721912173716,0.012205692657117018
684,2,92.69785,Forward,0.08065459704566569,447.4067459870748,19845.0,19856.602735872166,ok,0.000481762118074243,14469.009600500947,ok,-84.81726097919818,69.02057462980734,-0.12004625810409503,-68.81317801715704,61.39523529885153,-0.09739485139984257,1.2560026566024527,0.002281933993508345,0.012205692657117018
685,2,92.83368333333334,Forward,0.08074986619004595,448.0059497711336,19845.0,19856.500713217636,ok,0.0004792061285305546,14469.219530595972,ok,-84.9192836337279,69.0204302318655,-0.12019065604593783,-68.60324792213214,61.39553242377728,-0.0970977264740877,1.2560026566024527,0.0017643463555746114,0.012205692657117018
686,2,92.96898333333333,Forward,0.08071892433557656,447.84856796748136,19860.0,19856.40666711749,ok,0.00048207837197839366,14469.054015482572,ok,-85.01332973387252,69.0202971235538,-0.12032376435763413,-68.76876303553217,61.39529816167315,-0.09733198857821555,1.2560026566024527,0.001925471869004186,0.012205692657117018
687,2,93.1054,Forward,0.08073303250558667,447.46836702898145,19845.0,19856.387775608546,ok,0.0004799689902667014,14468.685858319703,ok,-85.0322212428182,69.02027038542371,-0.12035050248773507,-69.13692019840164,61.39477708979125,-0.09785306046012339,1.2560026566024527,0.002553201406860328,0.012205692657117018
688,2,93.24121666666667,Forward,0.08079199160711836,447.1615126236502,19835.0,19856.361739238342,ok,0.0004808550722324481,14469.37968203656,ok,-85.05825761302185,69.02023353480178,-0.120387353109666,-68.44309648154376,61.395759094397754,-0.09687105585361894,1.2560026566024527,0.0012829503903639544,0.012205692657117018
689,2,93.37733333333334,Forward,0.08077085056153613,447.97757684441603,19840.0,19856.33548211157,ok,0.0004918890410514166,14469.176238031201,ok,-85.08451473979221,69.02019637173166,-0.12042451617978825,-68.64654048690318,61.39547114957031,-0.09715900068106505,1.2560026566024527,0.0016074467884689553,0.012205692657117018
690,2,93.51211666666667,Forward,0.08070712467645078,448.08492801914326,19850.0,19856.312612725673,ok,0.0004795992450050868,14469.439830321047,ok,-85.10738412569117,69.02016400350648,-0.12045688440496569,-68.38294819705698,61.395844225377,-0.09678592487437415,1.2560026566024527,0.0011064943589736559,0.012205692657117018
691,2,93.6477,Forward,0.08074489903726578,447.85718633925353,19835.0,19856.245734649507,ok,0.00048235196375552054,14468.033466680206,ok,-85.17426220185735,69.02006934750486,-0.12055154040658922,-69.78931183789791,61.393853726147626,-0.09877642410374696,1.2560026566024527,0.003511910677407498,0.012205692657117018
692,2,93.78346666666667,Forward,0.08078176342377011,447.9945180570103,19850.0,19856.33043695061,ok,0.00047610441297694684,14468.988973474372,ok,-85.08955990075265,69.0201892310543,-0.12043165685714378,-68.83380504373235,61.39520610435353,-0.09742404589784442,1.2560026566024527,0.0019332036075080938,0.012205692657117018
693,2,93.91935,Forward,0.08089607237951046,447.049454105545,19860.0,19856.119781819147,ok,0.00046509945468698556,14468.580013058885,ok,-85.30021503221724,69.01989107994696,-0.12072980796448682,-69.2427654592193,61.39462728151693,-0.09800286873443596,1.2560026566024527,0.0023620555206261967,0.012205692657117018
694,2,94.05518333333333,Forward,0.08074809294699264,447.96767589842057,19860.0,19856.208438642374,ok,0.00047313517988183855,14468.460579981342,ok,-85.21155820899003,69.02001656053618,-0.12060432737526533,-69.36219853676266,61.39445824170255,-0.0981719085488253,1.2560026566024527,0.0026998505657922917,0.012205692657117018
695,2,94.1905,Forward,0.08081690574947051,448.32298368820557,19845.0,19855.990357505707,ok,0.00048568029529954604,14468.35536656498,ok,-85.42963934565705,69.01970789901944,-0.12091298889200995,-69.46741195312461,61.39430932771039,-0.09832082254098662,1.2560026566024527,0.0025782254188075615,0.012205692657117018
696,2,94.3266,Forward,0.08081751741315354,447.82218947407455,19845.0,19856.004060762247,ok,0.0004853034108222135,14468.79224539964,ok,-85.41593608911717,69.01972729394745,-0.12089359396399103,-69.03053311846452,61.394927664930194,-0.09770248532117609,1.2560026566024527,0.0018209871560682794,0.012205692657117018
697,2,94.4619,Forward,0.0809126671826216,447.7154641138295,19845.0,19855.95476001598,ok,0.0004806348348010197,14468.838538813701,ok,-85.46523683538544,69.01965751605033,-0.12096337186111857,-68.98423970440308,61.394993186394444,-0.09763696385692718,1.2560026566024527,0.0016689141257796164,0.012205692657117018
698,2,94.59666666666666,Forward,0.08089964366029206,447.973721716593,19860.0,19855.898501153457,ok,0.0004901908853594393,14468.70099966269,ok,-85.52149569790708,69.01957788997123,-0.12104299794020844,-69.12177885541496,61.394798520117426,-0.09783163013394643,1.2560026566024527,0.0018337894077768424,0.012205692657117018
699,2,94.73196666666666,Forward,0.08089768010227738,448.25878069416285,19860.0,19855.682152149733,ok,0.0004827793098353186,14469.20241580038,ok,-85.73784470163082,69.01927168003186,-0.12134920787957389,-68.62036271772376,61.39550820032153,-0.09712194992984742,1.2560026566024527,0.0006362192467248701,0.012205692657117018
700,2,94.86755,Forward,0.08096287826982704,448.16725802810106,19860.0,19855.899618324147,ok,0.00048580989228396777,14468.440618383247,ok,-85.52037852721696,69.01957947116071,-0.12104141675072573,-69.38216013485726,61.394429989019905,-0.0982001612314676,1.2560026566024527,0.0022982466347867547,0.012205692657117018
701,2,95.00313333333334,Forward,0.0809521036829646,447.6740064795922,19835.0,19855.767451105545,ok,0.0004799083104430253,14469.225693800647,ok,-85.65254574581922,69.0193924080576,-0.12122847985384949,-68.59708471745762,61.39554114687976,-0.09708900337161346,1.2560026566024527,0.0007155663077814955,0.012205692657117018
702,2,95.13926666666667,Forward,0.08096341716674119,447.87887935841354,19860.0,19855.82038488853,ok,0.00047617928722345614,14468.318442057756,ok,-85.59961196283257,69.01946732797957,-0.12115355993187275,-69.50433646034799,61.39425706654475,-0.09837308370661882,1.2560026566024527,0.0024032945418159396,0.012205692657117018
703,2,95.27536666666667,Forward,0.08104054973225885,448.070503922605,19860.0,19855.639309489714,ok,0.0004840781274104285,14468.895936162939,ok,-85.78068736165005,69.01921104259836,-0.1214098453130769,-68.92684235516572,61.395074423832696,-0.09755572641868063,1.2560026566024527,0.0011204062355680416,0.012205692657117018
704,2,95.41068333333334,Forward,0.08096135354833031,447.68635807762985,19835.0,19855.566653910457,ok,0.00048128279502899503,14469.657253181713,ok,-85.85334294090717,69.01910820939767,-0.12151267851376635,-68.16552533639151,61.39615195520166,-0.09647819504971525,1.2560026566024527,-0.0003358092271143892,0.012205692657117018
705,2,95.54546666666667,Forward,0.08114287984472396,448.2864147200489,19845.0,19855.7906614435,ok,0.0004843666191842409,14468.414629274444,ok,-85.62933540786253,69.01942525884985,-0.12119562906158309,-69.40814924365986,61.394393205289475,-0.09823694496189223,1.2560026566024527,0.002190234787062484,0.012205692657117018
706,2,95.68183333333333,Forward,0.08100820814288767,448.9344599355427,19840.0,19855.606879277017,ok,0.00048390859923790763,14469.22318238701,ok,-85.81311757434742,69.01916514244031,-0.1214557454711213,-68.59959613109459,61.39553759234609,-0.09709255790528017,1.2560026566024527,0.0004927651942380623,0.012205692657117018
707,2,95.81821666666667,Forward,0.08105799995652488,448.42249285810976,19840.0,19855.517979252298,ok,0.0004815567977233271,14469.257428861807,ok,-85.90201759906631,69.01903931763545,-0.12158157027599778,-68.56534965629726,61.395586063153864,-0.09704408709750811,1.2560026566024527,0.00030606092603222,0.012205692657117018
708,2,95.95378333333333,Forward,0.0810739154537416,448.1447865930422,19860.0,19855.51800356761,ok,0.0004845027694563607,14468.317815925311,ok,-85.90199328375456,69.01903935205016,-0.12158153586127894,-69.50496259279316,61.39425618034711,-0.09837396990426601,1.2560026566024527,0.0019764316790089054,0.012205692657117018
709,2,96.09076666666667,Forward,0.0810077235019831,448.76057195016983,19845.0,19855.43448052717,ok,0.0004856067365864211,14469.554110931485,ok,-85.98551632419549,69.01892113756935,-0.12169975034208927,-68.2686675866189,61.39600597263809,-0.09662417761327942,1.2560026566024527,-0.0003395265677830772,0.012205692657117018
710,2,96.22618333333334,Forward,0.0809904266539713,449.22295337961623,19860.0,19855.30385742004,ok,0.0004801575845212466,14468.679808582116,ok,-86.11613943132397,69.0187362599271,-0.12188462798434832,-69.14296993598873,61.39476852728461,-0.09786162296675775,1.2560026566024527,0.001029830441327012,0.012205692657117018
711,2,96.3623,Forward,0.08114127661325188,448.53066597813086,19835.0,19855.136699500912,ok,0.00048418393420829916,14468.985701005193,ok,-86.2832973504519,69.01849967267502,-0.12212121523642543,-68.83707751291149,61.39520147265857,-0.09742867759279875,1.2560026566024527,0.0002494626493936558,0.012205692657117018
712,2,96.4976,Forward,0.08106375319792386,448.9618766694948,19835.0,19855.179835447918,ok,0.0004847272664355683,14468.655829391842,ok,-86.24016140344611,69.01856072521277,-0.12206016269867496,-69.1669491262619,61.39473458829588,-0.09789556195548983,1.2560026566024527,0.0008969231870102623,0.012205692657117018
713,2,96.63238333333334,Forward,0.08107297511691444,448.4602528490941,19845.0,19855.283497636778,ok,0.0004776165706246302,14468.687487732956,ok,-86.13649921458637,69.01870744367238,-0.12191344423906161,-69.13529078514875,61.39477939598413,-0.097850754267237,1.2560026566024527,0.0009873630711418335,0.012205692657117018
714,2,96.76903333333334,Forward,0.08116180400280867,448.6586534391645,19845.0,19855.005444721348,ok,0.0004818514668225588,14469.189470821606,ok,-86.41455213001609,69.01831390099407,-0.12230698691736691,-68.63330769649838,61.395489878623266,-0.09714027162811012,1.2560026566024527,-0.0002985476893767325,0.012205692657117018
715,2,96.9049,Forward,0.08117091006393135,448.5044100395462,19845.0,19855.044595113846,ok,0.00047251310021456455,14468.802283012623,ok,-86.37540173751768,69.01836931257031,-0.12225157534113251,-69.02049550548145,61.394941871683216,-0.09768827856815196,1.2560026566024527,0.0004451620593867861,0.012205692657117018
716,2,97.041,Forward,0.08105056598689872,448.90654557454764,19835.0,19854.999484782587,ok,0.0004868243591287579,14468.735755104008,ok,-86.42051206877659,69.01830546558436,-0.12231542232707558,-69.08702341409662,61.394847711291845,-0.09778243895952207,1.2560026566024527,0.0004995807751513176,0.012205692657117018
717,2,97.17605,Forward,0.0810656650963065,448.73644618160324,19850.0,19854.84665968596,ok,0.00048402032729405453,14468.919879351108,ok,-86.57333716540234,69.01808916431759,-0.12253172359385213,-68.90289916699658,61.39510831186578,-0.0975218383855892,1.2560026566024527,-4.403550479704921e-05,0.012205692657117018
718,2,97.31241666666666,Forward,0.08122455276823981,448.8498160181989,19860.0,19854.894091296293,ok,0.0004755536103675216,14469.086439728255,ok,-86.5259055550705,69.01815629672991,-0.12246459118152883,-68.73633878984947,61.39534405338578,-0.09728609686559575,1.2560026566024527,-0.00027299506785702365,0.012205692657117018
719,2,97.44776666666667,Forward,0.08121930152401777,449.28317869811144,19860.0,19854.931899130468,ok,0.0004723062468329435,14468.474344823271,ok,-86.4880977208959,69.01820980811388,-0.12241107979755718,-69.34843369483315,61.39447772379555,-0.09815242645581787,1.2560026566024527,0.0008686285829269252,0.012205692657117018
720,2,97.58306666666667,Forward,0.08126911712885182,449.09556164495734,19845.0,19854.924491033515,ok,0.00048525500013183305,14469.121666733168,ok,-86.49550581784933,69.01819932305095,-0.12242156486048737,-68.70111178493607,61.395393911988556,-0.09723623826281554,1.2560026566024527,-0.000292591284362001,0.012205692657117018
721,2,97.7189,Forward,0.08124344114697543,448.76470644959045,19845.0,19854.84239544459,ok,0.00048227598718230893,14469.397766595537,ok,-86.57760140677419,69.01808312891613,-0.12253775899530739,-68.42501192256714,61.39578469040981,-0.09684545984156263,1.2560026566024527,-0.0008996041544185734,0.012205692657117018
722,2,97.85421666666667,Forward,0.08121053323553884,449.18398313666694,19840.0,19854.884564183507,ok,0.000485896059720649,14469.10107153033,ok,-86.5354326678571,69.01814281251423,-0.12247807539721044,-68.72170698777518,61.39536476253234,-0.0972653877190369,1.2560026566024527,-0.00031249002663251424,0.012205692657117018
723,2,97.99058333333333,Forward,0.0812336082170497,449.14923138620725,19860.0,19854.706130154853,ok,0.0004891737250105612,14468.245694956131,ok,-86.7138666965111,69.0178902656009,-0.12273062231055165,-69.57708356197327,61.39415410380772,-0.0984760464436515,1.2560026566024527,0.0009555536343811427,0.012205692657117018
724,2,98.12536666666666,Forward,0.08118783692570711,449.6697361752631,19835.0,19854.641638275676,ok,0.00047891699811422606,14468.499311600246,ok,-86.77835857568789,69.01779898690734,-0.12282190100410877,-69.32346691785824,61.394513060566844,-0.0981170896845268,1.2560026566024527,0.00041342429775800826,0.012205692657117018
725,2,98.26093333333333,Forward,0.08129041970516465,448.98623631606824,19835.0,19854.523441646383,ok,0.00048108402787392843,14469.078933141885,ok,-86.89655520498127,69.01763169710213,-0.12298919080931324,-68.74384537621881,61.39533342892568,-0.09729672132569234,1.2560026566024527,-0.0007842503455351563,0.012205692657117018
726,2,98.39731666666667,Forward,0.08125596236036792,449.204844110438,19860.0,19854.506075778223,ok,0.00048513217918091743,14468.780264039124,ok,-86.91392107314095,69.01760711829037,-0.12301376962106962,-69.04251447898059,61.394910707090716,-0.09771944316065764,1.2560026566024527,-0.0002778894095712414,0.012205692657117018
727,2,98.5332,Forward,0.0814266097812558,449.5438094012279,19845.0,19854.40447991697,ok,0.0004785494309355481,14469.0407283025,ok,-87.01551693439251,69.01746332441114,-0.12315756350030256,-68.78205021560461,61.39527935563969,-0.09735079461168135,1.2560026566024527,-0.0008847068456710461,0.012205692657117018
728,2,98.66956666666667,Forward,0.08133626748004164,450.03660819835204,19835.0,19854.51231720705,ok,0.00047946745811551045,14469.300794171939,ok,-86.90767964431507,69.01761595210753,-0.12300493580390645,-68.52198434616548,61.39564744032111,-0.09698270993025768,1.2560026566024527,-0.0011943944869977352,0.012205692657117018
729,2,98.80486666666667,Forward,0.0813961711271626,449.9236692992454,19835.0,19854.40860607649,ok,0.0004892067108817513,14469.00451466142,ok,-87.0113907748746,69.0174691643782,-0.12315172353323989,-68.81826385668501,61.395228100599695,-0.09740204965167953,1.2560026566024527,-0.0008144904122063951,0.012205692657117018
730,2,98.94016666666667,Forward,0.08134146845293855,449.6767450878033,19860.0,19854.707650004915,ok,0.0004752397798278088,14468.822994455051,ok,-86.71234684644878,69.01789241672333,-0.1227284711881179,-68.99978406305308,61.394971185659344,-0.09765896459202542,1.2560026566024527,-6.855221948912082e-05,0.012205692657117018
731,2,99.07601666666666,Forward,0.08139519158162456,449.48182661838655,19845.0,19854.130545466298,ok,0.00048197818816069556,14468.096603213826,ok,-87.28945138506606,69.0170756108091,-0.1235452771023396,-69.72617530427851,61.393943086550486,-0.09868706370088591,1.2560026566024527,0.00040593707826858116,0.012205692657117018
732,2,99.21178333333333,Forward,0.08149347834510598,450.1779366066403,19835.0,19853.85414605516,ok,0.0004849212794647599,14468.671380914624,ok,-87.56585079620345,69.01668440842099,-0.12393647949046384,-69.15139760348029,61.39475659917075,-0.09787355108062545,1.2560026566024527,-0.0010070393220824175,0.012205692657117018
733,2,99.34813333333334,Forward,0.08151791806156983,450.08244985574856,19860.0,19853.710817381252,ok,0.00047501339257959626,14468.132202551009,ok,-87.70917947011185,69.01648154793264,-0.12413933997880176,-69.69057596709536,61.3939934721344,-0.09863667811697897,1.2560026566024527,-0.0002514102254351641,0.012205692657117018
734,2,99.4843,Forward,0.08158738766475582,450.0829672830878,19845.0,19853.57159281104,ok,0.00048106392257826373,14467.639252271056,ok,-87.84840404032366,69.01628449619461,-0.12433639171682215,-70.18352624704858,61.39329577409679,-0.09933437615457845,1.2560026566024527,0.00042784862527571466,0.012205692657117018
735,2,99.62038333333334,Forward,0.08165808732250734,449.03271152825255,19845.0,19853.641078452092,ok,0.00047467624169793076,14467.546164222906,ok,-87.77891839927179,69.01638284281775,-0.12423804509369449,-70.27661429519867,61.39316402176566,-0.09946612848571508,1.2560026566024527,0.0006916765263245417,0.012205692657117018
736,2,99.75626666666666,Forward,0.08153853562775179,450.15316922619604,19835.0,19853.862018406136,ok,0.00048551157502670154,14468.588422118464,ok,-87.55797844522749,69.01669555056665,-0.12392533734479402,-69.23435639964009,61.39463918329406,-0.09799096695730941,1.2560026566024527,-0.0008484225233702375,0.012205692657117018
737,2,99.89208333333333,Forward,0.0816228489503229,449.91008258139846,19845.0,19853.675562012013,ok,0.00048314288973150493,14467.795175061785,ok,-87.74443483935102,69.01643164918437,-0.12418923872707989,-70.02760345631941,61.39351645969032,-0.09911369056105553,1.2560026566024527,0.0002978199232792911,0.012205692657117018
738,2,100.02768333333333,Forward,0.08165489942877738,450.0260667551993,19845.0,19853.547517387553,ok,0.00048044920234668133,14468.653080029391,ok,-87.87247946381103,69.01625042100204,-0.12437046690940162,-69.16969848871304,61.39473069698094,-0.09789945327042528,1.2560026566024527,-0.0014084935218197925,0.012205692657117018
739,2,100.16298333333333,Forward,0.08165500438478232,450.6572406358937,19835.0,19853.629078331098,ok,0.0004825167161193525,14468.069041936664,ok,-87.79091852026613,69.01636585842559,-0.12425502948585165,-69.75373658144053,61.393904077648834,-0.09872607260253721,1.2560026566024527,-0.0002548200211382884,0.012205692657117018
740,2,100.29883333333333,Forward,0.08170623793813098,450.2622860623378,19835.0,19853.637455116474,ok,0.00048369110662109294,14467.933776052158,ok,-87.7825417348904,69.01637771452337,-0.12424317338807524,-69.88900246594676,61.393712628843524,-0.09891752140784696,1.2560026566024527,-2.5037152894674675e-06,0.012205692657117018
741,2,100.43395,Forward,0.08171427372663886,449.79484244273044,19845.0,19853.35922692932,ok,0.0004821855477392513,14468.196107411924,ok,-88.06076992204544,69.01598392377392,-0.12463696413752232,-69.62667110617986,61.394083919990635,-0.09854623026074072,1.2560026566024527,-0.0008626371318749548,0.012205692657117018
742,2,100.5695,Forward,0.08175622345712105,450.2648270783902,19820.0,19853.47097531827,ok,0.00048168568610945547,14468.096771747372,ok,-87.94902153309522,69.01614208705092,-0.12447880086052232,-69.72600677073206,61.393943325084734,-0.0986868251666373,1.2560026566024527,-0.0005278862795640993,0.012205692657117018
743,2,100.70428333333334,Forward,0.0816889263740655,450.72470497955146,19850.0,19853.400421605988,ok,0.00047874567058962456,14468.502307410692,ok,-88.01957524537647,69.01604222873132,-0.12457865918012538,-69.32047110741223,61.39451730069238,-0.09811284955899244,1.2560026566024527,-0.0013486594871941066,0.012205692657117018
744,2,100.83948333333333,Forward,0.08166653756691497,449.70604354848183,19835.0,19853.522192303666,ok,0.0004777885875446216,14468.057026546045,ok,-87.89780454769789,69.01621457710044,-0.12440631081100481,-69.76575197205966,61.393887071644784,-0.09874307860658442,1.2560026566024527,-0.0003847417600299635,0.012205692657117018
745,2,100.97483333333334,Forward,0.08165589043150115,450.5361348329061,19860.0,19853.603726233316,ok,0.00047076139365383613,14469.016493840983,ok,-87.81627061804829,69.01632997628982,-0.12429091162161862,-68.80628467712086,61.39524505535236,-0.09738509489901208,1.2560026566024527,-0.001974973714977485,0.012205692657117018
746,2,101.10986666666666,Forward,0.08167926555523067,450.31471866748325,19845.0,19853.498499876427,ok,0.00047941347081534416,14468.575496760674,ok,-87.92149697493733,69.01618104398227,-0.12443984392917748,-69.24728175743076,61.394620889366394,-0.09800926088497829,1.2560026566024527,-0.0013399518860019027,0.012205692657117018
747,2,101.24596666666666,Forward,0.08164056805310949,450.61241383272136,19835.0,19853.41004843911,ok,0.00048358735785356845,14468.311726619919,ok,-88.00994841225474,69.01605585408635,-0.12456503382509371,-69.51105189818554,61.394247561838114,-0.09838258841326253,1.2560026566024527,-0.0009962414146102855,0.012205692657117018
748,2,101.38235,Forward,0.08193835483613571,452.0910012641434,19845.0,19852.868977311617,ok,0.0004820192138158868,14468.753146584299,ok,-88.55101953974736,69.01529004812335,-0.12533083978809906,-69.0696319338058,61.39487232635378,-0.09775782389759126,1.2560026566024527,-0.002546753269049698,0.012205692657117018
749,2,101.51848333333334,Forward,0.08187065240642272,450.49348271920826,19835.0,19852.791587658587,ok,0.00047745191690612025,14467.912968065393,ok,-88.62840919277733,69.01518051454309,-0.1254403733683511,-69.9098104527111,61.393683178223206,-0.09894697202816764,1.2560026566024527,-0.0011627136382039577,0.012205692657117018
750,2,101.6538,Forward,0.08187361797619161,450.93431412150676,19860.0,19852.84794312285,ok,0.0004772598834358266,14468.06547537784,ok,-88.5720537285124,69.01526027734762,-0.12536061056381556,-69.75730314026441,61.393899029713594,-0.0987311205377826,1.2560026566024527,-0.0013540608790236358,0.012205692657117018
751,2,101.7894,Forward,0.08189456405963777,451.00010137635036,19835.0,19852.74368263775,ok,0.0004801522715364259,14468.250771039548,ok,-88.67631421361511,69.01511271208838,-0.12550817582305882,-69.57200747855677,61.394161288251226,-0.0984688620001439,1.2560026566024527,-0.0018310235582577744,0.012205692657117018
752,2,101.92443333333334,Forward,0.08186950021882705,450.19763907996094,19860.0,19852.566444407614,ok,0.00048366012920172426,14467.92484539391,ok,-88.85355244375023,69.01486185765056,-0.12575903026088286,-69.89793312419351,61.39369998882081,-0.0989301614305564,1.2560026566024527,-0.0015024846859945235,0.012205692657117018
753,2,102.06106666666666,Forward,0.08184502507861549,450.9972474213355,19860.0,19852.653351073444,ok,0.00048466254994769385,14467.811660723666,ok,-88.76664577791962,69.01498486115146,-0.12563602675998195,-70.01111779443818,61.39353979270058,-0.09909035755078893,1.2560026566024527,-0.0011782744325041367,0.012205692657117018
754,2,102.19613333333334,Forward,0.08177057157528378,450.41211795277195,19845.0,19853.286322561315,ok,0.0004842212094911624,14468.565874162763,ok,-88.13367429004938,69.01588073844964,-0.12474014946179805,-69.25690435534125,61.39460727000568,-0.09802288024569637,1.2560026566024527,-0.0016231514653793216,0.012205692657117018
755,2,102.33251666666666,Forward,0.08183601452326814,449.89101775062227,19850.0,19853.233541499605,ok,0.0004876376927019209,14468.794008084511,ok,-88.18645535175892,69.01580603468199,-0.12481485322944913,-69.02877043359331,61.3949301597493,-0.0976999905020725,1.2560026566024527,-0.0021034056088116843,0.012205692657117018
756,2,102.46755,Forward,0.0817592283330259,450.15926980916265,19850.0,19853.08345527415,ok,0.0004765975705168786,14467.89501126967,ok,-88.33654157721321,69.01559360988131,-0.12502727803014121,-69.92776724843498,61.39365776304109,-0.09897238721028156,1.2560026566024527,-0.0007176967637409631,0.012205692657117018
757,2,102.60285,Forward,0.08187464883550283,450.63079119482427,19840.0,19853.043203082147,ok,0.0004835504767255537,14468.235108111789,ok,-88.37679376921733,69.01553663887121,-0.1250842490402257,-69.58767040631574,61.39413911969913,-0.09849103055223708,1.2560026566024527,-0.0013792530151025828,0.012205692657117018
758,2,102.7379,Forward,0.08176817154330848,450.65069772112474,19835.0,19853.15636891554,ok,0.0004746332530953044,14468.219840729967,ok,-88.26362793582302,69.01569680833067,-0.12492407958076213,-69.60293778813684,61.394117510983676,-0.09851263926769796,1.2560026566024527,-0.001191942951614386,0.012205692657117018
759,2,102.87348333333334,Forward,0.08169623024715283,450.48764141864376,19850.0,19853.11295099339,ok,0.00048139045989640004,14468.38196227076,ok,-88.30704585797503,69.01563535669891,-0.12498553121252703,-69.44081624734463,61.3943469699889,-0.0982831802624732,1.2560026566024527,-0.001541595703522955,0.012205692657117018
760,2,103.00933333333333,Forward,0.08178527672702204,450.66053886717054,19835.0,19853.13299467208,ok,0.0004814190567002612,14468.29968413467,ok,-88.28700217928417,69.01566372555448,-0.12495716235696983,-69.523094383434,61.39423051748563,-0.09839963276574056,1.2560026566024527,-0.0013669621944939342,0.012205692657117018
761,2,103.14598333333333,Forward,0.08174002687402512,451.0099326500567,19835.0,19853.359919212468,ok,0.0004775854530575249,14468.241355987173,ok,-88.06007763889647,69.01598490359808,-0.12463598431336127,-69.58142253093138,61.394147962640446,-0.09848218761092616,1.2560026566024527,-0.0009420950460168609,0.012205692657117018
762,2,103.28155,Forward,0.08176871458565857,450.5877599323285,19845.0,19853.29976671858,ok,0.00047994239257891455,14468.686434267815,ok,-88.12023013278304,69.01589976666105,-0.12472112125038735,-69.13634425028977,61.394777904960414,-0.09785224529095977,1.2560026566024527,-0.0018184412104270409,0.012205692657117018
763,2,103.41658333333334,Forward,0.08185176632691812,450.81423375019585,19835.0,19853.01338654485,ok,0.00047428944948678517,14468.731921018041,ok,-88.40661030651245,69.01549443798321,-0.1251264499282357,-69.09085750006307,61.3948422847116,-0.09778786553977481,1.2560026566024527,-0.0023046310267951092,0.012205692657117018
764,2,103.55375,Forward,0.08176865489820245,450.4503635254623,19850.0,19852.9627724557,ok,0.000480946788199507,14469.12921782981,ok,-88.45722439566453,69.01542280124394,-0.12519808666750207,-68.69356068829438,61.395404599446344,-0.09722555080502743,1.2560026566024527,-0.003082536566750879,0.012205692657117018
765,2,103.68881666666667,Forward,0.08171770610365736,450.36757001747173,19835.0,19853.090385585543,ok,0.0004794506737674895,14469.31264536365,ok,-88.32961126582086,69.0156034187096,-0.12501746920183737,-68.5101331544538,61.395664213925954,-0.09696593632542021,1.2560026566024527,-0.003227995577165327,0.012205692657117018
766,2,103.82411666666667,Forward,0.0818523626705123,450.0333999344948,19835.0,19853.039237052253,ok,0.000478391537013036,14468.92991289421,ok,-88.38075979911082,69.0155310255439,-0.12508986236754546,-68.89286562389498,61.39512251285849,-0.09750763739287889,1.2560026566024527,-0.002620010763060926,0.012205692657117018
767,2,103.95995,Forward,0.08183759567822427,450.67545842956315,19835.0,19852.988025684106,ok,0.0004834692657045757,14468.668371234104,ok,-88.43197116725787,69.01545854344477,-0.12516234446667798,-69.15440728400063,61.39475233941418,-0.09787781083719369,1.2560026566024527,-0.0022275540327303806,0.012205692657117018
768,2,104.09525,Forward,0.08176688998499082,450.2068356405762,19835.0,19852.908617391673,ok,0.00048099961825411036,14468.618119434464,ok,-88.51137945969094,69.01534615277971,-0.12527473513172627,-69.20465908363985,61.394681215442006,-0.09794893480936681,1.2560026566024527,-0.0022506127997811015,0.012205692657117018
769,2,104.2316,Forward,0.08179581476099512,450.3456634986942,19845.0,19853.052033589753,ok,0.00048043125684297427,14469.250936552235,ok,-88.3679632616113,69.01554913714554,-0.12507175076590007,-68.57184196586968,61.3955768742522,-0.09705327599917299,1.2560026566024527,-0.003172578278967733,0.012205692657117018
770,2,104.36743333333334,Forward,0.08192174174147177,450.2993498972428,19845.0,19852.971316389336,ok,0.0004753897254343351,14468.41332615479,ok,-88.44868046202828,69.0154348939153,-0.1251859939961439,-69.4094523633139,61.394391360916806,-0.098238789334565,1.2560026566024527,-0.001797813610521587,0.012205692657117018
771,2,104.50275,Forward,0.0818598794709148,450.75905075690025,19835.0,19853.140388875087,ok,0.0004807895812383988,14469.117538167497,ok,-88.27960797627748,69.01567419095258,-0.12494669695886136,-68.70524035060771,61.395388068615944,-0.09724208163543209,1.2560026566024527,-0.0028103840912060835,0.012205692657117018
772,2,104.63831666666667,Forward,0.08179728207478187,450.37091973577844,19860.0,19853.031773375707,ok,0.00048420751538695795,14468.88578340211,ok,-88.38822347565656,69.0155204618163,-0.12510042609514843,-68.93699511599516,61.39506005410496,-0.09757009614640974,1.2560026566024527,-0.0025521261303010634,0.012205692657117018
773,2,104.77423333333333,Forward,0.08187049503087021,450.81420273615004,19860.0,19853.00143796173,ok,0.00047291658585024644,14469.148499156398,ok,-88.41855888963255,69.01547752653526,-0.12514336137617277,-68.6742793617068,61.39543188930553,-0.09719826094584781,1.2560026566024527,-0.003062087411049491,0.012205692657117018
774,2,104.909,Forward,0.08184577061405801,450.93282926995016,19845.0,19853.03339205062,ok,0.0004848950625481784,14468.57840662248,ok,-88.38660480074395,69.01552275281065,-0.12509813510079065,-69.24437189562377,61.39462500784437,-0.09800514240699992,1.2560026566024527,-0.0020034158768970495,0.012205692657117018
775,2,105.0459,Forward,0.08178438298372442,451.0801566532282,19860.0,19853.044539980216,ok,0.0004776042501545664,14468.208256960384,ok,-88.37545687114834,69.01553853105223,-0.12508235685921446,-69.61452155771985,61.394101115875216,-0.09852903437615969,1.2560026566024527,-0.001329627930283503,0.012205692657117018
776,2,105.1815,Forward,0.08171194501467055,450.7534688017113,19860.0,19853.293465696617,ok,0.0004880628784321096,14468.992804239428,ok,-88.12653115474677,69.01589084849864,-0.124730039412802,-68.82997427867667,61.395211526233524,-0.09741862401784852,1.2560026566024527,-0.0023719888438287484,0.012205692657117018
777,2,105.3168,Forward,0.08177865064486961,450.19360208456783,19860.0,19853.195268279636,ok,0.00047568491072230945,14468.530447053416,ok,-88.22472857172761,69.01575186461342,-0.12486902329801527,-69.29233146468869,61.394557128184736,-0.09807302206663594,1.2560026566024527,-0.001689047041289568,0.012205692657117018
778,2,105.45211666666667,Forward,0.08185642438898877,450.4761998173053,19835.0,19852.986506107984,ok,0.000478862094638087,14468.832949228683,ok,-88.43349074338039,69.01545639271005,-0.12516449520139056,-68.98982928942132,61.39498527516555,-0.09764487508582148,1.2560026566024527,-0.0025222726899841313,0.012205692657117018
779,2,105.58716666666666,Forward,0.08172595709922664,450.79663544557116,19835.0,19853.107356178007,ok,0.00048006277605352164,14468.455359213332,ok,-88.31264067335724,69.01562743806721,-0.1249934498442261,-69.36741930477183,61.39445085247945,-0.09817929777192323,1.2560026566024527,-0.0016799910193272538,0.012205692657117018
780,2,105.72328333333333,Forward,0.0817086527835848,450.7199813856896,19845.0,19853.181770600593,ok,0.0004795622217283494,14468.549410735457,ok,-88.23822625077082,69.01573276064988,-0.1248881272615661,-69.27336778264726,61.394583968465156,-0.09804618178621817,1.2560026566024527,-0.0017418624683490647,0.012205692657117018
781,2,105.85991666666666,Forward,0.08173973253346808,450.911654014566,19845.0,19853.07421294357,ok,0.000477371383694496,14468.962457093423,ok,-88.34578390779279,69.01558052873261,-0.12504035917882994,-68.86032142468139,61.39516857434755,-0.09746157590382015,1.2560026566024527,-0.002628360926970233,0.012205692657117018
782,2,105.99525,Forward,0.081804906296043,450.52574555532556,19835.0,19853.239928208226,ok,0.000479987900199663,14469.215755231748,ok,-88.18006864313793,69.01581507412116,-0.12480581379027485,-68.6070232863567,61.39552708030895,-0.09710306994242075,1.2560026566024527,-0.0028440999783406057,0.012205692657117018
783,2,106.13081666666666,Forward,0.08169126533027762,450.3311456222691,19835.0,19853.185105527293,ok,0.0004816079556295042,14468.745822272762,ok,-88.23489132407121,69.01573748074419,-0.12488340716725137,-69.07695624534244,61.394861959876685,-0.09776819037468581,1.2560026566024527,-0.0020863003254316392,0.012205692657117018
784,2,106.26558333333334,Forward,0.08182887860609334,449.84543896987816,19845.0,19853.299506233354,ok,0.0004847297463524587,14468.67704711345,ok,-88.12049061801008,69.01589939798284,-0.1247214899286073,-69.14573140465473,61.394764618835126,-0.09786553141624547,1.2560026566024527,-0.0018021224799921881,0.012205692657117018
785,2,106.40141666666666,Forward,0.08172636907565867,450.5949519930946,19845.0,19853.172198291188,ok,0.0004827726284386022,14468.17225063777,ok,-88.2477985601763,69.01571921246509,-0.12490167544636101,-69.65052788033427,61.394050154263766,-0.09857999598760585,1.2560026566024527,-0.0010849385980689352,0.012205692657117018
786,2,106.53753333333333,Forward,0.08172029498434691,450.9338415086604,19845.0,19853.267915224234,ok,0.00048393476266584117,14468.650684282386,ok,-88.15208162712952,69.01585468559304,-0.12476620231840554,-69.17209423571876,61.39472730615625,-0.09790284409512394,1.2560026566024527,-0.0017999700459941231,0.012205692657117018
787,2,106.67338333333333,Forward,0.08179966872055536,450.12437888960267,19845.0,19853.111519182516,ok,0.00047980232926415835,14468.708047055501,ok,-88.30847766884835,69.01563333018291,-0.12498755772854125,-69.11473146260323,61.39480849465712,-0.09782165559425167,1.2560026566024527,-0.0021232984289109857,0.012205692657117018
788,2,106.8095,Forward,0.081783239598482,450.3311774515387,19845.0,19853.143052483225,ok,0.00048225276979599866,14468.896668028132,ok,-88.27694436813908,69.015677960895,-0.12494292701644188,-68.92611048997242,61.39507545967937,-0.09755469057200415,1.2560026566024527,-0.002413976493974429,0.012205692657117018
789,2,106.9454,Forward,0.08173087048312236,449.9818266431066,19860.0,19853.17447040867,ok,0.00048032529718946654,14468.971107472244,ok,-88.24552644269352,69.01572242831051,-0.12489845960092302,-68.85167104586071,61.39518081767629,-0.09744933257508474,1.2560026566024527,-0.0025018390024806464,0.012205692657117018
790,2,107.08095,Forward,0.08177757807789499,450.68192914870815,19850.0,19853.270656992998,ok,0.0004854618356817179,14469.089500784892,ok,-88.14933985836615,69.01585856616023,-0.12476232175120931,-68.73327773321216,61.395348385857616,-0.09728176439375086,1.2560026566024527,-0.00257616723368434,0.012205692657117018
791,2,107.21626666666667,Forward,0.08160405995487932,450.4441443919568,19845.0,19853.191020825492,ok,0.00047417619736172536,14469.18428775569,ok,-88.22897602587182,69.0157458529718,-0.12487503493963863,-68.63849076241422,61.39548254276188,-0.09714760748948456,1.2560026566024527,-0.002857381850273691,0.012205692657117018
792,2,107.35158333333334,Forward,0.08170870435066299,450.5255460086519,19845.0,19853.288585795126,ok,0.000477153329824113,14468.286434845702,ok,-88.131411056238,69.01588394172157,-0.12473694618987986,-69.53634367240193,61.39421176508141,-0.09841838516996557,1.2560026566024527,-0.0011231929578796734,0.012205692657117018
793,2,107.48661666666666,Forward,0.08174410993832981,450.06464093422255,19835.0,19852.94580940457,ok,0.0004860105133294604,14469.78892331984,ok,-88.47418744679453,69.01539879255996,-0.12522209535147366,-68.03385519826406,61.39633831476107,-0.09629183549030758,1.2560026566024527,-0.004279294166521008,0.012205692657117018
794,2,107.62278333333333,Forward,0.0817723931314186,450.17071684294933,19835.0,19853.29144116169,ok,0.00048417648689324556,14468.410776867759,ok,-88.1285556896728,69.0158879830696,-0.1247329048418369,-69.4120016503457,61.39438775277897,-0.09824239747240707,1.2560026566024527,-0.0013401926254995311,0.012205692657117018
795,2,107.7586,Forward,0.08170461136848839,451.30490582251514,19835.0,19853.289275190044,ok,0.00048218425714274295,14468.70639683028,ok,-88.13072166132042,69.01588491745785,-0.12473597045358215,-69.1163816878252,61.39480615900798,-0.09782399124339476,1.2560026566024527,-0.0018687775724232497,0.012205692657117018
796,2,107.8939,Forward,0.0817370028833257,450.603163237829,19845.0,19853.335680180273,ok,0.00048327318683791276,14469.689065923067,ok,-88.08431667109107,69.01595059684163,-0.12467029106980959,-68.13371259503765,61.39619698142056,-0.0964331688308127,1.2560026566024527,-0.0035499748337160103,0.012205692657117018
797,2,108.02868333333333,Forward,0.08170668983934798,450.3174923480219,19860.0,19853.261295647557,ok,0.0004866504761090466,14469.023200017833,ok,-88.15870120380714,69.01584531656366,-0.12477557134778951,-68.79957850027131,61.39525454695145,-0.0973756032999239,1.2560026566024527,-0.002471554914818541,0.012205692657117018
798,2,108.16506666666666,Forward,0.08172827809025993,449.95949331519296,19835.0,19852.9435484114,ok,0.000478085941888134,14467.88611219393,ok,-88.47644843996386,69.01539559245934,-0.1252252954520952,-69.93666632417444,61.39364516771874,-0.09898498253263428,1.2560026566024527,-0.0008998944273591741,0.012205692657117018
799,2,108.30118333333333,Forward,0.08175848741553088,450.1073267433021,19860.0,19853.131305869498,ok,0.00048298466005668877,14467.984318442916,ok,-88.28869098186624,69.0156613353048,-0.12495955260664675,-69.83846007518878,61.393784164104346,-0.0988459861470276,1.2560026566024527,-0.0008087314114908484,0.012205692657117018
800,2,108.43675,Forward,0.08174517759021069,450.34282775071915,19835.0,19853.19386187115,ok,0.000484034765555055,14468.038951599572,ok,-88.22613498021383,69.01574987405073,-0.12487101386071664,-69.78382691853221,61.39386148923781,-0.09876866101356634,1.2560026566024527,-0.0008173132386102289,0.012205692657117018
801,2,108.57206666666667,Forward,0.08168536753446265,449.7880413113962,19835.0,19853.112004437717,ok,0.00047996540952548834,14468.592015968832,ok,-88.3079924136473,69.0156340169897,-0.12498687092174697,-69.23076254927219,61.39464426985644,-0.09798588039492963,1.2560026566024527,-0.001916344836185177,0.012205692657117018
802,2,108.7079,Forward,0.08174111945697593,449.9575941607218,19835.0,19853.215183211592,ok,0.00048275002761835747,14468.87730512137,ok,-88.2048136397716,69.01578005124706,-0.12484083666437354,-68.94547339673409,61.39504805435555,-0.0975820958958253,1.2560026566024527,-0.002277464982381669,0.012205692657117018
803,2,108.8438,Forward,0.08177355083327192,450.3422655519935,19845.0,19853.154753914874,ok,0.0004757505589151191,14468.337997295102,ok,-88.26524293648981,69.01569452253668,-0.12492636537476967,-69.48478122300185,61.394284744084004,-0.09834540616736986,1.2560026566024527,-0.0014042739639058832,0.012205692657117018
804,2,108.97936666666666,Forward,0.081793918596758,450.64157486849945,19845.0,19853.191008797614,ok,0.0004770946208665276,14469.030273098871,ok,-88.22898805375007,69.01574583594812,-0.12487505196331707,-68.79250541923284,61.39526455784902,-0.09736559240235267,1.2560026566024527,-0.002583609244290533,0.012205692657117018
805,2,109.1147,Forward,0.08164234845203258,449.98874080472524,19860.0,19853.136940548455,ok,0.0004787261692964585,14468.781810090868,ok,-88.28305630290924,69.01566931035748,-0.12495157755396766,-69.0409684272363,61.39491289529774,-0.09771725495362767,1.2560026566024527,-0.002218445736312122,0.012205692657117018
806,2,109.25053333333334,Forward,0.08165613168514924,450.2523384364904,19850.0,19853.185344196165,ok,0.0004786180201904783,14469.315291786326,ok,-88.23465265519917,69.0157378185446,-0.1248830693668475,-68.50748673177804,61.395667959544895,-0.09696219070647522,1.2560026566024527,-0.0030983002495209716,0.012205692657117018
807,2,109.38651666666667,Forward,0.08180099079795083,450.41122225669824,19835.0,19853.030623234143,ok,0.000475326032270305,14468.781093650072,ok,-88.38937361722128,69.01551883396142,-0.12510205395001595,-69.04168486803246,61.39491188128201,-0.09771826896935679,1.2560026566024527,-0.002367648525910801,0.012205692657117018
808,2,109.52155,Forward,0.08174064344793061,450.5625163343684,19860.0,19853.084995060995,ok,0.0004858110822472895,14468.84911788833,ok,-88.33500179036855,69.0155957892213,-0.12502509869014786,-68.9736606297738,61.395008159506155,-0.0976219907452187,1.2560026566024527,-0.0024116189713331154,0.012205692657117018
809,2,109.65715,Forward,0.08180656098742592,449.3729722597818,19845.0,19853.09130506347,ok,0.00047886984275051823,14468.687135337332,ok,-88.32869178789406,69.01560472009429,-0.12501616781715166,-69.1356431807726,61.39477889722038,-0.09785125303099719,1.2560026566024527,-0.002114734058340395,0.012205692657117018
810,2,109.79418333333334,Forward,0.0817863228284822,449.37965487434485,19835.0,19853.08775243103,ok,0.00048651293693624824,14469.098254642888,ok,-88.33224442033315,69.01559969186978,-0.1250211960416641,-68.72452387521662,61.395360775645784,-0.097269374605585,1.2560026566024527,-0.0028506031309901703,0.012205692657117018
811,2,109.93028333333334,Forward,0.08173299590311286,450.2217241493272,19860.0,19853.147027041934,ok,0.00048567734624004256,14467.925520397506,ok,-88.27296980942992,69.01568358629359,-0.124937301617848,-69.89725812059805,61.39370094418833,-0.09892920606304151,1.2560026566024527,-0.0006819559870963887,0.012205692657117018
812,2,110.06533333333333,Forward,0.08177397945477355,451.08166029372296,19845.0,19853.021362645963,ok,0.0004763778454624789,14469.45991605944,ok,-88.39863420540132,69.01550572697181,-0.1251151609396313,-68.36286245866359,61.39587265376183,-0.09675749648954367,1.2560026566024527,-0.0035874883025619614,0.012205692657117018
813,2,110.20116666666667,Forward,0.08174671275080131,450.3610056704092,19845.0,19853.053241790378,ok,0.00048309557577162684,14469.512965970847,ok,-88.36675506098618,69.0155508471744,-0.12507004073704028,-68.30981254725702,61.39594773804637,-0.0966824122050055,1.2560026566024527,-0.0036366741608199887,0.012205692657117018
814,2,110.3369,Forward,0.08168006629170566,450.43343013802587,19845.0,19853.005657429123,ok,0.0004847349504508462,14469.364399639411,ok,-88.41433942224103,69.0154834985658,-0.1251373893456486,-68.45837887869311,61.395737464430326,-0.0968926858210508,1.2560026566024527,-0.0034399185490620043,0.012205692657117018
815,2,110.47273333333334,Forward,0.08185416888707334,450.6337125382379,19845.0,19853.021046169815,ok,0.00048069658262629,14468.921890282865,ok,-88.39895068154874,69.01550527904675,-0.12511560886469794,-68.90088823523911,61.395111158041544,-0.09751899220982262,1.2560026566024527,-0.00263149557996685,0.012205692657117018
816,2,110.60751666666667,Forward,0.08188741075209169,449.63115519741405,19835.0,19853.066241295546,ok,0.00048128802234537904,14468.305619568107,ok,-88.35375555581777,69.01556924604668,-0.12505164186475112,-69.51715894999688,61.394238918211684,-0.09839123203968403,1.2560026566024527,-0.0014719930365196254,0.012205692657117018
817,2,110.74415,Forward,0.08176105422944677,450.2204377705275,19835.0,19852.724202485326,ok,0.0004852584573761359,14468.9188253247,ok,-88.69579436603817,69.0150851408207,-0.12553574709073106,-68.90395319340496,61.39510682004767,-0.09752333020370273,1.2560026566024527,-0.0030461852741622275,0.012205692657117018
818,2,110.87946666666667,Forward,0.08175813991986719,450.1936042761881,19845.0,19853.15083210977,ok,0.0004841653180528632,14468.634398789683,ok,-88.26916474159225,69.01568897180299,-0.12493191610845437,-69.18837972842084,61.39470425645578,-0.09792589379559405,1.2560026566024527,-0.001936733351018613,0.012205692657117018
819,2,111.0148,Forward,0.08175092682256899,450.5400423176361,19845.0,19852.912692298978,ok,0.0004779550127063801,14469.091202128338,ok,-88.5073045523859,69.01535192020687,-0.12526896770457238,-68.7315763897659,61.395350793857034,-0.09727935639433995,1.2560026566024527,-0.0030858376407046084,0.012205692657117018
820,2,111.15011666666666,Forward,0.08179942467567977,450.74192161893006,19835.0,19852.91822854488,ok,0.00048583557419597896,14468.18326179412,ok,-88.50176830648343,69.01535975594216,-0.1252611319692885,-69.63951672398434,61.39406573892309,-0.09856441132828123,1.2560026566024527,-0.0014639694945104004,0.012205692657117018
821,2,111.28623333333333,Forward,0.08175128756803915,450.4379108706271,19845.0,19853.031961941077,ok,0.0004836517943936819,14468.355465401453,ok,-88.38803491028739,69.01552072870261,-0.12510015920882464,-69.46731311665098,61.39430946759876,-0.09832068265261147,1.2560026566024527,-0.0016091205981779433,0.012205692657117018
822,2,111.4226,Forward,0.08181289043953272,450.6788670659698,19835.0,19852.70530997096,ok,0.000476437090612105,14468.986956776724,ok,-88.71468688040477,69.01505840126758,-0.12556248664385627,-68.83582174138064,61.395203250017,-0.09742690023437463,1.2560026566024527,-0.0031940411249396228,0.012205692657117018
823,2,111.55845,Forward,0.08173164676591013,450.73596205857757,19835.0,19852.778194291735,ok,0.00048141866394938316,14469.275912553716,ok,-88.64180255962856,69.01516155821798,-0.12545932969345927,-68.54686596438842,61.395612224079414,-0.09701792617196078,1.2560026566024527,-0.003604556683415902,0.012205692657117018
824,2,111.69401666666667,Forward,0.08185395914555726,450.49241974379765,19835.0,19852.72244616159,ok,0.000480576178210218,14469.281052084194,ok,-88.69755068977247,69.01508265500485,-0.12553823290658847,-68.5417264339103,61.39561949832283,-0.09701065192854397,1.2560026566024527,-0.0036925963656014027,0.012205692657117018
825,2,111.83038333333333,Forward,0.08203697083782668,450.31944255581766,19835.0,19852.331563109023,ok,0.0004849584614754402,14468.412588879408,ok,-89.0884337423413,69.01452941799536,-0.12609146991607761,-69.41018963869647,61.394390317412814,-0.09823983283856226,1.2560026566024527,-0.0027019788866625427,0.012205692657117018
826,2,111.9663,Forward,0.08195442343194526,451.08167911374767,19845.0,19852.54373197607,ok,0.00048433855429490296,14468.900131464981,ok,-88.87626487529269,69.014829711571,-0.12579117634043838,-68.922647053123,61.395080361660746,-0.09754978859062499,1.2560026566024527,-0.003268382719605764,0.012205692657117018
827,2,112.10165,Forward,0.08199535808597408,451.223775317063,19850.0,19852.337745195622,ok,0.00048502193823777103,14468.943993157736,ok,-89.08225165574186,69.0145381678224,-0.12608272008903806,-68.87878536036806,61.39514244138401,-0.097487708867364,1.2560026566024527,-0.003637898765542394,0.012205692657117018
828,2,112.23645,Forward,0.0820475263888234,450.9738321997429,19860.0,19852.297494190483,ok,0.000472904174082743,14467.6995441677,ok,-89.12250266088085,69.01448119849215,-0.1261396894192909,-70.12323435040344,61.393381108337756,-0.09924904191361514,1.2560026566024527,-0.0014826291105421163,0.012205692657117018
829,2,112.37228333333333,Forward,0.08203937246270143,450.792478899235,19855.0,19852.287767181217,ok,0.0004750287268492565,14468.4969691335,ok,-89.13222967014735,69.01446743135264,-0.1261534565588036,-69.32580938460342,61.394509745152455,-0.09812040509891587,1.2560026566024527,-0.002913967087656441,0.012205692657117018
