scan_index,channel_id,time_min,direction,DipDepth,CentroidWidthMotor,RawMinimumMotor,SPRMotor,SPRQuality,TIREdgeSlope,TIRMotor,TIRQuality,DeltaSPRMotor,SPRAngleEmpirical,DeltaSPRAngle,DeltaTIRMotor,TIRAngleEmpirical,DeltaTIRAngle,BulkSensitivity,PureKineticsCandidate,AngleCalibrationRMSEDeg
0,2,0.14448333333333332,Forward,0.08935669194584106,469.0860765005018,19820.0,19828.742853979395,ok,0.0004875918032668302,14467.599554612794,ok,-112.67714287196941,68.98114309743012,-0.15947779048132502,-67.91782063022765,61.39323958794701,-0.09612760576227011,1.2560026566024527,-0.03874126227108052,0.012205692657117018
1,2,0.28031666666666666,Forward,0.08943688196756225,469.3104886163237,19795.0,19828.46491070968,ok,0.0004832541468671135,14466.551564142987,ok,-112.95508614168284,68.98074970993906,-0.1598711779723747,-68.96581110003535,61.39175631280965,-0.09761088089962713,1.2560026566024527,-0.03727165224913742,0.012205692657117018
2,2,0.4159,Forward,0.08939386279257838,470.0954223639055,19835.0,19828.271419667733,ok,0.0004897019338589572,14466.870328921628,ok,-113.14857718363055,68.98047585205572,-0.16014503585571502,-68.64704632139365,61.39220747709449,-0.09715971661479245,1.2560026566024527,-0.03811217367279425,0.012205692657117018
3,2,0.5517166666666666,Forward,0.08954151771687288,469.07408653440507,19820.0,19828.20998002487,ok,0.00048601473334300795,14466.653827166321,ok,-113.21001682649512,68.98038889335015,-0.16023199456128973,-68.86354807670068,61.3919010509579,-0.09746614275137745,1.2560026566024527,-0.037814260336765756,0.012205692657117018
4,2,0.6867666666666666,Forward,0.08942330186080102,469.403788934982,19835.0,19828.172142354633,ok,0.0004843852123841049,14466.45271763382,ok,-113.24785449673072,68.98033533973765,-0.1602855481737823,-69.06465760920219,61.39161641023068,-0.09775078347859678,1.2560026566024527,-0.037510304439693595,0.012205692657117018
5,2,0.82235,Forward,0.08946688105444958,469.75931137461885,19830.0,19828.215409936412,ok,0.0004780490885311787,14466.372950243422,ok,-113.2045869149515,68.98039657858492,-0.16022430932652593,-69.14442499960023,61.391503511315705,-0.09786368239357544,1.2560026566024527,-0.0373072642552965,0.012205692657117018
6,2,0.9581833333333334,Forward,0.08950855613884826,469.99306735121354,19825.0,19828.078778340554,ok,0.0004820068775019515,14466.776285648495,ok,-113.34121851081,68.98020319681765,-0.1604176910937776,-68.74108959452678,61.39207437278401,-0.09729282092527311,1.2560026566024527,-0.038217649543287865,0.012205692657117018
7,2,1.0948333333333333,Forward,0.0895248432639133,470.3198694303901,19820.0,19828.105938326687,ok,0.00048554308626317023,14466.31110487958,ok,-113.31405852467651,68.98024163775136,-0.1603792501600827,-69.20627036344194,61.39141597837224,-0.09795121533704204,1.2560026566024527,-0.037352263479318984,0.012205692657117018
8,2,1.2304333333333333,Forward,0.08951389572323315,470.18660784673557,19820.0,19828.194431790645,ok,0.00048069669212285986,14466.29166226801,ok,-113.22556506071851,68.98036688712975,-0.1602540007816875,-69.22571297501236,61.391388460238076,-0.0979787334712031,1.2560026566024527,-0.03719245125131275,0.012205692657117018
9,2,1.3668,Forward,0.08955385265844351,469.92335662419646,19815.0,19828.168539232658,ok,0.00047908333793557844,14466.23624171676,ok,-113.2514576187059,68.9803302400527,-0.16029064785874758,-69.28113352626133,61.39131002066431,-0.0980571730449726,1.2560026566024527,-0.03713057801533558,0.012205692657117018
10,2,1.5034,Forward,0.0895154258031075,470.19146011180055,19820.0,19828.237470840395,ok,0.00048168402804009685,14466.597201775552,ok,-113.18252601096901,68.9804278025238,-0.16019308538763757,-68.9201734674698,61.391820906112414,-0.09754628759686099,1.2560026566024527,-0.03767468902427329,0.012205692657117018
11,2,1.63895,Forward,0.08947327752524734,469.2207202696118,19820.0,19828.378517933932,ok,0.0004917567551225304,14466.459501129288,ok,-113.04147891743196,68.98062743377339,-0.15999345413805344,-69.05787411373421,61.391626011262815,-0.09774118244646729,1.2560026566024527,-0.0372302693258255,0.012205692657117018
12,2,1.7745166666666667,Forward,0.08945362063337159,469.8091818234934,19820.0,19828.325578834156,ok,0.0004820743353798015,14466.341564489174,ok,-113.09441801720823,68.98055250632629,-0.16006838158515763,-69.17581075384805,61.391459089433745,-0.09790810427553352,1.2560026566024527,-0.03709554251217756,0.012205692657117018
13,2,1.9103666666666668,Forward,0.08947664471029448,469.51852684989353,19820.0,19828.090757435002,ok,0.0004842592670545225,14466.242727276836,ok,-113.32923941636182,68.98022015144986,-0.16040073646157918,-69.27464796618551,61.39131920001306,-0.09804799369621951,1.2560026566024527,-0.037252195904586935,0.012205692657117018
14,2,2.0468166666666665,Forward,0.08946413042869414,469.2724268331258,19825.0,19828.35899299095,ok,0.00047954664341058243,14466.645314147512,ok,-113.06100386041362,68.98059979911132,-0.16002108880012086,-68.87206109550971,61.39188900204189,-0.09747819166738106,1.2560026566024527,-0.03758822110508718,0.012205692657117018
15,2,2.1837,Forward,0.08944462308426815,469.06394594949234,19805.0,19828.412780062637,ok,0.0004850739394709148,14466.675466716593,ok,-113.00721678872651,68.98067592673695,-0.15994496117449525,-68.8419085264286,61.39193167853308,-0.09743551517619725,1.2560026566024527,-0.03756569526576291,0.012205692657117018
16,2,2.3187166666666665,Forward,0.08943347641653118,469.33285056595923,19805.0,19828.48761142908,ok,0.0004807893340871238,14466.546188366163,ok,-112.93238542228573,68.98078183944182,-0.15983904846962455,-68.97118687685906,61.391748704194555,-0.0976184895147208,1.2560026566024527,-0.03722996630561655,0.012205692657117018
17,2,2.4539833333333334,Forward,0.08947664133451652,469.26124407611496,19810.0,19828.57939000649,ok,0.0004866224485036515,14466.551922839606,ok,-112.84060684487486,68.98091173841127,-0.15970914950018017,-68.96545240341584,61.39175682049154,-0.09761037321774176,1.2560026566024527,-0.03711026142673962,0.012205692657117018
18,2,2.5890166666666667,Forward,0.08953789049949956,468.9733342500185,19810.0,19828.639429590305,ok,0.00047387207886597025,14466.027179577373,ok,-112.78056726105933,68.98099671554083,-0.15962417237061985,-69.49019566564857,61.39101412420108,-0.0983530695082035,1.2560026566024527,-0.03609245578331058,0.012205692657117018
19,2,2.7235833333333335,Forward,0.08942269015814786,469.5416724036877,19805.0,19828.522475794423,ok,0.00047950361570016386,14466.24635154232,ok,-112.8975210569406,68.98083118478205,-0.1597897031293891,-69.27102370070133,61.39132432962353,-0.09804286408575191,1.2560026566024527,-0.03664760537677149,0.012205692657117018
20,2,2.8588833333333334,Forward,0.08941506226396229,469.45180784156037,19820.0,19828.540050884112,ok,0.00048552962860332635,14466.682579815833,ok,-112.87994596725184,68.98085605971586,-0.15976482819557702,-68.83479542718851,61.391941746070486,-0.09742544763879464,1.2560026566024527,-0.03739820714056781,0.012205692657117018
21,2,2.9933833333333335,Forward,0.08942967831075121,468.3334620635251,19820.0,19828.556130138135,ok,0.00047962181875625735,14466.249032050453,ok,-112.86386671322907,68.98087881751606,-0.159742070395381,-69.26834319256886,61.39132812348538,-0.09803907022389637,1.2560026566024527,-0.03660473774333274,0.012205692657117018
22,2,3.127883333333333,Forward,0.08942863179523472,468.87131202351884,19820.0,19828.79111535335,ok,0.00048228717319180603,14466.710314118216,ok,-112.62888149801438,68.98121140424983,-0.15940948366161192,-68.80706112480584,61.391980999863684,-0.09738619384559583,1.2560026566024527,-0.03709216547514213,0.012205692657117018
23,2,3.2629333333333332,Forward,0.08935397816136778,469.00988825815875,19805.0,19828.687661411455,ok,0.0004896944200390068,14466.835993130677,ok,-112.73233543990864,68.98106498053292,-0.15955590737851985,-68.68138211234509,61.39215887987294,-0.09720831383633886,1.2560026566024527,-0.03746200695623328,0.012205692657117018
24,2,3.3979833333333334,Forward,0.08928394637180978,469.76010017191584,19820.0,19828.745383978825,ok,0.0004907407610990985,14466.07944413039,ok,-112.674612872539,68.98114667826921,-0.15947420964222317,-69.43793111263221,61.39108809692725,-0.09827909678203121,1.2560026566024527,-0.03603540299550241,0.012205692657117018
25,2,3.5335833333333335,Forward,0.08937865289627656,469.5767457076108,19825.0,19828.66788375067,ok,0.00048516234460678953,14466.221705493948,ok,-112.75211310069426,68.98103698818628,-0.15958389972517142,-69.29566974907357,61.39128944679602,-0.09807774691325638,1.2560026566024527,-0.0363979890485384,0.012205692657117018
26,2,3.668083333333333,Forward,0.08935941713878745,469.70470194135487,19810.0,19828.87419390931,ok,0.00048053954420723563,14466.171384968495,ok,-112.54580294205516,68.98132898962875,-0.15929189828268722,-69.34599027452714,61.39121822555265,-0.09814896815663059,1.2560026566024527,-0.036016533535169676,0.012205692657117018
27,2,3.803383333333333,Forward,0.08934448225878414,469.433333848825,19820.0,19828.83955624883,ok,0.00047907109909917664,14466.549078015492,ok,-112.58044060253451,68.98127996515564,-0.1593409227557959,-68.96829722752955,61.39175279406477,-0.09761439964450763,1.2560026566024527,-0.03673697747964079,0.012205692657117018
28,2,3.9384166666666665,Forward,0.08929601975635232,468.90004198013776,19835.0,19828.73803792259,ok,0.0004830654626994172,14466.646965292686,ok,-112.68195892877338,68.98113628101572,-0.15948460689571353,-68.87040995033567,61.39189133899309,-0.09747585471618218,1.2560026566024527,-0.037054674417594,0.012205692657117018
29,2,4.072666666666667,Forward,0.08933494208625845,468.74762940987785,19820.0,19828.944934953524,ok,0.0004888481487757687,14466.606823365577,ok,-112.47506189783962,68.98142911308894,-0.15919177482250457,-68.91055187744496,61.39183452404662,-0.09753266966265564,1.2560026566024527,-0.03669048262067964,0.012205692657117018
30,2,4.2077,Forward,0.08941063756898188,468.4557502287571,19835.0,19829.054609718885,ok,0.0004763571706796811,14466.601288450622,ok,-112.36538713247865,68.98158434145918,-0.15903654645226448,-68.91608679240016,61.391826690195096,-0.09754050351418098,1.2560026566024527,-0.036525414912112295,0.012205692657117018
31,2,4.3422,Forward,0.08932167033464727,468.6099085160131,19835.0,19828.989712651757,ok,0.0004856458082297272,14465.98976440841,ok,-112.43028419960683,68.98149248928215,-0.15912839862929457,-69.52761083461155,61.390961168576496,-0.09840602513278372,1.2560026566024527,-0.03553016963683048,0.012205692657117018
32,2,4.478316666666666,Forward,0.08929734204808287,468.7717687736622,19820.0,19829.049390603748,ok,0.0004861944571485613,14466.469555940726,ok,-112.3706062476158,68.98157695457547,-0.1590439333359671,-69.04781930229547,61.391640242357695,-0.09772695135157895,1.2560026566024527,-0.03629862281672529,0.012205692657117018
33,2,4.6134,Forward,0.0892443505425424,468.3210537848463,19825.0,19829.145232292285,ok,0.00048392978990766003,14466.45980278673,ok,-112.2747645590789,68.98171260427632,-0.15890828363511136,-69.05757245629138,61.3916264382142,-0.09774075549508,1.2560026566024527,-0.0361456350749601,0.012205692657117018
34,2,4.748683333333333,Forward,0.08917637429485872,469.25776048285843,19820.0,19829.122229229368,ok,0.000474529944518424,14466.452298537773,ok,-112.29776762199617,68.98168004685115,-0.15894084106028958,-69.06507670524843,61.39161581706236,-0.09775137664691602,1.2560026566024527,-0.0361648523052161,0.012205692657117018
35,2,4.884,Forward,0.08922212278386846,468.7963459541461,19810.0,19829.245496487005,ok,0.0004846189839589609,14466.579714557683,ok,-112.17450036435912,68.98185451337902,-0.15876637453242431,-68.93766068533841,61.391796155548136,-0.09757103816113934,1.2560026566024527,-0.03621689139457401,0.012205692657117018
36,2,5.019033333333334,Forward,0.08912268769082335,468.5552366192933,19820.0,19829.335081182395,ok,0.00047892730130188826,14466.470739354228,ok,-112.08491566896919,68.98198130723372,-0.1586395806777207,-69.04663588879339,61.39164191730406,-0.09772527640521693,1.2560026566024527,-0.03589637389555923,0.012205692657117018
37,2,5.1538,Forward,0.08919903220947872,468.7778480003144,19820.0,19829.324211161755,ok,0.0004786532917057952,14466.34788348659,ok,-112.09578568960933,68.98196592233107,-0.15865496558037256,-69.16949175643276,61.39146803303775,-0.0978991606715322,1.2560026566024527,-0.03569335969777776,0.012205692657117018
38,2,5.288833333333334,Forward,0.08918251658370452,468.0745414859339,19820.0,19829.31346762811,ok,0.0004932190534185642,14466.436747616377,ok,-112.10652922325244,68.981950716452,-0.1586701714594328,-69.08062762664485,61.391593807038674,-0.09777338667060884,1.2560026566024527,-0.03586653805612926,0.012205692657117018
39,2,5.42335,Forward,0.08907687943154619,469.15221109447884,19835.0,19829.407984252855,ok,0.00047943183587001844,14466.107201735349,ok,-112.01201259850859,68.98208449072152,-0.1585363971899252,-69.41017350767288,61.391127383701786,-0.09823981000748992,1.2560026566024527,-0.03514693483639765,0.012205692657117018
40,2,5.5584,Forward,0.08904837903905391,468.8004551678314,19820.0,19829.62089704414,ok,0.0004768640193846643,14465.948924081205,ok,-111.79909980722368,68.98238583721162,-0.15823505069982197,-69.56845116181648,61.39090336514823,-0.09846382856104936,1.2560026566024527,-0.034564220447895505,0.012205692657117018
41,2,5.6931666666666665,Forward,0.08901771999975819,468.5839201945346,19820.0,19829.573484422748,ok,0.0004909787562499127,14466.728755018394,ok,-111.84651242861582,68.98231873167532,-0.15830215623611638,-68.78862022462818,61.39200710022388,-0.09736009348539977,1.2560026566024527,-0.03601762017139111,0.012205692657117018
42,2,5.828,Forward,0.08903788930841999,468.4224419210368,19820.0,19829.62281887012,ok,0.00047783101548413455,14466.44251991232,ok,-111.7971779812433,68.98238855727136,-0.15823233064007222,-69.07485533070212,61.39160197686779,-0.09776521684148921,1.2560026566024527,-0.03543895856384692,0.012205692657117018
43,2,5.964666666666667,Forward,0.08899885755557047,468.98578021590583,19825.0,19829.770831151396,ok,0.0004824247576984149,14466.264905935943,ok,-111.64916569996785,68.98259804671156,-0.1580228411998871,-69.25246930707908,61.39135059061687,-0.09801660309241132,1.2560026566024527,-0.03491372732467031,0.012205692657117018
44,2,6.099966666666667,Forward,0.0889935654707682,468.65899943693876,19820.0,19829.87379632679,ok,0.00048758350968565684,14466.60067385313,ok,-111.5462005245754,68.98274377865194,-0.15787710925949908,-68.91670138989139,61.39182582032347,-0.09754137338581098,1.2560026566024527,-0.0353648851582687,0.012205692657117018
45,2,6.235283333333333,Forward,0.08894705688127111,467.48317571575535,19805.0,19829.921773436552,ok,0.0004732390750296785,14465.803834575006,ok,-111.49822341481195,68.98281168313784,-0.15780920477360483,-69.71354066801541,61.39069801246284,-0.09866918124643759,1.2560026566024527,-0.03388045100329032,0.012205692657117018
46,2,6.370866666666666,Forward,0.08884465312521178,468.34206915137474,19810.0,19829.99639477072,ok,0.0004821985895417512,14466.446208968982,ok,-111.42360208064565,68.98291729857316,-0.15770358933827974,-69.07116627403957,61.391607198180566,-0.09775999552871442,1.2560026566024527,-0.034916775244770534,0.012205692657117018
47,2,6.504833333333333,Forward,0.08897855567090243,467.81571147990326,19805.0,19830.274505252935,ok,0.00048183321266186417,14465.956363014557,ok,-111.14549159842863,68.98331092272872,-0.15730996518272175,-69.56101222846519,61.39091389385551,-0.09845329985376974,1.2560026566024527,-0.03365235901510909,0.012205692657117018
48,2,6.6406833333333335,Forward,0.08885474958015166,468.50191397541494,19820.0,19830.31808353217,ok,0.0004822851199310228,14465.993284114207,ok,-111.10191331919486,68.98337260132216,-0.15724828658928175,-69.52409112881469,61.390966150198224,-0.09840104351105175,1.2560026566024527,-0.033656314526947215,0.012205692657117018
49,2,6.77545,Forward,0.08887082468395438,468.3142258149128,19820.0,19830.402016179032,ok,0.0004821723296662998,14466.108237453098,ok,-111.01798067233176,68.98349139554013,-0.15712949237130813,-69.40913778992399,61.39112884960671,-0.0982383441025695,1.2560026566024527,-0.03374187119825495,0.012205692657117018
50,2,6.911016666666667,Forward,0.08883819356195236,468.05404613797145,19820.0,19830.463497118344,ok,0.00047808198093992813,14466.22544783174,ok,-110.95649973301988,68.9835784126947,-0.15704247521673478,-69.291927411281,61.391294743520334,-0.0980724501889414,1.2560026566024527,-0.033863217239912674,0.012205692657117018
51,2,7.045833333333333,Forward,0.08885733965429801,468.74711640512396,19835.0,19830.688555093777,ok,0.0004764783353916481,14466.00883245082,ok,-110.73144175758716,68.98389694889235,-0.15672393901908738,-69.5085427922022,61.39098815656354,-0.0983790371457374,1.2560026566024527,-0.03315960701004983,0.012205692657117018
52,2,7.181966666666667,Forward,0.08874998061182951,467.60084311005266,19835.0,19830.51740672494,ok,0.0004825271074881648,14466.262557222743,ok,-110.90259012642491,68.98365471375033,-0.15696617416111383,-69.25481802027934,61.39134726636155,-0.09801992734773148,1.2560026566024527,-0.03385288501238369,0.012205692657117018
53,2,7.3167333333333335,Forward,0.08866998873317225,467.7998619990758,19835.0,19830.939631055026,ok,0.00047957790122383364,14466.14254412211,ok,-110.48036579633845,68.98425230969156,-0.15636857821988415,-69.37483112091104,61.39117740561046,-0.09818978809880947,1.2560026566024527,-0.03304194351654756,0.012205692657117018
54,2,7.451233333333334,Forward,0.08851252546416294,468.0323882491248,19805.0,19831.440510458284,ok,0.0004873090365825141,14466.39865657001,ok,-109.97948639308015,68.98496123022764,-0.15565965768379988,-69.11871867301124,61.391539894809824,-0.09782729889944956,1.2560026566024527,-0.03278831037784903,0.012205692657117018
55,2,7.58735,Forward,0.08797312588541945,465.6493622275193,19830.0,19832.989918152387,ok,0.00048543759529303293,14466.944675208362,ok,-108.43007869897701,68.98715418710702,-0.15346670080441666,-68.57270003465965,61.39231270324095,-0.09705449046832988,1.2560026566024527,-0.0315660029409969,0.012205692657117018
56,2,7.7224,Forward,0.08721376590652255,463.44562371816573,19835.0,19836.461585638248,ok,0.0004732250174021106,14467.41038763682,ok,-104.95841121311605,68.99206781773182,-0.14855307017961408,-68.10698760620107,61.39297185013798,-0.09639534357129988,1.2560026566024527,-0.027480262569955283,0.012205692657117018
57,2,7.857983333333333,Forward,0.08511553726172005,458.5735548540033,19845.0,19842.584161118542,ok,0.0004831425594966734,14471.049851595819,ok,-98.83583573282158,69.00073341560523,-0.1398874723062108,-64.46752364720305,61.398122971793384,-0.09124422191589084,1.2560026566024527,-0.02528448718022816,0.012205692657117018
58,2,7.993816666666667,Forward,0.08222976835988202,450.31852551855627,19845.0,19852.4437300608,ok,0.0004820224813011251,14476.643176781794,ok,-88.97626679056339,69.01468817368598,-0.1259327142254502,-58.874198461227934,61.40603949434061,-0.08332769936866566,1.2560026566024527,-0.021272902449835596,0.012205692657117018
59,2,8.129116666666667,Forward,0.07832665247498519,440.13148359144907,19860.0,19865.544621316934,ok,0.00048122156960536455,14485.44178442969,ok,-75.87537553442962,69.03323054295106,-0.10739034496038714,-50.07559081333238,61.41849261900488,-0.07087457470439501,1.2560026566024527,-0.01837169084609802,0.012205692657117018
60,2,8.264166666666666,Forward,0.07444353176608956,429.43502363955486,19860.0,19878.925479210648,ok,0.00047780709331780543,14494.848068982912,ok,-62.49451764071637,69.0521691634844,-0.08845172442703984,-40.669306260109806,61.431805820235866,-0.05756137347341375,1.2560026566024527,-0.016154486426746217,0.012205692657117018
61,2,8.399233333333333,Forward,0.07109522220354894,420.34561887496966,19890.0,19890.4798449413,ok,0.00047837443834622173,14501.702247998799,ok,-50.94015191006474,69.06852265515246,-0.0720982327589807,-33.81512724422282,61.44150689444804,-0.047860299261236104,1.2560026566024527,-0.011985569741079748,0.012205692657117018
62,2,8.534,Forward,0.06885947901347508,412.8133181384874,19875.0,19898.85987884864,ok,0.0004840454151100871,14509.101869223141,ok,-42.56011800272245,69.08038335074376,-0.060237537167683486,-26.415506019880922,61.45197996124028,-0.03738723246899736,1.2560026566024527,-0.013279073863609325,0.012205692657117018
63,2,8.669833333333333,Forward,0.06744628608343595,408.5351431479248,19900.0,19903.995503197584,ok,0.0004770785746264208,14512.089736445254,ok,-37.42449365377979,69.08765206561384,-0.052968822297604766,-23.42763879776794,61.456208844318866,-0.03315834939041612,1.2560026566024527,-0.011321847374689803,0.012205692657117018
64,2,8.805133333333334,Forward,0.06664694380471722,404.9326165668499,19900.0,19906.942988243256,ok,0.00047567095343270066,14514.686083387454,ok,-34.47700860810801,69.09182379370864,-0.04879709420280747,-20.831291855567542,61.45988358848712,-0.02948360522215527,1.2560026566024527,-0.011765607717562507,0.012205692657117018
65,2,8.94045,Forward,0.0660886828973028,403.3603723467022,19900.0,19908.939564691238,ok,0.0004791506658280756,14515.835958773114,ok,-32.48043216012593,69.09464965166292,-0.04597123624851917,-19.681416469908072,61.461511066617646,-0.027856127091633265,1.2560026566024527,-0.010983866618772237,0.012205692657117018
66,2,9.076033333333333,Forward,0.06565903255307301,403.1766144946887,19900.0,19910.42239411817,ok,0.0004824167863743722,14516.47628935189,ok,-30.99760273319407,69.09674837687587,-0.04387251103557618,-19.041085891132752,61.46241735961796,-0.026949834091315097,1.2560026566024527,-0.010023447821889069,0.012205692657117018
67,2,9.210816666666666,Forward,0.0653461049968169,400.90389912067985,19915.0,19911.675163135857,ok,0.00047748845061706746,14517.025433516346,ok,-29.74483371550741,69.09852148568774,-0.04209940222369283,-18.491941726675577,61.4631945917679,-0.026172601941376283,1.2560026566024527,-0.009226544655125707,0.012205692657117018
68,2,9.345583333333334,Forward,0.06507184763444088,401.43023124901447,19910.0,19912.507221836975,ok,0.0004743239425398797,14517.160756013896,ok,-28.9127750143889,69.09969914142007,-0.04092174649136815,-18.3566192291255,61.46338612070058,-0.025981073008696277,1.2560026566024527,-0.00828944977106335,0.012205692657117018
69,2,9.480616666666666,Forward,0.06480403165581017,400.18026591200396,19915.0,19913.161888347564,ok,0.00047919778552175056,14517.839521303724,ok,-28.25810850380003,69.10062572480646,-0.03999516310498017,-17.677853939298075,61.46434681233615,-0.02502038137312568,1.2560026566024527,-0.008569497631127791,0.012205692657117018
70,2,9.615916666666667,Forward,0.06468546812870943,399.98117557452133,19915.0,19913.698534162886,ok,0.00048373364410966065,14518.595795690686,ok,-27.721462688477914,69.10138526739618,-0.039235620515265544,-16.92157955233597,61.4654172066074,-0.02394998710188135,1.2560026566024527,-0.009154373089708092,0.012205692657117018
71,2,9.7507,Forward,0.06446782194367723,399.2635030680067,19910.0,19914.671733024566,ok,0.0004784731090249821,14519.771702303478,ok,-26.748263826797483,69.10276268610066,-0.03785820181078093,-15.74567293954351,61.4670815280806,-0.022285665628682436,1.2560026566024527,-0.00986734657700182,0.012205692657117018
72,2,9.886816666666666,Forward,0.06420518636177303,398.7515091708956,19915.0,19915.132098008722,ok,0.0004775722594884493,14520.517642669223,ok,-26.28789884264188,69.10341426448308,-0.037206623428361986,-14.99973257379861,61.468137296076904,-0.02122989763237285,1.2560026566024527,-0.010541815602703567,0.012205692657117018
73,2,10.02215,Forward,0.06413452315073218,397.95677235217227,19915.0,19915.63805129217,ok,0.0004823091431438569,14520.47642044449,ok,-25.781945559192536,69.10413036634434,-0.03649052156710912,-15.040954798532766,61.468078952129304,-0.021288241579971855,1.2560026566024527,-0.009752433588269677,0.012205692657117018
74,2,10.157716666666667,Forward,0.06391340235492299,398.0540771396227,19915.0,19916.223771190766,ok,0.000482110743487883,14520.335755790073,ok,-25.19622566059843,69.10495936602331,-0.035661521888133665,-15.181619452949235,61.4678798621656,-0.021487331543680353,1.2560026566024527,-0.008673376385973462,0.012205692657117018
75,2,10.292233333333334,Forward,0.06395844293891528,396.5392966657637,19915.0,19916.845035894075,ok,0.0004892179306980683,14520.602985143298,ok,-24.574960957288567,69.10583867410357,-0.034782213807874024,-14.914390099724187,61.46825808569628,-0.02110910801299935,1.2560026566024527,-0.00826911806503872,0.012205692657117018
76,2,10.42815,Forward,0.06375002297906077,396.5770731981647,19900.0,19917.263755191132,ok,0.0004768521437960804,14520.865862153672,ok,-24.1562416602319,69.10643130919019,-0.03418957872124988,-14.651513089349464,61.468630149130924,-0.020737044578354645,1.2560026566024527,-0.008143795640752956,0.012205692657117018
77,2,10.563433333333334,Forward,0.06354235593459617,395.822602431188,19915.0,19917.503684831834,ok,0.0004775433317149681,14521.588874333638,ok,-23.91631201952987,69.10677089402519,-0.033849993886252636,-13.928500909383729,61.46965346567954,-0.019713728029735398,1.2560026566024527,-0.009089499109366739,0.012205692657117018
78,2,10.698483333333334,Forward,0.06356932816648761,396.22634855423894,19910.0,19917.948068101592,ok,0.0004726865625614447,14521.24786525276,ok,-23.471928749771905,69.1073998526603,-0.03322103525115135,-14.269509990261213,61.469170817882784,-0.02019637582649576,1.2560026566024527,-0.007854333559331121,0.012205692657117018
79,2,10.8341,Forward,0.0633736074837869,395.5644877423729,19915.0,19918.38027916221,ok,0.000475039202364444,14521.016074793319,ok,-23.039717689152894,69.10801158333797,-0.03260930457346253,-14.501300449703194,61.46884275285216,-0.020524440857115685,1.2560026566024527,-0.006830552331645312,0.012205692657117018
80,2,10.9694,Forward,0.06330391023723225,394.8033620158858,19915.0,19918.711008415114,ok,0.00048534613698078457,14521.967581134142,ok,-22.708988436250365,69.1084796815623,-0.03214120634913707,-13.549794108879723,61.470189469009455,-0.019177724699820868,1.2560026566024527,-0.008053933178571587,0.012205692657117018
81,2,11.105233333333333,Forward,0.06321519210900459,394.69869325493346,19915.0,19919.088415202117,ok,0.0004815731023595933,14521.5662183402,ok,-22.3315816492468,69.10901384491585,-0.03160704299559541,-13.951156902821822,61.469621399479756,-0.01974579422952156,1.2560026566024527,-0.00680627298659095,0.012205692657117018
82,2,11.241083333333334,Forward,0.06313366111917085,394.1413778914466,19915.0,19919.45153630616,ok,0.0004762593585550617,14521.817498709326,ok,-21.968460545205744,69.10952778900312,-0.031093098908324686,-13.699876533695715,61.46997704958801,-0.01939014412127292,1.2560026566024527,-0.006739026380101466,0.012205692657117018
83,2,11.37665,Forward,0.06290883257444321,393.48012874507185,19915.0,19920.040825561475,ok,0.00047363059749264163,14521.921458413992,ok,-21.3791712898892,69.11036184057735,-0.03025904733409324,-13.595916829030102,61.47012418913713,-0.01924300457214536,1.2560026566024527,-0.006089782470465523,0.012205692657117018
84,2,11.510883333333334,Forward,0.06290477072444284,394.33063585656055,19915.0,19920.465806755004,ok,0.0004843431199475929,14522.485047443573,ok,-20.954190096359525,69.11096333845006,-0.029657549461385914,-13.032327799448467,61.47092186585209,-0.01844532785718534,1.2560026566024527,-0.006490168670857898,0.012205692657117018
85,2,11.645683333333332,Forward,0.06274146696016103,393.82958573121505,19915.0,19920.666181168315,ok,0.00048559785903228936,14522.48250602993,ok,-20.753815683048742,69.11124693872505,-0.029373949186393983,-13.034869213091952,61.470918268857865,-0.018448924851413556,1.2560026566024527,-0.006202050561559546,0.012205692657117018
86,2,11.781,Forward,0.06271336582526066,393.36014856807014,19915.0,19920.875596434144,ok,0.0004769976336401233,14522.650597201575,ok,-20.54440041722046,69.11154333498641,-0.029077552925039524,-12.866778041447105,61.47115617699052,-0.018211016718760627,1.2560026566024527,-0.006204467546844495,0.012205692657117018
87,2,11.9163,Forward,0.06267618069601116,392.99408515265895,19915.0,19921.327482481825,ok,0.0004761003375985928,14522.72293617057,ok,-20.09251436953855,69.11218291269131,-0.028437975220131483,-12.794439072451496,61.47125856207632,-0.018108631632956444,1.2560026566024527,-0.005693485781702978,0.012205692657117018
88,2,12.0511,Forward,0.0625034048008575,392.674530059925,19925.0,19921.757967910788,ok,0.0004754911338947359,14522.669250549277,ok,-19.66202894057642,69.11279220099323,-0.0278286869182148,-12.848124693744467,61.47118257803869,-0.018184615670589956,1.2560026566024527,-0.004988761326659225,0.012205692657117018
89,2,12.1856,Forward,0.062372876250224724,392.7979433865512,19915.0,19922.10046671306,ok,0.0004772346644076073,14522.582596277933,ok,-19.31953013830571,69.11327695726976,-0.027343930641684992,-12.934778965089208,61.47105993176476,-0.018307261944515547,1.2560026566024527,-0.00434996100425648,0.012205692657117018
90,2,12.320916666666667,Forward,0.06219861482767153,392.8717479614097,19915.0,19922.280197880453,ok,0.00048581326128807503,14524.913529321064,ok,-19.139798970911215,69.11353134009067,-0.027089547820767428,-10.603845921958055,61.47435902190854,-0.015008171800733218,1.2560026566024527,-0.008239244168300491,0.012205692657117018
91,2,12.4565,Forward,0.06228199398529219,392.5313419998456,19915.0,19922.871568001898,ok,0.00048363927003956163,14523.199558718494,ok,-18.54842884946629,69.11436833682241,-0.02625255108903568,-12.317816524528098,61.471933150629944,-0.01743404307933319,1.2560026566024527,-0.00435534666607159,0.012205692657117018
92,2,12.591266666666666,Forward,0.062153030353731126,391.39942055324354,19940.0,19923.062137771205,ok,0.0004752512165050673,14522.92521054377,ok,-18.35785908015896,69.11463806007743,-0.02598282783401668,-12.592164699251953,61.47154485146285,-0.017822342246425656,1.2560026566024527,-0.00359791862562793,0.012205692657117018
93,2,12.7274,Forward,0.061995441294370346,391.82600269011164,19915.0,19923.215489031118,ok,0.00048388689916308264,14525.271521890465,ok,-18.204507820246363,69.11485510605033,-0.02576578186111535,-10.245853352556878,61.474865707315374,-0.014501486393900502,1.2560026566024527,-0.007551876425691998,0.012205692657117018
94,2,12.862016666666667,Forward,0.062064622762974725,390.91071856260896,19915.0,19923.582004512526,ok,0.0004711819837231078,14525.016175580777,ok,-17.837992338838376,69.11537385437552,-0.025247033535924317,-10.501199662245199,61.474504302471075,-0.014862891238207962,1.2560026566024527,-0.0065792026559418,0.012205692657117018
95,2,12.99785,Forward,0.061889051938024936,390.4958554418845,19915.0,19924.078813283595,ok,0.0004709541662095748,14524.764564589535,ok,-17.341183567768894,69.11607701353523,-0.024543874376200776,-10.75281065348645,61.47414818441624,-0.015219009293043312,1.2560026566024527,-0.005428758273280959,0.012205692657117018
96,2,13.13315,Forward,0.06169785407681361,390.07218711527094,19925.0,19924.343781256146,ok,0.00048240180465873665,14525.72974703819,ok,-17.076215595217946,69.11645203641685,-0.024168851494596865,-9.78762820483098,61.47551425707658,-0.013852936632700583,1.2560026566024527,-0.0067695262821794965,0.012205692657117018
97,2,13.269916666666667,Forward,0.061664508736651,389.21601668445146,19940.0,19924.908567900864,ok,0.0004765322816223999,14525.688609280018,ok,-16.511428950499976,69.11725140817848,-0.02336947973296703,-9.828765963004116,61.47545603267888,-0.013911161030405282,1.2560026566024527,-0.005897024522353481,0.012205692657117018
98,2,13.404666666666667,Forward,0.06159607597467437,389.80240527115893,19915.0,19925.0528853647,ok,0.00048066837540453256,14525.753179749776,ok,-16.367111486662907,69.11745566815236,-0.023165219759080792,-9.764195493246007,61.47554742260574,-0.013819771103531957,1.2560026566024527,-0.005807550539406844,0.012205692657117018
99,2,13.539733333333333,Forward,0.06131096722526996,389.0179132111589,19915.0,19925.733380701833,ok,0.00047773402471500126,14526.26612952084,ok,-15.686616149530892,69.1184188084134,-0.02220207949804338,-9.25124572218192,61.47627342695793,-0.013093766751343574,1.2560026566024527,-0.005756273673422983,0.012205692657117018
100,2,13.674766666666667,Forward,0.06139030085645725,388.85733751325824,19915.0,19926.243561963962,ok,0.00048122203218736834,14526.556119797977,ok,-15.176434887402138,69.11914089435164,-0.0214799935598002,-8.961255445045026,61.476683865201935,-0.01268332850734756,1.2560026566024527,-0.005549699260010043,0.012205692657117018
101,2,13.809016666666666,Forward,0.061128688948766996,388.3942571457155,19925.0,19926.587170178023,ok,0.0004840840401464731,14526.55794928605,ok,-14.832826673340605,69.11962722083608,-0.02099366707535932,-8.959425956971245,61.476686454571066,-0.012680739138214816,1.2560026566024527,-0.005066625030078813,0.012205692657117018
102,2,13.944083333333333,Forward,0.06099552196706495,387.6917306743817,19925.0,19927.040987715274,ok,0.00047402735968466174,14526.46161251655,ok,-14.379009136089735,69.12026953227812,-0.020351355633324613,-9.055762726471585,61.4765501041565,-0.012817089552774759,1.2560026566024527,-0.004253057105127973,0.012205692657117018
103,2,14.078866666666666,Forward,0.06095644899367733,387.6219625389931,19915.0,19927.491181785415,ok,0.00048273331815969206,14527.122029936114,ok,-13.928815065948584,69.12090671523967,-0.01971417267177682,-8.395345306907984,61.47748482710193,-0.011882366607349577,1.2560026566024527,-0.004789888646221478,0.012205692657117018
104,2,14.214483333333334,Forward,0.0607792012059786,386.7452910414322,19915.0,19928.25169989332,ok,0.00047435985231063655,14526.433334336703,ok,-13.168296958043356,69.12198311586874,-0.0186377720427018,-9.084040906318478,61.476510080585385,-0.012857113123890157,1.2560026566024527,-0.002489203802857505,0.012205692657117018
105,2,14.35005,Forward,0.06060763756583426,386.87024133971863,19915.0,19928.422830356332,ok,0.00047981285380677943,14527.10903091759,ok,-12.997166495031706,69.12222532566773,-0.01839556224371751,-8.408344325431244,61.47746642891842,-0.011900764790864675,1.2560026566024527,-0.003448170050790544,0.012205692657117018
106,2,14.48565,Forward,0.06046855403399534,386.0809391179355,19940.0,19929.188868749956,ok,0.00048645140187809937,14527.325696170326,ok,-12.231128101408103,69.1233095394428,-0.017311348468632987,-8.191679072695479,61.47777308646137,-0.011594107247909052,1.2560026566024527,-0.0027491189643254667,0.012205692657117018
107,2,14.620716666666667,Forward,0.060442153219499334,385.68454131198814,19930.0,19929.361321432218,ok,0.0004840691814291413,14527.325623188604,ok,-12.058675419146311,69.12355362064712,-0.017067267264329306,-8.19175205441752,61.47777298316656,-0.0115942105427165,1.2560026566024527,-0.0025049080214692154,0.012205692657117018
108,2,14.757516666666668,Forward,0.06028949230392916,385.30326509497536,19920.0,19929.97297457657,ok,0.0004721697709249794,14527.67586848657,ok,-11.447022274795017,69.12441932499065,-0.0162015629207879,-7.841506756451054,61.47826870345927,-0.011098490250006978,1.2560026566024527,-0.0022618296825027175,0.012205692657117018
109,2,14.892833333333334,Forward,0.0601518454846692,385.2154362874826,19915.0,19930.4770807157,ok,0.00047896755464870875,14529.6362746333,ok,-10.942916135663836,69.12513281249298,-0.015488075418464023,-5.881100609722125,61.48104336771466,-0.00832382599461687,1.2560026566024527,-0.005033327856128681,0.012205692657117018
110,2,15.02895,Forward,0.05999324174342646,384.22849741119353,19925.0,19930.76189301021,ok,0.00046985102862920136,14529.412656962404,ok,-10.658103841153206,69.12553592207024,-0.015084965841199697,-6.104718280617817,61.48072687005455,-0.008640323654728348,1.2560026566024527,-0.004232696376955879,0.012205692657117018
111,2,15.163466666666666,Forward,0.059981615179384745,383.89566658883996,19915.0,19931.167919166117,ok,0.00047679334726748136,14530.074354294065,ok,-10.252077685247059,69.12611059189743,-0.014510296014018209,-5.443020948956473,61.48166340452579,-0.007703789183485634,1.2560026566024527,-0.004834316333655013,0.012205692657117018
112,2,15.2991,Forward,0.05993233461830416,384.2367488589225,19930.0,19931.474051253856,ok,0.00047577942812860127,14528.112768900468,ok,-9.945945597508398,69.12654387648118,-0.014077011430263096,-7.404606342553961,61.478887071221294,-0.010480122487985761,1.2560026566024527,-0.0009139497438338754,0.012205692657117018
113,2,15.434116666666666,Forward,0.05972527054233687,384.4630035716182,19925.0,19931.846267175624,ok,0.00047768717376356655,14528.29148955571,ok,-9.573729675739742,69.12707069293457,-0.013550194976875707,-7.225885687312257,61.47914002381208,-0.010227169897204262,1.2560026566024527,-0.0007048424164625214,0.012205692657117018
114,2,15.569466666666667,Forward,0.05966397505661436,382.6085658228767,19925.0,19932.235238039564,ok,0.0004769295581793132,14530.47141950232,ok,-9.184758811799838,69.12762122352454,-0.012999664386894092,-5.045955740701174,61.482225391460105,-0.0071418022491744415,1.2560026566024527,-0.004029541789001622,0.012205692657117018
115,2,15.704783333333333,Forward,0.059506225625880926,383.30629366941866,19925.0,19932.749951433787,ok,0.00047369849360607414,14529.154706406112,ok,-8.670045417577057,69.12834972402385,-0.01227116388759529,-6.362668836909506,61.480361779285275,-0.009005414424003266,1.2560026566024527,-0.000960339447241141,0.012205692657117018
116,2,15.839833333333333,Forward,0.05944184220452836,382.8949152558562,19940.0,19933.151750064055,ok,0.0004765470319847079,14530.575757505392,ok,-8.268246787309181,69.12891841041525,-0.01170247749619155,-4.941617737629713,61.48237306643454,-0.006994127274739056,1.2560026566024527,-0.0029178350585036227,0.012205692657117018
117,2,15.974883333333333,Forward,0.05941677468592221,382.233579052423,19925.0,19933.506161670593,ok,0.00048058114166545503,14530.833898687439,ok,-7.913835180770548,69.12942002750006,-0.011200860411385448,-4.683476555583184,61.48273842700631,-0.006628766702969897,1.2560026566024527,-0.002875111822457376,0.012205692657117018
118,2,16.109666666666666,Forward,0.059223244498273264,381.7612252298786,19925.0,19933.831894416653,ok,0.0004746988605729724,14530.991578484922,ok,-7.5881024347108905,69.12988105390971,-0.010739834001725469,-4.525796758100114,61.482961599382406,-0.006405594326876587,1.2560026566024527,-0.002694390510050876,0.012205692657117018
119,2,16.244966666666667,Forward,0.05915420565506882,381.0259681518146,19940.0,19934.149535347133,ok,0.0004850989510789094,14530.773758371357,ok,-7.270461504231207,69.13033062755409,-0.010290260357344982,-4.743616871664926,61.482653307305156,-0.006713886404118716,1.2560026566024527,-0.0018576011976447863,0.012205692657117018
120,2,16.381083333333333,Forward,0.0589647863173485,381.3915378181373,19940.0,19934.466113771585,ok,0.0004803233710339286,14531.166046350556,ok,-6.953883079779189,69.13077869737872,-0.009842190532721956,-4.351328892465972,61.48320853278,-0.0061586609292757916,1.2560026566024527,-0.0021068960444378315,0.012205692657117018
121,2,16.516933333333334,Forward,0.05896998748996665,380.71323878794647,19940.0,19935.021701567184,ok,0.0004738777450149522,14531.413625263978,ok,-6.398295284179767,69.13156504953322,-0.00905583837821922,-4.103749979043641,61.48355894402647,-0.005808249682806542,1.2560026566024527,-0.0017606613464038502,0.012205692657117018
122,2,16.652,Forward,0.05880676466154405,380.84691306632885,19940.0,19935.34367951991,ok,0.00047642052166200984,14531.805069810418,ok,-6.076317331455357,69.13202076158959,-0.008600126321848261,-3.7123054326038982,61.484112975747294,-0.005254217961988881,1.2560026566024527,-0.0020008146032219013,0.012205692657117018
123,2,16.78705,Forward,0.058789255938407586,380.7370195670883,19940.0,19935.816097643117,ok,0.00048131591181714453,14531.541970066643,ok,-5.60389920824673,69.13268939940338,-0.007931488508070428,-3.975405176379354,61.48374059706654,-0.005626596642740383,1.2560026566024527,-0.0008644681771580662,0.012205692657117018
124,2,16.922616666666666,Forward,0.058775203251962616,379.91244786481184,19925.0,19935.90880646298,ok,0.00048142979883861235,14531.70285285122,ok,-5.511190388384421,69.1328206149931,-0.007800272918351652,-3.814522391801802,61.483968302796,-0.00539889091328233,1.2560026566024527,-0.0010192515885622038,0.012205692657117018
125,2,17.05765,Forward,0.05864712649523335,380.60968152410715,19940.0,19936.158654787017,ok,0.00047721117091805294,14532.145850812141,ok,-5.261342064346536,69.13317423825383,-0.007446649657613682,-3.371524430880527,61.484595300731826,-0.004771892977456674,1.2560026566024527,-0.001453139400905511,0.012205692657117018
126,2,17.192966666666667,Forward,0.058499959787342765,378.6790312729463,19925.0,19936.45528226395,ok,0.0004827726840856906,14532.393263930255,ok,-4.964714587415074,69.13359407047011,-0.007026817441324428,-3.124111312767127,61.48494547731961,-0.004421716389666785,1.2560026566024527,-0.00147312990916034,0.012205692657117018
127,2,17.327766666666665,Forward,0.05846875052059969,379.81114806469486,19930.0,19936.595405248307,ok,0.0004771040198250865,14534.063552034962,ok,-4.824591603057343,69.13379239378017,-0.006828494131277317,-1.4538232080594753,61.487309522498755,-0.0020576712105244066,1.2560026566024527,-0.004244053624444278,0.012205692657117018
128,2,17.462783333333334,Forward,0.058402187803204664,379.00181037380025,19925.0,19937.075108581237,ok,0.0004811405111972811,14532.55994268162,ok,-4.34488827012683,69.13447134272822,-0.006149545183226586,-2.9574325614012196,61.48518138638076,-0.004185807328516516,1.2560026566024527,-0.0008921600585838265,0.012205692657117018
129,2,17.5992,Forward,0.05822906247362894,378.1787104832183,19940.0,19937.39688844572,ok,0.00048285742604629606,14532.57993712331,ok,-4.023108405643143,69.13492677442005,-0.0056941134913922635,-2.9374381197121693,61.48520968554864,-0.004157508160635585,1.2560026566024527,-0.0004722721967875916,0.012205692657117018
130,2,17.734916666666667,Forward,0.058127976079592636,378.1797707765836,19940.0,19937.62296742038,ok,0.00047616112325801877,14532.515241855739,ok,-3.797029430985276,69.13524675569073,-0.00537413222071266,-3.002133387282811,61.485118118988964,-0.004249074720310313,1.2560026566024527,-3.7283083900582596e-05,0.012205692657117018
131,2,17.871066666666668,Forward,0.058155912702555934,377.71546707546804,19940.0,19937.704100924275,ok,0.0004836357782602114,14532.791375210953,ok,-3.71589592708915,69.13536158813683,-0.005259299774614304,-2.7260000320693507,61.48550894481438,-0.0038582488949015603,1.2560026566024527,-0.00041332891278446707,0.012205692657117018
132,2,18.006633333333333,Forward,0.05808269319950424,377.9850766992895,19940.0,19938.21647531806,ok,0.00048077144865235584,14533.037938979935,ok,-3.20352153330532,69.13608677812778,-0.004534109783662013,-2.4794362630873366,61.485857919274395,-0.0035092744348845994,1.2560026566024527,-0.00012645177069988463,0.012205692657117018
133,2,18.14335,Forward,0.05797938201679903,377.6475253685385,19930.0,19938.580284038664,ok,0.00047605565071663316,14534.21046024409,ok,-2.8397128126998723,69.13660169543435,-0.0040191924770888445,-1.306914998931461,61.487517449288504,-0.001849744420776772,1.2560026566024527,-0.0016959085705576535,0.012205692657117018
134,2,18.27865,Forward,0.05779614170691044,378.1095809905164,19940.0,19938.80335696374,ok,0.00048283367571544665,14535.238391681281,ok,-2.6166398876230232,69.13691742208752,-0.003703465823921177,-0.2789835617404606,61.488972333839094,-0.00039485987018266085,1.2560026566024527,-0.003207520777986055,0.012205692657117018
135,2,18.41395,Forward,0.05785041430799978,377.2258581091846,19940.0,19939.03751009887,ok,0.00047876039961683095,14534.488029363087,ok,-2.382486752492696,69.1372488311353,-0.0033720567761492586,-1.0293458799351356,61.48791030722468,-0.0014568864845964076,1.2560026566024527,-0.0015422034811279624,0.012205692657117018
136,2,18.549266666666668,Forward,0.05767179212565432,377.57104176448775,19935.0,19939.355864443798,ok,0.0004767691283582314,14535.103028720958,ok,-2.0641324075659213,69.13769941451206,-0.002921473399388099,-0.4143465220640792,61.48878074763736,-0.0005864460719196969,1.2560026566024527,-0.0021848955751028864,0.012205692657117018
137,2,18.684833333333334,Forward,0.057711389732929,376.777386858299,19940.0,19939.71584107216,ok,0.00047997761986916384,14535.288201707031,ok,-1.7041557792035746,69.1382089080602,-0.002411979851247862,-0.22917353599041235,61.48904283254582,-0.00032436116345327935,1.2560026566024527,-0.002004581368251881,0.012205692657117018
138,2,18.819816666666668,Forward,0.057521974896245914,376.59504409358124,19940.0,19940.03648620112,ok,0.00047735184172555204,14533.359835550664,ok,-1.383510650244716,69.13866273370212,-0.001958154209315657,-2.157539692358114,61.486313516146616,-0.0030536775626623215,1.2560026566024527,0.0018772729217955216,0.012205692657117018
139,2,18.954816666666666,Forward,0.0575672813824237,376.93738275239593,19940.0,19940.190779054996,ok,0.0004809114493460961,14535.913635391995,ok,-1.2292177963681752,69.13888111236169,-0.0017397755497569225,0.39626014897294226,61.48992804120153,0.0005608474922532529,1.2560026566024527,-0.0024442014899758316,0.012205692657117018
140,2,19.089866666666666,Forward,0.05748283299463644,375.84815527206956,19930.0,19940.55923953817,ok,0.0004888218981114128,14535.432649305347,ok,-0.8607573131957906,69.13940261354851,-0.0012182743629298707,-0.08472593767510261,61.48924727670577,-0.0001199170035065307,1.2560026566024527,-0.0010676582879538626,0.012205692657117018
141,2,19.226266666666668,Forward,0.057286308720906814,375.7702972331426,19940.0,19940.912019013886,ok,0.0004771635014059518,14535.977431489104,ok,-0.5079778374783928,69.13990192059411,-0.0007189673173252671,0.46005624608187645,61.49001833511873,0.0006511414094483778,1.2560026566024527,-0.0015368026574162949,0.012205692657117018
142,2,19.362116666666665,Forward,0.057258351059004425,374.63660722949135,19940.0,19941.678561012166,ok,0.00047213986783163224,14535.800126809658,ok,0.25856416080205236,69.14098684714693,0.000365959235487745,0.2827515666358522,61.489767386631755,0.0004001929224763516,1.2560026566024527,-0.000136684138296052,0.012205692657117018
143,2,19.49876666666667,Forward,0.05709839939837205,375.0111505132445,19940.0,19941.95246166844,ok,0.00048253642879535143,14536.017893434217,ok,0.532464817075379,69.141374512918,0.0007536250065615472,0.5005181911947147,61.490075603003234,0.0007084092939607153,1.2560026566024527,-0.00013613894861497905,0.012205692657117018
144,2,19.634833333333333,Forward,0.056923130128304106,374.0782928727458,19940.0,19942.27890697548,ok,0.00047764157512748476,14536.621839328747,ok,0.8589101241159369,69.14183654785208,0.0012156599406473406,1.1044640857253398,61.49093039887732,0.001563205168040088,1.2560026566024527,-0.0007477299032256932,0.012205692657117018
145,2,19.771466666666665,Forward,0.0569628290917282,373.74481225795535,19940.0,19942.811472012036,ok,0.0004801218197727592,14536.589401528552,ok,1.391475160671689,69.14259031470446,0.0019694267930250465,1.072026285530228,61.490884487980296,0.0015172942710175294,1.2560026566024527,6.370115777934774e-05,0.012205692657117018
146,2,19.908383333333333,Forward,0.05690770775771367,373.07761016369113,19940.0,19942.963904877604,ok,0.0004832615054696076,14537.059434091412,ok,1.5439080262403877,69.14280606082633,0.0021851729148916173,1.5420588483902975,61.491549749387076,0.0021825556777996676,1.2560026566024527,-0.0005561228146075321,0.012205692657117018
147,2,20.0453,Forward,0.0567923479364284,373.86807992112153,19955.0,19943.236480249132,ok,0.00047966278646814696,14536.71690189982,ok,1.8164833977680246,69.14319185085333,0.0025709629418915626,1.1995266567973886,61.49106494585291,0.0016977521436345117,1.2560026566024527,0.00043858173923410704,0.012205692657117018
148,2,20.18113333333333,Forward,0.05666145105091408,373.4616026434378,19940.0,19943.593126429023,ok,0.00047347345985749233,14536.762452365489,ok,2.173129577658983,69.14369663064542,0.0030757427339851776,1.2450771224666823,61.49112941578386,0.0017622220745821622,1.2560026566024527,0.0008623871267864963,0.012205692657117018
149,2,20.316716666666668,Forward,0.056704571382325986,373.1763747988043,19940.0,19943.834343981296,ok,0.0004778122260630059,14536.934849639083,ok,2.414347129932139,69.1440380383283,0.003417150416868538,1.4174743960611522,61.49137341856541,0.0020062248561320134,1.2560026566024527,0.0008973266678248557,0.012205692657117018
150,2,20.451233333333334,Forward,0.056588616990582485,373.2097992698,19940.0,19944.05331238572,ok,0.00048510467189088834,14537.521434336048,ok,2.6333155343563703,69.14434795564102,0.003727067729579213,2.0040590930257167,61.492203642238266,0.002836448528987833,1.2560026566024527,0.00016448084185437598,0.012205692657117018
151,2,20.5868,Forward,0.05644922790456344,373.0756202467528,19925.0,19944.443359177865,ok,0.0004805035431259181,14537.184314058253,ok,3.0233623265012284,69.14490000904786,0.0042791211364203,1.6669388152313331,61.491726498465724,0.0023593047564466015,1.2560026566024527,0.0013158280945885655,0.012205692657117018
152,2,20.722383333333333,Forward,0.056409549488082134,372.4416416542481,19940.0,19944.607150253763,ok,0.0004783851280521829,14537.485972583829,ok,3.1871534023994172,69.1451318310325,0.0045109431210661344,1.9685973408068094,61.49215345138548,0.0027862576761997606,1.2560026566024527,0.0010113960777802587,0.012205692657117018
153,2,20.8585,Forward,0.056197145993352654,372.06584682865287,19940.0,19945.06727872293,ok,0.0004857331477979939,14539.202562004743,ok,3.64728187156652,69.14578307466303,0.005162186751584022,3.6851867617206153,61.49458302921318,0.005215835503905343,1.2560026566024527,-0.0013889164977224817,0.012205692657117018
154,2,20.993033333333333,Forward,0.056179781629782016,371.24355563294375,19940.0,19945.470207256083,ok,0.0004779828962735971,14537.438473877462,ok,4.05021040471911,69.14635336026444,0.00573247235300427,1.9210986344405683,61.492086224008666,0.0027190302993872644,1.2560026566024527,0.0023173630735913034,0.012205692657117018
155,2,21.128083333333333,Forward,0.056038201050104514,372.3002481786789,19955.0,19945.641344353353,ok,0.00048690159950494935,14538.231705545268,ok,4.22134750198893,69.14659557945323,0.005974691541797422,2.7143303022457985,61.49320892583174,0.0038417321224636152,1.2560026566024527,0.0011494657900281424,0.012205692657117018
156,2,21.263666666666666,Forward,0.055981415710872506,370.98082173213334,19940.0,19945.918536927416,ok,0.0004792211375842494,14539.301776277416,ok,4.49854007605245,69.1469879044459,0.0063670165344510855,3.78440103439425,61.49472345230687,0.0053562585975950846,1.2560026566024527,-0.0003604584935780683,0.012205692657117018
157,2,21.39975,Forward,0.05588468315944986,370.6847742829341,19945.0,19946.26530399993,ok,0.00047004547956594505,14539.638725097591,ok,4.845307148567372,69.14747870182615,0.00685781391470765,4.1213498545694165,61.495200353406574,0.005833159697296226,1.2560026566024527,-0.00046865016148276914,0.012205692657117018
158,2,21.534783333333333,Forward,0.05594822396617036,370.8419557572197,19955.0,19946.89522687378,ok,0.0004766243053738854,14539.818423210148,ok,5.475230022417236,69.14837026426316,0.007749376351726221,4.301047967126578,61.49545468944327,0.006087495733992182,1.2560026566024527,0.00010346553777594233,0.012205692657117018
159,2,21.66955,Forward,0.05581344384973996,370.25012775785217,19925.0,19946.990773685764,ok,0.00048070552785966765,14540.082060458633,ok,5.5707768344000215,69.14850549660997,0.007884608698537349,4.564685215611462,61.49582782888225,0.006460635172970667,1.2560026566024527,-0.00022996624205305453,0.012205692657117018
160,2,21.8054,Forward,0.05564711554430721,369.6556896093316,19940.0,19947.1056801129,ok,0.0004708028952090682,14538.44611844428,ok,5.685683261537633,69.14866812962183,0.008047241710388136,2.9287432012588397,61.49351239550193,0.004145201792653502,1.2560026566024527,0.002840857246662088,0.012205692657117018
161,2,21.9402,Forward,0.055636535573721946,370.08811056573177,19940.0,19947.441678290797,ok,0.0004813565428648053,14539.947418951004,ok,6.021681439433451,69.14914368522832,0.008522797316882895,4.430043707981895,61.49563726378984,0.0062700700805611445,1.2560026566024527,0.000647572638614544,0.012205692657117018
162,2,22.0747,Forward,0.05553865163358923,369.7643861568249,19940.0,19947.850050121433,ok,0.00047988266137998496,14540.48181668756,ok,6.430053270069038,69.14972167501031,0.009100787098879567,4.964441444537442,61.496393624557356,0.007026430848076675,1.2560026566024527,0.0002755712872618381,0.012205692657117018
163,2,22.209483333333335,Forward,0.05542310768870448,369.203309022545,19940.0,19947.93609359756,ok,0.00047562756474443514,14540.229301883419,ok,6.516096746196126,69.14984345679417,0.009222568882729662,4.711926640396996,61.49603622728936,0.006669033580079734,1.2560026566024527,0.000846244989178551,0.012205692657117018
164,2,22.344533333333334,Forward,0.05544519338704362,369.3416228694041,19955.0,19948.35061428819,ok,0.0004756623558525725,14540.092142512089,ok,6.930617436824832,69.15043014937586,0.009809261464430757,4.574767269066797,61.49584209853417,0.006474904824894646,1.2560026566024527,0.0016767638031150445,0.012205692657117018
165,2,22.4801,Forward,0.055261429714664745,369.3505981060007,19940.0,19948.729859319457,ok,0.0004768524300617082,14538.962557375888,ok,7.309862468093343,69.15096691449163,0.010346026580195589,3.445182132865739,61.49424333824358,0.004876144534295322,1.2560026566024527,0.004221576091143135,0.012205692657117018
166,2,22.6156,Forward,0.055292646512364096,368.388996861373,19940.0,19948.931046465503,ok,0.00048286533392924636,14540.245503296823,ok,7.511049614138756,69.15125166506932,0.010630777157879502,4.728128053800901,61.49605915798804,0.006691964278768688,1.2560026566024527,0.0022256522458573135,0.012205692657117018
167,2,22.751166666666666,Forward,0.055175768852661844,367.8496678247466,19940.0,19949.161105850395,ok,0.00048369105304715707,14540.956272933696,ok,7.741108999030985,69.15157728002056,0.010956392109119382,5.438897690673912,61.49706514703197,0.007697953322691454,1.2560026566024527,0.0012877422854172382,0.012205692657117018
168,2,22.886466666666667,Forward,0.05506508925764578,368.2288496281726,19955.0,19949.699722039953,ok,0.0004785958793935997,14540.599883813493,ok,8.27972518858951,69.15233961138289,0.011718723471442493,5.082508570470964,61.49656073106975,0.00719353736047514,1.2560026566024527,0.0026836214363167212,0.012205692657117018
169,2,23.022666666666666,Forward,0.05506182701886117,368.48962409263186,19940.0,19949.72803041598,ok,0.00048238476211793526,14541.09048608362,ok,8.30803356461547,69.15237967769221,0.011758789780772544,5.573110840598019,61.49725510584756,0.007887912138276226,1.2560026566024527,0.0018515511800508717,0.012205692657117018
170,2,23.15825,Forward,0.0549164421517844,368.13372990424614,19940.0,19950.076033406833,ok,0.0004751365803735436,14540.716886386934,ok,8.656036555468745,69.15287222433165,0.012251336420202638,5.199511143911877,61.496726330865926,0.007359137156648422,1.2560026566024527,0.003008240601150401,0.012205692657117018
171,2,23.293533333333333,Forward,0.05487322832155336,368.3052976271174,19940.0,19950.43715705749,ok,0.0004763900928867182,14541.332456564623,ok,9.0171602061273,69.1533833413198,0.012762453408348272,5.81508132160161,61.49759757918943,0.008230385480150036,1.2560026566024527,0.0024250673804175737,0.012205692657117018
172,2,23.427516666666666,Forward,0.0549035004421394,367.4970717191718,19940.0,19950.574979065677,ok,0.0004820517221534444,14541.287012972276,ok,9.15498221431335,69.15357840793921,0.0129575200277618,5.7696377292541,61.49753326052182,0.008166066812544578,1.2560026566024527,0.0027009184172126863,0.012205692657117018
173,2,23.5634,Forward,0.05480390332149587,367.2499626081044,19940.0,19950.902932605215,ok,0.00047079564099898976,14541.344279016033,ok,9.482935753851052,69.15404257755279,0.013421689641340221,5.826903773011509,61.497614312116625,0.008247118407351303,1.2560026566024527,0.003063287012391995,0.012205692657117018
174,2,23.698166666666665,Forward,0.054683888209882486,367.13469201429325,19940.0,19951.22846423897,ok,0.00047997835926295743,14541.444298261466,ok,9.80846738760738,69.1545033193178,0.013882431406351285,5.926923018443631,61.497755874529915,0.008388680820637276,1.2560026566024527,0.003346226010240823,0.012205692657117018
175,2,23.83295,Forward,0.05465288008202371,366.53774001869533,19940.0,19951.355211782466,ok,0.0004836085737357426,14541.83618131691,ok,9.935214931101655,69.15468271167431,0.014061823762868263,6.3188060738884815,61.49831052689522,0.00894333318593933,1.2560026566024527,0.002828973522447587,0.012205692657117018
176,2,23.96825,Forward,0.054572387083014845,366.00433526006964,19940.0,19951.610846549753,ok,0.0004834106433273517,14542.18957111339,ok,10.190849698388774,69.15504452478758,0.014423636876140762,6.672195870367432,61.498810697759374,0.00944350405009716,1.2560026566024527,0.0025625707015827087,0.012205692657117018
177,2,24.1033,Forward,0.05447026447128972,367.1282077708602,19940.0,19951.996793671773,ok,0.00048222025453043763,14541.671618491875,ok,10.576796820409072,69.15559077571916,0.014969887807728195,6.154243248853163,61.49807761261408,0.00871041890480764,1.2560026566024527,0.004029578523169573,0.012205692657117018
178,2,24.23755,Forward,0.05446307589587612,366.5249043611657,19955.0,19952.263246992854,ok,0.0004859698862116046,14542.265239099543,ok,10.843250141489989,69.1559679008914,0.01534701297996192,6.74786385652078,61.49891779457541,0.009550600866135697,1.2560026566024527,0.0033514329199457998,0.012205692657117018
179,2,24.373116666666668,Forward,0.05440195347113877,364.9400414723241,19955.0,19952.274800006406,ok,0.00048078414466481945,14541.964574172063,ok,10.854803155041736,69.15598425246927,0.015363364557821212,6.447198929041406,61.49849224794646,0.009125054237179003,1.2560026566024527,0.003902272194282918,0.012205692657117018
180,2,24.508166666666668,Forward,0.05432497400908515,365.50953744843355,19955.0,19952.667438386,ok,0.0004843315365226246,14541.932783442267,ok,11.247441534636891,69.15653997388392,0.015919085972475402,6.415408199245576,61.49844725288165,0.009080059172373459,1.2560026566024527,0.00451450752986687,0.012205692657117018
181,2,24.643483333333332,Forward,0.054142095399432155,365.1186335022794,19945.0,19952.931712426125,ok,0.00048202736749206607,14542.549561366106,ok,11.511715574761183,69.15691401460705,0.016293126695610206,7.032186123084102,61.49932021059077,0.009953016881491026,1.2560026566024527,0.0037921110512484178,0.012205692657117018
182,2,24.779183333333332,Forward,0.054151614674284976,365.1688251193882,19940.0,19953.30653962298,ok,0.00048629402100179835,14542.509849719356,ok,11.886542771615495,69.15744452693318,0.016823639021739705,6.992474476333882,61.499264004642356,0.009896810933073465,1.2560026566024527,0.004393218197907235,0.012205692657117018
183,2,24.914466666666666,Forward,0.053987712705590635,364.8931699858149,19955.0,19953.48015770232,ok,0.0004850403025051721,14542.982068035803,ok,12.06016085095689,69.15769025758428,0.017069369672830476,7.464692792780625,61.49993235965928,0.010565165950002741,1.2560026566024527,0.003799493172181258,0.012205692657117018
184,2,25.049783333333334,Forward,0.053934289275839264,365.11486224954206,19940.0,19953.703685824315,ok,0.0004819275244717805,14542.444853639423,ok,12.283688972951495,69.1580066285012,0.01738574058974878,6.927478396401057,61.49917201232738,0.009804818618097814,1.2560026566024527,0.005070862357912738,0.012205692657117018
185,2,25.184316666666668,Forward,0.05383808265405696,364.518310555035,19955.0,19954.29824209699,ok,0.0004809254108279341,14542.68174039272,ok,12.878245245625294,69.15884813475762,0.018227246846173547,7.164365149697915,61.499507290406385,0.010140096697104518,1.2560026566024527,0.005491258456404517,0.012205692657117018
186,2,25.318833333333334,Forward,0.053875646265006766,363.75092743417554,19940.0,19954.03817234929,ok,0.0004834138042682943,14542.315492489759,ok,12.618175497926131,69.1584800445871,0.017859156675647792,6.7981172467370925,61.49898892079881,0.00962172708953488,1.2560026566024527,0.005774241890088199,0.012205692657117018
187,2,25.453616666666665,Forward,0.05392687651564626,364.4556531450253,19955.0,19954.41063302977,ok,0.0004777623608855353,14543.114283457237,ok,12.990636178405111,69.15900720746015,0.01838631954870228,7.596908214214636,61.500119490986364,0.010752297277088412,1.2560026566024527,0.004881405604099916,0.012205692657117018
188,2,25.588183333333333,Forward,0.05369174549122818,363.19448155410646,19955.0,19954.647589002037,ok,0.00047885933569848154,14544.777075601685,ok,13.227592150673445,69.15934258350833,0.018721695596900862,9.259700358663395,61.5024729267451,0.013105733035818148,1.2560026566024527,0.0022608600871907407,0.012205692657117018
189,2,25.72375,Forward,0.05365450961814211,363.2848921773366,19955.0,19955.030475489602,ok,0.0004807503275053806,14543.169349478843,ok,13.610478638238419,69.15988450256562,0.019263614654179407,7.651974235821399,61.50019742877599,0.010830235066711122,1.2560026566024527,0.005660810638761197,0.012205692657117018
190,2,25.8596,Forward,0.053506894652731396,363.10292841784394,19955.0,19955.12657822696,ok,0.0004896954448652309,14543.057387048833,ok,13.706581375594396,69.16002052174238,0.01939963383093607,7.540011805811446,61.50003896255561,0.010671768846324295,1.2560026566024527,0.0059958638093054635,0.012205692657117018
191,2,25.994366666666668,Forward,0.05356425749355309,362.9947069968439,19940.0,19955.505290878496,ok,0.0004839521708425222,14543.007939078996,ok,14.085294027132477,69.16055653335357,0.019935645442121872,7.4905638359741715,61.499968976285345,0.010601782576061869,1.2560026566024527,0.006619778361866571,0.012205692657117018
192,2,26.129133333333332,Forward,0.05349382049373266,362.640330568076,19955.0,19955.64592447698,ok,0.00048495278271040634,14544.683800469982,ok,14.22592762561544,69.1607555793622,0.020134691450760772,9.1664252269602,61.50234090962493,0.01297371591564869,1.2560026566024527,0.0038396697947004933,0.012205692657117018
193,2,26.26418333333333,Forward,0.05345005187169058,362.1888555461992,19950.0,19955.922753525523,ok,0.00048419270448334697,14543.31875801786,ok,14.502756674159173,69.16114738983838,0.020526501926936634,7.801382774838203,61.500408894412004,0.011041700702723182,1.2560026566024527,0.006658096510907149,0.012205692657117018
194,2,26.400616666666668,Forward,0.05348115513998064,362.5250086314045,19940.0,19955.927575403726,ok,0.0004786928328328659,14543.38101960353,ok,14.507578552362247,69.16115421449209,0.02053332658065252,7.86364436050826,61.50049701645575,0.01112982274647971,1.2560026566024527,0.006554239643559598,0.012205692657117018
195,2,26.53595,Forward,0.05337147871120576,362.7326958988233,19940.0,19956.257236997822,ok,0.00047994940108105196,14543.568463209245,ok,14.837240146458498,69.16162080160368,0.020999913692226327,8.05108796622335,61.50076231508969,0.011395121380411719,1.2560026566024527,0.006687610966121801,0.012205692657117018
196,2,26.67043333333333,Forward,0.053292970601425904,362.39957842402146,19955.0,19956.50404485343,ok,0.0004725420454589484,14544.952034979044,ok,15.084048002066993,69.16197012153211,0.02134923362067535,9.434659736021786,61.50272055580467,0.01335336209539422,1.2560026566024527,0.0045773753542857135,0.012205692657117018
197,2,26.804933333333334,Forward,0.05329163260964878,361.974911428566,19955.0,19956.54799067159,ok,0.00047867785671999074,14545.104410824699,ok,15.12799382022422,69.16203232032241,0.021411432410971015,9.5870355816769,61.50293622122331,0.013569027514026756,1.2560026566024527,0.004368697805841634,0.012205692657117018
198,2,26.939983333333334,Forward,0.05313875568813192,361.88047424378965,19955.0,19956.851997911384,ok,0.0004854126866472414,14545.326193559127,ok,15.432001060020411,69.16246259749893,0.02184170958748863,9.808818316105317,61.50325012180289,0.013882928093612263,1.2560026566024527,0.0044047150204908035,0.012205692657117018
199,2,27.075566666666667,Forward,0.053089948983003094,361.1302975608305,19955.0,19957.112553680647,ok,0.00048574017972150663,14545.669688776432,ok,15.692556829282694,69.16283137556093,0.022210487649480547,10.152313533410052,61.503736288357175,0.014369094647896534,1.2560026566024527,0.004162866598750415,0.012205692657117018
200,2,27.210883333333335,Forward,0.05303045619679736,361.6500483865493,19955.0,19957.352924799317,ok,0.0004859050501369431,14545.630753442125,ok,15.93292794795343,69.16317158524254,0.02255069733108998,10.113378199102954,61.50368118116393,0.014313987454647915,1.2560026566024527,0.00457229106147802,0.012205692657117018
201,2,27.346466666666668,Forward,0.05298038509964445,360.85677976901934,19955.0,19957.348894728926,ok,0.0004837447777130103,14545.353756555594,ok,15.928897877562122,69.16316588127538,0.022544993363940048,9.836381312572485,61.50328913313796,0.013921939428685103,1.2560026566024527,0.005059000456453126,0.012205692657117018
202,2,27.4815,Forward,0.05296146076619457,361.5559451040899,19940.0,19957.799817447176,ok,0.0004785808669874336,14545.605375152267,ok,16.379820595811907,69.1638040955303,0.02318320761885792,10.0879999092449,61.50364526195716,0.014278068247880703,1.2560026566024527,0.005249915968368629,0.012205692657117018
203,2,27.617866666666668,Forward,0.05293064513074691,361.1631015924104,19955.0,19957.787254539882,ok,0.00047374582392811196,14546.007937283068,ok,16.367257688518293,69.16378631459757,0.02316542668613154,10.490562040045916,61.50421502897037,0.014847835261094268,1.2560026566024527,0.004516506153401569,0.012205692657117018
204,2,27.753183333333332,Forward,0.05285066330148333,360.8334438132588,19940.0,19957.870688680978,ok,0.0004870756201990478,14545.778872559358,ok,16.45069182961379,69.16390440325453,0.023283515343098426,10.261497316336317,61.503890821814565,0.014523628105292223,1.2560026566024527,0.005041799859345348,0.012205692657117018
205,2,27.888233333333332,Forward,0.05284713799071111,360.72401552120573,19950.0,19958.171214906924,ok,0.0004884912965417158,14545.722839269916,ok,16.751218055560457,69.16432975357205,0.023708865660599144,10.205464026894333,61.503811515000734,0.014444321291453661,1.2560026566024527,0.005566759745713974,0.012205692657117018
206,2,28.02355,Forward,0.05268433746090445,360.12476857429283,19965.0,19958.43757330906,ok,0.0004772096773362917,14545.421388347546,ok,17.017576457696123,69.16470674440058,0.024085856489138333,9.904013104523983,61.503384855912536,0.014017662203258585,1.2560026566024527,0.006479635522489761,0.012205692657117018
207,2,28.159666666666666,Forward,0.05277312733780917,360.87350563962536,19940.0,19958.443943925246,ok,0.00047031315882352734,14545.846378484703,ok,17.023947073881573,69.16471576106329,0.02409487315185594,10.329003241680766,61.50398636644363,0.01461917273434412,1.2560026566024527,0.005733153360189584,0.012205692657117018
208,2,28.29446666666667,Forward,0.05267756402823698,360.4624749687355,19955.0,19958.793290108595,ok,0.0004765881325948608,14546.25249069747,ok,17.373293257231126,69.16521020879256,0.024589320881125885,10.735115454448533,61.50456115807153,0.015193964362254637,1.2560026566024527,0.005505661277811071,0.012205692657117018
209,2,28.429783333333333,Forward,0.05256691147841444,359.5940404933317,19955.0,19958.81829343774,ok,0.00048409765231522756,14546.527003479136,ok,17.39829658637609,69.16524559729804,0.024624709386594532,11.009628236113713,61.50494969021535,0.015582496506068305,1.2560026566024527,0.005053052378474303,0.012205692657117018
210,2,28.565616666666667,Forward,0.0525546716675325,360.2287595643684,19940.0,19958.88586018777,ok,0.0004821908811275671,14545.919201485598,ok,17.465863336405164,69.16534122801541,0.024720340103969788,10.401826242576135,61.504089436604815,0.014722242895540957,1.2560026566024527,0.00622916391602376,0.012205692657117018
211,2,28.700666666666667,Forward,0.05259933576216694,359.9702068651568,19955.0,19959.05325500189,ok,0.00048742757561397247,14546.72318329508,ok,17.63325815052667,69.16557815055722,0.024957262645788795,11.205808052058273,61.50522735365965,0.015860159950369702,1.2560026566024527,0.005036859613984625,0.012205692657117018
212,2,28.835716666666666,Forward,0.05249780629362305,360.5603850155421,19950.0,19959.137337425243,ok,0.0004816030879066785,14546.372703395555,ok,17.717340573879483,69.16569715676162,0.025076268850178073,10.85532815253282,61.50473130132321,0.01536410761393492,1.2560026566024527,0.005778908870749843,0.012205692657117018
213,2,28.970233333333333,Forward,0.05252268347291161,359.253101375798,19940.0,19959.581882956918,ok,0.0004760982559631741,14546.32359368177,ok,18.161886105554004,69.16632634505442,0.02570545714296567,10.806218438747237,61.504661793804246,0.015294600094964599,1.2560026566024527,0.00649539879201801,0.012205692657117018
214,2,29.10555,Forward,0.0524493423541717,359.83453498806557,19940.0,19959.507092726588,ok,0.0004802621856234545,14546.274449951512,ok,18.087095875223895,69.1662204905716,0.025599602660160866,10.757074708490109,61.50459223814,0.015225044430722008,1.2560026566024527,0.0064769064082836475,0.012205692657117018
215,2,29.24085,Forward,0.05248729796454746,359.6591286751391,19955.0,19959.362905392445,ok,0.00047719197396499353,14546.130212313275,ok,17.942908541081124,69.166016414777,0.02539552686556418,10.61283707025359,61.50438809114742,0.015020897438138591,1.2560026566024527,0.0065292397787091346,0.012205692657117018
216,2,29.37615,Forward,0.052436056782817486,360.1569277303788,19940.0,19959.533804229264,ok,0.00048501454048812103,14546.218408985991,ok,18.11380737790023,69.16625829674345,0.025637408832013292,10.70103374296923,61.504512920461806,0.015145726752531811,1.2560026566024527,0.006614335794658498,0.012205692657117018
217,2,29.511466666666667,Forward,0.052529898572294675,360.22456185899136,19955.0,19959.496599461396,ok,0.0004807244426277984,14546.407085028102,ok,18.07660261003184,69.16620563891043,0.02558475099898887,10.889709785080413,61.50477996342674,0.015412769717464305,1.2560026566024527,0.006226271288251869,0.012205692657117018
218,2,29.64625,Forward,0.0525648970742669,359.9357746721471,19955.0,19959.157837480754,ok,0.00047643361354820135,14545.992140925138,ok,17.73784062939012,69.1657261715509,0.02510528363946232,10.474765682116413,61.50419267156765,0.014825477858376738,1.2560026566024527,0.006484444063940296,0.012205692657117018
219,2,29.781833333333335,Forward,0.05251514705110441,360.1933095102031,19955.0,19959.10187200284,ok,0.00048059885674088033,14545.995524170452,ok,17.68187515147656,69.16564696071423,0.025026072802788662,10.478148927430084,61.50419746004981,0.014830266340526074,1.2560026566024527,0.006399218880965979,0.012205692657117018
220,2,29.9169,Forward,0.0526533862390165,360.94847190375003,19965.0,19958.942742335883,ok,0.00048163445978924427,14545.85750556981,ok,17.522745484518964,69.16542173626286,0.024800848351408472,10.340130326787403,61.504002115182914,0.014634921473636528,1.2560026566024527,0.006419348101352713,0.012205692657117018
221,2,30.051933333333334,Forward,0.052774018952369606,360.16622406256283,19955.0,19958.559294754155,ok,0.000482139020763827,14545.512181176055,ok,17.13929790279144,69.16487902305997,0.02425813514852937,9.994805933032694,61.503513359700555,0.014146165991276813,1.2560026566024527,0.006490513082746424,0.012205692657117018
222,2,30.18723333333333,Forward,0.052851409250982306,360.8933770452568,19955.0,19958.02181708672,ok,0.0004775906901164138,14545.874447167054,ok,16.601820235355262,69.16411830310692,0.02349741519547577,10.357071924032425,61.50402609350209,0.01465889979281463,1.2560026566024527,0.005085798112831455,0.012205692657117018
223,2,30.321483333333333,Forward,0.052899972729605865,361.81391001135853,19955.0,19957.344721493682,ok,0.00047902066743933213,14545.384339777103,ok,15.924724642318324,69.16315997467962,0.022539086768166707,9.86696453408149,61.50333241915381,0.013965225444533045,1.2560026566024527,0.004998726509781035,0.012205692657117018
224,2,30.45705,Forward,0.05314146574122569,362.06202164365095,19940.0,19956.62245263994,ok,0.0004858997870652382,14545.100909197505,ok,15.202455788574298,69.16213771019905,0.02151682228761045,9.583533954482846,61.502931265189154,0.013564071479876762,1.2560026566024527,0.004480312474539675,0.012205692657117018
225,2,30.591316666666668,Forward,0.053489037445067,362.99778531284755,19940.0,19955.52483582098,ok,0.0004738573546804935,14544.84790757943,ok,14.10483896961523,69.16058419632196,0.019963308410518004,9.330532336407487,61.50257317890821,0.013205985198928865,1.2560026566024527,0.0033765559176106817,0.012205692657117018
226,2,30.726933333333335,Forward,0.053718712101694294,364.1440954692371,19955.0,19954.44099641932,ok,0.0004818547319066141,14544.362554849871,ok,13.020999567954277,69.15905018233644,0.01842929442500285,8.845179606849342,61.50188623407679,0.012519040367518266,1.2560026566024527,0.0027053464652865636,0.012205692657117018
227,2,30.8625,Forward,0.05398188094447359,364.87216313321915,19940.0,19953.18309288297,ok,0.0004790618915726377,14542.616646207758,ok,11.763096031605528,69.15726980637463,0.016648918463185235,7.099270964736206,61.49941515923828,0.010047965529005309,1.2560026566024527,0.004028647065304699,0.012205692657117018
228,2,30.998066666666666,Forward,0.05441672564643946,365.7507169300043,19940.0,19951.799242800156,ok,0.0004847109881270273,14541.66124261784,ok,10.379245948792232,69.15531117174883,0.014690283837392244,6.143867374818001,61.498062927102694,0.008695733393414078,1.2560026566024527,0.0037684195941575013,0.012205692657117018
229,2,31.132316666666668,Forward,0.05492486206290309,367.8831115477369,19955.0,19950.034254217735,ok,0.0004853506572340577,14541.056913823237,ok,8.614257366371021,69.15281309208356,0.012192204172121256,5.539538580214867,61.497207589290326,0.007840395581049953,1.2560026566024527,0.002344646493508384,0.012205692657117018
230,2,31.2669,Forward,0.055544887927864495,369.48489390659597,19940.0,19948.110820852857,ok,0.00048000530556840325,14540.186815753594,ok,6.690824001492729,69.15009075731939,0.009469869407941157,4.669440510571803,61.49597609447149,0.006608900762208027,1.2560026566024527,0.0011690724933859017,0.012205692657117018
231,2,31.40245,Forward,0.05618949468305667,372.01522049785126,19940.0,19945.459144837467,ok,0.0004752939298179653,14537.15652817834,ok,4.039147986102762,69.14633770305099,0.005716815139541561,1.6391529353186343,61.49168717167218,0.0023199779629008007,1.2560026566024527,0.0028029166548790086,0.012205692657117018
232,2,31.537483333333334,Forward,0.05685412813125304,373.53811222582954,19940.0,19942.596235700403,ok,0.0004788241611030465,14536.17878276718,ok,1.176238849038782,69.14228567961578,0.0016647917043490004,0.6614075241577666,61.49030331800097,0.0009361242916875942,1.2560026566024527,0.0004890171070792927,0.012205692657117018
233,2,31.67255,Forward,0.05753299280703866,376.7361026509643,19940.0,19939.78364653235,ok,0.00047904101524792107,14533.270199527673,ok,-1.6363503190150368,69.13830487663641,-0.002316011275032503,-2.2471757153489307,61.486186649645305,-0.0031805440639752942,1.2560026566024527,0.0016787605187616275,0.012205692657117018
234,2,31.80785,Forward,0.05837282526235782,380.12156931680147,19930.0,19936.85866680522,ok,0.00048553257385111577,14531.722293225115,ok,-4.561330046144576,69.13416500148342,-0.006455886428019995,-3.7950820179066795,61.48399581776306,-0.005371375946218889,1.2560026566024527,0.0002905760300414423,0.012205692657117018
235,2,31.942633333333333,Forward,0.05930072014122861,382.17151306546657,19940.0,19933.301355167354,ok,0.0004748524773324689,14530.35753899145,ok,-8.118641684010072,69.12913015425886,-0.011490733652580057,-5.159836251572415,61.48206421048063,-0.007302983228650165,1.2560026566024527,-0.0023181673162722925,0.012205692657117018
236,2,32.077416666666664,Forward,0.06039420270031198,385.3104205811542,19925.0,19929.57243539109,ok,0.00047380758847637535,14528.255025532142,ok,-11.847561460275756,69.12385242115663,-0.016768466754817832,-7.262349710879789,61.47908841439279,-0.01027877931649187,1.2560026566024527,-0.003858292626673702,0.012205692657117018
237,2,32.21191666666667,Forward,0.061427614625741034,389.1900594035542,19900.0,19925.47167000519,ok,0.0004745167705983733,14525.077264758933,ok,-15.948326846173586,69.11804839572292,-0.02257249218851539,-10.440110484089018,61.474590765145805,-0.014776428563468884,1.2560026566024527,-0.004013258657702107,0.012205692657117018
238,2,32.34748333333334,Forward,0.06258093317999167,392.2824251162383,19925.0,19921.082404747616,ok,0.00048563316655879087,14521.913520662867,ok,-20.33759210374774,69.1118360414932,-0.028784846418243606,-13.603854580154803,61.47011295442725,-0.019254239282029656,1.2560026566024527,-0.004601470729155056,0.012205692657117018
239,2,32.4828,Forward,0.06383027309255213,396.89718554412684,19915.0,19916.74117557179,ok,0.0004843444902423835,14520.08003070298,ok,-24.67882127957273,69.10569167521547,-0.03492921269597484,-15.437344540041522,61.46751792121803,-0.021849272491246463,1.2560026566024527,-0.007486468402138395,0.012205692657117018
240,2,32.61893333333333,Forward,0.06511479840242684,401.0693675081202,19915.0,19911.935666716498,ok,0.0004738575680774334,14515.95781443247,ok,-29.484330134866468,69.09889018988449,-0.04173069802695705,-19.559560810552284,61.46168353523743,-0.02768365847185483,1.2560026566024527,-0.00695994944183239,0.012205692657117018
241,2,32.75395,Forward,0.06661490172917317,405.4352165051823,19900.0,19907.0530168897,ok,0.00048002835676135783,14512.413085899516,ok,-34.36697996166549,69.09197952294508,-0.04864136496636205,-23.104289343506025,61.456666497532325,-0.03270069617695448,1.2560026566024527,-0.00756920369535756,0.012205692657117018
242,2,32.889516666666665,Forward,0.06787465831819475,409.04811152138063,19890.0,19902.166181656863,ok,0.00047693377482726807,14510.106654998957,ok,-39.25381519450093,69.08506293218394,-0.055557955727492926,-25.410720244064578,61.453402086538716,-0.03596510717055658,1.2560026566024527,-0.010385685576281944,0.012205692657117018
243,2,33.02483333333333,Forward,0.06921048088765747,413.7952168893935,19875.0,19897.484478325467,ok,0.0004807580989210961,14506.099854731152,ok,-43.93551852589735,69.07843667521692,-0.062184212694520596,-29.417520511869952,61.44773105479863,-0.04163613891064647,1.2560026566024527,-0.009889111612079879,0.012205692657117018
244,2,33.1599,Forward,0.07065174705493421,418.23936658600724,19875.0,19892.697218742418,ok,0.00047832764955656047,14502.314625928611,ok,-48.72277810894593,69.07166101902521,-0.0689598688862349,-33.20274931441054,61.44237362461795,-0.04699356909132969,1.2560026566024527,-0.009935821264293897,0.012205692657117018
245,2,33.295716666666664,Forward,0.07202685747360058,422.28907263949077,19875.0,19887.631042281857,ok,0.000467941910757505,14500.336112644462,ok,-53.78895456950704,69.06449059734494,-0.07613029056649369,-35.18126259856035,61.43957333239406,-0.049793861315216535,1.2560026566024527,-0.013589068472087615,0.012205692657117018
246,2,33.4305,Forward,0.07328305517430683,425.69242921177647,19885.0,19883.16456405684,ok,0.0004804921952071433,14497.029974233765,ok,-58.255432794525404,69.05816895960722,-0.08245192830422228,-38.487401009257155,61.4348939836342,-0.05447321007508406,1.2560026566024527,-0.01403343173625321,0.012205692657117018
247,2,33.56581666666667,Forward,0.07455498168635169,429.45342056437585,19875.0,19878.910895499914,ok,0.00047944116833024107,14494.691180965525,ok,-62.50910135145023,69.052148522404,-0.08847236550743623,-40.82619427749705,61.43158376850711,-0.05778342520216892,1.2560026566024527,-0.01589622994592295,0.012205692657117018
248,2,33.701033333333335,Forward,0.07572193099864646,431.87817272705433,19875.0,19874.800817104915,ok,0.000476370086262618,14491.212919107269,ok,-66.61917974644894,69.04633131578665,-0.09428957212479078,-44.304456135752844,61.42666080452585,-0.06270638918342988,1.2560026566024527,-0.015530180724455542,0.012205692657117018
249,2,33.83635,Forward,0.07685092546048114,436.43195935629046,19860.0,19870.646039099905,ok,0.00047936579035358606,14489.558086241035,ok,-70.77395775145851,69.04045084349839,-0.10017004441305438,-45.95928900198669,61.424318633945404,-0.0650485597638707,1.2560026566024527,-0.018468880541469376,0.012205692657117018
250,2,33.97085,Forward,0.07784977862163761,439.9615352142755,19860.0,19867.04123821164,ok,0.00047406365578345997,14485.891842028823,ok,-74.37875863972295,69.03534878228054,-0.10527210563090714,-49.625533214199095,61.41912960881196,-0.07023758489732597,1.2560026566024527,-0.017053512406525403,0.012205692657117018
251,2,34.10561666666667,Forward,0.07896144409980799,441.38991312335565,19860.0,19863.50177887977,ok,0.0004769323834991641,14482.61344710983,ok,-77.91821797159355,69.03033920234837,-0.11028168556307325,-52.903928133191584,61.414489526851405,-0.07487766685787228,1.2560026566024527,-0.016235137069392225,0.012205692657117018
252,2,34.24065,Forward,0.07974750827480248,444.4954862267332,19850.0,19860.434249071797,ok,0.00047192697617014624,14481.608609727826,ok,-80.98574777956674,69.02599756869009,-0.11462331922134791,-53.90876551519614,61.41306732851206,-0.07629986519722146,1.2560026566024527,-0.018790485835228743,0.012205692657117018
253,2,34.37566666666667,Forward,0.08076232106185147,446.33790715812574,19860.0,19857.615575927255,ok,0.0004765754198594041,14478.354790636524,ok,-83.80442092410885,69.02200815474399,-0.11861273316745226,-57.16258460649806,61.40846202999205,-0.08090516371722745,1.2560026566024527,-0.016995632605758218,0.012205692657117018
254,2,34.5115,Forward,0.08161460106261273,447.8447867943287,19860.0,19855.10732013636,ok,0.00047148297259826935,14479.270632411666,ok,-86.31267671500245,69.01845809054021,-0.12216279737122973,-56.24674283135573,61.409758268244175,-0.07960892546510784,1.2560026566024527,-0.022173775497787637,0.012205692657117018
255,2,34.646033333333335,Forward,0.08215899665630705,450.70447050859366,19835.0,19852.768550987657,ok,0.0004891622090024146,14476.25883706377,ok,-88.65144586370661,69.01514790955075,-0.12547297836068766,-59.258538179252355,61.405495518451076,-0.08387167525820695,1.2560026566024527,-0.020129931422681532,0.012205692657117018
256,2,34.7824,Forward,0.08264909263294601,452.09503135434716,19860.0,19850.37001254209,ok,0.00047299999755546005,14473.629049597925,ok,-91.04998430927299,69.01175313398285,-0.12886775392859565,-61.88832564509721,61.40177344417941,-0.08759374952987144,1.2560026566024527,-0.01884977181730728,0.012205692657117018
257,2,34.918,Forward,0.08331571958274586,452.90194077644264,19845.0,19848.71395564352,ok,0.00047570748360091904,14472.894409302,ok,-92.70604120784265,69.0094092309661,-0.13121165694533557,-62.6229659410219,61.400733669756605,-0.08863352395267286,1.2560026566024527,-0.019887715396741334,0.012205692657117018
258,2,35.05385,Forward,0.08375558208390332,455.0080572630577,19845.0,19847.183573961287,ok,0.00048682581051268,14472.672852610312,ok,-94.23642289007694,69.00724320258577,-0.13337768532567118,-62.84452263270941,61.40042008910701,-0.0889471046022712,1.2560026566024527,-0.021659885648122296,0.012205692657117018
259,2,35.189433333333334,Forward,0.08403297580215852,456.0599895075611,19835.0,19845.69053013948,ok,0.0004923765453995698,14471.712522836948,ok,-95.72946671188402,69.00513002041124,-0.13549086750019737,-63.80485240607413,61.39906088468909,-0.09030630902018635,1.2560026566024527,-0.022065903462881273,0.012205692657117018
260,2,35.325266666666664,Forward,0.08444564222276146,457.12803227219774,19845.0,19844.642920605456,ok,0.00046121943796100315,14470.966847252152,ok,-96.77707624590766,69.00364728443202,-0.13697360347942875,-64.55052799087025,61.39800549145096,-0.09136170225831874,1.2560026566024527,-0.022223062731258098,0.012205692657117018
261,2,35.459783333333334,Forward,0.08484707588598317,457.7114524900571,19820.0,19843.60809121402,ok,0.00048314362316826526,14470.489409953921,ok,-97.81190563734344,69.00218263684985,-0.1384382510615815,-65.0279652891004,61.39732974973907,-0.0920374439702082,1.2560026566024527,-0.022838976928100607,0.012205692657117018
262,2,35.594033333333336,Forward,0.08503008350588553,458.0925952234138,19835.0,19842.665088056394,ok,0.0004843023532134098,14470.001364631571,ok,-98.7549087949701,69.00084795568772,-0.1397729322237236,-65.51601061145084,61.396638993941764,-0.09272819976751868,1.2560026566024527,-0.023306066973757214,0.012205692657117018
263,2,35.72933333333334,Forward,0.08535789828181109,458.89391356398846,19845.0,19841.949973292205,ok,0.00048198734746019524,14468.262611865337,ok,-99.47002355915902,68.99983581676028,-0.14078507115116348,-67.25476337768487,61.39417804718464,-0.09518914652463846,1.2560026566024527,-0.02122725023649745,0.012205692657117018
264,2,35.86566666666667,Forward,0.08541894908939518,459.4181634912238,19820.0,19841.26079948931,ok,0.0004769490131545774,14468.0382996531,ok,-100.15919736205251,68.9988603934176,-0.14176049449383687,-67.4790755899212,61.39386056650423,-0.0955066272050465,1.2560026566024527,-0.021803917001158385,0.012205692657117018
265,2,36.0015,Forward,0.08551362618175462,459.8476261243886,19835.0,19840.877264717856,ok,0.0004860495886663894,14467.925928411098,ok,-100.54273213350825,68.99831755681059,-0.14230333110084972,-67.59144683192426,61.393701521671076,-0.09566567203820006,1.2560026566024527,-0.022146992875211477,0.012205692657117018
266,2,36.1376,Forward,0.08573764243539653,460.0702870513451,19830.0,19840.33399577299,ok,0.0004769936937514733,14469.144751199547,ok,-101.08600107837265,68.99754864016293,-0.1430722477485015,-66.3726240434753,61.39542658462827,-0.09394060908101283,1.2560026566024527,-0.02508259317989689,0.012205692657117018
267,2,36.27265,Forward,0.08573824319721671,461.1875885208574,19835.0,19839.758287270608,ok,0.00048166969508343693,14467.12388343848,ok,-101.661709580756,68.99673381013103,-0.14388707778040719,-68.39349180454155,61.39256634592168,-0.0968008477875976,1.2560026566024527,-0.022304955797814954,0.012205692657117018
268,2,36.40743333333333,Forward,0.08593711804509557,460.21241436743367,19835.0,19839.53957200176,ok,0.0004820184781288375,14467.235952592497,ok,-101.88042484960533,68.9964242510942,-0.1441966368172409,-68.2814226505252,61.39272496319408,-0.09664223051520236,1.2560026566024527,-0.022813738550160112,0.012205692657117018
269,2,36.54246666666667,Forward,0.08607558250894773,460.8281551894179,19835.0,19839.334825175283,ok,0.0004728942656403842,14466.81283470487,ok,-102.08517167608079,68.99613446231662,-0.14448642559482353,-68.70454053815229,61.39212610255463,-0.09724109115465401,1.2560026566024527,-0.022351356773656822,0.012205692657117018
270,2,36.677233333333334,Forward,0.08618265294432326,460.7318505956828,19835.0,19839.01342625298,ok,0.00048122063687697426,14467.451443233707,ok,-102.40657059838486,68.99567956979196,-0.14494131811948022,-68.06593200931457,61.39302995824856,-0.09633723546071536,1.2560026566024527,-0.023941494451085718,0.012205692657117018
271,2,36.813066666666664,Forward,0.08625437653933635,461.5184592620899,19820.0,19838.798656485385,ok,0.0004904095659713929,14466.624896915662,ok,-102.62134036597854,68.9953755950272,-0.14524529288423746,-68.89247832735964,61.391860104477225,-0.09750708923205281,1.2560026566024527,-0.022776129771206716,0.012205692657117018
272,2,36.94838333333333,Forward,0.0863077407784994,461.09356489190395,19835.0,19838.58247687473,ok,0.0004780887888907987,14466.574293555748,ok,-102.83751997663421,68.9950696248386,-0.1455512630728289,-68.94308168727366,61.3917884829236,-0.0975787107856734,1.2560026566024527,-0.022992143098180706,0.012205692657117018
273,2,37.083666666666666,Forward,0.08629633557878189,461.48765097280193,19820.0,19838.323762768046,ok,0.0004862087751339109,14466.827091524525,ok,-103.09623408331754,68.99470345337696,-0.14591743453448094,-68.69028371849708,61.39214628096916,-0.09722091274011536,1.2560026566024527,-0.02380770985558081,0.012205692657117018
274,2,37.21843333333333,Forward,0.0863388953703052,461.68985566800984,19835.0,19838.47827060622,ok,0.00048332761186849465,14466.812175191231,ok,-102.94172624514249,68.99492213631493,-0.14569875159652076,-68.7052000517906,61.39212516911085,-0.09724202459843108,1.2560026566024527,-0.023562510367490283,0.012205692657117018
275,2,37.35346666666667,Forward,0.08641431141850406,461.88990082539385,19845.0,19838.347233998255,ok,0.00047949571832730967,14466.762191568932,ok,-103.07276285310945,68.99473667342353,-0.145884214487912,-68.7551836740895,61.39205442470394,-0.09731276900533832,1.2560026566024527,-0.023659118095866252,0.012205692657117018
276,2,37.48905,Forward,0.08639025306752199,461.2243743555555,19835.0,19838.257872136997,ok,0.0004945144334705629,14466.709202616063,ok,-103.16212471436666,68.9946101949575,-0.14601069295393762,-68.80817262695928,61.391979426697176,-0.09738776701210526,1.2560026566024527,-0.023691398866152708,0.012205692657117018
277,2,37.62381666666667,Forward,0.08644406353776413,462.2699962832121,19835.0,19838.321667916076,ok,0.0004786644301836775,14466.05347060791,ok,-103.09832893528801,68.99470048842457,-0.14592039948686722,-69.46390463511125,61.391051335256954,-0.0983158584523256,1.2560026566024527,-0.022435420084595564,0.012205692657117018
278,2,37.758833333333335,Forward,0.08639056973790013,461.93440984200424,19820.0,19838.30908007805,ok,0.0004870327747751595,14466.420840477445,ok,-103.1109167733157,68.9946826722061,-0.1459382157053515,-69.09653476557651,61.39157129284187,-0.09779590086741077,1.2560026566024527,-0.023106304411053477,0.012205692657117018
279,2,37.893633333333334,Forward,0.08646515609002839,461.1736746020906,19810.0,19838.116335274375,ok,0.000473410818280412,14466.350512053583,ok,-103.30366157698882,68.99440987051238,-0.1462110173990497,-69.16686318943903,61.39147175338462,-0.09789544032465786,1.2560026566024527,-0.02325408428201256,0.012205692657117018
280,2,38.02838333333333,Forward,0.08639786463814067,462.41522427549353,19820.0,19837.93699091406,ok,0.0004875987563908643,14466.250561371167,ok,-103.48300593730528,68.99415603515955,-0.14646485275189544,-69.26681387185454,61.39133028801212,-0.09803690569715881,1.2560026566024527,-0.023330238751179844,0.012205692657117018
281,2,38.162933333333335,Forward,0.08649041197022364,462.46980788855944,19820.0,19837.873070996488,ok,0.00048332030185387325,14466.302474248163,ok,-103.54692585487646,68.99406556599284,-0.14655532191859755,-69.21490099485891,61.39140376299302,-0.0979634307162552,1.2560026566024527,-0.023512992689090698,0.012205692657117018
282,2,38.29783333333334,Forward,0.08648583394283052,462.29090455904225,19820.0,19837.945937865377,ok,0.00047971290138177264,14466.360848455848,ok,-103.47405898598663,68.99416869824267,-0.1464521896687583,-69.15652678717379,61.39148638302957,-0.09788081067970263,1.2560026566024527,-0.023513631424650086,0.012205692657117018
283,2,38.432066666666664,Forward,0.08658357840926359,462.22821154232224,19835.0,19837.95658543523,ok,0.00047846419627974187,14466.515353348239,ok,-103.46341141613448,68.99418376829922,-0.14643711961221678,-69.00202189478296,61.39170506179822,-0.09766213191106327,1.2560026566024527,-0.02377322248246215,0.012205692657117018
284,2,38.567366666666665,Forward,0.08650142204804256,462.8989035372251,19820.0,19837.71810788244,ok,0.0004887005894006314,14466.793454093291,ok,-103.70188896892432,68.99384623867938,-0.14677464923205755,-68.72392114973081,61.39209867217226,-0.09726852153701854,1.2560026566024527,-0.02460512777776938,0.012205692657117018
285,2,38.70218333333333,Forward,0.08657600489286896,462.3371095449147,19845.0,19837.794682311873,ok,0.0004866129527498625,14466.466531422546,ok,-103.62531453949123,68.9939546184315,-0.1466662694799437,-69.05084382047608,61.39163596160063,-0.0977312321086555,1.2560026566024527,-0.023915582318441472,0.012205692657117018
286,2,38.8373,Forward,0.08667147219492705,462.05272357040303,19835.0,19837.47967257103,ok,0.00048301113724576395,14466.255557766382,ok,-103.94032428033461,68.99350876884596,-0.14711211906548813,-69.26181747663941,61.391337359668796,-0.09802983404048586,1.2560026566024527,-0.023986387084340338,0.012205692657117018
287,2,38.97266666666667,Forward,0.08641660400526432,461.85169913841673,19835.0,19837.93733654093,ok,0.0004833269179725268,14466.371794525166,ok,-103.48266031043386,68.99415652434314,-0.14646436356830078,-69.14558071785541,61.391501875567855,-0.09786531814142152,1.2560026566024527,-0.02354526399343114,0.012205692657117018
288,2,39.10851666666667,Forward,0.08609624873407015,461.92345511274834,19820.0,19839.08098782212,ok,0.000487370472070295,14465.910203725849,ok,-102.33900902924506,68.99577519317656,-0.14484569473488562,-69.6071715171729,61.39084856222581,-0.09851863148346558,1.2560026566024527,-0.02110603186681481,0.012205692657117018
289,2,39.24381666666667,Forward,0.08551063639211859,458.95448945120006,19835.0,19841.43102276495,ok,0.0004802676572372484,14466.33324846278,ok,-99.98897408641278,68.99910131922736,-0.14151956868408003,-69.18412678024106,61.3914473193313,-0.09791987437797789,1.2560026566024527,-0.018531946331161356,0.012205692657117018
290,2,39.37886666666667,Forward,0.08438680905771906,456.2727325818232,19820.0,19844.875498839534,ok,0.0004802682380414325,14466.635525338625,ok,-96.54449801183,69.00397646444084,-0.13664442347060565,-68.88184990439731,61.391875147434185,-0.09749204627509518,1.2560026566024527,-0.014194154351476848,0.012205692657117018
291,2,39.514716666666665,Forward,0.08304369204104234,453.1510055712133,19835.0,19849.214643473188,ok,0.00048673112647347174,14466.259399620823,ok,-92.20535337817637,69.01011788035817,-0.13050300755326857,-69.2579756221985,61.391342797244164,-0.09802439646510926,1.2560026566024527,-0.0073841051812392755,0.012205692657117018
292,2,39.65125,Forward,0.08145085361978799,449.53851022900926,19845.0,19854.527868878067,ok,0.0004803717328740119,14466.280399921874,ok,-86.89212797329674,69.0176379631922,-0.12298292471923497,-69.23697532114784,61.39137252005685,-0.09799467365242835,1.2560026566024527,9.86457211054198e-05,0.012205692657117018
293,2,39.78628333333333,Forward,0.07953497176078267,443.7729773538849,19860.0,19860.33779003724,ok,0.0004830006838726329,14466.24265221927,ok,-81.08220681412422,69.02586104522747,-0.1147598426839695,-69.274723023751,61.391319093780204,-0.09804809992907558,1.2560026566024527,0.008388831301772176,0.012205692657117018
294,2,39.92111666666667,Forward,0.07766259147688978,438.63868779981203,19875.0,19866.79106902195,ok,0.00048579525544644386,14466.664769220451,ok,-74.62892782941344,69.03499470488204,-0.10562618302940557,-68.8526060225704,61.39191653781327,-0.09745065589599981,1.2560026566024527,0.016772099663621656,0.012205692657117018
295,2,40.05628333333333,Forward,0.07564249625974376,434.3896701861813,19860.0,19873.900111797506,ok,0.00047837097297332397,14466.5507851129,ok,-67.51988505385816,69.04505650096051,-0.09556438695093206,-68.9665901301214,61.39175521020806,-0.09761198350121673,1.2560026566024527,0.027036523642830948,0.012205692657117018
296,2,40.190783333333336,Forward,0.07324041729660727,426.9050927300086,19860.0,19881.580046098297,ok,0.0004722909738000109,14468.137139522278,ok,-59.83995075306666,69.0559263093539,-0.08469457855755065,-67.38023572074417,61.39400045968528,-0.095366734023998,1.2560026566024527,0.03508629272809036,0.012205692657117018
297,2,40.326633333333334,Forward,0.07065042407635708,420.12406372219266,19875.0,19890.20172203399,ok,0.00047833762968013704,14467.705226532657,ok,-51.21827481737273,69.06812901341102,-0.07249187450041283,-67.81214871036536,61.393389150882896,-0.09597804282638074,1.2560026566024527,0.04805680226502536,0.012205692657117018
298,2,40.461666666666666,Forward,0.06767754549487495,411.02449584153874,19885.0,19900.87823157659,ok,0.0004762446246992469,14471.109901647535,ok,-40.54176527477466,69.08324002979384,-0.05738085811760489,-64.40747359548732,61.39820796373871,-0.09115922997056972,1.2560026566024527,0.0571153768992646,0.012205692657117018
299,2,40.596983333333334,Forward,0.06411869793243677,400.0607880093812,19915.0,19913.498757155718,ok,0.0004729609129943142,14476.306544682458,ok,-27.921239695646364,69.10110251266101,-0.03951837525043306,-59.21083056056341,61.4055630415123,-0.08380415219697453,1.2560026566024527,0.06573986254328322,0.012205692657117018
300,2,40.73258333333333,Forward,0.060467223222444216,387.01373250405595,19915.0,19927.151713567582,ok,0.0004762327570621215,14481.916179622416,ok,-14.268283283781784,69.1204262483061,-0.020194639605342807,-53.60119562060572,61.413502648098245,-0.07586454561103362,1.2560026566024527,0.07509143122405336,0.012205692657117018
301,2,40.86815,Forward,0.05676401117417662,375.659410244687,19940.0,19941.00151363206,ok,0.0004755315166495757,14490.628709734921,ok,-0.4184832193022885,69.14002858695788,-0.0005923009535631676,-44.88866550810053,61.425833942772826,-0.06353325093645068,1.2560026566024527,0.07920563100520915,0.012205692657117018
302,2,41.00265,Forward,0.05367355474890981,366.16684094328957,19955.0,19952.412804998603,ok,0.0004687628085492194,14496.567161676183,ok,10.992808147238975,69.15617957807541,0.01555869016397379,-38.95021356683901,61.43423894107446,-0.05512825263481625,1.2560026566024527,0.08479992192715416,0.012205692657117018
303,2,41.13848333333333,Forward,0.05160891900618983,359.17216542383176,19955.0,19960.90540382802,ok,0.0004711766194343221,14501.287292537982,ok,19.485406976655213,69.16819959262529,0.02757870471385032,-34.23008270504033,61.4409195865136,-0.048447607195681426,1.2560026566024527,0.08842902805765829,0.012205692657117018
304,2,41.2738,Forward,0.050384971232497716,354.23271733365254,19955.0,19965.701652938766,ok,0.00047585502870017035,14503.87241024466,ok,24.281656087401643,69.1749879721607,0.03436708424925424,-31.64496499836241,61.444578437363795,-0.044788756345482024,1.2560026566024527,0.09062188120509962,0.012205692657117018
305,2,41.40936666666666,Forward,0.04958355493037295,350.8550161805724,19955.0,19968.737335400674,ok,0.0004722259791685429,14507.439070043256,ok,27.31733854931008,69.17928453062223,0.038663642710788516,-28.078305199765964,61.44962651552393,-0.0397406781853441,1.2560026566024527,0.08857804008676384,0.012205692657117018
306,2,41.5444,Forward,0.04909764299423036,349.1677914089669,19955.0,19971.134827637048,ok,0.00046706060488255343,14509.606620093373,ok,29.71483078568417,69.18267782543613,0.042056937524693375,-25.91075514964905,61.452694361263895,-0.036672832445386806,1.2560026566024527,0.08811811250123583,0.012205692657117018
307,2,41.67945,Forward,0.04846181360753163,347.8436943736997,19955.0,19973.075128879274,ok,0.00047660861115639383,14510.521434686048,ok,31.65513202791044,69.1854240341799,0.04480314626846685,-24.995940556973437,61.453989145691516,-0.03537804801776112,1.2560026566024527,0.08923806856418395,0.012205692657117018
308,2,41.814483333333335,Forward,0.04808563999916862,346.5226827122897,19965.0,19974.62382316661,ok,0.0004670504515129661,14511.17870968053,ok,33.20382631524626,69.18761598133779,0.046995093426338994,-24.33866556249268,61.45491942100013,-0.034447772709151996,1.2560026566024527,0.09026158746307136,0.012205692657117018
309,2,41.950066666666665,Forward,0.04773920963464373,344.8226680310836,19955.0,19976.265111046883,ok,0.00047385870336463706,14511.565615478945,ok,34.84511419551927,69.18993898099873,0.04931809308730069,-23.951759764076996,61.45546702879602,-0.03390016491325805,1.2560026566024527,0.09189679027761405,0.012205692657117018
310,2,42.08565,Forward,0.047351911103814426,342.7817329796453,19980.0,19977.76431125852,ok,0.0004680743081970682,14511.882700226466,ok,36.34431440715707,69.19206087663034,0.05143998871890007,-23.634675016555775,61.45591581524588,-0.03345137846339686,1.2560026566024527,0.0934550089359406,0.012205692657117018
311,2,42.222116666666665,Forward,0.04698294616965243,342.9522883545833,19980.0,19979.19666368184,ok,0.0004762483304791133,14512.540242550254,ok,37.77666683047573,69.19408815912827,0.053467271216833,-22.977132692767555,61.456846468919494,-0.03252072478978665,1.2560026566024527,0.09431338794744226,0.012205692657117018
312,2,42.357416666666666,Forward,0.04673128742901178,341.02621060579986,19980.0,19980.05162657139,ok,0.00047379593358668956,14512.883950639389,ok,38.63162972002465,69.1952982323436,0.05467734443215863,-22.633424603633102,61.45733293676229,-0.0320342569469873,1.2560026566024527,0.09491245625986025,0.012205692657117018
313,2,42.49386666666667,Forward,0.04657149424483489,340.29850440935115,19970.0,19981.378737456693,ok,0.0004703954503834239,14512.94321219956,ok,39.958740605328785,69.19717656104734,0.056555673135900285,-22.57416304346225,61.457416812714726,-0.031950380994548014,1.2560026566024527,0.09668543654451311,0.012205692657117018
314,2,42.62813333333333,Forward,0.046326871687346616,340.4704629276712,19970.0,19981.833492092905,ok,0.00047412010972184323,14514.589025950318,ok,40.41349524154066,69.19782019881401,0.05719931090258215,-20.928349292704297,61.45974621807437,-0.02962097563491003,1.2560026566024527,0.09440333499118567,0.012205692657117018
315,2,42.76425,Forward,0.04598766505406407,338.88628296053867,19955.0,19982.83212265931,ok,0.0004676175621964167,14513.664586745355,ok,41.41212580794672,69.1992336123261,0.058612724414659874,-21.852788497666552,61.458437811434976,-0.030929382274304584,1.2560026566024527,0.09746011071825925,0.012205692657117018
316,2,42.900816666666664,Forward,0.04583775038986454,337.9316391227403,19995.0,19983.494144968427,ok,0.0004695564629186122,14513.493475739146,ok,42.07414811706258,69.20017060675475,0.059549718843309035,-22.023899503876237,61.45819562917421,-0.031171564535070313,1.2560026566024527,0.09870128670981215,0.012205692657117018
317,2,43.035833333333336,Forward,0.045738266944767764,337.9864120323582,19980.0,19984.30133399804,ok,0.00047206770133885435,14515.172713614944,ok,42.88133714667492,69.20131306315417,0.06069217524273701,-20.34466162807803,61.46057234142746,-0.02879485228182172,1.2560026566024527,0.09685858620518029,0.012205692657117018
318,2,43.17146666666667,Forward,0.045559274016270884,337.16748760884,19995.0,19985.063184284118,ok,0.00047200985879501976,14513.945893962526,ok,43.64318743275362,69.20239134928396,0.0617704613725109,-21.5714812804963,61.458835960094916,-0.030531233614360862,1.2560026566024527,0.10011777190149826,0.012205692657117018
319,2,43.3073,Forward,0.04546722457977029,337.25046877199566,19995.0,19985.29465339472,ok,0.0004746117819266996,14515.911404676594,ok,43.87465654335756,69.20271895949293,0.062098071581493025,-19.60597056642837,61.461617849108585,-0.027749344600693802,1.2560026566024527,0.09695132211894136,0.012205692657117018
320,2,43.44291666666667,Forward,0.04539384913818567,336.1255766225804,19980.0,19985.770286520623,ok,0.0004754899367737894,14516.155784366092,ok,44.35028966925893,69.20339214766638,0.06277125975493353,-19.361590876929768,61.4619637323279,-0.027403461381379016,1.2560026566024527,0.09719008005004828,0.012205692657117018
321,2,43.57848333333333,Forward,0.04536274274742283,336.8040687315515,19995.0,19985.646473223904,ok,0.0004806329154029094,14516.770993600716,ok,44.226476372539764,69.20321690830114,0.06259602038970205,-18.746381642306005,61.46283446979,-0.026532723919274692,1.2560026566024527,0.0959211921192105,0.012205692657117018
322,2,43.714333333333336,Forward,0.045163830200921434,336.0089408529966,19980.0,19986.457322611917,ok,0.0004703485985725493,14515.924968268157,ok,45.03732576055336,69.20436454539521,0.06374365748377067,-19.5924069748653,61.46163704636153,-0.027730147347743154,1.2560026566024527,0.09857279622051353,0.012205692657117018
323,2,43.84936666666667,Forward,0.04506211196647458,335.0841137758616,19995.0,19986.78584768029,ok,0.0004714727474818583,14516.650192436107,ok,45.36585082892634,69.20482952392312,0.06420863601168189,-18.86718280691457,61.462663493651206,-0.0267037000580754,1.2560026566024527,0.09774855422573966,0.012205692657117018
324,2,43.98466666666667,Forward,0.04495802284475575,334.3915410292575,19980.0,19987.346519604882,ok,0.00047668707843213746,14516.205210462278,ok,45.92652275351793,69.20562307190845,0.06500218399701177,-19.312164780743842,61.46203368763925,-0.027333506070027134,1.2560026566024527,0.09933314023522512,0.012205692657117018
325,2,44.11945,Forward,0.044868670192057286,334.39379936944897,19980.0,19987.670450050493,ok,0.0004737744571892792,14516.881286743283,ok,46.25045319912897,69.20608154742904,0.06546065951759164,-18.636088499739344,61.462990573381504,-0.02637662032777913,1.2560026566024527,0.09858976472147649,0.012205692657117018
326,2,44.25533333333333,Forward,0.044859623706351826,333.8962246069532,19980.0,19987.818873690918,ok,0.000475015434024722,14516.59671521037,ok,46.39887683955385,69.20629161908711,0.06567073117566564,-18.92066003265245,61.46258780456658,-0.02677938914269692,1.2560026566024527,0.09930571508108385,0.012205692657117018
327,2,44.390366666666665,Forward,0.0445718661793382,333.59554558971286,19965.0,19988.407382374036,ok,0.00046517707422047243,14517.033460573046,ok,46.98738552267241,69.20712456587711,0.06650367796567667,-18.483914669976002,61.46320595287659,-0.02616124083269099,1.2560026566024527,0.09936226595155312,0.012205692657117018
328,2,44.52486666666667,Forward,0.0446478919622042,333.71246139144205,19985.0,19988.654911857866,ok,0.00046729549771803,14516.884689093666,ok,47.23491500650198,69.20747490716333,0.0668540192518857,-18.632686149356232,61.46299538890404,-0.026371804805236477,1.2560026566024527,0.09997707614666404,0.012205692657117018
329,2,44.660183333333336,Forward,0.04449825865180271,333.3553281776076,19980.0,19989.00716522642,ok,0.00047216701479987525,14517.064142223144,ok,47.587168375055626,69.20797346958224,0.06735258167079944,-18.4532330198781,61.463249378203514,-0.026117815505768256,1.2560026566024527,0.1001566273306971,0.012205692657117018
330,2,44.79443333333333,Forward,0.04448235570780337,333.22032251668134,19985.0,19989.236580956447,ok,0.0004770974661306308,14517.559843725317,ok,47.816584105083166,69.20829817353544,0.06767728562400514,-17.95753151770441,61.46395097018827,-0.025416223521005574,1.2560026566024527,0.09960012988718989,0.012205692657117018
331,2,44.93001666666667,Forward,0.04438156325975265,332.52386942057274,19965.0,19989.433905089423,ok,0.00047842527814813374,14517.639957083036,ok,48.01390823805923,69.20857745659086,0.06795656867941083,-17.87741815998561,61.4640643587687,-0.025302834940576696,1.2560026566024527,0.09973699658434852,0.012205692657117018
332,2,45.06505,Forward,0.04431264210113575,332.1480085505864,19985.0,19990.127782142652,ok,0.000468664190768652,14517.69947633326,ok,48.70778529128802,69.20955953668708,0.06893864877564078,-17.817898909761425,61.464148599443206,-0.025218594266071457,1.2560026566024527,0.10061327016960592,0.012205692657117018
333,2,45.2009,Forward,0.044146958345211235,332.54702246855595,20005.0,19990.511048796765,ok,0.0004706017583159846,14519.513182028908,ok,49.09105194540098,69.21010199381375,0.06948110590230537,-16.00419321411391,61.46671563095956,-0.02265156274971575,1.2560026566024527,0.09793152889214551,0.012205692657117018
334,2,45.335683333333336,Forward,0.04407570291165572,331.6517388763277,19995.0,19990.823184077588,ok,0.00047020277203147474,14519.178692824544,ok,49.40318722622396,69.21054377502729,0.06992288711585176,-16.33868241847813,61.46624221108138,-0.023124982627893476,1.2560026566024527,0.09896792673037154,0.012205692657117018
335,2,45.469966666666664,Forward,0.043966203601619375,331.3236180004242,19995.0,19991.14928848325,ok,0.0004742593841626903,14517.748282097884,ok,49.72929163188746,69.21100532746601,0.07038443955457958,-17.76909314513796,61.464217676767205,-0.025149516942077305,1.2560026566024527,0.10197229964609708,0.012205692657117018
336,2,45.60503333333333,Forward,0.04399920936190349,330.71203465409417,19980.0,19991.906800443143,ok,0.0004691200350660349,14519.547451326463,ok,50.48680359177888,69.21207747333827,0.07145658542682563,-15.9699239165584,61.466764134069564,-0.02260305963971313,1.2560026566024527,0.099846088381649,0.012205692657117018
337,2,45.74086666666667,Forward,0.04375576000659384,329.82104000438994,19980.0,19992.160591648724,ok,0.0004754851706419994,14518.877129388318,ok,50.740594797360245,69.21243667716327,0.07181578925182586,-16.640245854703608,61.46581539274651,-0.023551800962769442,1.2560026566024527,0.10139691382883648,0.012205692657117018
338,2,45.87511666666666,Forward,0.0436925508737091,329.2230990608623,19995.0,19992.59713467553,ok,0.0004732001248757363,14520.497896439165,ok,51.177137824164674,69.21305453909685,0.0724336511854028,-15.019478803857055,61.46810934821579,-0.021257845493489944,1.2560026566024527,0.09913356159887066,0.012205692657117018
339,2,46.01018333333333,Forward,0.04344743245195057,327.9477105591577,19995.0,19993.319977477782,ok,0.0004690906704675022,14520.068017605794,ok,51.899980626418255,69.21407761591642,0.07345672800498204,-15.449357637227877,61.46750091846,-0.021866275249279598,1.2560026566024527,0.10092082780807768,0.012205692657117018
340,2,46.14521666666667,Forward,0.043276529149043674,329.14941427830126,20005.0,19993.796209693362,ok,0.0004757876972058986,14520.474727072658,ok,52.376212841998495,69.21475165201248,0.07413076410104333,-15.042648170363464,61.46807655541254,-0.021290638296742798,1.2560026566024527,0.1008718623625142,0.012205692657117018
341,2,46.28053333333333,Forward,0.0431730213431053,328.829241467487,20005.0,19994.44990186285,ok,0.000465325752041729,14520.125124363154,ok,53.029905011484516,69.2156768563635,0.0750559684520538,-15.392250879867788,61.46758174460852,-0.021785449100752845,1.2560026566024527,0.10241855039787688,0.012205692657117018
342,2,46.416133333333335,Forward,0.04301955627631207,327.37132036132607,19980.0,19995.092081243452,ok,0.00046620588819939936,14520.701408155915,ok,53.672084392088436,69.2165857660687,0.07596487815726125,-14.8159670871064,61.46839738887867,-0.020969804830608268,1.2560026566024527,0.10230300873294018,0.012205692657117018
343,2,46.55116666666667,Forward,0.04281198759217661,327.6453611793877,19995.0,19995.97571748008,ok,0.0004758287254262882,14521.252044794031,ok,54.55572062871579,69.21783642215577,0.07721553424433195,-14.265330448990426,61.4691767334038,-0.02019046030547613,1.2560026566024527,0.10257480602603633,0.012205692657117018
344,2,46.687016666666665,Forward,0.04259685871939303,327.04845903217574,19995.0,19996.948139297612,ok,0.00047195459938614235,14521.96095548198,ok,55.52814244624824,69.21921274106947,0.07859185315802787,-13.55641976104198,61.470180091381124,-0.019187102328152596,1.2560026566024527,0.10269090465469063,0.012205692657117018
345,2,46.82261666666667,Forward,0.0424286892364206,325.35686915857514,19980.0,19997.56958832116,ok,0.00047214005875192457,14522.501590777945,ok,56.14959146979527,69.2200923100277,0.07947142211625634,-13.01578446507665,61.47094528048922,-0.018421913220058723,1.2560026566024527,0.10260939406034994,0.012205692657117018
346,2,46.95765,Forward,0.04228935916075352,325.37997831881876,19995.0,19998.123205248135,ok,0.0004722412238202796,14522.207004011885,ok,56.703208396771515,69.22087587270985,0.08025498479841942,-13.310371231136742,61.470528336596615,-0.018838857112660652,1.2560026566024527,0.1039166393792752,0.012205692657117018
347,2,47.0927,Forward,0.04216497987460002,325.52198209796916,19995.0,19998.887087600222,ok,0.0004666428182863034,14522.7686288136,ok,57.46709074885803,69.2219570349278,0.08133614701635794,-12.748746429422681,61.47132323323824,-0.01804396047103528,1.2560026566024527,0.1039994093036079,0.012205692657117018
348,2,47.22721666666666,Forward,0.041974540326126325,323.2819049355894,19995.0,19999.63125563431,ok,0.0004667278347887278,14523.953679938086,ok,58.21125878294697,69.22301029445141,0.08238940653997033,-11.563695304936118,61.473000497412,-0.01636669629727763,1.2560026566024527,0.10294602056915655,0.012205692657117018
349,2,47.363083333333336,Forward,0.041867773959198884,322.55619344556544,19995.0,20000.274321510893,ok,0.00047527291450673987,14524.837179539414,ok,58.854324659529084,69.22392045886025,0.08329957094880505,-10.680195703607751,61.47425096011206,-0.015116233597215407,1.2560026566024527,0.10228560050473084,0.012205692657117018
350,2,47.49785,Forward,0.04164044198042066,322.4476533638226,19995.0,20000.882420778027,ok,0.0004754118043515463,14524.827028968744,ok,59.46242392666318,69.22478113321748,0.08416024530603518,-10.690346274277545,61.47423659348418,-0.015130600225098248,1.2560026566024527,0.10316431938474825,0.012205692657117018
351,2,47.63235,Forward,0.04151016134243793,322.2675942579299,20005.0,20001.6924364443,ok,0.000468942708113497,14525.221724749974,ok,60.27243959293628,69.22592759030204,0.0853067023905858,-10.295650493048015,61.47479522684582,-0.014571966863456234,1.2560026566024527,0.10360913148300974,0.012205692657117018
352,2,47.7674,Forward,0.041365817155117224,321.1504572925369,20005.0,20002.248182351253,ok,0.0004704361267517739,14525.198034383682,ok,60.828185499889514,69.2267141662397,0.08609327832826863,-10.319340859339718,61.47476169664462,-0.01460549706466294,1.2560026566024527,0.1044378214424846,0.012205692657117018
353,2,47.90298333333333,Forward,0.04116223267321831,320.6455317673681,19995.0,20002.67633563169,ok,0.0004768560515246234,14526.261182560731,ok,61.256338780327496,69.22732015373114,0.08669926581970835,-9.25619268229093,61.47626642526933,-0.013100768439952953,1.2560026566024527,0.10315386578382284,0.012205692657117018
354,2,48.0383,Forward,0.04108705006030719,320.2328853551553,20005.0,20003.423152037183,ok,0.00046905623403902685,14525.90440984558,ok,62.003155185819196,69.22837716163184,0.0877562737203999,-9.612965397442167,61.47576146638533,-0.013605727323947667,1.2560026566024527,0.10484510338428675,0.012205692657117018
355,2,48.17333333333333,Forward,0.0409556056362769,318.77907546805,20005.0,20004.1174809736,ok,0.0004708621494123352,14525.843170302576,ok,62.69748412223635,69.22935988130173,0.08873899339028782,-9.674204940445634,61.475674790891446,-0.013692402817835332,1.2560026566024527,0.1059366877047599,0.012205692657117018
356,2,48.30811666666666,Forward,0.04071176195308285,318.86576566896474,20005.0,20004.912553961047,ok,0.00047746107921693964,14526.821212098963,ok,63.49255710968282,69.23048518923977,0.08986430132832654,-8.696163144059028,61.477059064052,-0.012308129657276484,1.2560026566024527,0.10532334487567324,0.012205692657117018
357,2,48.44343333333333,Forward,0.04066504463529022,318.0459609985155,19995.0,20005.09621403444,ok,0.00047275841936065876,14526.856279173395,ok,63.676217183077824,69.23074513284465,0.09012424493319726,-8.661096069627092,61.477108696296895,-0.01225849741238185,1.2560026566024527,0.10552095024910316,0.012205692657117018
358,2,48.57848333333333,Forward,0.040506381844725464,317.51980795646523,19995.0,20005.84268427942,ok,0.0004707453139743036,14526.643537885244,ok,64.42268742805754,69.23180165080645,0.09118076289500505,-8.87383735777803,61.47680759254405,-0.012559601165225608,1.2560026566024527,0.10695565532439567,0.012205692657117018
359,2,48.71353333333333,Forward,0.04032949817340359,318.08312141865827,19995.0,20006.39742072527,ok,0.00047849750683548817,14527.421406509648,ok,64.97742387390463,69.23258679800159,0.09196591009015252,-8.09596873337432,61.477908550256885,-0.011458643452394644,1.2560026566024527,0.1063579967074205,0.012205692657117018
360,2,48.84911666666667,Forward,0.040327583980661136,316.30263856711827,20005.0,20007.14645359325,ok,0.00046895845153555857,14527.2651902476,ok,65.72645674188607,69.23364694297634,0.09302605506489066,-8.252184995422795,61.477687449298216,-0.011679744411060681,1.2560026566024527,0.10769584507362052,0.012205692657117018
361,2,48.98441666666667,Forward,0.04008919556435464,316.99960853361335,19995.0,20007.623037262725,ok,0.00047359879425001205,14527.548840978701,ok,66.20304041136114,69.23432147650328,0.09370058859183435,-7.968534264320624,61.47808891485469,-0.01127827885459031,1.2560026566024527,0.10786613679510304,0.012205692657117018
362,2,49.118916666666664,Forward,0.04004664110198161,317.5800129732015,19995.0,20007.687172892107,ok,0.00047604790352924795,14527.97375848561,ok,66.26717604074292,69.23441225097807,0.09379136306662342,-7.543616757411655,61.47869032258842,-0.010676871120852563,1.2560026566024527,0.10720154155861625,0.012205692657117018
363,2,49.25395,Forward,0.03982934401038368,315.5819639411566,19995.0,20008.425020757608,ok,0.00047863431047869177,14527.890883672626,ok,67.00502390624388,69.23545656524006,0.09483567732861316,-7.626491570395956,61.478573025577475,-0.01079416813180275,1.2560026566024527,0.10839318117797095,0.012205692657117018
364,2,49.389783333333334,Forward,0.039732857121092646,314.91927830844725,19995.0,20009.126531545484,ok,0.00047231405841270945,14529.802820423176,ok,67.70653469411991,69.23644944975592,0.09582856184447636,-5.714554819845944,61.481279088588536,-0.008088105120742742,1.2560026566024527,0.10598724336300915,0.012205692657117018
365,2,49.52455,Forward,0.039575915251458926,315.19538328106137,20010.0,20009.307279873217,ok,0.00046696410312811883,14528.309243077561,ok,67.88728302185336,69.2367052722165,0.09608438430505187,-7.2081321654604835,61.47916515129016,-0.010202042419119378,1.2560026566024527,0.10889817668623672,0.012205692657117018
366,2,49.65958333333333,Forward,0.039546110571385074,313.55284410804234,19995.0,20009.47931481451,ok,0.00046800641812595685,14530.26630103347,ok,68.0593179631469,69.23694876217039,0.09632787425894829,-5.251074209551007,61.48193507667784,-0.007432117031439137,1.2560026566024527,0.10566263299461617,0.012205692657117018
367,2,49.7941,Forward,0.039503965971320415,313.5537468799703,20005.0,20010.0944650448,ok,0.0004773012210086282,14530.722869280582,ok,68.67446819343604,69.2378194161206,0.0971985282091648,-4.794505962439871,61.482581281341865,-0.00678591236741114,1.2560026566024527,0.10572165217010464,0.012205692657117018
368,2,49.9294,Forward,0.039428359155133735,314.4435122604191,20005.0,20010.35881819597,ok,0.000478470633201912,14530.747454593304,ok,68.93882134460728,69.2381935688137,0.09757268090225774,-4.769920649718188,61.48261607820706,-0.006751115502215495,1.2560026566024527,0.1060520999080704,0.012205692657117018
369,2,50.0647,Forward,0.03921299323259314,313.6774534422366,20010.0,20010.927790061065,ok,0.00048031464083108267,14531.063444904416,ok,69.50779320970105,69.23899886413427,0.09837797622283838,-4.453930338606369,61.48306331564444,-0.0063038780648331915,1.2560026566024527,0.1062956638191668,0.012205692657117018
370,2,50.199733333333334,Forward,0.03918998152865144,312.9053605540357,20005.0,20011.47849431609,ok,0.00046876664045680024,14531.00207658734,ok,70.0584974647245,69.23977830436112,0.09915741644967832,-4.5152986556822725,61.48297645788995,-0.006390735819328643,1.2560026566024527,0.10718419761639955,0.012205692657117018
371,2,50.33505,Forward,0.03917829655342167,311.5492846386842,20020.0,20011.711121415272,ok,0.0004699647213647842,14530.72211406957,ok,70.29112456390794,69.24010755353126,0.099486665619814,-4.795261173452673,61.482580212452646,-0.006786981256633915,1.2560026566024527,0.10801113210845724,0.012205692657117018
372,2,50.469833333333334,Forward,0.039032143260887275,311.7039138746077,20020.0,20012.103972990943,ok,0.0004704346892566618,14530.857387598151,ok,70.68397613957859,69.24066357669335,0.10004268878190509,-4.659987644870853,61.48277167207701,-0.00659552163226845,1.2560026566024527,0.1083266814737132,0.012205692657117018
373,2,50.605666666666664,Forward,0.03890295381754849,311.56639668787466,20020.0,20012.037834745493,ok,0.00047667680066683664,14531.824561248934,ok,70.61783789412948,69.24056996781242,0.09994907990097597,-3.692813994088283,61.484140562988756,-0.005226630720525855,1.2560026566024527,0.10651374197103644,0.012205692657117018
374,2,50.741,Forward,0.03891446880068203,310.794940798125,20015.0,20012.625958320914,ok,0.0004831129313847059,14531.580640490192,ok,71.20596146954995,69.24140236953957,0.10078148162813554,-3.9367347528295795,61.483795329317886,-0.005571864391393697,1.2560026566024527,0.10777975810595462,0.012205692657117018
375,2,50.87656666666667,Forward,0.0387072943275209,311.2766446926544,20005.0,20012.954458072818,ok,0.0004765847753473654,14532.08612360547,ok,71.53446122145397,69.24186731223578,0.1012464243243383,-3.4312516375521227,61.4845107657258,-0.004856427983482081,1.2560026566024527,0.10734611077319028,0.012205692657117018
376,2,51.011633333333336,Forward,0.038813417888848456,310.43070046306457,20005.0,20013.357232423667,ok,0.0004740855714333473,14532.029068706,ok,71.9372355723026,69.24243737961501,0.101816491703566,-3.4883065370213444,61.48443001297443,-0.004937180734852645,1.2560026566024527,0.10801760382266738,0.012205692657117018
377,2,51.14613333333333,Forward,0.03865161354477814,309.0979793179213,20020.0,20013.88992535951,ok,0.00046831738896166533,14532.163667298277,ok,72.46992850814422,69.24319132748985,0.10257043957842081,-3.3537079447451106,61.48462051732652,-0.004746676382763234,1.2560026566024527,0.10853227772520355,0.012205692657117018
378,2,51.28145,Forward,0.038489294538274516,310.3503274731738,20010.0,20014.092141690948,ok,0.0004798917505268891,14534.073007661196,ok,72.67214483958378,69.24347753472688,0.10285664681544547,-1.4443675818256452,61.48732290553582,-0.0020442881734598095,1.2560026566024527,0.10542427819217197,0.012205692657117018
379,2,51.41623333333333,Forward,0.03842130364760607,309.34299377768184,20020.0,20014.841290409597,ok,0.00046931206736854005,14532.424818895319,ok,73.42129355823272,69.24453784367107,0.10391695575962771,-3.0925563477030664,61.48499013869439,-0.004377055014885125,1.2560026566024527,0.10941454848641852,0.012205692657117018
380,2,51.552083333333336,Forward,0.03820196343095633,309.0047523573958,20005.0,20015.07238686125,ok,0.00047112891433747587,14532.8493552888,ok,73.65239000988731,69.24486492643655,0.10424403852511659,-2.6680199542224727,61.48559100701858,-0.003776186690702242,1.2560026566024527,0.10898693904046543,0.012205692657117018
381,2,51.68728333333333,Forward,0.038315488972395284,308.07577031039546,20020.0,20015.394654418924,ok,0.0004766208619068622,14534.268548666902,ok,73.97465756755992,69.24532104838579,0.10470016047435554,-1.2488265761203365,61.48759966483894,-0.0017675288703435379,1.2560026566024527,0.10692018143112855,0.012205692657117018
382,2,51.823116666666664,Forward,0.0382037258841855,307.70217533503455,20005.0,20015.443464085998,ok,0.000473413456701624,14532.945067892295,ok,74.02346723463415,69.24539013123314,0.1047692433216902,-2.5723073507269874,61.48572647401869,-0.0036407196905847553,1.2560026566024527,0.10934199692500951,0.012205692657117018
383,2,51.959266666666664,Forward,0.03799608953348238,308.173736196346,20020.0,20016.216425317343,ok,0.00047379894634970974,14534.320590875654,ok,74.79642846597926,69.24648414325864,0.10586325534720552,-1.1967843673683092,61.48767332286977,-0.0016938708395131709,1.2560026566024527,0.10799076162157549,0.012205692657117018
384,2,52.09458333333333,Forward,0.03798126697481777,307.20202541929757,20020.0,20016.3581740054,ok,0.0004702543099609476,14535.076611153676,ok,74.93817715403566,69.24668476751125,0.10606387959981499,-0.44076408934597566,61.48874335748748,-0.0006238362217994793,1.2560026566024527,0.10684741955167998,0.012205692657117018
385,2,52.23068333333333,Forward,0.037831284332290466,308.0192269807194,20020.0,20017.21723530148,ok,0.0004750637131027186,14535.125002715393,ok,75.7972384501154,69.24790064141341,0.1072797535019647,-0.3923725276290497,61.488811848568666,-0.0005553451406107685,1.2560026566024527,0.10797726847390308,0.012205692657117018
386,2,52.36573333333333,Forward,0.03791343006930997,306.6234730492215,20015.0,20017.02823932103,ok,0.00047452821945212286,14534.951491869617,ok,75.60824246966513,69.24763314562318,0.10701225771174654,-0.5658833734050859,61.48856626969079,-0.0008009240184879774,1.2560026566024527,0.10801822040670414,0.012205692657117018
387,2,52.50131666666667,Forward,0.03774179134855196,306.4500349530135,20020.0,20017.406642934286,ok,0.0004749492843258135,14535.305669871483,ok,75.98664608292165,69.2481687198365,0.1075478319250621,-0.21170537153921032,61.489067556142814,-0.0002996375664624726,1.2560026566024527,0.10792417750455686,0.012205692657117018
388,2,52.63635,Forward,0.03761843227802317,306.23674908344765,20005.0,20017.799129312378,ok,0.00047418716448305244,14535.675244776008,ok,76.3791324610138,69.24872422611557,0.10810333820412417,0.1578695329862967,61.489590634627845,0.00022344091856837836,1.2560026566024527,0.10782269581680859,0.012205692657117018
389,2,52.7722,Forward,0.03753920320826945,306.2707370921562,20020.0,20017.979428412855,ok,0.0004758756299779011,14535.576027833285,ok,76.55943156149078,69.24897941276156,0.10835852485011956,0.058652590263591264,61.4894502077551,8.301404582003245e-05,1.2560026566024527,0.10825425898803427,0.012205692657117018
390,2,52.90725,Forward,0.037551330210687406,304.7767825600822,20020.0,20018.831499018168,ok,0.00048106112665650334,14535.772032091903,ok,77.41150216680398,69.25018539237735,0.10956450446591294,0.25465684888149553,61.48972762272403,0.00036042901475327196,1.2560026566024527,0.10911180466586623,0.012205692657117018
391,2,53.04255,Forward,0.037430910361323205,305.77565612364197,20020.0,20018.849619255812,ok,0.00047830518928424957,14535.672448306488,ok,77.42962240444831,69.25021103888727,0.10959015097583374,0.15507306346626137,61.48958667663984,0.00021948293056090512,1.2560026566024527,0.10931447983197036,0.012205692657117018
392,2,53.17733333333333,Forward,0.03738252409886317,303.11299350475747,20005.0,20019.157982792847,ok,0.00047453344250411074,14535.680275985636,ok,77.7379859414832,69.25064748175669,0.11002659384523814,0.16290074261451082,61.48959775555916,0.0002305618498815521,1.2560026566024527,0.10973700754927573,0.012205692657117018
393,2,53.313183333333335,Forward,0.03724287425957262,304.9619304115258,20020.0,20019.83040262752,ok,0.00047879760787650916,14535.856512218617,ok,78.41040577615422,69.25159919234125,0.11097830442979742,0.33913697559546563,61.48984719181857,0.00047999810928768706,1.2560026566024527,0.11037542552936792,0.012205692657117018
394,2,53.44821666666667,Forward,0.0372520474855238,304.03057627687303,20010.0,20019.943928897203,ok,0.0004705780111604702,14536.37561253148,ok,78.52393204583859,69.25175987194484,0.11113898403339212,0.8582372884575307,61.49058190135081,0.0012147076415259333,1.2560026566024527,0.10961330800864025,0.012205692657117018
395,2,53.58273333333333,Forward,0.03708264589231705,303.75505340836753,20020.0,20020.32918095716,ok,0.000473781316745903,14536.297231900171,ok,78.90918410579616,69.25230513911912,0.11168425120767805,0.7798566571491392,61.49047096518772,0.00110377147844096,1.2560026566024527,0.11029791129847419,0.012205692657117018
396,2,53.7183,Forward,0.037019277932246714,303.0787039331699,20020.0,20020.55843393475,ok,0.000465649947064877,14536.516651125188,ok,79.13843708338754,69.25262961272038,0.11200872480893968,0.9992758821663301,61.49078152057014,0.001414326860863346,1.2560026566024527,0.11023232651439112,0.012205692657117018
397,2,53.85308333333333,Forward,0.03692895950016953,303.30540070165443,20020.0,20021.2078549605,ok,0.00047167301249620344,14537.021053696772,ok,79.78785810913541,69.25354877190065,0.11292788398921874,1.5036784537496715,61.49149542762865,0.002128233919374863,1.2560026566024527,0.11025481653261246,0.012205692657117018
398,2,53.98918333333334,Forward,0.03681473921583725,303.5037088114768,20020.0,20021.511681391676,ok,0.0004727343714799336,14536.912959218218,ok,80.09168454031169,69.25397879316938,0.11335790525794114,1.395583975196132,61.4913424359201,0.001975242210821008,1.2560026566024527,0.11087699579371665,0.012205692657117018
399,2,54.12505,Forward,0.03674320202416981,302.0717946131117,20030.0,20021.797794773065,ok,0.0004667306865740766,14537.196377172579,ok,80.37779792170113,69.25438374424223,0.11376285633078627,1.6790019295567618,61.49174357201561,0.002376378306324671,1.2560026566024527,0.11077811886495005,0.012205692657117018
400,2,54.25983333333333,Forward,0.03654397278780511,301.8381753473077,20020.0,20022.697575861457,ok,0.0004771043681540786,14537.842146693087,ok,81.27757901009318,69.25565725097337,0.11503636306193132,2.3247714500648726,61.49265756303158,0.003290369322300618,1.2560026566024527,0.11090365045191854,0.012205692657117018
401,2,54.39463333333333,Forward,0.0365538168485427,302.2833214010243,20020.0,20022.60062972253,ok,0.0004707778409767948,14537.578113213041,ok,81.18063287116456,69.25552003808673,0.11489915017528936,2.060737970019545,61.49228386278557,0.002916669076292704,1.2560026566024527,0.1112358060670355,0.012205692657117018
402,2,54.53021666666667,Forward,0.03638379332305278,301.4503514707649,20020.0,20023.1660498829,ok,0.00047360494940057164,14539.603525841041,ok,81.74605303153658,69.25632030649584,0.11569941858440393,4.0861505980192305,61.49515053407749,0.005783340368210226,1.2560026566024527,0.10843552771789568,0.012205692657117018
403,2,54.66578333333333,Forward,0.03629429208741264,301.47451771660417,20020.0,20023.347696053588,ok,0.00047053570997192967,14537.821626096118,ok,81.92769920222418,69.25657739972002,0.1159565118085689,2.304250853096164,61.4926285191689,0.0032613254596279024,1.2560026566024527,0.11186027836723104,0.012205692657117018
404,2,54.80056666666667,Forward,0.03631579869613366,300.4994970649168,20020.0,20023.6856878896,ok,0.00047721558974430587,14539.757274935602,ok,82.26569103823567,69.25705577705399,0.11643488914255123,4.239899692580366,61.495368143126356,0.006000949417074509,1.2560026566024527,0.10889768073256871,0.012205692657117018
405,2,54.93505,Forward,0.036261839725761136,300.7183273491537,20020.0,20024.25540228448,ok,0.0004678688950069696,14539.707082409119,ok,82.83540543311756,69.2578621233154,0.1172412354039612,4.189707166096923,61.49529710304654,0.005929909337265686,1.2560026566024527,0.1097932535229438,0.012205692657117018
406,2,55.0701,Forward,0.03613689296792669,299.4428096492775,20020.0,20024.124165034387,ok,0.0004751468233938574,14538.018061308154,ok,82.70416818302328,69.25767637644483,0.11705548853338549,2.5006860651319585,61.49290654408851,0.0035393503792320036,1.2560026566024527,0.11261005505442319,0.012205692657117018
407,2,55.20486666666667,Forward,0.03608949922314997,300.1097261604409,20020.0,20024.561322622467,ok,0.0004806961969739914,14538.765464034881,ok,83.14132577110286,69.25829510819878,0.11767422028733396,3.248088791859118,61.49396438183999,0.0045971881307057035,1.2560026566024527,0.11190013978226633,0.012205692657117018
408,2,55.34045,Forward,0.03618866865270118,299.58776074863636,20020.0,20024.821751444448,ok,0.0004802521160656516,14538.726307819508,ok,83.40175459308375,69.25866370658571,0.11804281867426998,3.2089325764864043,61.49390896202233,0.004541768313056025,1.2560026566024527,0.11233834560739878,0.012205692657117018
409,2,55.475233333333335,Forward,0.036087694370539575,299.32901951881286,20020.0,20025.031228714404,ok,0.00047066845118086143,14540.47874003988,ok,83.6112318630403,69.25896019060471,0.11833930269327542,4.961364796858106,61.496389270018696,0.007022076309423282,1.2560026566024527,0.10951955619377463,0.012205692657117018
410,2,55.6108,Forward,0.03598098573769601,298.67015291138887,20020.0,20025.371894469652,ok,0.0004758294181610282,14540.50185224651,ok,83.95189761828806,69.25944235247495,0.11882146456350756,4.9844770034887915,61.49642198192062,0.007054788211346439,1.2560026566024527,0.10996063182828877,0.012205692657117018
411,2,55.746383333333334,Forward,0.035962911447538326,298.77159403931364,20020.0,20025.83653681788,ok,0.0004846326124439508,14541.030617842198,ok,84.41653996651439,69.26009998483205,0.11947909692061646,5.51324259917601,61.49717037122775,0.007803177518471097,1.2560026566024527,0.10967828522747623,0.012205692657117018
412,2,55.8809,Forward,0.035728841878767986,298.36166400842194,20020.0,20026.096111437648,ok,0.0004689397091211958,14540.86053394423,ok,84.6761145862838,69.2604673742224,0.11984648631096419,5.343158701207358,61.496929642686425,0.007562448977143843,1.2560026566024527,0.11034803030525102,0.012205692657117018
413,2,56.0162,Forward,0.03576329636901096,298.4126575314076,20020.0,20026.229385653056,ok,0.00047886608909132486,14540.939993277063,ok,84.80938880169197,69.26065600411539,0.12003511620394591,5.422618034041079,61.49704210559159,0.007674911882312114,1.2560026566024527,0.11039540649057217,0.012205692657117018
414,2,56.15125,Forward,0.03571999185067326,297.85258318671185,20035.0,20026.481070943293,ok,0.00047708824095605266,14540.6753338026,ok,85.06107409192919,69.26101222732943,0.12039133941799465,5.15795855957731,61.49666751934329,0.007300325634013388,1.2560026566024527,0.11122211102761086,0.012205692657117018
415,2,56.28628333333333,Forward,0.03560136379409157,298.3240802008877,20020.0,20026.926347848133,ok,0.0004766242265481642,14541.588511873755,ok,85.50635099676947,69.26164245077251,0.12102156286106669,6.0711366307332355,61.49795998751733,0.008592793808054867,1.2560026566024527,0.11022899101051267,0.012205692657117018
416,2,56.42106666666667,Forward,0.035575929733224765,298.0074320289277,20020.0,20027.121941845824,ok,0.00047790957636009165,14541.211486136377,ok,85.70194499446006,69.26191928507792,0.12129839716648166,5.694110893355173,61.497426363483044,0.00805916977376456,1.2560026566024527,0.11117605852062319,0.012205692657117018
417,2,56.55583333333333,Forward,0.03548729639888823,297.94886830924224,20020.0,20027.62892287235,ok,0.0004777951108831379,14541.42731672003,ok,86.20892602098684,69.26263684155714,0.1220159536456898,5.909941477008033,61.49773183967566,0.008364645966379447,1.2560026566024527,0.11150993609037822,0.012205692657117018
418,2,56.69146666666666,Forward,0.035516596904335174,296.1082083198489,20020.0,20027.830266785026,ok,0.0004730408238271728,14541.647882624915,ok,86.41026993366177,69.26292181401473,0.12230092610329595,6.13050738189304,61.49804401801343,0.008676824304150607,1.2560026566024527,0.11140281172641006,0.012205692657117018
419,2,56.8265,Forward,0.03545704407020067,297.16831103484947,20020.0,20028.121350690442,ok,0.00047287176269787017,14541.918855804724,ok,86.70135383907837,69.26333380012743,0.12271291221598306,6.401480561702556,61.49842754037559,0.00906034666631081,1.2560026566024527,0.11133309273335751,0.012205692657117018
420,2,56.96208333333333,Forward,0.035272235348552367,296.4762289654427,20035.0,20028.327244787386,ok,0.00048539210705888516,14542.05452105592,ok,86.90724793602203,69.26362521269627,0.12300432478482175,6.537145812897506,61.49861955442523,0.009252360715959269,1.2560026566024527,0.11138333514573273,0.012205692657117018
421,2,57.097116666666665,Forward,0.035297083275970004,294.8357213272611,20035.0,20028.67062889639,ok,0.00046865176063800315,14541.60645734773,ok,87.25063204502658,69.26411122199322,0.12349033408177976,6.089082104708723,61.49798538667519,0.008618192965912489,1.2560026566024527,0.1126658608214811,0.012205692657117018
422,2,57.23243333333333,Forward,0.03509502864986774,296.7392969497341,20020.0,20029.015859033618,ok,0.00048177548380682895,14543.84044057688,ok,87.59586218225377,69.26459984406944,0.12397895615799903,8.323065333857812,61.50114725873084,0.011780065021559557,1.2560026566024527,0.1091831631959706,0.012205692657117018
423,2,57.36725,Forward,0.03503096527954261,297.3060097199341,20005.0,20029.452901217468,ok,0.00048581037836607424,14542.707744466485,ok,88.03290436610405,69.26521841248581,0.1245975245743705,7.190369223462767,61.49954409531749,0.01017690160821452,1.2560026566024527,0.11181530911847129,0.012205692657117018
424,2,57.50205,Forward,0.03506856200526637,294.87806916792033,20020.0,20029.204353908826,ok,0.0004714191682450324,14541.831730729371,ok,87.78435705746233,69.26486663061948,0.12424574270804024,6.314355486349086,61.49830422774839,0.008937034039111183,1.2560026566024527,0.11302080421277005,0.012205692657117018
425,2,57.6379,Forward,0.03488409314602911,295.6268333291591,20020.0,20030.25172531702,ok,0.0004768375534667161,14542.986508909742,ok,88.83172846565503,69.2663490295669,0.1257281416554619,7.469133666720154,61.49993864505795,0.010571451348670394,1.2560026566024527,0.1124503706773883,0.012205692657117018
426,2,57.77268333333333,Forward,0.0349548831606421,293.972240447285,20020.0,20030.237445889645,ok,0.00047509767358522894,14544.444937543496,ok,88.81744903828076,69.2663288191545,0.12570793124304866,8.927562300474165,61.50200283456576,0.012635640856475597,1.2560026566024527,0.10983753275944082,0.012205692657117018
427,2,57.90773333333333,Forward,0.03484113155899149,294.30016515114767,20035.0,20030.02038186229,ok,0.00047411582028392775,14543.180003787425,ok,88.6003850109264,69.26602159720518,0.12540070929374184,7.66262854440356,61.500212508370204,0.010845314660925894,1.2560026566024527,0.11177896526792938,0.012205692657117018
428,2,58.04333333333334,Forward,0.034683698433292276,294.35920742768576,20020.0,20030.94361210627,ok,0.00047285917241618686,14542.885243618042,ok,89.52361525490778,69.26732829273955,0.12670740482810572,7.367868375020407,61.499795319050904,0.010428125341628552,1.2560026566024527,0.1136096516956369,0.012205692657117018
429,2,58.1781,Forward,0.03469281682355488,294.6911846267067,20020.0,20030.977106001465,ok,0.0004764197409888623,14543.17848195658,ok,89.55710915010059,69.26737569838247,0.1267548104710233,7.661106713558183,61.50021035444426,0.010843160734987404,1.2560026566024527,0.11313577178191171,0.012205692657117018
430,2,58.31315,Forward,0.034733384326416566,293.3930531789629,20035.0,20031.36206659939,ok,0.00047217943121885065,14542.754750844453,ok,89.94206974802728,69.26792055303545,0.12729966512401603,7.237375601431268,61.49961062587645,0.01024343216717149,1.2560026566024527,0.11443388710932162,0.012205692657117018
431,2,58.44845,Forward,0.03460565198184809,294.31199110307716,20020.0,20031.439526785653,ok,0.00047631864833651305,14543.362331597838,ok,90.01952993428858,69.26803018644505,0.12740929853359992,7.8449563548165315,61.50047056635434,0.011103372645063794,1.2560026566024527,0.11346343299415279,0.012205692657117018
432,2,58.584,Forward,0.034486035806324034,292.9186122264655,20035.0,20031.96924776971,ok,0.0004753387016466947,14544.9884699853,ok,90.54925091834593,69.26877992796275,0.1281590400513188,9.471094742277273,61.502772124154255,0.01340493044497867,1.2560026566024527,0.1113224118008545,0.012205692657117018
433,2,58.7193,Forward,0.03456868003809005,293.32587648349727,20020.0,20031.966424730184,ok,0.00047109594967673573,14544.937903734068,ok,90.5464278788204,69.26877593236884,0.12815504445740775,9.420528491045843,61.50270055512247,0.01333336141319664,1.2560026566024527,0.11140830710099213,0.012205692657117018
434,2,58.85406666666667,Forward,0.03446843087108076,293.0399354977526,20020.0,20032.43195912496,ok,0.00047964006465058424,14543.758530180547,ok,91.01196227359469,69.2694348272856,0.12881393937415253,8.241154937524698,61.50103132670867,0.011664132999396929,1.2560026566024527,0.11416375733994566,0.012205692657117018
435,2,58.98895,Forward,0.034375224892084916,292.4653211979821,20035.0,20032.52723777689,ok,0.0004717146279239317,14545.205362549377,ok,91.10724092552482,69.2695696800916,0.12894879218016592,9.687987306355353,61.50307910342272,0.013711909713438681,1.2560026566024527,0.11172659715299396,0.012205692657117018
436,2,59.12371666666667,Forward,0.03423253727157938,292.3385104768968,20020.0,20032.429280890203,ok,0.0004712037175194649,14545.750349495012,ok,91.00928403883881,69.26943103664136,0.12881014872992452,10.232974251990527,61.503850451645754,0.014483257936474649,1.2560026566024527,0.1106191382854538,0.012205692657117018
437,2,59.25906666666667,Forward,0.034296615752529624,291.5879599974869,20030.0,20033.35170776304,ok,0.0004802123502705138,14544.109795288063,ok,91.9317109116746,69.27073659512298,0.13011570721153778,8.592420045040853,61.50152849039061,0.01216129668132942,1.2560026566024527,0.11484108627205744,0.012205692657117018
438,2,59.39436666666667,Forward,0.034150847196383616,292.2993249840947,20020.0,20033.082134658747,ok,0.00047017337371141,14546.303095355122,ok,91.66213780738326,69.27035505436014,0.1297341664487016,10.785720112100535,61.50463278146191,0.015265587752630936,1.2560026566024527,0.11056054767679926,0.012205692657117018
439,2,59.52941666666667,Forward,0.034213834370651314,291.618945551003,20045.0,20033.358986035582,ok,0.0004642078424555974,14546.055109589153,ok,91.93898918421837,69.27074689643871,0.13012600852726355,10.537734346131401,61.50428179437598,0.01491460066670071,1.2560026566024527,0.11139323046772275,0.012205692657117018
440,2,59.66445,Forward,0.03423917358823328,292.17065929585806,20035.0,20033.770999831562,ok,0.00046917933826393245,14546.299347408489,ok,92.35100298019825,69.2713300408827,0.13070915297125565,10.781972165466868,61.504627476799115,0.015260283089832925,1.2560026566024527,0.11154219686992001,0.012205692657117018
441,2,59.799533333333336,Forward,0.03406661590083232,290.8282950592329,20020.0,20033.94838763285,ok,0.0004752420839990962,14546.101266834592,ok,92.52839078148463,69.27158110701632,0.13096021910486927,10.583891591570136,61.50434712311373,0.014979929404452232,1.2560026566024527,0.11214538797716006,0.012205692657117018
442,2,59.93483333333333,Forward,0.03406719005587164,292.06523359827406,20020.0,20034.048392110086,ok,0.00046522246874287644,14546.379545299518,ok,92.62839525872187,69.2717226485274,0.13110176061596487,10.862170056496325,61.50474098502391,0.015373791314630321,1.2560026566024527,0.11179223788273748,0.012205692657117018
443,2,60.0704,Forward,0.034089975821382956,290.80554815726646,20020.0,20034.024777683346,ok,0.0004811974853591817,14545.915490077605,ok,92.60478083198177,69.27168922580738,0.13106833789593483,10.398114834582884,61.50408418365705,0.014716989947771321,1.2560026566024527,0.11258375942434246,0.012205692657117018
444,2,60.205983333333336,Forward,0.0339854100476136,291.87434129713074,20035.0,20034.550659135013,ok,0.000468273405121163,14546.279821610524,ok,93.13066228364914,69.27243353303624,0.13181264512479596,10.76244636750198,61.50459984092694,0.015232647217663507,1.2560026566024527,0.11268039975232264,0.012205692657117018
445,2,60.34128333333334,Forward,0.03388108140641269,290.69048833352645,20045.0,20034.905892255076,ok,0.0004736547390063833,14548.16576044389,ok,93.48589540371177,69.27293631285164,0.13231542494019957,12.648385200867779,61.50726910774062,0.017901914031340643,1.2560026566024527,0.109830573358567,0.012205692657117018
446,2,60.47605,Forward,0.03395856573481104,290.26273409096757,20035.0,20034.80991144094,ok,0.00047606999547582934,14546.741828193319,ok,93.38991458957753,69.27280046623913,0.1321795783276872,11.224452950296836,61.505253742748856,0.015886549039576675,1.2560026566024527,0.11222603052973376,0.012205692657117018
447,2,60.61165,Forward,0.03394670042581627,290.40059032948557,20050.0,20034.871756347307,ok,0.00047048830758159835,14546.57795296711,ok,93.4517594959434,69.27288799853511,0.13226711062366459,11.060577724088944,61.505021801661925,0.015654607952643385,1.2560026566024527,0.11260488144707462,0.012205692657117018
448,2,60.746966666666665,Forward,0.033794877492317216,291.68663809354985,20035.0,20034.999947376855,ok,0.0004737864436587216,14546.581526894868,ok,93.57995052549086,69.27306943393212,0.13244854602068193,11.06415165184626,61.5050268600268,0.01565966631752156,1.2560026566024527,0.1127799635243669,0.012205692657117018
449,2,60.88175,Forward,0.033754362905870666,290.50092373288135,20035.0,20035.166965827982,ok,0.00046935709771151965,14546.807875472272,ok,93.74696897661852,69.27330582378792,0.13268493587648184,11.290500229250028,61.5053472228802,0.015980029170917304,1.2560026566024527,0.11261397678522501,0.012205692657117018
450,2,61.017316666666666,Forward,0.03377283301451625,290.159468444861,20045.0,20035.08730698199,ok,0.0004748632086917388,14546.78440453965,ok,93.66731013062599,69.27319307850146,0.13257219059001665,11.267029296628607,61.50531400325482,0.015946809545538152,1.2560026566024527,0.11254295543648737,0.012205692657117018
451,2,61.15213333333333,Forward,0.03377105657592122,290.0642484294003,20035.0,20035.515945839663,ok,0.00047808408660029826,14547.02885018811,ok,94.09594898829891,69.27379975325547,0.13317886534404186,11.511474945087684,61.50565997982926,0.01629278611998257,1.2560026566024527,0.11271508269388819,0.012205692657117018
452,2,61.2874,Forward,0.033808403153090166,290.48126433590005,20020.0,20035.32225645869,ok,0.0004735821867169733,14546.708191173195,ok,93.90225960732641,69.27352561465266,0.13290472674121726,11.190815930172903,61.50520613453382,0.015838940824538454,1.2560026566024527,0.11301097498782792,0.012205692657117018
453,2,61.42245,Forward,0.03367997324030203,290.6887681581975,20035.0,20035.24224426065,ok,0.0004716923507713486,14547.158161140787,ok,93.82224740928723,69.27341236924876,0.1327914813373172,11.640785897765454,61.50584300031143,0.016475806602153635,1.2560026566024527,0.112097824475344,0.012205692657117018
454,2,61.5575,Forward,0.03364685557760688,289.54139940773166,20040.0,20035.306178229202,ok,0.00047222302552973416,14546.614218688796,ok,93.88618137783851,69.27350285830254,0.13288197039109845,11.09684344577363,61.50507313041429,0.0157059367050156,1.2560026566024527,0.11315527216516888,0.012205692657117018
455,2,61.69338333333334,Forward,0.03366877569233326,290.2469836630371,20035.0,20035.676537352207,ok,0.0004690340989958026,14548.417806166657,ok,94.25654050084268,69.27402704673256,0.13340615882111942,12.900430923635213,61.50762584109348,0.018258647384199012,1.2560026566024527,0.11047324920059803,0.012205692657117018
456,2,61.8292,Forward,0.033757710786144424,289.9434165039347,20020.0,20035.49370201412,ok,0.00048013152339289447,14547.260070073997,ok,94.07370516275478,69.27376827041824,0.13314738250680253,11.74269483097487,61.5059872372976,0.016620043588327603,1.2560026566024527,0.1122725636070145,0.012205692657117018
457,2,61.9643,Forward,0.033724013308014694,290.8672432310741,20020.0,20035.769763558485,ok,0.0004769888604784073,14547.001456438906,ok,94.34976670712058,69.27415899460604,0.13353810669460295,11.484081195883846,61.5056212080386,0.016254014329318764,1.2560026566024527,0.11312302151652424,0.012205692657117018
458,2,62.0999,Forward,0.033717017463703675,290.01024500914355,20035.0,20035.033888268415,ok,0.0004659480661523776,14547.223276669873,ok,93.61389141705149,69.27311747223213,0.1324965843206875,11.705901426850687,61.505935161688974,0.016567967979695262,1.2560026566024527,0.11168717252368589,0.012205692657117018
459,2,62.23493333333333,Forward,0.034020593472070704,290.3983994923983,20020.0,20035.136972192246,ok,0.00048015376010588165,14547.172869354295,ok,93.71697534088162,69.27326337224332,0.1326424843318837,11.655494111273583,61.50586381760705,0.0164966238977685,1.2560026566024527,0.11192268089131495,0.012205692657117018
460,2,62.36976666666666,Forward,0.03392521296598858,290.3240174399507,20035.0,20034.855128306153,ok,0.00047301113699119136,14547.096166400279,ok,93.43513145478937,69.27286446400808,0.13224357609664616,11.578791157257001,61.505755255947435,0.016388062238161506,1.2560026566024527,0.11166012638894898,0.012205692657117018
461,2,62.5048,Forward,0.034003865391492916,291.0679400660447,20045.0,20034.15856488492,ok,0.0004705947970174313,14547.06136605382,ok,92.73856803355739,69.27187858175623,0.13125769384478245,11.543990810798277,61.505706001216446,0.016338807507168478,1.2560026566024527,0.11073610821006274,0.012205692657117018
462,2,62.6404,Forward,0.034076332963147715,291.4389442879219,20035.0,20034.02925731453,ok,0.00046658246275354674,14546.604022271957,ok,92.60926046316672,69.27169556606118,0.1310746781497373,11.086647028934749,61.505058698897955,0.015691505188677467,1.2560026566024527,0.11136610594666724,0.012205692657117018
463,2,62.77596666666667,Forward,0.034224733213420816,291.8466438103678,20035.0,20033.48850514987,ok,0.00047829158742877304,14546.339790500106,ok,92.06850829850737,69.27093021154278,0.13030932363133374,10.822415257083776,61.5046847179993,0.01531752429001695,1.2560026566024527,0.11107047243049985,0.012205692657117018
464,2,62.91101666666667,Forward,0.034300754076321854,293.2110405071544,20020.0,20032.504847796088,ok,0.00047212436708651004,14546.327977639698,ok,91.08485094472417,69.26953799039327,0.12891710248182964,10.810602396675677,61.50466799864674,0.015300804937456789,1.2560026566024527,0.10969925083222798,0.012205692657117018
465,2,63.04578333333333,Forward,0.034497790708382464,293.1168938966184,20020.0,20031.59482418338,ok,0.0004784411067334652,14546.133312294573,ok,90.17482733201541,69.26824998688748,0.12762909897604738,10.615937051550645,61.504392478711345,0.015025285002068478,1.2560026566024527,0.10875730109724038,0.012205692657117018
466,2,63.1811,Forward,0.034744108310708705,294.7141071253973,20035.0,20030.82636012895,ok,0.0004763108626645935,14545.858111618887,ok,89.40636327758693,69.26716233994915,0.12654145203771644,10.340736375865163,61.50400297295553,0.014635779246254655,1.2560026566024527,0.10815887442297355,0.012205692657117018
467,2,63.31563333333333,Forward,0.03504548165563537,295.0705714743199,20030.0,20029.81107340461,ok,0.0004735170595939998,14545.5378685159,ok,88.39107655324551,69.26572535211493,0.12510446420348487,10.020493272877502,61.50354971632176,0.014182522612481235,1.2560026566024527,0.10729117812488408,0.012205692657117018
468,2,63.4504,Forward,0.03529727424367918,297.41811787988627,20020.0,20028.06956222893,ok,0.00047432182270203284,14543.168741444231,ok,86.64956537756734,69.2632605012382,0.12263961332675236,7.651366201209385,61.50019656819315,0.010829374483863627,1.2560026566024527,0.10903789020567682,0.012205692657117018
469,2,63.584916666666665,Forward,0.03572205091933431,298.4464705843966,20020.0,20026.46507260557,ok,0.0004740465166180042,14544.510159616731,ok,85.04507575420575,69.26098958405427,0.12036869614282387,8.992784373709583,61.50209514674074,0.012727953031465821,1.2560026566024527,0.10438235332219156,0.012205692657117018
470,2,63.71995,Forward,0.03624353316941609,300.54703524139404,20020.0,20024.529758411067,ok,0.00047514547737988205,14541.736740699533,ok,83.10976155970275,69.25825043373717,0.11762954582573446,6.219365456510786,61.498169783444155,0.008802589734878335,1.2560026566024527,0.10657346973374579,0.012205692657117018
471,2,63.85525,Forward,0.0367195825048344,301.1781674081176,20035.0,20022.190346269734,ok,0.00047733847046237246,14541.371404559011,ok,80.77034941836973,69.25493934268698,0.114318454775539,5.8540293159894645,61.497652704301146,0.00828551059186601,1.2560026566024527,0.10391183146084752,0.012205692657117018
472,2,63.9903,Forward,0.03724697853818157,305.20903336348056,20020.0,20019.48965980818,ok,0.00047082689290769254,14539.979469177904,ok,78.06966295681559,69.25111692139821,0.11049603348676998,4.462093934882432,61.495682626134325,0.006315432425045958,1.2560026566024527,0.10256383358331898,0.012205692657117018
473,2,64.12586666666667,Forward,0.03798851875473169,307.16257018613396,20020.0,20016.56514650374,ok,0.0004721901952958793,14537.200271342559,ok,75.14514965237686,69.24697770639739,0.10635681848595058,1.6828960995371745,61.49174908363587,0.002381889926591264,1.2560026566024527,0.10336515841041732,0.012205692657117018
474,2,64.26116666666667,Forward,0.03865038975464316,310.4041314246024,20020.0,20013.760965918667,ok,0.0004629745516298578,14535.316995284795,ok,72.34096906730338,69.24300880452058,0.10238791660914057,-0.20037995822713128,61.48908358558628,-0.0002836081229989441,1.2560026566024527,0.10274412916506127,0.012205692657117018
475,2,64.39648333333334,Forward,0.03955440181811315,313.8208881319588,20005.0,20010.301303001208,ok,0.0004713441219793461,14532.584642098269,ok,68.88130614984402,69.23811216458259,0.0974912766711408,-2.9327331447530014,61.48521634474315,-0.004150848966129645,1.2560026566024527,0.10270475399975518,0.012205692657117018
476,2,64.53151666666666,Forward,0.04046916903214837,317.2698056313384,19995.0,20006.84448046995,ok,0.0004675348834949632,14531.125675696958,ok,65.42448361858624,69.23321954479015,0.09259865687870021,-4.3916995460640464,61.48315139410509,-0.006215799604183651,1.2560026566024527,0.10040571769446335,0.012205692657117018
477,2,64.66633333333333,Forward,0.0413379980316341,320.40049916980934,19995.0,20002.593534956926,ok,0.00046624458674741296,14527.668088534232,ok,61.17353810556233,69.22720296165186,0.0865820737404158,-7.849286708789805,61.478257692090175,-0.011109501619104647,1.2560026566024527,0.10053563728754047,0.012205692657117018
478,2,64.80118333333333,Forward,0.042487364816446854,324.21480694950515,19995.0,19998.386681321623,ok,0.00047878706178884693,14526.192606646717,ok,56.96668447025877,69.22124878402953,0.08062789611808419,-9.324768596305148,61.476169366229946,-0.013197827479332852,1.2560026566024527,0.09720440249350709,0.012205692657117018
479,2,64.93645,Forward,0.04343870314323364,329.3424970120868,19980.0,19993.566061755442,ok,0.0004728597877751002,14522.592352926793,ok,52.14606490407823,69.21442591172756,0.07380502381612093,-12.925022316228933,61.47107374085473,-0.01829345285455214,1.2560026566024527,0.09678164919987015,0.012205692657117018
480,2,65.0715,Forward,0.04470762876405812,333.75259686721984,19980.0,19988.810418002784,ok,0.0004762787937369676,14520.719162464287,ok,47.390421151420014,69.20769500305647,0.06707411514503392,-14.798212778734523,61.46842251746996,-0.020944676239320784,1.2560026566024527,0.09338068414329909,0.012205692657117018
481,2,65.2063,Forward,0.045952393362512944,338.77299690361906,19980.0,19983.488327854833,ok,0.00047050216535332405,14517.38089546389,ok,42.06833100346921,69.20016237349289,0.059541485581449505,-18.13647977913206,61.463697695454684,-0.025669498254598907,1.2560026566024527,0.09178244358287775,0.012205692657117018
482,2,65.3411,Forward,0.047243551038455844,343.66797800856875,19965.0,19978.850902779704,ok,0.000472128084478655,14514.899632884068,ok,37.43090592834051,69.19359878583302,0.05297789792157639,-20.617742358954274,61.46018583613922,-0.02918135757005621,1.2560026566024527,0.08962976055283309,0.012205692657117018
483,2,65.47613333333334,Forward,0.04855699388078252,347.9616794194553,19960.0,19972.982360620128,ok,0.00047792083126910797,14511.4456747427,ok,31.562363768764044,69.18529273446269,0.04467184655125378,-24.07170050032255,61.455297270466005,-0.03406992324327604,1.2560026566024527,0.08746376065505014,0.012205692657117018
484,2,65.61143333333334,Forward,0.050033532221864546,352.85797147427365,19955.0,19967.404529319534,ok,0.00046942937758474813,14506.934908848354,ok,25.984532468170073,69.17739814121313,0.03677725330169782,-28.58246639466779,61.44891295009833,-0.04045424361094888,1.2560026566024527,0.08758789074789242,0.012205692657117018
485,2,65.74595,Forward,0.05141752447303283,357.3330943304245,19940.0,19962.04574602391,ok,0.00047268335288829584,14504.834010375871,ok,20.6257491725446,69.16981357793907,0.029192690027621558,-30.683364867150885,61.44593943978491,-0.043427753924375055,1.2560026566024527,0.08373806432691422,0.012205692657117018
486,2,65.88151666666667,Forward,0.05272391035631549,362.5661794835687,19940.0,19956.94737758645,ok,0.00047224077267997845,14500.890871316113,ok,15.527380735085899,69.16259759328821,0.02197670537677266,-34.62650392690921,61.44035851104654,-0.04900868266273858,1.2560026566024527,0.08353174099775887,0.012205692657117018
487,2,66.01521666666666,Forward,0.05405873185417556,367.4157213972794,19955.0,19951.737409023226,ok,0.00046884946860893445,14499.142727753668,ok,10.317412171862088,69.15522365520492,0.014602767293481124,-36.374647489354174,61.437884273009644,-0.05148292069963709,1.2560026566024527,0.07926545246187872,0.012205692657117018
488,2,66.1508,Forward,0.05522221218199003,370.54201261369235,19940.0,19946.8057745661,ok,0.00047483181631382957,14495.72610481755,ok,5.385777714735013,69.14824365778364,0.007622769872195354,-39.79127042547225,61.43304854978422,-0.056318643925056894,1.2560026566024527,0.07835913625831441,0.012205692657117018
489,2,66.28585,Forward,0.05648811856158617,375.7732287892359,19940.0,19941.804011595585,ok,0.00048023932663667163,14492.299677789602,ok,0.38401474422062165,69.14116440384873,0.0005435159373018766,-43.21769745341953,61.42819895032035,-0.061168243388928845,1.2560026566024527,0.07737099213350193,0.012205692657117018
490,2,66.42168333333333,Forward,0.05780550645589366,379.3340027492668,19925.0,19937.141490549842,ok,0.0004749346114902261,14488.005335260057,ok,-4.278506301521702,69.13456529656314,-0.006055591348303957,-47.51203998296478,61.42212094513912,-0.0672462485701574,1.2560026566024527,0.07840587550236262,0.012205692657117018
491,2,66.55671666666667,Forward,0.05902342196284732,383.1073429688222,19930.0,19932.983900885312,ok,0.0004701563040293678,14486.93834968151,ok,-8.436095966051653,69.12868084478768,-0.011940043123768477,-48.579025561512026,61.420610785241514,-0.06875640846776414,1.2560026566024527,0.07441818857018666,0.012205692657117018
492,2,66.69228333333334,Forward,0.0602275084225552,387.6661448556042,19940.0,19928.12665301396,ok,0.0004727576958435398,14485.316589863292,ok,-13.2933438374057,69.12180613055017,-0.01881475736127658,-50.200785379729496,61.41831542465721,-0.07105176905207176,1.2560026566024527,0.07042645332442948,0.012205692657117018
493,2,66.82733333333333,Forward,0.06133828402033112,390.45735762314143,19915.0,19924.00474440575,ok,0.0004703566863670896,14481.747562963832,ok,-17.415252445614897,69.11597218001992,-0.024648707891510385,-53.769812279189864,61.41326399621674,-0.07610319749254164,1.2560026566024527,0.07093711033506303,0.012205692657117018
494,2,66.96265,Forward,0.06231399135248142,394.3514594329463,19925.0,19920.098752885566,ok,0.00047830805102204286,14480.503664670687,ok,-21.321243965798203,69.11044382811643,-0.03017705979501422,-55.013710572335185,61.41150344260029,-0.07786375110898994,1.2560026566024527,0.06762001845090931,0.012205692657117018
495,2,67.09823333333334,Forward,0.06341301959376891,396.9066444360942,19915.0,19916.235428245865,ok,0.0004791868663322352,14478.138355848472,ok,-25.184568605498498,69.10497586485656,-0.035645023054887884,-57.37901939454969,61.408155698637685,-0.08121149507159083,1.2560026566024527,0.06635683050168718,0.012205692657117018
496,2,67.23328333333333,Forward,0.06439265473366632,400.86137177786077,19910.0,19912.612148220935,ok,0.00047386238925273586,14476.820349756576,ok,-28.807848630429362,69.09984764916042,-0.04077323875101769,-58.697025486446364,61.406290256419155,-0.08307693729011995,1.2560026566024527,0.06357161518776833,0.012205692657117018
497,2,67.36805,Forward,0.06520764956426667,403.5168686832694,19900.0,19909.40784230784,ok,0.0004777291463508673,14475.826277007183,ok,-32.01215454352496,69.09531242920346,-0.045308458707982495,-59.69109823583858,61.40488329382133,-0.08448389988794602,1.2560026566024527,0.06080354399141336,0.012205692657117018
498,2,67.50338333333333,Forward,0.06613064919978576,405.7207142622683,19900.0,19906.30000709384,ok,0.00046990580290070014,14473.202191017894,ok,-35.11998975752431,69.09091374921854,-0.04970713869290044,-62.31518422512818,61.40116928914445,-0.08819790456483434,1.2560026566024527,0.06106966374730108,0.012205692657117018
499,2,67.63841666666667,Forward,0.06691242362810587,409.5177857944218,19890.0,19903.59118840034,ok,0.0004698569494216742,14473.913036421927,ok,-37.82880845102409,69.08707981796113,-0.053541069950322505,-61.60433882109464,61.40217538542555,-0.08719180828372891,1.2560026566024527,0.05597207288801275,0.012205692657117018
500,2,67.77346666666666,Forward,0.06763409669004014,411.3005420868867,19900.0,19900.944045257547,ok,0.00047975594571677535,14472.247983949092,ok,-40.47595159381672,69.08333317930185,-0.057287708609593826,-63.26939129393031,61.399818750507094,-0.08954844320217924,1.2560026566024527,0.05518537394695715,0.012205692657117018
501,2,67.90823333333333,Forward,0.06837208799947098,413.28251447301955,19900.0,19898.615323323425,ok,0.0004813888888010393,14471.585668996728,ok,-42.804673527938576,69.08003721865505,-0.06058366925638743,-63.9317062462942,61.398881341885314,-0.09048585182395937,1.2560026566024527,0.05306680101944142,0.012205692657117018
502,2,68.04301666666667,Forward,0.06901649738125709,415.549851537573,19890.0,19896.23770342426,ok,0.0004729768324506455,14469.602804798531,ok,-45.182293427104014,69.07667205018824,-0.06394883772320044,-65.91457044449089,61.39607489158766,-0.09329230212162307,1.2560026566024527,0.05322654158211676,0.012205692657117018
503,2,68.17911666666667,Forward,0.06958914262946728,416.6803388078697,19900.0,19894.34201572772,ok,0.00047784100095460766,14470.234680942727,ok,-47.07798112364253,69.07398898530408,-0.06663190260735453,-65.28269430029468,61.39696921858926,-0.0923979751200166,1.2560026566024527,0.049420199608073645,0.012205692657117018
504,2,68.31443333333333,Forward,0.07028850393772185,419.36212813195016,19900.0,19891.954363407716,ok,0.00048189281004404507,14470.372116320455,ok,-49.465633443647675,69.07060961743295,-0.0700112704784825,-65.14525892256643,61.39716373799058,-0.09220345571869515,1.2560026566024527,0.045796514852125214,0.012205692657117018
505,2,68.4508,Forward,0.07079850148437514,420.3282857175436,19875.0,19890.032173756055,ok,0.0004811317144501745,14470.155865078885,ok,-51.387823095308704,69.06788904296045,-0.07273184495099363,-65.36151016413714,61.39685766641905,-0.09250952729022699,1.2560026566024527,0.04346036708656856,0.012205692657117018
506,2,68.58558333333333,Forward,0.07151902289455161,422.1268465674657,19890.0,19887.86065247751,ok,0.0004815493527635322,14469.735945056273,ok,-53.5593443738544,69.06481557653541,-0.07580531137602668,-65.78143018674928,61.39626333188342,-0.09310386182585809,1.2560026566024527,0.041133386417198756,0.012205692657117018
507,2,68.72063333333334,Forward,0.07191600734577944,424.49284842626,19875.0,19886.143747300004,ok,0.00048352855819555884,14467.40373010646,ok,-55.2762495513598,69.06238555180107,-0.07823533611037431,-68.1136451365619,61.392962427390785,-0.0964047663184955,1.2560026566024527,0.04284930649479468,0.012205692657117018
508,2,68.85568333333333,Forward,0.07239727132770013,425.2843404518244,19875.0,19884.44041768332,ok,0.0004772492561999875,14467.473301728525,ok,-56.97957916804444,69.05997474126038,-0.08064614665106158,-68.04407351449663,61.393060895707286,-0.09630629800199073,1.2560026566024527,0.04031481948698626,0.012205692657117018
509,2,68.99098333333333,Forward,0.07250634617141336,426.0949195127796,19875.0,19882.986725641706,ok,0.0004876828049672294,14467.547737700477,ok,-58.433271209658415,69.05791725569651,-0.08270363221492881,-67.96963754254466,61.39316624878988,-0.09620094491939864,1.2560026566024527,0.038125010171502105,0.012205692657117018
510,2,69.12656666666666,Forward,0.07310411070015793,427.23423841986005,19875.0,19881.906254050657,ok,0.00048674644221597107,14467.596000524753,ok,-59.513742800707405,69.05638800834761,-0.0842328795638266,-67.92137471826936,61.39323455766231,-0.09613263604697224,1.2560026566024527,0.03650996669736725,0.012205692657117018
511,2,69.26161666666667,Forward,0.0735156780054606,428.4126457088969,19885.0,19880.58175321024,ok,0.0004831332169462335,14467.160639264668,ok,-60.83824364112297,69.05451337377545,-0.08610751413598772,-68.35673597835375,61.392618368344316,-0.09674882536496297,1.2560026566024527,0.03540926754557254,0.012205692657117018
512,2,69.39775,Forward,0.07380394592769063,429.59985578421765,19860.0,19879.591602376873,ok,0.00047783581603944177,14466.527339552531,ok,-61.82839447449078,69.0531119620683,-0.0875089258431355,-68.99003569049091,61.39172202649334,-0.09764516721593494,1.2560026566024527,0.03513366358446951,0.012205692657117018
513,2,69.53331666666666,Forward,0.07404685486625534,430.25566682316276,19860.0,19878.61128920217,ok,0.0004835430558891193,14467.064907581505,ok,-62.80870764919382,69.05172447410848,-0.08889641380295193,-68.4524676615165,61.39248287433976,-0.09688431936952076,1.2560026566024527,0.0327905487082866,0.012205692657117018
514,2,69.66758333333334,Forward,0.07440164754421011,430.8882152820697,19875.0,19877.56993877982,ok,0.00047879165802053693,14466.722588803248,ok,-63.85005807154448,69.05025059697387,-0.09037029093757168,-68.79478643977382,61.39199837286053,-0.09736882084874957,1.2560026566024527,0.031925206718706065,0.012205692657117018
515,2,69.80296666666666,Forward,0.07471750126180302,431.25621390661036,19860.0,19876.70577006295,ok,0.00047814402720731714,14466.31492321546,ok,-64.71422678841554,69.04902749427481,-0.09159339363663703,-69.20245202756269,61.391421382660575,-0.09794581104870265,1.2560026566024527,0.03142680524361535,0.012205692657117018
516,2,69.93826666666666,Forward,0.0749827394759422,431.5170419988426,19860.0,19875.569430044714,ok,0.00047739147779120067,14466.67519173272,ok,-65.85056680665002,69.04741917345015,-0.0932017144612914,-68.84218351030177,61.39193128933418,-0.09743590437510125,1.2560026566024527,0.029178040282298312,0.012205692657117018
517,2,70.07356666666666,Forward,0.07519342586393149,433.0044762233083,19845.0,19875.009923535294,ok,0.00048018267515834124,14466.860726541532,ok,-66.41007331607034,69.04662727493721,-0.09399361297422812,-68.65664870148976,61.39219388634909,-0.09717330736019172,1.2560026566024527,0.028056319221019352,0.012205692657117018
518,2,70.2086,Forward,0.0753538318516645,432.83738472286495,19860.0,19874.35882333938,ok,0.00048378109278509083,14466.805511719236,ok,-67.06117351198554,69.04570573914052,-0.09491514877092913,-68.71186352378572,61.39211573795415,-0.09725145575512914,1.2560026566024527,0.02723293801596896,0.012205692657117018
519,2,70.34525,Forward,0.07550557093629545,434.085245958162,19860.0,19873.425805295585,ok,0.000486040682239016,14466.759791333834,ok,-67.99419155577925,69.04438519042662,-0.0962356974848107,-68.75758390918782,61.39205102752701,-0.09731616618226667,1.2560026566024527,0.025993665770481997,0.012205692657117018
520,2,70.48003333333334,Forward,0.07576893433202564,435.4560417368375,19860.0,19872.84205708005,ok,0.00047945370920397546,14466.726630379102,ok,-68.57793977131223,69.04355898137271,-0.09706190653873031,-68.79074486391983,61.39200409311195,-0.09736310059732298,1.2560026566024527,0.0252264064665592,0.012205692657117018
521,2,70.6151,Forward,0.07602856552515028,434.75019201679606,19860.0,19872.277724372943,ok,0.0004740758173818081,14466.548861646774,ok,-69.14227247842064,69.04276025209246,-0.09786063581897356,-68.96851359624816,61.39175248782693,-0.0976147058823505,1.2560026566024527,0.024743694092725727,0.012205692657117018
522,2,70.75066666666666,Forward,0.07614212290509506,435.4398328590032,19860.0,19871.61775180671,ok,0.0004811878743945321,14466.269873537147,ok,-69.80224504465514,69.04182615877097,-0.09879472914046433,-69.24750170587504,61.39135762151989,-0.09800957218939213,1.2560026566024527,0.02430555390188205,0.012205692657117018
523,2,70.88625,Forward,0.0763538219387827,436.2569936731743,19860.0,19871.09543523846,ok,0.00047288630226780004,14466.600707264784,ok,-70.32456161290247,69.04108689710608,-0.0995339908053658,-68.91666797823746,61.39182586761271,-0.09754132609656839,1.2560026566024527,0.022978173900450247,0.012205692657117018
524,2,71.02101666666667,Forward,0.07645556712099802,436.74208395558526,19860.0,19870.580792135523,ok,0.0004804568478839856,14466.85860126438,ok,-70.83920471584133,69.04035849609366,-0.10026239181777345,-68.65877397864278,61.39219087833436,-0.09717631537491313,1.2560026566024527,0.0217913184519552,0.012205692657117018
525,2,71.15686666666667,Forward,0.07668104978237375,436.553824711129,19860.0,19870.09380552835,ok,0.00047918760392186126,14466.85121137619,ok,-71.32619132301261,69.03966923875073,-0.10095164916071049,-68.666163866832,61.39218041904324,-0.09718677466603713,1.2560026566024527,0.021115198006456087,0.012205692657117018
526,2,71.29191666666667,Forward,0.07686124397146313,436.9747367751588,19845.0,19869.697630783525,ok,0.00048550355275296675,14466.670669387853,ok,-71.72236606783918,69.03910851213539,-0.10151237577605637,-68.8467058551687,61.39192488862549,-0.09744230508378794,1.2560026566024527,0.020875418274647964,0.012205692657117018
527,2,71.42698333333334,Forward,0.07694112996857752,437.3750146071252,19860.0,19869.296539751056,ok,0.0004755721698720961,14466.18383314371,ok,-72.12345710030786,69.03854082724376,-0.10208006066768217,-69.33354209931167,61.39123584409913,-0.09813134961015091,1.2560026566024527,0.021173175138651426,0.012205692657117018
528,2,71.562,Forward,0.07703173610169475,438.03585610603113,19860.0,19868.806470180556,ok,0.00047280041685859316,14466.282216742864,ok,-72.61352667080791,69.0378472064233,-0.10277368148813806,-69.23515850015792,61.39137509149761,-0.09799210221167483,1.2560026566024527,0.0203046592157846,0.012205692657117018
529,2,71.69811666666666,Forward,0.07715833865668631,438.9870280407122,19860.0,19868.34627001458,ok,0.0004845328129664295,14466.351425190447,ok,-73.07372683678477,69.03719586131658,-0.10342502659486055,-69.16595005257477,61.39147304579447,-0.09789414791480608,1.2560026566024527,0.019530283251969344,0.012205692657117018
530,2,71.83291666666666,Forward,0.07736721879401567,438.4991072574958,19860.0,19867.77632554613,ok,0.0004776562586043805,14466.4665790583,ok,-73.64367130523533,69.03638918942015,-0.10423169849129679,-69.05079618472155,61.39163602902197,-0.09773116468730733,1.2560026566024527,0.018518903988813035,0.012205692657117018
531,2,71.9685,Forward,0.07736590523644074,438.3154580724404,19860.0,19867.48647446276,ok,0.0004789120020396394,14466.158755707973,ok,-73.93352238860462,69.0359789481843,-0.1046419397271513,-69.358619535049,61.39120035070677,-0.09816684300251419,1.2560026566024527,0.018655875874282413,0.012205692657117018
532,2,72.10355,Forward,0.07758415384439021,439.0152173714705,19860.0,19867.375576138307,ok,0.0004877785854417127,14466.324065916093,ok,-74.04442071305675,69.03582198804756,-0.10479889986388288,-69.19330932692901,61.39143432279785,-0.09793287091143144,1.2560026566024527,0.01820504616958006,0.012205692657117018
533,2,72.2386,Forward,0.07751822005439687,439.76001091407306,19860.0,19867.060984263946,ok,0.0004778382126890784,14466.560179474038,ok,-74.35901258741796,69.03537672989006,-0.10524415802137371,-68.95719576898409,61.39176850653347,-0.09759868717581324,1.2560026566024527,0.017340052352359456,0.012205692657117018
534,2,72.37336666666667,Forward,0.07765936834451964,439.66524917644347,19860.0,19866.7016989509,ok,0.0004791988268872707,14466.513590872997,ok,-74.71829790046468,69.03486821479626,-0.1057526731151775,-69.00378437002473,61.391702567275814,-0.09766462643346747,1.2560026566024527,0.016914357141343775,0.012205692657117018
535,2,72.50815,Forward,0.07770351890198013,439.4736150525714,19860.0,19866.531935717667,ok,0.00047934678705003237,14466.158265598093,ok,-74.88806113369719,69.03462794010832,-0.10599294780311176,-69.35910964492905,61.39119965702889,-0.09816753668038683,1.2560026566024527,0.01730573905957282,0.012205692657117018
536,2,72.64293333333333,Forward,0.07782385024555882,440.06833697516413,19845.0,19866.120969792428,ok,0.00048213509791307946,14466.23400116898,ok,-75.29902705893619,69.03404627877002,-0.10657460914142507,-69.28337407404251,61.3913068495011,-0.09806034420817841,1.2560026566024527,0.016589443691397948,0.012205692657117018
537,2,72.77943333333333,Forward,0.07795785077162115,440.32841346754503,19860.0,19865.84599143829,ok,0.00048240832725590405,14465.954179650382,ok,-75.57400541307288,69.0336570876774,-0.10696380023404746,-69.56319559264011,61.39091080362722,-0.09845639008205881,1.2560026566024527,0.016697687268505776,0.012205692657117018
538,2,72.9142,Forward,0.07800287856370458,440.8357023574208,19860.0,19865.720969423975,ok,0.0004812796660710229,14466.213393199581,ok,-75.6990274273885,69.0334801375516,-0.10714075035983503,-69.30398204344056,61.39127768197571,-0.09808951173357122,1.2560026566024527,0.016059936962367877,0.012205692657117018
539,2,73.04955,Forward,0.07812307751151354,440.59684285266485,19860.0,19865.30218208076,ok,0.00047043093532848354,14466.189930353421,ok,-76.11781477060504,69.03288740615574,-0.1077334817557101,-69.32744488960088,61.39124447379551,-0.09812271991376358,1.2560026566024527,0.015508915129035336,0.012205692657117018
540,2,73.18405,Forward,0.07816827900271642,441.3360185436395,19870.0,19865.165586805888,ok,0.00048465001989896474,14466.526285132997,ok,-76.2544100454761,69.03269407579545,-0.10792681211598894,-68.99109011002474,61.39172053411882,-0.09764665959045926,1.2560026566024527,0.014717651737983256,0.012205692657117018
541,2,73.3196,Forward,0.07824636736154522,440.9776178225802,19860.0,19864.90035688567,ok,0.0004738513462776436,14466.30191465098,ok,-76.51963996569248,69.03231868216577,-0.10830220574567749,-69.21546059204229,61.391402970966176,-0.09796422274310368,1.2560026566024527,0.01474111827165514,0.012205692657117018
542,2,73.45545,Forward,0.07823114508251972,440.9702495317033,19860.0,19864.75825035958,ok,0.0004796246907154799,14466.335793421988,ok,-76.66174649178356,69.03211755144648,-0.10850333646497283,-69.18158182103434,61.39145092134375,-0.09791627236553058,1.2560026566024527,0.014479761750742906,0.012205692657117018
543,2,73.59131666666667,Forward,0.07829956839426674,441.15757818302154,19860.0,19864.526553172665,ok,0.00048203569112739074,14466.437229596255,ok,-76.89344367869853,69.03178961842929,-0.10883126948215914,-69.08014564676705,61.39159448920973,-0.09777270449954903,1.2560026566024527,0.013971507112481019,0.012205692657117018
544,2,73.72745,Forward,0.07841519361112714,441.25441265825793,19860.0,19864.46834111659,ok,0.00048039367891920234,14466.518282678226,ok,-76.95165573477425,69.03170722789429,-0.10891366001714882,-68.99909256479623,61.391709207830516,-0.09765798587876277,1.2560026566024527,0.013745029685022031,0.012205692657117018
545,2,73.86255,Forward,0.0784322785206881,441.25280890432623,19860.0,19864.28850784666,ok,0.00048732307031634276,14466.470279690722,ok,-77.13148900470333,69.03145270056237,-0.10916818734906661,-69.04709555229965,61.391641266718516,-0.09772592699076138,1.2560026566024527,0.013575836570267022,0.012205692657117018
546,2,73.99758333333334,Forward,0.07850830256938829,442.2071493175936,19855.0,19864.144743112734,ok,0.00047381189586411795,14466.40234909576,ok,-77.27525373862954,69.03124922289572,-0.1093716650157105,-69.11502614726123,61.39154512103258,-0.09782207267669579,1.2560026566024527,0.013493118140577617,0.012205692657117018
547,2,74.13265,Forward,0.07850479606652155,442.0460452338084,19860.0,19863.91260653928,ok,0.0004834157416949591,14466.472143294848,ok,-77.50739031208286,69.03092066799204,-0.1097002199193994,-69.04523194817375,61.391643904373865,-0.09772328933541484,1.2560026566024527,0.013040491097811774,0.012205692657117018
548,2,74.26821666666666,Forward,0.07862879845900309,441.484813944473,19860.0,19863.704904761496,ok,0.00047759140957907625,14466.43258064405,ok,-77.71509208986754,69.03062669691897,-0.10999419099246593,-69.08479459897171,61.39158790930713,-0.09777928440215176,1.2560026566024527,0.01281684997732345,0.012205692657117018
549,2,74.403,Forward,0.07870837849762333,441.2455958710634,19860.0,19863.774894985345,ok,0.0004793443875006065,14466.444719425233,ok,-77.6451018660191,69.03072575770425,-0.10989513020719802,-69.07265581778847,61.39160508995222,-0.09776210375705466,1.2560026566024527,0.012894331826707253,0.012205692657117018
550,2,74.53831666666666,Forward,0.07868435204847349,442.6115612144058,19860.0,19863.701683046165,ok,0.0004807259058142566,14466.289697721426,ok,-77.7183138051987,69.03062213705857,-0.1099987508528731,-69.22767752159598,61.39138567971364,-0.09798151399563307,1.2560026566024527,0.01306629102357243,0.012205692657117018
551,2,74.67336666666667,Forward,0.07869753313633426,442.4711349344325,19860.0,19863.45156683392,ok,0.0004796760579510191,14466.597549239628,ok,-77.96843001744492,69.03026813464179,-0.11035275326965346,-68.91982600339361,61.3918213978963,-0.09754579581297537,1.2560026566024527,0.012165025411844013,0.012205692657117018
552,2,74.80866666666667,Forward,0.07868374654692475,442.17512660728244,19850.0,19863.197414606188,ok,0.00048314864999898853,14466.470615676662,ok,-78.22258224517645,69.02990841984345,-0.11071246806798295,-69.04675956635947,61.3916417422568,-0.09772545145247556,1.2560026566024527,0.012030958574000383,0.012205692657117018
553,2,74.94425,Forward,0.07876796806100117,441.80190058925655,19845.0,19863.342885133694,ok,0.0004799504853791997,14466.127651308505,ok,-78.07711171767005,69.03011431180802,-0.11050657610342332,-69.38972393451695,61.39115632704078,-0.09821086666849436,1.2560026566024527,0.012846533339434876,0.012205692657117018
554,2,75.07928333333334,Forward,0.07875500044603564,442.13644114806084,19845.0,19863.221812492277,ok,0.0004748019417853755,14466.060375448431,ok,-78.19818435908746,69.02994295143404,-0.11067793647739843,-69.45699979459096,61.39106110803502,-0.0983060856742649,1.2560026566024527,0.012794768289666594,0.012205692657117018
555,2,75.21431666666666,Forward,0.07874728723186386,442.27988215246296,19845.0,19862.998581953852,ok,0.0004807437360021333,14465.987621917187,ok,-78.42141489751157,69.02962700170255,-0.11099388620889175,-69.52975332583446,61.39095813619781,-0.09840905751146893,1.2560026566024527,0.012608151459256783,0.012205692657117018
556,2,75.34961666666666,Forward,0.07886978752494489,442.51755089674407,19860.0,19862.95793819916,ok,0.00047997004155186284,14466.060005668198,ok,-78.46205865220327,69.02956947649353,-0.1110514114179083,-69.45736957482404,61.391060584665915,-0.09830660904336207,1.2560026566024527,0.012421950702133158,0.012205692657117018
557,2,75.48386666666667,Forward,0.07882507559461158,442.36006515374174,19845.0,19863.14865747427,ok,0.00048437273550255394,14466.092497163563,ok,-78.27133937709368,69.02983941135184,-0.11078147655959159,-69.42487807945872,61.39110657156049,-0.0982606221487868,1.2560026566024527,0.012634125898694434,0.012205692657117018
558,2,75.61943333333333,Forward,0.07880357447579203,443.1487546764329,19845.0,19862.833321689213,ok,0.000487280081569383,14466.317597833364,ok,-78.58667516215064,69.02939310029906,-0.11122778761238176,-69.19977740965805,61.39142516818569,-0.09794202552359134,1.2560026566024527,0.011787656638274191,0.012205692657117018
559,2,75.75448333333334,Forward,0.07895580062234009,442.00008690858886,19860.0,19862.441565466026,ok,0.0004799005454107827,14466.38503104207,ok,-78.9784313853379,69.02883862744602,-0.11178226046542705,-69.1323442009525,61.39152060989512,-0.09784658381416099,1.2560026566024527,0.011113308744633704,0.012205692657117018
560,2,75.88926666666667,Forward,0.07895957596962855,443.0529371335251,19860.0,19862.68347057656,ok,0.00048488154347447045,14466.444444465184,ok,-78.7365262748026,69.02918100826568,-0.11143987964575944,-69.07293077783834,61.39160470078704,-0.0977624929222403,1.2560026566024527,0.011350071180652857,0.012205692657117018
561,2,76.0243,Forward,0.07899154719767712,442.76384646262886,19845.0,19862.539255919703,ok,0.0004765223642510518,14464.911822259555,ok,-78.88074093166142,69.02897689379984,-0.11164399411160988,-70.60555298346662,61.389435501278015,-0.09993169243126529,1.2560026566024527,0.01387047706083852,0.012205692657117018
562,2,76.16015,Forward,0.07895504970416367,442.77820420011267,19845.0,19862.423173269173,ok,0.0004798682138882072,14466.434813464402,ok,-78.9968235821907,69.02881259601816,-0.1118082918932874,-69.08256177861949,61.391591069533305,-0.097776124175976,1.2560026566024527,0.010998779824029761,0.012205692657117018
563,2,76.29491666666667,Forward,0.07892193801849526,443.1245351281723,19840.0,19862.201803044216,ok,0.000475848791187721,14466.424676081526,ok,-79.21819380714805,69.02849927928457,-0.11212160862687433,-69.09269916149606,61.391576721570786,-0.09779047213849272,1.2560026566024527,0.010703484169480665,0.012205692657117018
564,2,76.42996666666667,Forward,0.0790311325634945,442.9969448228403,19860.0,19862.29501607121,ok,0.0004741008199820859,14466.164817200133,ok,-79.12498078015415,69.02863120850472,-0.11198967940671337,-69.35255804288863,61.39120892985025,-0.09815826385902406,1.2560026566024527,0.011297360767705364,0.012205692657117018
565,2,76.5658,Forward,0.07897988631566205,442.958851407624,19835.0,19862.29104205909,ok,0.00047630972085614437,14466.179475101211,ok,-79.12895479227518,69.02862558387974,-0.11199530403169279,-69.33790014181068,61.39122967593609,-0.0981375177731949,1.2560026566024527,0.011265679003810425,0.012205692657117018
566,2,76.70245,Forward,0.07907131795557285,442.9908404452435,19860.0,19862.18914793353,ok,0.00047272887246903507,14465.892389048895,ok,-79.23084891783219,69.02848136785161,-0.11213952005983013,-69.6249861941269,61.390823348191745,-0.09854384551753095,1.2560026566024527,0.011631811702010442,0.012205692657117018
567,2,76.83726666666666,Forward,0.07900083042625089,443.46500313335855,19850.0,19862.03624267136,ok,0.00048466859022854454,14466.581638069218,ok,-79.38375418000578,69.02826495312239,-0.11235593478905449,-68.93573717380423,61.39179887799354,-0.09756831571573808,1.2560026566024527,0.010190128950139377,0.012205692657117018
568,2,76.97258333333333,Forward,0.07917657081949794,443.34462668070773,19845.0,19861.84880910526,ok,0.0004725253064184955,14465.74536408654,ok,-79.57118774610353,69.02799966869804,-0.1126212192133966,-69.77201115648131,61.390615256155115,-0.09875193755416098,1.2560026566024527,0.011411476699269105,0.012205692657117018
569,2,77.1082,Forward,0.07911767060166575,443.4640444375509,19845.0,19861.942587751986,ok,0.0004802405085238833,14465.766367688168,ok,-79.47740909937784,69.02813239846908,-0.11248848944236278,-69.75100755485437,61.39064498363928,-0.09872221007000369,1.2560026566024527,0.011506868671227258,0.012205692657117018
570,2,77.2435,Forward,0.07910374091434463,443.2543558011057,19875.0,19861.821064147374,ok,0.0004937241703719854,14466.291619875376,ok,-79.5989327039897,69.02796039982356,-0.11266048808788086,-69.22575536764634,61.39138840023759,-0.09797879347169147,1.2560026566024527,0.01040113680326668,0.012205692657117018
571,2,77.37963333333333,Forward,0.07916022714406332,443.6261298813297,19845.0,19861.747271715216,ok,0.00047941154639836775,14466.094042066075,ok,-79.67272513614807,69.02785595757614,-0.11276493033530482,-69.42333317694647,61.39110875814096,-0.0982584355683244,1.2560026566024527,0.010647925772111558,0.012205692657117018
572,2,77.51495,Forward,0.07906430655248148,443.4793908761021,19860.0,19861.55585047218,ok,0.0004840889343085543,14466.536128728121,ok,-79.86414637918278,69.0275850291863,-0.1130358587251474,-68.9812465149007,61.39173446626833,-0.09763272744094995,1.2560026566024527,0.009591106312028905,0.012205692657117018
573,2,77.65053333333333,Forward,0.07923627551005577,443.8741790523891,19845.0,19861.734788730686,ok,0.0004929793108100891,14466.331968253562,ok,-79.685208120678,69.02783828976223,-0.11278259814920838,-69.1854069894598,61.39144550738495,-0.09792168632432614,1.2560026566024527,0.010207300013137313,0.012205692657117018
574,2,77.78851666666667,Forward,0.079146828622979,443.0453700043872,19860.0,19861.6393711446,ok,0.0004806700285927977,14466.153529802552,ok,-79.78062570676411,69.02770324031552,-0.1129176475959215,-69.36384544046996,61.39119295421242,-0.09817423949685683,1.2560026566024527,0.010389458022056111,0.012205692657117018
575,2,77.92493333333333,Forward,0.07912446306144513,443.4102847712529,19860.0,19861.938103376357,ok,0.00048199974875696603,14466.222984797174,ok,-79.48189347500738,69.02812605150021,-0.11249483641122318,-69.29439044584797,61.39129125746007,-0.0980759362492071,1.2560026566024527,0.010688800066553733,0.012205692657117018
576,2,78.05971666666667,Forward,0.07917900518406026,442.9507882980979,19860.0,19861.68057368455,ok,0.00048280940842170277,14466.403005268514,ok,-79.73942316681496,69.02776155640223,-0.11285933150921724,-69.11436997450801,61.39154604974783,-0.09782114396144627,1.2560026566024527,0.010004285178250236,0.012205692657117018
577,2,78.19541666666667,Forward,0.0791541063715396,444.13389548026316,19860.0,19861.60035281045,ok,0.0004814682344833278,14466.187634660075,ok,-79.81964404091559,69.0276480156483,-0.11297287226314447,-69.32974058294712,61.39124122458193,-0.09812596912734096,1.2560026566024527,0.010273605642486042,0.012205692657117018
578,2,78.33045,Forward,0.07915165510373134,443.48102958991876,19860.0,19861.436512098153,ok,0.000482255144618488,14466.24229204554,ok,-79.98348475321109,69.02741612341069,-0.11320476450075172,-69.27508319748267,61.391318584007685,-0.09804860970159425,1.2560026566024527,0.009944549760627683,0.012205692657117018
579,2,78.46661666666667,Forward,0.07918394211071889,444.18267141081014,19845.0,19861.692140959833,ok,0.00048688659919654694,14466.08392305681,ok,-79.72785589153136,69.02777792816545,-0.11284295974599093,-69.43345218621107,61.391094436183565,-0.09827275752571742,1.2560026566024527,0.010587884777958828,0.012205692657117018
580,2,78.60378333333334,Forward,0.07918486078508669,443.30247422607135,19845.0,19861.38332693755,ok,0.0004865945479247744,14466.16691311616,ok,-80.03666991381397,69.02734084770097,-0.11328004021047555,-69.35046212686211,61.391211896308654,-0.0981552974006242,1.2560026566024527,0.010003274084312272,0.012205692657117018
581,2,78.7399,Forward,0.07915862409769894,443.83052082864015,19860.0,19861.454977987112,ok,0.0004897104937549454,14466.610151070685,ok,-79.96501886425176,69.02744225913881,-0.11317862877264,-68.90722417233701,61.391839233919846,-0.09752795978943324,1.2560026566024527,0.00931674781590533,0.012205692657117018
582,2,78.87521666666666,Forward,0.07929100218006929,443.814279945258,19845.0,19861.23170305225,ok,0.00048533998563537827,14466.007014909432,ok,-80.18829379911404,69.02712624657073,-0.11349464134070943,-69.51036033359014,61.39098558410317,-0.0983816096061075,1.2560026566024527,0.010072921685386982,0.012205692657117018
583,2,79.00971666666666,Forward,0.07924528869587952,443.77212867564594,19860.0,19861.36010058213,ok,0.0004779905317600479,14466.18640400093,ok,-80.05989626923474,69.02730797423835,-0.11331291367308764,-69.33097124209235,61.39123948276637,-0.09812771094290633,1.2560026566024527,0.009935751957520278,0.012205692657117018
584,2,79.14503333333333,Forward,0.0792181995295734,443.23677912419953,19850.0,19861.13962511298,ok,0.0004823081902284717,14466.578115456725,ok,-80.28037173838311,69.02699592389897,-0.11362496401248139,-68.93925978629704,61.39179389225781,-0.09757330145146725,1.2560026566024527,0.008927361824033433,0.012205692657117018
585,2,79.28035,Forward,0.07943543947163773,443.4374239222743,19860.0,19861.141186159,ok,0.0004814749874038074,14465.611289261838,ok,-80.27881069236537,69.02699813332816,-0.11362275458328036,-69.90608598118342,61.39042549311837,-0.0989417005909018,1.2560026566024527,0.01064828420765676,0.012205692657117018
586,2,79.41595,Forward,0.0793638035007134,444.4293563090614,19860.0,19861.083230274882,ok,0.0004823680825559665,14466.720416342772,ok,-80.33676657648175,69.0269161053666,-0.11370478254484108,-68.79695890024959,61.39199529806481,-0.09737189564446903,1.2560026566024527,0.008594577063028824,0.012205692657117018
587,2,79.55125,Forward,0.07931461403205334,444.2812821531734,19860.0,19860.895288948104,ok,0.0004817151394205476,14466.533802662509,ok,-80.5247079032597,69.02665010228229,-0.11397078562914657,-68.98357258051328,61.39173117406731,-0.09763601964196741,1.2560026566024527,0.008660314421253756,0.012205692657117018
588,2,79.68633333333334,Forward,0.07937207441970512,443.9480161908432,19860.0,19861.018211078583,ok,0.0004697509962566091,14465.732417044435,ok,-80.4017857727813,69.02682408033384,-0.11379680757760663,-69.78495819858654,61.390596931536514,-0.09877026217276226,1.2560026566024527,0.010258904104703509,0.012205692657117018
589,2,79.82243333333334,Forward,0.07945679931926555,443.73897586351086,19845.0,19860.981761527793,ok,0.00048559289064347403,14466.672041450387,ok,-80.43823532357055,69.02677249139862,-0.11384839651282229,-68.84533379263485,61.39192683057659,-0.09744036313269011,1.2560026566024527,0.00853695844214418,0.012205692657117018
590,2,79.95898333333334,Forward,0.07940095845742534,444.67267472959065,19860.0,19860.736563630016,ok,0.0004751019514174265,14466.632346697017,ok,-80.68343322134751,69.0264254501268,-0.11419543778464943,-68.88502854600483,61.391870648538244,-0.09749654517103253,1.2560026566024527,0.008260481959728463,0.012205692657117018
591,2,80.09455,Forward,0.07933431087794166,444.6960030268201,19860.0,19860.80350871196,ok,0.0004731039709582482,14466.347463523412,ok,-80.61648813940337,69.02652020096517,-0.11410068694628131,-69.16991171960944,61.39146743864213,-0.09789975506714602,1.2560026566024527,0.00886166549878352,0.012205692657117018
592,2,80.2296,Forward,0.079490886750895,444.56113237909085,19845.0,19860.640492164377,ok,0.00048496829433301885,14466.421201272226,ok,-80.77950468698691,69.02628947521052,-0.11433141270092755,-69.09617397079637,61.39157180349339,-0.0977953902158901,1.2560026566024527,0.008499857213703915,0.012205692657117018
593,2,80.3657,Forward,0.07943811511907567,444.3354493900042,19875.0,19860.550350382666,ok,0.0004791598701858403,14466.158138326562,ok,-80.86964646869819,69.02616189288271,-0.11445899502872671,-69.35923691645985,61.39119947689491,-0.09816771681436968,1.2560026566024527,0.008839918082718876,0.012205692657117018
594,2,80.50135,Forward,0.07963335312398634,443.7501744957299,19845.0,19860.475916205047,ok,0.000485579103529511,14466.56984067199,ok,-80.94408064631716,69.02605654233973,-0.11456434557170644,-68.94753457103252,61.39178218052682,-0.09758501318245977,1.2560026566024527,0.00800269023004839,0.012205692657117018
595,2,80.63691666666666,Forward,0.07956740709253576,444.3007472747231,19860.0,19860.54403438516,ok,0.00048497524817871983,14466.619608721672,ok,-80.87596246620524,69.02615295352464,-0.11446793438680268,-68.8977665213497,61.39185261982264,-0.09751457388663026,1.2560026566024527,0.008010629472261097,0.012205692657117018
596,2,80.7717,Forward,0.07953307962507125,444.79142452172164,19845.0,19860.38087859935,ok,0.00048139709150465216,14466.551938912193,ok,-81.0391182520143,69.02592203069892,-0.11469885721251401,-68.9654363308291,61.391756843239904,-0.09761035046937812,1.2560026566024527,0.007900002288921376,0.012205692657117018
597,2,80.90806666666667,Forward,0.07960678009123198,445.40458572204807,19835.0,19860.540298313466,ok,0.00048287615739947136,14464.465482785485,ok,-80.87969853789764,69.02614766566906,-0.11447322224238188,-71.05189245753718,61.38880377392573,-0.1005634197835487,1.2560026566024527,0.01183470016278293,0.012205692657117018
598,2,81.04358333333333,Forward,0.07953350441776846,444.79916805083485,19860.0,19860.195898501195,ok,0.0004785738146932289,14466.26434370772,ok,-81.22409835016879,69.02566021879471,-0.11496066911672793,-69.25303153530149,61.39134979486617,-0.09801739884310548,1.2560026566024527,0.008149444223474717,0.012205692657117018
599,2,81.17891666666667,Forward,0.07954518470198213,444.41894146388586,19860.0,19860.1817318319,ok,0.00048309042439429595,14466.305184678738,ok,-81.23826501946314,69.02564016797464,-0.1149807199367963,-69.21219056428345,61.391407599205664,-0.09795959450361784,1.2560026566024527,0.008056790999446728,0.012205692657117018
600,2,81.31423333333333,Forward,0.0796524143883422,444.95486120206624,19860.0,19860.24528994574,ok,0.0004779536453310607,14466.26309328539,ok,-81.1747069056255,69.0257301250618,-0.11489076284963884,-69.25428195763197,61.39134802507875,-0.09801916863052955,1.2560026566024527,0.008221573348270075,0.012205692657117018
601,2,81.44956666666667,Forward,0.07962706913040735,445.26228260858625,19845.0,19860.05156049551,ok,0.00047807551349124286,14466.401383917213,ok,-81.36843635585319,69.02545592974688,-0.11516495816455359,-69.11599132580886,61.39154375496544,-0.09782343874383481,1.2560026566024527,0.007701540775690227,0.012205692657117018
602,2,81.58513333333333,Forward,0.07962367027247691,445.09468250218924,19845.0,19860.027529503812,ok,0.0004870029192003058,14466.410370118054,ok,-81.39246734755216,69.02542191744092,-0.11519897047052394,-69.10700512496805,61.39155647360046,-0.09781072010881811,1.2560026566024527,0.007651553830350558,0.012205692657117018
603,2,81.72071666666666,Forward,0.07966250714600151,445.18085796631567,19860.0,19859.980467552006,ok,0.0004853335344701254,14465.76925689777,ok,-81.43952929935767,69.02535530822543,-0.11526557968600795,-69.74811834525099,61.39064907288712,-0.09871812082215768,1.2560026566024527,0.008724642321424003,0.012205692657117018
604,2,81.85616666666667,Forward,0.07969782869969264,445.17787231058173,19860.0,19859.725572926152,ok,0.00047653200092016883,14466.208737789308,ok,-81.6944239252116,69.02499454267263,-0.11562634523881343,-69.30863745371425,61.39127109293267,-0.09809610077661322,1.2560026566024527,0.0075826179389547055,0.012205692657117018
605,2,81.99146666666667,Forward,0.07974028203973638,445.55485750656953,19835.0,19859.802885441735,ok,0.0004740949176052435,14466.42043255929,ok,-81.6171114096287,69.02510396707626,-0.11551692083518152,-69.09694268373278,61.3915707154942,-0.09779647821508396,1.2560026566024527,0.007315715609327825,0.012205692657117018
606,2,82.12785,Forward,0.0798382651683111,444.944685848659,19860.0,19859.58756034793,ok,0.0004782051822159276,14466.138792650714,ok,-81.83243650343502,69.02479920632958,-0.11582168158186139,-69.3785825923078,61.39117209595889,-0.09819509775038707,1.2560026566024527,0.007511622057962297,0.012205692657117018
607,2,82.26315,Forward,0.07974540458546897,445.82772978151115,19860.0,19859.68611589123,ok,0.0004800079671813692,14466.345827014517,ok,-81.73388096013514,69.02493869708951,-0.1156821908219385,-69.17154822850534,61.391465122406416,-0.09790207130286312,1.2560026566024527,0.007283070821340332,0.012205692657117018
608,2,82.39818333333334,Forward,0.07976093052375743,445.39137277761984,19860.0,19859.489884484334,ok,0.0004771821548256489,14466.610865338824,ok,-81.93011236703023,69.02466096062585,-0.11595992728558162,-68.90650990419817,61.391840244860504,-0.09752694884877847,1.2560026566024527,0.006534179558815648,0.012205692657117018
609,2,82.5335,Forward,0.07981028044660138,445.8054483196029,19845.0,19859.44309566984,ok,0.00048683710651735315,14466.036809965248,ok,-81.97690118152241,69.02459473799576,-0.11602614991569331,-69.48056527777408,61.39102775458733,-0.09833943912194629,1.2560026566024527,0.0074884468702663964,0.012205692657117018
610,2,82.66963333333334,Forward,0.07981829668190213,444.8992155444139,19845.0,19859.36538636159,ok,0.00047866202675693145,14465.990163683122,ok,-82.05461048977304,69.02448475199093,-0.11613613592051883,-69.52721155990002,61.39096173369065,-0.0984054600186251,1.2560026566024527,0.007461383287060738,0.012205692657117018
611,2,82.8052,Forward,0.07985609483391409,446.05587136602844,19860.0,19859.281040899805,ok,0.0004841498640980068,14466.394694696775,ok,-82.13895595155918,69.02436537349463,-0.11625551441681302,-69.12268054624656,61.391534287365644,-0.09783290634363594,1.2560026566024527,0.006622875853932661,0.012205692657117018
612,2,82.9406,Forward,0.07999376732954558,445.5202477811108,19835.0,19859.128120564077,ok,0.00048384295647072197,14466.37971084727,ok,-82.29187628728687,69.02414893743102,-0.11647195048041843,-69.13766439575193,61.39151307994814,-0.09785411376113974,1.2560026566024527,0.00643307636305171,0.012205692657117018
613,2,83.07561666666666,Forward,0.07998390734468389,446.03745227788386,19860.0,19859.13170612425,ok,0.0004839845356995537,14466.302646227517,ok,-82.28829072711233,69.02415401225986,-0.11646687565157826,-69.21472901550442,61.3914040064043,-0.09796318730497618,1.2560026566024527,0.006575147852715485,0.012205692657117018
614,2,83.21175,Forward,0.07989911657117679,446.27894385564286,19845.0,19859.35133100651,ok,0.0004770286860013323,14466.539112785096,ok,-82.06866584485397,69.02446485871963,-0.11615602919182128,-68.97826245792567,61.39173868975857,-0.09762850395071121,1.2560026566024527,0.006465631130395055,0.012205692657117018
615,2,83.34651666666667,Forward,0.08009458938506861,445.57315920517794,19850.0,19858.82722362516,ok,0.0004795368676696686,14466.707808791634,ok,-82.59277322620255,69.02372306242427,-0.11689782548716574,-68.80956645138758,61.391977453945344,-0.09738973976393833,1.2560026566024527,0.0054239463821623285,0.012205692657117018
616,2,83.48158333333333,Forward,0.0800988116648966,445.8070433243847,19860.0,19858.882389214734,ok,0.0004857241716707068,14466.287721029697,ok,-82.53760763663013,69.0238011411376,-0.11681974677384935,-69.22965421332447,61.39138288199956,-0.09798431170971497,1.2560026566024527,0.006248809038915476,0.012205692657117018
617,2,83.61633333333333,Forward,0.0800344188566405,445.63639373097976,19860.0,19858.728860770432,ok,0.00048332725714290834,14466.363881689716,ok,-82.69113608093176,69.02358384438645,-0.11703704352498441,-69.15349355330545,61.391490676122416,-0.09787651758686228,1.2560026566024527,0.005896122583111299,0.012205692657117018
618,2,83.75173333333333,Forward,0.08009016977080458,446.31079644404963,19860.0,19858.807780354604,ok,0.0004783154466591767,14466.520350725368,ok,-82.61221649676008,69.02369554335742,-0.11692534455402537,-68.9970245176537,61.39171213484464,-0.09765505886463643,1.2560026566024527,0.005729668810626892,0.012205692657117018
619,2,83.8873,Forward,0.08010656943641453,446.58440863041324,19845.0,19858.541908096024,ok,0.0004853734374476042,14466.505220683775,ok,-82.87808875534029,69.023319240593,-0.11730164731843633,-69.01215455924648,61.391690720513914,-0.09767647319536586,1.2560026566024527,0.005380262502501454,0.012205692657117018
620,2,84.02268333333333,Forward,0.08018048480761877,446.0390018296639,19845.0,19858.4596649489,ok,0.00048118215946741966,14465.9808952032,ok,-82.96033190246453,69.02320283761142,-0.11741805030001093,-69.53648003982198,61.39094861553144,-0.09841857817783113,1.2560026566024527,0.006195945350381149,0.012205692657117018
621,2,84.15803333333334,Forward,0.08017542851579046,446.00841758260503,19860.0,19858.339613333606,ok,0.00047077146071204695,14466.14044030463,ok,-83.08038351775758,69.02303292234856,-0.11758796556288198,-69.37693493839106,61.391174427968735,-0.0981927657405453,1.2560026566024527,0.0057424090663852345,0.012205692657117018
622,2,84.29333333333334,Forward,0.0802603447532752,446.00058817703393,19860.0,19858.417012189635,ok,0.0004766152889906995,14466.646245895754,ok,-83.00298466172899,69.02314246895429,-0.11747841895714982,-68.87112934726792,61.391890320793394,-0.09747687291588367,1.2560026566024527,0.004952792382499738,0.012205692657117018
623,2,84.42945,Forward,0.08018721132038276,445.85588276265116,19860.0,19858.206657080034,ok,0.00048075370263709694,14466.672333499318,ok,-83.21333977132963,69.02284474248341,-0.11777614542802498,-68.8450417437034,61.39192724392855,-0.09743994978072616,1.2560026566024527,0.004608690355776657,0.012205692657117018
624,2,84.56448333333333,Forward,0.08026747861965258,446.48346252797273,19835.0,19858.289537059358,ok,0.00047698571967853516,14466.387999591674,ok,-83.13045979200615,69.02296204680655,-0.11765884110488763,-69.1293756513478,61.39152481143697,-0.09784238227230588,1.2560026566024527,0.005231450957441278,0.012205692657117018
625,2,84.6998,Forward,0.08024120615291572,446.3859466359281,19850.0,19858.153882305167,ok,0.0004809521849567484,14466.681669851208,ok,-83.26611454619706,69.02277004761386,-0.11785084029758312,-68.83570539181346,61.391940458150465,-0.097426735558812,1.2560026566024527,0.004517398388389382,0.012205692657117018
626,2,84.8351,Forward,0.08028398334843503,446.1578838630667,19860.0,19858.166587277068,ok,0.00047898034418265845,14466.20297648675,ok,-83.2534095742958,69.02278802961797,-0.1178328582934668,-69.31439875627257,61.39126293866305,-0.09810425504622705,1.2560026566024527,0.00538634666859894,0.012205692657117018
627,2,84.97146666666667,Forward,0.0802865363620929,445.7470892122328,19845.0,19857.96852412336,ok,0.00048087333055256903,14466.48603334299,ok,-83.45147272800386,69.02250770058829,-0.11811318732315311,-69.0313419000322,61.391663563677696,-0.09770363003157705,1.2560026566024527,0.004602831556210843,0.012205692657117018
628,2,85.1068,Forward,0.08029596651738247,446.1148915884296,19860.0,19858.031522538993,ok,0.00048306552388365995,14466.421979826499,ok,-83.38847431237082,69.02259686550562,-0.11802402240582469,-69.09539541652339,61.39157290542153,-0.09779428828774335,1.2560026566024527,0.004805863484127093,0.012205692657117018
629,2,85.24263333333333,Forward,0.08036296028216272,446.0679796702789,19845.0,19858.0072421891,ok,0.0004801737255555978,14466.10440135834,ok,-83.41275466226216,69.0225625002701,-0.11805838764134707,-69.41297388468229,61.391123420183305,-0.09824377352596929,1.2560026566024527,0.00533605290192006,0.012205692657117018
630,2,85.3782,Forward,0.0802717922841763,447.11752913887176,19835.0,19857.98494523742,ok,0.0004784674681409067,14465.916054424011,ok,-83.43505161394569,69.02253094224068,-0.11808994567076035,-69.60132081901065,61.39085684302165,-0.09851035068762796,1.2560026566024527,0.005639316495739621,0.012205692657117018
631,2,85.5143,Forward,0.08033491052436187,446.6145534839088,19835.0,19857.83655744177,ok,0.00047861441245891846,14466.477950542943,ok,-83.58343940959458,69.02232092131557,-0.11829996659586818,-69.0394247000786,61.39165212367257,-0.09771507003670539,1.2560026566024527,0.0044304209603285155,0.012205692657117018
632,2,85.65068333333333,Forward,0.08026145579827268,447.146298462274,19860.0,19857.725214443893,ok,0.0004783765098651807,14466.583629410694,ok,-83.69478240747048,69.02216333180954,-0.11845755610190485,-68.93374583232799,61.39180169644217,-0.09756549726711017,1.2560026566024527,0.004084967658324862,0.012205692657117018
633,2,85.78575,Forward,0.08043737883912971,446.3943711306747,19840.0,19857.744881111743,ok,0.0004783914195387652,14466.447987278008,ok,-83.6751157396211,69.02219116706215,-0.11842972084929898,-69.06938796501345,61.39160971511335,-0.09775747859593595,1.2560026566024527,0.004353931969953984,0.012205692657117018
634,2,85.92078333333333,Forward,0.08047012217043156,446.2418488135336,19835.0,19857.709938905344,ok,0.00048698592138973887,14466.785108748965,ok,-83.71005794602024,69.02214171154944,-0.11847917636200583,-68.7322664940566,61.39208686057463,-0.09728033313465015,1.2560026566024527,0.0037051804902863555,0.012205692657117018
635,2,86.05583333333334,Forward,0.08039339551663671,446.64540204686637,19835.0,19857.730383443428,ok,0.00047800222788316345,14466.429947365828,ok,-83.68961340793612,69.02217064776204,-0.11845024014940794,-69.08742787719348,61.391584182292206,-0.09778301141707091,1.2560026566024527,0.0043654819610210865,0.012205692657117018
636,2,86.1914,Forward,0.08035019955415945,447.14296617572836,19860.0,19857.553362270464,ok,0.00047536882354292384,14466.388354613528,ok,-83.8666345808997,69.02192010053645,-0.11870078737498609,-69.12902062949433,61.39152531391777,-0.09784187979150702,1.2560026566024527,0.004188873570124554,0.012205692657117018
637,2,86.3267,Forward,0.08047512988613076,446.7688985432287,19845.0,19857.50150824534,ok,0.0004878408127491165,14466.323524473233,ok,-83.91848860602477,69.02184670885165,-0.11877417905979216,-69.1938507697887,61.391433556465756,-0.09793363724352624,1.2560026566024527,0.004230729488817697,0.012205692657117018
638,2,86.4628,Forward,0.08038561494278612,446.7198312349574,19845.0,19857.531701313874,ok,0.0004818451515603283,14466.520971045864,ok,-83.8882955374902,69.0218894426638,-0.11873144524763635,-68.99640419715797,61.39171301281634,-0.09765418089294202,1.2560026566024527,0.003922465382235299,0.012205692657117018
639,2,86.59826666666666,Forward,0.08046611222362596,447.7699775074725,19860.0,19857.37226319464,ok,0.0004812902140415799,14466.495163282152,ok,-84.04773365672372,69.02166378164395,-0.11895710626748268,-69.02221196086975,61.391676485753,-0.09769070795627638,1.2560026566024527,0.0037426824509748102,0.012205692657117018
640,2,86.73403333333333,Forward,0.0804687182218965,446.9232916729525,19845.0,19857.434046337705,ok,0.00048545565906484456,14466.711096345345,ok,-83.98595051365919,69.02175122652314,-0.11886966138830148,-68.80627889767675,61.39198210699021,-0.09738508671906579,1.2560026566024527,0.003446266244305385,0.012205692657117018
641,2,86.87028333333333,Forward,0.08051545907270957,446.89017220332244,19835.0,19857.27921776388,ok,0.00048629040453150677,14466.60590737541,ok,-84.14077908748368,69.02153208963142,-0.11908879828002193,-68.91146786761237,61.39183322759834,-0.09753396611093501,1.2560026566024527,0.003414122264286029,0.012205692657117018
642,2,87.00503333333333,Forward,0.08057276299086191,447.11405852836833,19845.0,19857.34374911969,ok,0.0004793522492427913,14466.583114858373,ok,-84.07624773167481,69.0216234241983,-0.1189974637131448,-68.93426038464895,61.39180096816965,-0.09756622553963416,1.2560026566024527,0.003545974759309775,0.012205692657117018
643,2,87.14033333333333,Forward,0.08053816002484473,447.553476722489,19845.0,19857.014869098006,ok,0.00048003427229878265,14466.224069718952,ok,-84.4051277533581,69.0211579432866,-0.11946294462484221,-69.29330552407009,61.391292793006,-0.09807440070327852,1.2560026566024527,0.0037187632031690787,0.012205692657117018
644,2,87.2762,Forward,0.0805561919935614,447.29352074892813,19860.0,19857.17398797324,ok,0.000478604720615077,14465.757463931179,ok,-84.24600887812267,69.0213831524639,-0.11923773544754478,-69.7599113118431,61.390632381691304,-0.09873481201797071,1.2560026566024527,0.0047734507461702075,0.012205692657117018
645,2,87.41125,Forward,0.08061286925431563,446.72145615628324,19850.0,19857.089648286554,ok,0.00048042801325147514,14466.307215036079,ok,-84.33034856481027,69.0212637821414,-0.11935710577004317,-69.21016020694333,61.391410472875464,-0.097956720833819,1.2560026566024527,0.003676795829298307,0.012205692657117018
646,2,87.54683333333334,Forward,0.08057024915181613,447.09517128594234,19835.0,19856.870745958993,ok,0.00047669259307696804,14466.15518932391,ok,-84.54925089237076,69.02095395835069,-0.11966692956074965,-69.36218591911165,61.39119530301887,-0.09817189069041098,1.2560026566024527,0.0036372259500921378,0.012205692657117018
647,2,87.68211666666667,Forward,0.08053940319282202,447.2781449876893,19845.0,19857.13942200624,ok,0.000489153124900619,14466.529716867211,ok,-84.28057484512465,69.02133422946227,-0.11928665844916535,-68.9876583758105,61.39172539122982,-0.09764180247946001,1.2560026566024527,0.003351704860488386,0.012205692657117018
648,2,87.81823333333334,Forward,0.08052454303295989,447.7282772714898,19860.0,19856.94921203492,ok,0.0004771911872101611,14466.209264374296,ok,-84.47078481644348,69.02106501544796,-0.11955587246347445,-69.30811086872563,61.391271838235646,-0.09809535547363211,1.2560026566024527,0.0036521546117694453,0.012205692657117018
649,2,87.95408333333333,Forward,0.08054046424902708,447.8541678174006,19860.0,19856.890947046057,ok,0.00048381682275578817,14466.244030716565,ok,-84.5290498053073,69.02098254999447,-0.11963833791697799,-69.27334452645664,61.39132104483875,-0.09804614887052826,1.2560026566024527,0.0035078855340450743,0.012205692657117018
650,2,88.08993333333333,Forward,0.08052329166179364,446.93327663335003,19845.0,19857.021023033678,ok,0.0004853815361786803,14466.532260344533,ok,-84.39897381768606,69.02116665327017,-0.11945423464126677,-68.98511489848897,61.39172899114487,-0.09763820256440149,1.2560026566024527,0.0031796071655099123,0.012205692657117018
651,2,88.22635,Forward,0.08055759896227299,447.11958013197363,19860.0,19856.918840444883,ok,0.00047953697891136063,14466.827048741465,ok,-84.50115640648073,69.02102202896509,-0.11959885894635013,-68.69032650155714,61.39214622041608,-0.09722097329319394,1.2560026566024527,0.0025109417873775686,0.012205692657117018
652,2,88.36165,Forward,0.08069153447172897,447.06913362805426,19860.0,19856.873171311097,ok,0.00048240246132324647,14466.372717273971,ok,-84.54682554026658,69.02095739107702,-0.11966349683442329,-69.14465796905097,61.39150318158198,-0.09786401212729344,1.2560026566024527,0.0032539623832319176,0.012205692657117018
653,2,88.49723333333333,Forward,0.08060581821384319,448.0464633674892,19845.0,19856.942613669245,ok,0.0004768777158441276,14466.27897337887,ok,-84.4773831821185,69.02105567643962,-0.11956521147182893,-69.23840186415146,61.39137050099673,-0.09799669271255398,1.2560026566024527,0.003518894913393092,0.012205692657117018
654,2,88.632,Forward,0.08074801262978251,447.1957265495839,19835.0,19856.801695091926,ok,0.0004787051888942354,14466.44374178948,ok,-84.6183017594376,69.02085622708569,-0.11976466082576007,-69.07363345354133,61.39160370625376,-0.09776348745552081,1.2560026566024527,0.003026539137094636,0.012205692657117018
655,2,88.76705,Forward,0.08067883401086076,447.1149745079201,19845.0,19856.936064735157,ok,0.0004861490058047198,14466.31863434866,ok,-84.48393211620714,69.02104640739434,-0.1195744805171015,-69.19874089436234,61.39142663521942,-0.09794055848986163,1.2560026566024527,0.0034391211352926138,0.012205692657117018
656,2,88.90235,Forward,0.08055516807091365,447.7493571202358,19845.0,19856.80033789279,ok,0.0004826398307428239,14466.326338514375,ok,-84.61965895857429,69.02085430617151,-0.11976658173992284,-69.1910367286473,61.39143753932379,-0.09792965438549388,1.2560026566024527,0.0032333243284174973,0.012205692657117018
657,2,89.03818333333334,Forward,0.08063675020402661,446.79411731981963,19860.0,19856.63794047356,ok,0.0004865740052136033,14467.019576817389,ok,-84.78205637780411,69.02062445670127,-0.11999643121017492,-68.49779842563294,61.39241871536379,-0.09694847834549279,1.2560026566024527,0.001771115145329391,0.012205692657117018
658,2,89.1735,Forward,0.080581815838423,446.799261117234,19860.0,19856.825438243202,ok,0.0004762711615373821,14466.71197960676,ok,-84.5945586081616,69.02088983199621,-0.11973105591523388,-68.80539563626189,61.39198335711579,-0.09738383659348337,1.2560026566024527,0.0025833015563203887,0.012205692657117018
659,2,89.30856666666666,Forward,0.08060259918306772,447.62924013430165,19850.0,19856.686771851728,ok,0.00048547338500463895,14466.149382987434,ok,-84.73322499963615,69.02069357027743,-0.11992731763400595,-69.36799225558752,61.391187085010415,-0.09818010869885847,1.2560026566024527,0.003387159717277863,0.012205692657117018
660,2,89.4435,Forward,0.08060358896310715,447.2568976267212,19845.0,19856.83288242653,ok,0.0004770392834060807,14466.278350389122,ok,-84.587114424834,69.02090036813405,-0.11972051977739115,-69.23902485389954,61.3913696192471,-0.09799757446217937,1.2560026566024527,0.0033646940877028186,0.012205692657117018
661,2,89.5788,Forward,0.08065167716337338,447.95212659010576,19850.0,19856.74422308587,ok,0.0004862909265526312,14466.61979114343,ok,-84.67577376549525,69.02077488398177,-0.1198460039296673,-68.89758409959177,61.3918528780136,-0.09751431569567735,1.2560026566024527,0.002632235640873712,0.012205692657117018
662,2,89.71411666666667,Forward,0.08058855890370267,447.0254527537145,19860.0,19856.696742138916,ok,0.0004822221984521056,14466.834334200501,ok,-84.72325471244767,69.02070768174077,-0.11991320617066249,-68.68304104252093,61.392156531903225,-0.09721066180605359,1.2560026566024527,0.0021836433078233908,0.012205692657117018
663,2,89.84995,Forward,0.08064155089636851,447.61617573604235,19860.0,19856.530485492898,ok,0.0004844404477942734,14466.476684857636,ok,-84.88951135846582,69.02047237010717,-0.1201485178042734,-69.04069038538546,61.391650332282666,-0.09771686142660965,1.2560026566024527,0.002584119742402066,0.012205692657117018
664,2,89.98498333333333,Forward,0.0806075897422158,447.5307779133909,19845.0,19856.812528869043,ok,0.00048361151940997163,14466.26797074129,ok,-84.6074679823214,69.020871560691,-0.11974932722044296,-69.24940450173199,61.391354928394456,-0.0980122653148235,1.2560026566024527,0.0033543383945997957,0.012205692657117018
665,2,90.12108333333333,Forward,0.08069385181419406,447.84167383356544,19860.0,19856.790673983094,ok,0.00047518060801267386,14466.061085751231,ok,-84.62932286826981,69.0208406283401,-0.11978025957134783,-69.45628949179081,61.39106211336332,-0.09830508034595915,1.2560026566024527,0.0036911825006944315,0.012205692657117018
666,2,90.2572,Forward,0.0806214392584643,447.80087002826986,19860.0,19856.56328396756,ok,0.0004835034742502857,14466.301094569015,ok,-84.856712883804,69.02051879148543,-0.12010209642601595,-69.21628067400707,61.39140181026174,-0.09796538344754135,1.2560026566024527,0.0029426854391739338,0.012205692657117018
667,2,90.39278333333333,Forward,0.08058417046058297,447.8222528467595,19845.0,19856.686409425365,ok,0.0004746565926139181,14466.415350847306,ok,-84.73358742599885,69.02069305731665,-0.11992783059478986,-69.10202439571549,61.39156352308429,-0.09780367062499257,1.2560026566024527,0.0029138395356720775,0.012205692657117018
668,2,90.52915,Forward,0.08062194136768008,447.0780236280916,19835.0,19856.80850887068,ok,0.00048787875567894956,14466.1829827513,ok,-84.61148798068461,69.0208658709793,-0.11975501693213038,-69.33439249172261,61.391234640494744,-0.09813255321453138,1.2560026566024527,0.0034997306045025933,0.012205692657117018
669,2,90.66498333333334,Forward,0.0806653184530654,447.8756292313883,19845.0,19856.774866642278,ok,0.0004898093887540604,14466.684250757258,ok,-84.64513020908635,69.02081825539273,-0.11980263251871366,-68.83312448576362,61.391944111040345,-0.09742308266893764,1.2560026566024527,0.0025610181278723776,0.012205692657117018
670,2,90.80083333333333,Forward,0.08059816124802335,447.8166041694021,19845.0,19856.750267574662,ok,0.0004751786289917459,14466.343343565746,ok,-84.66972927670213,69.02078343905951,-0.11983744885192263,-69.1740316772757,61.39146160745287,-0.09790558625640716,1.2560026566024527,0.003132227582345354,0.012205692657117018
671,2,90.93615,Forward,0.08073906273614159,447.40901052973277,19845.0,19856.59675531339,ok,0.0004933510132261209,14466.930092079083,ok,-84.82324153797526,69.02056616521307,-0.1200547226983801,-68.58728316393899,61.392292062983515,-0.09707513072576361,1.2560026566024527,0.0018718993832093772,0.012205692657117018
672,2,91.07171666666666,Forward,0.08061037716541192,447.90205378387327,19860.0,19856.75376470163,ok,0.00048367167533618907,14466.16039450967,ok,-84.66623214973515,69.02078838872427,-0.11983249918717687,-69.35698073335152,61.3912026701876,-0.09816452352167637,1.2560026566024527,0.0034624031401626065,0.012205692657117018
673,2,91.20701666666666,Forward,0.08068693428013723,448.1218226986057,19860.0,19856.699772519412,ok,0.00048523665095383337,14466.374213258212,ok,-84.72022433195161,69.02071197079509,-0.11990891711634757,-69.14316198480992,61.391505298925885,-0.09786189478339143,1.2560026566024527,0.003005882711741764,0.012205692657117018
674,2,91.3424,Forward,0.08065293445311136,447.47293048681604,19835.0,19856.618100862586,ok,0.0004858449594691068,14466.340307198965,ok,-84.80189598877769,69.02059637667331,-0.12002451123813294,-69.1770680440568,61.391457309925855,-0.09790988378342104,1.2560026566024527,0.0029505629014812823,0.012205692657117018
675,2,91.47776666666667,Forward,0.08069102488026936,447.0765005418398,19845.0,19856.778550894374,ok,0.0004780804663182927,14466.45392406704,ok,-84.64144595698963,69.02082346990535,-0.11979741800608949,-69.06345117598175,61.39161811775804,-0.09774907595123626,1.2560026566024527,0.0029756810690981655,0.012205692657117018
676,2,91.61253333333333,Forward,0.08068602530930435,448.6167134891839,19860.0,19856.52544941832,ok,0.0004805986300587065,14466.274830576322,ok,-84.89454743304304,69.02046524229024,-0.12015564562120061,-69.24254466670027,61.39136463747392,-0.09800255623535946,1.2560026566024527,0.0029358253642421395,0.012205692657117018
677,2,91.74786666666667,Forward,0.08072920497257097,446.7225521321816,19860.0,19856.562609190136,ok,0.0004807950065080484,14466.128637200218,ok,-84.85738766122813,69.02051783643802,-0.12010305147341888,-69.3887380428041,61.39115772242434,-0.09820947128494087,1.2560026566024527,0.0032483053639891513,0.012205692657117018
678,2,91.88371666666667,Forward,0.08073261404064638,447.62323222462146,19845.0,19856.5312960445,ok,0.0004797727786461085,14466.19247557577,ok,-84.8887008068632,69.02047351732278,-0.12014737058865038,-69.32489966725188,61.3912480761804,-0.09811911752887738,1.2560026566024527,0.0030905016911078886,0.012205692657117018
679,2,92.01955,Forward,0.08067579720876741,447.3697295570819,19850.0,19856.49843290602,ok,0.0004814093975741784,14466.112816625611,ok,-84.92156394534322,69.02042700442249,-0.12019388348895557,-69.40455861741066,61.39113533074651,-0.09823186296277446,1.2560026566024527,0.0031855973552972344,0.012205692657117018
680,2,92.15511666666667,Forward,0.08062013126385967,447.84241769189975,19845.0,19856.75814011556,ok,0.00047982791177637743,14466.576598964093,ok,-84.66185673580549,69.020794581474,-0.11982630643744824,-68.94077627892875,61.39179174588732,-0.09757544782195572,1.2560026566024527,0.002728715246102159,0.012205692657117018
681,2,92.29073333333334,Forward,0.08083718190905437,447.2243806283732,19845.0,19856.44382772602,ok,0.00048148528846583203,14466.456934089752,ok,-84.97616912534431,69.02034971888583,-0.12027116902560876,-69.0604411532695,61.39162237799893,-0.0977448157103461,1.2560026566024527,0.0024965791757030897,0.012205692657117018
682,2,92.42603333333334,Forward,0.08070705978649703,447.683173863079,19845.0,19856.537316052316,ok,0.00048030584223388435,14466.444332947942,ok,-84.8826807990481,69.02048203775134,-0.12013885016010063,-69.07304229508009,61.391604542950915,-0.09776265075836271,1.2560026566024527,0.002651298908900715,0.012205692657117018
683,2,92.56185,Forward,0.08070339935205356,448.19328825202683,19845.0,19856.454869913887,ok,0.00047936007642368625,14466.248391941646,ok,-84.96512693747718,69.02036534746567,-0.1202555404457722,-69.26898330137556,61.391327217506266,-0.09803997620301118,1.2560026566024527,0.002882930118451074,0.012205692657117018
684,2,92.69785,Forward,0.08065459704566569,447.4067459870748,19845.0,19856.602735872166,ok,0.000481762118074243,14466.578552713976,ok,-84.81726097919818,69.02057462980734,-0.12004625810409503,-68.93882252904586,61.39179451113063,-0.09757268257865495,1.2560026566024527,0.002505290426523449,0.012205692657117018
685,2,92.83368333333334,Forward,0.08074986619004595,448.0059497711336,19845.0,19856.500713217636,ok,0.0004792061285305546,14466.372098341542,ok,-84.9192836337279,69.0204302318655,-0.12019065604593783,-69.14527690147952,61.39150230557489,-0.09786488813438456,1.2560026566024527,0.002727903438951018,0.012205692657117018
686,2,92.96898333333333,Forward,0.08071892433557656,447.84856796748136,19860.0,19856.40666711749,ok,0.00048207837197839366,14466.406146195126,ok,-85.01332973387252,69.0202971235538,-0.12032376435763413,-69.1112290478959,61.391550495263786,-0.09781669844549339,1.2560026566024527,0.002534268749986565,0.012205692657117018
687,2,93.1054,Forward,0.08073303250558667,447.46836702898145,19845.0,19856.387775608546,ok,0.0004799689902667014,14466.250116895528,ok,-85.0322212428182,69.02027038542371,-0.12035050248773507,-69.26725834749413,61.39132965892275,-0.09803753478652973,1.2560026566024527,0.0027849016509016306,0.012205692657117018
688,2,93.24121666666667,Forward,0.08079199160711836,447.1615126236502,19835.0,19856.361739238342,ok,0.0004808550722324481,14466.799219436616,ok,-85.05825761302185,69.02023353480178,-0.120387353109666,-68.71815580640578,61.39210683216098,-0.09726036154829848,1.2560026566024527,0.0017719193771119218,0.012205692657117018
689,2,93.37733333333334,Forward,0.08077085056153613,447.97757684441603,19840.0,19856.33548211157,ok,0.0004918890410514166,14466.780625189987,ok,-85.08451473979221,69.02019637173166,-0.12042451617978825,-68.73675005303448,61.392080514761616,-0.0972866789476612,1.2560026566024527,0.0017678110305041211,0.012205692657117018
690,2,93.51211666666667,Forward,0.08070712467645078,448.08492801914326,19850.0,19856.312612725673,ok,0.0004795992450050868,14466.508262417821,ok,-85.10738412569117,69.02016400350648,-0.12045688440496569,-69.00911282520065,61.39169502563749,-0.09767216807178447,1.2560026566024527,0.0022196181693168726,0.012205692657117018
691,2,93.6477,Forward,0.08074489903726578,447.85718633925353,19835.0,19856.245734649507,ok,0.00048235196375552054,14466.00189044596,ok,-85.17426220185735,69.02006934750486,-0.12055154040658922,-69.51548479706253,61.39097833118487,-0.09838886252441151,1.2560026566024527,0.0030251323041651373,0.012205692657117018
692,2,93.78346666666667,Forward,0.08078176342377011,447.9945180570103,19850.0,19856.33043695061,ok,0.00047610441297694684,14466.057325454984,ok,-85.08955990075265,69.0201892310543,-0.12043165685714378,-69.4600497880383,61.39105679122147,-0.09831040248780461,1.2560026566024527,0.0030464698391951817,0.012205692657117018
693,2,93.91935,Forward,0.08089607237951046,447.049454105545,19860.0,19856.119781819147,ok,0.00046509945468698556,14466.305529309926,ok,-85.30021503221724,69.01989107994696,-0.12072980796448682,-69.2118459330959,61.39140808698001,-0.09795910672926608,1.2560026566024527,0.002307090325874575,0.012205692657117018
694,2,94.05518333333333,Forward,0.08074809294699264,447.96767589842057,19860.0,19856.208438642374,ok,0.00047313517988183855,14466.230099632296,ok,-85.21155820899003,69.02001656053618,-0.12060432737526533,-69.28727561072628,61.39130132745436,-0.09806586625492145,1.2560026566024527,0.0025666611629368286,0.012205692657117018
695,2,94.1905,Forward,0.08081690574947051,448.32298368820557,19845.0,19855.990357505707,ok,0.00048568029529954604,14465.964016254145,ok,-85.42963934565705,69.01970789901944,-0.12091298889200995,-69.55335898887643,61.39092472588149,-0.09844246782778354,1.2560026566024527,0.002731012222187662,0.012205692657117018
696,2,94.3266,Forward,0.08081751741315354,447.82218947407455,19845.0,19856.004060762247,ok,0.0004853034108222135,14466.069866793647,ok,-85.41593608911717,69.01972729394745,-0.12089359396399103,-69.44750844937516,61.391074541627006,-0.09829265208227694,1.2560026566024527,0.002562238175849413,0.012205692657117018
697,2,94.4619,Forward,0.0809126671826216,447.7154641138295,19845.0,19855.95476001598,ok,0.0004806348348010197,14466.2341992613,ok,-85.46523683538544,69.01965751605033,-0.12096337186111857,-69.2831759817218,61.39130712987141,-0.09806006383786715,1.2560026566024527,0.0022003288258486825,0.012205692657117018
698,2,94.59666666666666,Forward,0.08089964366029206,447.973721716593,19860.0,19855.898501153457,ok,0.0004901908853594393,14466.261506515035,ok,-85.52149569790708,69.01957788997123,-0.12104299794020844,-69.25586872798704,61.39134577924057,-0.0980214144687162,1.2560026566024527,0.002072159036429211,0.012205692657117018
699,2,94.73196666666666,Forward,0.08089768010227738,448.25878069416285,19860.0,19855.682152149733,ok,0.0004827793098353186,14466.663167218607,ok,-85.73784470163082,69.01927168003186,-0.12134920787957389,-68.85420802441513,61.391914270417175,-0.09745292329210192,1.2560026566024527,0.0010519226689811728,0.012205692657117018
700,2,94.86755,Forward,0.08096287826982704,448.16725802810106,19860.0,19855.899618324147,ok,0.00048580989228396777,14466.122228564987,ok,-85.52037852721696,69.01957947116071,-0.12104141675072573,-69.39514667803451,61.3911486519513,-0.09821854175797999,1.2560026566024527,0.0023213326249160726,0.012205692657117018
701,2,95.00313333333334,Forward,0.0809521036829646,447.6740064795922,19835.0,19855.767451105545,ok,0.0004799083104430253,14466.664689496489,ok,-85.65254574581922,69.0193924080576,-0.12122847985384949,-68.8526857465331,61.39191642497583,-0.09745076873344932,1.2560026566024527,0.001169944563314096,0.012205692657117018
702,2,95.13926666666667,Forward,0.08096341716674119,447.87887935841354,19860.0,19855.82038488853,ok,0.00047617928722345614,14466.29498733392,ok,-85.59961196283257,69.01946732797957,-0.12115355993187275,-69.2223879091016,61.391393166375906,-0.09797402733337304,1.2560026566024527,0.001902078676885105,0.012205692657117018
703,2,95.27536666666667,Forward,0.08104054973225885,448.070503922605,19860.0,19855.639309489714,ok,0.0004840781274104285,14466.46309058136,ok,-85.78068736165005,69.01921104259836,-0.1214098453130769,-69.05428466166268,61.391631091600054,-0.09773610210922394,1.2560026566024527,0.0013469585820769514,0.012205692657117018
704,2,95.41068333333334,Forward,0.08096135354833031,447.68635807762985,19835.0,19855.566653910457,ok,0.00048128279502899503,14466.42026299801,ok,-85.85334294090717,69.01910820939767,-0.12151267851376635,-69.09711224501189,61.39157047550535,-0.09779671820393578,1.2560026566024527,0.0013202593573784366,0.012205692657117018
705,2,95.54546666666667,Forward,0.08114287984472396,448.2864147200489,19845.0,19855.7906614435,ok,0.0004843666191842409,14466.095700631753,ok,-85.62933540786253,69.01942525884985,-0.12119562906158309,-69.42167461126883,61.391111105594774,-0.09825608811450283,1.2560026566024527,0.002214278637597142,0.012205692657117018
706,2,95.68183333333333,Forward,0.08100820814288767,448.9344599355427,19840.0,19855.606879277017,ok,0.00048390859923790763,14466.085346918204,ok,-85.81311757434742,69.01916514244031,-0.1214557454711213,-69.43202832481802,61.39109645144826,-0.09827074226101395,1.2560026566024527,0.0019725678750071446,0.012205692657117018
707,2,95.81821666666667,Forward,0.08105799995652488,448.42249285810976,19840.0,19855.517979252298,ok,0.0004815567977233271,14466.526040353216,ok,-85.90201759906631,69.01903931763545,-0.12158157027599778,-68.99133488980624,61.39172018766933,-0.09764700603994948,1.2560026566024527,0.0010633287194545121,0.012205692657117018
708,2,95.95378333333333,Forward,0.0810739154537416,448.1447865930422,19860.0,19855.51800356761,ok,0.0004845027694563607,14466.415186981732,ok,-85.90199328375456,69.01903935205016,-0.12158153586127894,-69.10218826128948,61.39156329115686,-0.09780390255241822,1.2560026566024527,0.0012604255706457484,0.012205692657117018
709,2,96.09076666666667,Forward,0.0810077235019831,448.76057195016983,19845.0,19855.43448052717,ok,0.0004856067365864211,14466.749880736312,ok,-85.98551632419549,69.01892113756935,-0.12169975034208927,-68.76749450671014,61.39203700054554,-0.09733019316373712,1.2560026566024527,0.0005472308391944319,0.012205692657117018
710,2,96.22618333333334,Forward,0.0809904266539713,449.22295337961623,19860.0,19855.30385742004,ok,0.0004801575845212466,14466.372855777188,ok,-86.11613943132397,69.0187362599271,-0.12188462798434832,-69.14451946583358,61.39150337761275,-0.0978638160965234,1.2560026566024527,0.0010325850181389512,0.012205692657117018
711,2,96.3623,Forward,0.08114127661325188,448.53066597813086,19835.0,19855.136699500912,ok,0.00048418393420829916,14466.415693667188,ok,-86.2832973504519,69.01849967267502,-0.12212121523642543,-69.10168157583394,61.391564008295006,-0.0978031854142759,1.2560026566024527,0.0007198454680873712,0.012205692657117018
712,2,96.4976,Forward,0.08106375319792386,448.9618766694948,19835.0,19855.179835447918,ok,0.0004847272664355683,14466.39923225165,ok,-86.24016140344611,69.01856072521277,-0.12206016269867496,-69.11814299137222,61.39154070960184,-0.09782648410743877,1.2560026566024527,0.0008101612263457514,0.012205692657117018
713,2,96.63238333333334,Forward,0.08107297511691444,448.4602528490941,19845.0,19855.283497636778,ok,0.0004776165706246302,14466.235163188585,ok,-86.13649921458637,69.01870744367238,-0.12191344423906161,-69.28221205443697,61.391308494167575,-0.09805869954170512,1.2560026566024527,0.001248542888301729,0.012205692657117018
714,2,96.76903333333334,Forward,0.08116180400280867,448.6586534391645,19845.0,19855.005444721348,ok,0.0004818514668225588,14466.176845385517,ok,-86.41455213001609,69.01831390099407,-0.12230698691736691,-69.34052985750532,61.39122595396339,-0.09814123974588507,1.2560026566024527,0.0009586709257229514,0.012205692657117018
715,2,96.9049,Forward,0.08117091006393135,448.5044100395462,19845.0,19855.044595113846,ok,0.00047251310021456455,14466.522523595686,ok,-86.37540173751768,69.01836931257031,-0.12225157534113251,-68.99485164733596,61.39171521022043,-0.09765198348884643,1.2560026566024527,0.0003995753433574528,0.012205692657117018
716,2,97.041,Forward,0.08105056598689872,448.90654557454764,19835.0,19854.999484782587,ok,0.0004868243591287579,14466.469880672752,ok,-86.42051206877659,69.01830546558436,-0.12231542232707558,-69.04749457026992,61.39164070196774,-0.09772649174154081,1.2560026566024527,0.0004293109207373358,0.012205692657117018
717,2,97.17605,Forward,0.0810656650963065,448.73644618160324,19850.0,19854.84665968596,ok,0.00048402032729405453,14466.227393658224,ok,-86.57333716540234,69.01808916431759,-0.12253172359385213,-69.28998158479772,61.39129749754924,-0.09806969616003806,1.2560026566024527,0.0006440753153510309,0.012205692657117018
718,2,97.31241666666666,Forward,0.08122455276823981,448.8498160181989,19860.0,19854.894091296293,ok,0.0004755536103675216,14466.411016075912,ok,-86.5259055550705,69.01815629672991,-0.12246459118152883,-69.10635916710999,61.39155738785804,-0.09780980585123825,1.2560026566024527,0.00038478480939652115,0.012205692657117018
719,2,97.44776666666667,Forward,0.08121930152401777,449.28317869811144,19860.0,19854.931899130468,ok,0.0004723062468329435,14466.136747044358,ok,-86.4880977208959,69.01820980811388,-0.12241107979755718,-69.38062819866354,61.39116920070637,-0.09819799300290674,1.2560026566024527,0.0009258602871227428,0.012205692657117018
720,2,97.58306666666667,Forward,0.08126911712885182,449.09556164495734,19845.0,19854.924491033515,ok,0.00048525500013183305,14466.313015149923,ok,-86.49550581784933,69.01819932305095,-0.12242156486048737,-69.20436009309924,61.39141868207669,-0.09794851163258422,1.2560026566024527,0.0006020259602946554,0.012205692657117018
721,2,97.7189,Forward,0.08124344114697543,448.76470644959045,19845.0,19854.84239544459,ok,0.00048227598718230893,14466.482310423413,ok,-86.57760140677419,69.01808312891613,-0.12253775899530739,-69.03506481960903,61.39165829443699,-0.09770889927228657,1.2560026566024527,0.00018487806438599597,0.012205692657117018
722,2,97.85421666666667,Forward,0.08121053323553884,449.18398313666694,19840.0,19854.884564183507,ok,0.000485896059720649,14466.180809235037,ok,-86.5354326678571,69.01814281251423,-0.12247807539721044,-69.33656600798531,61.391231564204716,-0.09813562950456071,1.2560026566024527,0.0007805359678718649,0.012205692657117018
723,2,97.99058333333333,Forward,0.0812336082170497,449.14923138620725,19860.0,19854.706130154853,ok,0.0004891737250105612,14466.033802317985,ok,-86.7138666965111,69.0178902656009,-0.12273062231055165,-69.48357292503715,61.39102349770854,-0.0983436960007403,1.2560026566024527,0.0007893211264821676,0.012205692657117018
724,2,98.12536666666666,Forward,0.08118783692570711,449.6697361752631,19835.0,19854.641638275676,ok,0.00047891699811422606,14466.536284663804,ok,-86.77835857568789,69.01779898690734,-0.12282190100410877,-68.98109057921829,61.39173468697217,-0.09763250673711016,1.2560026566024527,-0.0001952131715415445,0.012205692657117018
725,2,98.26093333333333,Forward,0.08129041970516465,448.98623631606824,19835.0,19854.523441646383,ok,0.00048108402787392843,14466.566011296776,ok,-86.89655520498127,69.01763169710213,-0.12298919080931324,-68.95136394624569,61.391776760613936,-0.09759043309533966,1.2560026566024527,-0.00041534758258271465,0.012205692657117018
726,2,98.39731666666667,Forward,0.08125596236036792,449.204844110438,19860.0,19854.506075778223,ok,0.00048513217918091743,14466.513061766413,ok,-86.91392107314095,69.01760711829037,-0.12301376962106962,-69.00431347660924,61.39170181840389,-0.09766537530539372,1.2560026566024527,-0.0003457987794195233,0.012205692657117018
727,2,98.5332,Forward,0.0814266097812558,449.5438094012279,19845.0,19854.40447991697,ok,0.0004785494309355481,14466.330811072268,ok,-87.01551693439251,69.01746332441114,-0.12315756350030256,-69.18656417075363,61.39144386956639,-0.09792332414288651,1.2560026566024527,-0.00016560823349399956,0.012205692657117018
728,2,98.66956666666667,Forward,0.08133626748004164,450.03660819835204,19835.0,19854.51231720705,ok,0.00047946745811551045,14466.605013865152,ok,-86.90767964431507,69.01761595210753,-0.12300493580390645,-68.91236137787018,61.391831962967046,-0.09753523074223518,1.2560026566024527,-0.0005004268793258604,0.012205692657117018
729,2,98.80486666666667,Forward,0.0813961711271626,449.9236692992454,19835.0,19854.40860607649,ok,0.0004892067108817513,14466.644990184825,ok,-87.0113907748746,69.0174691643782,-0.12315172353323989,-68.87238505819732,61.39188854352074,-0.09747865018853541,1.2560026566024527,-0.0007182799344182395,0.012205692657117018
730,2,98.94016666666667,Forward,0.08134146845293855,449.6767450878033,19860.0,19854.707650004915,ok,0.0004752397798278088,14465.939785102839,ok,-86.71234684644878,69.01789241672333,-0.1227284711881179,-69.57759014018302,61.39089043027927,-0.09847676343000329,1.2560026566024527,0.0009586052935774969,0.012205692657117018
731,2,99.07601666666666,Forward,0.08139519158162456,449.48182661838655,19845.0,19854.130545466298,ok,0.00048197818816069556,14465.908771155247,ok,-87.28945138506606,69.0170756108091,-0.1235452771023396,-69.60860408777444,61.39084653463452,-0.09852065907476243,1.2560026566024527,0.0001969324257865418,0.012205692657117018
732,2,99.21178333333333,Forward,0.08149347834510598,450.1779366066403,19835.0,19853.85414605516,ok,0.0004849212794647599,14466.300771576687,ok,-87.56585079620345,69.01668440842099,-0.12393647949046384,-69.21660366633478,61.391401353113984,-0.09796584059529513,1.2560026566024527,-0.0008911234464807488,0.012205692657117018
733,2,99.34813333333334,Forward,0.08151791806156983,450.08244985574856,19860.0,19853.710817381252,ok,0.00047501339257959626,14465.462188848254,ok,-87.70917947011185,69.01648154793264,-0.12413933997880176,-70.05518639476759,61.39021446358824,-0.09915273012104592,1.2560026566024527,0.00039675246261794417,0.012205692657117018
734,2,99.4843,Forward,0.08158738766475582,450.0829672830878,19845.0,19853.57159281104,ok,0.00048106392257826373,14465.569954298007,ok,-87.84840404032366,69.01628449619461,-0.12433639171682215,-69.94742094501453,61.3903669896053,-0.0990002041039781,1.2560026566024527,8.12764195938509e-06,0.012205692657117018
735,2,99.62038333333334,Forward,0.08165808732250734,449.03271152825255,19845.0,19853.641078452092,ok,0.00047467624169793076,14465.333835303785,ok,-87.77891839927179,69.01638284281775,-0.12423804509369449,-70.18353993923665,61.39003279817544,-0.0993343955338407,1.2560026566024527,0.0005262195888082466,0.012205692657117018
736,2,99.75626666666666,Forward,0.08153853562775179,450.15316922619604,19835.0,19853.862018406136,ok,0.00048551157502670154,14465.967641237476,ok,-87.55797844522749,69.01669555056665,-0.12392533734479402,-69.54973400554627,61.39092985650797,-0.0984373372013114,1.2560026566024527,-0.00028778031107545843,0.012205692657117018
737,2,99.89208333333333,Forward,0.0816228489503229,449.91008258139846,19845.0,19853.675562012013,ok,0.00048314288973150493,14465.935175489221,ok,-87.74443483935102,69.01643164918437,-0.12418923872707989,-69.58219975380052,61.39088390605461,-0.09848328765466816,1.2560026566024527,-0.0004939678018731491,0.012205692657117018
738,2,100.02768333333333,Forward,0.08165489942877738,450.0260667551993,19845.0,19853.547517387553,ok,0.00048044920234668133,14466.206767480695,ok,-87.87247946381103,69.01625042100204,-0.12437046690940162,-69.31060776232698,61.39126830425293,-0.09809888945634111,1.2560026566024527,-0.0011580011424868475,0.012205692657117018
739,2,100.16298333333333,Forward,0.08165500438478232,450.6572406358937,19835.0,19853.629078331098,ok,0.0004825167161193525,14465.683573839708,ok,-87.79091852026613,69.01636585842559,-0.12425502948585165,-69.83380140331428,61.39052780122161,-0.09883939248767323,1.2560026566024527,-0.00011248994436156845,0.012205692657117018
740,2,100.29883333333333,Forward,0.08170623793813098,450.2622860623378,19835.0,19853.637455116474,ok,0.00048369110662109294,14465.61744208364,ok,-87.7825417348904,69.01637771452337,-0.12424317338807524,-69.89993315938227,61.39043420152544,-0.09893299218384546,1.2560026566024527,1.692762046436036e-05,0.012205692657117018
741,2,100.43395,Forward,0.08171427372663886,449.79484244273044,19845.0,19853.35922692932,ok,0.0004821855477392513,14465.702662939288,ok,-88.06076992204544,69.01598392377392,-0.12463696413752232,-69.81471230373427,61.39055481901195,-0.0988123746973237,1.2560026566024527,-0.0005283590124867815,0.012205692657117018
742,2,100.5695,Forward,0.08175622345712105,450.2648270783902,19820.0,19853.47097531827,ok,0.00048168568610945547,14466.11348728292,ok,-87.94902153309522,69.01614208705092,-0.12447880086052232,-69.4038879601012,61.391136279962495,-0.09823091374678303,1.2560026566024527,-0.0011005122340764506,0.012205692657117018
743,2,100.70428333333334,Forward,0.0816889263740655,450.72470497955146,19850.0,19853.400421605988,ok,0.00047874567058962456,14466.019358938136,ok,-88.01957524537647,69.01604222873132,-0.12457865918012538,-69.49801630488582,61.391003055245704,-0.09836413846357384,1.2560026566024527,-0.001033039955465137,0.012205692657117018
744,2,100.83948333333333,Forward,0.08166653756691497,449.70604354848183,19835.0,19853.522192303666,ok,0.0004777885875446216,14465.532444461487,ok,-87.89780454769789,69.01621457710044,-0.12440631081100481,-69.98493078153479,61.390313899992826,-0.09905329371645046,1.2560026566024527,4.889242079988976e-06,0.012205692657117018
745,2,100.97483333333334,Forward,0.08165589043150115,450.5361348329061,19860.0,19853.603726233316,ok,0.00047076139365383613,14466.396871010309,ok,-87.81627061804829,69.01632997628982,-0.12429091162161862,-69.12050423271285,61.391537367614795,-0.0978298260944842,1.2560026566024527,-0.001416390151990507,0.012205692657117018
746,2,101.10986666666666,Forward,0.08167926555523067,450.31471866748325,19845.0,19853.498499876427,ok,0.00047941347081534416,14466.146733016112,ok,-87.92149697493733,69.01618104398227,-0.12443984392917748,-69.3706422269097,61.39118333436889,-0.09818385934038636,1.2560026566024527,-0.001120655762170672,0.012205692657117018
747,2,101.24596666666666,Forward,0.08164056805310949,450.61241383272136,19835.0,19853.41004843911,ok,0.00048358735785356845,14466.017581922843,ok,-88.00994841225474,69.01605585408635,-0.12456503382509371,-69.49979332017938,61.39100054014401,-0.09836665356526567,1.2560026566024527,-0.0010162556260269046,0.012205692657117018
748,2,101.38235,Forward,0.08193835483613571,452.0910012641434,19845.0,19852.868977311617,ok,0.0004820192138158868,14466.396294264458,ok,-88.55101953974736,69.01529004812335,-0.12533083978809906,-69.12108097856435,61.39153655131655,-0.09783064239273,1.2560026566024527,-0.0024552930457056588,0.012205692657117018
749,2,101.51848333333334,Forward,0.08187065240642272,450.49348271920826,19835.0,19852.791587658587,ok,0.00047745191690612025,14465.55496527018,ok,-88.62840919277733,69.01518051454309,-0.1254403733683511,-69.96240997284258,61.390345774858645,-0.09902141885062993,1.2560026566024527,-0.001069208231415722,0.012205692657117018
750,2,101.6538,Forward,0.08187361797619161,450.93431412150676,19860.0,19852.84794312285,ok,0.0004772598834358266,14465.509294751562,ok,-88.5720537285124,69.01526027734762,-0.12536061056381556,-70.00808049145962,61.390281135010554,-0.09908605869872635,1.2560026566024527,-0.0009082576059487035,0.012205692657117018
751,2,101.7894,Forward,0.08189456405963777,451.00010137635036,19835.0,19852.74368263775,ok,0.0004801522715364259,14465.761230537679,ok,-88.67631421361511,69.01511271208838,-0.12550817582305882,-69.7561447053431,61.39063771276438,-0.09872948094489839,1.2560026566024527,-0.00150368547128521,0.012205692657117018
752,2,101.92443333333334,Forward,0.08186950021882705,450.19763907996094,19860.0,19852.566444407614,ok,0.00048366012920172426,14465.683334757741,ok,-88.85355244375023,69.01486185765056,-0.12575903026088286,-69.83404048528064,61.39052746283653,-0.09883973087275086,1.2560026566024527,-0.0016160657068363254,0.012205692657117018
753,2,102.06106666666666,Forward,0.08184502507861549,450.9972474213355,19860.0,19852.653351073444,ok,0.00048466254994769385,14465.545843037637,ok,-88.76664577791962,69.01498486115146,-0.12563602675998195,-69.9715322053853,61.39033286369093,-0.09903433001835293,1.2560026566024527,-0.0012486451620866423,0.012205692657117018
754,2,102.19613333333334,Forward,0.08177057157528378,450.41211795277195,19845.0,19853.286322561315,ok,0.0004842212094911624,14466.23318781563,ok,-88.13367429004938,69.01588073844964,-0.12474014946179805,-69.28418742739268,61.39130569832002,-0.09806149538925968,1.2560026566024527,-0.0015746507424787282,0.012205692657117018
755,2,102.33251666666666,Forward,0.08183601452326814,449.89101775062227,19850.0,19853.233541499605,ok,0.0004876376927019209,14465.958276721027,ok,-88.18645535175892,69.01580603468199,-0.12481485322944913,-69.55909852199511,61.390916602423296,-0.09845059128598307,1.2560026566024527,-0.0011606490301721145,0.012205692657117018
756,2,102.46755,Forward,0.0817592283330259,450.15926980916265,19850.0,19853.08345527415,ok,0.0004765975705168786,14465.921532790255,ok,-88.33654157721321,69.01559360988131,-0.12502727803014121,-69.5958424527671,61.39086459683686,-0.09850259687242019,1.2560026566024527,-0.0013077546761410125,0.012205692657117018
757,2,102.60285,Forward,0.08187464883550283,450.63079119482427,19840.0,19853.043203082147,ok,0.0004835504767255537,14466.303272936138,ok,-88.37679376921733,69.01553663887121,-0.1250842490402257,-69.21410230688343,61.391404893417445,-0.09796230029183756,1.2560026566024527,-0.0020433396267904996,0.012205692657117018
758,2,102.7379,Forward,0.08176817154330848,450.65069772112474,19835.0,19853.15636891554,ok,0.0004746332530953044,14466.075208807322,ok,-88.26362793582302,69.01569680833067,-0.12492407958076213,-69.44216643569962,61.391082102455364,-0.09828509125391387,1.2560026566024527,-0.0014777438614318184,0.012205692657117018
759,2,102.87348333333334,Forward,0.08169623024715283,450.48764141864376,19850.0,19853.11295099339,ok,0.00048139045989640004,14466.326173451005,ok,-88.30704585797503,69.01563535669891,-0.12498553121252703,-69.19120179201673,61.39143730570106,-0.09792988800822137,1.2560026566024527,-0.0019853317134203158,0.012205692657117018
760,2,103.00933333333333,Forward,0.08178527672702204,450.66053886717054,19835.0,19853.13299467208,ok,0.0004814190567002612,14465.908163924887,ok,-88.28700217928417,69.01566372555448,-0.12495716235696983,-69.60921131813484,61.390845675189965,-0.098521518519311,1.2560026566024527,-0.001213873364207474,0.012205692657117018
761,2,103.14598333333333,Forward,0.08174002687402512,451.0099326500567,19835.0,19853.359919212468,ok,0.0004775854530575249,14466.344579120194,ok,-88.06007763889647,69.01598490359808,-0.12463598431336127,-69.172796122828,61.39146335619701,-0.0979038375122669,1.2560026566024527,-0.0016685043063791732,0.012205692657117018
762,2,103.28155,Forward,0.08176871458565857,450.5877599323285,19845.0,19853.29976671858,ok,0.00047994239257891455,14466.230731962945,ok,-88.12023013278304,69.01589976666105,-0.12472112125038735,-69.28664328007653,61.39130222242464,-0.09806497128463461,1.2560026566024527,-0.0015512567972430502,0.012205692657117018
763,2,103.41658333333334,Forward,0.08185176632691812,450.81423375019585,19835.0,19853.01338654485,ok,0.00047428944948678517,14466.081979524522,ok,-88.40661030651245,69.01549443798321,-0.1251264499282357,-69.43539571849942,61.39109168540175,-0.09827550830752795,1.2560026566024527,-0.001692150415024199,0.012205692657117018
764,2,103.55375,Forward,0.08176865489820245,450.4503635254623,19850.0,19852.9627724557,ok,0.000480946788199507,14466.71620246026,ok,-88.45722439566453,69.01542280124394,-0.12519808666750207,-68.80117278276157,61.39198933393885,-0.09737785977042421,1.2560026566024527,-0.00289123610158816,0.012205692657117018
765,2,103.68881666666667,Forward,0.08171770610365736,450.36757001747173,19835.0,19853.090385585543,ok,0.0004794506737674895,14466.561990602971,ok,-88.32961126582086,69.0156034187096,-0.12501746920183737,-68.9553846400504,61.39177106991796,-0.0975961237913214,1.2560026566024527,-0.0024364784458358463,0.012205692657117018
766,2,103.82411666666667,Forward,0.0818523626705123,450.0333999344948,19835.0,19853.039237052253,ok,0.000478391537013036,14466.157743575852,ok,-88.38075979911082,69.0155310255439,-0.12508986236754546,-69.3596316671701,61.391198918183804,-0.09816827552547523,1.2560026566024527,-0.0017902475134670276,0.012205692657117018
767,2,103.95995,Forward,0.08183759567822427,450.67545842956315,19835.0,19852.988025684106,ok,0.0004834692657045757,14466.200162962983,ok,-88.43197116725787,69.01545854344477,-0.12516234446667798,-69.3172122800388,61.391258956537285,-0.0981082371719916,1.2560026566024527,-0.0019381379440730345,0.012205692657117018
768,2,104.09525,Forward,0.08176688998499082,450.2068356405762,19835.0,19852.908617391673,ok,0.00048099961825411036,14466.14173804429,ok,-88.51137945969094,69.01534615277971,-0.12527473513172627,-69.37563719873106,61.39117626472682,-0.09819092898245647,1.2560026566024527,-0.0019466674754981678,0.012205692657117018
769,2,104.2316,Forward,0.08179581476099512,450.3456634986942,19845.0,19853.052033589753,ok,0.00048043125684297427,14466.556438719772,ok,-88.3679632616113,69.01554913714554,-0.12507175076590007,-68.96093652324998,61.39176321205039,-0.09760398165888098,1.2560026566024527,-0.002480890507368494,0.012205692657117018
770,2,104.36743333333334,Forward,0.08192174174147177,450.2993498972428,19845.0,19852.971316389336,ok,0.0004753897254343351,14466.00097238526,ok,-88.44868046202828,69.0154348939153,-0.1251859939961439,-69.51640285776193,61.39097703180606,-0.09839016190322195,1.2560026566024527,-0.0016076892621517125,0.012205692657117018
771,2,104.50275,Forward,0.0818598794709148,450.75905075690025,19835.0,19853.140388875087,ok,0.0004807895812383988,14466.73279609999,ok,-88.27960797627748,69.01567419095258,-0.12494669695886136,-68.7845791430318,61.39201281977576,-0.09735437393352157,1.2560026566024527,-0.002669344666489687,0.012205692657117018
772,2,104.63831666666667,Forward,0.08179728207478187,450.37091973577844,19860.0,19853.031773375707,ok,0.00048420751538695795,14466.350134015514,ok,-88.38822347565656,69.0155204618163,-0.12510042609514843,-69.16724122750747,61.39147121832778,-0.09789597538149669,1.2560026566024527,-0.002142820945300286,0.012205692657117018
773,2,104.77423333333333,Forward,0.08187049503087021,450.81420273615004,19860.0,19853.00143796173,ok,0.00047291658585024644,14466.519640500446,ok,-88.41855888963255,69.01547752653526,-0.12514336137617277,-68.99773474257563,61.39171112962656,-0.09765606408271711,1.2560026566024527,-0.00248708545494071,0.012205692657117018
774,2,104.909,Forward,0.08184577061405801,450.93282926995016,19845.0,19853.03339205062,ok,0.0004848950625481784,14466.35465226155,ok,-88.38660480074395,69.01552275281065,-0.12509813510079065,-69.16272298147123,61.39147761323518,-0.09788958047409715,1.2560026566024527,-0.0021485619716250515,0.012205692657117018
775,2,105.0459,Forward,0.08178438298372442,451.0801566532282,19860.0,19853.044539980216,ok,0.0004776042501545664,14466.156347751123,ok,-88.37545687114834,69.01553853105223,-0.12508235685921446,-69.36102749189922,61.39119694260084,-0.09817025110843752,1.2560026566024527,-0.0017802606676870503,0.012205692657117018
776,2,105.1815,Forward,0.08171194501467055,450.7534688017113,19860.0,19853.293465696617,ok,0.0004880628784321096,14466.302510237203,ok,-88.12653115474677,69.01589084849864,-0.124730039412802,-69.21486500581887,61.39140381393017,-0.09796337977910467,1.2560026566024527,-0.0016877741604915397,0.012205692657117018
777,2,105.3168,Forward,0.08177865064486961,450.19360208456783,19860.0,19853.195268279636,ok,0.00047568491072230945,14466.200003703358,ok,-88.22472857172761,69.01575186461342,-0.12486902329801527,-69.31737153966424,61.3912587311289,-0.09810846258037993,1.2560026566024527,-0.0016445336618757522,0.012205692657117018
778,2,105.45211666666667,Forward,0.08185642438898877,450.4761998173053,19835.0,19852.986506107984,ok,0.000478862094638087,14465.919388265931,ok,-88.43349074338039,69.01545639271005,-0.12516449520139056,-69.59798697709084,61.39086156158062,-0.0985056321286582,1.2560026566024527,-0.001441159557491939,0.012205692657117018
779,2,105.58716666666666,Forward,0.08172595709922664,450.79663544557116,19835.0,19853.107356178007,ok,0.00048006277605352164,14465.994536327878,ok,-88.31264067335724,69.01562743806721,-0.1249934498442261,-69.52283891514344,61.39096792252103,-0.09839927118825041,1.2560026566024527,-0.0014037038240383992,0.012205692657117018
780,2,105.72328333333333,Forward,0.0817086527835848,450.7199813856896,19845.0,19853.181770600593,ok,0.0004795622217283494,14466.087746191402,ok,-88.23822625077082,69.01573276064988,-0.1248881272615661,-69.42962905161949,61.39109984726377,-0.09826734644551216,1.2560026566024527,-0.0014640790687292377,0.012205692657117018
781,2,105.85991666666666,Forward,0.08173973253346808,450.911654014566,19845.0,19853.07421294357,ok,0.000477371383694496,14466.26194085584,ok,-88.34578390779279,69.01558052873261,-0.12504035917882994,-69.2554343871816,61.39134639398558,-0.09802079972370048,1.2560026566024527,-0.0019259743235651716,0.012205692657117018
782,2,105.99525,Forward,0.081804906296043,450.52574555532556,19835.0,19853.239928208226,ok,0.000479987900199663,14466.294634239102,ok,-88.18006864313793,69.01581507412116,-0.12480581379027485,-69.22274100391951,61.39139266662254,-0.09797452708673877,1.2560026566024527,-0.0017495474899619917,0.012205692657117018
783,2,106.13081666666666,Forward,0.08169126533027762,450.3311456222691,19835.0,19853.185105527293,ok,0.0004816079556295042,14466.53347013051,ok,-88.23489132407121,69.01573748074419,-0.12488340716725137,-68.98390511251273,61.391730703417565,-0.0976364902917122,1.2560026566024527,-0.002251715979521257,0.012205692657117018
784,2,106.26558333333334,Forward,0.08182887860609334,449.84543896987816,19845.0,19853.299506233354,ok,0.0004847297463524587,14466.14559759638,ok,-88.12049061801008,69.01589939798284,-0.1247214899286073,-69.37177764664193,61.3911817273506,-0.09818546635868262,1.2560026566024527,-0.0014002833423511635,0.012205692657117018
785,2,106.40141666666666,Forward,0.08172636907565867,450.5949519930946,19845.0,19853.172198291188,ok,0.0004827726284386022,14466.173422911847,ok,-88.2477985601763,69.01571921246509,-0.12490167544636101,-69.34395233117539,61.39122110995932,-0.09814608374995698,1.2560026566024527,-0.001629933521288221,0.012205692657117018
786,2,106.53753333333333,Forward,0.08172029498434691,450.9338415086604,19845.0,19853.267915224234,ok,0.00048393476266584117,14466.31190579075,ok,-88.15208162712952,69.01585468559304,-0.12476620231840554,-69.20546945227215,61.391417111943255,-0.09795008176602245,1.2560026566024527,-0.0017406394058538943,0.012205692657117018
787,2,106.67338333333333,Forward,0.08179966872055536,450.12437888960267,19845.0,19853.111519182516,ok,0.00047980232926415835,14466.23046783163,ok,-88.30847766884835,69.01563333018291,-0.12498755772854125,-69.28690741139144,61.391301848585925,-0.09806534512335136,1.2560026566024527,-0.0018172237329755758,0.012205692657117018
788,2,106.8095,Forward,0.081783239598482,450.3311774515387,19845.0,19853.143052483225,ok,0.00048225276979599866,14466.542054672016,ok,-88.27694436813908,69.015677960895,-0.12494292701644188,-68.9753205710058,61.39174285356334,-0.09762434014593352,1.2560026566024527,-0.0023264964440879166,0.012205692657117018
789,2,106.9454,Forward,0.08173087048312236,449.9818266431066,19860.0,19853.17447040867,ok,0.00048032529718946654,14466.186540112583,ok,-88.24552644269352,69.01572242831051,-0.12489845960092302,-69.33083513043857,61.39123967541224,-0.09812751829704001,1.2560026566024527,-0.0016500359340349824,0.012205692657117018
790,2,107.08095,Forward,0.08177757807789499,450.68192914870815,19850.0,19853.270656992998,ok,0.0004854618356817179,14466.537718570318,ok,-88.14933985836615,69.01585856616023,-0.12476232175120931,-68.97965667270364,61.39173671645425,-0.09763047725502635,1.2560026566024527,-0.0021381829535308816,0.012205692657117018
791,2,107.21626666666667,Forward,0.08160405995487932,450.4441443919568,19845.0,19853.191020825492,ok,0.00047417619736172536,14466.483409852348,ok,-88.22897602587182,69.0157458529718,-0.12487503493963863,-69.03396539067398,61.39165985051565,-0.09770734319362781,1.2560026566024527,-0.0021543523188745223,0.012205692657117018
792,2,107.35158333333334,Forward,0.08170870435066299,450.5255460086519,19845.0,19853.288585795126,ok,0.000477153329824113,14466.195595054613,ok,-88.131411056238,69.01588394172157,-0.12473694618987986,-69.32178018840932,61.39125249134021,-0.09811470236906249,1.2560026566024527,-0.0015046193625784243,0.012205692657117018
793,2,107.48661666666666,Forward,0.08174410993832981,450.06464093422255,19835.0,19852.94580940457,ok,0.0004860105133294604,14466.816693760777,ok,-88.47418744679453,69.01539879255996,-0.12522209535147366,-68.70068148224527,61.39213156447613,-0.09723562923315239,1.2560026566024527,-0.0030938867182231516,0.012205692657117018
794,2,107.62278333333333,Forward,0.0817723931314186,450.17071684294933,19835.0,19853.29144116169,ok,0.00048417648689324556,14466.181240135826,ok,-88.1285556896728,69.0158879830696,-0.1247329048418369,-69.33613510719624,61.3912321740809,-0.09813501962837815,1.2560026566024527,-0.0014750594828601138,0.012205692657117018
795,2,107.7586,Forward,0.08170461136848839,451.30490582251514,19835.0,19853.289275190044,ok,0.00048218425714274295,14466.301821597543,ok,-88.13072166132042,69.01588491745785,-0.12473597045358215,-69.2155536454793,61.39140283926283,-0.09796435444644788,1.2560026566024527,-0.0016924810164993115,0.012205692657117018
796,2,107.8939,Forward,0.0817370028833257,450.603163237829,19845.0,19853.335680180273,ok,0.00048327318683791276,14466.407196042801,ok,-88.08431667109107,69.01595059684163,-0.12467029106980959,-69.11017920022095,61.391551981167524,-0.0978152125417575,1.2560026566024527,-0.0018141242612286224,0.012205692657117018
797,2,108.02868333333333,Forward,0.08170668983934798,450.3174923480219,19860.0,19853.261295647557,ok,0.0004866504761090466,14466.589374708306,ok,-88.15870120380714,69.01584531656366,-0.12477557134778951,-68.92800053471547,61.39180982805915,-0.09755736565012425,1.2560026566024527,-0.002243260920096579,0.012205692657117018
798,2,108.16506666666666,Forward,0.08172827809025993,449.95949331519296,19835.0,19852.9435484114,ok,0.000478085941888134,14466.007989623371,ok,-88.47644843996386,69.01539559245934,-0.1252252954520952,-69.50938561965086,61.39098696366624,-0.0983802300430353,1.2560026566024527,-0.0016594651608824451,0.012205692657117018
799,2,108.30118333333333,Forward,0.08175848741553088,450.1073267433021,19860.0,19853.131305869498,ok,0.00048298466005668877,14465.94615588906,ok,-88.28869098186624,69.0156613353048,-0.12495955260664675,-69.57121935396208,61.39089944718265,-0.09846774652662565,1.2560026566024527,-0.0012838013795479913,0.012205692657117018
800,2,108.43675,Forward,0.08174517759021069,450.34282775071915,19835.0,19853.19386187115,ok,0.000484034765555055,14466.367076644374,ok,-88.22613498021383,69.01574987405073,-0.12487101386071664,-69.15029859864808,61.39149519810705,-0.09787199560222139,1.2560026566024527,-0.0019435273773430045,0.012205692657117018
801,2,108.57206666666667,Forward,0.08168536753446265,449.7880413113962,19835.0,19853.112004437717,ok,0.00047996540952548834,14466.209824429243,ok,-88.3079924136473,69.0156340169897,-0.12498687092174697,-69.30755081377902,61.39127263091039,-0.09809456279888763,1.2560026566024527,-0.0017798394480879748,0.012205692657117018
802,2,108.7079,Forward,0.08174111945697593,449.9575941607218,19835.0,19853.215183211592,ok,0.00048275002761835747,14466.288777068426,ok,-88.2048136397716,69.01578005124706,-0.12484083666437354,-69.22859817459539,61.39138437666582,-0.09798281704345983,1.2560026566024527,-0.001774158156395908,0.012205692657117018
803,2,108.8438,Forward,0.08177355083327192,450.3422655519935,19845.0,19853.154753914874,ok,0.0004757505589151191,14466.200643997847,ok,-88.26524293648981,69.01569452253668,-0.12492636537476967,-69.3167312451751,61.39125963737082,-0.09810755633845916,1.2560026566024527,-0.001703013980890164,0.012205692657117018
804,2,108.97936666666666,Forward,0.081793918596758,450.64157486849945,19845.0,19853.191008797614,ok,0.0004770946208665276,14466.536393775,ok,-88.22898805375007,69.01574583594812,-0.12487505196331707,-68.98098146802113,61.391734841402894,-0.09763235230638716,1.2560026566024527,-0.0022485580961481982,0.012205692657117018
805,2,109.1147,Forward,0.08164234845203258,449.98874080472524,19860.0,19853.136940548455,ok,0.0004787261692964585,14466.319608692547,ok,-88.28305630290924,69.01566931035748,-0.12495157755396766,-69.19776655047463,61.391428014258736,-0.09793917945054255,1.2560026566024527,-0.0019397079786218768,0.012205692657117018
806,2,109.25053333333334,Forward,0.08165613168514924,450.2523384364904,19850.0,19853.185344196165,ok,0.0004786180201904783,14466.563212797246,ok,-88.23465265519917,69.0157378185446,-0.1248830693668475,-68.95416244577609,61.39177279975275,-0.09759439395652583,1.2560026566024527,-0.002304251287944703,0.012205692657117018
807,2,109.38651666666667,Forward,0.08180099079795083,450.41122225669824,19835.0,19853.030623234143,ok,0.000475326032270305,14466.430520460739,ok,-88.38937361722128,69.01551883396142,-0.12510205395001595,-69.0868547822829,61.39158499342309,-0.09778220028619071,1.2560026566024527,-0.0022873506221273016,0.012205692657117018
808,2,109.52155,Forward,0.08174064344793061,450.5625163343684,19860.0,19853.084995060995,ok,0.0004858110822472895,14466.393404084414,ok,-88.33500179036855,69.0155957892213,-0.12502509869014786,-69.12397115860767,61.39153246069519,-0.09783473301408988,1.2560026566024527,-0.002144414116459284,0.012205692657117018
809,2,109.65715,Forward,0.08180656098742592,449.3729722597818,19845.0,19853.09130506347,ok,0.00047886984275051823,14466.15338324201,ok,-88.32869178789406,69.01560472009429,-0.12501616781715166,-69.36399200101187,61.391192746777705,-0.09817444693157518,1.2560026566024527,-0.0017088016606167378,0.012205692657117018
810,2,109.79418333333334,Forward,0.0817863228284822,449.37965487434485,19835.0,19853.08775243103,ok,0.00048651293693624824,14466.419301230611,ok,-88.33224442033315,69.01559969186978,-0.1250211960416641,-69.0980740124105,61.391569114266176,-0.0977980794430991,1.2560026566024527,-0.0021865484505139143,0.012205692657117018
811,2,109.93028333333334,Forward,0.08173299590311286,450.2217241493272,19860.0,19853.147027041934,ok,0.00048567734624004256,14465.962404830647,ok,-88.27296980942992,69.01568358629359,-0.124937301617848,-69.55497041237504,61.39092244515044,-0.09844474855883989,1.2560026566024527,-0.001290435899384615,0.012205692657117018
812,2,110.06533333333333,Forward,0.08177397945477355,451.08166029372296,19845.0,19853.021362645963,ok,0.0004763778454624789,14466.720951177702,ok,-88.39863420540132,69.01550572697181,-0.1251151609396313,-68.79642406532002,61.39199605504436,-0.09737113866491963,1.2560026566024527,-0.002816752100086445,0.012205692657117018
813,2,110.20116666666667,Forward,0.08174671275080131,450.3610056704092,19845.0,19853.053241790378,ok,0.00048309557577162684,14466.447133107964,ok,-88.36675506098618,69.0155508471744,-0.12507004073704028,-69.07024213505792,61.391608506162285,-0.09775868754699663,1.2560026566024527,-0.002284869472043413,0.012205692657117018
814,2,110.3369,Forward,0.08168006629170566,450.43343013802587,19845.0,19853.005657429123,ok,0.0004847349504508462,14466.580598237504,ok,-88.41433942224103,69.0154834985658,-0.1251373893456486,-68.9367770055178,61.39179740626591,-0.09756978744336559,1.2560026566024527,-0.002589477112644803,0.012205692657117018
815,2,110.47273333333334,Forward,0.08185416888707334,450.6337125382379,19845.0,19853.021046169815,ok,0.00048069658262629,14466.334166443474,ok,-88.39895068154874,69.01550527904675,-0.12511560886469794,-69.18320879954808,61.39144861859687,-0.09791857511240468,1.2560026566024527,-0.002129618392790855,0.012205692657117018
816,2,110.60751666666667,Forward,0.08188741075209169,449.63115519741405,19835.0,19853.066241295546,ok,0.00048128802234537904,14465.970757380592,ok,-88.35375555581777,69.01556924604668,-0.12505164186475112,-69.54661786243014,61.39093426694656,-0.09843292676272272,1.2560026566024527,-0.0014196243536167136,0.012205692657117018
817,2,110.74415,Forward,0.08176105422944677,450.2204377705275,19835.0,19852.724202485326,ok,0.0004852584573761359,14466.54549391334,ok,-88.69579436603817,69.0150851408207,-0.12553574709073106,-68.97188132968222,61.391747721299545,-0.097619472409734,1.2560026566024527,-0.002925430407975327,0.012205692657117018
818,2,110.87946666666667,Forward,0.08175813991986719,450.1936042761881,19845.0,19853.15083210977,ok,0.0004841653180528632,14466.340284035323,ok,-88.26916474159225,69.01568897180299,-0.12493191610845437,-69.17709120769905,61.39145727714116,-0.09790991656812247,1.2560026566024527,-0.0019568007911680563,0.012205692657117018
819,2,111.0148,Forward,0.08175092682256899,450.5400423176361,19845.0,19852.912692298978,ok,0.0004779550127063801,14466.39076265244,ok,-88.5073045523859,69.01535192020687,-0.12526896770457238,-69.12661259058223,61.39152872213984,-0.09783847156943723,1.2560026566024527,-0.002383587495435685,0.012205692657117018
820,2,111.15011666666666,Forward,0.08179942467567977,450.74192161893006,19835.0,19852.91822854488,ok,0.00048583557419597896,14466.239484607637,ok,-88.50176830648343,69.01535975594216,-0.1252611319692885,-69.27789063538512,61.391314610495556,-0.09805258321372087,1.2560026566024527,-0.0021068269661220357,0.012205692657117018
821,2,111.28623333333333,Forward,0.08175128756803915,450.4379108706271,19845.0,19853.031961941077,ok,0.0004836517943936819,14466.157240871093,ok,-88.38803491028739,69.01552072870261,-0.12510015920882464,-69.36013437192923,61.391198206679746,-0.09816898702953192,1.2560026566024527,-0.0017996507037608273,0.012205692657117018
822,2,111.4226,Forward,0.08181289043953272,450.6788670659698,19835.0,19852.70530997096,ok,0.000476437090612105,14466.33617524159,ok,-88.71468688040477,69.01505840126758,-0.12556248664385627,-69.18120000143244,61.39145146175279,-0.09791573195649178,1.2560026566024527,-0.002580067183328927,0.012205692657117018
823,2,111.55845,Forward,0.08173164676591013,450.73596205857757,19835.0,19852.778194291735,ok,0.00048141866394938316,14466.311170621379,ok,-88.64180255962856,69.01516155821798,-0.12545932969345927,-69.20620462164334,61.391416071420004,-0.09795112228927284,1.2560026566024527,-0.00243245988094086,0.012205692657117018
824,2,111.69401666666667,Forward,0.08185395914555726,450.49241974379765,19835.0,19852.72244616159,ok,0.000480576178210218,14466.82229244028,ok,-88.69755068977247,69.01508265500485,-0.12553823290658847,-68.69508280274204,61.392139488576916,-0.0972277051323629,1.2560026566024527,-0.003419976964980753,0.012205692657117018
825,2,111.83038333333333,Forward,0.08203697083782668,450.31944255581766,19835.0,19852.331563109023,ok,0.0004849584614754402,14465.988243765489,ok,-89.0884337423413,69.01452941799536,-0.12609146991607761,-69.52913147753316,61.39095901633189,-0.09840817737739223,1.2560026566024527,-0.002490537698667583,0.012205692657117018
826,2,111.9663,Forward,0.08195442343194526,451.08167911374767,19845.0,19852.54373197607,ok,0.00048433855429490296,14466.368079205027,ok,-88.87626487529269,69.014829711571,-0.12579117634043838,-69.14929603799465,61.39149661708302,-0.09787057662625379,1.2560026566024527,-0.0028654720946497125,0.012205692657117018
827,2,112.10165,Forward,0.08199535808597408,451.223775317063,19850.0,19852.337745195622,ok,0.00048502193823777103,14465.786151872715,ok,-89.08225165574186,69.0145381678224,-0.12608272008903806,-69.7312233703069,61.39067298521934,-0.09869420848993445,1.2560026566024527,-0.0021225320344040594,0.012205692657117018
828,2,112.23645,Forward,0.0820475263888234,450.9738321997429,19860.0,19852.297494190483,ok,0.000472904174082743,14465.766812523083,ok,-89.12250266088085,69.01448119849215,-0.1261396894192909,-69.7505627199389,61.39064561323715,-0.09872158047213105,1.2560026566024527,-0.0021451220823014983,0.012205692657117018
829,2,112.37228333333333,Forward,0.08203937246270143,450.792478899235,19855.0,19852.287767181217,ok,0.0004750287268492565,14466.287817732955,ok,-89.13222967014735,69.01446743135264,-0.1261534565588036,-69.22955751006702,61.39138301886869,-0.09798417484059106,1.2560026566024527,-0.0030850726540220252,0.012205692657117018
