scan_index,channel_id,time_min,direction,DipDepth,CentroidWidthMotor,RawMinimumMotor,SPRMotor,SPRQuality,TIREdgeSlope,TIRMotor,TIRQuality,DeltaSPRMotor,SPRAngleEmpirical,DeltaSPRAngle,DeltaTIRMotor,TIRAngleEmpirical,DeltaTIRAngle,BulkSensitivity,PureKineticsCandidate,AngleCalibrationRMSEDeg
0,4,0.14448333333333332,Forward,0.31108333916689396,387.8174587889007,17650.0,17664.69621422991,ok,0.0005807951823457097,14486.455264285722,ok,-89.83950849309986,65.89564913642273,-0.13040034404746084,-67.36583924542538,61.28249262777729,-0.0977802390284015,1.1543942747104796,-0.017523395933251973,0.006507250918156904
1,4,0.28031666666666666,Forward,0.3112497955424244,387.9345437446318,17650.0,17664.295918112133,ok,0.00057518452223643,14486.871718898092,ok,-90.23980461087558,65.8950681141937,-0.1309813662764819,-66.94938463305516,61.283097103755,-0.09717576305069288,1.1543942747104796,-0.018802221770139876,0.006507250918156904
2,4,0.4159,Forward,0.3112915784471245,387.9162311050459,17650.0,17664.174575800513,ok,0.0005719263780920876,14485.35197623375,ok,-90.36114692249612,65.89489198812792,-0.13115749234226562,-68.46912729739779,61.28089122607804,-0.09938164072765172,1.1543942747104796,-0.01643189527493065,0.006507250918156904
3,4,0.5517166666666666,Forward,0.3111138076622794,388.1898101595543,17650.0,17664.25338830087,ok,0.0005816686961915114,14484.971017561884,ok,-90.28233442213968,65.89500638297864,-0.13104309749155796,-68.85008596926309,61.2803382717853,-0.09993459502039381,1.1543942747104796,-0.01567917315450494,0.006507250918156904
4,4,0.6867666666666666,Forward,0.31124001216774944,388.18014706715985,17645.0,17664.204959409555,ok,0.0005809037093690303,14485.167583532593,ok,-90.33076331345364,65.89493608936066,-0.13111339110953407,-68.65351999855375,61.2806235835667,-0.09964928323899097,1.1543942747104796,-0.016078829059439942,0.006507250918156904
5,4,0.82235,Forward,0.31141831621834115,388.2402313409548,17655.0,17664.08119542558,ok,0.0005786237616161017,14485.135449301479,ok,-90.45452729742829,65.89475644828335,-0.13129303218684715,-68.68565422966822,61.280576941339206,-0.09969592546648434,1.1543942747104796,-0.016204626616374923,0.006507250918156904
6,4,0.9581833333333334,Forward,0.31136991688631077,388.1253601995668,17650.0,17664.058246922603,ok,0.0005803506354372887,14485.881138351288,ok,-90.47747580040595,65.89472313896616,-0.13132634150402683,-67.93996517985943,61.2816592948636,-0.09861357194208857,1.1543942747104796,-0.01748739864532979,0.006507250918156904
7,4,1.0948333333333333,Forward,0.3113133237813136,388.16762693740384,17650.0,17664.110977651955,ok,0.000589693514189643,14485.719998734792,ok,-90.42474507105362,65.89479967662052,-0.13124980384966126,-68.10110479635478,61.28142540376399,-0.09884746304170744,1.1543942747104796,-0.017140858444658458,0.006507250918156904
8,4,1.2304333333333333,Forward,0.3112516798792608,388.0189408401384,17655.0,17664.164024108304,ok,0.0005898811553254242,14485.38454410463,ok,-90.37169861470466,65.89487667254664,-0.13117280792354336,-68.4365594265164,61.28093849772544,-0.09933436908025448,1.1543942747104796,-0.016501780975319902,0.006507250918156904
9,4,1.3668,Forward,0.311229276633718,388.00288897170685,17660.0,17664.12644935331,ok,0.0005760182347154701,14484.994921161448,ok,-90.4092733696998,65.89482213350185,-0.13122734696834726,-68.82618236969938,61.280372967407075,-0.09989989939861935,1.1543942747104796,-0.015903475058428193,0.006507250918156904
10,4,1.5034,Forward,0.3112830565709499,388.06856120096563,17650.0,17664.130450180928,ok,0.0005881815719726884,14485.528816235948,ok,-90.40527254208064,65.89482794062732,-0.1312215398428769,-68.29228729519855,61.281147905989975,-0.09912496081571848,1.1543942747104796,-0.016792252596310855,0.006507250918156904
11,4,1.63895,Forward,0.31112984305563235,388.0657992385386,17660.0,17664.204951208452,ok,0.0005855878777345738,14485.884406642543,ok,-90.33077151455655,65.89493607745692,-0.13111340301327953,-67.93669688860427,61.281664038726426,-0.09860882807926843,1.1543942747104796,-0.01727993644266207,0.006507250918156904
12,4,1.7745166666666667,Forward,0.31129995310917935,387.7938723287225,17650.0,17664.168440789857,ok,0.0005863316676219205,14485.349429476564,ok,-90.36728193315139,65.89488308327623,-0.13116639719396841,-68.47167405458276,61.28088752950825,-0.09938533729744263,1.1543942747104796,-0.016436532827630745,0.006507250918156904
13,4,1.9103666666666668,Forward,0.31150546732798723,388.0322385723339,17650.0,17664.056987093718,ok,0.0005855960443351532,14485.466521240942,ok,-90.4787356292909,65.89472131034842,-0.13132817012177855,-68.35458229020514,61.28105748598526,-0.09921538082043076,1.1543942747104796,-0.01679450253945336,0.006507250918156904
14,4,2.0468166666666665,Forward,0.311408573206864,387.80646110431553,17650.0,17664.078557171997,ok,0.0005851618155069774,14485.362045544569,ok,-90.45716555101171,65.89475261890826,-0.1312968615619265,-68.45905798657805,61.28090584149187,-0.09936702531381833,1.1543942747104796,-0.01658813644464331,0.006507250918156904
15,4,2.1837,Forward,0.3112510701348512,388.128543782459,17645.0,17664.075684850697,ok,0.0005858134951412048,14484.847368660408,ok,-90.46003787231166,65.89474844978832,-0.13130103068186058,-68.97373487073855,61.28015879774806,-0.10011406905764023,1.1543942747104796,-0.01572992254375112,0.006507250918156904
16,4,2.3187166666666665,Forward,0.3112341672152811,387.9897968833502,17655.0,17664.14206557265,ok,0.0005843370231407419,14485.613548046847,ok,-90.3936571503582,65.89484480014828,-0.1312046803219127,-68.20755548429952,61.28127089260776,-0.09900197419793387,1.1543942747104796,-0.016917368122783216,0.006507250918156904
17,4,2.4539833333333334,Forward,0.3112680731148175,387.9738046264829,17645.0,17664.17258424952,ok,0.0005739182739928628,14486.049217246897,ok,-90.3631384734872,65.8948890974294,-0.1311603830407877,-67.77188628425029,61.281903258195356,-0.0983696086103409,1.1543942747104796,-0.017603070055499465,0.006507250918156904
18,4,2.5890166666666667,Forward,0.31121977574297177,387.88190155044504,17650.0,17664.13359284179,ok,0.0005884906927559273,14485.983168460174,ok,-90.40212988121857,65.89483250214,-0.13121697833019155,-67.83793507097289,61.2818073896331,-0.09846547717259163,1.1543942747104796,-0.017548995225516353,0.006507250918156904
19,4,2.7235833333333335,Forward,0.31124692436778517,387.9466886608716,17650.0,17664.224130590184,ok,0.0005723799000452952,14485.729522045305,ok,-90.31159213282444,65.89496391596603,-0.13108556450415995,-68.09158148584174,61.281439226668724,-0.09883364013697209,1.1543942747104796,-0.016992576181243516,0.006507250918156904
20,4,2.8588833333333334,Forward,0.311156225086579,387.8806456161183,17655.0,17664.241407900474,ok,0.0005880713550282508,14485.147521532113,ok,-90.29431482253494,65.8949889936545,-0.13106048681569354,-68.67358199903356,61.28059446395319,-0.09967840285249653,1.1543942747104796,-0.015992309250486808,0.006507250918156904
21,4,2.9933833333333335,Forward,0.31111982339111577,387.8611304519727,17650.0,17664.181760937383,ok,0.0005814208596149627,14485.506727135813,ok,-90.35396178562587,65.89490241721793,-0.13114706325226252,-68.31437639533397,61.281115844079736,-0.09915702272595898,1.1543942747104796,-0.016680763920078556,0.006507250918156904
22,4,3.127883333333333,Forward,0.3112025774891093,387.6292246958692,17650.0,17664.235953651943,ok,0.0005823346818182942,14486.392952581515,ok,-90.29976907106538,65.89498107691611,-0.13106840355407312,-67.42815094963225,61.282402183519494,-0.09787068328620133,1.1543942747104796,-0.01808704710647968,0.006507250918156904
23,4,3.2629333333333332,Forward,0.31120182249369455,387.9264866563826,17650.0,17664.29734069177,ok,0.0005869282622151452,14485.687843648771,ok,-90.23838203123887,65.89507017904108,-0.13097930142909825,-68.13325988237557,61.28137873126599,-0.09889413553970211,1.1543942747104796,-0.01681647755962397,0.006507250918156904
24,4,3.3979833333333334,Forward,0.31116263511407244,387.8041283864295,17650.0,17664.186054185582,ok,0.0005757260544555575,14485.063304032896,ok,-90.34966853742662,65.89490864878633,-0.13114083168386179,-68.75779949825119,61.280472223849074,-0.0998006429566222,1.1543942747104796,-0.015931540842312367,0.006507250918156904
25,4,3.5335833333333335,Forward,0.31122302425943843,387.98918604360733,17650.0,17664.17997383259,ok,0.0005685268454489483,14484.649360774134,ok,-90.35574889041891,65.89489982326918,-0.13114965720100258,-69.17174275701291,61.27987139305353,-0.10040147375216023,1.1543942747104796,-0.015246770729014314,0.006507250918156904
26,4,3.668083333333333,Forward,0.31100173504494755,388.06098966970603,17660.0,17664.23110263895,ok,0.0005874551661452227,14485.17471369595,ok,-90.30462008405812,65.89497403576269,-0.1310754447075015,-68.64638983519762,61.280633932863694,-0.09963893394200184,1.1543942747104796,-0.01605282982659889,0.006507250918156904
27,4,3.803383333333333,Forward,0.311298770032972,387.8503253316776,17655.0,17664.239748405696,ok,0.0005862410513048351,14486.063261967705,ok,-90.29597431731236,65.89498658492928,-0.1310628955409142,-67.75784156344162,61.28192364384145,-0.09834922296424577,1.1543942747104796,-0.017529115628764455,0.006507250918156904
28,4,3.9384166666666665,Forward,0.31087908792744684,387.9532980135409,17655.0,17664.350601396065,ok,0.0005878906580481508,14484.273572189022,ok,-90.18512132694377,65.89514748594405,-0.1309019945261467,-69.54753134212478,61.27932594304374,-0.10094692376195699,1.1543942747104796,-0.014369443685708277,0.006507250918156904
29,4,4.072666666666667,Forward,0.31118999869751296,387.7687745340954,17650.0,17664.398285974767,ok,0.0005832503054599802,14485.120797790785,ok,-90.13743674824218,65.89521669920637,-0.1308327812638221,-68.70030574036173,61.2805556749491,-0.09971719185659816,1.1543942747104796,-0.015719825894358733,0.006507250918156904
30,4,4.2077,Forward,0.31087431814807287,387.81858979340905,17650.0,17664.458666963612,ok,0.0005828593725071297,14484.855390622153,ok,-90.0770557593969,65.89530434106742,-0.130745139402781,-68.96571290899374,61.2801704414735,-0.1001024253321902,1.1543942747104796,-0.01518747271466736,0.006507250918156904
31,4,4.3422,Forward,0.31104368380117925,388.01013859175873,17650.0,17664.35794407114,ok,0.0005891322198406433,14484.664329362256,ok,-90.17777865186872,65.89515814369777,-0.13089133677242482,-69.15677416889048,61.27989311967552,-0.1003797471301672,1.1543942747104796,-0.015013531388474097,0.006507250918156904
32,4,4.478316666666666,Forward,0.31106225333208687,387.7811002861563,17660.0,17664.372709984418,ok,0.0005880522003911216,14485.294531427804,ok,-90.16301273859062,65.89517957614106,-0.13086990432912746,-68.52657210334291,61.28080784603084,-0.09946502077485622,1.1543942747104796,-0.016048053812674518,0.006507250918156904
33,4,4.6134,Forward,0.3109134513691105,387.760792946141,17650.0,17664.52183780179,ok,0.000574508890991859,14485.235059770088,ok,-90.01388492121987,65.89539603234189,-0.1306534481283048,-68.58604376105905,61.2807215240467,-0.09955134275899588,1.1543942747104796,-0.015731948007579377,0.006507250918156904
34,4,4.748683333333333,Forward,0.310725642974055,387.9454965865407,17650.0,17664.53131228479,ok,0.0005834495460942226,14485.334691141403,ok,-90.00441043821775,65.89540978437441,-0.13063969609577622,-68.48641238974415,61.280866137094065,-0.09940672971162619,1.1543942747104796,-0.015885136448982817,0.006507250918156904
35,4,4.884,Forward,0.31077364645837,387.82214096181633,17650.0,17664.534406794388,ok,0.0005686059371897311,14484.940180170797,ok,-90.0013159286209,65.89541427599644,-0.1306352044737398,-68.8809233603497,61.28029351189653,-0.09997935490916289,1.1543942747104796,-0.015219609577355075,0.006507250918156904
36,4,5.019033333333334,Forward,0.31085869271445343,387.7872866561811,17650.0,17664.559798743325,ok,0.0005734043660722321,14485.285580595171,ok,-89.97592397968401,65.89545113192914,-0.1305983485410556,-68.53552293597568,61.2807948540669,-0.09947801273879726,1.1543942747104796,-0.015761500175811877,0.006507250918156904
37,4,5.1538,Forward,0.31087141726366513,387.6788845100891,17650.0,17664.54734706602,ok,0.0005884005524963373,14485.55822158316,ok,-89.98837565698705,65.8954330585555,-0.13061642191469172,-68.2628819479869,61.2811905872942,-0.09908227951149552,1.1543942747104796,-0.01623640572135783,0.006507250918156904
38,4,5.288833333333334,Forward,0.3107560811361515,387.79793611145215,17650.0,17664.62442977046,ok,0.0005796139236404627,14485.352008534417,ok,-89.91129295254723,65.89554494264021,-0.130504537829976,-68.46909499672984,61.28089127296185,-0.0993815938438443,1.1543942747104796,-0.015778994885039893,0.006507250918156904
39,4,5.42335,Forward,0.3107887412274918,387.7949909003946,17650.0,17664.67012144108,ok,0.0005787351421961357,14484.885640287266,ok,-89.86560128193014,65.89561126323423,-0.13043821723596888,-68.9354632438808,61.280214348289164,-0.10005851851653404,1.1543942747104796,-0.01493123632446948,0.006507250918156904
40,4,5.5584,Forward,0.3106815349962121,387.7090271689558,17655.0,17664.72658699882,ok,0.0005772259599094385,14485.000180293151,ok,-89.80913572419013,65.89569322192122,-0.13035625854897656,-68.82092323799588,61.28038060093708,-0.09989226586861645,1.1543942747104796,-0.01504119874238867,0.006507250918156904
41,4,5.6931666666666665,Forward,0.31074281273596216,387.4752387627195,17650.0,17664.81093542154,ok,0.0005721398510104398,14485.517591344398,ok,-89.72478730146759,65.89581565205833,-0.13023382841186462,-68.30351218674878,61.281131613272606,-0.09914125353308299,1.1543942747104796,-0.01578573294565351,0.006507250918156904
42,4,5.828,Forward,0.310619610758453,387.77109074495456,17645.0,17664.775630867025,ok,0.0005731096900121938,14485.275013528271,ok,-89.76009185598377,65.8957644081665,-0.1302850723036954,-68.54609000287564,61.280779516169545,-0.09949335063614823,1.1543942747104796,-0.01543051795756363,0.006507250918156904
43,4,5.964666666666667,Forward,0.31056735851905304,387.9000989214255,17655.0,17664.898085087356,ok,0.0005791474064060359,14485.43324165743,ok,-89.63763763565294,65.8959421481467,-0.13010733232349025,-68.38786187371625,61.28100918130047,-0.0992636855052225,1.1543942747104796,-0.015517902089599786,0.006507250918156904
44,4,6.099966666666667,Forward,0.31061202372433283,387.58930927671463,17650.0,17664.86333789648,ok,0.0005794688192781427,14485.43199933972,ok,-89.67238482652829,65.89589171325764,-0.13015776721255887,-68.38910419142667,61.28100737809986,-0.09926548870583626,1.1543942747104796,-0.01556625537420371,0.006507250918156904
45,4,6.235283333333333,Forward,0.3103997277381447,387.6529594134736,17650.0,17664.984461829,ok,0.0005695424638184501,14485.877782122785,ok,-89.55126089400801,65.8960675223503,-0.12998195811990074,-67.94332140836195,61.28165442336154,-0.09861844344415678,1.1543942747104796,-0.016137391627106923,0.006507250918156904
46,4,6.370866666666666,Forward,0.31036075677852554,387.3938403354332,17650.0,17664.93870890602,ok,0.0005910895879170944,14486.132060681493,ok,-89.59701381699051,65.89600111284963,-0.13004836762055547,-67.68904284965356,61.28202350387072,-0.09824936293497286,1.1543942747104796,-0.016629865554470796,0.006507250918156904
47,4,6.504833333333333,Forward,0.310555976331132,387.5601211358444,17650.0,17665.00792905976,ok,0.0005782358834732168,14485.153039731564,ok,-89.5277936632483,65.89610158459101,-0.12994789587917574,-68.66806379958325,61.280602473515124,-0.09967039329056868,1.1543942747104796,-0.014888964506401453,0.006507250918156904
48,4,6.6406833333333335,Forward,0.3103692791564391,387.4620956812287,17650.0,17665.101726148765,ok,0.0005753650433659574,14486.191025977478,ok,-89.43399657424379,65.89623772928817,-0.12981175118201527,-67.63007755366925,61.2821090908804,-0.09816377592529098,1.1543942747104796,-0.016492050269896946,0.006507250918156904
49,4,6.77545,Forward,0.31032838920102257,387.2696447040689,17655.0,17665.131118692567,ok,0.0005800764290622791,14485.43213879419,ok,-89.40460403044199,65.89628039200849,-0.12976908846169907,-68.38896473695604,61.28100758051538,-0.09926528629031492,1.1543942747104796,-0.015177810290662869,0.006507250918156904
50,4,6.911016666666667,Forward,0.31040595319875464,387.34842838507393,17650.0,17665.1541395123,ok,0.0005748008826801775,14485.2979103364,ok,-89.38158321071023,65.89631380629207,-0.12973567417812132,-68.52319319474736,61.280812750452625,-0.09946011635306279,1.1543942747104796,-0.014919485298107493,0.006507250918156904
51,4,7.045833333333333,Forward,0.3100098632312548,387.4292833923828,17655.0,17665.248022790147,ok,0.0005761243569539983,14486.140165351815,ok,-89.28769993286187,65.8964500760907,-0.12959940437948733,-67.68093817933186,61.2820352676461,-0.09823759915959088,1.1543942747104796,-0.016194482348352593,0.006507250918156904
52,4,7.181966666666667,Forward,0.31019198436602546,387.2441351722846,17660.0,17665.308957727375,ok,0.0005839764253826515,14485.12159853318,ok,-89.22676499563386,65.89653852199733,-0.12951095847286648,-68.69950499796687,61.280556837211506,-0.09971602959418674,1.1543942747104796,-0.014399344812476553,0.006507250918156904
53,4,7.3167333333333335,Forward,0.31013095285347236,387.1687368866005,17650.0,17665.424649380024,ok,0.0005750036199617425,14486.033650343934,ok,-89.11107334298504,65.8967064462387,-0.12934303423149573,-67.78745318721303,61.28188066313071,-0.09839220367498612,1.1543942747104796,-0.015759637632944343,0.006507250918156904
54,4,7.451233333333334,Forward,0.3098205166310758,387.05142115803756,17650.0,17665.76326004142,ok,0.0005681106128248685,14484.839941018841,ok,-88.77246268158706,65.89719793319676,-0.1288515472734184,-68.98116251230567,61.28014801666708,-0.10012485013861518,1.1543942747104796,-0.013267993517156282,0.006507250918156904
55,4,7.58735,Forward,0.3090266716776383,386.4036413801623,17650.0,17666.78087966523,ok,0.000579908959366226,14485.72257130852,ok,-87.75484305777718,65.89867498879603,-0.12737449167416112,-68.09853222262609,61.281429137806,-0.09884372899969257,1.1543942747104796,-0.013269856825881818,0.006507250918156904
56,4,7.7224,Forward,0.30712212388832255,385.23381539461116,17660.0,17669.104415950118,ok,0.0005885409475417441,14487.91264656298,ok,-85.43130677289082,65.90204755768067,-0.12400192278951266,-65.90845696816723,61.28460799053418,-0.09566487627151674,1.1543942747104796,-0.01356693733078733,0.006507250918156904
57,4,7.857983333333333,Forward,0.3032243648369154,382.8930885658774,17660.0,17673.839796095333,ok,0.0005811898955282213,14489.564120504043,ok,-80.69592662767536,65.90892087222224,-0.11712860824795951,-64.25698302710407,61.28700507366288,-0.09326779314281071,1.1543942747104796,-0.009460801829017498,0.006507250918156904
58,4,7.993816666666667,Forward,0.2968956762793834,379.06402964580775,17675.0,17681.608922828553,ok,0.0005868363047782988,14496.354401184264,ok,-72.92679989445605,65.92019761244435,-0.10585186802583403,-57.46670234688281,61.29686103738899,-0.08341182941669921,1.1543942747104796,-0.009561729704069294,0.006507250918156904
59,4,8.129116666666667,Forward,0.2883234214026654,373.6112519876442,17685.0,17692.03294738101,ok,0.0005920702429231,14504.912720379933,ok,-62.50277534199995,65.93532788653867,-0.09072159393151553,-48.908383151214366,61.30928327551454,-0.07098959129115481,1.1543942747104796,-0.0087716161809695,0.006507250918156904
60,4,8.264166666666666,Forward,0.27932815188459414,367.16009532849057,17690.0,17703.054861303146,ok,0.0005846362082944569,14512.962642275159,ok,-51.48086141986278,65.9513259857226,-0.07472349474758494,-40.858461255988004,61.32096758459302,-0.05930528221266816,1.1543942747104796,-0.006261816501191564,0.006507250918156904
61,4,8.399233333333333,Forward,0.27137071987349987,361.8693559460917,17700.0,17712.716254033377,ok,0.0005834499551810178,14521.34183764216,ok,-41.81946868963132,65.96534931417945,-0.0607001662907448,-32.47926588898736,61.333129827875794,-0.0471430389298958,1.1543942747104796,-0.0062785120576198394,0.006507250918156904
62,4,8.534,Forward,0.26558227355805614,358.0137561974334,17715.0,17719.699608733372,ok,0.0005825965706230293,14526.845112993682,ok,-34.83611398963694,65.97548552118636,-0.05056395928383914,-26.975990537464895,61.34111772775708,-0.039155139048614084,1.1543942747104796,-0.0053634909406263045,0.006507250918156904
63,4,8.669833333333333,Forward,0.26192637417256837,355.33576012895355,17715.0,17724.17495643877,ok,0.0005777207900307966,14531.00197819365,ok,-30.360766284240526,65.98198140356934,-0.04406807690086139,-22.8191253374971,61.347151338818925,-0.03312152798676872,1.1543942747104796,-0.0058327746232726616,0.006507250918156904
64,4,8.805133333333334,Forward,0.25969716116917163,353.7986775621939,17715.0,17726.90598730654,ok,0.0005883692647863893,14533.082105815953,ok,-27.629735416467156,65.9859454431187,-0.04010403735149948,-20.738997715194273,61.35017060464262,-0.030102262163072137,1.1543942747104796,-0.0053541582546151045,0.006507250918156904
65,4,8.94045,Forward,0.2582637691086632,352.85769616302423,17720.0,17728.512512390244,ok,0.00058200670823188,14534.00407998388,ok,-26.023210332765302,65.98827728383276,-0.037772196637436715,-19.817023547266217,61.35150883267522,-0.028764034130469712,1.1543942747104796,-0.004567160319645651,0.006507250918156904
66,4,9.076033333333333,Forward,0.2573827526691306,352.2255610917746,17725.0,17729.728042274863,ok,0.000595400476433697,14534.842645595034,ok,-24.80768044814613,65.99004160242502,-0.03600787804517188,-18.978457936113045,61.35272599476832,-0.027546872037367415,1.1543942747104796,-0.004207926679052731,0.006507250918156904
67,4,9.210816666666666,Forward,0.25656220922383216,351.8005587325679,17720.0,17730.646040821503,ok,0.0005735646324160503,14535.384237509996,ok,-23.889681901506265,65.99137405991866,-0.03467542055152807,-18.436866021151218,61.353512105169294,-0.026760761636398674,1.1543942747104796,-0.003782950531577598,0.006507250918156904
68,4,9.345583333333334,Forward,0.2560284906652991,351.1800658597422,17715.0,17731.35465120035,ok,0.0005825437021691796,14535.396589680815,ok,-23.181071522660204,65.99240259445483,-0.03364688601536434,-18.424513850332005,61.35353003411116,-0.026742832694538067,1.1543942747104796,-0.00277511306324937,0.006507250918156904
69,4,9.480616666666666,Forward,0.25549893334980095,350.9758729817804,17715.0,17731.95018396114,ok,0.0005892082557873693,14537.698375827551,ok,-22.58553876186852,65.9932669989713,-0.03278248149889557,-16.122727703595956,61.356871033082456,-0.023401833723232325,1.1543942747104796,-0.00576753863106955,0.006507250918156904
70,4,9.615916666666667,Forward,0.2550404760115794,350.30625198413327,17730.0,17732.44115995788,ok,0.0005824006177463082,14537.127755614172,ok,-22.094562765127193,65.99397964132618,-0.03206983914401191,-16.693347916974744,61.35604278865645,-0.0242300781492439,1.1543942747104796,-0.0040987756527372556,0.006507250918156904
71,4,9.7507,Forward,0.2545181152554775,350.12427496430973,17725.0,17733.05219895057,ok,0.0005814415629101686,14537.810090146082,ok,-21.483523772440094,65.99486655284439,-0.031182927625802395,-16.01101338506487,61.35703318429873,-0.02323968250695981,1.1543942747104796,-0.0043551711936787064,0.006507250918156904
72,4,9.886816666666666,Forward,0.2542738330523968,349.93136290799885,17715.0,17733.492048766017,ok,0.0005912060205533945,14538.579047405483,ok,-21.04367395699228,65.99550498651601,-0.030544493954184383,-15.242056125664021,61.3581493111884,-0.022123555617292276,1.1543942747104796,-0.00500518801334331,0.006507250918156904
73,4,10.02215,Forward,0.2538165013144752,349.78398742738864,17725.0,17733.88348448815,ok,0.0005872408179431757,14538.257556445898,ok,-20.652238234859396,65.99607314804867,-0.02997633242152735,-15.563547085248501,61.35768267315308,-0.02259019365261929,1.1543942747104796,-0.0038983422043426252,0.006507250918156904
74,4,10.157716666666667,Forward,0.2535239261382898,349.1790810669736,17720.0,17734.39940795157,ok,0.0005813624235590437,14539.044467686414,ok,-20.136314771440084,65.99682200117866,-0.029227479291534957,-14.776635844733391,61.358824859906086,-0.021448006899606655,1.1543942747104796,-0.0044680229226781686,0.006507250918156904
75,4,10.292233333333334,Forward,0.25322469904282896,349.08679317017595,17730.0,17734.813892992366,ok,0.0005774108859304847,14538.335046411856,ok,-19.72182973064264,65.99742361836056,-0.02862586210963927,-15.486057119291218,61.357795148370165,-0.022477718435528895,1.1543942747104796,-0.0026777126391105133,0.006507250918156904
76,4,10.42815,Forward,0.25277584386869156,349.08305942242805,17715.0,17735.224133441505,ok,0.0005867051922406352,14539.423788488633,ok,-19.311589281503984,65.99801907459809,-0.028030405872097916,-14.397315042513583,61.35937543686208,-0.020897429943616066,1.1543942747104796,-0.003906532389024189,0.006507250918156904
77,4,10.563433333333334,Forward,0.25266802041075864,349.0200380479,17720.0,17735.35247901578,ok,0.0005902250933214651,14539.844616093053,ok,-19.18324370722985,65.9982053657669,-0.027844114703289912,-13.97648743809441,61.35998626015487,-0.02028660665082007,1.1543942747104796,-0.004425372132279684,0.006507250918156904
78,4,10.698483333333334,Forward,0.25245452859542417,348.44172376137067,17730.0,17735.71075317294,ok,0.0005780236772576338,14539.984354950784,ok,-18.82496955006718,65.99872539391644,-0.027324086553749065,-13.836748580362837,61.36018908845871,-0.020083778346985395,1.1543942747104796,-0.0041394878154348246,0.006507250918156904
79,4,10.8341,Forward,0.2518839301987741,348.3938881809954,17730.0,17736.177904695465,ok,0.0005859858793634705,14539.85619065569,ok,-18.357818027543544,65.9994034554985,-0.026646024971699604,-13.96491287545723,61.36000306041319,-0.02026980639249939,1.1543942747104796,-0.003246676522708429,0.006507250918156904
80,4,10.9694,Forward,0.2516599858691745,347.92551117322364,17730.0,17736.44308258268,ok,0.0005810688693435205,14540.295454910432,ok,-18.09264014033033,65.99978835617645,-0.026261124293741892,-13.525648620714492,61.36064064415454,-0.019632222651147956,1.1543942747104796,-0.0035977988654152977,0.006507250918156904
81,4,11.105233333333333,Forward,0.2514569995527179,347.8518951544247,17720.0,17736.772899921638,ok,0.0005784594616653291,14540.611856101345,ok,-17.76282280137093,66.00026707979364,-0.025782400676543707,-13.209247429802417,61.3610998944871,-0.019172972318593766,1.1543942747104796,-0.0036492312027765553,0.006507250918156904
82,4,11.241083333333334,Forward,0.25117353433952827,347.82704799368366,17725.0,17737.075537302513,ok,0.00058720344766925,14540.678173370308,ok,-17.46018542049569,66.00070635221677,-0.025343128253422817,-13.14293016083866,61.36119615274623,-0.019076714059457964,1.1543942747104796,-0.0033210787628956302,0.006507250918156904
83,4,11.37665,Forward,0.25100228376016415,347.5527476349598,17730.0,17737.296627175685,ok,0.0005762389202955617,14541.269341923486,ok,-17.239095547323814,66.00102725997785,-0.025022220492343105,-12.55176160766132,61.362054222698056,-0.018218644107636205,1.1543942747104796,-0.0039907220415000555,0.006507250918156904
84,4,11.510883333333334,Forward,0.25064313298212104,347.53142637400015,17730.0,17737.676592203326,ok,0.0005923497860060939,14541.57772058498,ok,-16.859130519682367,66.00157877201482,-0.02447070845536159,-12.243382946166093,61.3625018284812,-0.017771038324497248,1.1543942747104796,-0.003955923557901451,0.006507250918156904
85,4,11.645683333333332,Forward,0.2505803509850061,347.28195396336014,17725.0,17737.92185616185,ok,0.0005818306790990812,14540.891836663515,ok,-16.61386656115792,66.00193476800268,-0.024114712467510808,-12.929266867631668,61.361506280967234,-0.018766585838457677,1.1543942747104796,-0.0024506732197325,0.006507250918156904
86,4,11.781,Forward,0.25020589774712226,347.16326997750366,17730.0,17738.234569720848,ok,0.0005876053491014736,14541.207907203821,ok,-16.3011530021613,66.00238866580739,-0.023660814662798336,-12.613196327325568,61.3619650513667,-0.01830781543899197,1.1543942747104796,-0.0025263773375698816,0.006507250918156904
87,4,11.9163,Forward,0.25000253190651744,346.900257501904,17730.0,17738.39478917857,ok,0.0005794176379374691,14542.337570129528,ok,-16.140933544440486,66.00262122131399,-0.02342825915620297,-11.483533401618843,61.36360473569535,-0.01666813111034126,1.1543942747104796,-0.00418666403230139,0.006507250918156904
88,4,12.0511,Forward,0.24974767496944797,346.85632113498286,17715.0,17738.696525388343,ok,0.0005837819027187659,14541.282906976496,ok,-15.839197334666096,66.00305918570433,-0.022990294765857053,-12.538196554651222,61.362073912115434,-0.018198954690260612,1.1543942747104796,-0.0019815256657047704,0.006507250918156904
89,4,12.1856,Forward,0.2496070540118861,346.7546098096245,17735.0,17738.88221682649,ok,0.0005800468855231267,14541.878839574623,ok,-15.653505896520073,66.00332871330781,-0.02272076716238882,-11.942263956523675,61.36293889698822,-0.017333969817476074,1.1543942747104796,-0.002710531647090182,0.006507250918156904
90,4,12.320916666666667,Forward,0.2495140289560768,346.5619031130482,17725.0,17739.117335384024,ok,0.0005728835738614803,14541.966772360243,ok,-15.418387338984758,66.00366998343839,-0.022379497031810327,-11.854331170903606,61.36306652976015,-0.0172063370455449,1.1543942747104796,-0.0025166000576944646,0.006507250918156904
91,4,12.4565,Forward,0.249388424929894,346.5819578071205,17725.0,17739.38029663501,ok,0.0005858448116522276,14541.898189165757,ok,-15.15542608800024,66.00405166671086,-0.021997813759331544,-11.92291436539017,61.36296698255306,-0.01730588425263596,1.1543942747104796,-0.0020200000592863407,0.006507250918156904
92,4,12.591266666666666,Forward,0.2490010202642167,346.3299817394545,17730.0,17739.68410389268,ok,0.0005829104822649949,14544.107676077798,ok,-14.851618830329244,66.00449263718798,-0.02155684328221171,-9.71342745334914,61.366174010934344,-0.014098855871345998,1.1543942747104796,-0.00528120478436166,0.006507250918156904
93,4,12.7274,Forward,0.2488220159369892,345.979297222515,17735.0,17739.93039807333,ok,0.0005889963352141564,14542.211486710512,ok,-14.605324649677641,66.00485012852373,-0.02119935194646689,-11.609616820634983,61.36342172800203,-0.01685113880366193,1.1543942747104796,-0.001746493789167955,0.006507250918156904
94,4,12.862016666666667,Forward,0.24845350788733553,346.0688436974124,17725.0,17740.182569436336,ok,0.0005910569676030567,14543.418169188044,ok,-14.35315328667275,66.00521615047828,-0.02083332999191356,-10.40293434310297,61.365173204750576,-0.015099662055118692,1.1543942747104796,-0.003402366565421467,0.006507250918156904
95,4,12.99785,Forward,0.24841295044848133,345.5943097529016,17730.0,17740.58050084874,ok,0.0005804441332527226,14543.1219419634,ok,-13.955221874268318,66.00579374038227,-0.02025574008792588,-10.699161567747069,61.364743236547746,-0.01552963025794765,1.1543942747104796,-0.0023284238297804835,0.006507250918156904
96,4,13.13315,Forward,0.24805458279246448,345.513590943734,17730.0,17740.82118305878,ok,0.0005847336863594095,14542.904972431881,ok,-13.71453966422996,66.00614308604902,-0.019906394421174867,-10.91613109926584,61.36442830938449,-0.015844557421201635,1.1543942747104796,-0.0016155280488182565,0.006507250918156904
97,4,13.269916666666667,Forward,0.24781217053654034,345.38953066741306,17730.0,17741.135304243944,ok,0.0005967972526318327,14543.756575529158,ok,-13.400418479064683,66.00659902699644,-0.01945045347375423,-10.064528001988947,61.365664395141636,-0.014608471664061509,1.1543942747104796,-0.002586517422491351,0.006507250918156904
98,4,13.404666666666667,Forward,0.2474626827986231,345.0193745047982,17730.0,17741.464381434245,ok,0.0005837679744729748,14544.587857081768,ok,-13.071341288763506,66.00707667630189,-0.018972804168307048,-9.233246449379294,61.3668709845618,-0.013401882243896417,1.1543942747104796,-0.0035017480356089887,0.006507250918156904
99,4,13.539733333333333,Forward,0.24718902749869165,345.2953381736115,17730.0,17741.864855554948,ok,0.0005828803626452973,14544.037472877182,ok,-12.670867168060795,66.00765795689878,-0.018391523571410766,-9.783630653964792,61.36607211231906,-0.014200754486633023,1.1543942747104796,-0.001998253895472448,0.006507250918156904
100,4,13.674766666666667,Forward,0.24682889370190736,344.9353712749471,17740.0,17742.15623706825,ok,0.0005831098905884119,14545.04869014261,ok,-12.379485654757445,66.00808089164343,-0.017968588826762815,-8.772413388536734,61.367539875016455,-0.012732991789237154,1.1543942747104796,-0.003269696005331899,0.006507250918156904
101,4,13.809016666666666,Forward,0.24652539895577344,344.7032337766468,17725.0,17742.604348323963,ok,0.0005856578279485476,14544.874025161884,ok,-11.931374399046035,66.00873131663903,-0.01731816383116307,-8.947078369263181,61.36728635210697,-0.012986514698721027,1.1543942747104796,-0.0023266056145160273,0.006507250918156904
102,4,13.944083333333333,Forward,0.2461873275289005,344.2501855458868,17730.0,17742.940543374694,ok,0.000571618394715129,14545.017804563477,ok,-11.59517934831456,66.00921929738399,-0.01683018308619044,-8.803298967670344,61.367495045183645,-0.012777821622043252,1.1543942747104796,-0.002079538962431935,0.006507250918156904
103,4,14.078866666666666,Forward,0.24595356498542875,344.0139843432735,17735.0,17743.263356698044,ok,0.0005918158682335429,14545.904181575133,ok,-11.272366024964867,66.00968785480528,-0.01636162566491807,-7.916921956013539,61.36878160461852,-0.011491262187174072,1.1543942747104796,-0.003096178386847297,0.006507250918156904
104,4,14.214483333333334,Forward,0.24549221789361092,343.76334227097686,17730.0,17743.725042146758,ok,0.0005846126825070228,14545.564232311812,ok,-10.810680576250888,66.01035798248478,-0.015691497985416872,-8.256871219335153,61.368288174705114,-0.01198469210057597,1.1543942747104796,-0.0018564380403440616,0.006507250918156904
105,4,14.35005,Forward,0.2452377242886468,343.6351938675871,17725.0,17744.090302841883,ok,0.0005877556686824139,14545.612650085754,ok,-10.445419881125417,66.01088815146177,-0.015161329008423475,-8.208453445393388,61.36835845218644,-0.011914414619254896,1.1543942747104796,-0.0014073969854287854,0.006507250918156904
106,4,14.48565,Forward,0.24499165764350334,343.28863292625465,17730.0,17744.525708320703,ok,0.0005872014090386256,14546.249645009024,ok,-10.010014402305387,66.011520134263,-0.014529346207196973,-7.571458522123066,61.369283038246,-0.0109898285596894,1.1543942747104796,-0.0018427510378418131,0.006507250918156904
107,4,14.620716666666667,Forward,0.24453757094884515,343.4068901137871,17730.0,17744.83799386368,ok,0.0005785574938524674,14545.550649870447,ok,-9.6977288593298,66.01197341081057,-0.01407606965962779,-8.270453660699786,61.368268460048874,-0.012004406756818648,1.1543942747104796,-0.00021825122826054505,0.006507250918156904
108,4,14.757516666666668,Forward,0.24419775852660994,342.91059368653805,17735.0,17745.225935018487,ok,0.0005926693981811947,14546.672242420284,ok,-9.309787704522023,66.01253650004497,-0.013512980425218311,-7.148861110863436,61.36989643037989,-0.010376436425803734,1.1543942747104796,-0.001534481623373208,0.006507250918156904
109,4,14.892833333333334,Forward,0.24408440867176126,343.0205536883768,17735.0,17745.699617445567,ok,0.0005899565216110732,14547.393890263455,ok,-8.836105277441675,66.01322404111122,-0.012825439358970629,-6.427213267692423,61.37094388854845,-0.009328978257242673,1.1543942747104796,-0.0020561202699111384,0.006507250918156904
110,4,15.02895,Forward,0.24368044512358833,342.53262696276215,17745.0,17745.999778488906,ok,0.0005834758216692121,14547.429721752997,ok,-8.535944234103226,66.01365971917734,-0.012389761292855822,-6.391381778150389,61.37099589727649,-0.009276969529207691,1.1543942747104796,-0.0016804807816748896,0.006507250918156904
111,4,15.163466666666666,Forward,0.2432697521496424,342.37428442712917,17740.0,17746.40649168704,ok,0.0005821755329889887,14547.857437613273,ok,-8.129231035967678,66.01425005567688,-0.011799424793301263,-5.963665917874096,61.37161671874212,-0.008656148063573023,1.1543942747104796,-0.001806817027666361,0.006507250918156904
112,4,15.2991,Forward,0.2432066730743264,342.624964382474,17740.0,17746.464519952508,ok,0.0005748975844938332,14546.997637209517,ok,-8.071202770501259,66.01433428260454,-0.011715197865658625,-6.823466321629894,61.370368734749974,-0.009904132055721791,1.1543942747104796,-0.00028192452455685565,0.006507250918156904
113,4,15.434116666666666,Forward,0.24311003841072137,342.1430206848927,17730.0,17746.641312836153,ok,0.0005864581869785776,14547.672998505284,ok,-7.89440988685601,66.01459089412478,-0.011458586345413567,-6.1481050258626055,61.371349008872144,-0.00892385793355028,1.1543942747104796,-0.001156935838593432,0.006507250918156904
114,4,15.569466666666667,Forward,0.24288629859578387,341.9123629962414,17745.0,17746.973979188864,ok,0.000576051802722648,14547.925052383733,ok,-7.561743534144625,66.01507375303144,-0.010975727438745458,-5.896051147414255,61.37171486030009,-0.008558006505604343,1.1543942747104796,-0.0010964137257407653,0.006507250918156904
115,4,15.704783333333333,Forward,0.2425176843966683,341.871513448692,17740.0,17747.356941984308,ok,0.0005909169140439264,14547.73546667362,ok,-7.17878073870088,66.01562961627158,-0.010419864198608995,-6.085636857527788,61.37143968023466,-0.00883318657103386,1.1543942747104796,-0.00022288419355801295,0.006507250918156904
116,4,15.839833333333333,Forward,0.2422143047387443,341.44832721901184,17735.0,17747.724239486546,ok,0.0005921526152965823,14549.683637927932,ok,-6.811483236462664,66.0161627416355,-0.009886738834690567,-4.137465603214878,61.3742674138909,-0.006005452914796319,1.1543942747104796,-0.002954078372806335,0.006507250918156904
117,4,15.974883333333333,Forward,0.24193770634500253,341.2284973251808,17730.0,17748.080716779947,ok,0.0005819522325402726,14549.29686178964,ok,-6.455005943062133,66.01668016167135,-0.009369318798848463,-4.5242417415065574,61.373706015655884,-0.006566851149810674,1.1543942747104796,-0.0017885834286310914,0.006507250918156904
118,4,16.109666666666666,Forward,0.24165555569773725,341.2174554286612,17735.0,17748.455034053517,ok,0.0005835423129724885,14549.72697521828,ok,-6.080688669491792,66.01722347610033,-0.008826004369871718,-4.094128312866815,61.37433031714656,-0.0059425496591322905,1.1543942747104796,-0.0019659590661866904,0.006507250918156904
119,4,16.244966666666667,Forward,0.24138513909382747,341.0190901152091,17745.0,17748.73671060548,ok,0.00058603592045712,14549.283971919682,ok,-5.7990121175280365,66.0176323242775,-0.008417156192691438,-4.537131611465156,61.37368730625391,-0.0065855605517822725,1.1543942747104796,-0.0008148227959547958,0.006507250918156904
120,4,16.381083333333333,Forward,0.24118708002485112,340.7329293159928,17740.0,17749.022705600197,ok,0.0005856298432626589,14550.165425109843,ok,-5.513017122812016,66.0180474405925,-0.008002039877694175,-3.655678421304401,61.37496671885519,-0.005306147950504266,1.1543942747104796,-0.0018766530628653048,0.006507250918156904
121,4,16.516933333333334,Forward,0.24085322316174237,340.6783245785664,17745.0,17749.340094335945,ok,0.0005807685564735453,14549.128484316836,ok,-5.195628387064062,66.01850812432767,-0.0075413561425254705,-4.69261921431098,61.373461618944994,-0.006811247860699013,1.1543942747104796,0.00032150939149947193,0.006507250918156904
122,4,16.652,Forward,0.2406809355511901,340.6077922920995,17745.0,17749.559196721122,ok,0.0005845876234133379,14549.527379539988,ok,-4.976526001886668,66.01882614728758,-0.007223333182605272,-4.293723991158913,61.374040607802016,-0.006232259003676122,1.1543942747104796,-2.8849070248718363e-05,0.006507250918156904
123,4,16.78705,Forward,0.24049101857119246,340.24474029342673,17740.0,17749.92111128151,ok,0.0005732503109525012,14550.593788029639,ok,-4.61461144149871,66.01935145941343,-0.0066980210567714575,-3.227315501508201,61.37558847951546,-0.004684387290238749,1.1543942747104796,-0.001290391188393308,0.006507250918156904
124,4,16.922616666666666,Forward,0.24033128703758638,340.1109837276708,17745.0,17750.125068216363,ok,0.0005862924921635322,14550.786649110783,ok,-4.410654506646097,66.01964749903921,-0.006401981430979326,-3.034454420363545,61.375868413719864,-0.004404453085828448,1.1543942747104796,-0.0013175060054680613,0.006507250918156904
125,4,17.05765,Forward,0.24012287930457543,340.1927643921117,17740.0,17750.28010638723,ok,0.0005810950289663007,14550.975038980503,ok,-4.25561633578036,66.01987253400613,-0.006176946464064587,-2.8460645506438595,61.37614185804563,-0.004131008760068472,1.1543942747104796,-0.001408133602662706,0.006507250918156904
126,4,17.192966666666667,Forward,0.239832069684607,339.87812626008235,17745.0,17750.535336989287,ok,0.0005871779595379567,14551.018478598537,ok,-4.000385733721487,66.02024299638819,-0.00580648408199942,-2.8026249326103425,61.37620490982798,-0.0040679569777081976,1.1543942747104796,-0.0011104578371645309,0.006507250918156904
127,4,17.327766666666665,Forward,0.23955787884892546,339.7391334700951,17740.0,17750.803161431453,ok,0.000591403389878793,14551.434453737585,ok,-3.732561291555612,66.02063173849051,-0.005417741979682244,-2.386649793561446,61.37680868985925,-0.003464176946439075,1.1543942747104796,-0.0014187159461289444,0.006507250918156904
128,4,17.462783333333334,Forward,0.23939202006402982,339.49428760557566,17745.0,17751.065156832858,ok,0.0005940764160547197,14552.408494185898,ok,-3.4705658901511924,66.02101201985063,-0.005037460619565354,-1.4126093452487112,61.37822249111114,-0.0020503756945557893,1.1543942747104796,-0.002670518656764628,0.006507250918156904
129,4,17.5992,Forward,0.2391151337597842,339.4625864075497,17740.0,17751.364543353753,ok,0.0005841053530143449,14551.86360585457,ok,-3.1711793692556967,66.0214465737121,-0.004602906758098676,-1.9574976765761676,61.37743159602428,-0.002841270781409525,1.1543942747104796,-0.0013229600351373498,0.006507250918156904
130,4,17.734916666666667,Forward,0.2389362969062153,339.31161469831204,17740.0,17751.642010560037,ok,0.0005668089675549673,14552.052357097271,ok,-2.8937121629714966,66.0218493121038,-0.004200168366401816,-1.7687464338760037,61.37770556487608,-0.002567301929616691,1.1543942747104796,-0.0012364897173991409,0.006507250918156904
131,4,17.871066666666668,Forward,0.2388624399997828,339.1048352569924,17745.0,17751.731541996167,ok,0.0005761377527604176,14551.81823529914,ok,-2.804180726841878,66.02197926528663,-0.0040702151835517305,-2.0028682320062217,61.37736574152288,-0.0029071252828080704,1.1543942747104796,-0.0007142464012120102,0.006507250918156904
132,4,18.006633333333333,Forward,0.23862854985385343,338.75926291830547,17745.0,17752.000077885557,ok,0.0005721959149468404,14550.871687338287,ok,-2.5356448374514002,66.02236904004113,-0.0036804404290705366,-2.949416192859644,61.37599184509554,-0.004281021710148708,1.1543942747104796,0.001261546523036399,0.006507250918156904
133,4,18.14335,Forward,0.23833340655338509,339.0056455632475,17740.0,17752.360109559508,ok,0.0005788121864429109,14551.322647438135,ok,-2.1756131635011116,66.02289161919298,-0.003157861277218801,-2.498456093011555,61.37664640513442,-0.0036264616712724414,1.1543942747104796,0.0010285053135551032,0.006507250918156904
134,4,18.27865,Forward,0.23822707089772663,338.60575960644564,17745.0,17752.616578581135,ok,0.0005894562763365252,14553.553383196373,ok,-1.919144141873403,66.02326387911756,-0.0027856013526185064,-0.2677203347739123,61.37988427581328,-0.0003885909924106597,1.1543942747104796,-0.0023370141357755775,0.006507250918156904
135,4,18.41395,Forward,0.23814785184326778,338.4338174802797,17745.0,17752.753319042582,ok,0.0005835477069480314,14551.977578937769,ok,-1.7824036804267962,66.02346235530602,-0.0025871251641694615,-1.8435245933778788,61.377597025794664,-0.0026758410110279537,1.1543942747104796,0.0005018503789967097,0.006507250918156904
136,4,18.549266666666668,Forward,0.23790105862159644,338.5123245568211,17745.0,17752.98413416252,ok,0.0005838338290100692,14551.928738781387,ok,-1.5515885604872892,66.02379737907849,-0.0022521013917077125,-1.8923647497595084,61.37752613523324,-0.002746731572456008,1.1543942747104796,0.0009187098097020161,0.006507250918156904
137,4,18.684833333333334,Forward,0.2377697400756003,338.1826217000598,17740.0,17753.2079211063,ok,0.0005698846810913131,14552.61767818321,ok,-1.3278016167096212,66.02412220158644,-0.001927278883755334,-1.2034253479378094,61.37852611771903,-0.0017467490866624504,1.1543942747104796,8.915826124355803e-05,0.006507250918156904
138,4,18.819816666666668,Forward,0.23742931439191128,338.0335176722692,17745.0,17753.404292474952,ok,0.0005804493837280576,14552.418962068114,ok,-1.1314302480568585,66.02440723090665,-0.0016422495635497615,-1.402141463033331,61.3782376850438,-0.002035181761894874,1.1543942747104796,0.0007071526103768677,0.006507250918156904
139,4,18.954816666666666,Forward,0.2373286449088858,338.10239708682275,17745.0,17753.66279269727,ok,0.0005848914704573211,14552.995552439852,ok,-0.872930025740061,66.02478243908055,-0.0012670413896421259,-0.825551091294983,61.37907459504153,-0.0011982717641636563,1.1543942747104796,0.00011623667445562506,0.006507250918156904
140,4,19.089866666666666,Forward,0.237133517052735,337.79749314973014,17745.0,17753.987297701282,ok,0.0005931303723305493,14553.119348324866,ok,-0.5484250217268709,66.02525345194425,-0.0007960285259453848,-0.7017552062807226,61.37925428242259,-0.0010185843830961237,1.1543942747104796,0.00037981945421028623,0.006507250918156904
141,4,19.226266666666668,Forward,0.23694357765523366,337.628725078539,17745.0,17754.19147573564,ok,0.0005699503827137252,14553.713120770732,ok,-0.3442469873698428,66.02554981249178,-0.0004996679784126067,-0.10798276041532517,61.38011613187531,-0.0001567349303834897,1.1543942747104796,-0.00031873407213076055,0.006507250918156904
142,4,19.362116666666665,Forward,0.23631271606919166,337.2288317065613,17740.0,17754.99176149584,ok,0.0005836863214047002,14553.860481131469,ok,0.4560387728306523,66.02671141210666,0.0006619316364655571,0.03937760032204096,61.38033002264632,5.7155840630538734e-05,1.1543942747104796,0.0005959512612753985,0.006507250918156904
143,4,19.49876666666667,Forward,0.23599748966174466,337.0305731809931,17740.0,17755.14904441537,ok,0.0005774473331660401,14554.643102236614,ok,0.6133216923626605,66.02693970528372,0.0008902248135296127,0.8219987054671947,61.38146598234915,0.0011931155434551637,1.1543942747104796,-0.0004871009389031106,0.006507250918156904
144,4,19.634833333333333,Forward,0.23587147277743312,337.1001996688792,17745.0,17755.448389892103,ok,0.0005967161652324166,14554.605246091362,ok,0.9126671690937656,66.02737419957036,0.0013247191001694973,0.7841425602146046,61.38141103487172,0.0011381680660251469,1.1543942747104796,1.0824401091768512e-05,0.006507250918156904
145,4,19.771466666666665,Forward,0.23563453522956518,336.76661791508013,17740.0,17755.68527547903,ok,0.0005658143607899466,14554.555836667141,ok,1.1495527560218761,66.02771803451061,0.0016685540404250178,0.7347331359942473,61.38133931802881,0.0010664512231172586,1.1543942747104796,0.0004374488542004662,0.006507250918156904
146,4,19.908383333333333,Forward,0.2353986629661494,336.77011400719493,17750.0,17755.97020347247,ok,0.0005800412889100429,14555.154805047261,ok,1.434480749459908,66.02813160209348,0.002082121623287804,1.3337015161141608,61.38220870928163,0.0019358424759332283,1.1543942747104796,-0.00015260384767087432,0.006507250918156904
147,4,20.0453,Forward,0.2352452025319173,336.2756888252443,17755.0,17756.279433480504,ok,0.0005761485083414572,14555.014492174589,ok,1.743710757495137,66.02858044358999,0.0025309631197958796,1.1933886434417218,61.38200504780598,0.0017321810002899271,1.1543942747104796,0.0005313432902989161,0.006507250918156904
148,4,20.18113333333333,Forward,0.23494882549908774,336.0743008598729,17750.0,17756.42530444312,ok,0.0005783515464516324,14555.610644974982,ok,1.8895817201118916,66.02879217252786,0.002742692057663122,1.7895414438353328,61.382870352298184,0.002597485492490648,1.1543942747104796,-0.00025583032351161276,0.006507250918156904
149,4,20.316716666666668,Forward,0.2348496939824942,336.1787524590254,17745.0,17756.65511841019,ok,0.0005904336617185338,14555.81826753881,ok,2.119395687182987,66.0291257431459,0.003076262675709016,1.9971640076637414,61.383171712514965,0.0028988457092745568,1.1543942747104796,-0.0002701482143465722,0.006507250918156904
150,4,20.451233333333334,Forward,0.23470064091132628,336.18523477934286,17750.0,17756.971921663877,ok,0.0005985083992356632,14556.04338731722,ok,2.436198940868053,66.02958557706495,0.0035360965947587903,2.2222837860736036,61.38349846960713,0.0032256028014372865,1.1543942747104796,-0.00018752081171049748,0.006507250918156904
151,4,20.5868,Forward,0.23451037250456427,335.87462521165435,17745.0,17757.13178519101,ok,0.0005835168312115469,14555.932896343955,ok,2.596062468001037,66.02981761594503,0.003768135474851092,2.1117928128078347,61.38333809405333,0.00306522724763401,1.1543942747104796,0.0002296546894958295,0.006507250918156904
152,4,20.722383333333333,Forward,0.23426439387808118,335.73571257677395,17755.0,17757.427713396777,ok,0.0005756312626058558,14556.425098468204,ok,2.891990673768305,66.03024715012764,0.0041976696574469756,2.6039949370569957,61.38405251610905,0.0037796493033592066,1.1543942747104796,-0.00016553585876434573,0.006507250918156904
153,4,20.8585,Forward,0.23400718246011795,335.3719674001186,17755.0,17757.70261017862,ok,0.0005840533118205296,14556.584411225489,ok,3.1668874556125957,66.03064615759698,0.004596677126780899,2.7633076943420747,61.38428375555715,0.004010888751454802,1.1543942747104796,-3.346988439918881e-05,0.006507250918156904
154,4,20.993033333333333,Forward,0.23379999564807444,335.26559674337113,17750.0,17758.009338427684,ok,0.0005780333724539467,14555.933068481321,ok,3.473615704675467,66.03109136783775,0.005041887367550924,2.111964950174297,61.383338343907454,0.00306547710175929,1.1543942747104796,0.0015031181520239255,0.006507250918156904
155,4,21.128083333333333,Forward,0.2335724339215463,335.19675037530396,17755.0,17758.225635895225,ok,0.0005757678477282838,14556.504837515204,ok,3.6899131722166203,66.03140531951287,0.005355839042677543,2.683733984056744,61.384168255824655,0.003895389018960861,1.1543942747104796,0.000859024261419053,0.006507250918156904
156,4,21.263666666666666,Forward,0.2333656775187541,335.0385296905879,17755.0,17758.42243438355,ok,0.0005945239773400708,14556.428533673692,ok,3.8867116605397314,66.03169096878918,0.005641488318990369,2.6074301425451267,61.384057502244715,0.0037846354390253475,1.1543942747104796,0.001272526836313125,0.006507250918156904
157,4,21.39975,Forward,0.23317014514405862,334.996255126327,17755.0,17758.68297809193,ok,0.000576637141993538,14557.019981060384,ok,4.147255368920014,66.03206914304438,0.006019662574193464,3.1988775292375067,61.3849159769181,0.004643110112410071,1.1543942747104796,0.000659682843576947,0.006507250918156904
158,4,21.534783333333333,Forward,0.23300463732802956,334.6906562916629,17740.0,17758.77027950032,ok,0.0005860528827682298,14557.120816331553,ok,4.234556777311809,66.03219585938423,0.0061463789140429,3.299712800406269,61.3850623374033,0.004789470597602791,1.1543942747104796,0.0006174414772760588,0.006507250918156904
159,4,21.66955,Forward,0.23291333271089726,334.81803830366334,17755.0,17759.07482332043,ok,0.000580748488684884,14557.758531612202,ok,4.539100597419747,66.03263789896778,0.0065884184975815085,3.937428081055259,61.385987969047946,0.005715102242252076,1.1543942747104796,-9.062810259312555e-06,0.006507250918156904
160,4,21.8054,Forward,0.23263549511924908,334.41853740428996,17755.0,17759.307680401827,ok,0.0005822640003719249,14557.993016175906,ok,4.7719576788185805,66.0329758866086,0.006926406138404673,4.171912644758777,61.386328318948486,0.006055452142798403,1.1543942747104796,-6.397314602510883e-05,0.006507250918156904
161,4,21.9402,Forward,0.2325089752635101,334.10092277595686,17755.0,17759.527027400494,ok,0.0005789540513797185,14557.406036367167,ok,4.991304677485459,66.03329426462037,0.007244784150169239,3.584932836020016,61.38547632887985,0.005203462074149195,1.1543942747104796,0.001237937323098291,0.006507250918156904
162,4,22.0747,Forward,0.23225483888210036,333.9686626310904,17755.0,17759.801384840393,ok,0.0005826791300526051,14558.359501762878,ok,5.265662117384636,66.03369248924508,0.0076430087748907884,4.538398231730753,61.38686026583279,0.006587399027094322,1.1543942747104796,3.855305277971916e-05,0.006507250918156904
163,4,22.209483333333335,Forward,0.2319848144140114,333.98143425373564,17745.0,17760.019568259744,ok,0.0005816986798950654,14558.149899589827,ok,5.483845536735316,66.03400917834352,0.007959697873328647,4.328796058680382,61.38655603225074,0.006283165445039908,1.1543942747104796,0.0007064476565158545,0.006507250918156904
164,4,22.344533333333334,Forward,0.23191391736824,333.98421505896476,17755.0,17760.248763118747,ok,0.0005825217389089503,14558.045262489395,ok,5.713040395738062,66.03434185033794,0.008292369867745923,4.224158958248154,61.38640415348242,0.006131286676718961,1.1543942747104796,0.0012144476315329106,0.006507250918156904
165,4,22.4801,Forward,0.23177013242505504,333.9000456314134,17755.0,17760.36682788836,ok,0.00058815014967184,14559.27615550656,ok,5.831105165350891,66.0345132191136,0.008463738643417483,5.45505197541388,61.388190771370425,0.007917904564731513,1.1543942747104796,-0.0006766450538125482,0.006507250918156904
166,4,22.6156,Forward,0.23155624403131747,333.6775728921493,17745.0,17760.718545051397,ok,0.0005785298326964676,14558.84058071925,ok,6.1828223283882835,66.03502372991044,0.008974249440245755,5.0194771881033375,61.38755854282113,0.007285676015439563,1.1543942747104796,0.0005637067606268625,0.006507250918156904
167,4,22.751166666666666,Forward,0.23127474318477045,333.66364778181014,17760.0,17760.980193982203,ok,0.0005867504969679792,14558.406079392782,ok,6.444471259193961,66.03540350837505,0.009354027904854465,4.58497586163503,61.386927872379914,0.006655005574217179,1.1543942747104796,0.0016715275718118252,0.006507250918156904
168,4,22.886466666666667,Forward,0.23111813410448923,333.2668984434313,17755.0,17761.126091746704,ok,0.0005835008969544809,14559.04922925471,ok,6.59036902369553,66.03561527621534,0.009565795745149598,5.228125723562698,61.387861392216294,0.007588525410602819,1.1543942747104796,0.0008056454576547134,0.006507250918156904
169,4,23.022666666666666,Forward,0.23090787973813584,333.1122330496073,17750.0,17761.32092739898,ok,0.0005816611407379339,14558.252058930737,ok,6.785204675972636,66.03589807647234,0.009848596002138955,4.430955399589948,61.38670431459806,0.006431447792369228,1.1543942747104796,0.0024241694925285643,0.006507250918156904
170,4,23.15825,Forward,0.23058553567096804,333.07818980811135,17755.0,17761.535733542765,ok,0.000575269112994672,14558.902360102958,ok,7.000010819756426,66.03620986351929,0.010160383049093535,5.081256571811537,61.387648214425816,0.007375347620123465,1.1543942747104796,0.0016463239824234463,0.006507250918156904
171,4,23.293533333333333,Forward,0.23049697979928754,332.94987407853114,17745.0,17761.792201954064,ok,0.0005922208686417541,14559.578133303216,ok,7.256479231054982,66.036582122558,0.01053264208781263,5.757029772068563,61.38862908641955,0.008356219613855912,1.1543942747104796,0.0008862700073539505,0.006507250918156904
172,4,23.427516666666666,Forward,0.23038047523855182,332.7467632623011,17750.0,17761.936255165936,ok,0.0005816427683550592,14559.009172451208,ok,7.400532442927215,66.03679121306511,0.010741732594922025,5.188068920060687,61.387803250525124,0.0075303837194279945,1.1543942747104796,0.002048700742841341,0.006507250918156904
173,4,23.5634,Forward,0.2301158804243052,332.7613002873186,17750.0,17762.2076440154,ok,0.000594121461447737,14560.363878541188,ok,7.671921292392653,66.03718512883708,0.011135648366886158,6.542775010040714,61.38976958074197,0.009496713936274116,1.1543942747104796,0.00017269617028809608,0.006507250918156904
174,4,23.698166666666665,Forward,0.22999658182521227,332.9119215890314,17750.0,17762.347811906697,ok,0.0005913917380397907,14559.487961140194,ok,7.812089183687931,66.037388579875,0.011339099404808022,5.666857609046929,61.38849820323376,0.008225336428064351,1.1543942747104796,0.0018438181246829884,0.006507250918156904
175,4,23.83295,Forward,0.22979909459255918,332.47216855186707,17750.0,17762.662662228395,ok,0.0005891893365514638,14560.571129127793,ok,8.126939505385963,66.03784557915029,0.011796098680088234,6.750025596646083,61.39007040104086,0.009797534235168047,1.1543942747104796,0.0004858812527303233,0.006507250918156904
176,4,23.96825,Forward,0.229623769858411,332.2071275981325,17760.0,17762.762784425526,ok,0.0005796080746735408,14560.445346339959,ok,8.227061702516949,66.03799090462202,0.011941424151828443,6.624242808811687,61.389887829708,0.00961496290231048,1.1543942747104796,0.0008419660258475684,0.006507250918156904
177,4,24.1033,Forward,0.2294343907572358,332.1661609732837,17755.0,17763.00622847977,ok,0.0005911084823473361,14560.182601127175,ok,8.470505756762577,66.0383442590533,0.012294778583107159,6.36149759602813,61.38950646001088,0.009233593205186295,1.1543942747104796,0.0016355714520345128,0.006507250918156904
178,4,24.23755,Forward,0.2293199676485659,331.8404325233023,17755.0,17763.225117174967,ok,0.0005830627280670792,14560.24645756342,ok,8.689394451957924,66.03866197184627,0.012612491376068012,6.42535403227339,61.38959914641796,0.00932627961226594,1.1543942747104796,0.0018462875873191398,0.006507250918156904
179,4,24.373116666666668,Forward,0.22910591116739196,331.7236708903147,17760.0,17763.4056813326,ok,0.0005889600979705844,14560.626410583662,ok,8.869958609589958,66.03892405729923,0.012874576829036241,6.805307052514763,61.39015064102642,0.009877774220733798,1.1543942747104796,0.0014717308217383745,0.006507250918156904
180,4,24.508166666666668,Forward,0.228814083109806,331.6973059309239,17755.0,17763.590711282395,ok,0.0005848939879861849,14560.340839200384,ok,9.054988559386402,66.0391926247649,0.013143144294700792,6.5197356692369794,61.389736139575405,0.009463272769711362,1.1543942747104796,0.002218796389322413,0.006507250918156904
181,4,24.643483333333332,Forward,0.2287047834577931,331.59889096756524,17755.0,17763.77183828323,ok,0.0005816878903103877,14560.543556976569,ok,9.23611556022297,66.03945552717411,0.013406046703914076,6.722453445421706,61.39003038058587,0.009757513780180102,1.1543942747104796,0.0021420286606655577,0.006507250918156904
182,4,24.779183333333332,Forward,0.22864263274576568,331.5348996681205,17755.0,17763.98353686774,ok,0.0005825638794347288,14561.018677025162,ok,9.447814144732547,66.03976280365767,0.01371332318747286,7.19757349401516,61.39072000833251,0.010447141526809985,1.1543942747104796,0.0016532028218333144,0.006507250918156904
183,4,24.914466666666666,Forward,0.2283515305096638,331.38752129707063,17755.0,17764.178828420823,ok,0.0005900988437370639,14561.660262137822,ok,9.643105697814462,66.04004626564603,0.013996785175840713,7.839158606675483,61.39165125696498,0.011378390159287318,1.1543942747104796,0.00086163672053737,0.006507250918156904
184,4,25.049783333333334,Forward,0.2282072336904017,331.23231043123815,17750.0,17764.376937425208,ok,0.0005795849527703387,14562.323765050174,ok,9.841214702199068,66.04033381711157,0.014284336641381474,8.502661519027242,61.392614318868354,0.012341452062657002,1.1543942747104796,3.7435038636391554e-05,0.006507250918156904
185,4,25.184316666666668,Forward,0.22812260133489515,331.219730156834,17755.0,17764.66185690572,ok,0.0005918203941879855,14561.02578672115,ok,10.126134182712121,66.04074737233809,0.014697891867894981,7.20468319000247,61.390730327921496,0.01045746111580116,1.1543942747104796,0.0026258586278066574,0.006507250918156904
186,4,25.318833333333334,Forward,0.22786772255025833,330.9570634601223,17755.0,17764.831954947003,ok,0.0005764137613610547,14562.371496156282,ok,10.296232223994593,66.0409942664215,0.014944785951323066,8.550392625134918,61.39268359966432,0.0124107328586298,1.1543942747104796,0.0006179069943596013,0.006507250918156904
187,4,25.453616666666665,Forward,0.22771934696800766,330.89027980761966,17760.0,17764.9762447703,ok,0.0005923175175440953,14562.43821114291,ok,10.44052204729087,66.04120370036563,0.015154219895430483,8.617107611762549,61.39278043520311,0.012507568397417648,1.1543942747104796,0.0007155545469018226,0.006507250918156904
188,4,25.588183333333333,Forward,0.2276198533322507,330.6604891628813,17760.0,17765.125717001123,ok,0.0005823393127621681,14561.606779781745,ok,10.589994278114318,66.04142065647605,0.01537117600585284,7.785676250598044,61.39157362833866,0.01130076153297418,1.1543942747104796,0.0023256415923190235,0.006507250918156904
189,4,25.72375,Forward,0.22755836334228977,330.7011375839611,17755.0,17765.267452416476,ok,0.0005843998480540503,14562.073403950568,ok,10.73172969346706,66.04162638274543,0.015576902275238282,8.252300419420862,61.39225092447681,0.011978057671120677,1.1543942747104796,0.001749501077544631,0.006507250918156904
190,4,25.8596,Forward,0.2273193440403381,330.7500254320694,17755.0,17765.622660735666,ok,0.0005864409655102776,14562.174519457807,ok,11.086938012656901,66.04214196088925,0.016092480419061646,8.353415926660091,61.39239769171935,0.012124824913658983,1.1543942747104796,0.0020956519568667304,0.006507250918156904
191,4,25.994366666666668,Forward,0.22709243692245462,330.4367535352685,17760.0,17765.690672973324,ok,0.0005744689574813043,14561.631841621367,ok,11.154950250314869,66.04224067936333,0.016191198893136086,7.810738090220184,61.39161000512394,0.011337138318243884,1.1543942747104796,0.003103671326954551,0.006507250918156904
192,4,26.129133333333332,Forward,0.2269443552131206,329.99137843595963,17750.0,17765.933145436127,ok,0.0005824282844722654,14561.374191036733,ok,11.39742271311843,66.04259262354805,0.016543143077849074,7.553087505586518,61.39123603018302,0.010963163377332004,1.1543942747104796,0.0038873300423414026,0.006507250918156904
193,4,26.26418333333333,Forward,0.22676203841962467,329.80908324833945,17755.0,17766.01170796532,ok,0.0005855732318237271,14562.305172021972,ok,11.475985242312163,66.04270665557034,0.016657175100151248,8.484068490824939,61.39258733144027,0.012314464634574059,1.1543942747104796,0.0024414276298742755,0.006507250918156904
194,4,26.400616666666668,Forward,0.22658037457367605,329.8679146679242,17760.0,17766.250792501272,ok,0.0005847771841571691,14562.719832802968,ok,11.715069778263569,66.04305368224344,0.017004201773242245,8.89872927182114,61.39318920370573,0.012916336900037826,1.1543942747104796,0.0020936564056068738,0.006507250918156904
195,4,26.53595,Forward,0.2263465359509836,329.80893767298403,17755.0,17766.382321382498,ok,0.0005809621646081708,14562.27119129393,ok,11.846598659489246,66.04324459392195,0.017195113451764207,8.450087762783369,61.392538009057475,0.012265142251783594,1.1543942747104796,0.0030363034577956267,0.006507250918156904
196,4,26.67043333333333,Forward,0.22642474957406888,330.09384698055874,17760.0,17766.441067403157,ok,0.0005921932541710501,14562.84772656332,ok,11.905344680148119,66.04332986265766,0.01728038218746666,9.02662303217221,61.39337483907519,0.013101972269498736,1.1543942747104796,0.002155540412141851,0.006507250918156904
197,4,26.804933333333334,Forward,0.22625362223739123,329.7281905124255,17755.0,17766.687059650896,ok,0.0005788436583682083,14563.051424780198,ok,12.151336927887314,66.0436869157435,0.017637435273310992,9.230321249051485,61.39367050317675,0.013397636371055479,1.1543942747104796,0.00217128055191166,0.006507250918156904
198,4,26.939983333333334,Forward,0.2261614939645413,329.7051758243215,17755.0,17766.870392051325,ok,0.0005792364338944338,14562.568212225035,ok,12.334669328316522,66.04395301924843,0.01790353877823891,8.74710869388764,61.39296912931019,0.01269626250449812,1.1543942747104796,0.003247046032824946,0.006507250918156904
199,4,27.075566666666667,Forward,0.22606699954414808,329.58594147167605,17755.0,17767.005981059945,ok,0.0005817541166765769,14563.131807891543,ok,12.47025833693624,66.04414982412493,0.018100343654730677,9.310704360395903,61.39378717773954,0.01351431093384789,1.1543942747104796,0.002499500486039438,0.006507250918156904
200,4,27.210883333333335,Forward,0.2257233105207712,329.4317881563002,17755.0,17767.168512534914,ok,0.0005885246669173079,14563.781170175806,ok,12.63278981190524,66.04438573548074,0.01833625501054722,9.960066644658582,61.394729714789214,0.014456847983522444,1.1543942747104796,0.0016473524680091674,0.006507250918156904
201,4,27.346466666666668,Forward,0.22567561447093984,329.2937985448043,17755.0,17767.355018007438,ok,0.0005838730614407889,14562.714122720436,ok,12.819295284429245,66.04465644463968,0.018606964169488493,8.89301918928868,61.393180915629145,0.012908048823452575,1.1543942747104796,0.003705986510011498,0.006507250918156904
202,4,27.4815,Forward,0.2255559307019171,329.0894541628295,17755.0,17767.477044913143,ok,0.000598241683659426,14563.69129991598,ok,12.941322190134088,66.04483356438081,0.01878408391061197,9.870196384832525,61.394599269810186,0.014326403004497957,1.1543942747104796,0.002245766305024516,0.006507250918156904
203,4,27.617866666666668,Forward,0.22544931093533163,329.2995859460716,17760.0,17767.693705896105,ok,0.000596922337143864,14563.782699403302,ok,13.157983173096,66.04514804369168,0.019098563221482914,9.961595872155158,61.39473193443395,0.014459067628253644,1.1543942747104796,0.0024070983337752747,0.006507250918156904
204,4,27.753183333333332,Forward,0.2251930629780309,329.082014300795,17760.0,17767.758490578446,ok,0.0005812199103684275,14562.85375394043,ok,13.222767855437269,66.04524207743037,0.019192596960179914,9.032650409282724,61.39338358769884,0.013110720893151047,1.1543942747104796,0.004057655823799279,0.006507250918156904
205,4,27.888233333333332,Forward,0.2253317001472668,328.9915501526484,17770.0,17767.85711495343,ok,0.000577510853175908,14563.084265386658,ok,13.321392230420315,66.04538522884165,0.019335748371457313,9.263161855511498,61.39371817069467,0.013445303888976527,1.1543942747104796,0.003814566540280265,0.006507250918156904
206,4,28.02355,Forward,0.22514364193490147,329.02784693952344,17755.0,17768.070362465198,ok,0.0005781142890938229,14562.80184178721,ok,13.534639742189029,66.04569475356377,0.01964527309357933,8.980738256062978,61.39330823819222,0.013035371386529255,1.1543942747104796,0.0045973149962451505,0.006507250918156904
207,4,28.159666666666666,Forward,0.22509690091359455,329.1367749983692,17760.0,17768.100191595746,ok,0.0005722960129386471,14563.332626965352,ok,13.564468872737052,66.04573804998148,0.01968856951128399,9.511523434204719,61.394078662819496,0.013805796013799916,1.1543942747104796,0.0037512376351326038,0.006507250918156904
208,4,28.29446666666667,Forward,0.2248660806406912,328.7903303654675,17755.0,17768.24160136021,ok,0.000593891328754214,14563.77806489442,ok,13.70587863719993,66.04594330357477,0.019893823104574142,9.956961363273876,61.39472520753213,0.0144523407264401,1.1543942747104796,0.003210123713806596,0.006507250918156904
209,4,28.429783333333333,Forward,0.22488531452274815,328.6737219148199,17760.0,17768.37479293665,ok,0.0005815393393450733,14564.25187167393,ok,13.839070213642117,66.04613662862388,0.02008714815369347,10.430768142783563,61.395412929093574,0.01514006228788239,1.1543942747104796,0.002609546929801993,0.006507250918156904
210,4,28.565616666666667,Forward,0.22469740790862985,328.78563680228035,17755.0,17768.462752462296,ok,0.0005869653115178198,14564.964274881351,ok,13.927029739286809,66.04626430020846,0.02021481973826364,11.143171350204284,61.39644696884854,0.016174102042845116,1.1543942747104796,0.0015435289414201664,0.006507250918156904
211,4,28.700666666666667,Forward,0.22456747922350673,328.815430842169,17760.0,17768.637868657144,ok,0.0005714262670672884,14564.039016692612,ok,14.102145934135478,66.04651847804669,0.020468997576495052,10.217913161464821,61.395103974121966,0.014831107316269744,1.1543942747104796,0.003348052202976553,0.006507250918156904
212,4,28.835716666666666,Forward,0.22464520256964826,328.5793901650104,17755.0,17768.62808979747,ok,0.000578811725658514,14563.966430587345,ok,14.092367074459617,66.04650428421718,0.02045480374699272,10.145327056197857,61.39499861676573,0.01472574996003928,1.1543942747104796,0.0034554823023053016,0.006507250918156904
213,4,28.970233333333333,Forward,0.22460430020228045,328.6065109134579,17760.0,17768.609981067195,ok,0.0005909000093152848,14564.44339806141,ok,14.074258344186092,66.04647799973837,0.020428519268175568,10.622294530263389,61.395690926015426,0.015418059209731699,1.1543942747104796,0.002629999989314114,0.006507250918156904
214,4,29.10555,Forward,0.22448457182232787,328.54331614171315,17755.0,17768.739465177605,ok,0.000581809515511524,14564.416583939366,ok,14.203742454596068,66.0466659434708,0.020616463000608577,10.595480408219373,61.395652005825426,0.01537913901973379,1.1543942747104796,0.002862872966251352,0.006507250918156904
215,4,29.24085,Forward,0.22436033464522176,328.6617580336497,17755.0,17768.72148752883,ok,0.0005907923708674535,14564.42267774963,ok,14.185764805821236,66.04663984925429,0.02059036878410268,10.60157421848271,61.395660850875544,0.015387984069848464,1.1543942747104796,0.0028265680745335475,0.006507250918156904
216,4,29.37615,Forward,0.22466603161638332,328.63814060892764,17760.0,17768.76084103123,ok,0.0005761124377504837,14564.464476989515,ok,14.22511830822259,66.04669697011725,0.020647489647058016,10.643373458367932,61.3957215216801,0.01544865487441296,1.1543942747104796,0.0028136509080575536,0.006507250918156904
217,4,29.511466666666667,Forward,0.2245045866489614,328.44554887277627,17770.0,17768.674220272977,ok,0.0005955365726398351,14564.34481377869,ok,14.138497549967724,66.04657124172817,0.02052176125798347,10.523710247543931,61.395547832797305,0.01527496599161512,1.1543942747104796,0.0028884279708656924,0.006507250918156904
218,4,29.64625,Forward,0.22453948789637868,328.5492504576396,17755.0,17768.58360917209,ok,0.0005825053901985105,14564.414090022572,ok,14.04788644907967,66.04643972143239,0.020390240962197024,10.592986491425108,61.39564838595246,0.015375519146768626,1.1543942747104796,0.002640829688465962,0.006507250918156904
219,4,29.781833333333335,Forward,0.22472707076218906,328.5944738282342,17755.0,17768.52952378706,ok,0.000578597102278269,14563.876379267916,ok,13.993801064050785,66.04636121752098,0.02031173705078874,10.055275736769545,61.39486790898212,0.014595042176433344,1.1543942747104796,0.0034633039231561115,0.006507250918156904
220,4,29.9169,Forward,0.22476523760955533,328.76834500799305,17750.0,17768.273704277584,ok,0.0005799179257510081,14563.837456282974,ok,13.737981554575526,66.04598990035096,0.019940419880768955,10.016352751827071,61.394811413007105,0.014538546201410924,1.1543942747104796,0.0031572053832463927,0.006507250918156904
221,4,30.051933333333334,Forward,0.22512076294823227,329.0625234540821,17755.0,17767.949818335874,ok,0.0005890457520264636,14563.728353124374,ok,13.414095612864912,66.04551978604447,0.01947030557427268,9.90724959322688,61.39465305183999,0.014380185034294538,1.1543942747104796,0.002869902301405741,0.006507250918156904
222,4,30.18723333333333,Forward,0.2253147464448901,329.1309923942972,17755.0,17767.623480696646,ok,0.0005864404011994654,14563.63256150476,ok,13.087757973637054,66.04504611314549,0.018996632675291742,9.81145797361387,61.394514012119444,0.014241145313753777,1.1543942747104796,0.0025567360597744046,0.006507250918156904
223,4,30.321483333333333,Forward,0.22574922347933604,329.4669650921496,17755.0,17767.1554459488,ok,0.0005786535109287659,14563.357071092803,ok,12.619723225790949,66.04436676957862,0.018317289108424544,9.535967561656435,61.39411414300726,0.013841276201560388,1.1543942747104796,0.0023389991066568167,0.006507250918156904
224,4,30.45705,Forward,0.2262929902917663,330.0445594042758,17755.0,17766.608891227243,ok,0.0005780780165738546,14562.366596438807,ok,12.073168504233763,66.04357345575792,0.017523975287731777,8.545492907660446,61.39267648781726,0.012403621011569154,1.1543942747104796,0.0032053062062977374,0.006507250918156904
225,4,30.591316666666668,Forward,0.2267579139155755,330.1509216225859,17755.0,17765.909587470454,ok,0.0005767130140759245,14561.928922005862,ok,11.373864747445623,66.04255842960731,0.016508949137117215,8.107818474714804,61.39204121167212,0.011768344866427815,1.1543942747104796,0.0029236392004944826,0.006507250918156904
226,4,30.726933333333335,Forward,0.22772797725877644,330.8122680288179,17755.0,17764.955777535022,ok,0.0005815492004132721,14561.646283820122,ok,10.420054812013404,66.04117399256148,0.01512451209129566,7.825180288975389,61.391630967701744,0.01135810089604589,1.1543942747104796,0.0020127854453163164,0.006507250918156904
227,4,30.8625,Forward,0.22870802207587468,331.53011320674705,17760.0,17763.877077001795,ok,0.0005839472082206924,14560.256207531946,ok,9.34135427878573,66.03960827917975,0.013558798709550346,6.435104000798674,61.389613298312504,0.009340431506810716,1.1543942747104796,0.0027762580547626772,0.006507250918156904
228,4,30.998066666666666,Forward,0.22963488300706,332.3624808334098,17755.0,17762.73803658177,ok,0.0005833878929123027,14559.112321277273,ok,8.202313858761045,66.0379549835958,0.011905503125608107,5.291217746125767,61.3879529690914,0.007680102285709011,1.1543942747104796,0.0030396370177947565,0.006507250918156904
229,4,31.132316666666668,Forward,0.23075578365402766,333.2324005198134,17755.0,17761.280384337446,ok,0.0005864711088531386,14558.433088825444,ok,6.744661614437064,66.03583922898683,0.009789748516643394,4.611985294297483,61.38696707605957,0.0066942092538764585,1.1543942747104796,0.0020619916802544986,0.006507250918156904
230,4,31.2669,Forward,0.23208221503334903,334.12689164292897,17750.0,17759.576677280085,ok,0.0005989277394694923,14558.359565516206,ok,5.040954557076475,66.03336633047968,0.007316850009490817,4.538461985059257,61.38686035836953,0.00658749156384247,1.1543942747104796,-0.00028771253651251483,0.006507250918156904
231,4,31.40245,Forward,0.23397445295830172,335.3015443382501,17745.0,17757.68353852341,ok,0.0005797975104968095,14555.769008496432,ok,3.1478158004028955,66.03061847545086,0.004568994980667082,1.9479049652854883,61.38310021394845,0.002827347142760627,1.1543942747104796,0.0013051216264451811,0.006507250918156904
232,4,31.537483333333334,Forward,0.23564848425088722,336.77679111488396,17745.0,17755.4725013338,ok,0.0005768291883095048,14553.445910765788,ok,0.9367786107904976,66.02740919687105,0.0013597164008612708,-0.37519276535931567,61.37972828161698,-0.0005445851887171748,1.1543942747104796,0.0019883824248085034,0.006507250918156904
233,4,31.67255,Forward,0.23773010195899036,338.2008010945792,17740.0,17753.01104614797,ok,0.000584923492332257,14551.69519236664,ok,-1.5246765750380291,66.02383644131535,-0.00221303915483168,-2.1259111645067605,61.37718714703812,-0.003085719767570986,1.1543942747104796,0.0013490980782132184,0.006507250918156904
234,4,31.80785,Forward,0.23986283350941376,339.8039404531555,17740.0,17750.49634005603,ok,0.0005867057229283245,14550.574051857686,ok,-4.039382666978781,66.02018639307859,-0.005863087391599423,-3.247051673461101,61.375559832835876,-0.004713033969812198,1.1543942747104796,-0.0004223879603322189,0.006507250918156904
235,4,31.942633333333333,Forward,0.24225146524868404,341.4987766264094,17740.0,17747.83400451812,ok,0.0005846241705866556,14548.44773616016,ok,-6.701718204887584,66.0163220634987,-0.009727416971494153,-5.373367370986671,61.3724735258963,-0.007799340909393763,1.1543942747104796,-0.0007239024791747678,0.006507250918156904
236,4,32.077416666666664,Forward,0.2446940156438418,343.2408444850298,17730.0,17744.746168552334,ok,0.0005639186842618589,14545.641388052221,ok,-9.789554170674819,66.01184012811132,-0.014209352358882264,-8.179715478925573,61.368400164800164,-0.011872702005534225,1.1543942747104796,-0.0005035731383499255,0.006507250918156904
237,4,32.21191666666667,Forward,0.24764245129383358,345.49558343885656,17730.0,17741.440059862307,ok,0.0005805133353407319,14543.046383569263,ok,-13.09566286070185,66.00704137400113,-0.019008106469062386,-10.77471996188433,61.364633564970546,-0.015639301835146106,1.1543942747104796,-0.0009541859701006246,0.006507250918156904
238,4,32.34748333333334,Forward,0.2503610545950144,347.5010699206068,17730.0,17737.9657170222,ok,0.0005812233857462542,14539.827924354193,ok,-16.570005700807087,66.00199843121028,-0.024051049259909828,-13.993179176954072,61.35996203241224,-0.020310834393453117,1.1543942747104796,-0.0006043383215148523,0.006507250918156904
239,4,32.4828,Forward,0.25342627347060886,349.4063700403276,17730.0,17734.26131871193,ok,0.0005820679853990363,14537.685361806754,ok,-20.274404011077422,65.99662156726423,-0.029427913205967427,-16.135741724392574,61.3568521434779,-0.02342072332779255,1.1543942747104796,-0.002391164286785534,0.006507250918156904
240,4,32.61893333333333,Forward,0.2566760326423575,351.6295499881562,17725.0,17730.48938703655,ok,0.0005846234870958141,14534.736976983411,ok,-24.046335686460225,65.99114667991851,-0.0349028005516747,-19.08412654773565,61.35257261878106,-0.027700248024633237,1.1543942747104796,-0.002925792823977813,0.006507250918156904
241,4,32.75395,Forward,0.25992428360615516,354.1448634904191,17715.0,17726.44965957052,ok,0.0005848472308121001,14531.71156621917,ok,-28.08606315248835,65.98528309205763,-0.04076638841256002,-22.109537311976965,61.348181292390706,-0.03209157441498475,1.1543942747104796,-0.003720058641456317,0.006507250918156904
242,4,32.889516666666665,Forward,0.2633188622435819,356.6182123537801,17715.0,17722.450488734175,ok,0.0005861456231613157,14527.783155135448,ok,-32.08523398883335,65.97947837137615,-0.04657110909404075,-26.03794839569855,61.342479278149206,-0.037793588656486285,1.1543942747104796,-0.0029424067282300542,0.006507250918156904
243,4,33.02483333333333,Forward,0.2665639933553036,358.9302036321933,17700.0,17718.462695852864,ok,0.0005831349941564676,14524.399004896122,ok,-36.07302687014453,65.97369016558078,-0.052359314889411195,-29.422098635024668,61.33756724820917,-0.04270561859652449,1.1543942747104796,-0.0030601932836139337,0.006507250918156904
244,4,33.1599,Forward,0.27001556008810246,360.8566438618909,17700.0,17714.398336560193,ok,0.0005857558379870689,14522.628988527567,ok,-40.137386162816256,65.96779082509032,-0.05825865537987696,-31.1921150035796,61.33499810299343,-0.04527476381226137,1.1543942747104796,-0.005993727246133229,0.006507250918156904
245,4,33.295716666666664,Forward,0.2731740584742482,363.33101416948557,17695.0,17710.529056935884,ok,0.0005851101454009081,14518.412321315971,ok,-44.0066657871248,65.96217463904156,-0.06387484142862875,-35.40878221517596,61.328877690445005,-0.051395176360689826,1.1543942747104796,-0.004544544090113026,0.006507250918156904
246,4,33.4305,Forward,0.2761524427108532,365.1878643247437,17690.0,17706.913754276462,ok,0.0005732289082897794,14515.850337860978,ok,-47.621968446546816,65.95692709574428,-0.06912238472591359,-37.970765670168475,61.32515902001171,-0.0551138467939835,1.1543942747104796,-0.005499275529668515,0.006507250918156904
247,4,33.56581666666667,Forward,0.279154643440757,367.3540418432822,17690.0,17703.31229614606,ok,0.0005910483129390664,14512.937140254731,ok,-51.22342657694753,65.9516996475185,-0.07434983295168887,-40.88396327641567,61.32093056889366,-0.05934229791203531,1.1543942747104796,-0.005845423993871654,0.006507250918156904
248,4,33.701033333333335,Forward,0.28184004895201137,369.09891314733613,17690.0,17699.879581017725,ok,0.0005849573371118609,14510.705971141142,ok,-54.65614170528352,65.94671712656242,-0.07933235390778155,-43.115132390004874,61.317692069207716,-0.06258079759797745,1.1543942747104796,-0.007089439453861049,0.006507250918156904
249,4,33.83635,Forward,0.28471961219975195,370.82018291383065,17680.0,17696.61378287716,ok,0.0005766273432183248,14507.143655816448,ok,-57.9219398458481,65.94197688245086,-0.08407259801933396,-46.677447714699156,61.312521436022635,-0.0677514307830572,1.1543942747104796,-0.005860734219929387,0.006507250918156904
250,4,33.97085,Forward,0.2872409270640913,372.6098691968473,17680.0,17693.47404011999,ok,0.0005688822023495571,14504.680962616001,ok,-61.06168260302002,65.93741960533944,-0.08862987513074189,-49.14014091514582,61.308946883512185,-0.07132598329350702,1.1543942747104796,-0.006291568378622062,0.006507250918156904
251,4,34.10561666666667,Forward,0.2894685356084602,374.34301383596176,17680.0,17690.69992665691,ok,0.0005756980458431263,14503.183834369192,ok,-63.83579606609783,65.93339303221946,-0.09265644825073868,-50.637269161954464,61.306773830233716,-0.07349903657197653,1.1543942747104796,-0.007809581235312821,0.006507250918156904
252,4,34.24065,Forward,0.29168086278551175,375.6118317954424,17675.0,17688.1795752445,ok,0.0005775124978550629,14500.18780393045,ok,-66.35614747850923,65.929734789907,-0.09631469056318624,-53.63329960069677,61.302425148829045,-0.07784771797664682,1.1543942747104796,-0.006447730631669077,0.006507250918156904
253,4,34.37566666666667,Forward,0.2934828145553059,376.8539792840529,17680.0,17685.726683501576,ok,0.0005802161691358133,14498.708338824465,ok,-68.80903922143261,65.9261744640264,-0.09987501644378645,-55.112764706682356,61.30027773326475,-0.07999513354094223,1.1543942747104796,-0.007529092279422486,0.006507250918156904
254,4,34.5115,Forward,0.29529254070271743,378.1713620402588,17670.0,17683.54597090429,ok,0.0005721604265771426,14496.786708301584,ok,-70.9897518187172,65.92300920101769,-0.10304027945250363,-57.034395229562506,61.29748852297722,-0.08278434382847313,1.1543942747104796,-0.007474506901250413,0.006507250918156904
255,4,34.646033333333335,Forward,0.29685814579295,379.1581703897609,17675.0,17681.705666549853,ok,0.0005829668444007717,14496.00546843707,ok,-72.83005617315575,65.92033803412245,-0.10571144634773724,-57.81563509407715,61.296354568119,-0.08391829868669819,1.1543942747104796,-0.008836642800368902,0.006507250918156904
256,4,34.7824,Forward,0.29831209359370436,379.8567325479744,17665.0,17679.975896189113,ok,0.0005825094758967032,14494.165427570697,ok,-74.55982653389583,65.91782730522436,-0.10822217524582478,-59.655675960450026,61.293683783671696,-0.08658908313399778,1.1543942747104796,-0.008264233423507988,0.006507250918156904
257,4,34.918,Forward,0.29946173847344737,380.84187711332197,17665.0,17678.391510140224,ok,0.0005868436783061793,14492.838693006324,ok,-76.14421258278526,65.91552759889979,-0.11052188157040967,-60.982410524822626,61.29175805359419,-0.08851481321150742,1.1543942747104796,-0.008340887971977975,0.006507250918156904
258,4,35.05385,Forward,0.3005150380565937,381.3912951076054,17670.0,17677.1378986498,ok,0.0005908792746603662,14491.967000000617,ok,-77.39782407321036,65.91370800557837,-0.11234147489182503,-61.854103530529756,61.29049280771568,-0.08978005909001426,1.1543942747104796,-0.008699888695144015,0.006507250918156904
259,4,35.189433333333334,Forward,0.3013904340450686,382.01442328716075,17660.0,17676.04346021453,ok,0.0005826365470990146,14490.803548829344,ok,-78.49226250848005,65.91211944893006,-0.11393003154013855,-63.01755470180251,61.2888040803889,-0.09146878641678989,1.1543942747104796,-0.008338988185880608,0.006507250918156904
260,4,35.325266666666664,Forward,0.3021741899040287,382.6416906364284,17665.0,17674.992184174058,ok,0.0005759575475045478,14492.513118657724,ok,-79.54353854895089,65.91059354167983,-0.11545593879036331,-61.307984873423266,61.29128548859708,-0.08898737820860791,1.1543942747104796,-0.01272941886485024,0.006507250918156904
261,4,35.459783333333334,Forward,0.3029172472575353,382.98541135388587,17665.0,17674.144295335627,ok,0.0005742792860731149,14488.47417524311,ok,-80.39142738738155,65.90936284709902,-0.1166866333711763,-65.34692828803782,61.28542303877197,-0.09484982803372484,1.1543942747104796,-0.007192534931770786,0.006507250918156904
262,4,35.594033333333336,Forward,0.30347648408627614,383.47468224707336,17665.0,17673.410776149463,ok,0.0005792002570412707,14488.63702403811,ok,-81.12494657354546,65.90829815790107,-0.11775132256912012,-65.18407949303764,61.2856594107118,-0.09461345609389651,1.1543942747104796,-0.008530090543754643,0.006507250918156904
263,4,35.72933333333334,Forward,0.30397435969661385,383.63878242546707,17670.0,17672.896666677323,ok,0.0005839524214776905,14488.764347322089,ok,-81.63905604568572,65.90755193774504,-0.11849754272514755,-65.05675620905822,61.28584421804561,-0.09442864876007807,1.1543942747104796,-0.009489651227866588,0.006507250918156904
264,4,35.86566666666667,Forward,0.3044193003322958,383.79073864955353,17665.0,17672.299612344137,ok,0.0005794036053648682,14488.99954714881,ok,-82.23611037887167,65.90668532469508,-0.1193641557751116,-64.8215563823378,61.286185606136875,-0.09408726066881752,1.1543942747104796,-0.010750360735836156,0.006507250918156904
265,4,36.0015,Forward,0.3046112303086491,384.17768786094166,17650.0,17672.01765901111,ok,0.000582349918138057,14487.8979820988,ok,-82.51806371189741,65.90627607477543,-0.11977340569475813,-65.9231214323463,61.28458670534232,-0.09568616146336939,1.1543942747104796,-0.00931384873242197,0.006507250918156904
266,4,36.1376,Forward,0.30504631102766655,384.3920445481126,17650.0,17671.52420118925,ok,0.0005731059583966478,14487.739376778665,ok,-83.01152153375733,65.90555983009843,-0.12048965037176887,-66.0817267524817,61.28435649272585,-0.09591637407984871,1.1543942747104796,-0.009764337283002869,0.006507250918156904
267,4,36.27265,Forward,0.3052782712808068,384.5221573426679,17665.0,17671.180741895405,ok,0.000583342438681793,14486.33582962968,ok,-83.35498082760387,65.90506130544223,-0.12098817502795982,-67.48527390146774,61.28231927063743,-0.09795359616826507,1.1543942747104796,-0.007911104424012244,0.006507250918156904
268,4,36.40743333333333,Forward,0.30552404762853275,384.75986556427597,17665.0,17671.008219548905,ok,0.0005735392780752634,14487.091486291642,ok,-83.52750317410391,65.90481089252572,-0.12123858794446869,-66.72961723950539,61.28341609196197,-0.0968567748437226,1.1543942747104796,-0.009427681597953319,0.006507250918156904
269,4,36.54246666666667,Forward,0.30571640649917764,384.6830935886137,17650.0,17670.700779093706,ok,0.0005805228439533151,14486.7635963717,ok,-83.83494362930287,65.90436464853124,-0.12168483193894837,-67.05750715944669,61.28294016595695,-0.09733270084874214,1.1543942747104796,-0.009324519337052598,0.006507250918156904
270,4,36.677233333333334,Forward,0.30580990094887145,384.98631256665976,17660.0,17670.537253069764,ok,0.0005783760017133942,14486.834909629768,ok,-83.99846965324468,65.90412729360644,-0.12192218686375145,-66.98619390137901,61.28304367579959,-0.09722919100609997,1.1543942747104796,-0.009681365431577979,0.006507250918156904
271,4,36.813066666666664,Forward,0.3060573551507856,384.9693987084611,17655.0,17670.320203460844,ok,0.0005852881848881051,14486.08367889541,ok,-84.21551926216489,65.90381225021235,-0.12223723025783609,-67.73742463573763,61.281953278625096,-0.09831958818060048,1.1543942747104796,-0.008737660570258751,0.006507250918156904
272,4,36.94838333333333,Forward,0.30609939332859815,384.92064363471945,17660.0,17670.181542542887,ok,0.0005821194934514942,14486.29868890029,ok,-84.35418018012206,65.90361098651768,-0.12243849395251603,-67.52241463085738,61.28226536157257,-0.09800750523312773,1.1543942747104796,-0.009299191032736007,0.006507250918156904
273,4,37.083666666666666,Forward,0.3062728021455804,384.8032700181975,17650.0,17670.1143840071,ok,0.0005791399962830768,14485.934090312507,ok,-84.42133871590704,65.90351350717569,-0.12253597329450017,-67.88701321864028,61.28173615363183,-0.09853671317386083,1.1543942747104796,-0.008785755757806532,0.006507250918156904
274,4,37.21843333333333,Forward,0.3062000889410216,385.15866793411624,17655.0,17669.992811892498,ok,0.0005772709711479239,14485.934977506397,ok,-84.54291083051066,65.90333704755523,-0.12271243291495888,-67.88612602475041,61.28173744137695,-0.09853542542874272,1.1543942747104796,-0.008963701943856886,0.006507250918156904
275,4,37.35346666666667,Forward,0.30631581545070513,385.1987139642624,17660.0,17669.938744685387,ok,0.0005768571036103892,14487.07051711624,ok,-84.59697803762174,65.90325857002873,-0.12279091044146395,-66.75058641490614,61.28338565560126,-0.0968872112044342,1.1543942747104796,-0.010944868534400076,0.006507250918156904
276,4,37.48905,Forward,0.3064418665896637,385.49086838502626,17660.0,17669.880184847563,ok,0.000576000800762155,14485.168771552866,ok,-84.65553787544559,65.90317357153388,-0.12287590893630967,-68.65233197828093,61.28062530795562,-0.09964755885007891,1.1543942747104796,-0.007843337510903006,0.006507250918156904
277,4,37.62381666666667,Forward,0.30640643128248585,385.0378895936883,17655.0,17669.89067104959,ok,0.0005808992346529464,14485.780136452426,ok,-84.6450516734185,65.9031887920574,-0.12286068841278923,-68.04096707872122,61.281512692521474,-0.09876017428422,1.1543942747104796,-0.008852508649676516,0.006507250918156904
278,4,37.758833333333335,Forward,0.30651514165422067,385.19717687209413,17655.0,17669.843708922475,ok,0.0005800043011852477,14485.12246699245,ok,-84.69201380053346,65.90312062741987,-0.12292885305032687,-68.69863653869652,61.28055809776368,-0.09971476904201382,1.1543942747104796,-0.00781869456414834,0.006507250918156904
279,4,37.893633333333334,Forward,0.30638479701772336,385.43645860830657,17665.0,17669.80607594736,ok,0.0005850719309996214,14485.403920485354,ok,-84.7296467756496,65.90306600386965,-0.12298347660053309,-68.41718304579263,61.28096662217486,-0.09930624463083178,1.1543942747104796,-0.008344916355702572,0.006507250918156904
280,4,38.02838333333333,Forward,0.3066393038968507,385.3264266473052,17650.0,17669.683182943376,ok,0.000577766322660588,14484.971441304824,ok,-84.85253977963293,65.9028876270033,-0.12316185346689455,-68.84966222632283,61.28033888684015,-0.09993397996554629,1.1543942747104796,-0.007798639145636138,0.006507250918156904
281,4,38.162933333333335,Forward,0.3066847855727509,385.46544884823743,17660.0,17669.53473209304,ok,0.0005676768347039936,14485.746909330363,ok,-85.00099062996742,65.9026721534073,-0.12337732706289314,-68.0741942007844,61.28146446398348,-0.09880840282221427,1.1543942747104796,-0.009313472551642193,0.006507250918156904
282,4,38.29783333333334,Forward,0.3066409276752655,385.33988215321733,17655.0,17669.562882499857,ok,0.0005632888512074239,14485.82795738378,ok,-84.97284022315216,65.90271301318931,-0.12333646728087344,-67.99314614736613,61.28158210369709,-0.09869076310860285,1.1543942747104796,-0.00940841538149409,0.006507250918156904
283,4,38.432066666666664,Forward,0.30681122855525533,385.4497463630141,17650.0,17669.473830226118,ok,0.0005692061725012594,14485.298578958222,ok,-85.06189249689123,65.9025837555016,-0.12346572496859415,-68.52252457292525,61.280813720944536,-0.0994591458611589,1.1543942747104796,-0.008650656418877814,0.006507250918156904
284,4,38.567366666666665,Forward,0.3068080661527892,385.4459639846755,17660.0,17669.443042806968,ok,0.0005818859211945106,14484.94365955027,ok,-85.09267991604065,65.90253906814615,-0.12351041232404342,-68.8774439808767,61.280298562149895,-0.09997430465579485,1.1543942747104796,-0.008100647411232592,0.006507250918156904
285,4,38.70218333333333,Forward,0.306831665880226,385.54435416404885,17660.0,17669.406713656477,ok,0.0005801216677636508,14485.557897750457,ok,-85.12900906653158,65.90248633707267,-0.12356314339751465,-68.26320578068953,61.28119011725717,-0.09908274954852651,1.1543942747104796,-0.009182584596123283,0.006507250918156904
286,4,38.8373,Forward,0.30686347135903935,385.5224347501462,17650.0,17669.38812338242,ok,0.0005855286598902037,14485.396170089873,ok,-85.14759934058748,65.90245935364219,-0.12359012682800627,-68.42493344127433,61.2809553726227,-0.09931749418299732,1.1543942747104796,-0.008938580164562795,0.006507250918156904
287,4,38.97266666666667,Forward,0.3067526644879397,385.33594294378054,17660.0,17669.457254579713,ok,0.0005794045308831487,14484.589971301868,ok,-85.07846814329605,65.90255969626496,-0.12348978420522903,-69.23113222927896,61.279785190360016,-0.10048767644567658,1.1543942747104796,-0.007487385837380872,0.006507250918156904
288,4,39.10851666666667,Forward,0.30624534594501723,385.03514979766624,17660.0,17670.07031379639,ok,0.0005911650242569301,14485.53362469553,ok,-84.4654089266187,65.90344954010001,-0.12259994037018253,-68.28747883561664,61.28115488537793,-0.09911798142775947,1.1543942747104796,-0.008178710089117344,0.006507250918156904
289,4,39.24381666666667,Forward,0.3052163651446217,384.59119201539943,17665.0,17671.33315237655,ok,0.000572502602380394,14485.218125049232,ok,-83.20257034646056,65.90528252636732,-0.12076695410288037,-68.60297848191476,61.2806969436203,-0.0995759231853915,1.1543942747104796,-0.0058170784786539115,0.006507250918156904
290,4,39.37886666666667,Forward,0.30358658027087326,383.55471762563684,17665.0,17673.108252237656,ok,0.000587016861433526,14485.402581364653,ok,-81.42747048535239,65.90785905017616,-0.1181904302940387,-68.41852216649386,61.28096467846654,-0.09930818833915221,1.1543942747104796,-0.0035496262434513703,0.006507250918156904
291,4,39.514716666666665,Forward,0.30135056375482533,382.2197855902559,17660.0,17675.552359002624,ok,0.000566965695184836,14485.320188603997,ok,-78.98336372038466,65.91140662482773,-0.11464285564245878,-68.50091492715,61.280845086935855,-0.09942777986983614,1.1543942747104796,0.00013600418645393075,0.006507250918156904
292,4,39.65125,Forward,0.298943328609958,381.0409755502078,17665.0,17678.397260134567,ok,0.0005750141155917583,14485.179189371844,ok,-76.13846258844205,65.9155359449076,-0.11051353556258747,-68.64191415930327,61.28064042922243,-0.0996324375832588,1.1543942747104796,0.00450157995897571,0.006507250918156904
293,4,39.78628333333333,Forward,0.29594300351196245,379.60539780848194,17670.0,17681.76434409337,ok,0.0005789961184266726,14485.556049463568,ok,-72.77137862963718,65.92042320346488,-0.10562627700530625,-68.2650540675786,61.28118743450378,-0.09908543230191949,1.1543942747104796,0.00875737875124244,0.006507250918156904
294,4,39.92111666666667,Forward,0.29293470008675254,377.5976147330475,17675.0,17685.230098565946,ok,0.0005734755040386021,14484.893182309832,ok,-69.305624157063,65.92545368040302,-0.10059580006717372,-68.92792122131505,61.280225295391986,-0.10004757141370717,1.1543942747104796,0.014898543571497669,0.006507250918156904
295,4,40.05628333333333,Forward,0.28959530257796395,375.71766476436096,17680.0,17689.121953898502,ok,0.0005824191037851793,14485.275057205254,ok,-65.4137688245064,65.93110263466446,-0.09494684580572757,-68.54604632589326,61.28077957956586,-0.09949328723983601,1.1543942747104796,0.019907635356064338,0.006507250918156904
296,4,40.190783333333336,Forward,0.28584885182685005,373.34653224651265,17685.0,17693.518814493655,ok,0.000584801130223798,14486.50275690717,ok,-61.01690822935416,65.93748459449432,-0.08856488597587595,-67.31834662397705,61.2825615624173,-0.09771130438839226,1.1543942747104796,0.02423248438457705,0.006507250918156904
297,4,40.326633333333334,Forward,0.28131995171103524,370.3276419872018,17680.0,17698.729067547116,ok,0.0005755802766138859,14487.373326063154,ok,-55.806655175892956,65.94504717806296,-0.08100230240722411,-66.44777746799264,61.28382517704924,-0.09644768975646009,1.1543942747104796,0.03033635845668599,0.006507250918156904
298,4,40.461666666666666,Forward,0.2752981757846795,366.61599313662373,17695.0,17705.736406595544,ok,0.0005874189687245495,14488.776554509734,ok,-48.79931612746441,65.9552181978971,-0.07083128257308877,-65.04454902141333,61.28586193654715,-0.09441093025854745,1.1543942747104796,0.038156154787468796,0.006507250918156904
299,4,40.596983333333334,Forward,0.2679065694681101,361.6683646764941,17705.0,17714.859475723606,ok,0.0005815537150047395,14494.467970206824,ok,-39.67624699940279,65.96846015984706,-0.05758932062313692,-59.3531333243227,61.294122918574615,-0.08614994823108299,1.1543942747104796,0.04186168638142949,0.006507250918156904
300,4,40.73258333333333,Forward,0.2589338258001339,355.7135263226555,17715.0,17725.217797801983,ok,0.0005626474664682487,14500.933615613703,ok,-29.317924921026133,65.98349506804536,-0.042554412424830504,-52.88748791744365,61.30350768035356,-0.0767651864521306,1.1543942747104796,0.04606287931259154,0.006507250918156904
301,4,40.86815,Forward,0.25031181218071163,349.38485294374186,17720.0,17735.77349598258,ok,0.0005826460113946819,14508.21764581,ok,-18.76222674042947,65.9988164639156,-0.027233016554586164,-45.6034577211467,61.31408031214531,-0.06619255466038199,1.1543942747104796,0.04917928957381927,0.006507250918156904
302,4,41.00265,Forward,0.24261303730710543,343.89228280389216,17735.0,17744.897988544126,ok,0.0005719324262850332,14515.2425977928,ok,-9.637734178882965,66.01206049195228,-0.01398898851790621,-38.5785057383473,61.32427689681991,-0.0559959699857865,1.1543942747104796,0.05065243864054558,0.006507250918156904
303,4,41.13848333333333,Forward,0.23671123171581068,339.49787015362017,17745.0,17751.808771058943,ok,0.0005688472415971835,14520.390450285971,ok,-2.7269516640662914,66.02209136180771,-0.0039581186624852455,-33.43065324517556,61.33174890715784,-0.04852395964785448,1.1543942747104796,0.0520576625412803,0.006507250918156904
304,4,41.2738,Forward,0.23337498443622828,337.0586937724729,17745.0,17756.0181121992,ok,0.0005811750850313682,14524.139416746695,ok,1.482389476190292,66.02820114070242,0.002151660232228409,-29.681686784451813,61.337190460929676,-0.04308240587601571,1.1543942747104796,0.05188574291625407,0.006507250918156904
305,4,41.40936666666666,Forward,0.2310758552770639,335.57733059970633,17740.0,17758.589891637206,ok,0.0005762122656682465,14525.964281754714,ok,4.054168914197362,66.03193402981941,0.005884549349226026,-27.856821776433208,61.339839217906174,-0.04043364889952273,1.1543942747104796,0.05256092214448875,0.006507250918156904
306,4,41.5444,Forward,0.2297295558516875,334.4180587802366,17755.0,17760.264044727264,ok,0.0005775765314687932,14527.97504660416,ok,5.72832200425546,66.0343640313031,0.008314550832910269,-25.84605692698642,61.34275780497954,-0.03751506182614687,1.1543942747104796,0.051621723420423885,0.006507250918156904
307,4,41.67945,Forward,0.22849567765969467,333.72309203647455,17755.0,17761.80707393714,ok,0.0005708552975711979,14528.637292495354,ok,7.271351214130846,66.0366037089596,0.010554228489411316,-25.183811035793042,61.343719042340524,-0.03655382446516702,1.1543942747104796,0.052751754170771985,0.006507250918156904
308,4,41.814483333333335,Forward,0.22744857975083266,332.8570005954971,17755.0,17762.950933813325,ok,0.0005711005300975671,14530.243571845995,ok,8.415211090316006,66.03826399989283,0.01221451942263795,-23.57753168515228,61.34605052637771,-0.0342223404279856,1.1543942747104796,0.05172059327989752,0.006507250918156904
309,4,41.950066666666665,Forward,0.22643992756853856,332.1130530430637,17755.0,17764.10431385875,ok,0.0005772814646588627,14530.251833560544,ok,9.568591135739553,66.03993810917129,0.013888628701099309,-23.569269970603273,61.346062518099814,-0.03421034870588379,1.1543942747104796,0.053380859383020625,0.006507250918156904
310,4,42.08565,Forward,0.2255594646055786,331.2121498613378,17755.0,17765.115413119816,ok,0.0005784852853455474,14531.426180823702,ok,10.579690396807564,66.0414057005876,0.015356220117402846,-22.394922707444493,61.34776706089747,-0.03250580590822522,1.1543942747104796,0.052880736352708124,0.006507250918156904
311,4,42.222116666666665,Forward,0.22488205461729358,330.6802996456354,17755.0,17766.006332874993,ok,0.0005717409405600133,14531.010099507987,ok,11.470610151984147,66.0426988537286,0.016649373258402378,-22.81100402316042,61.347163126752775,-0.03310974005291441,1.1543942747104796,0.054871067612639025,0.006507250918156904
312,4,42.357416666666666,Forward,0.22409769806958207,330.30041325140337,17755.0,17766.89890470384,ok,0.0005792309828219078,14531.9304031082,ok,12.36318198083245,66.04399440482322,0.0179449243530283,-21.890700422947702,61.348498929988,-0.03177393681769221,1.1543942747104796,0.054624575100384695,0.006507250918156904
313,4,42.49386666666667,Forward,0.22347179735240452,329.83365786879585,17760.0,17767.641087590273,ok,0.0005765028330482776,14531.905568736505,ok,13.105364867264143,66.04507166921792,0.0190221887477268,-21.915534794641644,61.348462883368114,-0.03180998343757483,1.1543942747104796,0.05574345150669836,0.006507250918156904
314,4,42.62813333333333,Forward,0.22298743782595742,329.5164119793044,17755.0,17768.269160437194,ok,0.000562124977132831,14531.716319191506,ok,13.73343771418513,66.04598330505274,0.01993382458255169,-22.1047843396409,61.348188191239984,-0.032084675565711575,1.1543942747104796,0.05697219036155235,0.006507250918156904
315,4,42.76425,Forward,0.22240612128564682,329.0732604829027,17760.0,17768.875618030233,ok,0.0005784106029246945,14534.638182834058,ok,14.339895307224651,66.04686356675619,0.02081408628599392,-19.182920697088775,61.3524292209455,-0.027843645860191443,1.1543942747104796,0.05295663165406507,0.006507250918156904
316,4,42.900816666666664,Forward,0.22203980776444185,328.7246887219808,17760.0,17769.508999133723,ok,0.000565252180765247,14533.780632373806,ok,14.97327641071388,66.04778290742482,0.02173342695463192,-20.040471157341017,61.35118450270371,-0.02908836410198302,1.1543942747104796,0.055312867934654966,0.006507250918156904
317,4,43.035833333333336,Forward,0.2215177713119708,328.3215522528626,17770.0,17769.931754458594,ok,0.000577518160107043,14533.470522713618,ok,15.396031735584984,66.04839652876733,0.022347048297132053,-20.35058081752868,61.350734384408774,-0.029538482396920245,1.1543942747104796,0.05644610325977306,0.006507250918156904
318,4,43.17146666666667,Forward,0.2210078615063163,328.154926066145,17755.0,17770.428666496486,ok,0.0005666546416723286,14533.012791018333,ok,15.892943773476873,66.04911778717344,0.023068306703253053,-20.808312512814155,61.35006999552745,-0.030202871278246748,1.1543942747104796,0.05793432838667868,0.006507250918156904
319,4,43.3073,Forward,0.22082793015539431,327.6971483501693,17755.0,17770.799131378724,ok,0.0005720941777146237,14534.047203559365,ok,16.263408655715466,66.04965550992941,0.02360602945921765,-19.773899971782157,61.35157142572781,-0.028701441077880717,1.1543942747104796,0.05673880871546333,0.006507250918156904
320,4,43.44291666666667,Forward,0.22032543488306874,327.57766495603573,17755.0,17771.30462184064,ok,0.0005817648540650469,14535.204938799829,ok,16.768899117632827,66.05038921975543,0.024339739285243654,-18.61616473131835,61.35325185648934,-0.027021010316352834,1.1543942747104796,0.05553263889133417,0.006507250918156904
321,4,43.57848333333333,Forward,0.22055229849579674,327.61508505637175,17755.0,17771.08757840263,ok,0.0005710307840103922,14535.162488799635,ok,16.55185567961962,66.05007418531831,0.024024704848113584,-18.65861473151199,61.35319024111852,-0.027082625687172575,1.1543942747104796,0.05528873288551257,0.006507250918156904
322,4,43.714333333333336,Forward,0.22013161161651715,327.59196135566526,17760.0,17771.42504573266,ok,0.0005693626673541482,14534.978194050023,ok,16.88932300965098,66.05056401275257,0.02451453228237929,-18.84290948112357,61.35292274078199,-0.027350126023701425,1.1543942747104796,0.05608736117675031,0.006507250918156904
323,4,43.84936666666667,Forward,0.21981053310073181,327.1205353895166,17770.0,17771.80476868146,ok,0.0005713457823713703,14534.825092354506,ok,17.269045958451898,66.0511151734167,0.025065692946511363,-18.996011176641332,61.35270051657235,-0.02757235023334633,1.1543942747104796,0.05689505619619852,0.006507250918156904
324,4,43.98466666666667,Forward,0.21938168999122779,327.06347978521444,17755.0,17772.120806825784,ok,0.0005730517733006708,14535.10500711441,ok,17.585084102775,66.05157389679401,0.02552441632382168,-18.716096416737855,61.353106807541735,-0.02716605926395418,1.1543942747104796,0.05688475960457597,0.006507250918156904
325,4,44.11945,Forward,0.21921923402946192,326.72987114269563,17760.0,17772.38002599813,ok,0.0005782209922415051,14534.616931465174,ok,17.844303275120183,66.05195014851026,0.02590066804007084,-19.20417206597267,61.352398374986294,-0.027874491819396045,1.1543942747104796,0.05807882180684573,0.006507250918156904
326,4,44.25533333333333,Forward,0.21907511137208827,326.7769506269724,17770.0,17772.651649649055,ok,0.0005798782464247015,14535.689829244411,ok,18.115926926046086,66.0523444050921,0.026294924621905164,-18.13127428673579,61.35395566578059,-0.02631720102510155,1.1543942747104796,0.05667535081168716,0.006507250918156904
327,4,44.390366666666665,Forward,0.2188826295412893,326.530004735745,17760.0,17772.918050598004,ok,0.0005906251712651264,14536.946251191053,ok,18.3823278749951,66.052731081021,0.026681600550794396,-16.87485234009364,61.35577933842595,-0.02449352837974753,1.1543942747104796,0.054956789479833595,0.006507250918156904
328,4,44.52486666666667,Forward,0.21867936565112672,326.20078652408847,17770.0,17773.189634246737,ok,0.0005711540188045449,14536.400560659185,ok,18.65391152372831,66.0531252795404,0.0270757990702041,-17.420542871961516,61.35498727896021,-0.025285587845483345,1.1543942747104796,0.05626533691171896,0.006507250918156904
329,4,44.660183333333336,Forward,0.2182817804380787,326.2453630134114,17765.0,17773.505365602883,ok,0.0005735347000689463,14536.187472652327,ok,18.9696428798743,66.05358355762048,0.027534077150289216,-17.63363087881953,61.35467798575644,-0.025594881049250225,1.1543942747104796,0.05708066129543943,0.006507250918156904
330,4,44.79443333333333,Forward,0.21810257036376224,325.88564842730193,17765.0,17773.689362343997,ok,0.000571193674912855,14536.365317231628,ok,19.153639620988542,66.05385062540333,0.02780114493313168,-17.455786299518877,61.354936123793,-0.025336743012691818,1.1543942747104796,0.05704973600679386,0.006507250918156904
331,4,44.93001666666667,Forward,0.218049158322999,325.9077093154265,17760.0,17774.024772426477,ok,0.0005655722937247801,14535.958297098088,ok,19.48904970346848,66.05433746678176,0.02828798631156298,-17.862806433058722,61.35434534178252,-0.025927525023169043,1.1543942747104796,0.05821857275572202,0.006507250918156904
332,4,45.06505,Forward,0.21776068479494654,325.4424275664569,17760.0,17774.20521558102,ok,0.0005724530944609048,14536.202757360219,ok,19.669492858010926,66.05459937660103,0.028549896130839778,-17.618346170927907,61.35470017122029,-0.02557269558540293,1.1543942747104796,0.05807086950354288,0.006507250918156904
333,4,45.2009,Forward,0.21735438995304135,325.38514783395294,17760.0,17774.60952839539,ok,0.000593679238097204,14536.271186482116,ok,20.07380567238215,66.05518622898904,0.029136748518849603,-17.549917049031137,61.35479949479394,-0.025473372011756153,1.1543942747104796,0.05854306332679107,0.006507250918156904
334,4,45.335683333333336,Forward,0.21713747195205038,325.0968238764581,17770.0,17774.80387895127,ok,0.0005816035355241424,14537.140833794987,ok,20.268156228259613,66.0554683251378,0.02941884466760784,-16.68026973615997,61.356061771388056,-0.024211095417633204,1.1543942747104796,0.05736799460219274,0.006507250918156904
335,4,45.469966666666664,Forward,0.21696588999112562,324.96315949689233,17755.0,17775.185376184945,ok,0.0005743324959017109,14537.542898594342,ok,20.649653461936396,66.05602206114281,0.02997258067261312,-16.278204936805196,61.35664536082487,-0.023627505980818076,1.1543942747104796,0.05724803830255712,0.006507250918156904
336,4,45.60503333333333,Forward,0.21667171612347536,324.65460133436136,17765.0,17775.536173142485,ok,0.0005752861478989243,14537.435748700847,ok,21.000450419476692,66.0565312362788,0.030481755808600988,-16.385354830299548,61.356489834785044,-0.023783032020649266,1.1543942747104796,0.05793675180849451,0.006507250918156904
337,4,45.74086666666667,Forward,0.21629107182576643,324.5819703201014,17770.0,17775.75299807351,ok,0.0005838933052702805,14538.206334822946,ok,21.21727535050013,66.05684595355717,0.030796473086976292,-15.614768708201154,61.357608325938045,-0.022664540867644495,1.1543942747104796,0.056960289303526784,0.006507250918156904
338,4,45.87511666666666,Forward,0.21594907075468409,324.266061727998,17770.0,17776.33419185095,ok,0.0005791122847415971,14538.223697523985,ok,21.798469127941644,66.05768954531104,0.03164006484084744,-15.597406007162135,61.35763352756957,-0.02263933923612338,1.1543942747104796,0.05777478843825659,0.006507250918156904
339,4,46.01018333333333,Forward,0.2156544657373523,324.06105655230203,17765.0,17776.75639813064,ok,0.0005752296179690029,14538.261652329378,ok,22.22067540763237,66.05830236972486,0.0322528892546731,-15.559451201768752,61.35768861825032,-0.02258424855536869,1.1543942747104796,0.05832401648562914,0.006507250918156904
340,4,46.14521666666667,Forward,0.21526885476424612,323.8813957485254,17760.0,17777.18346988804,ok,0.0005668520110108483,14537.539138549746,ok,22.647747165032342,66.05892225628739,0.03287277581718905,-16.28196498140096,61.3566399031914,-0.023632963614292988,1.1543942747104796,0.06015453370796996,0.006507250918156904
341,4,46.28053333333333,Forward,0.2148424324382526,323.6155336819975,17765.0,17777.623105051505,ok,0.0005700572297683732,14538.98602338167,ok,23.08738232849646,66.05956037839572,0.033510897925520554,-14.835080149476198,61.35874002910532,-0.021532837700374695,1.1543942747104796,0.058368282485103076,0.006507250918156904
342,4,46.416133333333335,Forward,0.21439532790942853,323.0529152005838,17770.0,17778.075872348087,ok,0.0005711353077170917,14539.893472966469,ok,23.540149625077902,66.0602175615464,0.03416808107620747,-13.927630564678111,61.36005717498076,-0.020215691824932994,1.1543942747104796,0.05750495997822157,0.006507250918156904
343,4,46.55116666666667,Forward,0.21413542786701106,322.6307708071654,17775.0,17778.545979780083,ok,0.000581695838213055,14539.67628193764,ok,24.01025705707434,66.06089991357503,0.03485043310483986,-14.144821593507004,61.35974192631836,-0.02053094048733507,1.1543942747104796,0.05855123325784105,0.006507250918156904
344,4,46.687016666666665,Forward,0.2132813238355186,322.35233359620906,17770.0,17779.58003069189,ok,0.0005716100212913401,14540.109560636083,ok,25.044307968881185,66.06240081887744,0.03635133840723874,-13.711542895063758,61.36037082213817,-0.01990204466752129,1.1543942747104796,0.059326144826457546,0.006507250918156904
345,4,46.82261666666667,Forward,0.2127704757097354,321.86190692676246,17770.0,17780.13104067827,ok,0.0005931098193061003,14540.129913242581,ok,25.595317955259816,66.06320059943059,0.037151118960389015,-13.69119028856585,61.36040036356081,-0.019872503244887683,1.1543942747104796,0.06009182293045279,0.006507250918156904
346,4,46.95765,Forward,0.21230746912348014,321.7043033420232,17770.0,17780.601975368485,ok,0.0005706997383792917,14541.55711996479,ok,26.066252645476197,66.06388415220884,0.037834671738650454,-12.263983566357638,61.36247192707138,-0.017800939734307106,1.1543942747104796,0.05838397465240086,0.006507250918156904
347,4,47.0927,Forward,0.21193056852453263,321.2758056800594,17770.0,17781.16795353687,ok,0.0005749021188786589,14541.616094374704,ok,26.632230813862407,66.06470565879451,0.03865617832432575,-12.205009156443339,61.36255752730976,-0.017715339495928562,1.1543942747104796,0.05910666481297812,0.006507250918156904
348,4,47.22721666666666,Forward,0.21151018663923918,320.70519140486067,17785.0,17781.6246226706,ok,0.0005728755553141716,14541.67418487969,ok,27.088899947590107,66.06536850538788,0.03931902491768754,-12.146918651456872,61.36264184457689,-0.017631022228802064,1.1543942747104796,0.05967217603590984,0.006507250918156904
349,4,47.363083333333336,Forward,0.21097327060035126,320.55052973294005,17770.0,17782.289008405816,ok,0.0005727992895033763,14543.004114525904,ok,27.753285682807473,66.0663328486919,0.04028336822171645,-10.816989005243158,61.36457221225514,-0.015700654550549392,1.1543942747104796,0.0584081139440777,0.006507250918156904
350,4,47.49785,Forward,0.21065147969799625,320.3110398454737,17770.0,17782.723747009415,ok,0.0005768345179910763,14543.000215086606,ok,28.18802428640629,66.06696386353639,0.04091438306619718,-10.820888444541197,61.3645665522929,-0.015706314512793015,1.1543942747104796,0.05904566261656755,0.006507250918156904
351,4,47.63235,Forward,0.21010098875971572,319.82255858912686,17785.0,17783.183607283856,ok,0.000579908890643843,14542.684964057495,ok,28.64788456084716,66.06763134201002,0.041581861539829464,-11.136139473652293,61.3641089713984,-0.016163895407289564,1.1543942747104796,0.060241369855023555,0.006507250918156904
352,4,47.7674,Forward,0.209844223772553,319.65277110777606,17775.0,17783.75022683681,ok,0.0005698130733853144,14543.804392251757,ok,29.214504113802832,66.06845377955324,0.04240429908305259,-10.01671127938971,61.36573380020832,-0.014539066597373711,1.1543942747104796,0.059188114322695176,0.006507250918156904
353,4,47.90298333333333,Forward,0.20926346727526335,319.0071270266344,17780.0,17784.177995937855,ok,0.000571910264238341,14544.076065036237,ok,29.642273214845773,66.06907467829684,0.04302519782665109,-9.74503849490975,61.36612812810658,-0.014144738699116794,1.1543942747104796,0.05935380319818727,0.006507250918156904
354,4,48.0383,Forward,0.208835370631611,318.64624235668816,17775.0,17784.80912978005,ok,0.0005781703472700086,14544.80942621091,ok,30.27340705704046,66.0699907571083,0.04394127663810746,-9.01167732023714,61.36719258795384,-0.013080278851858133,1.1543942747104796,0.059041075656309054,0.006507250918156904
355,4,48.17333333333333,Forward,0.20839761530760362,318.4693764520671,17780.0,17785.24199239106,ok,0.0005566061324100842,14544.277855216667,ok,30.70626966805139,66.0706190489851,0.044569568514898426,-9.54324831447957,61.366421022729384,-0.013851844076307102,1.1543942747104796,0.06056005801076962,0.006507250918156904
356,4,48.30811666666666,Forward,0.2080269019932608,318.22965963210663,17780.0,17785.807946605204,ok,0.0005712020370589565,14545.277217285953,ok,31.27222388219525,66.07144052080164,0.0453910403314449,-8.54388624519379,61.36787157783425,-0.012401288971446335,1.1543942747104796,0.059707017319112765,0.006507250918156904
357,4,48.44343333333333,Forward,0.20762300078250523,317.93020238529425,17780.0,17786.183949492577,ok,0.0005695949283421434,14545.866231734783,ok,31.648226769568282,66.07198628186711,0.04593680139691253,-7.954871796364387,61.368726521144424,-0.011546345661263613,1.1543942747104796,0.059265836722103435,0.006507250918156904
358,4,48.57848333333333,Forward,0.207374603851979,317.6818669974273,17775.0,17786.663365302407,ok,0.0005823075039430206,14545.601733387486,ok,32.127642579398525,66.07268214482977,0.04663266435956952,-8.219370143660854,61.36834260680578,-0.01193025999990999,1.1543942747104796,0.06040488819927306,0.006507250918156904
359,4,48.71353333333333,Forward,0.20700746108285842,317.33180795410954,17780.0,17786.938548023696,ok,0.0005640241390699174,14545.855783401188,ok,32.402825300687255,66.07308156733478,0.04703208686458826,-7.9653201299588545,61.36871135558622,-0.011561511219471734,1.1543942747104796,0.060378629223347406,0.006507250918156904
360,4,48.84911666666667,Forward,0.2064520627815502,317.4182867450472,17780.0,17787.52287387304,ok,0.00057444786832386,14546.613037286583,ok,32.98715115003142,66.07392970523166,0.04788022476147086,-7.208066244564179,61.369810495250306,-0.010462371555385902,1.1543942747104796,0.05995792658490212,0.006507250918156904
361,4,48.98441666666667,Forward,0.20616278463463436,316.81059350394935,17770.0,17787.929991536665,ok,0.0005731535843331816,14547.45556730825,ok,33.3942688136558,66.0745206288052,0.04847114833501751,-6.3655362228964805,61.37103341161014,-0.009239455195550509,1.1543942747104796,0.05913712251420501,0.006507250918156904
362,4,49.118916666666664,Forward,0.205955366993423,316.805807120807,17780.0,17788.134533543303,ok,0.0005745516568814803,14547.300819690625,ok,33.5988108202946,66.07481751765161,0.04876803718141972,-6.520283840522097,61.37080879837575,-0.009464068429943429,1.1543942747104796,0.059693303592414614,0.006507250918156904
363,4,49.25395,Forward,0.20547400018423465,315.845810351384,17780.0,17788.691452760857,ok,0.0005624174381474596,14546.8587951013,ok,34.155730037848116,66.07562587534183,0.0495763948716357,-6.962308429847326,61.37016720806106,-0.010105658744630807,1.1543942747104796,0.06124230946861539,0.006507250918156904
364,4,49.389783333333334,Forward,0.20535945349676185,315.9715166386959,17785.0,17788.994743043426,ok,0.000576513616912104,14547.920727446244,ok,34.45902032041704,66.07606609543939,0.050016614969191964,-5.900376084902746,61.37170858273528,-0.008564284070407876,1.1543942747104796,0.05990317546706498,0.006507250918156904
365,4,49.52455,Forward,0.2048550722362454,315.86742702514675,17775.0,17789.584282063126,ok,0.0005840713069355644,14547.719111111443,ok,35.04855934011721,66.07692180015425,0.050872319684052564,-6.101992419704402,61.37141594044611,-0.00885692635958228,1.1543942747104796,0.061096704765086676,0.006507250918156904
366,4,49.65958333333333,Forward,0.20479030629492415,315.37136333821763,17780.0,17789.786888254755,ok,0.00057221374365858,14548.12710013231,ok,35.251165531746665,66.07721587920184,0.05116639873165395,-5.694003398837594,61.37200812877818,-0.008264738027511155,1.1543942747104796,0.060707164992594806,0.006507250918156904
367,4,49.7941,Forward,0.20432611301312104,315.39139326854274,17780.0,17790.19518369764,ok,0.0005862979780138486,14549.250055857668,ok,35.659460974631656,66.07780851229967,0.051759031829477525,-4.571047673478461,61.373638077732636,-0.006634789073058183,1.1543942747104796,0.05941819434932754,0.006507250918156904
368,4,49.9294,Forward,0.20411522132132673,315.1121909266585,17785.0,17790.42972286641,ok,0.0005803405466569003,14547.836273795625,ok,35.89400014340208,66.07814894145844,0.052099460988243654,-5.984829735521998,61.37158599986188,-0.008686866943817746,1.1543942747104796,0.06212753045335858,0.006507250918156904
369,4,50.0647,Forward,0.2038272291704394,314.8897226948393,17780.0,17790.70796942743,ok,0.0005840240640533281,14549.301557399876,ok,36.172246704420104,66.07855281106876,0.052503330598567266,-4.519546131270545,61.37371283124516,-0.006560035560538657,1.1543942747104796,0.060076198091550244,0.006507250918156904
370,4,50.199733333333334,Forward,0.20360526507315146,314.94464055315257,17790.0,17791.12978314478,ok,0.0005786689216885705,14549.356384196351,ok,36.594060421772156,66.07916506568579,0.053115585215597706,-4.464719334795518,61.373792411301224,-0.006480455504466636,1.1543942747104796,0.06059658594747001,0.006507250918156904
371,4,50.33505,Forward,0.20345185852471373,314.7080702021267,17780.0,17791.38925074181,ok,0.0005777920311496274,14549.681227241259,ok,36.853528018800716,66.07954167798576,0.05349219751556695,-4.1398762898879795,61.37426391482488,-0.006008951980817893,1.1543942747104796,0.06042889727923332,0.006507250918156904
372,4,50.469833333333334,Forward,0.20310966234048652,314.4219758393374,17780.0,17791.717337268008,ok,0.000578944114182209,14550.03104188911,ok,37.18161454499932,66.08001788936103,0.05396840889084312,-3.7900616420374718,61.37477166415697,-0.005501202648729204,1.1543942747104796,0.06031896573255824,0.006507250918156904
373,4,50.605666666666664,Forward,0.20290333768166874,314.25689085002523,17780.0,17791.906315635828,ok,0.0005809112053769264,14550.682655336203,ok,37.37059291281912,66.08029218788063,0.0542427074104429,-3.1384481949444307,61.375717468726826,-0.004555398078867708,1.1543942747104796,0.0595014328717149,0.006507250918156904
374,4,50.741,Forward,0.20257807929030774,314.0762106510847,17780.0,17792.311690861414,ok,0.0005767577657963864,14550.085592432892,ok,37.775968138405005,66.08088058233838,0.05483110186819727,-3.7355110982553015,61.37485084323748,-0.005422023568205657,1.1543942747104796,0.061090254832679165,0.006507250918156904
375,4,50.87656666666667,Forward,0.20232550446193442,313.74323772194475,17780.0,17792.603518042644,ok,0.0005561978087120916,14549.949431018562,ok,38.06779531963548,66.08130416396159,0.05525468349139568,-3.8716725125850644,61.37465320752496,-0.0056196592807380066,1.1543942747104796,0.06174198599090325,0.006507250918156904
376,4,51.011633333333336,Forward,0.20195112813625543,313.26952768055344,17785.0,17792.943750303064,ok,0.00058175316277054,14551.319569697189,ok,38.408027580055204,66.08179800463992,0.055748524169722466,-2.501533833958092,61.37664193785176,-0.003630928953930697,1.1543942747104796,0.05994004776602058,0.006507250918156904
377,4,51.14613333333333,Forward,0.20179266693760145,313.5176023323547,17785.0,17793.184458422882,ok,0.0005766890471203157,14550.388991682512,ok,38.648735699873214,66.08214738791422,0.05609790744402763,-3.4321118486350315,61.37529122149866,-0.0049816453070393755,1.1543942747104796,0.061848690265112215,0.006507250918156904
378,4,51.28145,Forward,0.20168235644225355,313.245301654988,17780.0,17793.508866761873,ok,0.0005788981313699656,14550.463936799586,ok,38.97314403886412,66.08261826047047,0.0565687800002764,-3.3571667315609375,61.37540000291582,-0.004872863889876016,1.1543942747104796,0.06219398617619271,0.006507250918156904
379,4,51.41623333333333,Forward,0.2014025370643641,312.88034748187783,17785.0,17793.77585318556,ok,0.000563121162570716,14550.475880288275,ok,39.24013046255277,66.08300578620485,0.056956305734655,-3.3452232428717252,61.37541733866331,-0.004855528142382251,1.1543942747104796,0.06256149962291668,0.006507250918156904
380,4,51.552083333333336,Forward,0.2010265112936411,312.5764712954988,17780.0,17794.077914188045,ok,0.0005764492218416022,14551.372275466225,ok,39.54219146503601,66.08344422202566,0.05739474155546274,-2.448828064922054,61.3767184392767,-0.003554427528991209,1.1543942747104796,0.06149795234480351,0.006507250918156904
381,4,51.68728333333333,Forward,0.20064684343848246,312.50712013094744,17785.0,17794.454342395256,ok,0.0005693622830336532,14552.1378627347,ok,39.91861967224759,66.0839906004348,0.05794111996461586,-1.6832407964466256,61.37782967468841,-0.0024431921172879123,1.1543942747104796,0.0607615269568308,0.006507250918156904
382,4,51.823116666666664,Forward,0.20070399323507904,312.21621774332743,17790.0,17794.679818060635,ok,0.000581703604196586,14551.711970351815,ok,40.14409533762591,66.08431787409016,0.058268393619968974,-2.109133179332275,61.37721149996565,-0.003061366840046409,1.1543942747104796,0.06180241797290706,0.006507250918156904
383,4,51.959266666666664,Forward,0.20027435377809835,312.25344052867877,17785.0,17795.037684527633,ok,0.0005734331187889741,14552.134445965496,ok,40.50196180462444,66.08483731048516,0.05878783001496263,-1.6866575656513305,61.377824715312656,-0.0024481514930380422,1.1543942747104796,0.061613962082149656,0.006507250918156904
384,4,52.09458333333333,Forward,0.20008630020803667,311.9253071871717,17785.0,17795.40680920226,ok,0.000575261096113758,14552.07599043079,ok,40.87108647925197,66.08537308795516,0.05932360748497777,-1.7451131003563205,61.377739868211805,-0.002532998593883373,1.1543942747104796,0.06224768655960643,0.006507250918156904
385,4,52.23068333333333,Forward,0.19965248393949833,311.52414493680044,17795.0,17795.738913284094,ok,0.0005765311111836616,14552.304166719985,ok,41.20319056108565,66.08585513073632,0.05980565026612237,-1.5169368111619406,61.37807106177145,-0.0022018050342402303,1.1543942747104796,0.062347401391678,0.006507250918156904
386,4,52.36573333333333,Forward,0.1996745878173514,311.5799406929,17785.0,17795.777140607206,ok,0.0005849498208644851,14553.143060294198,ok,41.24141788419729,66.08591061697138,0.05986113650118068,-0.6780432369487244,61.37928869989672,-0.0009841669089714418,1.1543942747104796,0.06099725314625683,0.006507250918156904
387,4,52.50131666666667,Forward,0.1993499509247322,311.5889106458126,17785.0,17796.16413072616,ok,0.000571855665194157,14551.509167645985,ok,41.62840800315098,66.08647232579526,0.06042284532507084,-2.3119358851618017,61.37691713568141,-0.0033557311242850903,1.1543942747104796,0.06429668212241331,0.006507250918156904
388,4,52.63635,Forward,0.19912944764785148,311.0704387326841,17790.0,17796.392387560674,ok,0.0005733772553907192,14553.118509619202,ok,41.85666483766545,66.0868036362649,0.06075415579471969,-0.7025939119448594,61.37925306505722,-0.0010198017484734777,1.1543942747104796,0.06193140909449721,0.006507250918156904
389,4,52.7722,Forward,0.19884669469945027,311.2032827659823,17795.0,17796.69506259384,ok,0.0005658200878279439,14553.484473343571,ok,42.1593398708319,66.08724296333962,0.06119348286942773,-0.33663018757579266,61.379784254467836,-0.0004886123378559684,1.1543942747104796,0.06175753415480156,0.006507250918156904
390,4,52.90725,Forward,0.1985215505535725,310.74596360010037,17795.0,17797.122439725958,ok,0.0005789993473748915,14553.801173048945,ok,42.58671700294872,66.08786329314775,0.06181381267755809,-0.01993048220174387,61.380243938088476,-2.8928717217312116e-05,1.1543942747104796,0.061847207823088474,0.006507250918156904
391,4,53.04255,Forward,0.1983330154796927,310.58197088228553,17780.0,17797.421910119247,ok,0.0005711526186655423,14554.660941299571,ok,42.8861873962378,66.0882979687484,0.062248488278214616,0.8398377684243314,61.381491875410966,0.0012190086052729899,1.1543942747104796,0.06084127172346467,0.006507250918156904
392,4,53.17733333333333,Forward,0.1980868322508648,310.2389957541127,17795.0,17797.694594307246,ok,0.0005773898329810435,14554.026063806275,ok,43.158871584237204,66.0886937646797,0.0626442842095131,0.20496027512854198,61.38057036276088,0.00029749595518854463,1.1543942747104796,0.062300856582093916,0.006507250918156904
393,4,53.313183333333335,Forward,0.19777663047697655,310.0703412565308,17790.0,17798.07897606607,ok,0.0005669041927722793,14554.805926081322,ok,43.543253343061224,66.0892516875183,0.06320220704810554,0.9848225501755223,61.381702318074105,0.0014294512684076997,1.1543942747104796,0.06155205668787806,0.006507250918156904
394,4,53.44821666666667,Forward,0.19764342110563596,310.23841482639546,17790.0,17798.347362178072,ok,0.0005747832434125931,14554.642948502164,ok,43.811639455063414,66.08964124487375,0.06359176440354604,0.8218449710166169,61.381465759206506,0.0011928924008135404,1.1543942747104796,0.06221469624570125,0.006507250918156904
395,4,53.58273333333333,Forward,0.19736411391558348,309.9060353956702,17785.0,17798.590383256633,ok,0.000578986670171695,14554.444159034278,ok,44.054660533623974,66.08999398536383,0.0639445048936336,0.6230555031306722,61.38117722006109,0.0009043532553959112,1.1543942747104796,0.06290052467328877,0.006507250918156904
396,4,53.7183,Forward,0.19720308471929912,309.64027200370765,17795.0,17798.863807928527,ok,0.0005772842113498108,14554.81245436885,ok,44.32808520551771,66.09039085609346,0.06434137562327195,0.9913508377030666,61.381711793759735,0.0014389269540376795,1.1543942747104796,0.06268028658580427,0.006507250918156904
397,4,53.85308333333333,Forward,0.19668656859416325,309.3984282709098,17795.0,17799.274071418553,ok,0.0005860735972033504,14555.216734027186,ok,44.73834869554412,66.09098634577441,0.06493686530422524,1.3956304960393027,61.38229859802239,0.0020257312166910547,1.1543942747104796,0.06259837278557479,0.006507250918156904
398,4,53.98918333333334,Forward,0.19653657402193872,309.3373019575556,17790.0,17799.541509372422,ok,0.0005634439203677369,14555.680637875761,ok,45.005786649413494,66.09137452689629,0.0653250464261043,1.859534344614076,61.382971945667244,0.002699078861549751,1.1543942747104796,0.06220924524133919,0.006507250918156904
399,4,54.12505,Forward,0.1962958833591784,309.32176752098894,17785.0,17799.850155136086,ok,0.0005723566527688487,14555.691774221938,ok,45.31443241307716,66.09182252037317,0.06577303990297895,1.8706706907905755,61.38298810986268,0.002715243056982306,1.1543942747104796,0.06263857886355119,0.006507250918156904
400,4,54.25983333333333,Forward,0.1961053486215609,309.25831212317644,17795.0,17800.12766522789,ok,0.0005680375390785465,14555.737931773438,ok,45.591942504881445,66.09222532101239,0.0661758405421955,1.9168282422906486,61.38305510667395,0.0027822398682622812,1.1543942747104796,0.06296403876740228,0.006507250918156904
401,4,54.39463333333333,Forward,0.19583526832891907,308.47552439642095,17795.0,17800.499831542827,ok,0.0005802683541775488,14556.08139632899,ok,45.96410881981865,66.09276551336566,0.06671603289547863,2.2602927978423395,61.38355363896741,0.0032807721617185465,1.1543942747104796,0.06292872829536121,0.006507250918156904
402,4,54.53021666666667,Forward,0.19546006633082383,308.62296672150114,17795.0,17800.788700137404,ok,0.0005744339650936722,14555.995534275928,ok,46.25297741439499,66.09318480065642,0.06713532018621614,2.174430744780693,61.383429011824546,0.003156145018853891,1.1543942747104796,0.06349188444629521,0.006507250918156904
403,4,54.66578333333333,Forward,0.19530750229959326,308.53789043042707,17795.0,17801.02144468909,ok,0.0005677392371337425,14556.222242855652,ok,46.485721966080746,66.09352262496249,0.0674731444922933,2.4011393245054933,61.38375807503171,0.003485208226016202,1.1543942747104796,0.06344984007000633,0.006507250918156904
404,4,54.80056666666667,Forward,0.19524080902289054,308.074293258087,17795.0,17801.243917106563,ok,0.0005844344545991258,14557.299034462594,ok,46.708194383554655,66.09384553946042,0.06779605899022709,3.4779309314471902,61.38532101764312,0.005048150837433094,1.1543942747104796,0.06196850256561941,0.006507250918156904
405,4,54.93505,Forward,0.19488681604383404,307.94316051716305,17795.0,17801.617428104313,ok,0.0005775901238769924,14557.74503948702,ok,47.081705381304346,66.09438768359533,0.06833820312512973,3.9239359558723663,61.38596838548393,0.00569551867823563,1.1543942747104796,0.06176332897146792,0.006507250918156904
406,4,55.0701,Forward,0.19469851278311492,307.67963551398134,17795.0,17801.880365924968,ok,0.0005759339483432589,14557.947535201316,ok,47.344643201959116,66.09476933285912,0.06871985238892891,4.1264316701690404,61.38626230417577,0.00598943737008211,1.1543942747104796,0.06180568018016913,0.006507250918156904
407,4,55.20486666666667,Forward,0.1945545361658892,307.56429239220597,17795.0,17802.087821623027,ok,0.0005732424706766301,14557.29940228582,ok,47.55209890001788,66.09507045087341,0.06902097040321042,3.478298754673233,61.38532155153157,0.005048684725875152,1.1543942747104796,0.0631927976608419,0.006507250918156904
408,4,55.34045,Forward,0.19424229520779224,307.63460795698484,17795.0,17802.340521710168,ok,0.000586498220131667,14558.60014805343,ok,47.8047989871593,66.09543724026102,0.06938775979082817,4.779044522283584,61.387209559363086,0.0069366925573927955,1.1543942747104796,0.061380081617147135,0.006507250918156904
409,4,55.475233333333335,Forward,0.19409886871084633,307.3088768147645,17795.0,17802.56631213025,ok,0.000568657908965739,14557.419124509894,ok,48.03058940724077,66.09576497077686,0.06971549030666804,3.5980209787467174,61.38549532607098,0.005222459265286269,1.1543942747104796,0.06368671323091288,0.006507250918156904
410,4,55.6108,Forward,0.1940223059162408,307.29592378163943,17795.0,17802.8456985693,ok,0.0005873986933122847,14558.432425870053,ok,48.30997584629222,66.09617049489854,0.07012101442835558,4.611322338905666,61.38696611379238,0.006693246986688769,1.1543942747104796,0.062394368427698896,0.006507250918156904
411,4,55.746383333333334,Forward,0.19373509124159818,306.7304813360788,17785.0,17803.090361049304,ok,0.0005731332539430105,14558.938184049317,ok,48.55463832629539,66.09652561785173,0.07047613738153123,5.117080518170042,61.38770021220506,0.0074273453993705055,1.1543942747104796,0.0619020523762007,0.006507250918156904
412,4,55.8809,Forward,0.19340623626817058,306.9414097141562,17785.0,17803.28407008864,ok,0.0005726384382287505,14557.89654333126,ok,48.74834736563207,66.09680678285139,0.07075730238118778,4.0754398001136,61.386188290442725,0.005915423637033208,1.1543942747104796,0.06392857120210961,0.006507250918156904
413,4,56.0162,Forward,0.19344557020916475,306.6910967777221,17795.0,17803.545719573835,ok,0.0005687645003665622,14558.903412920912,ok,49.0099968508257,66.09718656212067,0.07113708165048009,5.082309389765214,61.38764974257113,0.007376875765431489,1.1543942747104796,0.0626212585016155,0.006507250918156904
414,4,56.15125,Forward,0.1930918511162763,306.28087554869853,17795.0,17803.842830034286,ok,0.0005643321294536068,14557.904445703205,ok,49.30710731127692,66.09761781232353,0.07156833185334506,4.08334217205811,61.386199760585846,0.005926893780154419,1.1543942747104796,0.06472635960671765,0.006507250918156904
415,4,56.28628333333333,Forward,0.19291081632925325,306.08428081628153,17795.0,17804.13717365101,ok,0.0005685256959777074,14559.744091928373,ok,49.601450927999394,66.09804504650516,0.07199556603497165,5.9229883972257085,61.38886997221891,0.008597105413223319,1.1543942747104796,0.06207111676686418,0.006507250918156904
416,4,56.42106666666667,Forward,0.19276387407406095,306.0813267121739,17805.0,17804.31196667518,ok,0.0005691913416009113,14560.092235291193,ok,49.77624395217208,66.09829875526728,0.07224927479709121,6.271131760046046,61.389375295712455,0.0091024289067629,1.1543942747104796,0.061741482981164955,0.006507250918156904
417,4,56.55583333333333,Forward,0.19236831254976766,306.0933898347248,17805.0,17804.56624662871,ok,0.0005784064539953492,14559.768680162462,ok,50.03052390570156,66.09866783780103,0.07261835733083151,5.947576631315314,61.38890566157473,0.008632794769037753,1.1543942747104796,0.06265270847470375,0.006507250918156904
418,4,56.69146666666666,Forward,0.1922712957023107,305.51502010298645,17800.0,17804.866653913352,ok,0.0005764199362852909,14558.876194939823,ok,50.33093119034311,66.09910387328172,0.07305439281153131,5.055091408676162,61.38761023618738,0.00733736938168316,1.1543942747104796,0.0645841756058803,0.006507250918156904
419,4,56.8265,Forward,0.1920020013959914,305.9008538121707,17800.0,17805.138510228542,ok,0.0005705115088683832,14560.962540372839,ok,50.60278750553334,66.09949846757132,0.07344898710113613,7.141436841691757,61.39063852704549,0.010365660239796858,1.1543942747104796,0.06148292826672058,0.006507250918156904
420,4,56.96208333333333,Forward,0.19185455296408754,305.6496295645011,17800.0,17805.372092535417,ok,0.0005771159520253781,14560.348588113267,ok,50.83636981240852,66.09983750786319,0.07378802739299462,6.527484582120451,61.38974738697561,0.009474520169913648,1.1543942747104796,0.06285069555321735,0.006507250918156904
421,4,57.097116666666665,Forward,0.1916806277602485,305.44276318548873,17805.0,17805.6548438156,ok,0.0005671492904584447,14560.830460291201,ok,51.11912109258992,66.100247915988,0.07419843551781584,7.009356760054288,61.390446815310014,0.010173948504322867,1.1543942747104796,0.062453687613226276,0.006507250918156904
422,4,57.23243333333333,Forward,0.1913937154832145,305.1272801022278,17800.0,17805.78411337744,ok,0.000581112154570977,14560.182159025047,ok,51.248390654429386,66.10043554830726,0.07438606783706463,6.361055493900494,61.389505818308024,0.009232951502326218,1.1543942747104796,0.06372760148409971,0.006507250918156904
423,4,57.36725,Forward,0.19126623046187466,305.0786152870969,17800.0,17806.00245947758,ok,0.0005768359383629979,14560.915555176261,ok,51.466736754569865,66.10075247353377,0.07470299306358595,7.094451645114532,61.39057032892306,0.01029746211737193,1.1543942747104796,0.06281566175124374,0.006507250918156904
424,4,57.50205,Forward,0.19117461289112986,304.7657007126945,17795.0,17806.245886668647,ok,0.0005731414043192033,14560.923920201309,ok,51.71016394563776,66.10110580348848,0.07505632301828175,7.102816670161701,61.390582470598396,0.010309603792704007,1.1543942747104796,0.06315497542545079,0.006507250918156904
425,4,57.6379,Forward,0.1907233463398704,304.49009502895206,17800.0,17806.713372876493,ok,0.0005849108209548817,14561.524624999794,ok,52.17765015348414,66.10178435085993,0.07573487038973462,7.703521468647523,61.39145438222957,0.01118151542387158,1.1543942747104796,0.06282699300183034,0.006507250918156904
426,4,57.77268333333333,Forward,0.1906283767872573,304.37038375096745,17805.0,17806.817828772262,ok,0.000573732062604114,14560.809933168282,ok,52.28210604925334,66.10193596661311,0.07588648614292116,6.988829637135495,61.3904170205801,0.010144153774411574,1.1543942747104796,0.06417613310395774,0.006507250918156904
427,4,57.90773333333333,Forward,0.1904936694278532,304.04662885914513,17795.0,17807.16511862461,ok,0.0005681114656515976,14562.695834518006,ok,52.62939590160022,66.10244005125237,0.07639057078218321,8.874730986859504,61.393154370649896,0.012881503844202636,1.1543942747104796,0.06152023649477466,0.006507250918156904
428,4,58.04333333333334,Forward,0.19012571916095933,304.33564046323954,17805.0,17807.4404759386,ok,0.0005790726121727181,14561.800821815455,ok,52.90475321559279,66.1028397271754,0.07679024670520292,7.979718284308547,61.39185527667335,0.011582409867653815,1.1543942747104796,0.06341957906663319,0.006507250918156904
429,4,58.1781,Forward,0.18997381473627828,304.19353925383257,17800.0,17807.61023321806,ok,0.0005837074836735749,14562.103839994736,ok,53.07451049505107,66.10308612664949,0.0770366461793009,8.282736463588662,61.392295101818135,0.012022235012442949,1.1543942747104796,0.06315824691171289,0.006507250918156904
430,4,58.31315,Forward,0.18976191797358316,303.93888500403773,17805.0,17807.72392901798,ok,0.0005692415696260026,14562.101530164415,ok,53.18820629496986,66.10325115394845,0.07720167347825702,8.28042663326778,61.3922917491432,0.012018882337505313,1.1543942747104796,0.06332714451942198,0.006507250918156904
431,4,58.44845,Forward,0.18968579518946746,303.44154461941434,17795.0,17808.02263681217,ok,0.0005682597345631954,14562.856002974351,ok,53.486914089160564,66.10368472265097,0.0776352421807741,9.034899443204267,61.393386852128955,0.013113985323267184,1.1543942747104796,0.0624965326049572,0.006507250918156904
432,4,58.584,Forward,0.18940288128027197,303.6130571236936,17795.0,17808.27884124897,ok,0.0005736784577874722,14563.303455354551,ok,53.74311852596293,66.1040565985357,0.0780071180655145,9.482351823404315,61.39403632077924,0.0137634539735484,1.1543942747104796,0.06211866559820903,0.006507250918156904
433,4,58.7193,Forward,0.18935472280731833,303.34291416950146,17800.0,17808.391124102516,ok,0.0005800308927913497,14563.00859025263,ok,53.855401379507384,66.10421957496978,0.07817009449958473,9.187486721482856,61.393608329671736,0.013335462866038043,1.1543942747104796,0.06277571251641621,0.006507250918156904
434,4,58.85406666666667,Forward,0.1892195272217678,303.31336911863036,17800.0,17808.71619096221,ok,0.0005693504239450018,14563.2268165498,ok,54.1804682391994,66.10469140335634,0.07864192288615167,9.405713018653842,61.393925081006515,0.013652214200819506,1.1543942747104796,0.06288188497560453,0.006507250918156904
435,4,58.98895,Forward,0.1888384067786186,303.11339101908015,17800.0,17809.020658312227,ok,0.0005701993772312616,14563.11999047334,ok,54.48493558921837,66.105133331945,0.0790838514748053,9.298886942193349,61.39377002498097,0.013497158175276374,1.1543942747104796,0.06350280935240452,0.006507250918156904
436,4,59.12371666666667,Forward,0.18878322463675987,302.92001958968467,17810.0,17809.143519245154,ok,0.0005615356679650638,14562.467559776647,ok,54.60779652214478,66.10531166226083,0.07926218179063542,8.646456245500303,61.3928230341888,0.012550167383108003,1.1543942747104796,0.06477434041691733,0.006507250918156904
437,4,59.25906666666667,Forward,0.18864434771909283,302.99906206533706,17800.0,17809.250866913542,ok,0.0005764416727649372,14562.797560562134,ok,54.715144190533465,66.10546747536716,0.07941799489697773,8.976457030987149,61.393302024075155,0.013029157269464317,1.1543942747104796,0.06437721034080571,0.006507250918156904
438,4,59.39436666666667,Forward,0.18835955472427143,302.6722707709778,17800.0,17809.55739412594,ok,0.0005738787181109815,14563.764634058542,ok,55.021671402930224,66.10591239380703,0.0798629133368367,9.943530527394614,61.39470571292838,0.014432846122686393,1.1543942747104796,0.0632017184050302,0.006507250918156904
439,4,59.52941666666667,Forward,0.18832227778652727,302.64801313976204,17805.0,17809.666989076166,ok,0.0005763279300965567,14563.517856239221,ok,55.131266353157116,66.10607146880037,0.0800219883301794,9.6967527080742,61.394347519600274,0.01407465279457913,1.1543942747104796,0.0637742897255794,0.006507250918156904
440,4,59.66445,Forward,0.18824019334447717,302.5374984185619,17810.0,17809.821789122965,ok,0.0005832447414072006,14564.986912225997,ok,55.286066399956326,66.10629615813471,0.08024667766452422,11.165808694850057,61.396479826525294,0.016206959719602735,1.1543942747104796,0.06153745615375146,0.006507250918156904
441,4,59.799533333333336,Forward,0.1879575573110056,302.7401693734864,17795.0,17810.01875077238,ok,0.0005707468910531498,14564.250531995705,ok,55.48302804936975,66.10658204423626,0.0805325637660676,10.429428464558441,61.39541098457602,0.015138117770326595,1.1543942747104796,0.0630572072821096,0.006507250918156904
442,4,59.93483333333333,Forward,0.1879548139434164,302.41849402106163,17805.0,17810.142103943253,ok,0.0005790961436941247,14564.863686071272,ok,55.60638122024466,66.10676108902615,0.08071160855595165,11.042582540125295,61.396300966096945,0.016028099291253567,1.1543942747104796,0.06220886249963743,0.006507250918156904
443,4,60.0704,Forward,0.18777529990294797,302.0944040034119,17800.0,17810.400780329488,ok,0.0005696383002811734,14564.85307725477,ok,55.86505760647924,66.10713655289864,0.08108707242844751,11.031973723622286,61.39628556760084,0.016012700795144975,1.1543942747104796,0.06260210230788021,0.006507250918156904
444,4,60.205983333333336,Forward,0.18771493964898014,302.1608284404974,17800.0,17810.48452504443,ok,0.0005757599778312614,14565.35262617741,ok,55.94880232142168,66.10725810676536,0.08120862629515738,11.531522646262601,61.3970106533952,0.01673778658950725,1.1543942747104796,0.06188662128490437,0.006507250918156904
445,4,60.34128333333334,Forward,0.18764104124921932,301.87820808019023,17810.0,17810.632860098176,ok,0.0005706216099524597,14565.21773598008,ok,56.09713737516722,66.10747341228479,0.08142393181460156,11.396632448933815,61.396814862830055,0.016541996024361242,1.1543942747104796,0.062327946311795425,0.006507250918156904
446,4,60.47605,Forward,0.1875091423714358,301.61978962168723,17800.0,17810.80171650298,ok,0.0005681778782406829,14565.391710408727,ok,56.26599377997263,66.10771850415641,0.08166902368621319,11.570606877579849,61.39706738341628,0.016794516610586906,1.1543942747104796,0.06228152986442162,0.006507250918156904
447,4,60.61165,Forward,0.18744930318559813,301.967096180917,17805.0,17810.842469407286,ok,0.0005720030890861509,14564.918719961908,ok,56.30674668427673,66.1077776562247,0.08172817575451058,11.097616430761263,61.39638084674627,0.016107979940575595,1.1543942747104796,0.06313321593395886,0.006507250918156904
448,4,60.746966666666665,Forward,0.18723234511368464,301.8554556732852,17805.0,17811.025208958912,ok,0.0005772695658654036,14565.780395058342,ok,56.489486235903314,66.10804289922083,0.08199341875063645,11.959291527195091,61.397631551819316,0.0173586850136196,1.1543942747104796,0.061954652154411385,0.006507250918156904
449,4,60.88175,Forward,0.18695143214936633,301.4399584395833,17795.0,17811.171863155272,ok,0.0005743754287063547,14565.412194610022,ok,56.636140432263346,66.10825576500763,0.08220628453743915,11.591091078875252,61.397097115846265,0.016824249040575247,1.1543942747104796,0.06278446776869581,0.006507250918156904
450,4,61.017316666666666,Forward,0.1870253458643449,301.4627102227387,17810.0,17811.23875016832,ok,0.0005779181864580723,14565.265219103705,ok,56.70302744531,66.1083528502395,0.08230336976931418,11.444115572558076,61.39688378368415,0.016610916878458826,1.1543942747104796,0.06312782242712964,0.006507250918156904
451,4,61.15213333333333,Forward,0.1869455178643619,301.43570085908505,17805.0,17811.330243007666,ok,0.0005734783129306872,14566.011222085765,ok,56.794520284656755,66.10848565036196,0.08243616989176378,12.190118554617584,61.397966592875264,0.017693726069567248,1.1543942747104796,0.06201063381875979,0.006507250918156904
452,4,61.2874,Forward,0.18688396052446488,301.3645462204149,17805.0,17811.47271671994,ok,0.000566137127581563,14564.514896907018,ok,56.93699399693287,66.10869244825534,0.08264296778514219,10.693793375870882,61.39579470523486,0.015521838429170879,1.1543942747104796,0.06472464636952621,0.006507250918156904
453,4,61.42245,Forward,0.1869163554199514,301.2923162685365,17810.0,17811.465654691725,ok,0.0005746698694373361,14565.608861301365,ok,56.92993196871612,66.10868219785522,0.08263271738501664,11.787757770218377,61.39738257382176,0.01710970701606928,1.1543942747104796,0.06288136956369253,0.006507250918156904
454,4,61.5575,Forward,0.18679408135270456,301.28240815621393,17805.0,17811.54325979784,ok,0.0005713812908755782,14565.817823057128,ok,57.00753707483091,66.10879484019605,0.08274535972586365,11.996719525981462,61.397685877850265,0.017413011044567616,1.1543942747104796,0.06264387947054445,0.006507250918156904
455,4,61.69338333333334,Forward,0.1868657413340321,301.32098991997555,17805.0,17811.578707041215,ok,0.0005766453104114064,14565.33325861084,ok,57.042984318206436,66.10884629119806,0.08279681072786972,11.512155079693912,61.396982541739355,0.016709674933663616,1.1543942747104796,0.06350725765217523,0.006507250918156904
456,4,61.8292,Forward,0.18676832340226346,301.4204030906076,17800.0,17811.55568708669,ok,0.000579396994967066,14564.920540861302,ok,57.01996436368063,66.10881287817031,0.08276339770012199,11.099437330154615,61.39638348974723,0.01611062294153755,1.1543942747104796,0.06416538681439174,0.006507250918156904
457,4,61.9643,Forward,0.18681683084687029,301.42967812468487,17810.0,17811.436111169285,ok,0.0005812796456414951,14565.931968832752,ok,56.90038844627634,66.10863931599226,0.08258983552206858,12.110865301605372,61.39785155828042,0.01757869147473232,1.1543942747104796,0.062297094726735676,0.006507250918156904
458,4,62.0999,Forward,0.18691691171697927,301.5247878809896,17810.0,17811.44724379559,ok,0.0005751560425788091,14566.644707195552,ok,56.91152107257949,66.10865547478836,0.08260599431817547,12.8236036644048,61.39888608450707,0.018613217701375775,1.1543942747104796,0.06111900236976753,0.006507250918156904
459,4,62.23493333333333,Forward,0.18701443378638244,301.17713708563315,17805.0,17811.312488567604,ok,0.0005702331942726092,14565.08180420734,ok,56.7767658445955,66.10845988012866,0.08241039965847566,11.260700676193665,61.39661756043794,0.016344693632244323,1.1543942747104796,0.06354217890751598,0.006507250918156904
460,4,62.36976666666666,Forward,0.18712058157244837,301.4559153916889,17810.0,17811.041935604408,ok,0.0005763659467085933,14565.428657692719,ok,56.506212881398824,66.10806717762978,0.08201769715958993,11.607554161571898,61.397121011698815,0.016848144893120892,1.1543942747104796,0.06256829515547856,0.006507250918156904
461,4,62.5048,Forward,0.18741035657249874,301.90261636734795,17800.0,17810.898440841484,ok,0.0005837756609812843,14564.980124711066,ok,56.36271811847473,66.10785889770074,0.0818094172305457,11.159021179919364,61.39646997457601,0.01619710777030965,1.1543942747104796,0.06311156875363162,0.006507250918156904
462,4,62.6404,Forward,0.18767449536444886,302.31463581169737,17800.0,17810.509187734096,ok,0.0005622236592598546,14565.559447634738,ok,55.97346501108768,66.10729390419202,0.08124442372182995,11.738344103590862,61.397310850821086,0.0170379840153878,1.1543942747104796,0.0615758725218576,0.006507250918156904
463,4,62.77596666666667,Forward,0.18789972997190804,302.3324955107819,17800.0,17810.225147841076,ok,0.0005781108834815155,14565.131013241818,ok,55.68942511806745,66.10688162567008,0.08083214519989339,11.30990971067149,61.39668898641893,0.01641611961323847,1.1543942747104796,0.06188147070540849,0.006507250918156904
464,4,62.91101666666667,Forward,0.18827970202216746,302.6084938562162,17810.0,17809.67783351451,ok,0.0005800427699807223,14563.93051349966,ok,55.14211079150118,66.10608720929712,0.08003772882692507,10.10940996851241,61.39494648379362,0.014673616987921283,1.1543942747104796,0.06309858938677432,0.006507250918156904
465,4,63.04578333333333,Forward,0.18896210815692704,303.10744162770425,17810.0,17808.978676748244,ok,0.0005756366415248004,14564.351486773383,ok,54.44295402523494,66.10507239650046,0.07902291603026745,10.530383242235985,61.395557518522644,0.015284651716952069,1.1543942747104796,0.061378401597274285,0.006507250918156904
466,4,63.1811,Forward,0.18958102097480636,303.4101229570042,17800.0,17808.247765009215,ok,0.0005748570010105901,14563.777732317729,ok,53.71204228620627,66.10401149196262,0.07796201149242721,9.95662878658186,61.39472472480337,0.014451857997674232,1.1543942747104796,0.061278869360983215,0.006507250918156904
467,4,63.31563333333333,Forward,0.1903418369954119,304.13050559906696,17795.0,17807.249570747746,ok,0.0005677406374564419,14562.491497947058,ok,52.71384802473767,66.10256263190868,0.0765131514384822,8.670394415910778,61.392857779989505,0.012584913183811402,1.1543942747104796,0.06198519971136188,0.006507250918156904
468,4,63.4504,Forward,0.19147779639346083,305.20222640570137,17805.0,17806.050380699053,ok,0.0005670363134066134,14562.083133420609,ok,51.514657976043964,66.10082203027861,0.07477254980841026,8.2620298894617,61.39226504661819,0.011992179812503743,1.1543942747104796,0.06092884609155735,0.006507250918156904
469,4,63.584916666666665,Forward,0.19276583190835403,305.7438033850958,17795.0,17804.688019252386,ok,0.000580736934323415,14561.870917123813,ok,50.152296529377054,66.0988445884566,0.07279510798640824,8.049813592666396,61.39195701868506,0.011684151879373286,1.1543942747104796,0.05930698995201203,0.006507250918156904
470,4,63.71995,Forward,0.19378566433592817,306.7001662804141,17800.0,17803.105881228577,ok,0.0005793120756863114,14560.688796405311,ok,48.57015850556854,66.09654814509781,0.07049866462762645,6.867692874164277,61.390241192864295,0.009968326058597035,1.1543942747104796,0.058991286097134756,0.006507250918156904
471,4,63.85525,Forward,0.19537372585603757,307.8165319435393,17785.0,17801.352431645933,ok,0.0005771558687276519,14559.578848058847,ok,46.81670892292459,66.09400304625788,0.06795356578768556,5.757744527700197,61.3886301238738,0.00835725706811004,1.1543942747104796,0.05830599607597564,0.006507250918156904
472,4,63.9903,Forward,0.1971062100003743,309.60026925858983,17785.0,17799.3118453233,ok,0.0005795205550231083,14557.542753954724,ok,44.776122600291274,66.09104117388131,0.06499169341112014,3.721650423576648,61.38567477186727,0.005401905061580421,1.1543942747104796,0.05875576513550214,0.006507250918156904
473,4,64.12586666666667,Forward,0.19889095213706015,310.9588524757928,17785.0,17797.11431078633,ok,0.0005760876314173947,14555.875697753982,ok,42.57858806332297,66.08785149414594,0.0618020136757412,2.0545942228345666,61.38325507138394,0.0029822045782466693,1.1543942747104796,0.058359373784597865,0.006507250918156904
474,4,64.26116666666667,Forward,0.20101899066930543,312.6321355190594,17785.0,17794.600968541552,ok,0.0005702489135385073,14553.595243815924,ok,40.06524581854319,66.08420342550747,0.05815394503728162,-0.2258597152231232,61.37994503570927,-0.00032783109642478596,1.1543942747104796,0.058532391378066456,0.006507250918156904
475,4,64.39648333333334,Forward,0.20337001932586748,314.3977681455035,17790.0,17791.91300951449,ok,0.0005830563616845807,14551.870567509986,ok,37.37728679148131,66.08030190391867,0.05425242344846674,-1.9505360211605876,61.37744170073519,-0.002831166070502728,1.1543942747104796,0.05752070535100965,0.006507250918156904
476,4,64.53151666666666,Forward,0.2057396607213461,316.2255395581342,17785.0,17788.82900125342,ok,0.0005764158612218462,14549.626255570563,ok,34.293278530411044,66.07582552437214,0.049776043901937246,-4.194847960583502,61.37418412448662,-0.006088742319075481,1.1543942747104796,0.05680485317526539,0.006507250918156904
477,4,64.66633333333333,Forward,0.2084251937717317,318.63287611533815,17770.0,17785.606536759566,ok,0.000568754118891149,14547.405413133754,ok,31.07081403655684,66.07114817822757,0.04509869775737781,-6.415690397392609,61.37096061377632,-0.009312253029370068,1.1543942747104796,0.055848709339137936,0.006507250918156904
478,4,64.80118333333333,Forward,0.21145228449231795,320.83733844057133,17770.0,17782.163510710845,ok,0.0005758128129834581,14545.316626075268,ok,27.6277879878362,66.06615069116594,0.04010121069574697,-8.504477455879169,61.367928778945114,-0.012344087860584123,1.1543942747104796,0.054351155048528416,0.006507250918156904
479,4,64.93645,Forward,0.21446660942854093,322.8503633926557,17770.0,17778.466252446553,ok,0.000583457611517085,14541.496682461235,ok,23.93052972354417,66.06078419086131,0.034734710391117314,-12.324421069912205,61.36238420318031,-0.017888663625377707,1.1543942747104796,0.05538528126247495,0.006507250918156904
480,4,65.0715,Forward,0.21757553189008616,325.3840535246454,17770.0,17774.593044748817,ok,0.0005735996906656393,14538.584701734515,ok,20.05732202580839,66.05516230328843,0.02911282281822603,-15.23640179663198,61.35815751833984,-0.022115348465856312,1.1543942747104796,0.05464265447043774,0.006507250918156904
481,4,65.2063,Forward,0.22108980477459958,327.75742887254455,17770.0,17770.497563398487,ok,0.0005738336527474692,14535.665624843527,ok,15.961840675478015,66.04921778972104,0.023168309250856518,-18.155478687620416,61.3539205335514,-0.026352333254292905,1.1543942747104796,0.05358929188487482,0.006507250918156904
482,4,65.3411,Forward,0.22463638356656024,330.7888275922887,17760.0,17766.38433352211,ok,0.0005816579975040759,14533.494130988387,ok,11.848610799101152,66.04324751450447,0.01719803403427924,-20.326972542759904,61.350768651372206,-0.029504215433488988,1.1543942747104796,0.0512575314105235,0.006507250918156904
483,4,65.47613333333334,Forward,0.22827291705905003,333.30529775831747,17745.0,17762.14378282804,ok,0.0005735271083745629,14529.726191149479,ok,7.608060105030745,66.03709243553385,0.011042955063650736,-24.09491238166811,61.34529955810149,-0.03497330870420186,1.1543942747104796,0.051415942399463545,0.006507250918156904
484,4,65.61143333333334,Forward,0.23194430745594627,335.91734795768934,17745.0,17757.791720124635,ok,0.0005731764663345821,14525.749634502372,ok,3.255997401625791,66.0307754989949,0.004726018524714569,-28.071469028775027,61.33952766148713,-0.04074520531856041,1.1543942747104796,0.051762050266363685,0.006507250918156904
485,4,65.74595,Forward,0.23536729502322956,338.7151811188014,17745.0,17753.594934386496,ok,0.0005672500808110368,14522.702185966558,ok,-0.9407883365129237,66.02468394402842,-0.0013655364417598749,-31.118917564588628,61.335104347688976,-0.04516851911671577,1.1543942747104796,0.05077674342372766,0.006507250918156904
486,4,65.88151666666667,Forward,0.23875733013147282,341.1319648450335,17740.0,17749.353604978693,ok,0.0005784925557275277,14519.102637643653,ok,-5.182117744316201,66.01852773476958,-0.007521745700614397,-34.71846588749395,61.329879671512586,-0.05039319529310386,1.1543942747104796,0.050651870430111795,0.006507250918156904
487,4,66.01521666666666,Forward,0.2422025200343636,343.7039882814679,17740.0,17745.295680332747,ok,0.000569387843213558,14517.580303168219,ok,-9.240042390261806,66.01263773404689,-0.013411746423298888,-36.240800362927985,61.32767003187095,-0.052602834934745,1.1543942747104796,0.047312665058911144,0.006507250918156904
488,4,66.1508,Forward,0.24569456869186126,346.20914560998426,17725.0,17741.393389437613,ok,0.0005700523913517896,14513.980100886743,ok,-13.14233328539558,66.00697363276413,-0.0190758477060636,-39.84100264440349,61.322444406486085,-0.05782846031960468,1.1543942747104796,0.04768099580221019,0.006507250918156904
489,4,66.28585,Forward,0.24885746772361417,348.1925161851432,17725.0,17737.595012586848,ok,0.0005663128817133,14511.641529491957,ok,-16.940710136161215,66.0014603607475,-0.0245891197226819,-42.1795740391899,61.31905001442435,-0.06122285238134576,1.1543942747104796,0.0460861905477885,0.006507250918156904
490,4,66.42168333333333,Forward,0.2518519228844874,350.3927498225203,17720.0,17733.854687197276,ok,0.000577959491870767,14508.799033646734,ok,-20.681035525733023,65.9960313493267,-0.03001813114349881,-45.02206988441321,61.314924185572565,-0.06534868123312612,1.1543942747104796,0.04542001233190214,0.006507250918156904
491,4,66.55671666666667,Forward,0.2546976531358554,352.38554812794246,17720.0,17730.444961408142,ok,0.0005757458985733645,14505.503908293373,ok,-24.09076131486654,65.99108219696079,-0.0349672835094054,-48.317195237774285,61.31014137356742,-0.07013149323827858,1.1543942747104796,0.04599211076176011,0.006507250918156904
492,4,66.69228333333334,Forward,0.25781567786381776,354.57599871220737,17715.0,17726.88127508789,ok,0.0005670487924334835,14504.110664591812,ok,-27.65444763511914,65.98590957380164,-0.040139906668556595,-49.71043893933529,61.30811910673768,-0.07215376006801605,1.1543942747104796,0.04315398085279475,0.006507250918156904
493,4,66.82733333333333,Forward,0.2603308420169157,356.29292972944677,17705.0,17723.68350142745,ok,0.0005664356481717946,14501.114900623461,ok,-30.852221295557683,65.98126806593388,-0.044781414536324164,-52.70620290768602,61.30377081210973,-0.07650205469596279,1.1543942747104796,0.04353211940828324,0.006507250918156904
494,4,66.96265,Forward,0.2628740388589462,358.09671261623225,17715.0,17720.76534716862,ok,0.0005713749186147738,14499.588711445953,ok,-33.77037555438801,65.97703242032853,-0.04901706014166788,-54.23239208519408,61.30155557744108,-0.0787172893646147,1.1543942747104796,0.04185372802157145,0.006507250918156904
495,4,67.09823333333334,Forward,0.2652168485679086,359.65214186828234,17705.0,17717.89559643926,ok,0.0005762553686091724,14497.034893930051,ok,-36.64012628374985,65.97286703152892,-0.05318244894127354,-56.786209601095834,61.297848759713624,-0.08242410709206918,1.1543942747104796,0.04196746838393456,0.006507250918156904
496,4,67.23328333333333,Forward,0.26746595797779216,361.00786914833225,17710.0,17715.286512524144,ok,0.0005703560834341802,14495.777028212868,ok,-39.2492101988646,65.96907999567034,-0.056969484799843394,-58.04407531827928,61.29602299146269,-0.08424987534300331,1.1543942747104796,0.04028808894119123,0.006507250918156904
497,4,67.36805,Forward,0.26934046301918513,362.5303839341577,17700.0,17712.877303079487,ok,0.0005802653547260051,14494.62554975238,ok,-41.65841964352148,65.96558307381787,-0.060466406652324126,-59.195553778767135,61.29435164229872,-0.08592122450696704,1.1543942747104796,0.038720562994632376,0.006507250918156904
498,4,67.50338333333333,Forward,0.27105427527298687,363.7971349949912,17700.0,17710.77352609318,ok,0.0005783719346538929,14492.798219461507,ok,-43.762196629828395,65.96252948139049,-0.06351999907969834,-61.022884069639986,61.29169930701089,-0.08857355979480389,1.1543942747104796,0.038728811238149585,0.006507250918156904
499,4,67.63841666666667,Forward,0.2729105886854935,364.7870654243161,17705.0,17708.7710382758,ok,0.0005732110396173682,14492.789785309402,ok,-45.7646844472074,65.95962290827231,-0.06642657219788417,-61.031318221745096,61.29168706499894,-0.08858580180675056,1.1543942747104796,0.03583637022846593,0.006507250918156904
500,4,67.77346666666666,Forward,0.2742927376644835,365.90499507228014,17705.0,17706.851167105553,ok,0.0005720919789526465,14490.014428880113,ok,-47.68455561745577,65.95683625165178,-0.06921322881841117,-63.80667465103397,61.28765868773705,-0.09261417906864751,1.1543942747104796,0.03770004925544665,0.006507250918156904
501,4,67.90823333333333,Forward,0.27578159852057127,366.957570273451,17690.0,17705.18771529889,ok,0.0005674214855802526,14490.088868248185,ok,-49.348007424119714,65.95442178287814,-0.07162769759204665,-63.73223528296148,61.28776673506911,-0.09250613173657564,1.1543942747104796,0.03516085126026966,0.006507250918156904
502,4,68.04301666666667,Forward,0.2772548962317444,367.53072183967015,17690.0,17703.593197635244,ok,0.0005691461356960257,14490.269657404691,ok,-50.94252508776481,65.95210737070674,-0.0739421097634472,-63.55144612645563,61.288029147103686,-0.09224371970200597,1.1543942747104796,0.032543512138546754,0.006507250918156904
503,4,68.17911666666667,Forward,0.2785012334020086,368.37516918141046,17690.0,17702.236945343022,ok,0.0005630551998360522,14489.51296620587,ok,-52.29877737998686,65.95013879620664,-0.07591068426354586,-64.30813732527713,61.2869308241685,-0.0933420426371942,1.1543942747104796,0.0318428353466126,0.006507250918156904
504,4,68.31443333333333,Forward,0.27953814054848347,369.23005289295907,17685.0,17700.865316172647,ok,0.000581978310037345,14488.403363824556,ok,-53.670406550361804,65.94814790245931,-0.07790157801087934,-65.41773970659051,61.285320257339876,-0.09495260946582126,1.1543942747104796,0.031711170725284815,0.006507250918156904
505,4,68.4508,Forward,0.280568462599524,369.9286607458889,17685.0,17699.49094714873,ok,0.0005736699504354043,14488.872620368427,ok,-55.0447755742789,65.94615303186649,-0.07989644860370686,-64.94848316271964,61.28600137432052,-0.09427149248517812,1.1543942747104796,0.02893002258959476,0.006507250918156904
506,4,68.58558333333333,Forward,0.28187600251660694,370.68843099015066,17690.0,17698.06151411555,ok,0.0005786493575578881,14488.215839097968,ok,-56.47420860745842,65.94407823690773,-0.08197124356247193,-65.6052644331794,61.28504806875297,-0.09522479805272205,1.1543942747104796,0.02795571812005203,0.006507250918156904
507,4,68.72063333333334,Forward,0.28294540626057685,371.2985793232947,17680.0,17696.919983679694,ok,0.0005794833085150778,14487.054919666418,ok,-57.615739043314534,65.94242132711298,-0.08362815335720569,-66.7661838647291,61.28336301619842,-0.09690985060726814,1.1543942747104796,0.02824402334687255,0.006507250918156904
508,4,68.85568333333333,Forward,0.2837616443370945,371.84282633450493,17690.0,17695.869182732025,ok,0.0005750256138731386,14486.375460367108,ok,-58.66653999098344,65.94089610945096,-0.08515337101923183,-67.44564316403921,61.282376793901776,-0.09789607290392162,1.1543942747104796,0.027857295057695006,0.006507250918156904
509,4,68.99098333333333,Forward,0.2841203330378743,372.11704594484763,17680.0,17695.098843399126,ok,0.0005866635650628556,14485.68617067807,ok,-59.43687932388275,65.9397779765078,-0.08627150396239099,-68.13493285307777,61.28137630298072,-0.09889656382497224,1.1543942747104796,0.0278941231056965,0.006507250918156904
510,4,69.12656666666666,Forward,0.28499997026996293,372.4096803288885,17680.0,17694.640306373654,ok,0.0005766372336321292,14487.2523525691,ok,-59.89541634935449,65.93911241870497,-0.0869370617652212,-66.56875096204749,61.28364958631516,-0.0966232804905366,1.1543942747104796,0.02460430003679903,0.006507250918156904
511,4,69.26161666666667,Forward,0.2854312942109062,372.9633217270821,17690.0,17693.888499851706,ok,0.0005675991779652913,14485.696061307784,ok,-60.6472228713028,65.93802118578569,-0.08802829468449652,-68.12504222336247,61.281390659042316,-0.09888220776337579,1.1543942747104796,0.026120759828276635,0.006507250918156904
512,4,69.39775,Forward,0.28612925957896485,373.35107276783674,17685.0,17693.18751127989,ok,0.0005754930136866575,14485.675466711808,ok,-61.34821144311718,65.937003714158,-0.08904576631219308,-68.14563681933942,61.28136076637654,-0.09891210042915231,1.1543942747104796,0.025137796122808323,0.006507250918156904
513,4,69.53331666666666,Forward,0.2866420764993592,373.90407353394403,17680.0,17692.59172338267,ok,0.000581857158794309,14486.208537596322,ok,-61.94399934033936,65.93613893931584,-0.08991054115435568,-67.6125659348254,61.28213450866329,-0.09813835814239825,1.1543942747104796,0.023379817614715442,0.006507250918156904
514,4,69.66758333333334,Forward,0.2871029881304366,373.85648011098965,17685.0,17691.95793819646,ok,0.0005714352463371072,14485.47038462206,ok,-62.577784526547475,65.93521901212878,-0.09083046834140245,-68.35071890908694,61.281063093609745,-0.09920977319595183,1.1543942747104796,0.02369672583132955,0.006507250918156904
515,4,69.80296666666666,Forward,0.2875047765328742,374.17872552602057,17680.0,17691.396900281703,ok,0.0005644154599319162,14486.461556249413,ok,-63.13882244130582,65.93440467622763,-0.09164480424255865,-67.3595472817342,61.28250176044335,-0.09777110636234146,1.1543942747104796,0.021221601174237673,0.006507250918156904
516,4,69.93826666666666,Forward,0.2882529297668779,374.4384471745143,17685.0,17690.90887182289,ok,0.0005853805783036844,14485.895132681857,ok,-63.62685090012019,65.9336963121682,-0.09235316830199952,-67.92597084929002,61.28167960736923,-0.09859325943647079,1.1543942747104796,0.021462325916507333,0.006507250918156904
517,4,70.07356666666666,Forward,0.2885072201967744,374.8734291218825,17685.0,17690.560795145837,ok,0.0005785012022694834,14485.946665095444,ok,-63.97492757717191,65.93319108546778,-0.09285839500240971,-67.87443843570327,61.28175440569096,-0.09851846111472992,1.1543942747104796,0.02087075246172153,0.006507250918156904
518,4,70.2086,Forward,0.2888282755692395,374.97287576606686,17675.0,17690.075198934526,ok,0.0005736221428159159,14485.248132665598,ok,-64.46052378848253,65.9324862517695,-0.09356322870069193,-68.572970865549,61.280740499106784,-0.09953236769890483,1.1543942747104796,0.021336366719302086,0.006507250918156904
519,4,70.34525,Forward,0.2891307681818378,375.2549648325439,17680.0,17689.659554091933,ok,0.0005753652977667057,14485.33551170018,ok,-64.87616863107542,65.93188295115728,-0.09416652931291453,-68.48559183096768,61.280867328119584,-0.09940553868611238,1.1543942747104796,0.020586655420844688,0.006507250918156904
520,4,70.48003333333334,Forward,0.289635957139849,375.48840449747513,17675.0,17689.23463015915,ok,0.0005799133089124443,14485.389101309142,ok,-65.30109256385913,65.93126618212149,-0.09478329834870297,-68.4320022220054,61.28094511242142,-0.09932775438426941,1.1543942747104796,0.019880092632346386,0.006507250918156904
521,4,70.6151,Forward,0.2899165334275554,375.7139010494793,17685.0,17688.82347924446,ok,0.0005873052866696386,14485.924390797647,ok,-65.71224347854877,65.93066940436046,-0.09538007610973753,-67.89671273349995,61.28172207496983,-0.09855079183586611,1.1543942747104796,0.01838639375377059,0.006507250918156904
522,4,70.75066666666666,Forward,0.29021456926310496,375.8226943720838,17680.0,17688.441753670755,ok,0.0005731506326363132,14485.987276513844,ok,-66.09396905225367,65.93011533692422,-0.0959341435459664,-67.83382701730261,61.281813352395154,-0.0984595144105401,1.1543942747104796,0.017726956180335054,0.006507250918156904
523,4,70.88625,Forward,0.29040438888625153,375.9540220712697,17675.0,17688.08503417822,ok,0.0005753227379261421,14485.90278787898,ok,-66.45068854478814,65.92959756534093,-0.09645191512926155,-67.91831565216671,61.28169071874277,-0.0985821480629184,1.1543942747104796,0.01735075218323226,0.006507250918156904
524,4,71.02101666666667,Forward,0.29091831922881434,376.1119024533109,17675.0,17687.783811484525,ok,0.0005775062707543007,14485.257383528962,ok,-66.75191123848344,65.92916034630944,-0.0968891341607502,-68.56372000218471,61.280753926559655,-0.0995189402460428,1.1543942747104796,0.017994960684535932,0.006507250918156904
525,4,71.15686666666667,Forward,0.29100407087634894,376.2723537537786,17680.0,17687.59328143763,ok,0.0005724862732468125,14485.649976720395,ok,-66.94244128538048,65.92888379555707,-0.09716568491312505,-68.17112681075196,61.28132376813706,-0.09894909866863197,1.1543942747104796,0.017060588077706038,0.006507250918156904
526,4,71.29191666666667,Forward,0.29126439044076863,376.3578532065294,17680.0,17687.25676590545,ok,0.0005703435131557946,14485.662598629198,ok,-67.27895681755763,65.92839534963935,-0.09765413083084269,-68.15850490194862,61.28134208859849,-0.09893077820719916,1.1543942747104796,0.016550993124200303,0.006507250918156904
527,4,71.42698333333334,Forward,0.2912448021750971,376.5510996798366,17675.0,17687.04679843201,ok,0.0005764931944437808,14485.89357070914,ok,-67.48892429099942,65.9280905858307,-0.09795889463949252,-67.92753282200647,61.28167734019543,-0.09859552661026809,1.1543942747104796,0.015859216791465708,0.006507250918156904
528,4,71.562,Forward,0.2919386078150802,376.5524434826366,17675.0,17686.669638302872,ok,0.0005791994796353067,14485.792122931383,ok,-67.86608442013676,65.92754314505075,-0.09850633541945038,-68.0289805997636,61.281530090668525,-0.09874277613716634,1.1543942747104796,0.01548176002231301,0.006507250918156904
529,4,71.69811666666666,Forward,0.2919866700905408,376.59532314076205,17670.0,17686.531359093355,ok,0.0005854161322597937,14485.757621781982,ok,-68.00436362965411,65.92734243539863,-0.09870704507156361,-68.06348174916457,61.281480012904,-0.09879285390169756,1.1543942747104796,0.015338859854864925,0.006507250918156904
530,4,71.83291666666666,Forward,0.29227163156249913,376.8421805898106,17680.0,17686.27152118744,ok,0.0005641032551177579,14486.1068235561,ok,-68.26420153557046,65.92696528560232,-0.09908419486786584,-67.71427997504725,61.28198687266148,-0.09828599414421815,1.1543942747104796,0.014376594056447325,0.006507250918156904
531,4,71.9685,Forward,0.29236818112532403,376.9681362284755,17675.0,17686.03510666622,ok,0.000564837868405278,14485.10734659093,ok,-68.50061605679002,65.92662213440502,-0.09942734606517246,-68.71375694021663,61.28053615078741,-0.0997367160182766,1.1543942747104796,0.015708147884751028,0.006507250918156904
532,4,72.10355,Forward,0.2925121555017737,377.025237835951,17675.0,17685.887994613175,ok,0.0005778652605529666,14485.34866197834,ok,-68.64772810983413,65.92640860404792,-0.09964087642227536,-68.47244155280714,61.280886415499126,-0.09938645130657062,1.1543942747104796,0.015090273949821625,0.006507250918156904
533,4,72.2386,Forward,0.29282827703108283,377.1672665971564,17675.0,17685.776941345008,ok,0.0005789708500757921,14486.500479433014,ok,-68.758781378001,65.92624741233372,-0.09980206813647165,-67.32062409813261,61.28255825670672,-0.09771461009896912,1.1543942747104796,0.012999118317345112,0.006507250918156904
534,4,72.37336666666667,Forward,0.29292327010697394,377.4732161422653,17675.0,17685.473082411663,ok,0.0005764401608856365,14485.06514080914,ok,-69.0626403113456,65.92580636685034,-0.10024311361985243,-68.7559627220071,61.280474889894975,-0.09979797691071227,1.1543942747104796,0.014963099553562453,0.006507250918156904
535,4,72.50815,Forward,0.2929590628276853,377.41307382357263,17675.0,17685.322393528277,ok,0.0005630416128928407,14485.836678195497,ok,-69.21332919473207,65.92558764479178,-0.10046183567841346,-67.98442533564958,61.28159476179003,-0.09867810501566258,1.1543942747104796,0.013451603790946884,0.006507250918156904
536,4,72.64293333333333,Forward,0.2931487863215364,377.4133177222284,17675.0,17685.202269274476,ok,0.0005790413498260858,14485.772089422084,ok,-69.33345344853296,65.92541328671383,-0.10063619375635513,-68.04901410906314,61.28150101240943,-0.09877185439626365,1.1543942747104796,0.013385469461228747,0.006507250918156904
537,4,72.77943333333333,Forward,0.29325646764606583,377.3793132311039,17675.0,17685.0944776815,ok,0.0005687767738889057,14485.58573913219,ok,-69.4412450415075,65.92525682925937,-0.1007926512108211,-68.23536439895724,61.28123052849513,-0.09904233831055846,1.1543942747104796,0.01354125708882599,0.006507250918156904
538,4,72.9142,Forward,0.29330034878429667,377.4780361049925,17675.0,17684.888712551594,ok,0.0005767799997342356,14485.689209428074,ok,-69.64701017141488,65.92495816507272,-0.10109131539746848,-68.13189410307314,61.28138071366877,-0.09889215313692724,1.1543942747104796,0.013069219997592335,0.006507250918156904
539,4,73.04955,Forward,0.2935249158694212,377.5402457633609,17670.0,17684.784603511274,ok,0.0005655675828661237,14486.018868663377,ok,-69.75111921173448,65.92480705277364,-0.1012424276965431,-67.80223486776958,61.2818592078015,-0.09841365900418933,1.1543942747104796,0.01236573681120251,0.006507250918156904
540,4,73.18405,Forward,0.2936524033556148,377.70893795178563,17675.0,17684.649498055936,ok,0.0005777443976683927,14485.715187471345,ok,-69.88622466707238,65.92461094976558,-0.10143853070461004,-68.10591605980153,61.28141842030627,-0.09885444649942313,1.1543942747104796,0.012678476363997437,0.006507250918156904
541,4,73.3196,Forward,0.29367738436077784,377.9171897958913,17675.0,17684.572169493662,ok,0.000576868683413901,14485.743583883575,ok,-69.96355322934687,65.92449870882288,-0.10155077164731359,-68.07751964757153,61.28145963716049,-0.09881322964520592,1.1543942747104796,0.012518654920763955,0.006507250918156904
542,4,73.45545,Forward,0.293803614532877,377.84552075061583,17675.0,17684.362801497304,ok,0.0005765926581821194,14484.968505720472,ok,-70.17292122570507,65.92419481514386,-0.10185466532633715,-68.85259781067543,61.280334625895094,-0.09993824091060242,1.1543942747104796,0.013513467805498919,0.006507250918156904
543,4,73.59131666666667,Forward,0.2939581908443891,377.9162139518012,17680.0,17684.316005306267,ok,0.0005715737498604329,14485.10118902601,ok,-70.21971741674133,65.92412689135939,-0.10192258911080117,-68.71991450513633,61.280527213198624,-0.09974565360706679,1.1543942747104796,0.013223222340451438,0.006507250918156904
544,4,73.72745,Forward,0.2937890351568765,377.927593047938,17675.0,17684.23884594337,ok,0.0005645977276859072,14485.051588082357,ok,-70.29687677963739,65.92401489600638,-0.10203458446381339,-68.76951544879012,61.280455218368886,-0.09981764843680285,1.1543942747104796,0.013194337406695275,0.006507250918156904
545,4,73.86255,Forward,0.294018635390509,378.3278407183607,17670.0,17684.190528795407,ok,0.0005826308399396637,14484.98943776979,ok,-70.34519392760194,65.92394476458176,-0.10210471588843548,-68.83166576135773,61.280365008367994,-0.09990785843769678,1.1543942747104796,0.01322834389062677,0.006507250918156904
546,4,73.99758333333334,Forward,0.2940192683805353,378.15007118590074,17675.0,17684.10108389245,ok,0.000571900464472476,14486.003349167733,ok,-70.43463883056029,65.92381493700016,-0.10223454347002733,-67.81775436341377,61.28183668154769,-0.09843618525801005,1.1543942747104796,0.011399625216159587,0.006507250918156904
547,4,74.13265,Forward,0.2942201893736426,378.27231582516106,17675.0,17683.944497961435,ok,0.0005814580757867357,14485.884234815408,ok,-70.59122476157427,65.92358765548872,-0.10246182498146596,-67.93686871573846,61.28166378932259,-0.09860907748309744,1.1543942747104796,0.011371929499503802,0.006507250918156904
548,4,74.26821666666666,Forward,0.29430191551071994,377.9830449498768,17675.0,17683.921911412668,ok,0.000571366607995698,14485.233516839618,ok,-70.61381131034068,65.92355487154123,-0.1024946089289673,-68.58758669152849,61.28071928451236,-0.09955358229333251,1.1543942747104796,0.012429476497374331,0.006507250918156904
549,4,74.403,Forward,0.29432610506888635,378.183980957052,17665.0,17683.771918513063,ok,0.0005715767700106992,14486.064573682617,ok,-70.7638042099461,65.92333715968994,-0.10271232078025962,-67.75652984852968,61.28192554777078,-0.09834731903490915,1.1543942747104796,0.01081926124676448,0.006507250918156904
550,4,74.53831666666666,Forward,0.2943405600866836,377.9665380775805,17675.0,17683.733984456332,ok,0.0005769709229788535,14484.420247986513,ok,-70.8017382666767,65.92328209912547,-0.10276738134472346,-69.4008555446344,61.27953884018417,-0.10073402662152293,1.1543942747104796,0.013519402255695645,0.006507250918156904
551,4,74.67336666666667,Forward,0.29434700337021724,378.04260428054477,17675.0,17683.68950156575,ok,0.0005745710327620382,14485.083646987116,ok,-70.8462211572587,65.92321753305278,-0.10283194741741702,-68.73745654403137,61.28050175126161,-0.09977111554408732,1.1543942747104796,0.012343257148155123,0.006507250918156904
552,4,74.80866666666667,Forward,0.29442032662120327,378.2032276114878,17675.0,17683.658309566963,ok,0.00057721714591449,14485.410302302756,ok,-70.8774131560458,65.92317225845764,-0.10287722201254328,-68.41080122839048,61.28097588526188,-0.0992969815438131,1.1543942747104796,0.01175064497766673,0.006507250918156904
553,4,74.94425,Forward,0.29445828586066186,378.17432457774703,17675.0,17683.625591369197,ok,0.0005707510681340697,14485.1758113092,ok,-70.91013135381218,65.92312476861363,-0.10292471185656524,-68.64529222194687,61.28063552602852,-0.09963734077716901,1.1543942747104796,0.012096063883975688,0.006507250918156904
554,4,75.07928333333334,Forward,0.2944784579167101,378.3596542925625,17675.0,17683.571685028735,ok,0.0005757711146033854,14486.000685834411,ok,-70.96403769427343,65.92304652458202,-0.10300295588817665,-67.8204176967356,61.28183281576984,-0.0984400510358544,1.1543942747104796,0.010635675429821093,0.006507250918156904
555,4,75.21431666666666,Forward,0.29453629267472514,378.3017769507933,17665.0,17683.466932770247,ok,0.000574501381160759,14485.956297691573,ok,-71.06878995276202,65.92289447866395,-0.10315500180623406,-67.86480583957382,61.2817683872217,-0.0985044795839934,1.1543942747104796,0.010558005458863248,0.006507250918156904
556,4,75.34961666666666,Forward,0.2945531797140123,378.3354582665452,17675.0,17683.500075771495,ok,0.000582461780778544,14486.246069621324,ok,-71.03564695151363,65.92294258510219,-0.10310689536800831,-67.5750339098231,61.282188985686325,-0.0980838811193692,1.1543942747104796,0.010120575437574816,0.006507250918156904
557,4,75.48386666666667,Forward,0.29476432646945516,378.26915521722185,17665.0,17683.372804278417,ok,0.0005846719803055388,14485.418019735274,ok,-71.16291844459192,65.92275785294188,-0.10329162752831525,-68.40308379587259,61.28098708696893,-0.09928577983676487,1.1543942747104796,0.011323308275411295,0.006507250918156904
558,4,75.61943333333333,Forward,0.29473648788531853,378.54714792680534,17675.0,17683.288743503697,ok,0.0005752513453753265,14484.627978245187,ok,-71.24697921931147,65.9226358403204,-0.103413640149802,-69.19312528595947,61.27984035671798,-0.1004325100877102,1.1543942747104796,0.01252507449025314,0.006507250918156904
559,4,75.75448333333334,Forward,0.2946943377174125,378.67465149866257,17675.0,17683.278519337382,ok,0.0005727717503681494,14484.565971421916,ok,-71.25720338562678,65.92262100013674,-0.10342848033345257,-69.25513210923054,61.27975035498908,-0.10052251181660946,1.1543942747104796,0.012614131787157909,0.006507250918156904
560,4,75.88926666666667,Forward,0.2949094724551838,378.35456451684513,17670.0,17683.22122659413,ok,0.0005777466044343133,14485.576503703633,ok,-71.31449612887809,65.92253784080566,-0.10351163966453872,-68.24459982751432,61.2812171234456,-0.09905574336009033,1.1543942747104796,0.010837743347540174,0.006507250918156904
561,4,76.0243,Forward,0.2946460465417999,378.44542774385263,17670.0,17683.223225466183,ok,0.0005753567642443672,14486.648497398815,ok,-71.31249725682574,65.92254074213056,-0.10350873833963495,-67.17260613233157,61.282773101979025,-0.09749976482666729,1.1543942747104796,0.009044431961887978,0.006507250918156904
562,4,76.16015,Forward,0.2948690116668492,378.7183038383155,17675.0,17683.16744315789,ok,0.0005848766275576185,14485.482648811845,ok,-71.36827956511843,65.9224597751672,-0.1035897053030026,-68.33845471930181,61.2810808948488,-0.09919197195689489,1.1543942747104796,0.010916939221279301,0.006507250918156904
563,4,76.29491666666667,Forward,0.29488230153951933,378.4823243910687,17665.0,17683.07639042537,ok,0.0005708366487111244,14485.958127386906,ok,-71.45933229763978,65.92232761385145,-0.10372186661873549,-67.86297614424075,61.2817710429898,-0.09850182381589163,1.1543942747104796,0.009988074842870176,0.006507250918156904
564,4,76.42996666666667,Forward,0.295048739949871,378.48207276500034,17680.0,17683.134285537577,ok,0.0005756983058138321,14485.244387725857,ok,-71.40143718543186,65.92241164750968,-0.10363783296052421,-68.5767158052895,61.28073506339773,-0.09953780340796857,1.1543942747104796,0.011268037410891968,0.006507250918156904
565,4,76.5658,Forward,0.29498331699837765,378.6194238282951,17675.0,17683.039790667153,ok,0.0005820671138548886,14485.139155127097,ok,-71.49593205585552,65.922274489996,-0.10377499047419106,-68.68194840404976,61.28058232027487,-0.0996905465308275,1.1543942747104796,0.011307205683754873,0.006507250918156904
566,4,76.70245,Forward,0.2950120510356219,378.55309344913985,17675.0,17683.03856846625,ok,0.0005685196688508783,14484.951530348362,ok,-71.49715425675822,65.92227271599455,-0.10377676447563966,-68.86957318278473,61.280309986464175,-0.09996288034152224,1.1543942747104796,0.011619812274182378,0.006507250918156904
567,4,76.83726666666666,Forward,0.29504907069329744,378.74365359883814,17665.0,17682.948050589115,ok,0.0005689099383227457,14485.681107602044,ok,-71.58767213389365,65.92214133101128,-0.10390814945891583,-68.13999592910295,61.281368954021815,-0.09890391278387346,1.1543942747104796,0.010265961205252305,0.006507250918156904
568,4,76.97258333333333,Forward,0.29525979295806076,378.7753180662803,17675.0,17682.76608860827,ok,0.0005735943310348862,14484.675665130859,ok,-71.76963411473844,65.9218772166444,-0.10417226382578751,-69.14543840028819,61.27990957332883,-0.10036329347686282,1.1543942747104796,0.011686547554990559,0.006507250918156904
569,4,77.1082,Forward,0.29530152922539005,378.92369815411075,17665.0,17682.821503104547,ok,0.0005811087644941926,14485.446088141605,ok,-71.71421961846136,65.9219576497356,-0.10409183073459019,-68.37501538954166,61.2810278277288,-0.09924503907689419,1.1543942747104796,0.010476074169194285,0.006507250918156904
570,4,77.2435,Forward,0.2952814445352543,378.6824577970365,17665.0,17682.790304760285,ok,0.0005683855952740385,14484.995099968944,ok,-71.74541796272388,65.92191236593014,-0.10413711454005375,-68.82600356220246,61.28037322694277,-0.0998996398629261,1.1543942747104796,0.011186457763346938,0.006507250918156904
571,4,77.37963333333333,Forward,0.29522466672210734,378.74658082672977,17665.0,17682.815214597995,ok,0.0005772347990183997,14484.801962409198,ok,-71.72050812501402,65.92194852208752,-0.10410095838267917,-69.01914112194936,61.280092891434904,-0.10017997537078807,1.1543942747104796,0.01154623162599544,0.006507250918156904
572,4,77.51495,Forward,0.29545987139499086,378.8297157464549,17675.0,17682.721212001892,ok,0.0005741970201586403,14484.914244595051,ok,-71.81451072111668,65.92181207910069,-0.10423740136949806,-68.90685893609589,61.280255866899836,-0.10001699990585865,1.1543942747104796,0.011221650695543733,0.006507250918156904
573,4,77.65053333333333,Forward,0.29529565288257076,378.9262029502788,17675.0,17682.759895948562,ok,0.0005810391557927379,14485.325383998026,ok,-71.77582677444661,65.9218682281162,-0.10418125235399808,-68.49571953312079,61.28085262795183,-0.0994202388538596,1.1543942747104796,0.010588902169245823,0.006507250918156904
574,4,77.78851666666667,Forward,0.295477032067141,378.7605087303673,17680.0,17682.771267284803,ok,0.0005720144919106654,14485.17081780767,ok,-71.76445543820591,65.92188473339525,-0.1041647470749406,-68.65028572347728,61.28062827805569,-0.09964458875000957,1.1543942747104796,0.010864395683950728,0.006507250918156904
575,4,77.92493333333333,Forward,0.2951645002757887,378.7151509430769,17665.0,17682.758680800645,ok,0.0005805199614971175,14485.731969787195,ok,-71.77704192236342,65.92186646435202,-0.10418301611817132,-68.0891337439516,61.281442779519686,-0.09883008728600522,1.1543942747104796,0.00990587081393006,0.006507250918156904
576,4,78.05971666666667,Forward,0.2952582107752705,378.9342366605597,17665.0,17682.739808552364,ok,0.0005782420788599935,14484.96025218157,ok,-71.79591417064512,65.92183907164129,-0.10421040882890806,-68.86085134957648,61.280322646039785,-0.09995022076590615,1.1543942747104796,0.011171553779302498,0.006507250918156904
577,4,78.19541666666667,Forward,0.2953168230387575,378.7370694750498,17665.0,17682.822335644032,ok,0.0005822053999333783,14486.147879718555,ok,-71.71338707897667,65.92195885815089,-0.10409062231930545,-67.67322381259146,61.28204646490323,-0.09822640190246057,1.1543942747104796,0.009301373662305587,0.006507250918156904
578,4,78.33045,Forward,0.2953051663655046,378.99184814760156,17675.0,17682.771897835744,ok,0.0005788670121233445,14485.942143991253,ok,-71.76382488726449,65.92188564862799,-0.10416383184219856,-67.87895953989391,61.28174784339391,-0.09852502341178411,1.1543942747104796,0.009572891100080985,0.006507250918156904
579,4,78.46661666666667,Forward,0.2952520811565522,378.6720139862591,17665.0,17682.694328919493,ok,0.000577039166568399,14485.472897914586,ok,-71.84139380351553,65.92177305881604,-0.10427642165414418,-68.34820561656124,61.28106674160621,-0.09920612519947968,1.1543942747104796,0.01024656129234619,0.006507250918156904
580,4,78.60378333333334,Forward,0.2953190909428818,378.73676613849966,17675.0,17682.694572178352,ok,0.0005698263136659286,14485.21209546697,ok,-71.84115054465656,65.92177341190167,-0.10427606856852033,-68.60900806417703,61.28068819179592,-0.0995846750097798,1.1543942747104796,0.010683910111673245,0.006507250918156904
581,4,78.7399,Forward,0.29540345285619585,378.7555899831823,17675.0,17682.647671488576,ok,0.0005691693325213863,14485.601124162473,ok,-71.88805123443308,65.92170533643926,-0.1043441440309255,-68.2199793686741,61.281252859575034,-0.09902000723066107,1.1543942747104796,0.009963985397939926,0.006507250918156904
582,4,78.87521666666666,Forward,0.2953821397579777,378.9986627129838,17675.0,17682.589635635635,ok,0.0005740504069348999,14485.4895224395,ok,-71.9460870873736,65.92162109849855,-0.104428381971643,-68.33158109164651,61.281090871789075,-0.09918199501661394,1.1543942747104796,0.010066745229899449,0.006507250918156904
583,4,79.00971666666666,Forward,0.29545225973181855,378.940973699453,17675.0,17682.610393654544,ok,0.0005678348973260141,14485.288373297273,ok,-71.92532906846463,65.92165122836961,-0.10439825210057764,-68.53273023387374,61.280798907621076,-0.09947395918462022,1.1543942747104796,0.010433916864931878,0.006507250918156904
584,4,79.14503333333333,Forward,0.2953983346751053,378.89271542535425,17675.0,17682.561623382244,ok,0.0005807478023204957,14486.476853143567,ok,-71.97409934076495,65.9215804392436,-0.10446904122658603,-67.34425038757945,61.282523963595324,-0.09774890321036418,1.1543942747104796,0.008371732998687209,0.006507250918156904
585,4,79.28035,Forward,0.29558310691107303,378.8144948497211,17670.0,17682.49072195477,ok,0.0005753106420519784,14485.168321793064,ok,-72.04500076823751,65.92147752716527,-0.10457195330492391,-68.65278173808292,61.280624655137785,-0.0996482116679082,1.1543942747104796,0.010461371729647326,0.006507250918156904
586,4,79.41595,Forward,0.29560585654650495,378.79902318494715,17670.0,17682.467058790913,ok,0.0005811397896485547,14485.583109861469,ok,-72.06866393209566,65.92144318053136,-0.1046062999388282,-68.23799366967796,61.281226712158514,-0.0990461546471828,1.1543942747104796,0.009732013917968393,0.006507250918156904
587,4,79.55125,Forward,0.2955728963665297,379.0868067136689,17670.0,17682.449733557034,ok,0.0005791933106353007,14485.694492801438,ok,-72.08598916597475,65.92141803328272,-0.10463144718747672,-68.12661072970877,61.28138838238508,-0.098884484420613,1.1543942747104796,0.009520235485376546,0.006507250918156904
588,4,79.68633333333334,Forward,0.2956845695070635,378.92292457782605,17665.0,17682.385621946683,ok,0.0005655041322215786,14485.013210139592,ok,-72.15010077632542,65.92132497649526,-0.1047245039749346,-68.8078933915549,61.280399513512265,-0.09987335329343333,1.1543942747104796,0.010568723263141858,0.006507250918156904
589,4,79.82243333333334,Forward,0.29564011442812854,379.10336385987466,17665.0,17682.362733646325,ok,0.0005775361682383268,14485.24943565541,ok,-72.17298907668373,65.92129175456104,-0.10475772590915317,-68.57166787573624,61.28074239037181,-0.09953047643388431,1.1543942747104796,0.010139686245329196,0.006507250918156904
590,4,79.95898333333334,Forward,0.29577990517326713,378.85315495516625,17665.0,17682.29181421545,ok,0.0005690745552231163,14485.8312487609,ok,-72.24390850756026,65.9211888163511,-0.10486066411909073,-67.9898547702469,61.281586881068606,-0.09868598573708849,1.1543942747104796,0.009061872809964275,0.006507250918156904
591,4,80.09455,Forward,0.29555097467838887,379.0570511621481,17670.0,17682.29093679852,ok,0.0005772286374712458,14485.861034446456,ok,-72.2447859244894,65.92118754279706,-0.10486193767313562,-67.96006908469099,61.281630114426726,-0.09864275237896657,1.1543942747104796,0.009010690914826924,0.006507250918156904
592,4,80.2296,Forward,0.29570596540195915,379.05341068055714,17675.0,17682.226102398443,ok,0.0005696136978124591,14484.850256248761,ok,-72.30962032456591,65.92109343689401,-0.10495604357618313,-68.97084728238588,61.28016298902783,-0.10010987777786842,1.1543942747104796,0.010610226172554055,0.006507250918156904
593,4,80.3657,Forward,0.29591986403994075,378.96840991916906,17675.0,17682.26528245617,ok,0.0005821082244634102,14484.796795137272,ok,-72.2704402668387,65.9211503060053,-0.1048991744648854,-69.02430839387489,61.280085391237634,-0.10018747556806407,1.1543942747104796,0.010756673728583813,0.006507250918156904
594,4,80.50135,Forward,0.29581238812638366,379.2222472902977,17670.0,17682.174503011098,ok,0.0005807004954657576,14485.124440558873,ok,-72.36121971191096,65.92101854136112,-0.10503093910906497,-68.69666297227377,61.28056096235794,-0.09971190444775185,1.1543942747104796,0.010075912505898177,0.006507250918156904
595,4,80.63691666666666,Forward,0.2957554865834249,379.096974926073,17670.0,17682.24236795323,ok,0.0005700514294286877,14484.405433129941,ok,-72.2933547697794,65.92111704603853,-0.10493243443165573,-69.41567040120572,61.27951733670061,-0.10075553010508287,1.1543942747104796,0.011379172667071308,0.006507250918156904
596,4,80.7717,Forward,0.2958623881519636,378.84771945001194,17660.0,17682.123921189133,ok,0.0005772083948423457,14485.588151661901,ok,-72.4118015338754,65.92094512280511,-0.10510435766508051,-68.23295186924588,61.28123403023629,-0.09903883656940178,1.1543942747104796,0.009225508244623787,0.006507250918156904
597,4,80.90806666666667,Forward,0.29591008540012326,378.9352772313141,17665.0,17682.16067402961,ok,0.000569355915535851,14485.86368405162,ok,-72.37504869340046,65.92099846885657,-0.10505101161362675,-67.95741947952774,61.28163396027841,-0.09863890652728424,1.1543942747104796,0.008817177345172345,0.006507250918156904
598,4,81.04358333333333,Forward,0.2959167085205543,379.0125208463396,17670.0,17682.114343020217,ok,0.0005671678036319961,14484.733154769057,ok,-72.42137970279146,65.92093122027444,-0.10511826019574823,-69.08794876208958,61.279993018449204,-0.100279848356492,1.1543942747104796,0.010644222615821222,0.006507250918156904
599,4,81.17891666666667,Forward,0.2957275974892717,379.1803698012736,17675.0,17682.11744672992,ok,0.0005831917619347197,14485.453161188803,ok,-72.41827599308817,65.92093572525026,-0.10511375521993169,-68.36794234234367,61.28103809412276,-0.09923477268292619,1.1543942747104796,0.009442298217434197,0.006507250918156904
600,4,81.31423333333333,Forward,0.2959949044122806,379.19583553466873,17675.0,17682.063444737865,ok,0.0005680466558718583,14485.659918996063,ok,-72.47227798514359,65.92085734238218,-0.10519213808801935,-68.16118453508352,61.28133819916178,-0.09893466764391329,1.1543942747104796,0.00901747581049829,0.006507250918156904
601,4,81.44956666666667,Forward,0.2959744999974915,379.3956257990649,17675.0,17682.118816466715,ok,0.0005646401775575371,14485.095039184924,ok,-72.41690625629417,65.92093771339725,-0.1051117670729328,-68.72606434622321,61.280518286820836,-0.09975457998486001,1.1543942747104796,0.010044348937738201,0.006507250918156904
602,4,81.58513333333333,Forward,0.29605084337140236,379.350983612836,17665.0,17682.028776994932,ok,0.0005787116711569864,14485.389268554824,ok,-72.50694572807697,65.9208070228103,-0.1052424576599058,-68.43183497632344,61.28094535517536,-0.0993275116303315,1.1543942747104796,0.009420653087387473,0.006507250918156904
603,4,81.72071666666666,Forward,0.29595248033385024,379.17446705736074,17675.0,17681.96442786368,ok,0.0005783148193208006,14484.963172007963,ok,-72.57129485932819,65.92071362126575,-0.10533585920444963,-68.85793152318365,61.28032688411246,-0.09994598269323,1.1543942747104796,0.010041210996927771,0.006507250918156904
604,4,81.85616666666667,Forward,0.2959059390241507,379.1924761906339,17665.0,17681.976811375494,ok,0.0005593889192466291,14485.42485143419,ok,-72.55891134751437,65.92073159569847,-0.10531788477172928,-68.39625209695623,61.28099700305044,-0.09927586375525392,1.1543942747104796,0.00928560396427347,0.006507250918156904
605,4,81.99146666666667,Forward,0.29602373293233675,379.13940450147857,17670.0,17681.887783613518,ok,0.0005728280521266385,14486.117956422015,ok,-72.64793910949084,65.9206023735891,-0.10544710688109109,-67.70314710913226,61.282003031805374,-0.09826983500031923,1.1543942747104796,0.00799502802002093,0.006507250918156904
606,4,82.12785,Forward,0.296060046321736,379.2035861112963,17670.0,17681.85028703232,ok,0.0005735802516588983,14485.287132643198,ok,-72.68543569068788,65.92054794801209,-0.10550153245810852,-68.53397088794918,61.280797106835195,-0.09947575997049936,1.1543942747104796,0.009332715324309848,0.006507250918156904
607,4,82.26315,Forward,0.2961479888637649,379.29559919581516,17675.0,17681.74427409837,ok,0.0005714879333245027,14484.974468208296,ok,-72.79144862463727,65.92039407224749,-0.10565540822270647,-68.84663532285049,61.28034328033317,-0.09992958647251841,1.1543942747104796,0.009702734275354577,0.006507250918156904
608,4,82.39818333333334,Forward,0.2963256526953916,379.24488910040236,17675.0,17681.67979821769,ok,0.0005896712452903065,14485.550197186252,ok,-72.8559245053184,65.92030048672855,-0.10574899374164583,-68.27090634489468,61.28117894003415,-0.09909392677153846,1.1543942747104796,0.008644467981997694,0.006507250918156904
609,4,82.5335,Forward,0.29617978356736785,379.4728039386173,17670.0,17681.6533597037,ok,0.0005749331481727656,14484.921168647976,ok,-72.88236301930738,65.92026211172652,-0.10578736874366991,-68.89993488317123,61.28026591703144,-0.10000694977425482,1.1543942747104796,0.009660081506988355,0.006507250918156904
610,4,82.66963333333334,Forward,0.29624731295558093,379.30305183794553,17675.0,17681.674219729965,ok,0.0005740899679668596,14485.70412202466,ok,-72.86150299304427,65.92029238965932,-0.10575709081086314,-68.11698150648772,61.281402359020106,-0.09887050778558909,1.1543942747104796,0.008378457314538804,0.006507250918156904
611,4,82.8052,Forward,0.2962672714461798,379.3612370966948,17665.0,17681.488582236438,ok,0.0005784338098402725,14485.841057261632,ok,-73.04714048657115,65.92002294035545,-0.10602654011473898,-67.98004626951479,61.28160111792154,-0.09867174888415474,1.1543942747104796,0.007879561872799395,0.006507250918156904
612,4,82.9406,Forward,0.29639740557150307,379.4337186438206,17670.0,17681.55908782868,ok,0.0005865016571430506,14485.421369540447,ok,-72.97663489433035,65.92012527788646,-0.10592420258373861,-68.39973399070004,61.280991949147655,-0.0992809176580384,1.1543942747104796,0.008685120348703473,0.006507250918156904
613,4,83.07561666666666,Forward,0.296286140749091,379.5834801476085,17675.0,17681.52702848642,ok,0.0005722236271378203,14485.396929208495,ok,-73.00869423658878,65.92007874435872,-0.10597073611147664,-68.4241743226521,61.280956474468994,-0.09931639233670306,1.1543942747104796,0.008679538586913116,0.006507250918156904
614,4,83.21175,Forward,0.2965154893289516,379.477383697842,17665.0,17681.43151178512,ok,0.0005725064282128507,14486.422417922631,ok,-73.10421093789046,65.9199401036769,-0.10610937679329842,-67.39868560851573,61.28244495190373,-0.0978279149019624,1.1543942747104796,0.006822608076390985,0.006507250918156904
615,4,83.34651666666667,Forward,0.29652142141838367,379.45724112253083,17665.0,17681.372222198435,ok,0.0005694880078217922,14484.940640284949,ok,-73.16350052457346,65.91985404596541,-0.1061954345047839,-68.8804632461979,61.28029417974351,-0.09997868706219108,1.1543942747104796,0.009219389432880185,0.006507250918156904
616,4,83.48158333333333,Forward,0.2965153006409887,379.71719637487695,17675.0,17681.40293046114,ok,0.0005769655024853276,14485.534071696264,ok,-73.13279226186933,65.91989861842677,-0.10615086204341488,-68.28703183488324,61.28115553419103,-0.09911733261466596,1.1543942747104796,0.008269619251529789,0.006507250918156904
617,4,83.61633333333333,Forward,0.2965721746564998,379.4595180020151,17670.0,17681.27063272236,ok,0.0005790895180035423,14484.519134804268,ok,-73.26509000064834,65.91970659076608,-0.10634288970410506,-69.30196872687884,61.27968237252615,-0.10059049427953473,1.1543942747104796,0.009778200982487079,0.006507250918156904
618,4,83.75173333333333,Forward,0.29653609467803244,379.5396176867289,17665.0,17681.27972743383,ok,0.0005702883440471442,14484.459222963884,ok,-73.25599528917883,65.91971979156743,-0.10632968890275908,-69.36188056726314,61.279595411625216,-0.10067745518047544,1.1543942747104796,0.009891788950002686,0.006507250918156904
619,4,83.8873,Forward,0.2965165876015252,379.67829613390495,17665.0,17681.21695539713,ok,0.0005748526925206651,14485.487901348795,ok,-73.31876732587989,65.91962867914575,-0.10642080132445056,-68.33320218235167,61.28108851880664,-0.09918434799905151,1.1543942747104796,0.008077042146546323,0.006507250918156904
620,4,84.02268333333333,Forward,0.296684061966518,379.6870531539789,17675.0,17681.14239705263,ok,0.0005646437163370928,14485.85950798224,ok,-73.39332567037854,65.91952045912164,-0.10652902134855033,-67.96159554890619,61.28162789879285,-0.09864496801284721,1.1543942747104796,0.007346164954478887,0.006507250918156904
621,4,84.15803333333334,Forward,0.29661914991685123,379.23329636045673,17675.0,17681.101108930103,ok,0.0005851224102042019,14486.17750338297,ok,-73.43461379290602,65.91946053019424,-0.10658895027595613,-67.64360014817612,61.28208946309074,-0.09818340371495375,1.1543942747104796,0.006753408844174108,0.006507250918156904
622,4,84.29333333333334,Forward,0.29665256844271043,379.5474194045564,17665.0,17681.08630092786,ok,0.0005693063221250617,14485.22890041173,ok,-73.44942179515056,65.9194390366596,-0.10661044381059064,-68.59220311941681,61.280712583854765,-0.09956028295092742,1.1543942747104796,0.008321376816515347,0.006507250918156904
623,4,84.42945,Forward,0.29681472332697717,379.687950373318,17665.0,17681.118301269566,ok,0.0005777986403009139,14485.618401606962,ok,-73.41742145344324,65.91948548454916,-0.10656399592103444,-68.20270192418502,61.281277937458285,-0.0989949293474065,1.1543942747104796,0.007715183742980067,0.006507250918156904
624,4,84.56448333333333,Forward,0.2967102645064261,379.8459363979164,17675.0,17681.090193661243,ok,0.000577985560609426,14485.901262120291,ok,-73.44552906176614,65.91944468688834,-0.10660479358185355,-67.91984141085595,61.28168850413295,-0.09858436267274148,1.1543942747104796,0.007200430263540725,0.006507250918156904
625,4,84.6998,Forward,0.29676959169927686,379.7455514725589,17665.0,17681.03055745487,ok,0.000572461474497788,14485.580801860531,ok,-73.50516526813954,65.91935812606494,-0.1066913544052509,-68.24030167061574,61.28122336213889,-0.09904950466680554,1.1543942747104796,0.007650826695018334,0.006507250918156904
626,4,84.8351,Forward,0.296882096620777,379.7940048970777,17675.0,17681.015464444987,ok,0.0005722962952941518,14485.65435363019,ok,-73.52025827802208,65.91933621884712,-0.10671326162307086,-68.16674990095635,61.28133012113868,-0.09894274566700957,1.1543942747104796,0.007505677499060101,0.006507250918156904
627,4,84.97146666666667,Forward,0.2968931210444343,379.5696922070856,17665.0,17680.9878904788,ok,0.0005868547191490736,14485.56894622081,ok,-73.54783224421044,65.91929619575775,-0.10675328471244462,-68.25215731033677,61.2812061539025,-0.09906671290318679,1.1543942747104796,0.007608761477381001,0.006507250918156904
628,4,85.1068,Forward,0.297018361353683,379.54674771240025,17670.0,17680.864235306068,ok,0.0005736232869665026,14485.93970576694,ok,-73.67148741694109,65.91911671261789,-0.1069327678522991,-67.88139776420758,61.281744304357524,-0.0985285624481691,1.1543942747104796,0.0068080405333212635,0.006507250918156904
629,4,85.24263333333333,Forward,0.29686375610206006,379.6874216392134,17665.0,17680.90362531042,ok,0.0005642734673059689,14484.9508863149,ok,-73.63209741258834,65.91917388646274,-0.10687559400745306,-68.8702172162466,61.2803090516618,-0.0999638151438872,1.1543942747104796,0.008522061872867068,0.006507250918156904
630,4,85.3782,Forward,0.297075253465897,379.8735305642804,17665.0,17680.874228086614,ok,0.0005747455220804615,14486.229662905173,ok,-73.66149463639522,65.91913121694948,-0.10691826352070793,-67.59144062597443,61.28216517164875,-0.09810769515694251,1.1543942747104796,0.006336698073507549,0.006507250918156904
631,4,85.5143,Forward,0.29689910863204544,379.80415540490867,17665.0,17680.872003113007,ok,0.0005751181688634045,14485.74894800619,ok,-73.66371961000186,65.91912798744247,-0.10692149302773295,-68.07215552495654,61.28146742308281,-0.09880544372288466,1.1543942747104796,0.007138945516193609,0.006507250918156904
632,4,85.65068333333333,Forward,0.2969431906802115,379.9888775223153,17670.0,17680.869948651874,ok,0.0005724762025933879,14485.716717031357,ok,-73.66577407113436,65.91912500543106,-0.1069244750391331,-68.10438649979005,61.28142064043364,-0.09885222637205285,1.1543942747104796,0.00718996912714899,0.006507250918156904
633,4,85.78575,Forward,0.2969687325711221,379.8961446843714,17675.0,17680.764450894992,ok,0.0005692927089656552,14485.309493754477,ok,-73.77127182801632,65.9189718774362,-0.10707760303398071,-68.5116097766695,61.28082956356445,-0.09944330324123778,1.1543942747104796,0.007719176886002252,0.006507250918156904
634,4,85.92078333333333,Forward,0.29706517899979057,379.974392505952,17670.0,17680.797233105994,ok,0.0005784641030274506,14485.163037049026,ok,-73.73848961701515,65.91901946019424,-0.10703002027596152,-68.65806648212128,61.28061698443196,-0.09965588237372977,1.1543942747104796,0.00801215977749313,0.006507250918156904
635,4,86.05583333333334,Forward,0.2970076620033143,379.55702737359024,17665.0,17680.750213526455,ok,0.0005704755243985285,14485.876318048531,ok,-73.7855091965539,65.91895121216558,-0.10709826830460353,-67.94478548261577,61.2816522982855,-0.09862056852019083,1.1543942747104796,0.006748751363797309,0.006507250918156904
636,4,86.1914,Forward,0.29704872039689745,379.98171844968965,17670.0,17680.774261577557,ok,0.0005741801534815328,14485.638865775645,ok,-73.7614611454519,65.91898611745603,-0.10706336301415871,-68.18223775550177,61.28130764081132,-0.09896522599437507,1.1543942747104796,0.007181527269176605,0.006507250918156904
637,4,86.3267,Forward,0.2969976934966908,379.8301573779827,17675.0,17680.65948551202,ok,0.0005713998718792694,14485.31100108299,ok,-73.87623721098862,65.918819522172,-0.10722995829818735,-68.51010244815734,61.28083175142322,-0.09944111538246744,1.1543942747104796,0.007564295970157273,0.006507250918156904
638,4,86.4628,Forward,0.297134024215582,379.93167872269987,17665.0,17680.636666196086,ok,0.0005739552665397059,14486.461025865408,ok,-73.89905652692323,65.91878640036737,-0.10726308010282222,-67.36007766573857,61.28250099060102,-0.09777187620467262,1.1543942747104796,0.005604214015553624,0.006507250918156904
639,4,86.59826666666666,Forward,0.2971456811713678,379.8892016653772,17665.0,17680.66400865408,ok,0.0005817054219446152,14486.131061555996,ok,-73.87171406892958,65.918826087427,-0.1072233930432058,-67.69004197515096,61.28202205365899,-0.0982508131466981,1.1543942747104796,0.006196783138991607,0.006507250918156904
640,4,86.73403333333333,Forward,0.2971534508579692,379.81721127813216,17670.0,17680.61478904416,ok,0.0005694299580611117,14484.764843179184,ok,-73.92093367884809,65.91875464609595,-0.10729483437425169,-69.05626035196292,61.28003901357598,-0.10023385322971377,1.1543942747104796,0.008414551926300404,0.006507250918156904
641,4,86.87028333333333,Forward,0.29707514410628,379.87572477743015,17665.0,17680.57243439944,ok,0.0005686379385693235,14485.44723503205,ok,-73.96328832356812,65.91869316913179,-0.10735631133840855,-68.37386849909672,61.28102949241854,-0.09924337438714785,1.1543942747104796,0.007209671857063588,0.006507250918156904
642,4,87.00503333333333,Forward,0.29710539885110854,379.8840984714734,17670.0,17680.60392792781,ok,0.0005702665214398185,14485.8248027325,ok,-73.9317947952004,65.91873888139138,-0.10731059907881026,-67.99630079864619,61.281577524780545,-0.09869534202515269,1.1543942747104796,0.006622738695618607,0.006507250918156904
643,4,87.14033333333333,Forward,0.297153955534335,379.8837446429825,17670.0,17680.572851897905,ok,0.0005759282559387184,14484.753524505672,ok,-73.96287082510389,65.91869377512289,-0.10735570534729964,-69.06757902547542,61.280022584735875,-0.10025028206981929,1.1543942747104796,0.008372646312210394,0.006507250918156904
644,4,87.2762,Forward,0.2971043584928551,379.86505041022974,17660.0,17680.47432435817,ok,0.0005623177876613763,14485.708732366602,ok,-74.06139836483999,65.91855076426614,-0.1074987162040512,-68.11237116454504,61.28140905084406,-0.09886381596162895,1.1543942747104796,0.006629106918083785,0.006507250918156904
645,4,87.41125,Forward,0.2972217700515666,379.91884322014084,17670.0,17680.548612552164,ok,0.0005780137915281045,14485.37675307197,ok,-73.98711017084497,65.91865859217191,-0.10739088829828791,-68.44435045917635,61.28092718918918,-0.09934567761651412,1.1543942747104796,0.007293193159449041,0.006507250918156904
646,4,87.54683333333334,Forward,0.29705480739215695,379.7821137870342,17665.0,17680.67234860568,ok,0.0005721265313267708,14485.601642827405,ok,-73.86337411732893,65.91883819270869,-0.10721128776150618,-68.21946070374179,61.281253612407355,-0.09901925439834093,1.1543942747104796,0.0070959726020390634,0.006507250918156904
647,4,87.68211666666667,Forward,0.29718497575751357,379.98178584646666,17670.0,17680.56193376416,ok,0.0005768066712026352,14485.115993022095,ok,-73.97378895885049,65.91867792765866,-0.1073715528115255,-68.70511050905225,61.280548700918395,-0.09972416588729827,1.1543942747104796,0.007749453339049736,0.006507250918156904
648,4,87.81823333333334,Forward,0.2973037370233643,379.8317675993676,17665.0,17680.50836343838,ok,0.000577017501002379,14485.432840914038,ok,-74.02735928462789,65.918600171346,-0.10744930912419104,-68.38826261710892,61.28100859962903,-0.09926426717666255,1.1543942747104796,0.007140792587879599,0.006507250918156904
649,4,87.95408333333333,Forward,0.29724242870189155,379.95608422125224,17675.0,17680.459195282234,ok,0.0005801015846034819,14485.333068912409,ok,-74.07652744077495,65.91852880469912,-0.10752067577106277,-68.48803461873831,61.28086378245942,-0.09940908434626868,1.1543942747104796,0.007236602052480959,0.006507250918156904
650,4,88.08993333333333,Forward,0.29729980847518667,379.87089793764244,17665.0,17680.462857711143,ok,0.0005698437944423125,14485.163929034741,ok,-74.07286501186536,65.91853412064529,-0.10751535982490643,-68.65717449640579,61.28061827913233,-0.09965458767336756,1.1543942747104796,0.0075253256338626145,0.006507250918156904
651,4,88.22635,Forward,0.29738601035797,379.9078632077435,17665.0,17680.421219123673,ok,0.000588205006443001,14484.585906437635,ok,-74.11450359933588,65.91847368302466,-0.10757579744553547,-69.2351970935124,61.27977929028661,-0.100493576519079,1.1543942747104796,0.008433411933268825,0.006507250918156904
652,4,88.36165,Forward,0.2970641871884388,379.8302414736354,17675.0,17680.4353010049,ok,0.0005903081962319184,14485.177638262092,ok,-74.1004217181071,65.9184941226084,-0.10755535786179478,-68.64346526905501,61.28063817781602,-0.0996346889896687,1.1543942747104796,0.007462356670438028,0.006507250918156904
653,4,88.49723333333333,Forward,0.29725119328334737,379.7915159306067,17660.0,17680.39797788793,ok,0.0005767033353401807,14485.685792148743,ok,-74.1377448350795,65.91843994881141,-0.1076095316587774,-68.13531138240432,61.28137575355258,-0.09889711325311629,1.1543942747104796,0.006556729666013936,0.006507250918156904
654,4,88.632,Forward,0.29718514937382157,379.8640243442933,17665.0,17680.38863859963,ok,0.0005725786257963562,14485.0036905064,ok,-74.14708412337859,65.91842639301143,-0.10762308745875658,-68.8174130247462,61.280385695945085,-0.09988717086060588,1.1543942747104796,0.007686090699754289,0.006507250918156904
655,4,88.76705,Forward,0.29731840386270236,379.8613524689754,17665.0,17680.32475933698,ok,0.0005807491413605433,14485.867067278905,ok,-74.21096338602729,65.91833367347226,-0.10771580699792824,-67.95403625224208,61.2816388709687,-0.09863399583699395,1.1543942747104796,0.006146713088114861,0.006507250918156904
656,4,88.90235,Forward,0.2974251791732493,379.8117201791283,17670.0,17680.36410504256,ok,0.0005670409886280397,14484.477301838007,ok,-74.17161768044753,65.91839078301828,-0.10765869745191169,-69.34380169313954,61.2796216527684,-0.1006512140372941,1.1543942747104796,0.00853248777539968,0.006507250918156904
657,4,89.03818333333334,Forward,0.29738121977834825,379.9830378341576,17665.0,17680.325585322083,ok,0.0005726157182547189,14484.275218439563,ok,-74.2101374009253,65.91833487237399,-0.10771460809620578,-69.54588509158384,61.2793283325452,-0.10094453426049457,1.1543942747104796,0.008815184317425007,0.006507250918156904
658,4,89.1735,Forward,0.2970791268081707,379.8397428627868,17665.0,17680.412765632,ok,0.0005700487226131235,14486.153875820626,ok,-74.12295709100727,65.9184614129417,-0.10758806752849609,-67.66722771052082,61.282055168131755,-0.09821769867393595,1.1543942747104796,0.005793881495934641,0.006507250918156904
659,4,89.30856666666666,Forward,0.29745176131037454,379.78162250841706,17670.0,17680.359508696645,ok,0.0005835191773772946,14484.97931709427,ok,-74.1762140263636,65.91838411150928,-0.10766536896090444,-68.84178643687665,61.28035031839927,-0.09992254840641764,1.1543942747104796,0.007684648833944846,0.006507250918156904
660,4,89.4435,Forward,0.2971797506329471,379.8901904911909,17670.0,17680.343466626706,ok,0.0005724735524352458,14484.323325843081,ok,-74.19225609630303,65.91836082674878,-0.10768865372141152,-69.49777768806598,61.279398159529734,-0.10087470727596203,1.1543942747104796,0.008760530821054602,0.006507250918156904
661,4,89.5788,Forward,0.2973287921348904,379.821118517546,17665.0,17680.361490479383,ok,0.0005798960824646418,14485.540171354398,ok,-74.17423224362574,65.91838698802937,-0.1076624924408168,-68.28093217674905,61.28116438772922,-0.09910847907647757,1.1543942747104796,0.006747768380332281,0.006507250918156904
662,4,89.71411666666667,Forward,0.2972202172083296,380.1148567719465,17665.0,17680.396564495546,ok,0.0005732413309019698,14485.139485518943,ok,-74.13915822746276,65.91843789729916,-0.10761158317103679,-68.68161801220413,61.28058279983237,-0.09969006697332475,1.1543942747104796,0.007470059388473574,0.006507250918156904
663,4,89.84995,Forward,0.29742463979408096,380.0531115408594,17665.0,17680.298608556186,ok,0.0005776901691346213,14485.920938709733,ok,-74.23711416682272,65.91829571610951,-0.10775376436067467,-67.90016482141436,61.28171706432964,-0.09855580247605407,1.1543942747104796,0.006018489757179057,0.006507250918156904
664,4,89.98498333333333,Forward,0.29740158207141765,380.0955585912234,17660.0,17680.40649881083,ok,0.0005763855503603862,14485.622660960837,ok,-74.12922391217944,65.91845231676953,-0.10759716370066624,-68.19844257031036,61.28128411982972,-0.0989887469759756,1.1543942747104796,0.00667487906916428,0.006507250918156904
665,4,90.12108333333333,Forward,0.29722613674454423,379.8090116928761,17665.0,17680.407019985694,ok,0.000572004140915843,14485.375147768627,ok,-74.1287027373146,65.91845307324496,-0.1075964072252266,-68.44595576251959,61.2809248591218,-0.09934800768389505,1.1543942747104796,0.007090364048954578,0.006507250918156904
666,4,90.2572,Forward,0.29733501861846345,379.8367934587659,17665.0,17680.38835997702,ok,0.0005733489972389515,14484.553198252015,ok,-74.14736274598908,65.918425988596,-0.10762349187419559,-69.26790527913181,61.27973181497504,-0.1005410518306594,1.1543942747104796,0.008440522732487202,0.006507250918156904
667,4,90.39278333333333,Forward,0.29727677687705006,380.0639561060125,17675.0,17680.418713989635,ok,0.000573790372204288,14485.459062644177,ok,-74.11700873337395,65.91847004687007,-0.10757943360011746,-68.36204088697014,61.281046659973406,-0.09922620683228879,1.1543942747104796,0.006966731468314599,0.006507250918156904
668,4,90.52915,Forward,0.29734261119119765,379.9606684231767,17665.0,17680.345991209844,ok,0.0005738717083164041,14485.375127519996,ok,-74.18973151316459,65.91836449113336,-0.10768498933682893,-68.44597601115129,61.28092482973129,-0.09934803707440025,1.1543942747104796,0.007001815865583183,0.006507250918156904
669,4,90.66498333333334,Forward,0.29739621877377587,379.89913314880323,17670.0,17680.331217868883,ok,0.000587613094438767,14485.828705519361,ok,-74.20450485412584,65.91834304790892,-0.10770643256126762,-67.99239801178555,61.281583189601704,-0.0986896772039854,1.1543942747104796,0.006220365776038461,0.006507250918156904
670,4,90.80083333333333,Forward,0.2974582371290032,380.1406758125486,17675.0,17680.302834418188,ok,0.0005748242625859024,14485.50763999086,ok,-74.23288830482124,65.91830184986813,-0.10774763060206298,-68.31346354028756,61.281117169071535,-0.09915569773415846,1.1543942747104796,0.006717139167172426,0.006507250918156904
671,4,90.93615,Forward,0.2973997635403304,380.0025757583571,17675.0,17680.28077655703,ok,0.0005678901385882461,14485.775108591091,ok,-74.25494616598007,65.91826983330067,-0.10777964716952097,-68.0459949400556,61.28150539467603,-0.09876747212966488,1.1543942747104796,0.006236957184591038,0.006507250918156904
672,4,91.07171666666666,Forward,0.2972715992569376,379.650976668785,17675.0,17680.370249172975,ok,0.0005784912080143545,14484.959274700404,ok,-74.16547355003422,65.91839970110713,-0.10764977936305294,-68.86182883074252,61.2803212272444,-0.09995163956129463,1.1543942747104796,0.007733821094431062,0.006507250918156904
673,4,91.20701666666666,Forward,0.29729764898078537,380.2636165410986,17665.0,17680.319103609352,ok,0.0005806928857165774,14486.125467750628,ok,-74.21661911365663,65.91832546429079,-0.10772401617940168,-67.6956357805193,61.28201393435651,-0.09825893244918318,1.1543942747104796,0.005705532879099154,0.006507250918156904
674,4,91.3424,Forward,0.2973487903554243,380.0026406736906,17675.0,17680.29170270809,ok,0.0005763191507219437,14485.367270166696,ok,-74.24402001491762,65.91828569240188,-0.1077637880683131,-68.45383336445047,61.28091342493188,-0.0993594418738109,1.1543942747104796,0.006936182769242891,0.006507250918156904
675,4,91.47776666666667,Forward,0.297402954049923,379.8231461963951,17675.0,17680.265843504683,ok,0.0005761249490883547,14485.710870329836,ok,-74.26987921832551,65.91824815825818,-0.10780132221200714,-68.11023320131062,61.28141215405718,-0.0988607127485103,1.1543942747104796,0.0063229185786704695,0.006507250918156904
676,4,91.61253333333333,Forward,0.29738315696827333,380.028543850789,17675.0,17680.280410012914,ok,0.0005790113979546084,14484.410990363904,ok,-74.25531271009459,65.91826930126884,-0.1077801792013569,-69.41011316724325,61.27952540292039,-0.10074746388530036,1.1543942747104796,0.008522116299434654,0.006507250918156904
677,4,91.74786666666667,Forward,0.2974645865824726,380.05420476719155,17665.0,17680.22362713286,ok,0.0005668388001348853,14484.935074503155,ok,-74.31209559015042,65.91818688199452,-0.10786259847567711,-68.88602902799175,61.2802861011167,-0.09998676568898886,1.1543942747104796,0.007561551382509843,0.006507250918156904
678,4,91.88371666666667,Forward,0.2973988556947568,380.05533139171894,17670.0,17680.266606338675,ok,0.0005846519651985705,14485.261642473024,ok,-74.26911638433376,65.91824926549727,-0.10780021497292441,-68.5594610581229,61.280760108336246,-0.09951275846944747,1.1543942747104796,0.0070767436648525445,0.006507250918156904
679,4,92.01955,Forward,0.29757833006861667,380.0767434598092,17665.0,17680.20620234602,ok,0.0005745592627270979,14485.394393450219,ok,-74.32952037698851,65.91816159024663,-0.107887890223559,-68.42671008092839,61.280952793863904,-0.09932007294178644,1.1543942747104796,0.0067666333442664844,0.006507250918156904
680,4,92.15511666666667,Forward,0.29755834750915955,380.03609997514286,17665.0,17680.19080034618,ok,0.0005882376475672917,14485.080833617778,ok,-74.34492237682935,65.91813923453574,-0.1079102459344478,-68.74026991336905,61.28049766770933,-0.09977519909636537,1.1543942747104796,0.007269672660494608,0.006507250918156904
681,4,92.29073333333334,Forward,0.2974815878575005,379.967693378243,17670.0,17680.200908334988,ok,0.000564629296622935,14485.000452125749,ok,-74.33481438802119,65.91815390608994,-0.1078955743802472,-68.82065140539817,61.28038099549694,-0.09989187130875231,1.1543942747104796,0.007419029948692493,0.006507250918156904
682,4,92.42603333333334,Forward,0.2975096332068181,380.054808341014,17675.0,17680.209381104483,ok,0.0005770195437858692,14486.033967026437,ok,-74.32634161852548,65.9181662041543,-0.10788327631588991,-67.78713650471036,61.28188112278936,-0.09839174401633488,1.1543942747104796,0.005699589655346171,0.006507250918156904
683,4,92.56185,Forward,0.2975451970322488,380.16461765357235,17665.0,17680.243254947483,ok,0.0005710114931553313,14485.07353282208,ok,-74.29246777552544,65.91821537139548,-0.10783410907471168,-68.74757070906708,61.28048707074272,-0.09978579606296516,1.1543942747104796,0.007358042597802816,0.006507250918156904
684,4,92.69785,Forward,0.29754467528214323,380.0375739083647,17665.0,17680.10816902054,ok,0.0005654773142547728,14485.092402925975,ok,-74.4275537024696,65.91801929673251,-0.10803018373768516,-68.72870060517198,61.280514460340925,-0.09975840646476494,1.1543942747104796,0.007130349539480385,0.006507250918156904
685,4,92.83368333333334,Forward,0.2975874601644989,380.1280329671499,17675.0,17680.16930690564,ok,0.0005766962728770313,14485.670668557403,ok,-74.36641581737058,65.91810803721411,-0.10794144325607558,-68.15043497374427,61.28135380194635,-0.09891906485934211,1.1543942747104796,0.006250158877263559,0.006507250918156904
686,4,92.96898333333333,Forward,0.2974995673823134,380.17082628047865,17665.0,17680.1005468874,ok,0.0005820583544376494,14485.10268365824,ok,-74.4351758356097,65.9180082333507,-0.10804124711949252,-68.71841987290645,61.280529382628984,-0.09974348417670958,1.1543942747104796,0.0071020599537763435,0.006507250918156904
687,4,93.1054,Forward,0.2974439422097885,380.05031693360434,17660.0,17680.171147746023,ok,0.0005828221650478457,14485.596784249401,ok,-74.36457497698575,65.91811070915905,-0.10793877131114239,-68.22431928174592,61.28124656027345,-0.09902630653224,1.1543942747104796,0.0063766299954004235,0.006507250918156904
688,4,93.24121666666667,Forward,0.29745258506351735,379.94966891307195,17660.0,17680.129938814924,ok,0.0005807507083489626,14485.609226842014,ok,-74.40578390808514,65.91805089517649,-0.10799858529369108,-68.21187668913262,61.28126462046083,-0.09900824634485884,1.1543942747104796,0.006295967435938743,0.006507250918156904
689,4,93.37733333333334,Forward,0.29754770320881463,379.99473256750207,17665.0,17680.184976640285,ok,0.0005718232728284905,14484.180192142383,ok,-74.35074608272407,65.918130781537,-0.10791869893319013,-69.64091138876393,61.27919040367567,-0.1010824631300274,1.1543942747104796,0.008770317777746645,0.006507250918156904
690,4,93.51211666666667,Forward,0.2975769785201441,380.0039844567582,17665.0,17680.10252338718,ok,0.0005797930216360519,14485.457256752203,ok,-74.43319933582825,65.91801110220268,-0.108038378267516,-68.36384677894421,61.281044038755425,-0.09922882805026606,1.1543942747104796,0.006510812719941778,0.006507250918156904
691,4,93.6477,Forward,0.2974392158284024,379.89823252469796,17665.0,17680.144221873805,ok,0.0005807755843097983,14486.411561406354,ok,-74.39150084920402,65.9180716267658,-0.10797785370440048,-67.409542124793,61.2824291938761,-0.09784367292959921,1.1543942747104796,0.004972322142173594,0.006507250918156904
692,4,93.78346666666667,Forward,0.29744165833769887,380.0797203541879,17670.0,17680.1057967778,ok,0.0005716749893392189,14485.67420491895,ok,-74.4299259452091,65.91801585346712,-0.10803362700306567,-68.14689861219631,61.28135893490812,-0.09891393189757212,1.1543942747104796,0.006152049668593881,0.006507250918156904
693,4,93.91935,Forward,0.29760945290959917,379.8589501452516,17670.0,17680.029690439405,ok,0.000582926029393625,14485.457326826214,ok,-74.50603228360342,65.91790538655923,-0.10814409391096926,-68.36377670493312,61.28104414046653,-0.09922872633916692,1.1543942747104796,0.0064049796617780125,0.006507250918156904
694,4,94.05518333333333,Forward,0.2976211650079623,380.3006787616541,17660.0,17680.050146564157,ok,0.000572907548985048,14485.750988806185,ok,-74.48557615885147,65.91793507823664,-0.10811440223355168,-68.07011472496197,61.28147038526532,-0.09880248154036732,1.1543942747104796,0.005942616783836202,0.006507250918156904
695,4,94.1905,Forward,0.2976997972518679,380.1054179509374,17665.0,17679.93605072994,ok,0.0005845871404606422,14484.795266591445,ok,-74.59967199306993,65.91776947029548,-0.1082800101747128,-69.02583693970155,61.28008317258233,-0.1001896942233643,1.1543942747104796,0.007378399221732557,0.006507250918156904
696,4,94.3266,Forward,0.29765391700035104,380.15135098180326,17665.0,17679.942852919095,ok,0.0005748651691397916,14484.544661465647,ok,-74.59286980391335,65.91777934354414,-0.10827013692605891,-69.2764420655003,61.279719423991395,-0.10055344281429436,1.1543942747104796,0.007808181761190108,0.006507250918156904
697,4,94.4619,Forward,0.2977331354020621,380.40740504306814,17675.0,17679.930270997185,ok,0.000581853254962768,14486.1429608998,ok,-74.60545172582351,65.91776108112292,-0.10828839934727408,-67.67814263134642,61.28203932533103,-0.09823354147466787,1.1543942747104796,0.005111838515616959,0.006507250918156904
698,4,94.59666666666666,Forward,0.29780106870478407,380.271330361993,17665.0,17679.92007811172,ok,0.000576519836376317,14485.885395949632,ok,-74.61564461128728,65.91774628634283,-0.10830319412736143,-67.93570758151509,61.28166547468692,-0.09860739211877664,1.1543942747104796,0.005528614778685589,0.006507250918156904
699,4,94.73196666666666,Forward,0.29770177355795024,380.2640851834076,17670.0,17679.882919538275,ok,0.0005674010338056876,14485.36315191871,ok,-74.65280318473378,65.91769235137765,-0.10835712909253445,-68.45795161243768,61.28090744737297,-0.09936541943272026,1.1543942747104796,0.006349742204803249,0.006507250918156904
700,4,94.86755,Forward,0.29768770744633344,380.2487601884641,17675.0,17679.838893237902,ok,0.0005764474619778292,14484.34774434896,ok,-74.69682948510672,65.917628448037,-0.10842103243319229,-69.47335918218778,61.279433602528265,-0.10083926427742997,1.1543942747104796,0.00798723691468986,0.006507250918156904
701,4,95.00313333333334,Forward,0.2977685655651972,380.3629420750003,17665.0,17679.80851040556,ok,0.0005739148664648576,14485.090974954606,ok,-74.727212317448,65.91758434793164,-0.10846513253855677,-68.73012857654066,61.28051238766754,-0.09976047913814538,1.1543942747104796,0.006697793420892495,0.006507250918156904
702,4,95.13926666666667,Forward,0.2978114313834121,380.20292373665507,17675.0,17679.863925154164,ok,0.0005815540935912619,14485.508082070488,ok,-74.67179756884434,65.91766478138908,-0.10838469908111222,-68.313021460659,61.28111781074173,-0.09915505606395536,1.1543942747104796,0.006079329947714471,0.006507250918156904
703,4,95.27536666666667,Forward,0.29779263190503336,380.20007875372903,17670.0,17679.834203901937,ok,0.000581344197497439,14485.722507503835,ok,-74.70151882107166,65.91762164155472,-0.10842783891547875,-68.09859602731194,61.28142904519471,-0.09884382161098493,1.1543942747104796,0.0056769028427462315,0.006507250918156904
704,4,95.41068333333334,Forward,0.2978584114127197,380.59844296177835,17670.0,17679.671666785423,ok,0.0005761312495498506,14485.750800967957,ok,-74.86405593758536,65.9173857220103,-0.10866375845989051,-68.07030256319013,61.2814701126217,-0.09880275418399581,1.1543942747104796,0.005393575295741138,0.006507250918156904
705,4,95.54546666666667,Forward,0.2978538843629831,380.3345496026486,17665.0,17679.687957869908,ok,0.0005704408262017407,14485.229956613033,ok,-74.84776485310067,65.9174093682107,-0.10864011225949002,-68.59114691811374,61.28071411691094,-0.09955874989475187,1.1543942747104796,0.006289938616344096,0.006507250918156904
706,4,95.68183333333333,Forward,0.2978527284147808,380.2059282019436,17675.0,17679.73052187746,ok,0.0005765813773914991,14485.277662091696,ok,-74.80520084554882,65.91747114906104,-0.10857833140915038,-68.54344143945127,61.28078336050916,-0.09948950629653014,1.1543942747104796,0.006271785053336226,0.006507250918156904
707,4,95.81821666666667,Forward,0.29785728787783083,380.56018405240684,17665.0,17679.683308505522,ok,0.0005757874023985674,14485.84308390942,ok,-74.85241421748651,65.91740261974641,-0.10864686072378692,-67.97801962172707,61.2816040595624,-0.09866880724329746,1.1543942747104796,0.0052558454503875696,0.006507250918156904
708,4,95.95378333333333,Forward,0.29768582838993485,380.49943139487004,17670.0,17679.650446158616,ok,0.0005727961146867447,14485.254488460803,ok,-74.88527656439328,65.91735492067264,-0.10869455979755442,-68.56661507034369,61.28074972442308,-0.09952314238261172,1.1543942747104796,0.006194385970128419,0.006507250918156904
709,4,96.09076666666667,Forward,0.29785335199841834,380.26212268491145,17665.0,17679.666013794304,ok,0.000580021943411667,14485.167169370157,ok,-74.86970892870522,65.91737751680083,-0.1086719636693723,-68.65393416098959,61.280622982417775,-0.0996498843879179,1.1543942747104796,0.006363292343601321,0.006507250918156904
710,4,96.22618333333334,Forward,0.29787686660559015,380.3952339400312,17665.0,17679.643641855542,ok,0.000586009771042648,14485.227996222575,ok,-74.89208086746658,65.91734504435567,-0.10870443611451834,-68.59310730857214,61.28071127144134,-0.09956159536435129,1.1543942747104796,0.006228899555130216,0.006507250918156904
711,4,96.3623,Forward,0.2979073098776305,380.41203639791274,17675.0,17679.597171670393,ok,0.0005714206295619267,14484.118265572906,ok,-74.93855105261537,65.91727759376258,-0.10877188670761478,-69.7028379582407,61.27910051843362,-0.10117234837206512,1.1543942747104796,0.008020893012111313,0.006507250918156904
712,4,96.4976,Forward,0.29801515987414684,380.2498689822605,17670.0,17679.518107815504,ok,0.0005872435673633371,14485.817893555824,ok,-75.01761490750505,65.91716283407553,-0.1088866463946641,-68.00320997532253,61.28156749624153,-0.098705370564164,1.1543942747104796,0.00505826826778312,0.006507250918156904
713,4,96.63238333333334,Forward,0.2982415138564453,380.2578936639802,17670.0,17679.481343902404,ok,0.0005878219687176856,14485.077641174588,ok,-75.05437882060505,65.91710947195237,-0.1089400085178233,-68.74346235655867,61.28049303393854,-0.09977983286715576,1.1543942747104796,0.006245259275589846,0.006507250918156904
714,4,96.76903333333334,Forward,0.29809871006631156,380.6403416865578,17665.0,17679.456484524206,ok,0.0005874580325869728,14484.746629741281,ok,-75.07923819880307,65.91707338903602,-0.10897609143417271,-69.0744737898658,61.280012577116025,-0.10026028968967064,1.1543942747104796,0.006763812964397209,0.006507250918156904
715,4,96.9049,Forward,0.2980964749700725,380.5650949091396,17665.0,17679.524204631514,ok,0.0005799549967364964,14485.415385596854,ok,-75.01151809149451,65.91717168348842,-0.10887779698176432,-68.40571793429262,61.28098326356693,-0.09928960323876253,1.1543942747104796,0.005741552535338229,0.006507250918156904
716,4,97.041,Forward,0.2981009622265479,380.63457812291017,17665.0,17679.40709712795,ok,0.0005719800023937392,14485.260066300321,ok,-75.12862559505811,65.91700170416628,-0.10904777630390639,-68.5610372308256,61.280757820551436,-0.09951504625425572,1.1543942747104796,0.005831823339554981,0.006507250918156904
717,4,97.17605,Forward,0.29815790761565,380.5651004688043,17675.0,17679.37678004184,ok,0.0005783964441128487,14485.467742156874,ok,-75.15894268116972,65.91695769949033,-0.10909178097986444,-68.35336137427294,61.2810592581216,-0.09921360868409249,1.1543942747104796,0.005439840858417852,0.006507250918156904
718,4,97.31241666666666,Forward,0.2981616674626131,380.5749209086971,17670.0,17679.395460312615,ok,0.0005708401753666741,14485.158417953027,ok,-75.14026241039392,65.91698481354935,-0.10906466692083938,-68.66268557811964,61.28061027990166,-0.09966258690403583,1.1543942747104796,0.005985252804015198,0.006507250918156904
719,4,97.44776666666667,Forward,0.2980640246007632,380.29860455323796,17665.0,17679.383853159485,ok,0.000575989661319863,14486.022971861306,ok,-75.15186956352409,65.91696796598654,-0.10908151448364303,-67.79813166984059,61.28186516351553,-0.09840770329015426,1.1543942747104796,0.004519774781918673,0.006507250918156904
720,4,97.58306666666667,Forward,0.2981814193974952,380.56521446949773,17665.0,17679.363957934023,ok,0.0005756748320126663,14484.880187700734,ok,-75.17176478898546,65.91693908844383,-0.10911039202636982,-68.94091583041336,61.28020643396314,-0.10006643284255518,1.1543942747104796,0.006405725137776569,0.006507250918156904
721,4,97.7189,Forward,0.2980495064564057,380.62965297738265,17665.0,17679.364796132264,ok,0.0005796285083145817,14485.056346849855,ok,-75.17092659074478,65.91694030507269,-0.10910917539750802,-68.76475668129206,61.28046212562973,-0.09981074117596185,1.1543942747104796,0.006111772770631865,0.006507250918156904
722,4,97.85421666666667,Forward,0.2982027873460158,380.5588703506219,17670.0,17679.273848767687,ok,0.0005979171828593979,14484.618716281047,ok,-75.26187395532179,65.91680829669653,-0.10924118377366651,-69.20238725009949,61.279826913152554,-0.10044595365313784,1.1543942747104796,0.006713050041349991,0.006507250918156904
723,4,97.99058333333333,Forward,0.2982590121940715,380.7090824999359,17665.0,17679.259445739946,ok,0.0005671867288577378,14485.306300090295,ok,-75.27627698306242,65.9167873909747,-0.10926208949548318,-68.51480344085212,61.28082492802142,-0.09944793878427637,1.1543942747104796,0.005540041668843712,0.006507250918156904
724,4,98.12536666666666,Forward,0.2983712466831218,380.91432964782143,17665.0,17679.209328896795,ok,0.0005744594824918438,14485.706476376201,ok,-75.32639382621346,65.91671464732663,-0.1093348331435628,-68.11462715494599,61.281405776316745,-0.09886709048894311,1.1543942747104796,0.004796770074156034,0.006507250918156904
725,4,98.26093333333333,Forward,0.29817888585423324,380.6162164369307,17670.0,17679.16197317604,ok,0.0005829011744989057,14485.766620851296,ok,-75.37374954696861,65.91664591139538,-0.10940356907481026,-68.05448267985048,61.28149307488256,-0.0987797919231277,1.1543942747104796,0.004627257178340838,0.006507250918156904
726,4,98.39731666666667,Forward,0.2983034296718088,380.4990178031949,17660.0,17679.230187374287,ok,0.0005760701795076918,14484.879224904791,ok,-75.3055353487216,65.91674492301142,-0.10930455745876815,-68.9418786263559,61.28020503648307,-0.10006783032262002,1.1543942747104796,0.00621317294836414,0.006507250918156904
727,4,98.5332,Forward,0.29834340521033237,380.5324254073457,17675.0,17679.076233001997,ok,0.0005702234319875052,14485.527758981618,ok,-75.45948972101178,65.9165214611576,-0.1095280193125893,-68.29334454952914,61.28114637140535,-0.09912649540034352,1.1543942747104796,0.004903039449681942,0.006507250918156904
728,4,98.66956666666667,Forward,0.2984318873458647,380.68698865438273,17675.0,17679.090552812617,ok,0.0005611238027976658,14485.44686287862,ok,-75.445169910392,65.91654224609135,-0.1095072343788465,-68.37424065252708,61.281028952244895,-0.09924391456079941,1.1543942747104796,0.005059372389996333,0.006507250918156904
729,4,98.80486666666667,Forward,0.2985152661965965,380.79337550375567,17675.0,17679.025934832225,ok,0.0005735051887423856,14485.57234697752,ok,-75.50978789078363,65.91644845431736,-0.10960102615282274,-68.24875655362666,61.28121109003642,-0.09906177676926912,1.1543942747104796,0.004755321792269132,0.006507250918156904
730,4,98.94016666666667,Forward,0.2985276212807959,380.6297749661935,17665.0,17679.064038418044,ok,0.0005902304247612798,14486.574452139343,ok,-75.47168430496458,65.91650376095009,-0.10954571952009971,-67.24665139180433,61.282665626688114,-0.09760724011757535,1.1543942747104796,0.003131519641920308,0.006507250918156904
731,4,99.07601666666666,Forward,0.2985075933358798,380.8765384726794,17665.0,17678.971795393376,ok,0.0005760244538188496,14485.55401065178,ok,-75.56392732963286,65.91636987194786,-0.1096796085223269,-68.26709287936683,61.2811844752071,-0.09908839159859299,1.1543942747104796,0.004707463429358835,0.006507250918156904
732,4,99.21178333333333,Forward,0.29890550859576503,380.96825322099903,17660.0,17678.517368041496,ok,0.000560325248938977,14485.141151460213,ok,-76.0183546815133,65.91571027925838,-0.11033920121182093,-68.67995207093372,61.28058521791455,-0.09968764889114168,1.1543942747104796,0.004739649927461509,0.006507250918156904
733,4,99.34813333333334,Forward,0.29888478088569426,381.0010118128521,17660.0,17678.463325656674,ok,0.0005717063646595439,14484.91585139984,ok,-76.07239706633482,65.91563183776094,-0.1104176427092431,-68.90525213130604,61.28025819914654,-0.10001466765915643,1.1543942747104796,0.005038717023558445,0.006507250918156904
734,4,99.4843,Forward,0.29877535216497686,381.1156211475609,17675.0,17678.421785760653,ok,0.0005799886197609443,14483.945050185102,ok,-76.11393696235609,65.91557154338909,-0.11047793708110386,-69.8760533460445,61.278849099580796,-0.1014237672248927,1.1543942747104796,0.006605079122880664,0.006507250918156904
735,4,99.62038333333334,Forward,0.29875004823961887,381.1710843645851,17670.0,17678.375456995433,ok,0.0005666361937046736,14484.583557169051,ok,-76.16026572757619,65.91550429806433,-0.11054518240585381,-69.2375463620956,61.27977588036779,-0.10049698643790701,1.1543942747104796,0.005467963363722753,0.006507250918156904
736,4,99.75626666666666,Forward,0.2988655390391395,380.9983851080651,17665.0,17678.544118791157,ok,0.000570333640698378,14485.156301757996,ok,-75.9916039318523,65.91574910746456,-0.11030037300563601,-68.66480177315134,61.28060720828467,-0.09966565852102076,1.1543942747104796,0.00475309257628008,0.006507250918156904
737,4,99.89208333333333,Forward,0.2990092287688244,381.1796016365515,17660.0,17678.45450860578,ok,0.000570427919849581,14484.776093705605,ok,-76.08121411722823,65.91561903997867,-0.11043044049152476,-69.04500982554237,61.28005534350187,-0.10021752330382078,1.1543942747104796,0.005260094636070023,0.006507250918156904
738,4,100.02768333333333,Forward,0.2989399224646339,381.15761367106825,17665.0,17678.47878157545,ok,0.0005806292989328279,14484.989114932574,ok,-76.05694114755897,65.91565427173416,-0.11039520873604194,-68.83198859857293,61.280364539775896,-0.09990832702979664,1.1543942747104796,0.004938391983057552,0.006507250918156904
739,4,100.16298333333333,Forward,0.2988625526983502,380.9437226952068,17660.0,17678.400007514396,ok,0.0005713890447810274,14485.595997228527,ok,-76.13571520861296,65.91553993267736,-0.11050954779283059,-68.22510630261968,61.281245417927565,-0.09902744887812359,1.1543942747104796,0.003807172231259995,0.006507250918156904
740,4,100.29883333333333,Forward,0.29892369987392114,381.1503998692242,17660.0,17678.427393569942,ok,0.0005674124245127565,14483.695949423549,ok,-76.10832915306673,65.915579683018,-0.1104697974521928,-70.12515410759806,61.27848753454606,-0.10178533225962978,1.1543942747104796,0.007030607357827706,0.006507250918156904
741,4,100.43395,Forward,0.2988312088242887,381.2083503339527,17675.0,17678.353102952606,ok,0.0005788985321641506,14484.824782683789,ok,-76.18261977040311,65.9154718515948,-0.11057762887539016,-68.99632084735822,61.28012601463101,-0.10014685217468142,1.1543942747104796,0.005031323905338808,0.006507250918156904
742,4,100.5695,Forward,0.29915225196016776,380.98386916253,17665.0,17678.228238100666,ok,0.0005770221711655757,14484.66029405703,ok,-76.3074846223426,65.9152906126285,-0.1107588678416919,-69.16080947411683,61.27988726250646,-0.100385604299231,1.1543942747104796,0.005125699024692079,0.006507250918156904
743,4,100.70428333333334,Forward,0.29905969680972455,381.0887299051319,17660.0,17678.20699250971,ok,0.0005742722885665586,14485.214295333615,ok,-76.32873021329942,65.91525977505584,-0.11078970541434484,-68.60680819753179,61.28069138486066,-0.09958148194503345,1.1543942747104796,0.00416658721018677,0.006507250918156904
744,4,100.83948333333333,Forward,0.298737072260713,380.9887720644583,17670.0,17678.65638855774,ok,0.0005820342147346357,14484.296002380614,ok,-75.87933416526721,65.91591206490315,-0.11013741556703929,-69.52510115053337,61.27935850004176,-0.10091436676393206,1.1543942747104796,0.006357551661277383,0.006507250918156904
745,4,100.97483333333334,Forward,0.29885688384165726,381.28530521205903,17665.0,17678.654422615353,ok,0.0005699653514524755,14486.415778467546,ok,-75.88130010765599,65.91590921137504,-0.11014026909516043,-67.40532506360069,61.28243531486049,-0.09783755194519524,1.1543942747104796,0.0028028407220620916,0.006507250918156904
746,4,101.10986666666666,Forward,0.2986982942806302,380.9187923432364,17660.0,17678.571344171167,ok,0.0005730218413078395,14484.456129586662,ok,-75.96437855184195,65.91578862458769,-0.11026085588249362,-69.36497394448452,61.2795909216468,-0.1006819451588903,1.1543942747104796,0.0059658051756438235,0.006507250918156904
747,4,101.24596666666666,Forward,0.2988089836376362,381.1550559490461,17665.0,17678.642256161143,ok,0.0005788648293102085,14484.71542968322,ok,-75.89346656186535,65.9158915519973,-0.11015792847288132,-69.10567384792739,61.27996729082301,-0.10030557598268108,1.1543942747104796,0.005634254163062707,0.006507250918156904
748,4,101.38235,Forward,0.29938785779530297,381.1611099023103,17665.0,17678.19298443853,ok,0.0005798796954271224,14485.256928398503,ok,-76.3427382844784,65.915239442606,-0.11081003786419702,-68.56417513264387,61.280753265946416,-0.09951960085927919,1.1543942747104796,0.004074819589227008,0.006507250918156904
749,4,101.51848333333334,Forward,0.2992513504253135,381.4447659222169,17665.0,17677.953572901162,ok,0.0005785962382460192,14484.8221251996,ok,-76.58214982184654,65.91489194129655,-0.11115753917364747,-68.99897833154682,61.28012215734307,-0.10015070946261974,1.1543942747104796,0.004455866438193415,0.006507250918156904
750,4,101.6538,Forward,0.29951245048128305,381.4123930328424,17675.0,17677.91132879321,ok,0.0005770682047897384,14484.344753424686,ok,-76.62439392980014,65.91483062477441,-0.1112188556957826,-69.47635010646081,61.27942926125836,-0.10084360554733188,1.1543942747104796,0.005194425189219282,0.006507250918156904
751,4,101.7894,Forward,0.2994097583470796,381.278442707051,17660.0,17677.86983473543,ok,0.0005788630871010351,14484.395620475865,ok,-76.66588798757948,65.9147703969359,-0.11127908353430387,-69.4254830552818,61.27950309381917,-0.1007697729865167,1.1543942747104796,0.005048965465205751,0.006507250918156904
752,4,101.92443333333334,Forward,0.299491085747789,381.28652051132303,17670.0,17677.868400990803,ok,0.0005740672997888388,14484.149415661557,ok,-76.66732173220589,65.91476831588272,-0.1112811645874585,-69.67168786958973,61.27914573219699,-0.10112713460870723,1.1543942747104796,0.005459420622709127,0.006507250918156904
753,4,102.06106666666666,Forward,0.2994137943112445,381.410264295464,17670.0,17677.867877660578,ok,0.000569899409672398,14484.501054895949,ok,-76.6678450624313,65.91476755627883,-0.11128192419136315,-69.32004863519796,61.27965612988186,-0.10061673692383127,1.1543942747104796,0.0048694608535581885,0.006507250918156904
754,4,102.19613333333334,Forward,0.29884979491745467,381.2545358707066,17665.0,17678.505187309896,ok,0.0005759553221130573,14485.358307951898,ok,-76.03053541311237,65.9156925991573,-0.11035688131290242,-68.46279557924936,61.28090041644694,-0.09937245035875038,1.1543942747104796,0.004358106445190371,0.006507250918156904
755,4,102.33251666666666,Forward,0.29890810961561565,381.1771571623067,17665.0,17678.390498709643,ok,0.0005845555885615167,14486.624429044154,ok,-76.1452240133658,65.91552613082746,-0.11052334964272992,-67.19667448699329,61.28273816721835,-0.09753469958734429,1.1543942747104796,0.002070149146506911,0.006507250918156904
756,4,102.46755,Forward,0.29887388541870263,381.15463652024846,17675.0,17678.490610428966,ok,0.000581704707920698,14485.3850192515,ok,-76.04511229404307,65.91567144109086,-0.11037803937932981,-68.43608427964682,61.280939187392114,-0.09933367941357771,1.1543942747104796,0.004292191421630523,0.006507250918156904
757,4,102.60285,Forward,0.29897151756379714,381.3185284186693,17665.0,17678.36353131633,ok,0.0005691377995430583,14485.106822637585,ok,-76.17219140668021,65.91548698816712,-0.11056249230307218,-68.71428089356232,61.28053539027906,-0.09973747652662854,1.1543942747104796,0.004573879573338657,0.006507250918156904
758,4,102.7379,Forward,0.2988537784718146,380.9951456843992,17665.0,17678.41688795549,ok,0.000580101986637622,14485.336935849278,ok,-76.11883476751973,65.9155644343177,-0.11048504615248157,-68.48416768186871,61.280869395245006,-0.09940347156068399,1.1543942747104796,0.004265752303518014,0.006507250918156904
759,4,102.87348333333334,Forward,0.29900969964356977,381.0551703061792,17675.0,17678.321321488052,ok,0.0005813058506112072,14484.830582220244,ok,-76.21440123495631,65.91542572140129,-0.11062375906890506,-68.9905213109032,61.280134432548266,-0.1001384342574228,1.1543942747104796,0.004975476116335573,0.006507250918156904
760,4,103.00933333333333,Forward,0.29906225170368567,381.0208344793755,17665.0,17678.38556028669,ok,0.0005788593577160964,14485.33000679179,ok,-76.15016243631908,65.91551896280014,-0.11053051767005953,-68.49109673935709,61.28085933784938,-0.09941352895631721,1.1543942747104796,0.004231890985877534,0.006507250918156904
761,4,103.14598333333333,Forward,0.29894421045278596,381.32407931619673,17670.0,17678.353406107177,ok,0.0005812434895461002,14484.971458302589,ok,-76.18231661583195,65.91547229161792,-0.11057718885227515,-68.84964522855807,61.280338911512075,-0.09993395529361286,1.1543942747104796,0.004785996987844571,0.006507250918156904
762,4,103.28155,Forward,0.29897457284742224,381.296073847494,17675.0,17678.335936711275,ok,0.0005710408037994128,14484.649085739586,ok,-76.19978601173352,65.91544693512083,-0.11060254534936731,-69.1720177915613,61.2798709938461,-0.1004018729595951,1.1543942747104796,0.0053008019653982,0.006507250918156904
763,4,103.41658333333334,Forward,0.2990142894155525,381.0323013835914,17665.0,17678.303515391544,ok,0.0005771372286128705,14485.194461972034,ok,-76.23220733146445,65.91539987618964,-0.1106496042805469,-68.62664155911261,61.28066259711218,-0.09961026969351001,1.1543942747104796,0.0043399207560078645,0.006507250918156904
764,4,103.55375,Forward,0.2990938997582342,381.30531297718335,17675.0,17678.39984941903,ok,0.0005693904836751195,14485.275397641626,ok,-76.13587330397786,65.91553970320493,-0.11050977726525671,-68.54570588952083,61.2807800737028,-0.09949279310289297,1.1543942747104796,0.00434413346767723,0.006507250918156904
765,4,103.68881666666667,Forward,0.2990007442697698,381.24684858408364,17660.0,17678.370607483677,ok,0.0005831366335412108,14485.42558578995,ok,-76.1651152393315,65.91549725908993,-0.11055222138026453,-68.39551774119718,61.280998068953906,-0.09927479785178628,1.1543942747104796,0.004050036882877764,0.006507250918156904
766,4,103.82411666666667,Forward,0.29900375263836276,381.18555745982667,17665.0,17678.28066946773,ok,0.0005858637198138247,14485.386624390425,ok,-76.25505325527774,65.91536671576418,-0.11068276470601345,-68.43447914072203,61.280941517220846,-0.09933134958484703,1.1543942747104796,0.0039847765539991475,0.006507250918156904
767,4,103.95995,Forward,0.29917925208972185,381.2277155411066,17665.0,17678.351262964385,ok,0.0005702929088994396,14484.522520261888,ok,-76.18445975862414,65.91546918088676,-0.11058029958342375,-69.29858326925932,61.279687286453736,-0.10058558035195712,1.1543942747104796,0.005535118493306471,0.006507250918156904
768,4,104.09525,Forward,0.2990534696100775,381.13328537603957,17660.0,17678.390295926023,ok,0.0005758319228378681,14485.246139878649,ok,-76.1454267969857,65.91552583649087,-0.11052364397931128,-68.5749636524979,61.280737606614295,-0.09953526019139626,1.1543942747104796,0.00437929051745449,0.006507250918156904
769,4,104.2316,Forward,0.29907213719442527,381.166374245764,17665.0,17678.318826946386,ok,0.0005788683385473404,14485.316975610913,ok,-76.21689577662255,65.91542210062133,-0.11062737984886005,-68.50412792023417,61.28084042333728,-0.09943244346840903,1.1543942747104796,0.004156863611544756,0.006507250918156904
770,4,104.36743333333334,Forward,0.299041420328492,381.1950691494967,17660.0,17678.34457714172,ok,0.0005806227739213562,14485.250966583777,ok,-76.19114558128786,65.91545947654187,-0.11059000392831847,-68.57013694736997,61.28074461248532,-0.09952825432037299,1.1543942747104796,0.004304843031048666,0.006507250918156904
771,4,104.50275,Forward,0.2991434038513465,381.0555808555,17675.0,17678.316100911936,ok,0.0005669022522293251,14485.870987674278,ok,-76.21962181107301,65.91541814383399,-0.11063133663620438,-67.95011585686916,61.28164456134829,-0.09862830545740478,1.1543942747104796,0.00322461450822005,0.006507250918156904
772,4,104.63831666666667,Forward,0.2990438552581196,381.1153597505654,17665.0,17678.316111616263,ok,0.0005807348486204187,14485.249008765593,ok,-76.21961110674602,65.91541815937111,-0.11063132109907658,-68.57209476555363,61.28074177074933,-0.09953109605636436,1.1543942747104796,0.0042668063440492315,0.006507250918156904
773,4,104.77423333333333,Forward,0.2992254340471295,381.07174652186586,17665.0,17678.365656582595,ok,0.0005748900366308808,14485.27695074028,ok,-76.17006614041384,65.91549007295083,-0.11055940751936202,-68.54415279086606,61.280782327996064,-0.09949053880962803,1.1543942747104796,0.004291900870333348,0.006507250918156904
774,4,104.909,Forward,0.2989525387015476,381.0829164156785,17665.0,17678.287387890938,ok,0.0005735427080667951,14484.164307053925,ok,-76.24833483207112,65.91537646742815,-0.1106730130420485,-69.65679647722209,61.279167346770805,-0.10110552003488935,1.1543942747104796,0.006042620427853446,0.006507250918156904
775,4,105.0459,Forward,0.2989323082976378,381.1683909516214,17665.0,17678.458206829066,ok,0.0005804995732030084,14485.620188910907,ok,-76.0775158939432,65.91562440787968,-0.11042507259051082,-68.20091462023993,61.28128053169609,-0.09899233510960104,1.1543942747104796,0.003851112300233814,0.006507250918156904
776,4,105.1815,Forward,0.2990016476386623,381.2250711109191,17665.0,17678.42118141213,ok,0.0005762364425961573,14485.895493674932,ok,-76.11454131087885,65.91557066618866,-0.11047881428153175,-67.92560985621458,61.28168013134383,-0.0985927354618629,1.1543942747104796,0.0033360750636876463,0.006507250918156904
777,4,105.3168,Forward,0.29903622013499553,381.01910719476655,17665.0,17678.347067853578,ok,0.0005824389865187327,14486.259212767813,ok,-76.18865486943105,65.91546309176293,-0.11058638870725929,-67.5618907633343,61.282208062714375,-0.09806480409131381,1.1543942747104796,0.0026190596863581855,0.006507250918156904
778,4,105.45211666666667,Forward,0.29909495790143037,380.8131210000938,17670.0,17678.30472523273,ok,0.0005718625985117116,14485.931445152504,ok,-76.23099749027824,65.9154016322512,-0.11064784821899258,-67.88965837864271,61.281732314232215,-0.09854055257347646,1.1543942747104796,0.003106801498635667,0.006507250918156904
779,4,105.58716666666666,Forward,0.2989205549592514,381.4556589692402,17665.0,17678.3561933853,ok,0.0005836426926046934,14485.2003963689,ok,-76.17952933770721,65.9154763372993,-0.11057314317089822,-68.62070716224662,61.280671210776774,-0.09960165602892057,1.1543942747104796,0.004406438300570206,0.006507250918156904
780,4,105.72328333333333,Forward,0.2990693562061535,381.28550034130967,17670.0,17678.42456134747,ok,0.0005790395130785321,14485.221071563128,ok,-76.11116137553836,65.91557557210075,-0.1104739083694375,-68.60003196801881,61.28070122042938,-0.09957164637631032,1.1543942747104796,0.004471030130871606,0.006507250918156904
781,4,105.85991666666666,Forward,0.29911352668216507,381.0683944462653,17665.0,17678.338943193354,ok,0.0005717647689358711,14485.158590939456,ok,-76.19677952965503,65.91545129897258,-0.11059818149760561,-68.66251259169076,61.280610530988184,-0.09966233581751253,1.1543942747104796,0.004451448374404018,0.006507250918156904
782,4,105.99525,Forward,0.2989806603103219,380.82094596479874,17665.0,17678.284655186788,ok,0.0005825033713218809,14485.7094732816,ok,-76.25106753622094,65.91537250095986,-0.11067697951033505,-68.11163024954658,61.28141012626814,-0.0988627405375496,1.1543942747104796,0.003449602148399858,0.006507250918156904
783,4,106.13081666666666,Forward,0.2991558608616318,381.0231309652663,17665.0,17678.331401443287,ok,0.0005766147014817825,14486.0293928774,ok,-76.20432127972163,65.91544035226528,-0.1106091282049051,-67.79171065374612,61.28187448349871,-0.09839838330697652,1.1543942747104796,0.0029814021254358364,0.006507250918156904
784,4,106.26558333333334,Forward,0.29908985561523654,381.24738093272754,17670.0,17678.405950974797,ok,0.0005789303681048573,14485.161574053613,ok,-76.12977174821208,65.9155485594975,-0.11050092097269201,-68.6595294775343,61.280614860921844,-0.09965800588384684,1.1543942747104796,0.0045437104486840685,0.006507250918156904
785,4,106.40141666666666,Forward,0.2990630276600996,380.9534746024219,17665.0,17678.323252365968,ok,0.0005739796045240156,14485.517328231712,ok,-76.21247035704073,65.91542852403398,-0.11062095643620226,-68.30377529943507,61.28113123136953,-0.09914163543616096,1.1543942747104796,0.0038275798967355584,0.006507250918156904
786,4,106.53753333333333,Forward,0.2988163072149396,380.948857043677,17665.0,17678.3848747207,ok,0.0005681344914484334,14485.330406591258,ok,-76.15084800230761,65.9155179677141,-0.11053151275609988,-68.49069693988895,61.280859918150725,-0.09941294865496572,1.1543942747104796,0.004230226003279422,0.006507250918156904
787,4,106.67338333333333,Forward,0.29891330667202554,381.0613615873881,17665.0,17678.381225113477,ok,0.0005842379163520364,14484.659966596095,ok,-76.15449760953197,65.91551267037838,-0.11053681009182306,-69.16113693505213,61.279886787203125,-0.10038607960257294,1.1543942747104796,0.005348305462017602,0.006507250918156904
788,4,106.8095,Forward,0.29897813148730373,381.1169176225703,17670.0,17678.416137254088,ok,0.0005655052783075452,14484.75498135384,ok,-76.11958546892129,65.91556334468885,-0.11048613578133953,-69.06612217730617,61.280024699323384,-0.10024816748231005,1.1543942747104796,0.005239774810456468,0.006507250918156904
789,4,106.9454,Forward,0.2990389987509673,381.10294454979885,17660.0,17678.372227623022,ok,0.0005849944505051282,14485.52244726242,ok,-76.1634950999869,65.91549961069148,-0.11054986977870879,-68.29865626872743,61.2811386615456,-0.09913420526009852,1.1543942747104796,0.003890089201522451,0.006507250918156904
790,4,107.08095,Forward,0.2989700107441532,380.8944229419394,17670.0,17678.361271240738,ok,0.0005739753401804308,14485.927296348238,ok,-76.17445148227125,65.91548370771022,-0.11056577275996234,-67.89380718290886,61.28172629232145,-0.09854657448424564,1.1543942747104796,0.0031958286169806727,0.006507250918156904
791,4,107.21626666666667,Forward,0.2989237979614603,381.10855292760243,17665.0,17678.424588962174,ok,0.0005737502421903622,14485.35968613774,ok,-76.11113376083449,65.91557561218298,-0.11047386828721815,-68.46141739340783,61.28090241685757,-0.09937044994811911,1.1543942747104796,0.0042388102082948215,0.006507250918156904
792,4,107.35158333333334,Forward,0.2989675796725576,381.08402139625105,17665.0,17678.45119560573,ok,0.0005667439174732293,14484.719986422766,ok,-76.08452711728023,65.91561423122188,-0.11043524924831624,-69.101117108381,61.27997390484411,-0.10029896196158335,1.1543942747104796,0.005349298199539748,0.006507250918156904
793,4,107.48661666666666,Forward,0.29891427223219796,380.7580739013283,17670.0,17678.421010245664,ok,0.0005880864637507226,14485.019904912866,ok,-76.11471247734517,65.91557041774378,-0.11047906272641388,-68.80119861828098,61.2804092308488,-0.09986363595689753,1.1543942747104796,0.004802946874000222,0.006507250918156904
794,4,107.62278333333333,Forward,0.298775969250364,380.94864489886095,17665.0,17678.46193005774,ok,0.0005768107901893593,14485.019686117806,ok,-76.07379266526914,65.91562981207554,-0.11041966839464856,-68.80141741334046,61.28040891327191,-0.09986395353378003,1.1543942747104796,0.004862707814700468,0.006507250918156904
795,4,107.7586,Forward,0.2988934512766131,381.0905240534048,17665.0,17678.382199153253,ok,0.0005712770390798933,14485.13168043107,ok,-76.15352356975563,65.91551408417865,-0.11053539629154654,-68.68942310007697,61.28057147089523,-0.09970139591045954,1.1543942747104796,0.004559324328130776,0.006507250918156904
796,4,107.8939,Forward,0.29900605511376543,381.20375575663275,17670.0,17678.327381281095,ok,0.0005753322943590069,14485.66618894854,ok,-76.20834144191394,65.91543451707605,-0.11061496339414197,-68.15491458260658,61.28134729987898,-0.0989255669267136,1.1543942747104796,0.0035841446885445938,0.006507250918156904
797,4,108.02868333333333,Forward,0.2990297209976813,380.99005345965634,17660.0,17678.315500894496,ok,0.000579482707569823,14485.270150404767,ok,-76.22022182851288,65.91541727292005,-0.11063220755014752,-68.55095312637968,61.280772457437934,-0.09950040936775427,1.1543942747104796,0.004230495355336983,0.006507250918156904
798,4,108.16506666666666,Forward,0.298853068574455,380.8671989524664,17665.0,17678.335144290766,ok,0.0005907996641000362,14485.74244958349,ok,-76.20057843224276,65.91544578493748,-0.11060369553271947,-68.07865394765759,61.28145799074541,-0.09881487606028494,1.1543942747104796,0.003467631647499095,0.006507250918156904
799,4,108.30118333333333,Forward,0.2990697341617585,380.77094883277823,17665.0,17678.36066688126,ok,0.0005784026394602618,14485.652512800976,ok,-76.17505584174796,65.9154828304939,-0.11056664997628969,-68.16859073017076,61.28132744920997,-0.09894541759572911,1.1543942747104796,0.003655373605057549,0.006507250918156904
800,4,108.43675,Forward,0.2989130610732204,380.9274245101151,17675.0,17678.25397869339,ok,0.0005823501101802135,14486.124554934511,ok,-76.28174402962031,65.91532797461103,-0.11072150585916024,-67.6965485966357,61.282012609421216,-0.09826025738447754,1.1543942747104796,0.0027095726970587514,0.006507250918156904
801,4,108.57206666666667,Forward,0.29897595883077843,381.0322544412593,17665.0,17678.320749486436,ok,0.0005760595410204077,14485.037658046866,ok,-76.2149732365724,65.91542489115179,-0.11062458931841093,-68.7834454842814,61.280434999186355,-0.09983786761933318,1.1543942747104796,0.0046276734606500725,0.006507250918156904
802,4,108.7079,Forward,0.2989583605983783,380.9815751466522,17670.0,17678.304553136124,ok,0.0005854863023394683,14485.656514383592,ok,-76.23116958688479,65.91540138245624,-0.11064809801395561,-68.16458914755458,61.2813332574313,-0.0989396093743949,1.1543942747104796,0.0035672205899371645,0.006507250918156904
803,4,108.8438,Forward,0.29887934075378797,381.21716915806974,17665.0,17678.355083461174,ok,0.0005618898460881901,14485.822698951104,ok,-76.18063926183459,65.91547472626546,-0.11057475420473517,-67.99840458004292,61.28157447118171,-0.09869839562398171,1.1543942747104796,0.0033621086266991673,0.006507250918156904
804,4,108.97936666666666,Forward,0.2988443355051311,380.85394033756893,17675.0,17678.349678899038,ok,0.0005777135800917101,14484.885995807477,ok,-76.18604382397098,65.91546688164594,-0.11058259882425538,-68.93510772366972,61.28021486432001,-0.10005800248568503,1.1543942747104796,0.004923786384186363,0.006507250918156904
805,4,109.1147,Forward,0.29883335496658714,381.0457743978477,17670.0,17678.337242420912,ok,0.0005762232544920693,14485.949804423666,ok,-76.19848030209687,65.91544883033362,-0.11060065013657394,-67.87129910748081,61.28175896236638,-0.0985139044393078,1.1543942747104796,0.0031232371275382864,0.006507250918156904
806,4,109.25053333333334,Forward,0.29891848539304133,380.96501509182417,17665.0,17678.296530236148,ok,0.0005670060070850951,14485.629469808464,ok,-76.2391924868607,65.91538973736897,-0.1106597431012303,-68.19163372268304,61.28129400274301,-0.09897886406267761,1.1543942747104796,0.0036008908900715675,0.006507250918156904
807,4,109.38651666666667,Forward,0.29896185188832364,381.06673749187394,17665.0,17678.31097435052,ok,0.0005764939898061328,14485.00982588259,ok,-76.22474837248956,65.91541070272724,-0.11063877774294806,-68.81127764855773,61.28039460132736,-0.09987826547833858,1.1543942747104796,0.004660120093259348,0.006507250918156904
808,4,109.52155,Forward,0.29896691340213466,380.99018862753655,17660.0,17678.2752551627,ok,0.0005718382965189049,14484.252787290457,ok,-76.260467560307,65.91535885700304,-0.11069062346715802,-69.56831624068946,61.27929577415736,-0.10097709264833322,1.1543942747104796,0.00587675416298751,0.006507250918156904
809,4,109.65715,Forward,0.2991084563367735,380.9807790893501,17665.0,17678.251123760234,ok,0.0005777850979764064,14485.858215663606,ok,-76.28459896277491,65.91532383072966,-0.11072564974053087,-67.96288786754121,61.28162602301684,-0.09864684378885548,1.1543942747104796,0.0031517019475829355,0.006507250918156904
810,4,109.79418333333334,Forward,0.2989646081744744,380.84060911278357,17665.0,17678.23138690282,ok,0.0005770672580872503,14485.983192146345,ok,-76.30433582019032,65.91529518305515,-0.11075429741504017,-67.83791138480228,61.281807424013124,-0.09846544279256386,1.1543942747104796,0.0029136460015278115,0.006507250918156904
811,4,109.93028333333334,Forward,0.2989108642504117,380.92848973487344,17660.0,17678.303668126187,ok,0.0005793269237885771,14485.24842513662,ok,-76.2320545968214,65.91540009788109,-0.11064938258910696,-68.57267839452652,61.280740923622936,-0.09953194318275826,1.1543942747104796,0.004249722771877934,0.006507250918156904
812,4,110.06533333333333,Forward,0.298981853630773,381.19802567758234,17670.0,17678.304890244213,ok,0.0005798843975011227,14485.580031047972,ok,-76.23083247879549,65.91540187176224,-0.11064760870795247,-68.24107248317523,61.281222243319064,-0.09905062348662813,1.1543942747104796,0.0036958639515144165,0.006507250918156904
813,4,110.20116666666667,Forward,0.2989857948539494,380.853147648726,17665.0,17678.275934887013,ok,0.0005838437628944712,14485.405802491974,ok,-76.25978783599567,65.91535984360999,-0.11068963686020143,-68.41530103917285,61.280969353871804,-0.0993035129338887,1.1543942747104796,0.0039457699293177495,0.006507250918156904
814,4,110.3369,Forward,0.29890597902235505,381.0704846140179,17670.0,17678.362501019586,ok,0.0005732625068431544,14485.517630932234,ok,-76.17322170342231,65.91548549271093,-0.1105639877592684,-68.30347259891278,61.2811316707336,-0.09914119607208925,1.1543942747104796,0.003884041374300526,0.006507250918156904
815,4,110.47273333333334,Forward,0.29894517415701116,381.036375070802,17670.0,17678.280716600228,ok,0.0005796254599996195,14485.012338554432,ok,-76.2550061227812,65.9153667841761,-0.1106826962940879,-68.80876497671488,61.28039824842291,-0.09987461838277582,1.1543942747104796,0.004611991355882528,0.006507250918156904
816,4,110.60751666666667,Forward,0.2989775874073768,381.1036909908944,17665.0,17678.3260507428,ok,0.0005706323412001992,14485.455762810558,ok,-76.20967198021026,65.91543258582493,-0.11061689464526431,-68.3653407205893,61.28104187032744,-0.09923099647825254,1.1543942747104796,0.003934799563046182,0.006507250918156904
817,4,110.74415,Forward,0.2989331414815253,380.9852276626916,17665.0,17678.289949291237,ok,0.0005819407251330847,14485.094879200346,ok,-76.24577343177225,65.91538018525213,-0.11066929521805527,-68.72622433080141,61.28051805460625,-0.09975481219944343,1.1543942747104796,0.004487088859801341,0.006507250918156904
818,4,110.87946666666667,Forward,0.29897709863077904,380.97057361815314,17675.0,17678.24997450276,ok,0.0005776233085346454,14485.26334988289,ok,-76.28574822024893,65.91532216260421,-0.11072731786597508,-68.55775364825604,61.28076258660931,-0.0995102801963825,1.1543942747104796,0.0041467798675645096,0.006507250918156904
819,4,111.0148,Forward,0.29907720043753105,381.06101916458647,17665.0,17678.31284554631,ok,0.0005810258661697807,14485.270064561402,ok,-76.22287717670042,65.91541341873247,-0.11063606173772078,-68.5510389697447,61.28077233283792,-0.0995005339677718,1.1543942747104796,0.004226785005310582,0.006507250918156904
820,4,111.15011666666666,Forward,0.29914931497490804,380.9663976343145,17660.0,17678.275011091144,ok,0.000574216310882489,14485.424828679672,ok,-76.26071163186498,65.91535850273779,-0.11069097773239907,-68.39627485147503,61.280996970022684,-0.09927589678300673,1.1543942747104796,0.003912549130652421,0.006507250918156904
821,4,111.28623333333333,Forward,0.2990049194056168,381.29895408028824,17665.0,17678.232324985973,ok,0.0005877835491136597,14485.178643067513,ok,-76.303397737036,65.91529654466507,-0.1107529358051191,-68.64246046363405,61.28063963627205,-0.09963323053364204,1.1543942747104796,0.0042630950938266216,0.006507250918156904
822,4,111.4226,Forward,0.2991249495791426,381.2023188668354,17660.0,17678.11114791326,ok,0.0005814770838992161,14486.206307167979,ok,-76.42457480974917,65.91512065844043,-0.11092882202976018,-67.61479636316835,61.282131271238825,-0.09814159556686966,1.1543942747104796,0.002365274003585549,0.006507250918156904
823,4,111.55845,Forward,0.2989636932120012,381.2525711559574,17670.0,17678.146968814533,ok,0.00057627501064053,14484.193068472807,ok,-76.38875390847534,65.9151726517998,-0.11087682867039583,-69.62803505834017,61.27920909342526,-0.10106377338043405,1.1543942747104796,0.0057906127006146085,0.006507250918156904
824,4,111.69401666666667,Forward,0.2991943494503499,381.0744668123807,17665.0,17678.101262701144,ok,0.000567677287720629,14485.355795079964,ok,-76.43446002186465,65.91510631024238,-0.11094317022781315,-68.46530845118286,61.28089676906095,-0.09937609774474093,1.1543942747104796,0.0037760280517847855,0.006507250918156904
825,4,111.83038333333333,Forward,0.29931856302623827,381.13613335295304,17665.0,17677.80043817953,ok,0.0005734401679406471,14484.381879571243,ok,-76.73528454347979,65.91466966915011,-0.11137981132007313,-69.43922395990376,61.27948314915652,-0.10078971764917437,1.1543942747104796,0.004971261683819547,0.006507250918156904
826,4,111.9663,Forward,0.2992786352065035,381.17786149286985,17660.0,17677.812528767085,ok,0.0005807845497367316,14484.928681814945,ok,-76.72319395592422,65.91468721840883,-0.11136226206136249,-68.89242171620208,61.28027682225091,-0.09999604455477962,1.1543942747104796,0.004072599266369131,0.006507250918156904
827,4,112.10165,Forward,0.2993237539935826,381.17674183951385,17660.0,17677.82031950388,ok,0.00057534156060956,14485.755523723825,ok,-76.71540321912835,65.91469852651565,-0.11135095395454395,-68.06557980732214,61.281476967612335,-0.09879589919335341,1.1543942747104796,0.002698466439136918,0.006507250918156904
828,4,112.23645,Forward,0.2994448590868979,381.2126677202141,17665.0,17677.77727309414,ok,0.0005651979565680382,14484.510261898518,ok,-76.75844962886913,65.91463604546767,-0.11141343500251893,-69.31084163262858,61.27966949367161,-0.10060337313408185,1.1543942747104796,0.004722522960027231,0.006507250918156904
829,4,112.37228333333333,Forward,0.29931775293695834,381.11184495550697,17660.0,17677.79254489811,ok,0.0005778006032024248,14485.182017496165,ok,-76.74317782489743,65.91465821220173,-0.11139126826846686,-68.63908603498203,61.280644534191296,-0.09962833261440174,1.1543942747104796,0.0036191085005498475,0.006507250918156904
