scan_index,channel_id,time_min,direction,DipDepth,RawMinimumMotor,SPRMotor,SPRQuality,TIREdgeSlope,TIRTemplateRelativeRMSE,TIRMotor,TIRQuality,DeltaSPRMotor,SPRAngleEmpirical,DeltaSPRAngle,DeltaTIRMotor,TIRAngleEmpirical,DeltaTIRAngle,BulkSensitivity,PureKineticsCandidate,AngleCalibrationRMSEDeg
0,5,0.14448333333333332,Forward,0.4694333952961432,17020.0,17023.099173185128,ok,0.0006118223025092051,3.493167830655021e-11,14462.283010024357,ok,-87.77194543648147,65.02921085858758,-0.12859331627194112,-68.6839214643569,61.277398805817924,-0.10062774832825071,,,0.0038989235312830157
1,5,0.28031666666666666,Forward,0.4696980071695159,17025.0,17022.60254126426,ok,0.000631416957672982,0.0025661785301575304,14460.924606998991,ok,-88.2685773573503,65.02848325086106,-0.12932092399845826,-70.04232448972289,61.27540863060878,-0.10261792353739044,,,0.0038989235312830157
2,5,0.4159,Forward,0.46960075563485926,17025.0,17022.701380958242,ok,0.0006160780773739878,0.001135666389969183,14460.88024615632,ok,-88.16973766336741,65.02862805936411,-0.12917611549540692,-70.08668533239506,61.27534363822604,-0.10268291592013261,,,0.0038989235312830157
3,5,0.5517166666666666,Forward,0.46968858238234645,17025.0,17022.539305883794,ok,0.0006094672190563638,0.0008707839361156659,14460.678761288686,ok,-88.3318127378152,65.02839060568567,-0.129413569173853,-70.28817020002862,61.27504844587068,-0.10297810827548905,,,0.0038989235312830157
4,5,0.6867666666666666,Forward,0.46970217038053697,17025.0,17022.578422279083,ok,0.0006134921473349184,0.00136465422440878,14460.695564864149,ok,-88.29269634252705,65.02844791450987,-0.12935626034965306,-70.27136662456542,61.27507306452854,-0.10295348961763325,,,0.0038989235312830157
5,5,0.82235,Forward,0.47001292951825735,17025.0,17022.50639833132,ok,0.0006182085863012188,0.0014972553955817996,14460.395886133589,ok,-88.36472029029028,65.0283423933408,-0.1294617815187215,-70.57104535512553,61.2746340098672,-0.10339254427897467,,,0.0038989235312830157
6,5,0.9581833333333334,Forward,0.4697959399975382,17020.0,17022.58150034415,ok,0.0006218260331459291,0.0015185554510718272,14460.528234552014,ok,-88.28961827746025,65.02845242413527,-0.12935175072425198,-70.43869693670058,61.274827911482845,-0.10319864266332769,,,0.0038989235312830157
7,5,1.0948333333333333,Forward,0.46976622191371864,17025.0,17022.62693997584,ok,0.000624964945524073,0.0018592763781365908,14460.46434952411,ok,-88.24417864577117,65.02851899703506,-0.1292851778244488,-70.50258196460345,61.274734314519065,-0.10329223962711039,,,0.0038989235312830157
8,5,1.2304333333333333,Forward,0.469682282864086,17025.0,17022.53469707096,ok,0.0006151701765863869,0.0016880085361234093,14460.55628765776,ok,-88.33642155064808,65.02838385338545,-0.12942032147407045,-70.41064383095363,61.27486901165308,-0.10315754249308778,,,0.0038989235312830157
9,5,1.3668,Forward,0.46971001677962143,17025.0,17022.457654195197,ok,0.0006188782424314716,0.0018482969133627517,14460.45526669648,ok,-88.41346442641225,65.0282709790628,-0.12953319579672987,-70.51166479223502,61.27472100740914,-0.10330554673703557,,,0.0038989235312830157
10,5,1.5034,Forward,0.46973717029517215,17025.0,17022.65989184149,ok,0.0006120935463492195,0.0023363948218816342,14460.762867554064,ok,-88.21122678012034,65.02856727430249,-0.1292369005570336,-70.20406393465055,61.27517166865594,-0.10285488549023085,,,0.0038989235312830157
11,5,1.63895,Forward,0.4696961233441611,17020.0,17022.545921092093,ok,0.0006183250115371517,0.0016266770034848847,14460.150486728287,ok,-88.32519752951703,65.02840029752477,-0.12940387733475042,-70.81644476042675,61.27427447900364,-0.10375207514253154,,,0.0038989235312830157
12,5,1.7745166666666667,Forward,0.4696185410012924,17020.0,17022.622662546983,ok,0.0006147510873155468,0.0014672492949831268,14460.558275993397,ok,-88.24845607462703,65.02851273024038,-0.12929144461913994,-70.40865549531736,61.27487192473279,-0.10315462941337811,,,0.0038989235312830157
13,5,1.9103666666666668,Forward,0.46972910205438045,17020.0,17022.649217045237,ok,0.0006216550046210982,0.0023668646783351253,14460.059293800105,ok,-88.22190157637306,65.02855163482401,-0.12925254003550066,-70.90763768860961,61.274140873658595,-0.10388568048757962,,,0.0038989235312830157
14,5,2.0468166666666665,Forward,0.46974799006777235,17020.0,17022.648977257708,ok,0.000618902272073703,0.0015232032890382273,14460.235329815501,ok,-88.22214136390176,65.02855128351503,-0.1292528913444908,-70.73160167321294,61.27439878129515,-0.10362777285102691,,,0.0038989235312830157
15,5,2.1837,Forward,0.4696469614760175,17020.0,17022.57038643578,ok,0.000629341825694505,0.0014537453788025384,14460.21514829539,ok,-88.3007321858313,65.02843614132044,-0.12936803353907475,-70.75178319332372,61.274369213662965,-0.10365734048320766,,,0.0038989235312830157
16,5,2.3187166666666665,Forward,0.46948709744434497,17020.0,17022.484599426025,ok,0.000620244460105145,0.0018327993108113645,14460.376364570619,ok,-88.3865191955847,65.02831045610266,-0.1294937187568557,-70.59056691809565,61.274605409127986,-0.10342114501818186,,,0.0038989235312830157
17,5,2.4539833333333334,Forward,0.4696987501670359,17020.0,17022.642121950783,ok,0.000619188468828278,0.0023451456846415204,14459.725438716243,ok,-88.22899667082675,65.02854123991115,-0.1292629349483686,-71.24149277247125,61.27365174775197,-0.1043748063942064,,,0.0038989235312830157
18,5,2.5890166666666667,Forward,0.4696385052058704,17020.0,17022.551740757153,ok,0.0006211269244721755,0.001753681434415716,14460.233352726496,ok,-88.31937786445633,65.02840882382581,-0.1293953510337094,-70.7335787622178,61.2743958846927,-0.10363066945347131,,,0.0038989235312830157
19,5,2.7235833333333335,Forward,0.4696315150950236,17020.0,17022.67759868155,ok,0.0006179020483642703,0.001900806919688398,14460.030863646109,ok,-88.19351994006138,65.0285932163193,-0.12921095854022455,-70.93606784260555,61.27409922108081,-0.10392733306536264,,,0.0038989235312830157
20,5,2.8588833333333334,Forward,0.46954748951733377,17020.0,17022.620072271544,ok,0.0006179783331089842,0.001516963242374041,14460.518734780399,ok,-88.25104635006574,65.028508935268,-0.1292952395915205,-70.44819670831566,61.274813993514755,-0.103212560631418,,,0.0038989235312830157
21,5,2.9933833333333335,Forward,0.4695383956830549,17025.0,17022.757277422512,ok,0.0006152542836768268,0.001477136130009023,14460.618114361263,ok,-88.1138411990978,65.02870995240718,-0.12909422245233307,-70.34881712745118,61.2749595929977,-0.10306696114846788,,,0.0038989235312830157
22,5,3.127883333333333,Forward,0.46933758221797384,17025.0,17022.685863233713,ok,0.0006325496335571415,0.002686919337996728,14460.264792106731,ok,-88.18525538789618,65.02860532458652,-0.129198850272997,-70.70213938198322,61.274441946041186,-0.10358460810498694,,,0.0038989235312830157
23,5,3.2629333333333332,Forward,0.46959656134037636,17025.0,17022.780303536172,ok,0.0006183960537514286,0.0017850453060790146,14459.951230414183,ok,-88.0908150854375,65.02874368760926,-0.12906048725025102,-71.01570107453153,61.2739825516675,-0.10404400247866881,,,0.0038989235312830157
24,5,3.3979833333333334,Forward,0.4694503871647828,17025.0,17022.59868585226,ok,0.000614552986751192,0.0019368603786146874,14460.186060966867,ok,-88.27243276935042,65.02847760235672,-0.12932657250279783,-70.78087052184674,61.27432659826897,-0.10369995587720018,,,0.0038989235312830157
25,5,3.5335833333333335,Forward,0.46951603424747157,17025.0,17022.64736591934,ok,0.0006387455983038546,0.0039926965818872,14460.491909940329,ok,-88.22375270226985,65.02854892276817,-0.12925525209134858,-70.47502154838548,61.27477469285751,-0.10325186128865978,,,0.0038989235312830157
26,5,3.668083333333333,Forward,0.46941281825391024,17025.0,17022.682034912967,ok,0.0006161177618897364,0.001691591229541535,14460.203137132752,ok,-88.18908370864301,65.02859971577315,-0.12920445908636144,-70.76379435596209,61.27435161629482,-0.1036749378513447,,,0.0038989235312830157
27,5,3.803383333333333,Forward,0.46958868968871903,17025.0,17022.741998499736,ok,0.0006227797739278685,0.002450396000948595,14459.954531921006,ok,-88.12912012187371,65.02868756749434,-0.12911660736517788,-71.01239956770769,61.27398738865396,-0.10403916549221418,,,0.0038989235312830157
28,5,3.9384166666666665,Forward,0.46936414942471044,17025.0,17022.768744017118,ok,0.0006118536244196095,0.0014479989735968857,14460.27020409846,ok,-88.10237460449207,65.02872675193714,-0.1290774229223766,-70.69672739025373,61.27444987506635,-0.10357667907982213,,,0.0038989235312830157
29,5,4.072666666666667,Forward,0.46947928720456716,17025.0,17022.753534081996,ok,0.0006110823177687137,0.001623239806825614,14460.273255114664,ok,-88.11758453961374,65.02870446809703,-0.12909970676247892,-70.69367637405048,61.27445434506288,-0.10357220908329164,,,0.0038989235312830157
30,5,4.2077,Forward,0.46942205418262295,17025.0,17022.826211975327,ok,0.0006213403871822194,0.002634723595719242,14459.96458791691,ok,-88.04490664628247,65.02881094735162,-0.12899322750789877,-71.00234357180489,61.27400212153763,-0.10402443260854471,,,0.0038989235312830157
31,5,4.3422,Forward,0.46935154031443893,17020.0,17022.871505843494,ok,0.000636371193252937,0.0032806086209294576,14460.080274380709,ok,-87.99961277811599,65.02887730669555,-0.12892686816397234,-70.88665710800524,61.27417161198191,-0.10385494216425992,,,0.0038989235312830157
32,5,4.478316666666666,Forward,0.46950748446389184,17020.0,17022.769511029015,ok,0.0006281231363183626,0.0022691177028049867,14460.238901770563,ok,-88.10160759259452,65.02872787567438,-0.12907629918513874,-70.72802971815145,61.27440401451112,-0.10362253963505287,,,0.0038989235312830157
33,5,4.6134,Forward,0.46931494240979904,17025.0,17022.78558627698,ok,0.0006167291987987694,0.00163831321418924,14459.956390408424,ok,-88.08553234463034,65.0287514272709,-0.12905274758860835,-71.01054108028984,61.27399011149505,-0.10403644265111589,,,0.0038989235312830157
34,5,4.748683333333333,Forward,0.46935679403812847,17025.0,17022.89653312453,ok,0.0006157553447041006,0.0014979884564826442,14460.371974442101,ok,-87.9745854970788,65.02891397377692,-0.1288902010825964,-70.59495704661276,61.27459897721877,-0.1034275769273992,,,0.0038989235312830157
35,5,4.884,Forward,0.46945002007207065,17020.0,17022.971689815862,ok,0.000611621837803033,0.002006440170502281,14460.549023777625,ok,-87.89942880574745,65.02902408468002,-0.12878009017950245,-70.41790771108936,61.27485836945493,-0.1031681846912413,,,0.0038989235312830157
36,5,5.019033333333334,Forward,0.4693391890590438,17025.0,17022.90834454881,ok,0.0006184713249279241,0.0016726150703552298,14459.968659629223,ok,-87.96277407279922,65.0289312785115,-0.1288728963480317,-70.99827185949107,61.2740080869402,-0.1040184672059695,,,0.0038989235312830157
37,5,5.1538,Forward,0.46935977272618035,17025.0,17023.031233190777,ok,0.0006217410099844861,0.0016223834779189798,14459.911080832371,ok,-87.83988543083251,65.02911132075533,-0.12869285410419093,-71.05585065634295,61.27392372913775,-0.10410282500842347,,,0.0038989235312830157
38,5,5.288833333333334,Forward,0.4692744538845533,17025.0,17023.067452738596,ok,0.0006168384485125721,0.0027700997164493125,14459.501340110199,ok,-87.80366588301331,65.02916438545321,-0.12863978940629936,-71.46559137851546,61.27332342435911,-0.10470312978706088,,,0.0038989235312830157
39,5,5.42335,Forward,0.46924401386163833,17025.0,17023.026165446245,ok,0.0006174682343306198,0.0020338799572932665,14459.572121160656,ok,-87.84495317536494,65.0291038960814,-0.1287002787781252,-71.39481032805816,61.27342712457861,-0.10459942956756305,,,0.0038989235312830157
40,5,5.5584,Forward,0.46914347535684797,17025.0,17023.048383154553,ok,0.0006200018795345249,0.002199033695141391,14460.265193875017,ok,-87.82273546705619,65.02913644690133,-0.12866772795818865,-70.70173761369733,61.27444253466567,-0.1035840194805011,,,0.0038989235312830157
41,5,5.6931666666666665,Forward,0.46933203004726143,17025.0,17023.15762666284,ok,0.000622971535310011,0.0020381022264401435,14460.015575007938,ok,-87.71349195876974,65.0292964978714,-0.12850767698812213,-70.95135648077667,61.27407682193409,-0.10394973221208235,,,0.0038989235312830157
42,5,5.828,Forward,0.46924186160591796,17025.0,17023.049184794592,ok,0.0006138599072839807,0.0014343716000700857,14459.555677773344,ok,-87.82193382701735,65.02913762137172,-0.12866655348779793,-71.41125371537055,61.27340303362683,-0.10462352051934415,,,0.0038989235312830157
43,5,5.964666666666667,Forward,0.4691535378250598,17025.0,17023.37119636039,ok,0.0006222955161103675,0.0017670141796918705,14460.024420621223,ok,-87.49992226122049,65.02960939552368,-0.12819477933584292,-70.94251086749136,61.274089781504955,-0.10393677264121766,,,0.0038989235312830157
44,5,6.099966666666667,Forward,0.4690430571573794,17025.0,17023.25788178318,ok,0.000622348082231657,0.0025323319454041288,14460.560765410037,ok,-87.61323683842784,65.02944338009365,-0.12836079476585968,-70.40616607867742,61.27487557193851,-0.10315098220765968,,,0.0038989235312830157
45,5,6.235283333333333,Forward,0.4690021585944598,17025.0,17023.290515609344,ok,0.0006234816867044623,0.0014804189400084123,14459.788619614785,ok,-87.58060301226578,65.02949119140635,-0.128312983453168,-71.17831187392949,61.27374431310674,-0.10428224103943247,,,0.0038989235312830157
46,5,6.370866666666666,Forward,0.46890513900935893,17025.0,17023.42607733451,ok,0.0006102090748891989,0.001790040029060105,14460.727926913794,ok,-87.44504128710105,65.02968980078788,-0.12811437407164195,-70.23900457491982,61.275120477665666,-0.10290607648050168,,,0.0038989235312830157
47,5,6.504833333333333,Forward,0.46916070268234533,17025.0,17023.29487647793,ok,0.0006225630484365432,0.002677218720856682,14460.18922686433,ok,-87.57624214368116,65.0294975804473,-0.12830659441222406,-70.77770462438457,61.27433123657625,-0.1036953175699186,,,0.0038989235312830157
48,5,6.6406833333333335,Forward,0.4690605608582544,17025.0,17023.49752770706,ok,0.0006129911551678001,0.001277406497519471,14459.88741113601,ok,-87.37359091455073,65.0297944816208,-0.1280096932387241,-71.079520352705,61.273889051032626,-0.10413750311354247,,,0.0038989235312830157
49,5,6.77545,Forward,0.46900453489856425,17020.0,17023.37903651898,ok,0.0006303475559857796,0.0024416213963190624,14460.257989346877,ok,-87.49208210262805,65.02962088201846,-0.1281832928410582,-70.70894214183681,61.274431979423206,-0.10359457472296522,,,0.0038989235312830157
50,5,6.911016666666667,Forward,0.4690415599828153,17025.0,17023.374670319554,ok,0.0006153094038498922,0.0019217091568651638,14460.610982765884,ok,-87.4964483020558,65.02961448516737,-0.12818968969213776,-70.35594872283036,61.274949144607895,-0.10307740953827577,,,0.0038989235312830157
51,5,7.045833333333333,Forward,0.4687505072094104,17020.0,17023.50556304517,ok,0.0006161153671295551,0.002702844181670871,14459.964671575435,ok,-87.36555557643806,65.02980625407007,-0.12799792078945074,-71.00225991327898,61.27400224410444,-0.10402431004173561,,,0.0038989235312830157
52,5,7.181966666666667,Forward,0.46891804843721396,17025.0,17023.61657476086,ok,0.0006207605113965285,0.0025559617452787144,14459.793080991758,ok,-87.25454386074853,65.02996889561338,-0.12783527924613566,-71.17385049695622,61.27375084940097,-0.10427570474520681,,,0.0038989235312830157
53,5,7.3167333333333335,Forward,0.4687246381700575,17025.0,17023.708121850876,ok,0.000617781954684899,0.0015906316243835773,14460.541090215702,ok,-87.16299677073403,65.03010301983544,-0.12770115502407967,-70.42584127301234,61.274846746116374,-0.10317980802979727,,,0.0038989235312830157
54,5,7.451233333333334,Forward,0.4684771852444116,17020.0,17024.008955149897,ok,0.0006147722819741497,0.0018014080454854962,14460.014791482614,ok,-86.86216347171285,65.03054376603713,-0.12726040882238862,-70.95214000610031,61.274075674003285,-0.10395088014288471,,,0.0038989235312830157
55,5,7.58735,Forward,0.46738504428670324,17025.0,17024.93518052213,ok,0.0006225610300585197,0.0017376269743450898,14460.82067097458,ok,-85.93593809947924,65.03190076446799,-0.1259034103915298,-70.14626051413507,61.27525635555104,-0.10277019859513034,,,0.0038989235312830157
56,5,7.7224,Forward,0.46556722740792744,17025.0,17027.1562034413,ok,0.000605469804923675,0.0014494276701551559,14462.410374950052,ok,-83.71491518030962,65.0351547507078,-0.12264942415171587,-68.55655653866233,61.27758540619564,-0.10044114795052927,,,0.0038989235312830157
57,5,7.857983333333333,Forward,0.46117569685429777,17025.0,17031.472220505482,ok,0.0006112408482015437,0.00234681977592594,14464.862569294382,ok,-79.39889811612738,65.0414780803846,-0.1163260944749101,-66.10436219433177,61.281178078105924,-0.09684847604024369,,,0.0038989235312830157
58,5,7.993816666666667,Forward,0.453699580260679,17035.0,17038.98672345875,ok,0.0006239062428392152,0.0018844971928742354,14471.44627924597,ok,-71.88439516285871,65.05248746214197,-0.10531671271755332,-59.52065224274338,61.29082376946935,-0.08720278467682266,,,0.0038989235312830157
59,5,8.129116666666667,Forward,0.4436229014998689,17050.0,17049.219761089025,ok,0.0006135115303140558,0.0015777191199768043,14478.70130535101,ok,-61.65135753258437,65.06747972690115,-0.09032444795836748,-52.26562613770329,61.3014529957198,-0.07657355842637156,,,0.0038989235312830157
60,5,8.264166666666666,Forward,0.43274870395036247,17055.0,17060.111780149135,ok,0.0006184387620060968,0.002353139797303111,14488.434437025675,ok,-50.759338472475065,65.08343745513505,-0.07436671972446092,-42.53249446303926,61.31571285601494,-0.06231369813123563,,,0.0038989235312830157
61,5,8.399233333333333,Forward,0.4231810042401334,17070.0,17069.741908500768,ok,0.0006265744799933858,0.0030328679706154867,14496.837978684325,ok,-41.12921012084189,65.09754640685878,-0.06025776800073353,-34.12895280438897,61.32802475459416,-0.05000179955201042,,,0.0038989235312830157
62,5,8.534,Forward,0.4159601183547833,17075.0,17076.58041413007,ok,0.0006197196173479457,0.0025945659057343305,14502.457190393743,ok,-34.290704491540964,65.10756539541877,-0.050238779440743876,-28.509741094971105,61.336257374538434,-0.04176917960773574,,,0.0038989235312830157
63,5,8.669833333333333,Forward,0.41136583484204514,17080.0,17081.235832480495,ok,0.0006203468354287865,0.003302829608425155,14506.531361803809,ok,-29.635286141114193,65.11438597665732,-0.04341819820219925,-24.435569684905204,61.34222637989744,-0.035800174248730145,,,0.0038989235312830157
64,5,8.805133333333334,Forward,0.4084610997578274,17085.0,17083.95247276573,ok,0.0006122619077436122,0.0021671558802392405,14509.170489216398,ok,-26.91864585587973,65.11836608421514,-0.03943809064437986,-21.7964422723162,61.34609292454746,-0.03193362959871319,,,0.0038989235312830157
65,5,8.94045,Forward,0.4067579204933225,17085.0,17085.509890650606,ok,0.0006271781029149094,0.003788613269897076,14511.137241838353,ok,-25.361227971003245,65.12064783300903,-0.03715634185048497,-19.829689650361615,61.348974383317525,-0.029052170828647517,,,0.0038989235312830157
66,5,9.076033333333333,Forward,0.4055430846652259,17080.0,17086.621402597204,ok,0.0006285559174168759,0.0037927293252019325,14511.57038508252,ok,-24.249716024405643,65.12227629192695,-0.03552788293256907,-19.39654640619483,61.34960897476826,-0.02841757937791452,,,0.0038989235312830157
67,5,9.210816666666666,Forward,0.40461847733616774,17090.0,17087.526876245927,ok,0.0006226499859903514,0.003524054680429839,14512.675930544992,ok,-23.34424237568237,65.12360288732947,-0.03420128753005011,-18.291000943721883,61.3512286922828,-0.02679786186337367,,,0.0038989235312830157
68,5,9.345583333333334,Forward,0.40399898319276545,17085.0,17088.200712055026,ok,0.0006147979678684507,0.0035018512142255902,14513.259927544068,ok,-22.67040656658355,65.12459011372492,-0.03321406113460112,-17.707003944646203,61.35208429723072,-0.025942256915453835,,,0.0038989235312830157
69,5,9.480616666666666,Forward,0.40336710431385037,17090.0,17088.919047903142,ok,0.0006162069232670494,0.004011934071782779,14513.295309493275,ok,-21.95207071846744,65.12564253643751,-0.032161638422003085,-17.671621995439637,61.35213613477587,-0.025890419370301888,,,0.0038989235312830157
70,5,9.615916666666667,Forward,0.4027069990796198,17090.0,17089.325038376694,ok,0.0006322602634227084,0.0039463776238326835,14513.879200576539,ok,-21.546080244916084,65.12623734678505,-0.03156682807446936,-17.087730912175175,61.35299158454818,-0.02503496959799474,,,0.0038989235312830157
71,5,9.7507,Forward,0.4022306697689677,17090.0,17090.06032059125,ok,0.0006121552180254971,0.003414097622366664,14514.018298227076,ok,-20.810798030361184,65.12731459735635,-0.030489577503171304,-16.94863326163795,61.35319537435914,-0.024831179787033315,,,0.0038989235312830157
72,5,9.886816666666666,Forward,0.4017447392148983,17090.0,17090.336782379673,ok,0.0006152541005111746,0.004055400798386094,14514.935651961792,ok,-20.534336241937126,65.12771963723577,-0.030084537623752787,-16.031279526921935,61.354539375091434,-0.02348717905473837,,,0.0038989235312830157
73,5,10.02215,Forward,0.40138992427044884,17090.0,17090.687495187856,ok,0.000617281247884605,0.003047346440228333,14515.156854051165,ok,-20.183623433753382,65.12823346113291,-0.029570713726616654,-15.810077437548898,61.35486345484263,-0.02316309930354559,,,0.0038989235312830157
74,5,10.157716666666667,Forward,0.4007701304816955,17090.0,17091.36837208911,ok,0.000636157171401841,0.0049692710330713095,14515.593180246415,ok,-19.50274653250017,65.12923100332328,-0.028573171536231047,-15.373751242299477,61.355502709585636,-0.022523844560536094,,,0.0038989235312830157
75,5,10.292233333333334,Forward,0.400550723095346,17090.0,17091.53771699866,ok,0.0006274069497355625,0.004302033137249459,14515.473771453273,ok,-19.333401622949168,65.12947910792442,-0.028325066935100902,-15.493160035441178,61.35532776561435,-0.022698788531821702,,,0.0038989235312830157
76,5,10.42815,Forward,0.4000800102754234,17090.0,17092.040260734124,ok,0.0006343660593546398,0.00450653014889928,14516.307464534866,ok,-18.830857887485763,65.13021537695883,-0.0275887979006895,-14.659466953848096,61.35654919642099,-0.021477357725179596,,,0.0038989235312830157
77,5,10.563433333333334,Forward,0.39975598452526334,17090.0,17092.19708876844,ok,0.0006288735290391291,0.0041186725926602805,14516.528737745788,ok,-18.674029853169486,65.13044514328014,-0.02735903157937976,-14.43819374292616,61.35687338037127,-0.021153173774908333,,,0.0038989235312830157
78,5,10.698483333333334,Forward,0.39957623919772944,17090.0,17092.4729236403,ok,0.0006189504076121278,0.0033215296738205403,14516.712180653032,ok,-18.398194981309643,65.13084926467383,-0.026954910185698535,-14.254750835681989,61.357142139730215,-0.020884414415960714,,,0.0038989235312830157
79,5,10.8341,Forward,0.3989458373458784,17090.0,17092.858640957325,ok,0.0006269769392151759,0.00398615855235239,14516.880900055432,ok,-18.012477664284233,65.13141437313408,-0.026389801725436503,-14.086031433282187,61.35738932791051,-0.02063722623565871,,,0.0038989235312830157
80,5,10.9694,Forward,0.3987538474969615,17090.0,17093.171342392554,ok,0.0006244545368028417,0.004794417884953062,14517.26235131359,ok,-17.699776229055715,65.1318725071581,-0.025931667701414775,-13.704580175124647,61.357948186234076,-0.020078367912094715,,,0.0038989235312830157
81,5,11.105233333333333,Forward,0.3982989084061961,17095.0,17093.45162632242,ok,0.0006166404915402741,0.003944276394723081,14517.28300824846,ok,-17.419492299188278,65.13228314679769,-0.02552102806183348,-13.683923240254444,61.357978450389055,-0.0200481037571217,,,0.0038989235312830157
82,5,11.241083333333334,Forward,0.39816412557647807,17090.0,17093.581346156498,ok,0.0006300630528262625,0.004530424000779634,14517.203487110583,ok,-17.289772465112037,65.13247319731516,-0.025330977544357126,-13.76344437813168,61.357861945203,-0.020164608943175167,,,0.0038989235312830157
83,5,11.37665,Forward,0.3978921382761911,17095.0,17093.972349757376,ok,0.0006180717789250285,0.003866489579232553,14518.066940928808,ok,-16.898768864233716,65.13304605062793,-0.024758124231591027,-12.899990559906655,61.35912697800341,-0.018899576142761977,,,0.0038989235312830157
84,5,11.510883333333334,Forward,0.39750264681468384,17090.0,17094.244687146336,ok,0.0006325687494932363,0.004583700238595996,14517.283007800801,ok,-16.62643147527342,65.13344504791364,-0.024359126945874148,-13.683923687913193,61.357978449733196,-0.02004810441297959,,,0.0038989235312830157
85,5,11.645683333333332,Forward,0.3972454436583648,17095.0,17094.62432029135,ok,0.0006217257073763266,0.004078024206251274,14517.971858260977,ok,-16.24679833025948,65.13400124254784,-0.023802932311685277,-12.995073227737521,61.35898767386112,-0.019038880285054263,,,0.0038989235312830157
86,5,11.781,Forward,0.39695817418700363,17090.0,17094.946478096408,ok,0.0006246445334335571,0.003987531757327282,14518.098834455765,ok,-15.92464052520154,65.13447323095266,-0.023330943906856423,-12.868097032949663,61.35917370471522,-0.018852849430956595,,,0.0038989235312830157
87,5,11.9163,Forward,0.3968261156928915,17090.0,17095.104013675897,ok,0.0006130495776826214,0.004738209012607204,14518.707018523539,ok,-15.767104945713072,65.13470403388743,-0.023100140972086063,-12.259912965175317,61.36006474576244,-0.017961808383729724,,,0.0038989235312830157
88,5,12.0511,Forward,0.39649988434679684,17090.0,17095.37254001769,ok,0.0006126103544659356,0.004099394458795675,14518.794939302064,ok,-15.49857860391785,65.13509744766704,-0.022706727192476843,-12.171992186649732,61.360193557131765,-0.017832997014406736,,,0.0038989235312830157
89,5,12.1856,Forward,0.3962916513407397,17090.0,17095.677789932226,ok,0.0006117764867103936,0.0034003922147168137,14518.712876882033,ok,-15.193328689383634,65.13554466458363,-0.02225951027588146,-12.254054606681166,61.360073328752634,-0.017953225393539333,,,0.0038989235312830157
90,5,12.320916666666667,Forward,0.3960168977828484,17095.0,17095.862032926016,ok,0.0006109736257263865,0.004021917115372297,14518.670312754544,ok,-15.009085695593967,65.13581459613698,-0.021989578722542136,-12.296618734169897,61.360010968709446,-0.01801558543672601,,,0.0038989235312830157
91,5,12.4565,Forward,0.39585345500276425,17090.0,17096.057665618748,ok,0.0006262650146928688,0.004636597450007264,14519.344099304142,ok,-14.813453002861934,65.13610121456162,-0.021702960297890407,-11.622832184571962,61.36099812293556,-0.017028431210607944,,,0.0038989235312830157
92,5,12.591266666666666,Forward,0.3954152968748934,17095.0,17096.33321497808,ok,0.0006211603461384016,0.0040498461834106575,14518.990444873425,ok,-14.537903643529717,65.13650491765533,-0.021299257204186267,-11.976486615289105,61.360479989312864,-0.017546564833305116,,,0.0038989235312830157
93,5,12.7274,Forward,0.3951489884271093,17090.0,17096.576671470295,ok,0.0006263276862519338,0.004534133596386049,14519.894149597825,ok,-14.294447151314671,65.13686160198705,-0.020942572872465228,-11.072781890889019,61.36180399309179,-0.016222561054383224,,,0.0038989235312830157
94,5,12.862016666666667,Forward,0.3947236399102598,17105.0,17096.881741111778,ok,0.0006242845785495758,0.0035503701569512026,14519.583337733453,ok,-13.989377509831684,65.1373085547884,-0.020495620071121896,-11.383593755261245,61.361348627448734,-0.01667792669744298,,,0.0038989235312830157
95,5,12.99785,Forward,0.3944923918098692,17100.0,17097.117896181608,ok,0.0006233732124021984,0.004196832993023576,14520.33214338646,ok,-13.753222440001991,65.1376545419194,-0.02014963294012218,-10.634788102253879,61.362445691000005,-0.015580863146161923,,,0.0038989235312830157
96,5,13.13315,Forward,0.3941154502242037,17100.0,17097.45868660868,ok,0.0006137279796890159,0.0037881796040940947,14520.087807125783,ok,-13.412432012930367,65.13815382868982,-0.01965034616969751,-10.87912436293118,61.36208771773316,-0.01593883641301537,,,0.0038989235312830157
97,5,13.269916666666667,Forward,0.39382928484656277,17105.0,17097.69923574396,ok,0.0006270570438812377,0.003946617050220126,14520.188962206412,ok,-13.171882877650205,65.13850625349798,-0.01929792136154045,-10.777969282302365,61.36223591847328,-0.015790635672891313,,,0.0038989235312830157
98,5,13.404666666666667,Forward,0.39353947428636965,17100.0,17098.033603071057,ok,0.0006259268444368454,0.005109611641500693,14521.224774674825,ok,-12.83751555055278,65.13899612988422,-0.018808044975291736,-9.742156813888869,61.3637534712595,-0.01427308288667092,,,0.0038989235312830157
99,5,13.539733333333333,Forward,0.39309233496218954,17105.0,17098.400698859656,ok,0.0006249983962997227,0.004423105508221785,14520.894533325143,ok,-12.470419761953963,65.13953395623193,-0.01827021862758309,-10.072398163571052,61.363269639778785,-0.014756914367385745,,,0.0038989235312830157
100,5,13.674766666666667,Forward,0.3927846432618691,17100.0,17098.77560745782,ok,0.0006241268264018315,0.003977494597334617,14521.53975885464,ok,-12.095511163788615,65.1400832290058,-0.017720945853723524,-9.42717263407394,61.36421494969722,-0.013811604448951758,,,0.0038989235312830157
101,5,13.809016666666666,Forward,0.3922661262990236,17100.0,17099.0490573595,ok,0.000627682049029185,0.004087895760773202,14521.499453952572,ok,-11.822061262108036,65.14048385621665,-0.017320318642870723,-9.467477536141814,61.36415589961017,-0.013870654536005764,,,0.0038989235312830157
102,5,13.944083333333333,Forward,0.39201631101079765,17095.0,17099.384810119856,ok,0.000621837464292594,0.004128654955442152,14522.285460286663,ok,-11.486308501753228,65.14097576237968,-0.016828412479839072,-8.681471202051398,61.36530746530247,-0.012719088843701681,,,0.0038989235312830157
103,5,14.078866666666666,Forward,0.3916257037694354,17100.0,17099.807620588177,ok,0.0006177551030162428,0.003581113904362129,14522.499392912348,ok,-11.063498033432552,65.14159521544073,-0.016208959418778746,-8.467538576365769,61.36562089467513,-0.012405659471037412,,,0.0038989235312830157
104,5,14.214483333333334,Forward,0.39097789697160984,17100.0,17100.26057343184,ok,0.0006207894925143241,0.005021178877822025,14522.715617410362,ok,-10.610545189771074,65.14225882962853,-0.015545345230992658,-8.251314078352152,61.36593768183441,-0.012088872311763055,,,0.0038989235312830157
105,5,14.35005,Forward,0.39071540996777604,17100.0,17100.64945889159,ok,0.0006213462592359255,0.003160390766707479,14522.871329472655,ok,-10.221659730021202,65.14282857968557,-0.014975595173950067,-8.095602016059274,61.36616581316241,-0.011860740983760592,,,0.0038989235312830157
106,5,14.48565,Forward,0.39027051204810687,17100.0,17101.0165968351,ok,0.0006240786108108516,0.0036519576013493596,14522.712174492231,ok,-9.854521786510304,65.14336646779378,-0.014437707065733385,-8.254756996482683,61.36593263766844,-0.012093916477730395,,,0.0038989235312830157
107,5,14.620716666666667,Forward,0.3898497414027704,17100.0,17101.28600158402,ok,0.0006141162575370249,0.0040025243902814265,14523.616290683787,ok,-9.585117037589953,65.14376116851406,-0.014043006345465672,-7.350640804927025,61.36725724428152,-0.010769309864659059,,,0.0038989235312830157
108,5,14.757516666666668,Forward,0.3895114096805237,17105.0,17101.694992991954,ok,0.0006213640246509063,0.004014082643359294,14523.812783538404,ok,-9.176125629655871,65.14436037548401,-0.013443799375500142,-7.154147950310289,61.367545122916006,-0.010481431230167678,,,0.0038989235312830157
109,5,14.892833333333334,Forward,0.38911464130344,17105.0,17102.205223248926,ok,0.0006195994344508479,0.004294306107189111,14524.219047552124,ok,-8.665895372683735,65.1451079059219,-0.012696268937613088,-6.74788393659037,61.368140334022996,-0.009886220123174489,,,0.0038989235312830157
110,5,15.02895,Forward,0.38869545212481993,17105.0,17102.532871464075,ok,0.0006118024595526259,0.004285156906773597,14523.665546037964,ok,-8.33824715753508,65.14558793824142,-0.01221623661809433,-7.301385450749876,61.36732940753717,-0.010697146609004983,,,0.0038989235312830157
111,5,15.163466666666666,Forward,0.38823386672159077,17105.0,17102.87769831805,ok,0.00061936878123858,0.004348087209428681,14524.444398887814,ok,-7.993420303559105,65.14609313871831,-0.011711036141200714,-6.522532600900377,61.368470492770626,-0.009556061375540726,,,0.0038989235312830157
112,5,15.2991,Forward,0.38833988963310057,17100.0,17102.722530473406,ok,0.0006209453843028813,0.0046672467972233315,14524.601844199617,ok,-8.148588148203999,65.14586580471516,-0.011938370144365723,-6.365087289097573,61.36870116345561,-0.009325390690556946,,,0.0038989235312830157
113,5,15.434116666666666,Forward,0.3879229008235609,17105.0,17103.062480972978,ok,0.0006210496729954331,0.005141266563310813,14524.621997641252,ok,-7.808637648631702,65.14636386092081,-0.011440313938696448,-6.344933847462016,61.36873068995045,-0.009295864195714869,,,0.0038989235312830157
114,5,15.569466666666667,Forward,0.3875487993972704,17105.0,17103.45539332551,ok,0.0006225158564515139,0.004887025312652665,14525.131315582566,ok,-7.4157252961013,65.14693951071604,-0.010864664143481884,-5.835615906147723,61.36947688376882,-0.008549670377351801,,,0.0038989235312830157
115,5,15.704783333333333,Forward,0.3872099890696007,17100.0,17103.802405815317,ok,0.0006150681711302182,0.004796712717839354,14524.895891652772,ok,-7.068712806292751,65.1474479133341,-0.010356261525420313,-6.071039835942429,61.36913196781975,-0.008894586326423278,,,0.0038989235312830157
116,5,15.839833333333333,Forward,0.38681933922426465,17100.0,17104.121464036863,ok,0.0006338903447691792,0.0053236114283087485,14525.801505679567,ok,-6.7496545847461675,65.14791536058718,-0.009888814272331974,-5.165425809147564,61.370458768888,-0.007567785258168335,,,0.0038989235312830157
117,5,15.974883333333333,Forward,0.38636994199177077,17105.0,17104.498176466215,ok,0.0006301665427515063,0.005185761358619502,14525.604366447818,ok,-6.372942155394412,65.14846727612615,-0.009336898733371311,-5.362565040895788,61.3701699432564,-0.007856610889772374,,,0.0038989235312830157
118,5,16.109666666666666,Forward,0.3862474872010586,17100.0,17104.849797589774,ok,0.0006288596203833174,0.005232335129550787,14526.31866592079,ok,-6.021321031836123,65.14898243078206,-0.008821744077464224,-4.648265567924682,61.37121645233836,-0.006810101807811475,,,0.0038989235312830157
119,5,16.244966666666667,Forward,0.38582775137049025,17100.0,17105.12653879817,ok,0.0006262239541286751,0.005662066485437867,14526.042917358993,ok,-5.74457982344029,65.14938788003533,-0.008416294824177727,-4.9240141297213995,61.37081245739621,-0.0072140967499575315,,,0.0038989235312830157
120,5,16.381083333333333,Forward,0.3856782793959692,17105.0,17105.404747073273,ok,0.0006335337219858775,0.004481342205898954,14527.01480467529,ok,-5.46637154833661,65.14979547866531,-0.00800869619420582,-3.9521268134249112,61.372236354433284,-0.0057901997128838095,,,0.0038989235312830157
121,5,16.516933333333334,Forward,0.3851119550800456,17105.0,17105.692773969247,ok,0.0006309048516761908,0.004522358684812119,14526.835218740942,ok,-5.178344652362284,65.15021746240447,-0.007586712455043337,-4.131712747772326,61.371973245865526,-0.006053308280646403,,,0.0038989235312830157
122,5,16.652,Forward,0.3849488851212667,17105.0,17106.017485513625,ok,0.0006227550425366201,0.004271158467775333,14526.963557162317,ok,-4.853633107984933,65.15069319225319,-0.007110982606335759,-4.003374326397534,61.37216127249667,-0.005865281649498829,,,0.0038989235312830157
123,5,16.78705,Forward,0.3845520949014873,17105.0,17106.25687881074,ok,0.0006222599637747285,0.00553146839636163,14527.264668726397,ok,-4.614239810871368,65.15104392366077,-0.006760251198754216,-3.702262762317332,61.37260242638018,-0.005424127765984584,,,0.0038989235312830157
124,5,16.922616666666666,Forward,0.3842924624369658,17105.0,17106.50510786128,ok,0.0006237633771601802,0.0045176885481037436,14527.695547653962,ok,-4.366010760328209,65.15140760019369,-0.006396574665829691,-3.2713838347517594,61.37323370041578,-0.004792853730393655,,,0.0038989235312830157
125,5,17.05765,Forward,0.3842062636766554,17105.0,17106.614404063388,ok,0.0006203195308943888,0.0047625434975496735,14527.283011854755,ok,-4.256714558221574,65.15156772836465,-0.006236446494864272,-3.6839196339587943,61.37262930061311,-0.005397253533054048,,,0.0038989235312830157
126,5,17.192966666666667,Forward,0.38382601601093336,17105.0,17106.933441273548,ok,0.0006282599666042008,0.004470688365737665,14527.831771824764,ok,-3.9376773480616976,65.15203514483429,-0.005769030025232795,-3.135159663950617,61.37343328033613,-0.00459327381003754,,,0.0038989235312830157
127,5,17.327766666666665,Forward,0.38347268484997504,17105.0,17107.15717167892,ok,0.0006215562303831193,0.0049906784827749235,14527.839280124714,ok,-3.713946942691109,65.15236292878204,-0.005441246077475934,-3.127651364000485,61.37344428062997,-0.004582273516203895,,,0.0038989235312830157
128,5,17.462783333333334,Forward,0.38329891608153666,17105.0,17107.41476224825,ok,0.0006163833734991192,0.004032913073570537,14528.42177585495,ok,-3.4563563733609044,65.15274032073098,-0.005063854128535715,-2.545155633764807,61.37429768609219,-0.0037288680539829524,,,0.0038989235312830157
129,5,17.5992,Forward,0.38278324930797497,17105.0,17107.649990722803,ok,0.0006194619614483554,0.004585518544470837,14528.566816403805,ok,-3.221127898807026,65.15308495032161,-0.0047192245379068555,-2.4001150849089754,61.37451018275132,-0.0035163713948451946,,,0.0038989235312830157
130,5,17.734916666666667,Forward,0.3826464743406043,17105.0,17107.927646677595,ok,0.0006307861760069218,0.005031323635048085,14528.162209056154,ok,-2.9434719440141635,65.15349173975565,-0.004312435103858079,-2.8047224325600837,61.3739173988001,-0.004109155346069142,,,0.0038989235312830157
131,5,17.871066666666668,Forward,0.3824929599328952,17110.0,17108.02307749737,ok,0.0006401484649846237,0.006029649449727684,14528.84605692279,ok,-2.8480411242380796,65.15363155396997,-0.004172620889549279,-2.1208745659241686,61.3749192937058,-0.0031072604403689676,,,0.0038989235312830157
132,5,18.006633333333333,Forward,0.3823361505515851,17105.0,17108.329157737775,ok,0.0006160473337878572,0.00441698420329583,14529.008633053434,ok,-2.5419608838346903,65.15407998738412,-0.0037241874753979583,-1.958298435280085,61.37515748147391,-0.0028690726722590265,,,0.0038989235312830157
133,5,18.14335,Forward,0.3819548024991658,17105.0,17108.50071390624,ok,0.000629640816765714,0.004773733498156105,14528.486249593794,ok,-2.3704047153696592,65.1543313316664,-0.003472843193120529,-2.4806818949200533,61.37439214556724,-0.003634408578927818,,,0.0038989235312830157
134,5,18.27865,Forward,0.38159064784397057,17110.0,17108.834120276322,ok,0.0006208889385390173,0.0043507851648456105,14529.739554122414,ok,-2.0369983452874294,65.15481980016942,-0.0029843746900942306,-1.2273773663000611,61.37622834259845,-0.0017982115477190332,,,0.0038989235312830157
135,5,18.41395,Forward,0.38159155297138536,17105.0,17109.010335500898,ok,0.000620904220067939,0.004767202648855113,14529.261886173475,ok,-1.860783120711858,65.15507797036257,-0.0027262044969523207,-1.705045315238749,61.37552851869316,-0.0024980354530156736,,,0.0038989235312830157
136,5,18.549266666666668,Forward,0.3813152698499721,17100.0,17109.292293846323,ok,0.000624126647375924,0.004907937832962316,14529.507752058349,ok,-1.5788247752861935,65.15549106316242,-0.0023131116971000635,-1.4591794303651113,61.3758887329887,-0.002137821157470446,,,0.0038989235312830157
137,5,18.684833333333334,Forward,0.3809624293751426,17110.0,17109.602586965448,ok,0.0006240390343286571,0.005515070112684359,14530.01908896861,ok,-1.2685316561619402,65.15594566879986,-0.001858506059659475,-0.9478425201050413,61.37663788476716,-0.001388669379010945,,,0.0038989235312830157
138,5,18.819816666666668,Forward,0.38060834298007806,17110.0,17109.824070347513,ok,0.0006169593291239125,0.005814146488259088,14529.762225280887,ok,-1.0470482740965963,65.15627016066861,-0.001534014190904906,-1.2047062078272575,61.3762615577612,-0.001764996384978288,,,0.0038989235312830157
139,5,18.954816666666666,Forward,0.38041236047243043,17115.0,17110.196015772926,ok,0.0006198846432170204,0.00466678582724674,14530.447269649725,ok,-0.6751028486833093,65.15681509214403,-0.0009890827154975877,-0.5196618389891228,61.37726520564372,-0.0007613485024545404,,,0.0038989235312830157
140,5,19.089866666666666,Forward,0.3801229223243574,17115.0,17110.426836238777,ok,0.0006252044741320322,0.004553943919589013,14530.9696522225,ok,-0.4442823828321707,65.15715326362945,-0.0006509112300687681,0.0027207337861909764,61.37803054025105,3.98610488259718e-06,,,0.0038989235312830157
141,5,19.226266666666668,Forward,0.37981950293649847,17105.0,17110.639022923813,ok,0.0006274008162940592,0.0053960235010456145,14530.975973514975,ok,-0.232095697796467,65.15746413505154,-0.00034003980797824257,0.009042026260431157,61.378039801478636,1.3247332468986595e-05,,,0.0038989235312830157
142,5,19.362116666666665,Forward,0.3788857962053193,17115.0,17111.321556484727,ok,0.0006160712454309687,0.003575505825589713,14531.140628980125,ok,0.45043786311725853,65.1584641043883,0.0006599295287879051,0.17369749141107604,61.37828103564749,0.0002544815013224421,,,0.0038989235312830157
143,5,19.49876666666667,Forward,0.378877320279669,17115.0,17111.472161839047,ok,0.0006221330107289913,0.00436248462366701,14530.864257477571,ok,0.601043217437109,65.15868475395764,0.0008805790981234238,-0.10267401114288077,61.377876128044505,-0.0001504261016677603,,,0.0038989235312830157
144,5,19.634833333333333,Forward,0.378572005594656,17115.0,17111.83345074102,ok,0.0006262725336825793,0.0050300421165134,14532.076654940513,ok,0.9623321194121672,65.1592140727258,0.0014098978662808706,1.1097234517983452,61.379652392768094,0.0016258386219178162,,,0.0038989235312830157
145,5,19.771466666666665,Forward,0.3783256011866113,17110.0,17111.95240448334,ok,0.0006204788949444837,0.004659009868909973,14531.854674188433,ok,1.0812858617318852,65.15938835000918,0.0015841751496631822,0.8877426997187285,61.37932717221024,0.0013006180640675288,,,0.0038989235312830157
146,5,19.908383333333333,Forward,0.3778395526751641,17110.0,17112.350409973704,ok,0.0006263755946817451,0.004510742052383351,14532.42870999177,ok,1.479291352094151,65.15997146168166,0.002167286822141289,1.4617785030550294,61.38016818316474,0.0021416290185673637,,,0.0038989235312830157
147,5,20.0453,Forward,0.37779735809117865,17115.0,17112.554100072153,ok,0.000627166780411935,0.005877238518216967,14532.678273359583,ok,1.6829814505435934,65.16026988488649,0.002465710026971896,1.7113418708686368,61.380533814585206,0.0025072604390349706,,,0.0038989235312830157
148,5,20.18113333333333,Forward,0.3775469313682184,17110.0,17112.66416334725,ok,0.0006280616956411397,0.00502447901995149,14532.258464853676,ok,1.7930447256403568,65.1604311368842,0.0026269620246809617,1.2915333649616514,61.37991875965273,0.001892205506558677,,,0.0038989235312830157
149,5,20.316716666666668,Forward,0.3772980748983513,17110.0,17113.01693780201,ok,0.0006282563665682357,0.005618139417151502,14532.800270124755,ok,2.145819180401304,65.16094798126777,0.0031438064082495733,1.833338636040935,61.380712550154186,0.002685996008013649,,,0.0038989235312830157
150,5,20.451233333333334,Forward,0.3771063482480745,17115.0,17113.08772120916,ok,0.0006271776881269445,0.005236781966188641,14533.12058583081,ok,2.21660258754855,65.16105168494002,0.0032475100804973136,2.153654342095251,61.38118183972833,0.003155285582155781,,,0.0038989235312830157
151,5,20.5868,Forward,0.3766282487437733,17115.0,17113.435776876857,ok,0.0006282489559532308,0.004894009098802636,14532.95855104103,ok,2.5646582552471955,65.16156161590183,0.0037574410423102038,1.9916195523164788,61.38094444507033,0.002917890924153605,,,0.0038989235312830157
152,5,20.722383333333333,Forward,0.37630855035609856,17115.0,17113.772238629215,ok,0.0006305745537577365,0.005312662413233897,14533.83347137916,ok,2.901120007605641,65.16205456079805,0.004250385938532793,2.866539890444983,61.38222627729125,0.004199723145078143,,,0.0038989235312830157
153,5,20.8585,Forward,0.3760963192939627,17115.0,17114.055289020995,ok,0.000633149651423834,0.004683525819560568,14534.157969420825,ok,3.1841703993850388,65.16246925353808,0.004665078678564693,3.191037932110703,61.38270169434044,0.004675140194273472,,,0.0038989235312830157
154,5,20.993033333333333,Forward,0.37583583274788107,17115.0,17114.32060856096,ok,0.0006316297561606943,0.005509079590505881,14534.008502749344,ok,3.4494899393503147,65.16285796908205,0.005053794222537354,3.0415712606300076,61.38248271303768,0.004456158891509245,,,0.0038989235312830157
155,5,21.128083333333333,Forward,0.37562970959816244,17115.0,17114.45317252972,ok,0.0006325719767225757,0.004888076314370169,14533.786734797228,ok,3.582053908110538,65.16305218649715,0.005248011637638214,2.819803308513656,61.38215780424976,0.004131250103585472,,,0.0038989235312830157
156,5,21.263666666666666,Forward,0.3755027461954046,17110.0,17114.821965022125,ok,0.0006250475368185283,0.005620483291573108,14533.89123716866,ok,3.9508464005157293,65.1635924986593,0.00578832379978458,2.9243056799459737,61.382310909053736,0.00428435490756283,,,0.0038989235312830157
157,5,21.39975,Forward,0.37540075316873645,17115.0,17114.908598934206,ok,0.0006274664892006843,0.00508157751338268,14534.238421202712,ok,4.037480312596017,65.16371942466054,0.005915249801032646,3.271489713997653,61.382819562998606,0.004793008852435055,,,0.0038989235312830157
158,5,21.534783333333333,Forward,0.37497677805766916,17115.0,17115.1464169856,ok,0.0006228105730298754,0.004710628943453463,14533.993930647966,ok,4.275298363991169,65.16406784820006,0.006263673340537816,3.0269991592522274,61.382461363677905,0.004434809531734876,,,0.0038989235312830157
159,5,21.66955,Forward,0.37473106363330433,17115.0,17115.501542659218,ok,0.0006307568821973637,0.005345098129908579,14534.973499030846,ok,4.6304240376084635,65.1645881373179,0.006783962458394989,4.006567542131961,61.38389651412653,0.005869959980357508,,,0.0038989235312830157
160,5,21.8054,Forward,0.3746294632344539,17115.0,17115.725822640932,ok,0.0006209953656556222,0.0053384008697243916,14534.450873202484,ok,4.854704019322526,65.16491672644145,0.007112551581930972,3.4839417137700366,61.38313082312921,0.005104268983032335,,,0.0038989235312830157
161,5,21.9402,Forward,0.3742785021034267,17110.0,17115.862783916044,ok,0.0006319335286958371,0.005977021746238924,14535.063198657734,ok,4.991665294433915,65.1651173862819,0.00731321142238253,4.096267169019484,61.384027931659006,0.006001377512832844,,,0.0038989235312830157
162,5,22.0747,Forward,0.3741095016919568,17115.0,17116.09800359152,ok,0.0006268895794730355,0.004840080064589872,14535.483960434509,ok,5.226884969910316,65.16546200298114,0.007657828121619414,4.517028945794664,61.38464438321385,0.006617829067676763,,,0.0038989235312830157
163,5,22.209483333333335,Forward,0.37385339728072264,17115.0,17116.380834305986,ok,0.0006177082692667259,0.004388179061468133,14535.074547630731,ok,5.509715684376715,65.16587637387535,0.008072199015826346,4.107616142016923,61.384044558863366,0.00601800471719483,,,0.0038989235312830157
164,5,22.344533333333334,Forward,0.3735100147614202,17115.0,17116.49661054437,ok,0.0006220991071532063,0.005944380932166516,14535.623299479468,ok,5.6254919227612845,65.16604599584699,0.008241820987463474,4.656367990754006,61.38484852668803,0.006821972541862987,,,0.0038989235312830157
165,5,22.4801,Forward,0.3734532988667631,17115.0,17116.731583202858,ok,0.0006172284295931743,0.00514486506692745,14535.452303825794,ok,5.8604645812483795,65.16639025064546,0.00858607578593956,4.4853723370797525,61.38459800360729,0.006571449461114213,,,0.0038989235312830157
166,5,22.6156,Forward,0.3731372847729263,17115.0,17116.93202670058,ok,0.0006313186034124098,0.00491249586542962,14535.615168450391,ok,6.060908078969078,65.1666839173059,0.0088797424463841,4.648236961676957,61.384836614043415,0.0068100598972415,,,0.0038989235312830157
167,5,22.751166666666666,Forward,0.37290182914773107,17120.0,17117.171328844142,ok,0.0006308693459274387,0.0055713612628553386,14535.917375692941,ok,6.300210222532769,65.16703451516582,0.009230340306313143,4.950444204227097,61.38527937318847,0.00725281904229252,,,0.0038989235312830157
168,5,22.886466666666667,Forward,0.3726950837539693,17115.0,17117.41526920661,ok,0.0006267540091915844,0.004324424445346412,14535.875878846631,ok,6.544150584999443,65.16739190840835,0.009587733548836973,4.908947357916986,61.38521857680239,0.007192022656211436,,,0.0038989235312830157
169,5,23.022666666666666,Forward,0.37243399331872334,17120.0,17117.617059596338,ok,0.0006318916449063839,0.005564845778333614,14536.600233117111,ok,6.745940974728001,65.16768754837939,0.009883373519877394,5.633301628397021,61.386279817012266,0.008253262866093519,,,0.0038989235312830157
170,5,23.15825,Forward,0.3721253918486846,17115.0,17117.828158614953,ok,0.0006351409166269909,0.005408456746977278,14536.442814334754,ok,6.957039993343642,65.16799682627828,0.010192651418761182,5.4758828460398945,61.38604918519516,0.008022631048989233,,,0.0038989235312830157
171,5,23.293533333333333,Forward,0.37210588277009266,17120.0,17118.04999650558,ok,0.0006325074359475012,0.005659535944749043,14536.424811343655,ok,7.178877883969108,65.16832183753203,0.010517662672510196,5.457879854940984,61.38602280929206,0.007996255145883629,,,0.0038989235312830157
172,5,23.427516666666666,Forward,0.37193091735413764,17120.0,17118.09636776409,ok,0.0006323964125729639,0.005403507747472508,14536.676935443189,ok,7.225249142480607,65.16838977534384,0.010585600484325162,5.710003954474814,61.38639219240086,0.008365638254687965,,,0.0038989235312830157
173,5,23.5634,Forward,0.3715923055641035,17115.0,17118.444019764713,ok,0.0006275790440641836,0.006090406000193255,14536.987429313525,ok,7.572901143103081,65.16889911489929,0.011094940039763993,6.020497824811173,61.38684709215579,0.008820538009616572,,,0.0038989235312830157
174,5,23.698166666666665,Forward,0.37136285804910607,17115.0,17118.561100546623,ok,0.0006212187540361851,0.005491786581087629,14537.173601294771,ok,7.6899819250138535,65.1690706481374,0.011266473277893183,6.206669806057107,61.38711984983874,0.009093295692567298,,,0.0038989235312830157
175,5,23.83295,Forward,0.37110922696271126,17115.0,17118.740156929467,ok,0.0006224117743853531,0.006234925804439259,14537.41931332419,ok,7.869038307857409,65.16933298086748,0.01152880600795867,6.452381835475535,61.38747983872304,0.009453284576870773,,,0.0038989235312830157
176,5,23.96825,Forward,0.3709403153103318,17115.0,17118.976766312615,ok,0.0006292868503075272,0.00499932874824736,14537.283009280456,ok,8.105647691005288,65.16967963360588,0.011875458746356303,6.316077791741918,61.38728014178209,0.009253587635919795,,,0.0038989235312830157
177,5,24.1033,Forward,0.3707456041459854,17115.0,17119.375437322797,ok,0.000626246526967921,0.00518779388806078,14537.283012289003,ok,8.504318701187003,65.17026372032112,0.012459545461602372,6.316080800288546,61.387280146189866,0.00925359204369481,,,0.0038989235312830157
178,5,24.23755,Forward,0.37056870224643684,17120.0,17119.45557187425,ok,0.0006273567255746703,0.005454584764782375,14537.558888267598,ok,8.584453252638923,65.17038112420988,0.012576949350372551,6.591956778884196,61.38768432780839,0.009657773662217265,,,0.0038989235312830157
179,5,24.373116666666668,Forward,0.3702741719541174,17120.0,17119.674067773634,ok,0.0006233829100456186,0.005655820771713465,14538.354652396873,ok,8.802949152024667,65.17070123916409,0.012897064304576981,7.3877209081583715,61.388850189495116,0.010823635348941226,,,0.0038989235312830157
180,5,24.508166666666668,Forward,0.37000061258376005,17115.0,17119.836011865533,ok,0.0006250200109619749,0.005961656592962274,14537.973551168492,ok,8.964893243923143,65.17093850094204,0.013134326082521092,7.006619679777941,61.38829184399475,0.010265289848576133,,,0.0038989235312830157
181,5,24.643483333333332,Forward,0.36992554161995467,17120.0,17120.141498763016,ok,0.0006339571930745732,0.006551282478332696,14538.142667554579,ok,9.27038014140635,65.17138606505867,0.013581890199160396,7.1757360658648395,61.388539613789696,0.010513059643522494,,,0.0038989235312830157
182,5,24.779183333333332,Forward,0.3697989556272213,17120.0,17120.21840363892,ok,0.0006275275271089787,0.006435825597920581,14538.20045779223,ok,9.347285017309332,65.17149873719988,0.013694562340363002,7.233526303516555,61.38862428137078,0.010597727224613718,,,0.0038989235312830157
183,5,24.914466666666666,Forward,0.36946594834463575,17120.0,17120.39496808018,ok,0.000632694770827478,0.005431907788972824,14538.552582091917,ok,9.52384945857193,65.17175741902497,0.01395324416545814,7.5856506032032485,61.38914017322224,0.01111361907606431,,,0.0038989235312830157
184,5,25.049783333333334,Forward,0.3693573192010353,17120.0,17120.627106251766,ok,0.0006182639118344779,0.005854109192591206,14538.74887267698,ok,9.755987630156596,65.17209752106064,0.014293346201124877,7.781941188266501,61.389427755514745,0.011401201368569265,,,0.0038989235312830157
185,5,25.184316666666668,Forward,0.3691295466369592,17115.0,17120.871305515226,ok,0.0006275864018466015,0.0059722311334679595,14538.158478139407,ok,10.000186893616046,65.172455293615,0.01465111875547872,7.191546650692544,61.388562777632366,0.01053622348619549,,,0.0038989235312830157
186,5,25.318833333333334,Forward,0.36879669071880056,17120.0,17120.897665836306,ok,0.00061965286194078,0.005114335229745384,14538.728206988013,ok,10.02654721469662,65.17249391371267,0.014689738853152154,7.76127549929879,61.38939747853428,0.011370924388103729,,,0.0038989235312830157
187,5,25.453616666666665,Forward,0.3686461876755046,17120.0,17120.99546195397,ok,0.0006326805676527918,0.005761949461323715,14538.951715503124,ok,10.124343332361605,65.17263719328824,0.014833018428721801,7.984784014410252,61.38972493739405,0.011698383247882561,,,0.0038989235312830157
188,5,25.588183333333333,Forward,0.36864686680116243,17115.0,17121.352784869985,ok,0.0006231277830575492,0.005631783580264901,14539.735625301664,ok,10.481666248375404,65.17316070155186,0.015356526692343771,8.768693812950005,61.390873431484636,0.012846877338460135,,,0.0038989235312830157
189,5,25.72375,Forward,0.36826532924728117,17115.0,17121.57218189652,ok,0.0006277215845994198,0.0062453187186409945,14539.001722725607,ok,10.701063274911576,65.17348213673348,0.015677961873963465,8.034791236892488,61.3897982022003,0.011771648054131993,,,0.0038989235312830157
190,5,25.8596,Forward,0.3681081787370344,17120.0,17121.73905895245,ok,0.0006290813355591961,0.006310650664683467,14539.268936595961,ok,10.86794033084152,65.17372662572053,0.015922450861019805,8.302005107247169,61.39018969309836,0.012163138952184786,,,0.0038989235312830157
191,5,25.994366666666668,Forward,0.3679997781866969,17120.0,17121.875938661124,ok,0.000630701435863605,0.007164750474798508,14539.715034599323,ok,11.004820039514016,65.17392716605926,0.016122991199746507,8.748103110609009,61.39084326436591,0.01281671021973866,,,0.0038989235312830157
192,5,26.129133333333332,Forward,0.36773966821278425,17120.0,17122.014038626374,ok,0.0006303370664243273,0.005528260768729706,14539.22811882735,ok,11.142920004764164,65.17412949417698,0.016325319317463893,8.261187338635864,61.390129891618486,0.012103337472310481,,,0.0038989235312830157
193,5,26.26418333333333,Forward,0.36757042684481267,17120.0,17122.1616713543,ok,0.0006167072724813312,0.005146996673076318,14539.2244010214,ok,11.29055273269114,65.17434578859748,0.016541613737964596,8.257469532685718,61.39012444471864,0.012097890572461021,,,0.0038989235312830157
194,5,26.400616666666668,Forward,0.36742352900082875,17125.0,17122.294038708515,ok,0.0006270378589800173,0.006174251159586173,14539.862951741454,ok,11.422920086904924,65.17453971795567,0.01673554309614216,8.896020252739618,61.39105997547725,0.013033421331078994,,,0.0038989235312830157
195,5,26.53595,Forward,0.36725849824116413,17120.0,17122.47495418897,ok,0.0006296005236944039,0.006012301077133285,14540.803527299648,ok,11.603835567359056,65.1748047744208,0.017000599561289836,9.836595810933431,61.39243799814305,0.014411443996874919,,,0.0038989235312830157
196,5,26.67043333333333,Forward,0.36709373133775913,17120.0,17122.621237767456,ok,0.0006237475035034628,0.005711651090864296,14540.210787896382,ok,11.750119145846838,65.17501909222338,0.017214917363867013,9.243856407667408,61.39156958483431,0.013543030688135059,,,0.0038989235312830157
197,5,26.804933333333334,Forward,0.3669784622045804,17125.0,17122.803354747917,ok,0.0006238503353536655,0.00610926426819421,14539.92514365858,ok,11.932236126307544,65.17528590898756,0.017481734128043925,8.958212169865874,61.39115109189069,0.013124537744516161,,,0.0038989235312830157
198,5,26.939983333333334,Forward,0.3667566305615173,17120.0,17122.92428650075,ok,0.000629959811075749,0.00700530356617454,14540.51859610846,ok,12.053167879141256,65.17546308422348,0.017658909363959367,9.551664619746589,61.39202054987297,0.013993995726794745,,,0.0038989235312830157
199,5,27.075566666666667,Forward,0.3664972703951358,17125.0,17123.133126511326,ok,0.0006262849757732188,0.005922623362533835,14540.743052730797,ok,12.262007889716187,65.17576905248471,0.017964877625190768,9.776121242082809,61.39234939778994,0.01432284364376727,,,0.0038989235312830157
200,5,27.210883333333335,Forward,0.36639447879970016,17120.0,17123.223651966793,ok,0.0006356315359393365,0.005946964913219731,14540.853994936297,ok,12.352533345183474,65.17590167992583,0.018097505066313063,9.887063447582477,61.39251193749495,0.014485383348780986,,,0.0038989235312830157
201,5,27.346466666666668,Forward,0.366313391157164,17120.0,17123.3502671168,ok,0.0006257834318916586,0.005087540735154475,14540.897985484802,ok,12.479148495189293,65.17608718181881,0.018283006959298905,9.93105399608794,61.39257638736545,0.014549833219281268,,,0.0038989235312830157
202,5,27.4815,Forward,0.3659930264941953,17125.0,17123.60668554375,ok,0.0006263362705402674,0.005455385860628468,14541.305640588776,ok,12.735566922139697,65.17646285648013,0.018658681620613658,10.33870910006226,61.39317363653721,0.015147082391036008,,,0.0038989235312830157
203,5,27.617866666666668,Forward,0.36597025032018005,17120.0,17123.650825674067,ok,0.0006357063142697374,0.005988350955454274,14541.229698915462,ok,12.779707052457525,65.17652752550063,0.01872335064110783,10.262767426747814,61.39306237556919,0.015035821423010501,,,0.0038989235312830157
204,5,27.753183333333332,Forward,0.365719267358647,17120.0,17123.81282612895,ok,0.0006267793321464162,0.005785557719980582,14541.638888065016,ok,12.941707507339743,65.1767648698551,0.018960694995585458,10.671956576301454,61.39366187224733,0.015635318101156676,,,0.0038989235312830157
205,5,27.888233333333332,Forward,0.36558825623252045,17120.0,17123.87848244727,ok,0.0006202560520785873,0.005776321604729898,14541.34480009296,ok,13.007363825661741,65.17686106190902,0.01905688704949569,10.377868604246032,61.39323100851958,0.015204454373410494,,,0.0038989235312830157
206,5,28.02355,Forward,0.3655610553683962,17120.0,17123.952286910786,ok,0.0006236997032252963,0.005807663790698849,14541.657856843904,ok,13.081168289176276,65.1769691916841,0.01916501682458281,10.690925355189393,61.39368966311115,0.01566310896497653,,,0.0038989235312830157
207,5,28.159666666666666,Forward,0.36537744517456777,17120.0,17124.156857349975,ok,0.000629767706186662,0.006363231768187847,14541.036434390708,ok,13.285738728365686,65.1772689046625,0.019464729802981025,10.069502901993474,61.392779226710715,0.014752672564542204,,,0.0038989235312830157
208,5,28.29446666666667,Forward,0.36529170389792953,17125.0,17124.303315242556,ok,0.0006242647119944849,0.006392492516434894,14541.298772798858,ok,13.432196620946343,65.17748347784995,0.01967930299043277,10.331841310144227,61.39316357464469,0.015137020498518679,,,0.0038989235312830157
209,5,28.429783333333333,Forward,0.36512795181280133,17120.0,17124.318169544604,ok,0.0006271386669412849,0.00638625209158313,14541.500962545351,ok,13.447050922994094,65.17750524065755,0.019701065798032925,10.534031056637104,61.39345979970713,0.015433245560962098,,,0.0038989235312830157
210,5,28.565616666666667,Forward,0.365149868999905,17125.0,17124.40913831229,ok,0.0006215348985487358,0.00562695692092522,14541.3627650059,ok,13.538019690680812,65.17763851758853,0.019834342729013934,10.395833517186475,61.393257328634974,0.015230774488796566,,,0.0038989235312830157
211,5,28.700666666666667,Forward,0.36495590955262047,17120.0,17124.576383340696,ok,0.0006216534108260292,0.006034321829915941,14541.783189771048,ok,13.7052647190867,65.17788354568636,0.020079370826839017,10.816258282333365,61.3938732864393,0.01584673229312956,,,0.0038989235312830157
212,5,28.835716666666666,Forward,0.36490648878228116,17120.0,17124.561115917484,ok,0.0006263900036955492,0.004560736561276358,14541.912752035938,ok,13.689997295874491,65.17786117762134,0.02005700276182665,10.945820547223775,61.39406310610461,0.01603655195843502,,,0.0038989235312830157
213,5,28.970233333333333,Forward,0.36495471167754834,17120.0,17124.559663075208,ok,0.0006382121232674641,0.0064821879220127365,14542.283013476186,ok,13.688544453598297,65.17785904908465,0.020054874225135494,11.31608198747199,61.39460557039946,0.01657901625328877,,,0.0038989235312830157
214,5,29.10555,Forward,0.3647582455227314,17120.0,17124.75140542319,ok,0.0006291481011353062,0.006254754481995339,14542.064359461774,ok,13.88028680158095,65.17813996782553,0.02033579296601838,11.097427973059894,61.39428522379338,0.016258669647210955,,,0.0038989235312830157
215,5,29.24085,Forward,0.36494062372323566,17125.0,17124.81477278232,ok,0.0006262659550315656,0.006420847930857288,14542.107464977247,ok,13.943654160710139,65.17823280636082,0.020428631501307706,11.140533488533038,61.39434837701571,0.01632182286953886,,,0.0038989235312830157
216,5,29.37615,Forward,0.3649223345621331,17130.0,17124.556563082275,ok,0.0006168710403470048,0.005373426106794928,14541.91696741642,ok,13.685444460665167,65.17785450733308,0.020050332473557485,10.950035927706267,61.39406928199319,0.016042727847016453,,,0.0038989235312830157
217,5,29.511466666666667,Forward,0.36481631380371693,17120.0,17124.69969639854,ok,0.0006221840771802741,0.005906374722290874,14541.734021813476,ok,13.828577776930615,65.17806420973531,0.02026003487580052,10.767090324761739,61.39380125122706,0.01577469708088707,,,0.0038989235312830157
218,5,29.64625,Forward,0.36496497555743435,17120.0,17124.58644916169,ok,0.0006271904178478186,0.005365477511628845,14542.283009807297,ok,13.715330540078867,65.17789829296461,0.020094118105094563,11.316078318583095,61.39460556502423,0.016579010878056542,,,0.0038989235312830157
219,5,29.781833333333335,Forward,0.36503469655621595,17120.0,17124.560229788774,ok,0.0006367171435321953,0.0061165662533481345,14542.28301265782,ok,13.68911116716481,65.17785987936792,0.020055704508394362,11.316081169105018,61.39460556920048,0.016579015054312012,,,0.0038989235312830157
220,5,29.9169,Forward,0.36508244960944336,17125.0,17124.183815560787,ok,0.0006316561194707125,0.006037239480793153,14542.038956259757,ok,13.31269693917784,65.17730840071914,0.01950422585962935,11.072024771043289,61.39424800595601,0.016221451809837105,,,0.0038989235312830157
221,5,30.051933333333334,Forward,0.36562529338286354,17120.0,17123.947465638106,ok,0.0006328397782830373,0.0066967946149187624,14541.602677795498,ok,13.076347016496584,65.17696212811225,0.019157953252738186,10.635746306783403,61.393608821142934,0.015582266996760262,,,0.0038989235312830157
222,5,30.18723333333333,Forward,0.3659208992720767,17125.0,17123.693641971156,ok,0.0006203622548551559,0.005961892951905184,14540.501484666764,ok,12.822523349546827,65.17659025499358,0.018786080134066175,9.534553178049464,61.391995480165065,0.013968926018893378,,,0.0038989235312830157
223,5,30.321483333333333,Forward,0.36647730825596864,17120.0,17123.150276406137,ok,0.0006214076159832732,0.006975214220031055,14540.66478181006,ok,12.279157784527342,65.17579417852967,0.017990003670153246,9.697850321344959,61.39223472427763,0.014208170131458918,,,0.0038989235312830157
224,5,30.45705,Forward,0.3670198753763496,17120.0,17122.683985088028,ok,0.0006300061761943802,0.006466686203996109,14539.889086362213,ok,11.8128664664182,65.1751110223498,0.01730684749027955,8.922154873498584,61.39109826490488,0.013071710758710936,,,0.0038989235312830157
225,5,30.591316666666668,Forward,0.36784546327146145,17120.0,17122.01129035533,ok,0.0006253812321157252,0.005018954491577594,14539.522583053378,ok,11.140171733721218,65.17412546772769,0.016321292868173413,8.555651564664004,61.39056130659009,0.012534752443917914,,,0.0038989235312830157
226,5,30.726933333333335,Forward,0.36871287108792117,17120.0,17121.103000525076,ok,0.0006270260036965194,0.005699066016950458,14538.879066937025,ok,10.231881903466274,65.17279474638127,0.014990571521759973,7.912135448310437,61.38961850110635,0.011591946960174467,,,0.0038989235312830157
227,5,30.8625,Forward,0.3698297639606617,17120.0,17119.906137494305,ok,0.0006250347786246096,0.00554404210353089,14538.458409501782,ok,9.035018872695218,65.17104124091338,0.013237066053870846,7.491478013067535,61.38900220242066,0.010975648274491575,,,0.0038989235312830157
228,5,30.998066666666666,Forward,0.37103086656391904,17120.0,17118.81416600249,ok,0.0006245288202074347,0.00571496609238697,14537.171831316526,ok,7.943047380878852,65.16944141041279,0.011637235553261694,6.2048998278114595,61.38711725667106,0.009090702524884788,,,0.0038989235312830157
229,5,31.132316666666668,Forward,0.37263444291586134,17115.0,17117.42985826752,ok,0.0006299062877681175,0.005163034145343271,14536.745656715762,ok,6.558739645908645,65.16741328261527,0.009609107755757856,5.778725227048199,61.38649287487172,0.008466320725546888,,,0.0038989235312830157
230,5,31.2669,Forward,0.374374390880859,17115.0,17115.87706586204,ok,0.000622421343027512,0.0055251252692040745,14535.26075609872,ok,5.005947240431851,65.16513831053953,0.0073341356800090225,4.293824610005686,61.38431737000248,0.006290815856306714,,,0.0038989235312830157
231,5,31.40245,Forward,0.37658221198378705,17115.0,17113.89963992629,ok,0.0006200496171195086,0.005425930858999082,14532.968132163676,ok,3.0285213046809076,65.16224121446291,0.0044370396034001305,2.0012006749620923,61.38095848222455,0.0029319280783773227,,,0.0038989235312830157
232,5,31.537483333333334,Forward,0.37867698880553124,17115.0,17111.86146093078,ok,0.0006304713401391157,0.004407914880958199,14531.718663532129,ok,0.9903423091709556,65.1592551100205,0.001450935160971981,0.7517320434144494,61.37912790510666,0.0011013509604900242,,,0.0038989235312830157
233,5,31.67255,Forward,0.3812790883594753,17105.0,17109.46081723622,ok,0.0006288711963947972,0.00480745827956511,14529.425095588873,ok,-1.4103013853891753,65.15573796416784,-0.0020662106916765287,-1.5418358998413169,61.37576763427694,-0.0022589198692332807,,,0.0038989235312830157
234,5,31.80785,Forward,0.3840766429618534,17105.0,17106.935982852174,ok,0.0006309059291841078,0.003939959473467972,14527.680348066697,ok,-3.935135769435874,65.15203886846172,-0.0057653063977976815,-3.2865834220174293,61.37321143173616,-0.004815122410012608,,,0.0038989235312830157
235,5,31.942633333333333,Forward,0.3866691542445253,17100.0,17104.16264841142,ok,0.0006208676569064165,0.004628947878437372,14525.109392663528,ok,-6.708470210189262,65.14797569917575,-0.00982847568377134,-5.857538825186566,61.36944476484007,-0.008581789306100013,,,0.0038989235312830157
236,5,32.077416666666664,Forward,0.39000456894912683,17100.0,17101.190173013976,ok,0.0006128596666022517,0.003744712290250541,14522.92944407389,ok,-9.680945607633475,65.143620771562,-0.014183403297523803,-8.037487414823772,61.36625095596356,-0.011775598182612328,,,0.0038989235312830157
237,5,32.21191666666667,Forward,0.39358190431747053,17100.0,17097.96476538006,ok,0.0006171331067867984,0.0035903384660202035,14519.632411488152,ok,-12.906353241549368,65.13889527685055,-0.018908898008977316,-11.334520000562406,61.36142052464581,-0.016606029500368706,,,0.0038989235312830157
238,5,32.34748333333334,Forward,0.39705087664899175,17095.0,17094.50943070059,ok,0.0006314388361832599,0.003268548457027724,14517.516802949589,ok,-16.361687921020348,65.13383291958988,-0.023971255269637233,-13.450128539125217,61.358320979380466,-0.019705574765705284,,,0.0038989235312830157
239,5,32.4828,Forward,0.4009001299071465,17090.0,17090.984657505818,ok,0.0006203570255443467,0.003701428308230208,14514.622791921736,ok,-19.886461115791462,65.12866882903717,-0.029135345822353508,-16.3441395669779,61.35408100869794,-0.023945545448233477,,,0.0038989235312830157
240,5,32.61893333333333,Forward,0.40479386101247017,17085.0,17087.137871424613,ok,0.0006201470618696868,0.00325245054463475,14511.065977548102,ok,-23.733247196996672,65.12303296239764,-0.03477121246186994,-19.900953940612453,61.3488699751109,-0.029156579035273782,,,0.0038989235312830157
241,5,32.75395,Forward,0.4089485065059768,17085.0,17083.204349892792,ok,0.0006157147217850347,0.0030261338399030944,14508.062293351253,ok,-27.66676872881726,65.11727002099435,-0.040534153865167746,-22.904638137461006,61.344469323969065,-0.03355723017711158,,,0.0038989235312830157
242,5,32.889516666666665,Forward,0.4130274776579955,17080.0,17079.302964834504,ok,0.0006210874497187893,0.0024043512485455026,14504.304190144863,ok,-31.568153787105985,65.11155416224011,-0.04625001261940045,-26.66274134385094,61.33896338523432,-0.03906316891184802,,,0.0038989235312830157
243,5,33.02483333333333,Forward,0.41702006575073935,17075.0,17075.32700771299,ok,0.000616713076429352,0.0023127040477216236,14501.7023041527,ok,-35.544110908620496,65.10572904911237,-0.05207512574715486,-29.26462733601329,61.33515140241191,-0.04287515173426134,,,0.0038989235312830157
244,5,33.1599,Forward,0.4209744490685453,17075.0,17071.35159156542,ok,0.0006176546345665085,0.0021556796675602156,14497.457370797008,ok,-39.51952705618896,65.09990472855715,-0.057899446302369234,-33.5095606917057,61.32893221637419,-0.04909433777197882,,,0.0038989235312830157
245,5,33.295716666666664,Forward,0.4249971579953883,17065.0,17067.673708881746,ok,0.0006164686726457151,0.0019105057833710083,14494.513880140203,ok,-43.19740973986336,65.09451631966635,-0.06328785519317023,-36.45305134851151,61.32461975385451,-0.053406800291657786,,,0.0038989235312830157
246,5,33.4305,Forward,0.4286760717396505,17065.0,17063.91830934128,ok,0.0006054965911633742,0.0014500789666964406,14491.515368329283,ok,-46.95280928033026,65.08901434203064,-0.06878983282888573,-39.451563159431316,61.3202266806951,-0.05779987345107412,,,0.0038989235312830157
247,5,33.56581666666667,Forward,0.4321263786155611,17060.0,17060.59361478785,ok,0.0006197643087108015,0.001713250738007174,14488.483845858531,ok,-50.27750383376042,65.08414338359293,-0.073660791266582,-42.48308563018327,61.31578524412983,-0.062241310016349014,,,0.0038989235312830157
248,5,33.701033333333335,Forward,0.43563562318872007,17050.0,17057.02558659787,ok,0.0006088447509550928,0.0011484206932722491,14485.826475272028,ok,-53.845532023740816,65.07891592081745,-0.07888825404206976,-45.14045621668629,61.31189197168858,-0.06613458245758973,,,0.0038989235312830157
249,5,33.83635,Forward,0.43901127392206896,17050.0,17053.71423151601,ok,0.0006077767838894555,0.0015823306317833707,14482.806130168095,ok,-57.15688710560062,65.07406450583271,-0.0837396690268094,-48.1608013206187,61.30746691091012,-0.07055964323605296,,,0.0038989235312830157
250,5,33.97085,Forward,0.4418703031894481,17050.0,17050.669344762395,ok,0.0006120990197146962,0.0017236390238232714,14480.083022960638,ok,-60.20177385921488,65.06960348946384,-0.08820068539568003,-50.88390852807606,61.30347732876483,-0.07454922538134538,,,0.0038989235312830157
251,5,34.10561666666667,Forward,0.4445939331847274,17045.0,17047.95184356079,ok,0.0006156715828394847,0.001261280322610842,14477.656321556033,ok,-62.91927506081993,65.06562212059079,-0.09218205426872464,-53.31060993268147,61.29992200616524,-0.07810454798093179,,,0.0038989235312830157
252,5,34.24065,Forward,0.44725316266055803,17050.0,17045.365724056155,ok,0.0006183870742651096,0.00129943488436176,14475.693404190279,ok,-65.50539456545448,65.06183323700478,-0.09597093785473529,-55.27352729843551,61.29704616636957,-0.08098038777660731,,,0.0038989235312830157
253,5,34.37566666666667,Forward,0.4496300120872324,17040.0,17043.027985146306,ok,0.0006222772145623917,0.001793848917635416,14473.756240762477,ok,-67.84313347530406,65.05840825197681,-0.09939592288270256,-57.21069072623686,61.29420805826905,-0.08381849587712753,,,0.0038989235312830157
254,5,34.5115,Forward,0.4516742804171967,17040.0,17040.965126612984,ok,0.0006107895412084578,0.0019984027084741962,14471.864981630437,ok,-69.90599200862562,65.05538598992622,-0.10241818493329892,-59.101949858277294,61.29143720384046,-0.08658935030571796,,,0.0038989235312830157
255,5,34.646033333333335,Forward,0.45338394620734324,17040.0,17038.97805023751,ok,0.0006213282645145272,0.0029123131079289923,14470.447241353442,ok,-71.89306838409902,65.05247475514001,-0.10532941971950599,-60.51969013527196,61.28936009454404,-0.08866645960213863,,,0.0038989235312830157
256,5,34.7824,Forward,0.4552194760706126,17035.0,17037.29947912022,ok,0.000614395454396982,0.0016293907382472512,14468.759210130376,ok,-73.57163950138784,65.05001550662391,-0.1077886682356127,-62.20772135833795,61.28688698617364,-0.0911395679725316,,,0.0038989235312830157
257,5,34.918,Forward,0.45656047676679834,17035.0,17035.873409151773,ok,0.0006228940973479482,0.0015629059844084853,14467.568234754539,ok,-74.99770946983699,65.0479261936257,-0.10987798123382361,-63.398696734175246,61.2851421066177,-0.09288444752847094,,,0.0038989235312830157
258,5,35.05385,Forward,0.4578251278100286,17035.0,17034.483816290172,ok,0.0006252961788279644,0.002196590815597813,14466.710618028077,ok,-76.38730233143724,65.04589032267111,-0.11191385218840223,-64.2563134606371,61.283885625649916,-0.09414092849625154,,,0.0038989235312830157
259,5,35.189433333333334,Forward,0.4587662669422905,17035.0,17033.47114930306,ok,0.0006162276125684757,0.0014683765612413593,14465.788524310434,ok,-77.39996931855057,65.04440667997065,-0.11339749488886235,-65.1784071782804,61.28253468044214,-0.09549187370403531,,,0.0038989235312830157
260,5,35.325266666666664,Forward,0.4598209293606013,17035.0,17032.440645113744,ok,0.0006041171799534282,0.001391008885801018,14465.018817932922,ok,-78.43047350786583,65.04289690426182,-0.11490727059768578,-65.94811355579259,61.28140699556347,-0.0966195585827029,,,0.0038989235312830157
261,5,35.459783333333334,Forward,0.4606417668103403,17035.0,17031.60975542311,ok,0.0006157036005418731,0.0018429784566015232,14463.945092369035,ok,-79.26136319850048,65.04167958065982,-0.11612459419970392,-67.0218391196795,61.279833896888945,-0.09819265725722297,,,0.0038989235312830157
262,5,35.594033333333336,Forward,0.461264486950409,17025.0,17030.849943561247,ok,0.0006181043336526548,0.0017962987553619405,14463.793226856165,ok,-80.02117506036302,65.0405663920826,-0.11723778277691702,-67.17370463254883,61.279611401080864,-0.09841515306530939,,,0.0038989235312830157
263,5,35.72933333333334,Forward,0.46177670616325833,17030.0,17030.401290735117,ok,0.0006123004487976379,0.0015712520882700909,14462.859894084559,ok,-80.46982788649257,65.03990907778382,-0.11789509707569291,-68.10703740415556,61.27824398970939,-0.09978256443678284,,,0.0038989235312830157
264,5,35.86566666666667,Forward,0.4622235258845665,17025.0,17029.927583648783,ok,0.0006160238495356407,0.0020537459676363687,14462.693279624422,ok,-80.94353497282646,65.03921505687691,-0.11858911798260419,-68.27365186429233,61.27799988544736,-0.1000266686988144,,,0.0038989235312830157
265,5,36.0015,Forward,0.4627202358675232,17030.0,17029.428115346345,ok,0.0006171134515095706,0.0023598622998211223,14462.30239656061,ok,-81.44300327526435,65.03848329361173,-0.1193208812477774,-68.66453492810433,61.27742720873158,-0.10059934541459366,,,0.0038989235312830157
266,5,36.1376,Forward,0.4630074961176035,17035.0,17029.150060462784,ok,0.0006124259119158734,0.0017920106213596284,14462.161159810279,ok,-81.72105815882605,65.03807591971334,-0.11972825514617964,-68.80577167843512,61.27722028495867,-0.10080626918749387,,,0.0038989235312830157
267,5,36.27265,Forward,0.4633755620767428,17025.0,17028.688600284888,ok,0.0006272792548358032,0.002063651919676959,14462.203527294827,ok,-82.18251833672184,65.03739984156208,-0.12040433329743816,-68.76340419388725,61.27728235690334,-0.10074419724283072,,,0.0038989235312830157
268,5,36.40743333333333,Forward,0.46357040684492956,17025.0,17028.440728272675,ok,0.0006189250775390346,0.0017840876079770823,14461.17854814824,ok,-82.43039034893445,65.03703668812048,-0.12076748673904081,-69.78838334047396,61.27578067584895,-0.10224587829722358,,,0.0038989235312830157
269,5,36.54246666666667,Forward,0.463778094168418,17025.0,17028.172842847533,ok,0.0006164737597290743,0.0015920746028667534,14461.296540387757,ok,-82.69827577407705,65.03664421333792,-0.12115996152160029,-69.6703911009572,61.27595354444948,-0.10207300969668888,,,0.0038989235312830157
270,5,36.677233333333334,Forward,0.46385706120863224,17025.0,17027.948533070434,ok,0.0006165175350734119,0.0014247231581329084,14461.367568973617,ok,-82.92258555117587,65.03631558056162,-0.12148859429789248,-69.5993625150968,61.276057607329264,-0.10196894681691022,,,0.0038989235312830157
271,5,36.813066666666664,Forward,0.4641251664227475,17025.0,17027.83449598431,ok,0.0006193378664074245,0.002979731985658514,14460.919304818333,ok,-83.03662263730075,65.036148506595,-0.12165566826452114,-70.04762667038085,61.275400862466114,-0.1026256916800571,,,0.0038989235312830157
272,5,36.94838333333333,Forward,0.4642998531689643,17020.0,17027.654784118105,ok,0.0006197670776684574,0.0024484199561536787,14460.860284918763,ok,-83.21633450350419,65.03588521352643,-0.1219189613330933,-70.10664656995141,61.27531439332641,-0.10271216081975854,,,0.0038989235312830157
273,5,37.083666666666666,Forward,0.4644162977304841,17025.0,17027.688412798343,ok,0.0006330051961485199,0.0035055620703096425,14461.016471290115,ok,-83.18270582326659,65.03593448238439,-0.1218696924751217,-69.9504601985991,61.275543219557264,-0.10248333458890772,,,0.0038989235312830157
274,5,37.21843333333333,Forward,0.4644652580115882,17025.0,17027.48122853656,ok,0.0006232420909289848,0.002105301123482409,14460.629164091804,ok,-83.38989008505087,65.03563093993505,-0.12217323492447385,-70.33776739690984,61.27497578178658,-0.10305077235958827,,,0.0038989235312830157
275,5,37.35346666666667,Forward,0.4645677044105915,17030.0,17027.519183562916,ok,0.0006275007562342266,0.0028978491543882657,14461.127562562346,ok,-83.35193505869393,65.03568654725564,-0.12211762760388689,-69.83936892636848,61.27570597765764,-0.1023205764885379,,,0.0038989235312830157
276,5,37.48905,Forward,0.46460396272561044,17025.0,17027.420846767167,ok,0.0006169218040589698,0.002006628952912425,14460.941975941387,ok,-83.45027185444269,65.03554247554098,-0.12226169931853337,-70.02495554732741,61.27543407757696,-0.10259247656920871,,,0.0038989235312830157
277,5,37.62381666666667,Forward,0.4645387428615024,17025.0,17027.447562595426,ok,0.0006222747097348676,0.0024295931447260517,14460.642156949167,ok,-83.42355602618409,65.03558161648671,-0.12222255837280588,-70.32477453954743,61.274994817420435,-0.10303173672573315,,,0.0038989235312830157
278,5,37.758833333333335,Forward,0.46458567108504056,17025.0,17027.407278913375,ok,0.0006077034060785726,0.0016707271259146226,14460.745082587408,ok,-83.46383970823445,65.03552259748878,-0.12228157737074126,-70.22184890130666,61.27514561217707,-0.10288094196910598,,,0.0038989235312830157
279,5,37.893633333333334,Forward,0.46479169462251774,17025.0,17027.38499545063,ok,0.0006267984050645957,0.002409828437460784,14460.700802152878,ok,-83.48612317098014,65.03548995033303,-0.1223142245264838,-70.26612933583601,61.27508073759905,-0.10294581654712491,,,0.0038989235312830157
280,5,38.02838333333333,Forward,0.4647801270736991,17025.0,17027.221964497745,ok,0.0006203082593279856,0.0015419261711453747,14460.551553428531,ok,-83.64915412386472,65.03525109621191,-0.12255307864760584,-70.41537806018277,61.274862075607246,-0.10316447853892269,,,0.0038989235312830157
281,5,38.162933333333335,Forward,0.4648842823762537,17025.0,17027.227080837132,ok,0.0006188839045391184,0.001743515080961782,14460.817280627347,ok,-83.6440377844774,65.03525859208142,-0.12254558277810317,-70.14965086136726,61.27525138840588,-0.10277516574028969,,,0.0038989235312830157
282,5,38.29783333333334,Forward,0.46487731098075846,17025.0,17027.08771252514,ok,0.00062779153316012,0.00251904066746521,14459.889054023173,ok,-83.78340609647057,65.03505440572854,-0.12274976913096684,-71.07787746554095,61.27389145800114,-0.10413509614503294,,,0.0038989235312830157
283,5,38.432066666666664,Forward,0.46502571678425947,17025.0,17027.030876868732,ok,0.0006198150234018934,0.002082620417510652,14460.449465983787,ok,-83.84024175287777,65.03497113668963,-0.12283303816987841,-70.5174655049268,61.27471250887491,-0.10331404527125476,,,0.0038989235312830157
284,5,38.567366666666665,Forward,0.46509166291313514,17025.0,17026.97141849383,ok,0.0006249943047560272,0.002203356727107002,14460.695319278535,ok,-83.89970012777849,65.03488402514654,-0.12292014971298709,-70.27161221017923,61.27507270472486,-0.102953849421308,,,0.0038989235312830157
285,5,38.70218333333333,Forward,0.4651415638184706,17025.0,17027.024097253026,ok,0.000625607064349509,0.0031597255769908027,14460.224346117506,ok,-83.84702136858323,65.03496120397979,-0.12284297087972411,-70.7425853712084,61.27438268924952,-0.10364386489664744,,,0.0038989235312830157
286,5,38.8373,Forward,0.465080175939703,17025.0,17026.91564137072,ok,0.0006171508163381907,0.0022717523093882743,14460.162664469719,ok,-83.95547725088909,65.03480230694834,-0.12300186791117938,-70.80426701899523,61.27429232042378,-0.10373423372238763,,,0.0038989235312830157
287,5,38.97266666666667,Forward,0.465207508900027,17020.0,17027.034102683298,ok,0.0006339267500758805,0.002683489040626567,14460.237121961396,ok,-83.8370159383121,65.03497586278054,-0.12282831207897756,-70.72980952731814,61.27440140694031,-0.10362514720586537,,,0.0038989235312830157
288,5,39.10851666666667,Forward,0.4646558803050971,17025.0,17027.474171886002,ok,0.0006239708238045826,0.0013681006466731717,14460.620489464492,ok,-83.39694673560734,65.03562060134573,-0.12218357351378412,-70.34644202422169,61.27496307272462,-0.10306348142155455,,,0.0038989235312830157
289,5,39.24381666666667,Forward,0.4635298056817134,17025.0,17028.356456943013,ok,0.000620020531241903,0.0016191539024721804,14460.274251885294,ok,-82.5146616785969,65.0369132235021,-0.12089095135742257,-70.6926796034204,61.274455805416075,-0.10357074873009738,,,0.0038989235312830157
290,5,39.37886666666667,Forward,0.4620878444841394,17030.0,17029.772128826004,ok,0.0006199784867896876,0.00292239762115993,14460.433090788689,ok,-81.09898979560603,65.03898730242653,-0.11881687243298446,-70.5338407000254,61.27468851783049,-0.10333803631568082,,,0.0038989235312830157
291,5,39.514716666666665,Forward,0.4600434185886443,17035.0,17031.906976645823,ok,0.0006138440357397793,0.0024747466437292686,14460.169648765173,ok,-78.96414197578633,65.04211503486451,-0.11568913999500166,-70.79728272354077,61.274302553006756,-0.1037240011394154,,,0.0038989235312830157
292,5,39.65125,Forward,0.4575378254138722,17040.0,17034.082393419674,ok,0.0006213884214510785,0.0020734571405952233,14460.257820362967,ok,-76.78872520193545,65.04530220424799,-0.1125019706115278,-70.70911112574686,61.2744317318475,-0.10359482229867158,,,0.0038989235312830157
293,5,39.78628333333333,Forward,0.4545107218234369,17035.0,17036.94559520022,ok,0.0006264493273953507,0.002516327762150479,14460.126138288373,ok,-73.92552342138879,65.04949703678002,-0.10830713807950114,-70.84079320034107,61.27423880648187,-0.10378774766430442,,,0.0038989235312830157
294,5,39.92111666666667,Forward,0.4516739323321115,17040.0,17039.72174904015,ok,0.0006192791484880467,0.0024353561270145496,14459.932402208688,ok,-71.14936958146063,65.05356433672401,-0.10423983813551398,-71.03452928002662,61.27395496675558,-0.10407158739059051,,,0.0038989235312830157
295,5,40.05628333333333,Forward,0.44815192579365093,17040.0,17042.90648464985,ok,0.0006084528833975179,0.0013121300370553428,14460.34084460312,ok,-67.9646339717583,65.05823024348344,-0.09957393137607755,-70.6260868855934,61.27455336937438,-0.10347318477179213,,,0.0038989235312830157
296,5,40.190783333333336,Forward,0.44437521235269584,17040.0,17046.715826834592,ok,0.00061327704393457,0.0023067809439531275,14461.137809056121,ok,-64.15529178701763,65.06381125165085,-0.09399292320866827,-69.82912243259307,61.27572098963678,-0.10230556450938913,,,0.0038989235312830157
297,5,40.326633333333334,Forward,0.43931152105778926,17050.0,17051.220246185916,ok,0.0006179905651813979,0.0018984440251569353,14462.283008761853,ok,-59.6508724356936,65.07041060659719,-0.08739356826232673,-68.68392272686106,61.27739880396825,-0.10062775017792598,,,0.0038989235312830157
298,5,40.461666666666666,Forward,0.43258217129101906,17060.0,17057.687648768122,ok,0.00061394233432046,0.0016062736595505956,14465.121993648338,ok,-53.18346985348762,65.07988589783719,-0.07791827702233207,-65.84493784037659,61.28155815670429,-0.09646839744188399,,,0.0038989235312830157
299,5,40.596983333333334,Forward,0.42391053106161464,17060.0,17065.965992559824,ok,0.000618266337547614,0.0018673385151555992,14470.192324914711,ok,-44.90512606178527,65.09201437096286,-0.06578980389666092,-60.77460657400297,61.28898662042237,-0.08903993372380291,,,0.0038989235312830157
300,5,40.73258333333333,Forward,0.41369807468339975,17080.0,17076.029957025214,ok,0.0006124211700058531,0.0015283716901534526,14476.473600998283,ok,-34.84116159639598,65.1067589292498,-0.0510452456097088,-54.49333049043162,61.298189220615285,-0.0798373335308904,,,0.0038989235312830157
301,5,40.86815,Forward,0.40280630540110673,17080.0,17086.14488538296,ok,0.0006211242556162968,0.0031973508071743797,14483.893781899107,ok,-24.726233238649,65.12157815394521,-0.03622602091430681,-47.073149589607056,61.30906041259615,-0.06896614155001683,,,0.0038989235312830157
302,5,41.00265,Forward,0.39338679366658347,17090.0,17095.211045377546,ok,0.000612306349737707,0.0018060200841688878,14490.748610103106,ok,-15.660073244063824,65.13486084437389,-0.022943330485627536,-40.21832138560785,61.31910331510724,-0.05892323903893369,,,0.0038989235312830157
303,5,41.13848333333333,Forward,0.38632462456475986,17105.0,17102.019782826366,ok,0.0006176698724148933,0.002266487537062652,14495.896807868541,ok,-8.851335795243358,65.14483622003425,-0.01296795482527601,-35.070123620173035,61.3266458598257,-0.05138069432047179,,,0.0038989235312830157
304,5,41.2738,Forward,0.3816526483168302,17105.0,17106.23131143589,ok,0.000617634540837198,0.0030108910209691933,14499.675158465754,ok,-4.639807185718382,65.15100646529632,-0.006797709563196243,-31.291773022960115,61.33218146269878,-0.04584509144739554,,,0.0038989235312830157
305,5,41.40936666666666,Forward,0.3791150258681656,17105.0,17108.982697706033,ok,0.0006203526666033358,0.0026173850857381274,14503.05405511926,ok,-1.8884209155767167,65.15503747865786,-0.00276669620165867,-27.912876369453443,61.33713183179284,-0.040894722353332025,,,0.0038989235312830157
306,5,41.5444,Forward,0.37721974440417744,17115.0,17110.572093331237,ok,0.0006149300191046592,0.002073922417307315,14503.558740035613,ok,-0.29902529037281056,65.15736607754326,-0.000438097316255194,-27.408191453101608,61.33787123783817,-0.04015531630800202,,,0.0038989235312830157
307,5,41.67945,Forward,0.3756400671619753,17110.0,17111.865446941207,ok,0.0006186335766367797,0.0028877344689755067,14505.057399206817,ok,0.9943283195971162,65.15926094986256,0.0014567750030404865,-25.909532281897555,61.34006690015177,-0.03795965399439918,,,0.0038989235312830157
308,5,41.814483333333335,Forward,0.374530673543386,17110.0,17113.060613028687,ok,0.0006177595746225978,0.0034297567648218217,14505.35893448075,ok,2.189494407077291,65.16101196916514,0.0032077943056268545,-25.607997007964514,61.340508674806024,-0.03751787934014956,,,0.0038989235312830157
309,5,41.950066666666665,Forward,0.3732920345205101,17110.0,17114.10870411374,ok,0.0006225369374738025,0.003278300876574984,14506.144778353417,ok,3.237585492130165,65.16254751116222,0.004743336302694033,-24.822153135297413,61.34166000247862,-0.03636655166755765,,,0.0038989235312830157
310,5,42.08565,Forward,0.37225900813522605,17120.0,17115.097307666692,ok,0.0006089957663280172,0.0036568920246212453,14507.215036153246,ok,4.2261890450827195,65.1639958988984,0.006191724038891494,-23.75189533546836,61.343228020585784,-0.034798533560387784,,,0.0038989235312830157
311,5,42.222116666666665,Forward,0.3712900160291478,17115.0,17116.008616747265,ok,0.0006147982157151503,0.0035576528911198477,14507.397897814295,ok,5.1374981256558385,65.16533104370166,0.007526868842129762,-23.569033674419188,61.34349592836995,-0.03453062577622768,,,0.0038989235312830157
312,5,42.357416666666666,Forward,0.37048905174515,17115.0,17116.689166897748,ok,0.0006324862967850927,0.0041995740328090525,14508.135713523245,ok,5.818048276138143,65.16632810717455,0.008523932315027488,-22.831217965469477,61.344576890724596,-0.033449663421576015,,,0.0038989235312830157
313,5,42.49386666666667,Forward,0.36971053280892985,17115.0,17117.404358268155,ok,0.0006112721016388684,0.003148856026685465,14508.8466495916,ok,6.533239646545553,65.16737592296161,0.009571748102092603,-22.120281897114182,61.3456184721346,-0.032408082011564976,,,0.0038989235312830157
314,5,42.62813333333333,Forward,0.36902690825215523,17115.0,17118.088393878796,ok,0.0006224408121933741,0.0035241268539182246,14508.745352152435,ok,7.217275257185975,65.16837809292814,0.010573918068622632,-22.22157933627932,61.345470062827204,-0.032556491318973195,,,0.0038989235312830157
315,5,42.76425,Forward,0.3682750343068306,17120.0,17118.49768905705,ok,0.0006083535272925363,0.0032055146885045962,14509.094572516506,ok,7.626570435440954,65.16897774494728,0.01117357008777506,-21.87235897220853,61.345981700167606,-0.03204485397856519,,,0.0038989235312830157
316,5,42.900816666666664,Forward,0.367846449480873,17115.0,17119.24841340684,ok,0.0006240755615511617,0.002998461882015635,14509.549768757022,ok,8.377294785230333,65.17007761955148,0.012273444691960239,-21.41716273169186,61.346648601121345,-0.03137795302483255,,,0.0038989235312830157
317,5,43.035833333333336,Forward,0.3672529269605288,17120.0,17119.56074907625,ok,0.0006275450127205317,0.003576674957825448,14510.404123190714,ok,8.689630454638973,65.17053521769768,0.012731042838150807,-20.562808298000164,61.347900302554564,-0.030126251591604578,,,0.0038989235312830157
318,5,43.17146666666667,Forward,0.3667267624869641,17115.0,17119.99484467287,ok,0.0006199401453684433,0.004467370192834349,14510.629484147736,ok,9.123726051260746,65.17117120442522,0.013367029565698478,-20.337447340978542,61.34823047539827,-0.029796078747907035,,,0.0038989235312830157
319,5,43.3073,Forward,0.36640318865750593,17115.0,17120.530503797367,ok,0.0006106404986960494,0.0035930889217593203,14510.769884022033,ok,9.659385175757052,65.17195599030262,0.014151815443096547,-20.197047466681397,61.34843617307706,-0.02959038106910716,,,0.0038989235312830157
320,5,43.44291666666667,Forward,0.3658983809237103,17120.0,17120.88776262217,ok,0.0006178873165422445,0.0035177443854236216,14511.584208551445,ok,10.016644000559609,65.1724794046672,0.01467522980767872,-19.382722937269136,61.34962922731823,-0.028397326827937452,,,0.0038989235312830157
321,5,43.57848333333333,Forward,0.36623159268685923,17115.0,17120.62873653638,ok,0.0006112508381988371,0.0037349402351816237,14511.173789726814,ok,9.757617914769071,65.17209990956535,0.014295734705831509,-19.793141761900188,61.3490279290622,-0.028998625083972263,,,0.0038989235312830157
322,5,43.714333333333336,Forward,0.36574213238917785,17120.0,17121.05303596247,ok,0.0006140573111641087,0.003086411656956734,14511.488760960243,ok,10.181917340862128,65.17272154407536,0.01491736921583645,-19.47817052847131,61.34948938853237,-0.028537165613802557,,,0.0038989235312830157
323,5,43.84936666666667,Forward,0.36527108521623086,17115.0,17121.346760018932,ok,0.0006213721402296272,0.004234829281236846,14511.273275210402,ok,10.475641397322761,65.173151874636,0.01534769977648756,-19.69365627831212,61.349173683701586,-0.028852870444583924,,,0.0038989235312830157
324,5,43.98466666666667,Forward,0.36501897395572414,17120.0,17121.65649679713,ok,0.000621485875805989,0.0038369982546206083,14511.72042374314,ok,10.785378175522055,65.17360566518698,0.01580149032746558,-19.24650774557449,61.349828794083436,-0.028197760062731034,,,0.0038989235312830157
325,5,44.11945,Forward,0.36459133317848824,17120.0,17122.039718888136,ok,0.0006111087555219661,0.003512729091596362,14511.813131440224,ok,11.168600266526482,65.1741671179303,0.016362943070775113,-19.153800048490666,61.34996461869292,-0.02806193545325407,,,0.0038989235312830157
326,5,44.25533333333333,Forward,0.3644675936290457,17120.0,17122.196033459382,ok,0.0006235935016493193,0.003722353761218383,14512.283006330292,ok,11.324914837772667,65.17439613198482,0.016591957125302592,-18.683925158422426,61.3506530251085,-0.02737352903766977,,,0.0038989235312830157
327,5,44.390366666666665,Forward,0.36405262170799213,17120.0,17122.507780890573,ok,0.000618971783553488,0.0035570524267989796,14512.333781080873,ok,11.636662268963846,65.17485286831231,0.01704869345280195,-18.63315040784073,61.35072741440827,-0.027299139737903072,,,0.0038989235312830157
328,5,44.52486666666667,Forward,0.36395103920612315,17120.0,17122.70446350335,ok,0.0006133662401487186,0.003722264072202105,14512.316248789863,ok,11.833344881739322,65.17514102495855,0.017336850099029324,-18.650682698851597,61.35070172812056,-0.027324826025608335,,,0.0038989235312830157
329,5,44.660183333333336,Forward,0.36346185282383714,17120.0,17123.051168011003,ok,0.0006166907121256343,0.003726167148420541,14512.788343905664,ok,12.180049389393389,65.17564897635673,0.017844801497211918,-18.178587583050103,61.35139338735444,-0.026633166791728946,,,0.0038989235312830157
330,5,44.79443333333333,Forward,0.3633645777318034,17125.0,17123.266187434398,ok,0.0006139490680642784,0.0035563476828438497,14512.283006782058,ok,12.39506881278794,65.17596399797986,0.018159823120347703,-18.6839247066564,61.35065302577038,-0.02737352837579437,,,0.0038989235312830157
331,5,44.93001666666667,Forward,0.3630240566738633,17120.0,17123.464816174102,ok,0.0006192429200750549,0.0035970157586146874,14512.953394163473,ok,12.593697552492813,65.17625500586648,0.018450831006962796,-18.013537325241487,61.3516351999279,-0.02639135421827393,,,0.0038989235312830157
332,5,45.06505,Forward,0.36270595037223496,17120.0,17123.639482855404,ok,0.0006163635954794511,0.004219332470862974,14512.706058349004,ok,12.768364233794273,65.17651090731289,0.018706732453365432,-18.260873139710384,61.3512728320613,-0.026753722084876523,,,0.0038989235312830157
333,5,45.2009,Forward,0.3624313267793584,17120.0,17124.103853417877,ok,0.0006198417856953685,0.0043259272503673235,14513.713236418527,ok,13.232734796267323,65.17719124942346,0.019387074563939823,-17.25369507018695,61.35274843303371,-0.02527812111246652,,,0.0038989235312830157
334,5,45.335683333333336,Forward,0.36216346913690584,17130.0,17124.285740476254,ok,0.0006168849620584291,0.003768851261994884,14513.477965729644,ok,13.414621854644793,65.17745772933236,0.019653554472837745,-17.488965759070197,61.352403741595516,-0.025622812550654763,,,0.0038989235312830157
335,5,45.469966666666664,Forward,0.36187720678237145,17120.0,17124.444527148502,ok,0.0006068979921318506,0.0033830210957313737,14513.638829792777,ok,13.573408526892308,65.17769036522373,0.019886190364210014,-17.32810169593722,61.35263942104007,-0.025387133106108118,,,0.0038989235312830157
336,5,45.60503333333333,Forward,0.3614301212222043,17120.0,17124.950671377956,ok,0.0006129430234673318,0.004361678228750825,14514.394017640023,ok,14.079552756345947,65.17843190928605,0.02062773442653744,-16.572913848691314,61.35374583504516,-0.024280719101010134,,,0.0038989235312830157
337,5,45.74086666666667,Forward,0.360978876128812,17120.0,17125.456419796927,ok,0.0006226525415838705,0.00474695679436733,14514.665418999935,ok,14.585301175317,65.17917287345259,0.021368698593064245,-16.301512488778826,61.35414346096923,-0.023883093176937185,,,0.0038989235312830157
338,5,45.87511666666666,Forward,0.3605898972204857,17130.0,17125.667719179157,ok,0.00062307683755766,0.004035875833528299,14514.691017918869,ok,14.796600557547208,65.17948244490108,0.021678270041572908,-16.275913569845216,61.35418096554843,-0.023845588597743005,,,0.0038989235312830157
339,5,46.01018333333333,Forward,0.36000000602398063,17130.0,17126.263710586278,ok,0.0006164639684985619,0.003902110014897153,14514.715559772205,ok,15.3925919646681,65.18035562267025,0.02255144781073514,-16.25137171650931,61.35421692143721,-0.023809632708965224,,,0.0038989235312830157
340,5,46.14521666666667,Forward,0.35964409848196643,17125.0,17126.720017001666,ok,0.0006166214636081929,0.004056554714512521,14515.410735910498,ok,15.848898380056198,65.18102415012397,0.0232199752644576,-15.55619557821592,61.355235413218054,-0.022791140928115253,,,0.0038989235312830157
341,5,46.28053333333333,Forward,0.35910492181660536,17125.0,17127.041547549285,ok,0.0006215215687748496,0.004085024063298083,14515.91791535925,ok,16.170428927674948,65.18149521954365,0.023691044684138515,-15.04901612946378,61.35597847396413,-0.022048080182045647,,,0.0038989235312830157
342,5,46.416133333333335,Forward,0.3587221799916973,17130.0,17127.45529139066,ok,0.0006066392724097744,0.0033335352645822544,14516.219764307245,ok,16.584172769049474,65.18210138923017,0.02429721437064666,-14.747167181469194,61.35642070817738,-0.02160584596879227,,,0.0038989235312830157
343,5,46.55116666666667,Forward,0.3580845408860072,17130.0,17127.932558621556,ok,0.0006141496410270652,0.004069036316363728,14516.512184545592,ok,17.061439999946742,65.18280062604967,0.024996451190154333,-14.45474694312179,61.35684912853433,-0.02117742561184192,,,0.0038989235312830157
344,5,46.687016666666665,Forward,0.3569830661507388,17130.0,17128.824676966713,ok,0.0006180754416148129,0.0037268857961786227,14516.910389397253,ok,17.953558345103374,65.18410765480402,0.02630347994450441,-14.05654209146087,61.35743253228796,-0.02059402185821644,,,0.0038989235312830157
345,5,46.82261666666667,Forward,0.3565301378058106,17130.0,17129.434747749772,ok,0.0006194083924788828,0.0030568870670277977,14518.233900602221,ok,18.563629128162574,65.18500146004855,0.027197285189039817,-12.733030886492998,61.35937158803206,-0.01865496611411131,,,0.0038989235312830157
346,5,46.95765,Forward,0.35600114214084666,17130.0,17129.97159985426,ok,0.0006217617233567881,0.004948675036975864,14518.076323703803,ok,19.100481232650054,65.18578799374245,0.027983818882924668,-12.89060778491148,61.35914072456157,-0.01888582958460535,,,0.0038989235312830157
347,5,47.0927,Forward,0.3555282445203666,17130.0,17130.462548906366,ok,0.0006126524736041277,0.0050176724206725115,14518.47901382539,ok,19.591430284755916,65.18650727558605,0.028703100726535466,-12.48791766332397,61.359730699614616,-0.018295854531558773,,,0.0038989235312830157
348,5,47.22721666666666,Forward,0.35500405147676084,17130.0,17130.831660771455,ok,0.0006200849063025464,0.0038545015818840364,14518.639570061834,ok,19.960542149845423,65.18704805565616,0.02924388079664945,-12.327361426880088,61.359965928067055,-0.018060626079121178,,,0.0038989235312830157
349,5,47.363083333333336,Forward,0.35430462304751875,17130.0,17131.567571069136,ok,0.000621614577772403,0.004126218816706203,14519.00061572477,ok,20.6964524475261,65.18812622642231,0.030322051562796055,-11.966315763944294,61.36049489046947,-0.017531663676708508,,,0.0038989235312830157
350,5,47.49785,Forward,0.35368300224195665,17130.0,17132.046037403445,ok,0.0006077174462746014,0.003571974469125917,14519.629846329166,ok,21.174918781835004,65.18882722002964,0.031023045170118883,-11.337085159548224,61.36141676647115,-0.016609787675023607,,,0.0038989235312830157
351,5,47.63235,Forward,0.3531325135688086,17130.0,17132.54668106633,ok,0.0006285631168261843,0.004221600831204462,14520.001057860696,ok,21.675562444721436,65.18956070529718,0.031756530437660184,-10.965873628018016,61.36196062273001,-0.01606593141616467,,,0.0038989235312830157
352,5,47.7674,Forward,0.3525779422307986,17130.0,17132.8899917812,ok,0.0006112500775945937,0.003986289676455844,14520.516098160717,ok,22.01887315959175,65.19006368450218,0.032259509642659265,-10.450833327997316,61.36271520028738,-0.015311353858791434,,,0.0038989235312830157
353,5,47.90298333333333,Forward,0.35209287644581727,17130.0,17133.396600528402,ok,0.0006231787250803153,0.003680317197188476,14520.874148304682,ok,22.525481906792265,65.19080590912225,0.03300173426273485,-10.092783184032669,61.3632397740014,-0.014786780144775033,,,0.0038989235312830157
354,5,48.0383,Forward,0.3513016072499153,17130.0,17133.96821212869,ok,0.0006162063534453253,0.004790696919998651,14521.802399017299,ok,23.09709350707999,65.19164336841446,0.03383919355493778,-9.164532471415441,61.36459973972705,-0.013426814419124975,,,0.0038989235312830157
355,5,48.17333333333333,Forward,0.3508812069512876,17130.0,17134.476634363135,ok,0.000623493989054123,0.004681345884438576,14521.408445495834,ok,23.60551574152487,65.19238824994657,0.03458407508705525,-9.558485992880378,61.36402256453137,-0.014003989614801215,,,0.0038989235312830157
356,5,48.30811666666666,Forward,0.3504023345253626,17130.0,17135.03626038731,ok,0.0006210188709542733,0.00407900106353507,14522.169192961852,ok,24.165141765701264,65.19320814935706,0.03540397449754517,-8.797738526862304,61.365137123847724,-0.012889430298447278,,,0.0038989235312830157
357,5,48.44343333333333,Forward,0.3499034927410749,17135.0,17135.341511973707,ok,0.0006104144908544353,0.005034473841576793,14522.73709348093,ok,24.470393352097744,65.19365536872309,0.03585119386356003,-8.229838007784565,61.36596914609239,-0.012057408053781275,,,0.0038989235312830157
358,5,48.57848333333333,Forward,0.34939478849732875,17130.0,17135.865331945166,ok,0.0006158022410615124,0.004570900993134228,14522.283009720293,ok,24.994213323556323,65.19442280924093,0.036618634381419796,-8.683921768420987,61.365303875015684,-0.012722679130491417,,,0.0038989235312830157
359,5,48.71353333333333,Forward,0.34901374224822534,17130.0,17136.22512337497,ok,0.0006139244949739728,0.004493330635080564,14522.583402913298,ok,25.35400475336064,65.19494993408584,0.03714575922631961,-8.383528575415767,61.36574397642487,-0.012282577721300102,,,0.0038989235312830157
360,5,48.84911666666667,Forward,0.3484790857933625,17135.0,17136.682582834073,ok,0.0006120975166134908,0.004005882410671786,14522.713815858711,ok,25.81146421246376,65.19562015084603,0.03781597598650992,-8.253115630002867,61.36593504240902,-0.012091511737151756,,,0.0038989235312830157
361,5,48.98441666666667,Forward,0.34808138706064773,17135.0,17137.162764014865,ok,0.0006146393053443125,0.00418330839674368,14523.154877623538,ok,26.29164539325575,65.19632365684834,0.03851948198882479,-7.812053865176495,61.36658123516159,-0.011445318984584554,,,0.0038989235312830157
362,5,49.118916666666664,Forward,0.3476123689494469,17135.0,17137.37448997101,ok,0.0006124923139948626,0.0034817140928383008,14524.057424568618,ok,26.503371349401277,65.19663385326368,0.038829678404162356,-6.909506920095737,61.367903542695984,-0.010123011450190945,,,0.0038989235312830157
363,5,49.25395,Forward,0.34705389632278794,17140.0,17137.946338450536,ok,0.0006092632628529475,0.003763175250590468,14524.218071448719,ok,27.075219828926492,65.19747165960398,0.03966748474446309,-6.748860039995634,61.36813890394903,-0.009887650197138135,,,0.0038989235312830157
364,5,49.389783333333334,Forward,0.3467283609179149,17135.0,17138.229454491975,ok,0.0006130571042498359,0.005117509596381678,14524.841397936922,ok,27.35833587036541,65.1978864485263,0.04008227366679319,-6.125533551792614,61.369052129921634,-0.00897442422453877,,,0.0038989235312830157
365,5,49.52455,Forward,0.346221964542048,17135.0,17138.6011761671,ok,0.0006112004047938705,0.0045679320187899325,14524.942384582033,ok,27.730057545490126,65.19843105218864,0.04062687732912219,-6.02454690668128,61.369200083889496,-0.008826470256679621,,,0.0038989235312830157
366,5,49.65958333333333,Forward,0.3458921706639414,17140.0,17138.95684079879,ok,0.0006180592076494304,0.004482152784212428,14525.080629146623,ok,28.085722177180287,65.19895213092562,0.041147956066094865,-5.886302342090858,61.36940262385746,-0.00862393028871095,,,0.0038989235312830157
367,5,49.7941,Forward,0.3454756845335538,17140.0,17139.48023789683,ok,0.0006120342959576667,0.003829654395452025,14525.285344697173,ok,28.60911927522102,65.19971895189818,0.04191477703866719,-5.681586791541122,61.36970254943626,-0.008324004709908807,,,0.0038989235312830157
368,5,49.9294,Forward,0.34515219257523533,17145.0,17139.536360495833,ok,0.000619961734897001,0.004124433466179491,14526.001626854835,ok,28.665241874223284,65.19980117624775,0.04199700138823142,-4.965304633878986,61.370751963318824,-0.007274590827350483,,,0.0038989235312830157
369,5,50.0647,Forward,0.34486714765872306,17135.0,17139.932339745705,ok,0.000617697311966631,0.004335685821979653,14526.252004382384,ok,29.061221124095027,65.2003813193067,0.04257714444718563,-4.714927106329924,61.37111878755209,-0.0069077665940787784,,,0.0038989235312830157
370,5,50.199733333333334,Forward,0.3445620100583495,17145.0,17140.31497714495,ok,0.000617191717433653,0.004049011017016489,14526.319847361392,ok,29.443858523340168,65.20094191542718,0.04313774056766483,-4.6470841273221595,61.37121818324867,-0.006808370897504073,,,0.0038989235312830157
371,5,50.33505,Forward,0.3441651248637612,17140.0,17140.537539797962,ok,0.0006134589590164452,0.004519394697015227,14526.445237419597,ok,29.666421176352742,65.20126798851906,0.04346381365954907,-4.521694069117075,61.37140189027865,-0.006624663867519277,,,0.0038989235312830157
372,5,50.469833333333334,Forward,0.3438282123809111,17140.0,17140.87325010136,ok,0.000621097206650436,0.004704318705716143,14526.912140229559,ok,30.00213147974864,65.20175983247907,0.04395565761954856,-4.054791259155536,61.37208594234576,-0.005940611800414394,,,0.0038989235312830157
373,5,50.605666666666664,Forward,0.3434980044804463,17140.0,17141.23494968871,ok,0.0006256790022903393,0.004812942001503143,14527.283010801499,ok,30.363831067101273,65.202289752936,0.04448557807648463,-3.6839206872155046,61.37262929907001,-0.005397255076164123,,,0.0038989235312830157
374,5,50.741,Forward,0.3430845147938258,17140.0,17141.481850503984,ok,0.000625010434847282,0.004985941222945525,14527.350139490645,ok,30.61073188237424,65.20265148349203,0.04484730863251034,-3.6167919980689476,61.37272764827158,-0.005298905874589332,,,0.0038989235312830157
375,5,50.87656666666667,Forward,0.34281145827798587,17140.0,17141.800589710856,ok,0.000617059851829886,0.005445548741902489,14527.149951793386,ok,30.929471089246363,65.20311846336166,0.04531428850214575,-3.816979695327973,61.372434356380424,-0.0055921977657439025,,,0.0038989235312830157
376,5,51.011633333333336,Forward,0.34241358880787337,17145.0,17142.115681340234,ok,0.0006123055594729485,0.004335768351449186,14527.82769794292,ok,31.244562718624366,65.20358009922208,0.04577592436255366,-3.139233545794923,61.37342731175501,-0.00459924239115824,,,0.0038989235312830157
377,5,51.14613333333333,Forward,0.34216459240640906,17140.0,17142.21626990496,ok,0.0006223281497949273,0.004491576119673889,14527.529790112789,ok,31.34515128334897,65.20372746996853,0.045923295109010824,-3.437141375925421,61.37299085161243,-0.0050357025337397,,,0.0038989235312830157
378,5,51.28145,Forward,0.34192835708854935,17145.0,17142.575770867614,ok,0.0006240084206425912,0.004409982932912059,14528.29136148743,ok,31.704652246004116,65.20425416925451,0.046449994394994365,-2.6755700012836314,61.374106618024534,-0.003919936121636639,,,0.0038989235312830157
379,5,51.41623333333333,Forward,0.34148930035587066,17140.0,17142.874175543075,ok,0.0006202585378409806,0.004927988214003326,14528.167498279248,ok,32.00305692146503,65.20469135731749,0.04688718245796536,-2.7994332094658603,61.37392514795884,-0.004101406187328203,,,0.0038989235312830157
380,5,51.552083333333336,Forward,0.3412122075348781,17145.0,17143.16409496663,ok,0.0006241874278655898,0.0049950271265651585,14528.562694153768,ok,32.29297634501927,65.20511611376946,0.04731193890993974,-2.4042373349457193,61.374504143306716,-0.0035224108394546413,,,0.0038989235312830157
381,5,51.68728333333333,Forward,0.34080135913875204,17140.0,17143.420103315955,ok,0.0006149155422803971,0.005000277203332603,14528.345708970885,ok,32.54898469434556,65.2054911876324,0.04768701277288605,-2.621222517829665,61.37418624167984,-0.0038403124663373774,,,0.0038989235312830157
382,5,51.823116666666664,Forward,0.3404584340836371,17145.0,17143.821974588227,ok,0.0006217826192846053,0.005033241755919154,14529.320525826595,ok,32.95085596661738,65.20607996300201,0.048275788142497236,-1.646405662118923,61.375614430739674,-0.002412123406493112,,,0.0038989235312830157
383,5,51.959266666666664,Forward,0.33998757971486143,17145.0,17144.240203114437,ok,0.0006196884938828524,0.004054181243778025,14529.430841284367,ok,33.369084492827824,65.20669270313074,0.04888852827121921,-1.5360902043466922,61.37577605220632,-0.00225050193985655,,,0.0038989235312830157
384,5,52.09458333333333,Forward,0.33960864334645313,17140.0,17144.4471312198,ok,0.000617425915179131,0.003920549643039733,14529.872645898837,ok,33.57601259819057,65.20699587028929,0.04919169542977014,-1.0942855898774724,61.37642333329637,-0.0016032208497961992,,,0.0038989235312830157
385,5,52.23068333333333,Forward,0.33940159025516026,17145.0,17144.882758682867,ok,0.000614125802948066,0.0038956799085693382,14529.328280073729,ok,34.01164006125691,65.20763410133061,0.0498299264710927,-1.638651414985361,61.375625791366915,-0.002400762779254668,,,0.0038989235312830157
386,5,52.36573333333333,Forward,0.3391520144912876,17145.0,17144.977552534638,ok,0.0006044465111267329,0.004472498910668761,14530.465564181157,ok,34.10643391302801,65.20777298233297,0.049968807473454196,-0.5013673075573024,61.37729200867804,-0.0007345454681277972,,,0.0038989235312830157
387,5,52.50131666666667,Forward,0.33871603036927866,17145.0,17145.110405559284,ok,0.0006189313302524158,0.00531822266288761,14530.432967971046,ok,34.23928693767448,65.20796762323937,0.050163448379851906,-0.5339635176678712,61.377244252476046,-0.0007823016701257172,,,0.0038989235312830157
388,5,52.63635,Forward,0.3385577866574322,17145.0,17145.38190273138,ok,0.0006160871409804396,0.0039657964705214765,14530.34466121778,ok,34.51078410977061,65.20836538953638,0.05056121467686945,-0.6222702709346777,61.37711487562112,-0.0009116785250571661,,,0.0038989235312830157
389,5,52.7722,Forward,0.33815551929397014,17145.0,17145.8216648357,ok,0.0006257663661656635,0.004832912785583392,14530.40268923615,ok,34.950546214091446,65.2090096781765,0.05120550331698246,-0.5642422525634174,61.37719989157105,-0.0008266625751207531,,,0.0038989235312830157
390,5,52.90725,Forward,0.3377035630415639,17145.0,17146.27644051389,ok,0.0006184445019947369,0.005080874856324382,14530.739313915376,ok,35.40532189228179,65.20967596297089,0.05187178811137201,-0.22761757333864807,61.3776930751689,-0.0003334789772726482,,,0.0038989235312830157
391,5,53.04255,Forward,0.33742980511408593,17145.0,17146.602809776185,ok,0.0006284670231678931,0.004887571661038597,14531.579846689407,ok,35.731691154574946,65.21015412151641,0.052349946656893555,0.6129152006924414,61.378924526702875,0.00089797255670448,,,0.0038989235312830157
392,5,53.17733333333333,Forward,0.3372898043108002,17145.0,17146.79918845233,ok,0.0006272163569291553,0.00526791915513865,14532.033654599354,ok,35.92806983071932,65.21044183286979,0.05263765801027553,1.0667231106399413,61.379589393635015,0.0015628394888476075,,,0.0038989235312830157
393,5,53.313183333333335,Forward,0.3367725504783245,17150.0,17147.198857157564,ok,0.0006316892267853421,0.00560483919449991,14531.646109316715,ok,36.32773853595427,65.2110273812926,0.05322320643307388,0.67917782800032,61.37902160705068,0.0009950529045085308,,,0.0038989235312830157
394,5,53.44821666666667,Forward,0.33643978707012057,17145.0,17147.369307359437,ok,0.0006308842887189791,0.005406369260429562,14531.722239054297,ok,36.49818873782715,65.21127710524036,0.053472930380846204,0.7553075655832799,61.37913314354875,0.001106589402577724,,,0.0038989235312830157
395,5,53.58273333333333,Forward,0.33620606129486214,17150.0,17147.505665110417,ok,0.0006223758873011835,0.005052063213630907,14532.283011273526,ok,36.634546488807246,65.21147688086697,0.05367270600745122,1.3160797848122456,61.37995472223184,0.0019281680856663215,,,0.0038989235312830157
396,5,53.7183,Forward,0.335840682118844,17145.0,17147.920821525953,ok,0.0006296259252059719,0.0054722754869308155,14532.1348363819,ok,37.049702904343576,65.21208512009397,0.05428094523446053,1.1679048931855505,61.37973763349571,0.0017110793495359212,,,0.0038989235312830157
397,5,53.85308333333333,Forward,0.3355190992043539,17150.0,17148.27331444287,ok,0.0006232462100141182,0.004620926783061472,14532.462259107113,ok,37.40219582126156,65.21260155200082,0.054797377141300924,1.4953276183987327,61.38021733545342,0.0021907813072466523,,,0.0038989235312830157
398,5,53.98918333333334,Forward,0.33517550469788815,17145.0,17148.626929549177,ok,0.0006170160120800463,0.005340714918295981,14532.789588916925,ok,37.75581092756693,65.21311962800993,0.05531545315041217,1.8226574282107322,61.38069690128222,0.002670347136043851,,,0.0038989235312830157
399,5,54.12505,Forward,0.33472247165026026,17145.0,17148.9417923968,ok,0.0006198637790950372,0.005978824262911477,14533.344711314048,ok,38.07067377518979,65.21358092868573,0.055776753826218106,2.3777798253340734,61.381510202498546,0.003483648352371335,,,0.0038989235312830157
400,5,54.25983333333333,Forward,0.3345181321339764,17145.0,17149.053518008448,ok,0.000611005045573567,0.004076259623261907,14533.190315728249,ok,38.18239938683837,65.21374461614695,0.05594044128743314,2.2233842395344254,61.38128399991984,0.0032574457736658895,,,0.0038989235312830157
401,5,54.39463333333333,Forward,0.33402512973918697,17155.0,17149.592295271283,ok,0.0006144128775449735,0.0057125906008020965,14533.831729147392,ok,38.721176649673,65.21453397036048,0.056729795500961,2.8647976586780715,61.382223724774505,0.004197170628331392,,,0.0038989235312830157
402,5,54.53021666666667,Forward,0.3336887332047806,17155.0,17150.073065218818,ok,0.0006272237661008264,0.005845890272896268,14534.332517859222,ok,39.20194659720801,65.21523833895583,0.057434164096301685,3.3655863705080264,61.382957422551,0.004930868404830727,,,0.0038989235312830157
403,5,54.66578333333333,Forward,0.33342231023872315,17155.0,17150.067273370718,ok,0.0006157938959926771,0.00551314946072107,14534.368478374889,ok,39.196154749108246,65.21522985340897,0.05742567854945881,3.401546886174401,61.38301010774491,0.004983553598731718,,,0.0038989235312830157
404,5,54.80056666666667,Forward,0.33334794128571976,17150.0,17150.279354063565,ok,0.000625185522624489,0.0050016896127428444,14534.80127333032,ok,39.408235441955185,65.21554056954355,0.05773639468403709,3.8343418416061468,61.38364418892321,0.005617634777039552,,,0.0038989235312830157
405,5,54.93505,Forward,0.33299362676990396,17150.0,17150.60216363471,ok,0.0006210374952055012,0.004987928505577729,14534.599832640884,ok,39.73104501310081,65.21601351284077,0.05820933798125476,3.632901152170234,61.38334906129265,0.005322507146475453,,,0.0038989235312830157
406,5,55.0701,Forward,0.3326341358956297,17145.0,17150.913579918535,ok,0.0006196327416213196,0.0056264024263969715,14534.23990273839,ok,40.04246129692547,65.2164697640094,0.05866558914988217,3.2729712496766297,61.38282173357356,0.004795179427385712,,,0.0038989235312830157
407,5,55.20486666666667,Forward,0.33248795856833574,17145.0,17151.046633952432,ok,0.0006291536877106575,0.004438457386796845,14535.173116168206,ok,40.175515330822236,65.21666469941133,0.05886052455181567,4.206184679491344,61.38418897009922,0.006162415953050182,,,0.0038989235312830157
408,5,55.34045,Forward,0.3320674994542061,17155.0,17151.30823855756,ok,0.0006302690792955615,0.0059666062158133006,14535.828703881849,ok,40.43711993595207,65.21704797226188,0.0592437974023645,4.861772393134743,61.38514946149297,0.007122907346801428,,,0.0038989235312830157
409,5,55.475233333333335,Forward,0.3318982658997235,17155.0,17151.596833441898,ok,0.0006069729475790218,0.004872455727773257,14535.183878731314,ok,40.725714820287976,65.21747078815199,0.059666613292468335,4.216947242599417,61.38420473816355,0.006178184017376099,,,0.0038989235312830157
410,5,55.6108,Forward,0.3315403302166299,17150.0,17151.933104570213,ok,0.0006318165928542403,0.006050364749150611,14536.016009173545,ok,41.06198594860325,65.21796345376788,0.060159278908361084,5.049077684830991,61.38542387957149,0.007397325425319859,,,0.0038989235312830157
411,5,55.746383333333334,Forward,0.33132176729111706,17155.0,17152.08368413058,ok,0.000617312824897743,0.005213249912019153,14535.750326944322,ok,41.21256550896942,65.2181840655469,0.060379890687375024,4.783395455608115,61.38503463265711,0.007008078510939729,,,0.0038989235312830157
412,5,55.8809,Forward,0.33098060123551315,17150.0,17152.35670429483,ok,0.0006238162469195912,0.005800109762973509,14536.551125725066,ok,41.48558567322107,65.2185840631561,0.06077988829658418,5.584194236351323,61.38620787053364,0.008181316387463935,,,0.0038989235312830157
413,5,56.0162,Forward,0.33082583701056734,17150.0,17152.612373042186,ok,0.000614211337233461,0.0050954902782297615,14536.073260206855,ok,41.7412544205763,65.21895863947347,0.061154464613948536,5.106328718140503,61.38550775717266,0.007481203026490193,,,0.0038989235312830157
414,5,56.15125,Forward,0.3306146788076811,17155.0,17152.912825385254,ok,0.0006217427891298902,0.00551757889830092,14536.526190168568,ok,42.04170676364447,65.2193988275425,0.0615946526829799,5.559258679853883,61.38617133783646,0.008144783690288931,,,0.0038989235312830157
415,5,56.28628333333333,Forward,0.3300832090043788,17155.0,17153.168618817126,ok,0.0006210338922303832,0.0048914835051006925,14536.601616401953,ok,42.29750019551648,65.21977358653322,0.061969411673696434,5.634684913238743,61.38628184364144,0.008255289495265985,,,0.0038989235312830157
416,5,56.42106666666667,Forward,0.3299519495174471,17155.0,17153.2896585388,ok,0.0006190429446328847,0.005375564479609192,14536.976379642196,ok,42.41853991719108,65.21995091995261,0.06214674509308651,6.009448153481571,61.38683090345366,0.00880434930748718,,,0.0038989235312830157
417,5,56.55583333333333,Forward,0.32972919205388906,17155.0,17153.569879251452,ok,0.0006155495913136047,0.004450730081324298,14537.004818274334,ok,42.69876062984258,65.22036146697363,0.06255729211410498,6.037886785619776,61.38687256845264,0.008846014306464969,,,0.0038989235312830157
418,5,56.69146666666666,Forward,0.32946650364325236,17155.0,17153.911963492596,ok,0.000616048565548821,0.0044409663009654515,14536.974149876001,ok,43.04084487098589,65.22086264929098,0.06305847443146426,6.007218387287139,61.386827636657785,0.008801082511610351,,,0.0038989235312830157
419,5,56.8265,Forward,0.329173489031385,17155.0,17154.167203912264,ok,0.0006183690186743777,0.004842536572841267,14537.418113727163,ok,43.296085290654446,65.2212365980721,0.06343242321257649,6.451182238448382,61.38747808121204,0.009451527065867178,,,0.0038989235312830157
420,5,56.96208333333333,Forward,0.32892659417103154,17155.0,17154.300494363306,ok,0.0006261217220953023,0.00549081478474095,14538.053265525004,ok,43.429375741696276,65.22143187984511,0.06362770498560334,7.086334036290282,61.388408632262426,0.010382078116255855,,,0.0038989235312830157
421,5,57.097116666666665,Forward,0.32860999012468384,17155.0,17154.565614722556,ok,0.0006209149812582996,0.005338884267554331,14537.730932194807,ok,43.69449610094671,65.22182030357251,0.06401612871299917,6.764000706092702,61.38793638669844,0.009909832552266597,,,0.0038989235312830157
422,5,57.23243333333333,Forward,0.32835801148889593,17155.0,17154.791616810653,ok,0.0006263163472949512,0.0059228559653933446,14537.893010689246,ok,43.92049818904343,65.22215141572741,0.0643472408678935,6.926079200531603,61.388173845387456,0.010147291241288648,,,0.0038989235312830157
423,5,57.36725,Forward,0.32816139130994837,17150.0,17154.938842944728,ok,0.0006235705059919227,0.005186464028868271,14537.941159320726,ok,44.067724323118455,65.22236711445356,0.06456293959404633,6.97422783201182,61.38824438720086,0.010217833054680232,,,0.0038989235312830157
424,5,57.50205,Forward,0.3279428230504143,17155.0,17155.247353482806,ok,0.0006121419307971627,0.005380026386158189,14538.23319664216,ok,44.37623486119628,65.22281910845916,0.0650149335996364,7.266265153446511,61.388672246552176,0.010645692405999257,,,0.0038989235312830157
425,5,57.6379,Forward,0.32734011588590295,17155.0,17155.74288585756,ok,0.0006214978545798365,0.006128001927790813,14538.476724219847,ok,44.87176723594894,65.2235451052577,0.06574093039818826,7.50979273113262,61.38902903503011,0.011002480883941701,,,0.0038989235312830157
426,5,57.77268333333333,Forward,0.3273440983491024,17155.0,17155.799863769516,ok,0.0006201748623402261,0.006506493612197801,14539.222274370644,ok,44.92874514790674,65.22362858271302,0.06582440785350122,8.255342881930119,61.39012132899559,0.012094774849414723,,,0.0038989235312830157
427,5,57.90773333333333,Forward,0.3269047842584151,17155.0,17156.08382168438,ok,0.0006132049039007294,0.004846819758333785,14539.123679753897,ok,45.21270306277074,65.22404460505105,0.06624043019153236,8.156748265182614,61.3899768795514,0.01195032540522076,,,0.0038989235312830157
428,5,58.04333333333334,Forward,0.32679545042482394,17155.0,17156.389083645652,ok,0.0006155239300609524,0.006116179335109896,14538.734871722516,ok,45.517965024042496,65.22449183961713,0.06668766475761612,7.76794023380171,61.38940724293345,0.011380688787280943,,,0.0038989235312830157
429,5,58.1781,Forward,0.32652469607262646,17160.0,17156.58503894245,ok,0.0006255819637074852,0.006067381310438828,14539.898233346674,ok,45.71392032083895,65.224778930684,0.06697475582448036,8.931301857959625,61.391111666009984,0.013085111863812159,,,0.0038989235312830157
430,5,58.31315,Forward,0.3262868294989796,17155.0,17156.79715373016,ok,0.000612781026336361,0.005220641248019657,14539.41407390234,ok,45.92603510855042,65.22508969677044,0.06728552191091598,8.447142413626352,61.390402331515446,0.01237577736926969,,,0.0038989235312830157
431,5,58.44845,Forward,0.3260314743935373,17155.0,17156.97462113293,ok,0.0006253158256157637,0.005975033038549048,14540.476271098054,ok,46.103502511319675,65.22534970151042,0.06754552665091325,9.509339609339804,61.39195854015651,0.013931986010337091,,,0.0038989235312830157
432,5,58.584,Forward,0.3258763643145399,17160.0,17157.185031742796,ok,0.0006225826971334798,0.005397957634300047,14540.465600191566,ok,46.31391312118649,65.22565797083233,0.06785379597281355,9.498668702852228,61.391942906376876,0.013916352230704643,,,0.0038989235312830157
433,5,58.7193,Forward,0.32543775529380103,17155.0,17157.43097855834,ok,0.000627909857961441,0.00641885962934155,14539.863707144912,ok,46.55985993672948,65.22601830369814,0.06821412883862754,8.89677565619786,61.391061082207145,0.01303452806097242,,,0.0038989235312830157
434,5,58.85406666666667,Forward,0.32539410413714015,17155.0,17157.68893072744,ok,0.0006198909575870081,0.0056762815634157264,14540.699266160133,ok,46.817812105829944,65.2263962254213,0.06859205056178422,9.732334671418357,61.39228524676421,0.014258692618038984,,,0.0038989235312830157
435,5,58.98895,Forward,0.3251487856920143,17155.0,17157.76395910013,ok,0.0006091636676662404,0.005721802864358742,14540.397505629959,ok,46.892840478521975,65.22650614832675,0.06870197346722942,9.430574141244506,61.391843142090536,0.013816587944363766,,,0.0038989235312830157
436,5,59.12371666666667,Forward,0.32487398710426546,17160.0,17157.99746550818,ok,0.000616536331573438,0.005045806827070971,14540.995673505779,ok,47.12634688656908,65.22684825494444,0.06904408008492148,10.02874201706436,61.39271950857024,0.01469295442406864,,,0.0038989235312830157
437,5,59.25906666666667,Forward,0.32468259289748236,17155.0,17158.235910504874,ok,0.0006200698001124697,0.005523370195342,14541.560950891759,ok,47.36479188326484,65.22719759701178,0.0693934221522652,10.594019403044513,61.393547687703276,0.015521133557107531,,,0.0038989235312830157
438,5,59.39436666666667,Forward,0.3244122690032488,17155.0,17158.484361518167,ok,0.0006233610986438136,0.005296860034741856,14541.767258037687,ok,47.613242896557495,65.22756159873889,0.06975742387937225,10.800326548973317,61.393849945103796,0.015823390957620354,,,0.0038989235312830157
439,5,59.52941666666667,Forward,0.3243527729338189,17160.0,17158.562434023912,ok,0.000629956974609423,0.0063647159733217495,14541.599805940778,ok,47.69131540230228,65.22767598155647,0.06987180669695088,10.632874452063334,61.393604613633116,0.015578059486940712,,,0.0038989235312830157
440,5,59.66445,Forward,0.3240945130274819,17155.0,17158.791861588645,ok,0.000613466758072008,0.005241640856602899,14542.072694277325,ok,47.92074296703504,65.22801211232407,0.07020793746454941,11.105762788611173,61.39429743500241,0.016270880856235934,,,0.0038989235312830157
441,5,59.799533333333336,Forward,0.32385645798507817,17155.0,17158.88284202638,ok,0.0006258686195144564,0.0057954354275110516,14541.804185299288,ok,48.011723404772056,65.22814540635267,0.07034123149314016,10.837253810574111,61.39390404666217,0.015877492515999552,,,0.0038989235312830157
442,5,59.93483333333333,Forward,0.32381231015551915,17155.0,17159.11167097247,ok,0.0006288703277766815,0.005540126790449542,14542.28300841073,ok,48.240552350860526,65.22848066009337,0.0706764852338451,11.316076922015782,61.39460556297814,0.016579008831967425,,,0.0038989235312830157
443,5,60.0704,Forward,0.32363121849662396,17160.0,17159.4795260667,ok,0.0006219000756187048,0.005080185375077886,14541.488409122128,ok,48.60840744509187,65.22901959888799,0.0712154240284622,10.521477633414179,61.393441407881426,0.015414853735250892,,,0.0038989235312830157
444,5,60.205983333333336,Forward,0.3234248162582398,17160.0,17159.38926854378,ok,0.0006188650929037666,0.006654206326274681,14542.174943311653,ok,48.51814992216896,65.22888736399068,0.07108318913115612,11.208011822938715,61.394447238477134,0.016420684330961208,,,0.0038989235312830157
445,5,60.34128333333334,Forward,0.32326231642597464,17160.0,17159.58499459838,ok,0.0006263381440337943,0.005943707048898616,14542.283014118242,ok,48.713875976769486,65.22917411919835,0.07136994433883372,11.316082629527955,61.39460557134012,0.01657901719395501,,,0.0038989235312830157
446,5,60.47605,Forward,0.3230942391509393,17155.0,17159.75313686232,ok,0.000612766423541839,0.006160230661207167,14542.025016287755,ok,48.88201824071075,65.22942046182204,0.0716162869625292,11.058084799040444,61.39422758271918,0.01620102857300819,,,0.0038989235312830157
447,5,60.61165,Forward,0.3230290628358282,17160.0,17159.969983174764,ok,0.0006160575835984016,0.005669122432679962,14542.250512117076,ok,49.09886455315427,65.229738159992,0.07193398513248297,11.28358062836196,61.39455795316219,0.016531399016020985,,,0.0038989235312830157
448,5,60.746966666666665,Forward,0.3227472918247501,17160.0,17160.06945189411,ok,0.0006238379779736136,0.00585546969754222,14542.381856871596,ok,49.19833327249944,65.22988389007035,0.072079715210839,11.414925382881847,61.39475038432542,0.0167238301792434,,,0.0038989235312830157
449,5,60.88175,Forward,0.3227719839646438,17160.0,17160.031475139687,ok,0.0006133489480751411,0.006353230169333523,14542.283011312767,ok,49.160356518077606,65.22982825091631,0.07202407605680107,11.316079824053304,61.394605567229874,0.0165790130836976,,,0.0038989235312830157
450,5,61.017316666666666,Forward,0.32262875779795414,17160.0,17160.223296154632,ok,0.0006226265760895206,0.006210690815759764,14542.54714177124,ok,49.35217753302277,65.23010928491095,0.07230511005143092,11.580210282525513,61.39499254066898,0.016965986522812605,,,0.0038989235312830157
451,5,61.15213333333333,Forward,0.3225970378388485,17155.0,17160.32391592351,ok,0.0006129955892343487,0.006124739543564346,14543.105322384812,ok,49.45279730189941,65.23025670137412,0.07245252651460739,12.138390896097917,61.39581032243081,0.017783768284639068,,,0.0038989235312830157
452,5,61.2874,Forward,0.32242661560134683,17160.0,17160.34262650503,ok,0.000611886253892258,0.006364289751397451,14542.979243165204,ok,49.47150788341969,65.23028411395698,0.07247993909746749,12.012311676489844,61.395625605721136,0.017599051574968855,,,0.0038989235312830157
453,5,61.42245,Forward,0.322500825001348,17155.0,17160.433101048926,ok,0.0006089607124740363,0.0053899124907933575,14543.419351294753,ok,49.56198242731625,65.23041666680835,0.07261249194883694,12.45241980603896,61.39627040131745,0.018243847171278367,,,0.0038989235312830157
454,5,61.5575,Forward,0.32225329356572663,17160.0,17160.45584364286,ok,0.0006035694842452066,0.006342309174492795,14542.956975302339,ok,49.58472502125005,65.23044998663008,0.07264581177056392,11.990043813624652,61.39559298142054,0.017566427274369342,,,0.0038989235312830157
455,5,61.69338333333334,Forward,0.3223203537841327,17160.0,17160.501388649387,ok,0.00062636389081055,0.005776677266323723,14543.596047505987,ok,49.63027002777744,65.23051671391292,0.07271253905340878,12.62911601727319,61.39652927619669,0.018502722050515723,,,0.0038989235312830157
456,5,61.8292,Forward,0.32226628167892235,17160.0,17160.498231540896,ok,0.0006216038119568127,0.005794540788092545,14543.193082159418,ok,49.627112919286446,65.23051208848223,0.07270791362271257,12.226150670703646,61.395938897915784,0.017912343769615594,,,0.0038989235312830157
457,5,61.9643,Forward,0.32252400679481097,17155.0,17160.364054508005,ok,0.0006182859683931325,0.005362801964547843,14543.025548875125,ok,49.49293588639557,65.23031550779189,0.07251133293236599,12.058617386410333,61.39569344749873,0.017666893352559526,,,0.0038989235312830157
458,5,62.0999,Forward,0.32222822483905,17160.0,17160.486223904245,ok,0.0006177989719279908,0.005590764287728077,14543.306121765065,ok,49.61510528263534,65.23049449627996,0.0726903214204448,12.339190276350564,61.39610451048924,0.018077956343062872,,,0.0038989235312830157
459,5,62.23493333333333,Forward,0.322571173651263,17160.0,17160.27061869537,ok,0.0006256294575264683,0.005618145251228834,14543.639473612553,ok,49.399500073759555,65.2301786164316,0.07237444157208363,12.672542123838866,61.39659289911205,0.01856634496588223,,,0.0038989235312830157
460,5,62.36976666666666,Forward,0.322736853924242,17160.0,17160.154912706206,ok,0.0006104774717462307,0.005580583031151808,14543.09510746813,ok,49.28379408459659,65.23000909738101,0.0722049225214918,12.128175979416483,61.39579535671477,0.017768802568601045,,,0.0038989235312830157
461,5,62.5048,Forward,0.3228627934043524,17160.0,17159.998710326567,ok,0.0006208688338141255,0.005969836414755044,14542.830590754018,ok,49.12759170495701,65.22978024769667,0.0719760728371475,11.863659265303795,61.39540781737851,0.01738126323233644,,,0.0038989235312830157
462,5,62.6404,Forward,0.3232824461118692,17160.0,17159.716958591027,ok,0.0006084710607006742,0.004987941433905409,14542.65458980393,ok,48.845839969417284,65.22936745759776,0.07156328273823546,11.68765831521523,61.39514996111559,0.017123406969422914,,,0.0038989235312830157
463,5,62.77596666666667,Forward,0.3238329731071601,17160.0,17159.177498100446,ok,0.000631359997504861,0.0063216553334339565,14542.446617713962,ok,48.30637947883588,65.22857710239785,0.0707729275383299,11.47968622524786,61.39484526443139,0.01681871028521572,,,0.0038989235312830157
464,5,62.91101666666667,Forward,0.324209431459713,17155.0,17158.611968446123,ok,0.0006290725384774984,0.005855577344523021,14542.25847346858,ok,47.740849824513134,65.22774855367038,0.06994437881085393,11.291541979866452,61.394569617214835,0.01654306306866193,,,0.0038989235312830157
465,5,63.04578333333333,Forward,0.32507652225993533,17155.0,17158.022763891782,ok,0.0006120955070857294,0.006346504160737152,14542.006786041626,ok,47.151645270172594,65.22688531921398,0.06908114435446361,11.039854552911493,61.39420087386826,0.016174319722081876,,,0.0038989235312830157
466,5,63.1811,Forward,0.3257182837458086,17155.0,17157.345401926035,ok,0.0006224762645322054,0.005870030756219851,14541.028226458393,ok,46.474283304425626,65.2258929267011,0.0680887518415858,10.061294969678784,61.39276720139635,0.014740647250179708,,,0.0038989235312830157
467,5,63.31563333333333,Forward,0.32674090530638844,17155.0,17156.321692991234,ok,0.0006185022901839231,0.006587195090358979,14540.81565012604,ok,45.45057436962452,65.2243931066143,0.06658893175478418,9.848718637325874,61.39245575910802,0.014429204961846593,,,0.0038989235312830157
468,5,63.4504,Forward,0.3282561472240435,17155.0,17155.20120494527,ok,0.0006173463926752997,0.004973036966754645,14539.230530180484,ok,44.33008632366182,65.22275149695238,0.06494732209287139,8.263598691770312,61.39013342445457,0.012106870308397449,,,0.0038989235312830157
469,5,63.584916666666665,Forward,0.3296767981584684,17150.0,17154.03805441719,ok,0.0006131049012936218,0.005725468375774555,14538.613947995485,ok,43.166935795579775,65.22104738314945,0.06324320828992769,7.647016506771251,61.38923007945601,0.011203525309845402,,,0.0038989235312830157
470,5,63.71995,Forward,0.3313943098410893,17150.0,17152.447511002752,ok,0.0006113330199472546,0.005193176506172312,14537.518363268971,ok,41.576392381142796,65.21871710265583,0.06091292779631639,6.5514317802571895,61.38762495526128,0.009598401115107279,,,0.0038989235312830157
471,5,63.85525,Forward,0.333263492021107,17145.0,17150.64766738637,ok,0.0006134407107734203,0.005978768708018776,14535.74423153097,ok,39.776548764759355,65.21608017968175,0.05827600482223097,4.777300042256684,61.385025702361524,0.006999148215353697,,,0.0038989235312830157
472,5,63.9903,Forward,0.3353910616953055,17140.0,17148.630160679983,ok,0.0006217013351325153,0.0054633870222760995,14534.817981093964,ok,37.75904205837287,65.21312436188957,0.055320187030054216,3.8510496052495,61.38366866720865,0.005642113062483748,,,0.0038989235312830157
473,5,64.12586666666667,Forward,0.3377747443882412,17145.0,17146.55580320581,ok,0.0006296814761683285,0.005666736349453319,14532.473847545942,ok,35.68468458420102,65.21008525291904,0.05228107805952006,1.5069160572274996,61.38023431349546,0.0022077593492849713,,,0.0038989235312830157
474,5,64.26116666666667,Forward,0.34052517415846184,17145.0,17144.21937017763,ok,0.0006171653926868966,0.00503080189846698,14530.649291641577,ok,33.34825155602084,65.20666218111805,0.04885800625853769,-0.3176398471368884,61.37756118493144,-0.0004653692147339321,,,0.0038989235312830157
475,5,64.39648333333334,Forward,0.34353844687493174,17145.0,17141.435574293344,ok,0.0006158113769265156,0.005942684212261175,14528.856569785352,ok,30.564455671734322,65.20258368493337,0.04477951007385822,-2.110361703362287,61.37493469593773,-0.003091858208441434,,,0.0038989235312830157
476,5,64.53151666666666,Forward,0.34682209414178905,17140.0,17138.3916672006,ok,0.0006073066335995169,0.0038010540696708684,14526.695625162032,ok,27.52054857899202,65.19812410385046,0.040319928990940536,-4.271306326681952,61.371768729477594,-0.006257824668576397,,,0.0038989235312830157
477,5,64.66633333333333,Forward,0.3502208725295012,17130.0,17135.409432520195,ok,0.0006216517294730681,0.003212263791751325,14524.121540525031,ok,24.53831389858533,65.19375487806256,0.03595070320304666,-6.845390963682803,61.36799747798955,-0.010029076156628914,,,0.0038989235312830157
478,5,64.80118333333333,Forward,0.3539346734432611,17130.0,17132.021656266174,ok,0.0006114351587412474,0.004718029685404509,14521.259514631167,ok,21.150537644563883,65.18879149960347,0.03098732474395556,-9.707416857547287,61.36380436823086,-0.014222185915310756,,,0.0038989235312830157
479,5,64.93645,Forward,0.3578325289600802,17130.0,17128.461845566915,ok,0.0006125801734061314,0.003456720437456064,14517.621245763374,ok,17.590726945305505,65.18357607614622,0.025771901286704653,-13.345685725340445,61.35847399692746,-0.019552557218713847,,,0.0038989235312830157
480,5,65.0715,Forward,0.36194690980623156,17130.0,17124.59457208667,ok,0.0006225029253461755,0.004602875381122191,14515.308083652584,ok,13.72345346505972,65.17791019373605,0.020106018876530376,-15.658847836130008,61.355085018986706,-0.022941535159464812,,,0.0038989235312830157
481,5,65.2063,Forward,0.3661678904273482,17120.0,17120.54235235131,ok,0.0006066241742367624,0.002488589304680375,14512.063872071405,ok,9.671233729699452,65.17197334943528,0.01416917457575452,-18.903059417309123,61.350331974903696,-0.027694579242480682,,,0.0038989235312830157
482,5,65.3411,Forward,0.37070606681071716,17115.0,17116.572272515965,ok,0.0006150164583080214,0.003203928172399872,14508.567730842107,ok,5.70115389435523,65.16615684702836,0.008352672168835316,-22.399200646606914,61.34520983259962,-0.0328167215465477,,,0.0038989235312830157
483,5,65.47613333333334,Forward,0.375208018032811,17110.0,17112.45379477917,ok,0.0006108126769414242,0.0027180383063223146,14505.84501293276,ok,1.5826761575590353,65.16012292915707,0.0023187542975486785,-25.121918555954835,61.34122082080896,-0.036805733337216415,,,0.0038989235312830157
484,5,65.61143333333334,Forward,0.37965458827826426,17105.0,17108.180864134254,ok,0.000613480198031328,0.0028038983336487145,14502.283013845734,ok,-2.69025448735556,65.15386272472503,-0.003941450134483773,-28.683917642980305,61.33600219117872,-0.042024362967451864,,,0.0038989235312830157
485,5,65.74595,Forward,0.38420562632198707,17105.0,17103.962234502163,ok,0.0006084651239856024,0.002796882459719479,14499.094506846535,ok,-6.9088841194461565,65.1476820758649,-0.010122098994616358,-31.872424642178885,61.33133075901501,-0.046695795131160296,,,0.0038989235312830157
486,5,65.88151666666667,Forward,0.38857565577141084,17095.0,17099.9640522439,ok,0.0006107319318155579,0.002239088513529903,14495.448544863135,ok,-10.90706637770927,65.14182440103392,-0.015979773825599376,-35.518386625579296,61.32598911664722,-0.05203743749895054,,,0.0038989235312830157
487,5,66.01521666666666,Forward,0.39277328630216435,17095.0,17095.967147720745,ok,0.000608116974321109,0.0017721657976852638,14492.478252976603,ok,-14.903970900864806,65.13596859819283,-0.021835576666688773,-38.48867851211071,61.32163738806145,-0.05638916608472206,,,0.0038989235312830157
488,5,66.1508,Forward,0.3966960556690603,17090.0,17092.09325620065,ok,0.000610126931927104,0.0018536907728957306,14489.409954107145,ok,-18.777862420960446,65.13029301979509,-0.027511155064428104,-41.556977381569595,61.31714207096468,-0.06088448318148963,,,0.0038989235312830157
489,5,66.28585,Forward,0.4006248910312463,17090.0,17088.427425766276,ok,0.0006084830331566549,0.0019386466909241471,14486.720325043007,ok,-22.44369285533321,65.12492226846786,-0.03288190639165881,-44.246606445707584,61.31320153712805,-0.06482501701811512,,,0.0038989235312830157
490,5,66.42168333333333,Forward,0.4042812870116923,17080.0,17084.946680240504,ok,0.0006183202157120437,0.0016949781993047428,14483.33007607488,ok,-25.924438381105574,65.11982268217031,-0.037981492689215676,-47.63685541383347,61.30823453593388,-0.06979201821229887,,,0.0038989235312830157
491,5,66.55671666666667,Forward,0.4079407759792568,17080.0,17081.635546075515,ok,0.0006109244622782513,0.0015090271020734966,14481.569140456906,ok,-29.235572546094772,65.11497159084745,-0.042832584012073724,-49.39779103180808,61.30565461646495,-0.07237193768122084,,,0.0038989235312830157
492,5,66.69228333333334,Forward,0.4112972180879926,17075.0,17078.135980634408,ok,0.0006061179313056424,0.0018078545423674138,14479.004557679764,ok,-32.7351379872016,65.10984443178376,-0.04795974307576652,-51.96237380895036,61.30189728600445,-0.07612926814172989,,,0.0038989235312830157
493,5,66.82733333333333,Forward,0.414563735810003,17075.0,17075.126670037054,ok,0.0006145534336664608,0.0015367130373357405,14476.620602327592,ok,-35.74444858455536,65.10543553748977,-0.05236863736974183,-54.34632916112241,61.29840458998346,-0.07962196416271416,,,0.0038989235312830157
494,5,66.96265,Forward,0.4176553475014968,17070.0,17072.230479457026,ok,0.0006135793674738527,0.0017101855494867225,14474.743863299997,ok,-38.64063916458326,65.10119237357915,-0.05661180128036592,-56.22306818871766,61.29565500873474,-0.08237154541142991,,,0.0038989235312830157
495,5,67.09823333333334,Forward,0.4203153115378382,17065.0,17069.601972112534,ok,0.0006018059405279438,0.001344968036287059,14472.284543491121,ok,-41.269146509075654,65.09734138822623,-0.06046278663328873,-58.68238799759274,61.29205189741684,-0.08597465672933259,,,0.0038989235312830157
496,5,67.23328333333333,Forward,0.4227728283933288,17065.0,17067.029886672524,ok,0.0006098565656210733,0.0015125053660928812,14471.361700794123,ok,-43.84123194908534,65.09357306573068,-0.06423110912882894,-59.60523069459123,61.29069985489102,-0.08732669925515603,,,0.0038989235312830157
497,5,67.36805,Forward,0.4251268207831974,17060.0,17064.86644217353,ok,0.0006104555292044058,0.0012437699858048928,14469.40492605438,ok,-46.00467644807941,65.09040343674147,-0.06740073811805153,-61.562005434334424,61.28783301456146,-0.0901935395847103,,,0.0038989235312830157
498,5,67.50338333333333,Forward,0.42731355178897235,17065.0,17062.803611517375,ok,0.000613764376099531,0.0026125314263127698,14468.140808786498,ok,-48.06750710423512,65.08738121553327,-0.07042295932624446,-62.8261227022158,61.28598097595362,-0.09204557819254917,,,0.0038989235312830157
499,5,67.63841666666667,Forward,0.4291922685785457,17060.0,17060.903766212403,ok,0.0006080297469327015,0.002040321803661212,14467.112882171808,ok,-49.967352409206796,65.08459778163586,-0.07320639322365972,-63.85404931690573,61.28447497660942,-0.0935515775367568,,,0.0038989235312830157
500,5,67.77346666666666,Forward,0.43098599162413664,17060.0,17059.250804303214,ok,0.0006214489461491469,0.002822038983154392,14466.417277941364,ok,-51.620314318395685,65.08217605277345,-0.07562812208607422,-64.54965354735032,61.28345585763739,-0.09457069650877951,,,0.0038989235312830157
501,5,67.90823333333333,Forward,0.43245967030134885,17055.0,17057.883349022977,ok,0.0006213091579994675,0.002101828540306623,14465.455609161558,ok,-52.98776959863244,65.08017261524606,-0.07763155961346134,-65.51132232715645,61.28204693161968,-0.0959796225264893,,,0.0038989235312830157
502,5,68.04301666666667,Forward,0.43398897246563267,17055.0,17056.35568700792,ok,0.0006164593347664291,0.0024679206909899477,14464.47162079231,ok,-54.51543161369045,65.07793446131564,-0.07986971354387809,-66.49531069640398,61.28060530551757,-0.09742124862860331,,,0.0038989235312830157
503,5,68.17911666666667,Forward,0.4353861838540145,17050.0,17055.014800894543,ok,0.0006124268765681886,0.0017176092662469784,14464.190636916961,ok,-55.8563177270662,65.07596994986264,-0.0818342249968772,-66.77629457175317,61.280193640398714,-0.0978329137474566,,,0.0038989235312830157
504,5,68.31443333333333,Forward,0.4367059067101071,17050.0,17053.89595855682,ok,0.0006098162919429245,0.00209720424925428,14463.128615204843,ok,-56.97516006479054,65.07433075130234,-0.08347342355716825,-67.83831628387088,61.278637688855945,-0.09938886529022893,,,0.0038989235312830157
505,5,68.4508,Forward,0.43782577532866285,17050.0,17052.69198462345,ok,0.0006186219092819361,0.0018689174614813118,14463.040296936822,ok,-58.17913399816098,65.07256682776132,-0.08523734709819446,-67.92663455189177,61.27850829513092,-0.09951825901524804,,,0.0038989235312830157
506,5,68.58558333333333,Forward,0.4393362661092269,17050.0,17051.312520319356,ok,0.0006174513341287987,0.0029579585896253474,14462.396155285387,ok,-59.55859830225381,65.0705457959993,-0.08725837886022184,-68.57077620332711,61.27756457318543,-0.10046198096074029,,,0.0038989235312830157
507,5,68.72063333333334,Forward,0.4402562019266867,17050.0,17050.256649383402,ok,0.0006194591750394784,0.0022816878368232124,14461.707019373702,ok,-60.614469238207676,65.06899885586331,-0.08880531899621011,-69.25991211501241,61.27655493084693,-0.10147162329924617,,,0.0038989235312830157
508,5,68.85568333333333,Forward,0.4414580281691068,17050.0,17049.213352100105,ok,0.0006172899881579865,0.0018599155182847,14461.32400631918,ok,-61.65776652150453,65.06747033719085,-0.09033383766865696,-69.64292516953356,61.27599378435973,-0.10203276978644535,,,0.0038989235312830157
509,5,68.99098333333333,Forward,0.4419938656493796,17050.0,17048.52403226854,ok,0.0006146992761038919,0.0026638410361986622,14461.489320838604,ok,-62.34708635307106,65.06646042539418,-0.091343749465329,-69.47761065011036,61.276235984098776,-0.10179057004739644,,,0.0038989235312830157
510,5,69.12656666666666,Forward,0.4424482705050191,17050.0,17048.213875480244,ok,0.0006132839733748042,0.0029561413900039907,14461.613375508648,ok,-62.65724314136605,65.06600601949293,-0.09179815536658557,-69.35355598006572,61.27641773467227,-0.10160881947389905,,,0.0038989235312830157
511,5,69.26161666666667,Forward,0.44312334059206926,17050.0,17047.593668246296,ok,0.0006238716329744714,0.00224666082700896,14461.42498051639,ok,-63.27745037531349,65.06509736349138,-0.09270681136814207,-69.54195097232332,61.27614172009036,-0.10188483405581308,,,0.0038989235312830157
512,5,69.39775,Forward,0.44374058130870947,17045.0,17047.07092795131,ok,0.0006096946954247718,0.002154727364175043,14461.105833445232,ok,-63.800190670299344,65.06433150479077,-0.09347267006874305,-69.86109804348234,61.27567414266508,-0.10235241148109091,,,0.0038989235312830157
513,5,69.53331666666666,Forward,0.44428523288184796,17045.0,17046.58623448907,ok,0.0006227461985990506,0.0029352054997753554,14461.301859092564,ok,-64.28488413253945,65.06362138791488,-0.09418278694464037,-69.66507239615021,61.27596133680142,-0.1020652173447477,,,0.0038989235312830157
514,5,69.66758333333334,Forward,0.44495061625935617,17040.0,17046.03007867912,ok,0.0006148981139954482,0.0015546246192881526,14461.029864445632,ok,-64.84103994249017,65.06280657266144,-0.09499760219807721,-69.9370670430817,61.27556284166174,-0.10246371248443271,,,0.0038989235312830157
515,5,69.80296666666666,Forward,0.4453489251846361,17040.0,17045.48491354698,ok,0.0006221362559278397,0.003195195516366342,14460.591635650897,ok,-65.38620507462838,65.06200785967965,-0.09579631517987178,-70.37529583781725,61.274920799449724,-0.10310575469644774,,,0.0038989235312830157
516,5,69.93826666666666,Forward,0.44583165665083724,17050.0,17044.97138724673,ok,0.0006218796454154231,0.002789835897376075,14461.157462134111,ok,-65.8997313748805,65.06125550025986,-0.09654867459966007,-69.8094693546027,61.27574978305661,-0.10227677108956501,,,0.0038989235312830157
517,5,70.07356666666666,Forward,0.4462364137503879,17040.0,17044.73064143033,ok,0.0006215014117422195,0.0022521053457489654,14461.101363470438,ok,-66.14047719127848,65.06090278729724,-0.09690138756227312,-69.86556801827646,61.27566759377432,-0.10235896037185059,,,0.0038989235312830157
518,5,70.2086,Forward,0.44664102334354394,17045.0,17044.307301476572,ok,0.0006194206598211323,0.0023933320522813418,14460.486313982026,ok,-66.56381714503732,65.06028255849527,-0.09752161636423873,-70.48061750668785,61.27476649430577,-0.10326005984039795,,,0.0038989235312830157
519,5,70.34525,Forward,0.4469912810705904,17050.0,17044.034086666732,ok,0.0006126325737670654,0.002022702940542803,14460.856705247079,ok,-66.8370319548776,65.05988227571383,-0.09792189914568163,-70.11022624163525,61.275309148804936,-0.10271740534123634,,,0.0038989235312830157
520,5,70.48003333333334,Forward,0.44731371153916255,17040.0,17043.57076836314,ok,0.0006191504132659039,0.002190409993386676,14460.307620614436,ok,-67.30035025846882,65.05920347525144,-0.09860069960808453,-70.65931087427816,61.27450469342372,-0.1035218607224448,,,0.0038989235312830157
521,5,70.6151,Forward,0.44765317831193885,17040.0,17043.25809667832,ok,0.0006074199735645752,0.002640080669831405,14461.100664360776,ok,-67.61302194328891,65.05874538481427,-0.09905879004524418,-69.86626712793804,61.2756665695196,-0.10235998462657542,,,0.0038989235312830157
522,5,70.75066666666666,Forward,0.4479718288396314,17040.0,17042.95693018065,ok,0.000625022320900038,0.0019387644158568719,14460.12732057885,ok,-67.91418844095824,65.05830415044841,-0.09950002441110804,-70.83961090986486,61.274240538637315,-0.10378601550886025,,,0.0038989235312830157
523,5,70.88625,Forward,0.44846246608061324,17040.0,17042.669325151237,ok,0.000614379253759495,0.0021860642368187505,14460.738913709807,ok,-68.20179347037265,65.0578827847794,-0.09992139008011504,-70.22801777890709,61.27513657425015,-0.1028899798960241,,,0.0038989235312830157
524,5,71.02101666666667,Forward,0.4486410891202991,17040.0,17042.511001910345,ok,0.0006247639555886385,0.002512348591233515,14460.260135357661,ok,-68.36011671126471,65.05765082785412,-0.10015334700539437,-70.70679613105312,61.27443512351033,-0.10359143063584197,,,0.0038989235312830157
525,5,71.15686666666667,Forward,0.44893455482962674,17045.0,17042.232390114983,ok,0.0006057325446788051,0.0021918117935159566,14460.094098077092,ok,-68.63872850662665,65.05724263803287,-0.10056153682663968,-70.8728334116222,61.27419186486513,-0.1038346892810386,,,0.0038989235312830157
526,5,71.29191666666667,Forward,0.44939029497349836,17035.0,17041.866516741375,ok,0.000611562718335,0.001931742123137418,14460.415484107807,ok,-69.00460188023499,65.05670660262642,-0.10109757223310048,-70.55144738090712,61.27466272255534,-0.10336383159083239,,,0.0038989235312830157
527,5,71.42698333333334,Forward,0.4493927362649818,17040.0,17041.68502159699,ok,0.0006173462869576407,0.002286587572641494,14459.965928863907,ok,-69.18609702461981,65.05644069690463,-0.10136347795488478,-71.00100262480737,61.27400408613828,-0.1040224680078913,,,0.0038989235312830157
528,5,71.562,Forward,0.4498150124731791,17040.0,17041.5844406618,ok,0.000612062571298231,0.0020324283773048464,14460.849943523091,ok,-69.286677959808,65.05629333733609,-0.10151083752342645,-70.11698796562268,61.275299242307966,-0.1027273118382034,,,0.0038989235312830157
529,5,71.69811666666666,Forward,0.449923461292757,17035.0,17041.33148460006,ok,0.0006124886208048057,0.0021392400269069902,14460.29241059153,ok,-69.53963402154841,65.05592273533236,-0.10188143952715928,-70.67452089718427,61.27448240945502,-0.10354414469115873,,,0.0038989235312830157
530,5,71.83291666666666,Forward,0.45015247062885566,17040.0,17041.139469674818,ok,0.0006246035020378328,0.0026824696412723606,14460.307162305377,ok,-69.73164894679212,65.05564141724275,-0.10216275761676077,-70.65976918333763,61.27450402196223,-0.10352253218394131,,,0.0038989235312830157
531,5,71.9685,Forward,0.4503704121579229,17040.0,17041.047073519734,ok,0.0006156864103873615,0.0027945161216309934,14460.285748585284,ok,-69.82404510187553,65.05550604906864,-0.10229812579088368,-70.68118290343045,61.27447264905297,-0.10355390509320932,,,0.0038989235312830157
532,5,72.10355,Forward,0.45068094812408444,17040.0,17040.735323533547,ok,0.0006206691567091045,0.0017257901772186372,14460.782790907404,ok,-70.13579508806288,65.05504930899785,-0.1027548658616683,-70.1841405813102,61.27520085805199,-0.10282569609418235,,,0.0038989235312830157
533,5,72.2386,Forward,0.45072055548360646,17040.0,17040.735184005724,ok,0.0006090262183803505,0.0019298347347841151,14460.385655857803,ok,-70.13593461588607,65.0550491045778,-0.10275507028171856,-70.58127563091148,61.274619021648775,-0.10340753249739854,,,0.0038989235312830157
534,5,72.37336666666667,Forward,0.450854337207623,17040.0,17040.45541450283,ok,0.0006181354630091752,0.002262366203448546,14459.99997301155,ok,-70.4157041187791,65.0546392186172,-0.10316495624231634,-70.96695847716364,61.2740539636911,-0.1039725904550652,,,0.0038989235312830157
535,5,72.50815,Forward,0.4509701910031325,17040.0,17040.419635276736,ok,0.0006192866477893687,0.002542816962269061,14460.215926990073,ok,-70.45148334487385,65.05458679902785,-0.10321737583167699,-70.75100449864112,61.27437035451647,-0.10365619962970259,,,0.0038989235312830157
536,5,72.64293333333333,Forward,0.45120197428854314,17040.0,17040.152291132734,ok,0.0006188387322114314,0.002622122276122904,14460.00200279621,ok,-70.71882748887583,65.05419511726788,-0.10360905759163043,-70.96492869250505,61.274056937497136,-0.10396961664903563,,,0.0038989235312830157
537,5,72.77943333333333,Forward,0.45123402175169236,17040.0,17040.07118398342,ok,0.0006120583071252218,0.0017396433582747355,14459.974025925612,ok,-70.79993463819119,65.05407628844107,-0.10372788641844928,-70.99290556310189,61.27401594901784,-0.10401060512833919,,,0.0038989235312830157
538,5,72.9142,Forward,0.4513364794714862,17035.0,17039.989847189438,ok,0.0006158541539232484,0.0021801837550228767,14461.043034334112,ok,-70.88127143217207,65.05395712316542,-0.10384705169410674,-69.92389715460195,61.27558213666114,-0.10244441748503261,,,0.0038989235312830157
539,5,73.04955,Forward,0.4513609792845914,17040.0,17039.89116117626,ok,0.0006050013959178639,0.001391061775100901,14460.266028864276,ok,-70.97995744535001,65.05381253981773,-0.10399163504179373,-70.70090262443773,61.274443757995485,-0.10358279615068415,,,0.0038989235312830157
540,5,73.18405,Forward,0.4516483722665581,17040.0,17039.767547951866,ok,0.0006098627744046143,0.0015183268639172036,14460.254813015186,ok,-71.10357066974393,65.0536314359994,-0.10417273886011329,-70.71211847352788,61.274427325828896,-0.10359922831727378,,,0.0038989235312830157
541,5,73.3196,Forward,0.451592484090243,17040.0,17039.748162334083,ok,0.0006196449867165428,0.002357817737169018,14460.06056568964,ok,-71.1229562875269,65.05360303443138,-0.10420114042813478,-70.90636579907368,61.27414273708423,-0.10388381706194239,,,0.0038989235312830157
542,5,73.45545,Forward,0.4518587395680278,17035.0,17039.528783145084,ok,0.0006201901901148831,0.002669119329263031,14459.860584255299,ok,-71.34233547652548,65.05328162538326,-0.10452254947625472,-71.10634723341536,61.273849747385675,-0.10417680676049505,,,0.0038989235312830157
543,5,73.59131666666667,Forward,0.4520367443629687,17040.0,17039.46210640533,ok,0.0006123345882929346,0.0018100835492825351,14460.307757433438,ok,-71.40901221627792,65.05318393832573,-0.1046202365337801,-70.6591740552758,61.274504893875125,-0.10352166027104594,,,0.0038989235312830157
544,5,73.72745,Forward,0.4519582978745321,17035.0,17039.34954003392,ok,0.0006152867741432846,0.0015827261245528518,14460.21766507094,ok,-71.52157858768987,65.05301901908044,-0.10478515577908767,-70.74926641777347,61.274372900951796,-0.10365365319437397,,,0.0038989235312830157
545,5,73.86255,Forward,0.45216791447703186,17035.0,17039.40196090386,ok,0.0006253403826391371,0.0026852816535306565,14459.861169907268,ok,-71.46915771775093,65.05309582008414,-0.10470835477537531,-71.10576158144613,61.27385060541529,-0.10417594873087603,,,0.0038989235312830157
546,5,73.99758333333334,Forward,0.4521939012691696,17040.0,17039.278915197785,ok,0.0006136123720099764,0.002722295068201382,14460.188915087834,ok,-71.59220342382469,65.05291554772812,-0.1048886271314039,-70.77801640088,61.274330779797346,-0.10369577434882767,,,0.0038989235312830157
547,5,74.13265,Forward,0.4523337699105059,17035.0,17039.06706354923,ok,0.0006083044334459055,0.002151870155408741,14460.257249371201,ok,-71.8040550723781,65.05260516716278,-0.10519900769673929,-70.70968211751278,61.27443089529632,-0.10359565884985407,,,0.0038989235312830157
548,5,74.26821666666666,Forward,0.45238704660352036,17035.0,17038.98773158411,ok,0.0006184948804217972,0.0015775372490477058,14460.159377677908,ok,-71.88338703749832,65.0524889391308,-0.10531523572871974,-70.80755381080598,61.27428750499607,-0.10373904915010473,,,0.0038989235312830157
549,5,74.403,Forward,0.4524823922168212,17035.0,17038.931044250687,ok,0.0006270485560141792,0.0029994186207248285,14460.158933971978,ok,-71.94007437092296,65.05240588739758,-0.10539828746192945,-70.80799751673658,61.274286854929386,-0.10373969921678357,,,0.0038989235312830157
550,5,74.53831666666666,Forward,0.4526843068674846,17035.0,17039.041630091728,ok,0.0006107240325007631,0.0016917162400761998,14460.183810488174,ok,-71.82948852988193,65.05256790499857,-0.10523626986095831,-70.78312100054063,61.27432330112754,-0.10370325301863881,,,0.0038989235312830157
551,5,74.67336666666667,Forward,0.4527484321514284,17040.0,17038.88057911449,ok,0.0006148184963102966,0.0021754389263674,14460.161834161856,ok,-71.99053950711823,65.05233195170905,-0.10547222315045945,-70.80509732685823,61.274291103952606,-0.10373545019356299,,,0.0038989235312830157
552,5,74.80866666666667,Forward,0.45265163001416475,17035.0,17038.850488227792,ok,0.0006175612621768038,0.002479635029639304,14460.221024070195,ok,-72.02063039381756,65.05228786601754,-0.10551630884197498,-70.74590741851898,61.27437782216953,-0.10364873197665068,,,0.0038989235312830157
553,5,74.94425,Forward,0.4526262875036162,17035.0,17038.739085855635,ok,0.0006186763145060383,0.002441971513082741,14460.018999444057,ok,-72.13203276597415,65.05212465212949,-0.10567952273002243,-70.94793204465714,61.27408183902235,-0.10394471512382275,,,0.0038989235312830157
554,5,75.07928333333334,Forward,0.4529595375937795,17040.0,17038.81906147867,ok,0.0006120864520802363,0.0013826293161952235,14460.196137876903,ok,-72.05205714294061,65.05224182317471,-0.10556235168481369,-70.77079361181131,61.27434136179362,-0.10368519235255931,,,0.0038989235312830157
555,5,75.21431666666666,Forward,0.4529103865544299,17035.0,17038.74031881615,ok,0.0006166535753109918,0.0015500465818613395,14460.271855323255,ok,-72.13079980545808,65.05212645852083,-0.10567771633868857,-70.69507616545889,61.274452294250196,-0.103574259895979,,,0.0038989235312830157
556,5,75.34961666666666,Forward,0.4529439490891247,17035.0,17038.70500424087,ok,0.0006178717123625553,0.0027301755118750884,14459.933226673604,ok,-72.1661143807396,65.05207471968417,-0.10572945517534763,-71.03370481511047,61.273956174666345,-0.10407037947982598,,,0.0038989235312830157
557,5,75.48386666666667,Forward,0.4528224771223036,17035.0,17038.612233761785,ok,0.0006218444503902507,0.001655588672241171,14460.321494184846,ok,-72.25888485982432,65.05193880309376,-0.10586537176576061,-70.64543730386868,61.27452501937661,-0.1035015347695607,,,0.0038989235312830157
558,5,75.61943333333333,Forward,0.45286511892623277,17035.0,17038.602545635422,ok,0.0006167744579954846,0.0018833640753075582,14460.309538731697,ok,-72.26857298618779,65.05192460917004,-0.10587956568947215,-70.65739275701708,61.27450750362759,-0.10351905051858781,,,0.0038989235312830157
559,5,75.75448333333334,Forward,0.45307949612092446,17040.0,17038.445378719072,ok,0.0006146141993816344,0.0017515937540323735,14459.970541268702,ok,-72.42573990253732,65.05169434635792,-0.10610982850159413,-70.99639022001247,61.27401084370103,-0.104015710445146,,,0.0038989235312830157
560,5,75.88926666666667,Forward,0.45319223836010103,17035.0,17038.480034833996,ok,0.0006131600446321989,0.0021834292205423567,14460.198989638733,ok,-72.39108378761375,65.05174512049453,-0.10605905436499546,-70.76794184998107,61.27434553986565,-0.10368101428052108,,,0.0038989235312830157
561,5,76.0243,Forward,0.4532536677760379,17040.0,17038.448937415556,ok,0.0006066441676215531,0.0012558788154169108,14460.396909115163,ok,-72.42218120605321,65.05169956014896,-0.10610461471055622,-70.57002237355118,61.27463550862164,-0.10339104552453238,,,0.0038989235312830157
562,5,76.16015,Forward,0.4531255513965413,17040.0,17038.471215643352,ok,0.0006126061495417897,0.0018682721013961,14459.801082357419,ok,-72.39990297825716,65.05173219963507,-0.10607197522445723,-71.16584913129554,61.27376257207773,-0.1042639820684461,,,0.0038989235312830157
563,5,76.29491666666667,Forward,0.4532476400346931,17040.0,17038.410207710927,ok,0.0006068287625089642,0.0021437020144467194,14460.087319395012,ok,-72.46091091068229,65.05164281785925,-0.10616135700026758,-70.87961209370224,61.274181933523124,-0.1038446206230442,,,0.0038989235312830157
564,5,76.42996666666667,Forward,0.4532514049380162,17035.0,17038.468587405325,ok,0.0006201942301315527,0.0026300070777756025,14460.017031916483,ok,-72.40253121628484,65.05172834904428,-0.10607582581523826,-70.94989957223152,61.27407895642821,-0.1039475977179636,,,0.0038989235312830157
565,5,76.5658,Forward,0.45334150642399496,17035.0,17038.42352561363,ok,0.0006124687185271969,0.0015012966064342438,14460.522920514039,ok,-72.44759300797887,65.051662329712,-0.10614184514752346,-70.44401097467562,61.274820125968205,-0.10320642817796574,,,0.0038989235312830157
566,5,76.70245,Forward,0.4533616434654807,17035.0,17038.365456921678,ok,0.000606554063786466,0.0012564853996908946,14459.183776292843,ok,-72.5056616999318,65.05157725417183,-0.10622692068769372,-71.78315519587159,61.272858166534434,-0.10516838761174194,,,0.0038989235312830157
567,5,76.83726666666666,Forward,0.453392129463276,17040.0,17038.262532610515,ok,0.0006076276402977389,0.0020501065658312086,14460.251293274512,ok,-72.6085860110943,65.05142646135948,-0.10637771350003908,-70.71563821420204,61.27442216911142,-0.10360438503475859,,,0.0038989235312830157
568,5,76.97258333333333,Forward,0.4536611261360717,17035.0,17038.02734308797,ok,0.0006176293444934508,0.001870437741624033,14459.877161557715,ok,-72.84377553363811,65.05108188883683,-0.10672228602268197,-71.08976993099895,61.2738740345344,-0.10415251961177154,,,0.0038989235312830157
569,5,77.1082,Forward,0.45360107762764573,17035.0,17038.11530180822,ok,0.0006283358942811909,0.0022545101150436278,14459.662409572136,ok,-72.755816813391,65.05121075579399,-0.10659341906553109,-71.30452191657787,61.273559404730264,-0.10446714941591051,,,0.0038989235312830157
570,5,77.2435,Forward,0.45349023371554287,17040.0,17038.08467343923,ok,0.0006157940439540994,0.002259330853853486,14460.662733582949,ok,-72.7864451823807,65.0511658826455,-0.10663829221401608,-70.30419790576525,61.275024963927535,-0.10300159021863906,,,0.0038989235312830157
571,5,77.37963333333333,Forward,0.4535456527171796,17035.0,17038.02018173197,ok,0.0006083670955314505,0.0019347886653614185,14460.376115229898,ok,-72.85093688964116,65.0510713968452,-0.10673277801431844,-70.59081625881663,61.27460504382277,-0.10342151032340592,,,0.0038989235312830157
572,5,77.51495,Forward,0.45357430489789796,17035.0,17037.974470867164,ok,0.0006262212563536305,0.0018321005863462829,14460.260612717482,ok,-72.89664775444544,65.05100442656597,-0.10679974829355299,-70.70631877123196,61.2744358228828,-0.1035907312633699,,,0.0038989235312830157
573,5,77.65053333333333,Forward,0.4536691139524859,17040.0,17038.083904788058,ok,0.0006111671673626759,0.0014766391842498457,14460.068883055317,ok,-72.7872138335515,65.0511647565066,-0.10663941835292776,-70.89804843339698,61.27415492272772,-0.10387163141845808,,,0.0038989235312830157
574,5,77.78851666666667,Forward,0.4534756573743322,17035.0,17038.092492454387,ok,0.0006020818511852441,0.0016513237631427358,14459.95218818005,ok,-72.77862616722268,65.05117733816337,-0.1066268366961493,-71.01474330866404,61.273983954875426,-0.10404259927074741,,,0.0038989235312830157
575,5,77.92493333333333,Forward,0.45354083283210317,17035.0,17037.93712238106,ok,0.000627457580805128,0.002900460927037618,14460.33251537911,ok,-72.93399624055019,65.05094970787809,-0.10685446698142144,-70.63441610960399,61.27454116635744,-0.10348538778873755,,,0.0038989235312830157
576,5,78.05971666666667,Forward,0.45364028102881715,17040.0,17038.059243751664,ok,0.0006229696458873249,0.0028555034083679377,14459.97641955964,ok,-72.81187486994531,65.05112862600456,-0.10667554885495563,-70.99051192907427,61.274019455893935,-0.1040070982522409,,,0.0038989235312830157
577,5,78.19541666666667,Forward,0.45365407403853775,17035.0,17037.98129746377,ok,0.0005976004146231569,0.0012819263559773028,14460.260390267382,ok,-72.88982115783801,65.0510144281068,-0.10678974675271628,-70.70654122133237,61.274435496974604,-0.10359105717156271,,,0.0038989235312830157
578,5,78.33045,Forward,0.45354782385387427,17040.0,17038.14641846098,ok,0.0006181615073686098,0.0018176664794009789,14460.60266435042,ok,-72.72470016063016,65.05125634431946,-0.10654783054006434,-70.36426713829496,61.274936957426384,-0.10308959671978805,,,0.0038989235312830157
579,5,78.46661666666667,Forward,0.45360754465366393,17035.0,17037.963293349305,ok,0.0006226621669162544,0.0024576790090537538,14460.715803515493,ok,-72.90782527230476,65.05098805055786,-0.10681612430165069,-70.25112797322072,61.2751027158628,-0.10292383828336757,,,0.0038989235312830157
580,5,78.60378333333334,Forward,0.45361783376663756,17040.0,17037.918625208215,ok,0.0006191269522776083,0.0025521635445053827,14459.812450288637,ok,-72.95249341339513,65.05092260795698,-0.10688156690254041,-71.1544812000775,61.27377922705748,-0.10424732708868907,,,0.0038989235312830157
581,5,78.7399,Forward,0.4535925281996675,17040.0,17037.968099330723,ok,0.0006210419793754231,0.0023399427053962625,14460.237799152883,ok,-72.90301929088673,65.05099509172672,-0.10680908313279643,-70.72913233583131,61.27440239908306,-0.1036241550631185,,,0.0038989235312830157
582,5,78.87521666666666,Forward,0.45373535373020085,17035.0,17037.978026269047,ok,0.0006204687704940626,0.0018473072672947806,14460.289553161165,ok,-72.89309235256223,65.05100963553014,-0.10679453932938378,-70.67737832754938,61.27447822307809,-0.1035483310680795,,,0.0038989235312830157
583,5,79.00971666666666,Forward,0.453740150627837,17035.0,17037.922763629686,ok,0.0006205006459952434,0.0024867494179907526,14460.31146382993,ok,-72.94835499192413,65.05092867109411,-0.1068755037654134,-70.65546765878389,61.27451032405915,-0.10351623008701684,,,0.0038989235312830157
584,5,79.14503333333333,Forward,0.45364498170460443,17040.0,17037.86238199874,ok,0.000614402400015679,0.0021795940662174065,14459.871451808822,ok,-73.00873662286904,65.05084020690288,-0.10696396795663646,-71.09547967989238,61.27386566926983,-0.10416088487634023,,,0.0038989235312830157
585,5,79.28035,Forward,0.4537351566100998,17035.0,17037.818586338395,ok,0.0006143432059600784,0.0016868853021263185,14459.925109709711,ok,-73.05253228321453,65.05077604256,-0.1070281322995155,-71.04182177900293,61.273944282628406,-0.10408227151776361,,,0.0038989235312830157
586,5,79.41595,Forward,0.4538782212899,17040.0,17037.786476155256,ok,0.0006102140050034193,0.0020427174383261465,14460.391849561982,ok,-73.08464246635413,65.05072899842858,-0.10707517643093455,-70.57508192673231,61.27462809594873,-0.10339845819744488,,,0.0038989235312830157
587,5,79.55125,Forward,0.453826176244351,17035.0,17037.864667723807,ok,0.0006096675135212842,0.0022465184967124904,14460.179733667264,ok,-73.006450897803,65.05084355568323,-0.10696061917628455,-70.78719782144981,61.274317328240436,-0.10370922590573788,,,0.0038989235312830157
588,5,79.68633333333334,Forward,0.45371869657018726,17035.0,17037.746343092724,ok,0.0006113042498711401,0.0018766774016579994,14460.398249903514,ok,-73.12477552888595,65.05067020010097,-0.10713397475854881,-70.56868158520047,61.274637472989866,-0.10338908115630993,,,0.0038989235312830157
589,5,79.82243333333334,Forward,0.45387267620686,17040.0,17037.728574919758,ok,0.0006140736234631665,0.0017000527383419237,14459.759559104969,ok,-73.14254370185154,65.05064416822627,-0.10716000663324837,-71.20737238374568,61.273701737004416,-0.10432481714175347,,,0.0038989235312830157
590,5,79.95898333333334,Forward,0.4539447448472967,17040.0,17037.75815619752,ok,0.0006161205795992802,0.0020174632999824423,14460.183498040284,ok,-73.11296242408935,65.05068750729764,-0.10711666756188469,-70.78343344843051,61.27432284336497,-0.10370371078119747,,,0.0038989235312830157
591,5,80.09455,Forward,0.4538412767030957,17035.0,17037.675157739202,ok,0.0006172975672559998,0.002549292688304186,14460.00142476084,ok,-73.19596088240723,65.05056590754333,-0.10723826731619661,-70.96550672787453,61.27405609062648,-0.10397046351969245,,,0.0038989235312830157
592,5,80.2296,Forward,0.4538892497518254,17035.0,17037.61510376399,ok,0.0006143516785802806,0.001797473999007484,14460.76024677501,ok,-73.25601485761945,65.05047792339543,-0.10732625146408632,-70.20668471370482,61.27516782899319,-0.10285872515298561,,,0.0038989235312830157
593,5,80.3657,Forward,0.45392912096760685,17035.0,17037.53819661809,ok,0.0006130709481393121,0.0029000444751452305,14460.184384198785,ok,-73.33292200351934,65.0503652479285,-0.1074389269310262,-70.78254728992943,61.27432414166205,-0.10370241248411825,,,0.0038989235312830157
594,5,80.50135,Forward,0.45401446521768674,17040.0,17037.534817374024,ok,0.0006154905260034019,0.0022551366567126643,14459.972714570411,ok,-73.33630124758565,65.0503602970504,-0.10744387780910938,-70.99421691830321,61.274014027771656,-0.10401252637451086,,,0.0038989235312830157
595,5,80.63691666666666,Forward,0.453875088066236,17040.0,17037.55936078974,ok,0.0006210531669791482,0.001979782667310882,14459.809571397303,ok,-73.31175783187064,65.05039625522821,-0.10740791963131419,-71.15736009141074,61.273775009238435,-0.10425154490774145,,,0.0038989235312830157
596,5,80.7717,Forward,0.45396433980606904,17035.0,17037.57072484918,ok,0.0006120467045760775,0.0017104653104498787,14460.534049137694,ok,-73.30039377242792,65.05041290453548,-0.10739127032403517,-70.43288235102045,61.27483643034216,-0.10319012380400838,,,0.0038989235312830157
597,5,80.90806666666667,Forward,0.45396765209697254,17040.0,17037.470589904504,ok,0.0006197714013658749,0.0030065954490944573,14459.949169807522,ok,-73.40052871710577,65.05026619838073,-0.10753797647879564,-71.0177616811925,61.27397953270464,-0.10404702144153613,,,0.0038989235312830157
598,5,81.04358333333333,Forward,0.45401766234731117,17035.0,17037.50925445503,ok,0.0006178087103980829,0.0018591707632129996,14460.049136732034,ok,-73.36186416657802,65.05032284521417,-0.10748132964534785,-70.91779475668045,61.27412599269566,-0.10390056145051527,,,0.0038989235312830157
599,5,81.17891666666667,Forward,0.45373654732344215,17040.0,17037.56521476592,ok,0.0006228970674604471,0.0020542375618696792,14460.654757388447,ok,-73.3059038556894,65.05040483179793,-0.1073993430615825,-70.31217410026693,61.27501327812865,-0.10301327601752502,,,0.0038989235312830157
600,5,81.31423333333333,Forward,0.45404203758787787,17035.0,17037.439680866046,ok,0.0006277929490773879,0.002216485603739121,14459.814194503222,ok,-73.43143775556382,65.05022091402775,-0.10758326083176664,-71.15273698549208,61.273781782479226,-0.10424477166694567,,,0.0038989235312830157
601,5,81.44956666666667,Forward,0.4539596536417432,17040.0,17037.470566079017,ok,0.0006101987835959216,0.0016546550971206664,14459.995490496995,ok,-73.40055254259278,65.05026616347438,-0.10753801138514721,-70.97144099171965,61.274047396428536,-0.10397915771763556,,,0.0038989235312830157
602,5,81.58513333333333,Forward,0.45399205900555106,17035.0,17037.373385535593,ok,0.0006290538588678489,0.0018095366845817984,14460.002917686135,ok,-73.49773308601652,65.05012378576708,-0.10768038909244108,-70.96401380257885,61.27405827788818,-0.10396827625799097,,,0.0038989235312830157
603,5,81.72071666666666,Forward,0.45405334391578467,17035.0,17037.443582703156,ok,0.0006300141404854498,0.002329549446523556,14460.348386475398,ok,-73.42753591845394,65.05022663054879,-0.10757754431071863,-70.61854501331618,61.27456441885451,-0.10346213529166264,,,0.0038989235312830157
604,5,81.85616666666667,Forward,0.45405267430368257,17035.0,17037.37458688362,ok,0.0006107804999671232,0.0014267355315719346,14460.36286534656,ok,-73.49653173799015,65.05012554584344,-0.10767862901607568,-70.6040661421539,61.27458563162414,-0.10344092252203137,,,0.0038989235312830157
605,5,81.99146666666667,Forward,0.4540103247359296,17035.0,17037.334256052032,ok,0.0006112274614422048,0.0023132150246899814,14460.648498712617,ok,-73.53686256957735,65.05006645776746,-0.10773771709206639,-70.31843277609732,61.275004108639735,-0.10302244550643744,,,0.0038989235312830157
606,5,82.12785,Forward,0.45412550666881835,17040.0,17037.25752801648,ok,0.0006235104547205455,0.0016832712056713045,14460.207896169974,ok,-73.61359060513132,65.04995404471231,-0.10785013014721573,-70.75903531874064,61.27435858868647,-0.10366796545970493,,,0.0038989235312830157
607,5,82.26315,Forward,0.4541306797050827,17030.0,17037.115859748643,ok,0.0006200357159624733,0.0028887776447611814,14460.120133772643,ok,-73.7552588729668,65.0497464887298,-0.10805768612972098,-70.8467977160708,61.27423000935897,-0.10379654478719434,,,0.0038989235312830157
608,5,82.39818333333334,Forward,0.45430434184667645,17035.0,17037.221279462134,ok,0.000625277932487516,0.0025684223706962553,14460.688693346203,ok,-73.64983915947596,65.0499009375174,-0.10790323734211793,-70.27823814251133,61.275062997174146,-0.10296355697202642,,,0.0038989235312830157
609,5,82.5335,Forward,0.4542713060599924,17035.0,17037.191763584236,ok,0.000622192608937809,0.0026124290963522603,14459.824759980687,ok,-73.67935503737317,65.04985769426236,-0.10794648059715353,-71.14217150802688,61.27379726179643,-0.10422929234973911,,,0.0038989235312830157
610,5,82.66963333333334,Forward,0.4543183319764977,17035.0,17037.149103427484,ok,0.0006191937586410266,0.0028134353874804396,14459.51054449568,ok,-73.72201519412556,65.0497951935282,-0.10800898133132537,-71.45638699303345,61.27333690956156,-0.1046896445846139,,,0.0038989235312830157
611,5,82.8052,Forward,0.4542678027575382,17035.0,17037.069517547723,ok,0.000621602667137044,0.0022741121238699555,14460.55305434632,ok,-73.80160107388656,65.0496785934898,-0.10812558136970885,-70.413877142395,61.274864274578626,-0.10316227956754496,,,0.0038989235312830157
612,5,82.9406,Forward,0.45434143259541004,17035.0,17037.060648398976,ok,0.0006262245316000697,0.00229250219330482,14460.518234474142,ok,-73.81047022263374,65.0496655994375,-0.1081385754220138,-70.44869701457174,61.274813260523814,-0.10321329362235605,,,0.0038989235312830157
613,5,83.07561666666666,Forward,0.45447044417470883,17035.0,17037.065486841195,ok,0.000615582200704228,0.0021081450826840177,14460.072177229167,ok,-73.80563178041484,65.04967268816418,-0.10813148669534352,-70.89475425954697,61.274159748970746,-0.1038668051754297,,,0.0038989235312830157
614,5,83.21175,Forward,0.45443167488981173,17035.0,17037.00583544183,ok,0.0006134654690762882,0.0028033388266691887,14460.478112691924,ok,-73.86528317978082,65.04958529382391,-0.10821888103560323,-70.48881879678993,61.27475447872281,-0.10327207542335774,,,0.0038989235312830157
615,5,83.34651666666667,Forward,0.454388467012251,17035.0,17037.03424921057,ok,0.0006227358788130469,0.0026712350857673625,14459.992686266572,ok,-73.83686941103952,65.04962692239592,-0.10817725246360271,-70.97424522214169,61.274043287994026,-0.10398326615214465,,,0.0038989235312830157
616,5,83.48158333333333,Forward,0.4544209132020259,17040.0,17036.956764758615,ok,0.0006220569497863437,0.0020187267261578845,14460.132414905094,ok,-73.91435386299418,65.04951340112683,-0.10829077373269176,-70.83451658361992,61.2742480022557,-0.10377855189047112,,,0.0038989235312830157
617,5,83.61633333333333,Forward,0.4545836677764371,17035.0,17036.96700081124,ok,0.0006222883636094157,0.0029454555926616494,14460.489099728793,ok,-73.90411781036892,65.04952839780881,-0.10827577705071018,-70.47783175992117,61.27477057566017,-0.10325597848600572,,,0.0038989235312830157
618,5,83.75173333333333,Forward,0.4545750428002048,17035.0,17036.885877756984,ok,0.0006096438579781187,0.0014899545605563703,14461.005595465944,ok,-73.98524086462567,65.04940954567991,-0.10839462917961204,-69.96133602277041,61.27552728555591,-0.10249926859026116,,,0.0038989235312830157
619,5,83.8873,Forward,0.4547367770128536,17035.0,17036.85801232678,ok,0.0006223028511274712,0.002594115680712224,14460.184144274564,ok,-74.01310629483123,65.0493687204702,-0.10843545438932635,-70.78278721414972,61.2743237901528,-0.10370276399337316,,,0.0038989235312830157
620,5,84.02268333333333,Forward,0.4547096252022412,17035.0,17036.82236844121,ok,0.0006178756305159066,0.002172496474950572,14459.434171417706,ok,-74.0487501803982,65.04931649916614,-0.10848767569337836,-71.53276007100794,61.273225016549254,-0.1048015375969175,,,0.0038989235312830157
621,5,84.15803333333334,Forward,0.45459433069470856,17040.0,17036.740706418626,ok,0.0006116342565379033,0.002161739556804392,14460.205891139074,ok,-74.13041220298328,65.0491968574031,-0.10860731745642084,-70.7610403496401,61.27435565114679,-0.10367090299938582,,,0.0038989235312830157
622,5,84.29333333333334,Forward,0.4546214837864603,17035.0,17036.742767497653,ok,0.0006174430566145576,0.0021627070703803494,14460.342957544357,ok,-74.12835112395624,65.04919987705802,-0.1086042978014973,-70.6239739443572,61.27455646501183,-0.10347008913435013,,,0.0038989235312830157
623,5,84.42945,Forward,0.4546040972635624,17035.0,17036.828431661404,ok,0.0006219347282717426,0.002194166634459388,14460.98793714668,ok,-74.04268696020517,65.04932538229603,-0.10847879256348951,-69.97899434203464,61.27550141462616,-0.10252513952000623,,,0.0038989235312830157
624,5,84.56448333333333,Forward,0.45463419302045427,17035.0,17036.750099816098,ok,0.0006199221681310689,0.0022943699010358845,14460.106788577046,ok,-74.121018805512,65.04921061952408,-0.10859355533543917,-70.86014291166794,61.27421045751984,-0.10381609662633383,,,0.0038989235312830157
625,5,84.6998,Forward,0.4547976066753196,17035.0,17036.715055104556,ok,0.0006272766390158904,0.002872988045401503,14459.963364144141,ok,-74.15606351705355,65.0491592760606,-0.10864489879891731,-71.00356734457273,61.274000328607116,-0.10402622553905112,,,0.0038989235312830157
626,5,84.8351,Forward,0.45481978853218197,17035.0,17036.732093736555,ok,0.0006142787296101875,0.0018886316467597694,14459.906621902734,ok,-74.13902488505482,65.04918423909615,-0.10861993576337607,-71.06030958598058,61.273917196429075,-0.10410935771709563,,,0.0038989235312830157
627,5,84.97146666666667,Forward,0.45480086521682384,17035.0,17036.726763589944,ok,0.0006153632851765358,0.002117810320677239,14460.392908827209,ok,-74.14435503166533,65.04917642998099,-0.10862774487852615,-70.5740226615053,61.27462964786179,-0.10339690628438569,,,0.0038989235312830157
628,5,85.1068,Forward,0.4549274418859799,17035.0,17036.626814360323,ok,0.0006207121306750114,0.002237634740347496,14460.005639132944,ok,-74.24430426128674,65.04902999591448,-0.10877417894503713,-70.96129235577064,61.2740622650377,-0.10396428910847087,,,0.0038989235312830157
629,5,85.24263333333333,Forward,0.4547733212168067,17035.0,17036.71892336431,ok,0.0006171745831361694,0.0020718287685382265,14459.985769190262,ok,-74.15219525729844,65.04916494338798,-0.10863923147153112,-70.98116229845255,61.27403315389278,-0.10399340025339188,,,0.0038989235312830157
630,5,85.3782,Forward,0.45500984660800636,17035.0,17036.674533691825,ok,0.0006247904057939275,0.0025600112169722063,14460.508013541013,ok,-74.19658492978488,65.04909990876713,-0.10870426609238713,-70.45891794770068,61.27479828599317,-0.10322826815299804,,,0.0038989235312830157
631,5,85.5143,Forward,0.4549484402720633,17040.0,17036.678042782278,ok,0.000635743534915846,0.0030056133757659555,14460.08070866842,ok,-74.19307583933187,65.04910504988115,-0.1086991249783762,-70.88622282029428,61.2741722482501,-0.10385430589606863,,,0.0038989235312830157
632,5,85.65068333333333,Forward,0.45493192103669117,17035.0,17036.726517049043,ok,0.0006176297110281338,0.0019571587832460375,14460.224956083044,ok,-74.1446015725669,65.04917606877774,-0.1086281060817782,-70.74197540567002,61.274383582900576,-0.10364297124559525,,,0.0038989235312830157
633,5,85.78575,Forward,0.4548852510187599,17035.0,17036.64522902912,ok,0.0006232979392640808,0.0023943116092166824,14460.82270743817,ok,-74.2258895924897,65.0490569749602,-0.10874719989931944,-70.14422405054393,61.27525933914227,-0.10276721500390025,,,0.0038989235312830157
634,5,85.92078333333333,Forward,0.4548618251024812,17035.0,17036.65009669551,ok,0.0006137641426140054,0.0031918902927942083,14459.598451222775,ok,-74.22102192609964,65.04906410650275,-0.10874006835676914,-71.36848026593907,61.273465700344346,-0.1045608538018249,,,0.0038989235312830157
635,5,86.05583333333334,Forward,0.4549954272818757,17035.0,17036.65163697023,ok,0.0006250741007979044,0.0026002175744222326,14460.732482930427,ok,-74.21948165138019,65.04906636313535,-0.1087378117241611,-70.23444855828711,61.27512715261499,-0.10289940153117845,,,0.0038989235312830157
636,5,86.1914,Forward,0.45495226570556924,17035.0,17036.62064723505,ok,0.00062040006331874,0.0024016419284147,14460.217027508126,ok,-74.2504713865601,65.04902096055487,-0.108783214304648,-70.74990398058799,61.2743719668684,-0.10365458727776751,,,0.0038989235312830157
637,5,86.3267,Forward,0.4551161575128312,17035.0,17036.472513567303,ok,0.0006270149427387969,0.0025351452652994,14459.682345795394,ok,-74.39860505430624,65.04880393221521,-0.10900024264431024,-71.28458569331997,61.273588612981825,-0.10443794116434536,,,0.0038989235312830157
638,5,86.4628,Forward,0.45504953033415263,17040.0,17036.547295357756,ok,0.0006198343234614892,0.002373399678606003,14460.203170244044,ok,-74.32382326385414,65.04891349385684,-0.10889068100268126,-70.7637612446706,61.274351664805664,-0.10367488934050496,,,0.0038989235312830157
639,5,86.59826666666666,Forward,0.4550560239523378,17035.0,17036.423682286157,ok,0.0006140059783324047,0.002230444888803582,14460.675393707697,ok,-74.44743633545295,65.04873239026237,-0.10907178459714306,-70.29153778101681,61.275043512079996,-0.10298304206617732,,,0.0038989235312830157
640,5,86.73403333333333,Forward,0.4550821916822762,17035.0,17036.526863095798,ok,0.0006296037618996427,0.0029475215297914883,14460.412361270617,ok,-74.3442555258116,65.04888355886666,-0.1089206159928536,-70.55457021809707,61.274658147334996,-0.10336840681117684,,,0.0038989235312830157
641,5,86.87028333333333,Forward,0.45514541220414917,17035.0,17036.558592468464,ok,0.0006171155242816061,0.0020671394925902533,14460.145657722564,ok,-74.31252615314588,65.04893004507856,-0.10887412978095498,-70.82127376615063,61.27426740410223,-0.10375915004393929,,,0.0038989235312830157
642,5,87.00503333333333,Forward,0.4551351627139427,17040.0,17036.560289529512,ok,0.0006144680365240433,0.0022395215310281238,14460.538078200312,ok,-74.31082909209726,65.0489325314164,-0.10887164344312719,-70.42885328840202,61.27484233325933,-0.10318422088684055,,,0.0038989235312830157
643,5,87.14033333333333,Forward,0.45519629418946717,17035.0,17036.4167019029,ok,0.0006188790492748899,0.003014390737688801,14460.288935200591,ok,-74.45441671870867,65.0487221634111,-0.10908201144841358,-70.67799628812281,61.27447731771364,-0.10354923643253358,,,0.0038989235312830157
644,5,87.2762,Forward,0.455173345563373,17040.0,17036.45067666905,ok,0.0006170436122289401,0.0017131779300364831,14459.690960044198,ok,-74.42044195255949,65.04877193931418,-0.10903223554533929,-71.27597144451647,61.27360123358417,-0.10442532056199544,,,0.0038989235312830157
645,5,87.41125,Forward,0.4552747193515605,17035.0,17036.38591868914,ok,0.0006204834519043664,0.0025399692474726253,14460.238743785021,ok,-74.485199932471,65.04867706340194,-0.10912711145757392,-70.72818770369304,61.27440378304895,-0.10362277109722014,,,0.0038989235312830157
646,5,87.54683333333334,Forward,0.45526341285315974,17035.0,17036.30260623439,ok,0.0006196151904627187,0.0019467542111395902,14460.36817096297,ok,-74.56851238722084,65.04855500361633,-0.10924917124318947,-70.59876052574327,61.27459340480048,-0.10343314934569676,,,0.0038989235312830157
647,5,87.68211666666667,Forward,0.45523588940982795,17035.0,17036.37399807575,ok,0.0006166513014103557,0.0019054077211808863,14460.604186369404,ok,-74.49712054586053,65.0486595986961,-0.10914457616341053,-70.3627451193097,61.274939187312796,-0.10308736683337308,,,0.0038989235312830157
648,5,87.81823333333334,Forward,0.455300569646334,17035.0,17036.301258525316,ok,0.0006217053563792817,0.0020652858961833394,14460.387404739062,ok,-74.56986009629327,65.04855302910866,-0.109251145750854,-70.57952674965236,61.27462158390759,-0.10340497023858386,,,0.0038989235312830157
649,5,87.95408333333333,Forward,0.45533945893940597,17035.0,17036.33755504253,ok,0.0006192932704883133,0.0019871640213546347,14460.102198949757,ok,-74.53356357907978,65.04860620657323,-0.10919796828629635,-70.86473253895747,61.274203733328065,-0.1038228208181092,,,0.0038989235312830157
650,5,88.08993333333333,Forward,0.4553306126085918,17035.0,17036.23702162152,ok,0.0006308384584933877,0.0029945520111972165,14460.638854259545,ok,-74.63409700008924,65.04845891661697,-0.10934525824255151,-70.32807722916914,61.274989978701086,-0.10303657544508658,,,0.0038989235312830157
651,5,88.22635,Forward,0.4555338164021132,17035.0,17036.17944617445,ok,0.0006245376840826961,0.0025027838053544517,14459.978669985709,ok,-74.69167244715936,65.04837456372223,-0.10942961113729217,-70.98826150300556,61.274022752958274,-0.10400380118790262,,,0.0038989235312830157
652,5,88.36165,Forward,0.45555732139343263,17035.0,17036.2564209062,ok,0.0006274878740841549,0.002373059128317626,14460.717165451302,ok,-74.61469771540942,65.04848733820815,-0.10931683665137136,-70.24976603741197,61.27510471121384,-0.10292184293233228,,,0.0038989235312830157
653,5,88.49723333333333,Forward,0.4554804884878795,17035.0,17036.255515650868,ok,0.000612780956255932,0.002220845374755232,14460.257825540617,ok,-74.61560297074175,65.0484860119326,-0.10931816292692191,-70.7091059480972,61.2744317394332,-0.10359481471297735,,,0.0038989235312830157
654,5,88.632,Forward,0.4554931302404136,17035.0,17036.30884727221,ok,0.0006138854730732066,0.0018254082088518607,14459.86624542962,ok,-74.56227134940127,65.04856414726407,-0.10924002759545323,-71.10068605909328,61.273858041484395,-0.10416851266177764,,,0.0038989235312830157
655,5,88.76705,Forward,0.4555242044662965,17035.0,17036.23851703554,ok,0.0006152866482779945,0.001880520655479224,14459.72212411455,ok,-74.63260158606863,65.04846110752486,-0.10934306733465772,-71.24480737416343,61.27364689158043,-0.10437966256574958,,,0.0038989235312830157
656,5,88.90235,Forward,0.4554459866539341,17035.0,17036.274923748468,ok,0.0006095992851326706,0.0012026469838468355,14460.377666687022,ok,-74.59619487314194,65.04851444643545,-0.10928972842406935,-70.58926480169248,61.27460731683854,-0.10341923730763014,,,0.0038989235312830157
657,5,89.03818333333334,Forward,0.45553130941691966,17035.0,17036.2252359342,ok,0.0006264552569462371,0.00252002151693563,14460.261210597058,ok,-74.64588268741136,65.04844164958922,-0.10936252527029891,-70.7057208916558,61.274436698826904,-0.10358985531927355,,,0.0038989235312830157
658,5,89.1735,Forward,0.4554318485013652,17035.0,17036.310553891537,ok,0.0006153845027513472,0.0021559633788300744,14460.242298318253,ok,-74.56056473007266,65.04856664760558,-0.10923752725393762,-70.72463317046095,61.27440899074047,-0.1036175634056982,,,0.0038989235312830157
659,5,89.30856666666666,Forward,0.4554478127257202,17040.0,17036.177531540838,ok,0.0006168809879562015,0.0027007174892882077,14459.895881739614,ok,-74.69358708077198,65.04837175862221,-0.1094324162373098,-71.07104974909998,61.273901461182625,-0.10412509296354548,,,0.0038989235312830157
660,5,89.4435,Forward,0.4555512645901957,17035.0,17036.247569914776,ok,0.0006184293230999876,0.0021634294828751445,14460.675532249339,ok,-74.62354870683339,65.04847437075786,-0.10932980410166362,-70.2913992393751,61.275043715055205,-0.10298283909096627,,,0.0038989235312830157
661,5,89.5788,Forward,0.4553636188316451,17035.0,17036.284825850722,ok,0.0006210095422270373,0.002357175181067892,14460.217762398604,ok,-74.58629277088767,65.04852895385193,-0.10927522100759808,-70.74916909010972,61.27437304354505,-0.10365351060112296,,,0.0038989235312830157
662,5,89.71411666666667,Forward,0.45557713017583046,17040.0,17036.228650205714,ok,0.0006269799962098242,0.0025362864563364387,14460.020030810405,ok,-74.64246841589556,65.04844665178547,-0.10935752307404263,-70.94690067830925,61.27408335006119,-0.10394320408497877,,,0.0038989235312830157
663,5,89.84995,Forward,0.45558879531532037,17035.0,17036.225023020714,ok,0.0006210838724940629,0.0023873594530866085,14460.466816156022,ok,-74.64609560089593,65.04844133765297,-0.10936283720654373,-70.50011533269208,61.27473792834323,-0.1032886258029445,,,0.0038989235312830157
664,5,89.98498333333333,Forward,0.4555407789270576,17035.0,17036.15540761446,ok,0.000626833470629264,0.0023230280346190255,14460.371218241402,ok,-74.71571100714937,65.04833934520073,-0.10946482965879291,-70.59571324731223,61.27459786932086,-0.10342868482531839,,,0.0038989235312830157
665,5,90.12108333333333,Forward,0.45570135338218476,17035.0,17036.142024746146,ok,0.000604555625258983,0.0010766120241420395,14459.754645142602,ok,-74.72909387546315,65.04831973816788,-0.1094844366916454,-71.2122863461118,61.273694537634356,-0.10433201651182043,,,0.0038989235312830157
666,5,90.2572,Forward,0.45567790882362297,17035.0,17036.218980021124,ok,0.0006222752240997609,0.002927394123572048,14459.974762088563,ok,-74.65213860048607,65.04843248414798,-0.10937169071154082,-70.9921694001514,61.274017027558756,-0.10400952658741534,,,0.0038989235312830157
667,5,90.39278333333333,Forward,0.45562554557812235,17040.0,17036.12711258837,ok,0.0006153820022144616,0.002038483242597444,14460.10153920236,ok,-74.74400603324102,65.04829789059674,-0.10950628426277864,-70.86539228635411,61.27420276674238,-0.10382378740379002,,,0.0038989235312830157
668,5,90.52915,Forward,0.45564192698140715,17035.0,17036.252767651225,ok,0.000624808700512309,0.002814860266301288,14460.47864810886,ok,-74.6183509703842,65.04848198588093,-0.10932218897858774,-70.48828337985469,61.274755263153864,-0.10327129099230807,,,0.0038989235312830157
669,5,90.66498333333334,Forward,0.45569503017502355,17035.0,17036.157765141943,ok,0.000622966222331751,0.002651684280460438,14460.390198316705,ok,-74.7133534796667,65.04834279917769,-0.10946137568183374,-70.57673317200897,61.27462567673487,-0.1034008774112956,,,0.0038989235312830157
670,5,90.80083333333333,Forward,0.4557005748099081,17035.0,17036.09122510988,ok,0.000613132840462003,0.0018293930622116572,14460.458675717093,ok,-74.779893511728,65.04824531240848,-0.10955886245104063,-70.5082557716214,61.27472600191238,-0.10330055223379465,,,0.0038989235312830157
671,5,90.93615,Forward,0.4556217964040733,17035.0,17036.13344754914,ok,0.0006170193429342103,0.0021406216736463363,14460.459304713564,ok,-74.73767107247113,65.04830717184953,-0.10949700300998425,-70.50762677515013,61.27472692344536,-0.10329963070081777,,,0.0038989235312830157
672,5,91.07171666666666,Forward,0.45559939168254115,17035.0,17036.095495581143,ok,0.0006233701134065291,0.0021758302599970097,14460.530413393612,ok,-74.7756230404666,65.04825156900971,-0.10955260584981323,-70.43651809510266,61.27483110366988,-0.10319545047628757,,,0.0038989235312830157
673,5,91.20701666666666,Forward,0.4557563609821974,17035.0,17036.13981871972,ok,0.0006210778577339825,0.0021915097001381245,14460.55940171801,ok,-74.73129990189045,65.04831650615276,-0.10948766870675751,-70.40752977070406,61.27487357401447,-0.10315298013170258,,,0.0038989235312830157
674,5,91.3424,Forward,0.4557666450241974,17035.0,17036.098325991352,ok,0.0006261092026681997,0.0023117664420595676,14460.398747367486,ok,-74.77279263025775,65.04825571579981,-0.10954845905970444,-70.56818412122811,61.274638201816614,-0.10338835232955769,,,0.0038989235312830157
675,5,91.47776666666667,Forward,0.4557157476700779,17035.0,17036.16497935207,ok,0.0006104961846378513,0.0016057198468742559,14460.424601620001,ok,-74.70613926953956,65.04835336860508,-0.10945080625443963,-70.54232986871284,61.27467608048108,-0.1033504736650922,,,0.0038989235312830157
676,5,91.61253333333333,Forward,0.45576994015367844,17035.0,17036.10375523023,ok,0.0006162144653435443,0.0022323879140344356,14460.250249438746,ok,-74.76736339138006,65.0482636700935,-0.10954050476601021,-70.71668204996786,61.27442063980382,-0.10360591434235342,,,0.0038989235312830157
677,5,91.74786666666667,Forward,0.45585748425161454,17035.0,17036.07574244831,ok,0.0006195847246199844,0.002522331746105819,14459.981255545987,ok,-74.79537617330061,65.04822262900109,-0.10958154585843734,-70.98567594272754,61.274026541022536,-0.10400001312363084,,,0.0038989235312830157
678,5,91.88371666666667,Forward,0.4558243458227704,17035.0,17036.09058460433,ok,0.0006158048200501642,0.0022915674051931538,14460.45103795411,ok,-74.78053401727811,65.04824437401373,-0.10955980084579044,-70.5158935346044,61.274714811944264,-0.1033117422019103,,,0.0038989235312830157
679,5,92.01955,Forward,0.4558385971053057,17035.0,17036.02700845412,ok,0.0006233802470286823,0.0018951923444427202,14460.241697922162,ok,-74.84411016749073,65.04815122958186,-0.10965294527765859,-70.72523356655256,61.274408111109466,-0.10361844303670231,,,0.0038989235312830157
680,5,92.15511666666667,Forward,0.4558397395260401,17035.0,17036.06528984128,ok,0.0006122152460591962,0.0018288440309136736,14461.187547223868,ok,-74.80582878032874,65.0482073150486,-0.10959685981091669,-69.77938426484616,61.275793860255106,-0.10223269389106047,,,0.0038989235312830157
681,5,92.29073333333334,Forward,0.4558808613920424,17035.0,17036.076368883194,ok,0.0006113131249584826,0.002487995330693917,14460.13169268476,ok,-74.7947497384157,65.04822354678112,-0.10958062807840092,-70.83523880395478,61.274246944141886,-0.10377961000428503,,,0.0038989235312830157
682,5,92.42603333333334,Forward,0.45587079439356626,17035.0,17035.981674886483,ok,0.0006200324436486266,0.0022808609765662593,14460.162359702445,ok,-74.8894437351264,65.04808481207485,-0.10971936278466177,-70.80457178626966,61.27429187391398,-0.10373468023219569,,,0.0038989235312830157
683,5,92.56185,Forward,0.45576150003173327,17035.0,17035.990082424603,ok,0.0006038015411523272,0.002403928616985664,14460.862274222316,ok,-74.88103619700632,65.04809712982859,-0.10970704503092887,-70.10465726639814,61.2753173078242,-0.10270924632196868,,,0.0038989235312830157
684,5,92.69785,Forward,0.45596714260804294,17035.0,17036.00016109841,ok,0.0006154294849591361,0.0024195469985325703,14460.425931636335,ok,-74.87095752319874,65.04811189593731,-0.10969227892221275,-70.54099985237917,61.27467802906739,-0.1033485250787849,,,0.0038989235312830157
685,5,92.83368333333334,Forward,0.45593329430619545,17040.0,17035.863735862633,ok,0.0006171292578938001,0.002425412687836612,14460.706052957088,ok,-75.00738275897675,65.04791202143977,-0.10989215341974877,-70.26087853162608,61.27508843047087,-0.10293812367529563,,,0.0038989235312830157
686,5,92.96898333333333,Forward,0.4557739214039359,17040.0,17036.014948128715,ok,0.0006206220681323997,0.0020028039946994388,14460.441038860836,ok,-74.85617049289431,65.04813356018612,-0.10967061467340061,-70.52589262787842,61.27470016242775,-0.10332639171842066,,,0.0038989235312830157
687,5,93.1054,Forward,0.45594146838955996,17035.0,17035.96856153291,ok,0.0006133102590793748,0.001833304618945962,14460.503336620932,ok,-74.90255708869881,65.04806559990388,-0.10973857495564575,-70.46359486778238,61.27479143391008,-0.10323512023608966,,,0.0038989235312830157
688,5,93.24121666666667,Forward,0.4559754987057547,17035.0,17035.96190079153,ok,0.0006066840351520597,0.0011698394502114614,14460.664242260422,ok,-74.90921783007798,65.04805584135497,-0.10974833350455927,-70.30268922829237,61.27502717426751,-0.102999379878667,,,0.0038989235312830157
689,5,93.37733333333334,Forward,0.45586635306325873,17035.0,17035.87096307784,ok,0.0006162110929935263,0.0018792911715672695,14460.477603468382,ok,-75.00015554377023,65.0479226099207,-0.10988156493881451,-70.48932802033232,61.2747537326673,-0.1032728214788737,,,0.0038989235312830157
690,5,93.51211666666667,Forward,0.45593321652690766,17035.0,17035.802759208913,ok,0.000613678443972225,0.0015898267674317593,14460.051289116178,ok,-75.06835941269674,65.0478226854899,-0.10998148936961322,-70.91564237253624,61.27412914612029,-0.10389740802588034,,,0.0038989235312830157
691,5,93.6477,Forward,0.45590691920216986,17035.0,17035.841449341588,ok,0.0006105949978720921,0.001406726287210584,14460.275709685904,ok,-75.02966928002206,65.04787936980335,-0.10992480505615866,-70.6912218028101,61.27445794121714,-0.10356861292902782,,,0.0038989235312830157
692,5,93.78346666666667,Forward,0.4559230323601966,17035.0,17035.78351765805,ok,0.0006201434548663547,0.0014861435681253893,14460.343234383316,ok,-75.08760096356127,65.04779449499209,-0.11000967986742641,-70.6236971053986,61.274556870604286,-0.10346968354188454,,,0.0038989235312830157
693,5,93.91935,Forward,0.455982305789034,17035.0,17035.85677558103,ok,0.000610323995934865,0.0019395153129725382,14460.145461332624,ok,-75.01434304058057,65.04790182403912,-0.10990235082040077,-70.82147015609007,61.274267116374375,-0.10375943777179436,,,0.0038989235312830157
694,5,94.05518333333333,Forward,0.45593176916089984,17035.0,17035.87972014798,ok,0.0006126919514803639,0.0020884488937077724,14460.438074446354,ok,-74.9913984736304,65.04793543976838,-0.1098687350911393,-70.52885704235996,61.27469581931006,-0.10333073483611152,,,0.0038989235312830157
695,5,94.1905,Forward,0.45601642145444266,17035.0,17035.65154290149,ok,0.000619142135495799,0.0020615398660323845,14460.044862600209,ok,-75.21957572011888,65.04760114082265,-0.1102030340368655,-70.92206888850524,61.2741197307314,-0.1039068234147773,,,0.0038989235312830157
696,5,94.3266,Forward,0.455937212532189,17035.0,17035.776925592796,ok,0.0006106512030190482,0.0018465798495242197,14460.56337992947,ok,-75.0941930288136,65.04778483705951,-0.11001933780001139,-70.40355155924408,61.27487940243039,-0.1031471517157785,,,0.0038989235312830157
697,5,94.4619,Forward,0.4559669324914405,17035.0,17035.775138106463,ok,0.0006127403742750686,0.002151670344099653,14460.46062058772,ok,-75.09598051514695,65.047782218241,-0.1100219566185217,-70.50631090099341,61.274728851312176,-0.10329770283399464,,,0.0038989235312830157
698,5,94.59666666666666,Forward,0.45601284951117094,17035.0,17035.605082882576,ok,0.0006152398235296334,0.0023251828401849688,14460.15646735593,ok,-75.26603573903412,65.04753307296934,-0.11027110189017168,-70.81046413278455,61.274283241128465,-0.10374331301770824,,,0.0038989235312830157
699,5,94.73196666666666,Forward,0.4559436271191746,17035.0,17035.62018910532,ok,0.0006075782651912253,0.001685129545266441,14460.83629957849,ok,-75.25092951628903,65.04755520486205,-0.11024896999746413,-70.13063191022411,61.2752792527763,-0.10274730136987668,,,0.0038989235312830157
700,5,94.86755,Forward,0.4559828374618808,17035.0,17035.67101944877,ok,0.000616884963068763,0.0021577559635241957,14460.152349580758,ok,-75.20009917283824,65.04762967561007,-0.11017449924944692,-70.81458190795638,61.27427720823991,-0.10374934590626249,,,0.0038989235312830157
701,5,95.00313333333334,Forward,0.4560119106016206,17030.0,17035.659385426254,ok,0.0006168423246452206,0.0021053807594713023,14460.622768333145,ok,-75.21173319535592,65.04761263078407,-0.11019154407544106,-70.34416315556882,61.274966411459744,-0.10306014268642726,,,0.0038989235312830157
702,5,95.13926666666667,Forward,0.4560154702498511,17030.0,17035.498157348717,ok,0.0006120459162204564,0.0018960164029069792,14460.561026946105,ok,-75.37296127289301,65.04737641802767,-0.11042775683184677,-70.40590454260928,61.27487595511095,-0.10315059903522161,,,0.0038989235312830157
703,5,95.27536666666667,Forward,0.45614638889037895,17035.0,17035.554291137967,ok,0.0006228118616516404,0.002648254286974647,14460.230539830123,ok,-75.31682748364256,65.04745865877189,-0.11034551608762344,-70.73639165859095,61.27439176356184,-0.10363479058433098,,,0.0038989235312830157
704,5,95.41068333333334,Forward,0.4561917274440115,17035.0,17035.501945293927,ok,0.0006206447542930507,0.0022036740323486135,14460.260307723282,ok,-75.3691733276828,65.04738196768747,-0.11042220717205498,-70.7066237654326,61.27443537604053,-0.10359117810564403,,,0.0038989235312830157
705,5,95.54546666666667,Forward,0.4560900861802243,17035.0,17035.516219560424,ok,0.0006201630699860927,0.001790151108017087,14459.981364536656,ok,-75.35489906118528,65.04740288069397,-0.11040129416554546,-70.98556695205843,61.274026700703075,-0.10399985344309154,,,0.0038989235312830157
706,5,95.68183333333333,Forward,0.456110098834279,17035.0,17035.55203262393,ok,0.0006131853627846646,0.001906736444688933,14460.157890558516,ok,-75.31908599767849,65.047455349858,-0.11034882500151709,-70.80904093019853,61.2742853262405,-0.10374122790566757,,,0.0038989235312830157
707,5,95.81821666666667,Forward,0.4562654336826062,17035.0,17035.422195644856,ok,0.0006174397084338244,0.002985713413339625,14460.122309119366,ok,-75.44892297675324,65.0472651277132,-0.11053904714631432,-70.84462236934814,61.274233196425726,-0.10379335772044179,,,0.0038989235312830157
708,5,95.95378333333333,Forward,0.45612281846352565,17035.0,17035.491574369255,ok,0.0006162389658735107,0.0016721134802999199,14460.6117496101,ok,-75.37954425235512,65.04736677340654,-0.11043740145298139,-70.35518187861453,61.27495026809947,-0.1030762860467058,,,0.0038989235312830157
709,5,96.09076666666667,Forward,0.45612695594459124,17035.0,17035.461388444503,ok,0.0006187600092293782,0.001418301013839496,14460.268276894652,ok,-75.40973017710712,65.04732254847625,-0.11048162638327423,-70.69865459406174,61.274447051549934,-0.10357950259623812,,,0.0038989235312830157
710,5,96.22618333333334,Forward,0.45612431342654103,17040.0,17035.395904167137,ok,0.0006201386752787548,0.0027359764592882283,14460.181605381127,ok,-75.47521445447273,65.04722660847688,-0.11057756638264692,-70.78532610758703,61.274320070459396,-0.1037064836867802,,,0.0038989235312830157
711,5,96.3623,Forward,0.45623199699671796,17035.0,17035.41775997594,ok,0.0006163578687301206,0.0010744277425794192,14460.417230718203,ok,-75.45335864567096,65.04725862908344,-0.11054554577606643,-70.54970077051075,61.274665281487145,-0.10336127265902352,,,0.0038989235312830157
712,5,96.4976,Forward,0.45616206711376084,17030.0,17035.46387357676,ok,0.000616531526281371,0.0020013330211908465,14460.26817970665,ok,-75.40724504485115,65.04732618940497,-0.11047798545454034,-70.69875178206348,61.2744469091613,-0.10357964498487249,,,0.0038989235312830157
713,5,96.63238333333334,Forward,0.45623521594955363,17035.0,17035.41747350527,ok,0.0006095772170404645,0.001758683143667928,14460.43003349932,ok,-75.45364511634034,65.04725820937972,-0.11054596547980214,-70.53689798939376,61.274684038643244,-0.10334251550292825,,,0.0038989235312830157
714,5,96.76903333333334,Forward,0.4563765241969926,17035.0,17035.1223744624,ok,0.0006240583210177311,0.0022451232940943356,14460.076902731174,ok,-75.74874415920931,65.0468258643478,-0.11097831051171964,-70.89002875753977,61.274166672230464,-0.10385988191571233,,,0.0038989235312830157
715,5,96.9049,Forward,0.45632331985669067,17035.0,17035.17948354676,ok,0.0006185711426964243,0.002672548573921964,14460.416246581435,ok,-75.69163507485064,65.04690953398176,-0.11089464087775613,-70.55068490727899,61.27466383964363,-0.1033627145025427,,,0.0038989235312830157
716,5,97.041,Forward,0.45643505949956253,17035.0,17035.26713834423,ok,0.0006126402671640148,0.0021032937277823574,14459.787048976601,ok,-75.6039802773812,65.04703795566637,-0.11076621919315421,-71.17988251211318,61.273742011989086,-0.10428454215708118,,,0.0038989235312830157
717,5,97.17605,Forward,0.4562853682407423,17035.0,17035.076440567504,ok,0.0006119899256382288,0.0013494663505060308,14459.656681959943,ok,-75.79467805410604,65.04675856731063,-0.11104560754888435,-71.31024952877124,61.27355101329445,-0.10447554085172296,,,0.0038989235312830157
718,5,97.31241666666666,Forward,0.4562773321599589,17035.0,17035.067211948575,ok,0.0006110532145317359,0.002703257478923112,14460.389801098881,ok,-75.80390667303436,65.04674504660414,-0.11105912825537777,-70.57713038983275,61.27462509477721,-0.10340145936896998,,,0.0038989235312830157
719,5,97.44776666666667,Forward,0.4563723270625697,17035.0,17035.151688784936,ok,0.0006045815104186715,0.0016982033152125326,14460.508533494016,ok,-75.71942983667395,65.0468688123072,-0.1109353625523194,-70.45839799469832,61.274799047768255,-0.10322750637791663,,,0.0038989235312830157
720,5,97.58306666666667,Forward,0.4563786952654896,17030.0,17035.349033129187,ok,0.0006196019444350108,0.0023441185657880593,14460.236400319318,ok,-75.52208549242278,65.04715793844595,-0.11064623641356774,-70.73053116939627,61.274400349673684,-0.10362620447248429,,,0.0038989235312830157
721,5,97.7189,Forward,0.4565334562802802,17035.0,17035.00071339583,ok,0.0006334561011337082,0.002363118916737276,14460.14247403215,ok,-75.87040522577809,65.04664762060564,-0.11115655425387963,-70.82445745656332,61.27426273972678,-0.10376381441939679,,,0.0038989235312830157
722,5,97.85421666666667,Forward,0.45654284939456624,17035.0,17035.11816243689,ok,0.0006156219159892343,0.001624322626379402,14460.379488284267,ok,-75.75295618471864,65.04681969337454,-0.11098448148498193,-70.58744320444748,61.274609985632424,-0.10341656851375208,,,0.0038989235312830157
723,5,97.99058333333333,Forward,0.4563757232461825,17035.0,17035.11119040793,ok,0.0006121314529857619,0.001968180509936723,14459.842565883333,ok,-75.75992821367981,65.04680947876301,-0.11099469609650503,-71.12436560538117,61.2738233489483,-0.10420320519787027,,,0.0038989235312830157
724,5,98.12536666666666,Forward,0.4563424861744765,17035.0,17035.089972636313,ok,0.0006200484041743724,0.001900387861250233,14460.232049567596,ok,-75.78114598529646,65.04677839293481,-0.11102578192469896,-70.73488192111836,61.2743939754548,-0.1036325786913698,,,0.0038989235312830157
725,5,98.26093333333333,Forward,0.45653124807822587,17035.0,17035.045757374814,ok,0.0006076839369914377,0.002944677023510054,14460.121680290496,ok,-75.82536124679609,65.0467136138408,-0.11109056101872261,-70.84525119821774,61.2742322751383,-0.10379427900786804,,,0.0038989235312830157
726,5,98.39731666666667,Forward,0.4565112358187423,17035.0,17034.901164983137,ok,0.0006182680673309932,0.0021857053373472647,14460.211083122853,ok,-75.96995363847236,65.04650177376979,-0.1113024010897257,-70.75584836586131,61.27436325784171,-0.10366329630445814,,,0.0038989235312830157
727,5,98.5332,Forward,0.45657081361317453,17030.0,17034.94119013035,ok,0.0006139105065608333,0.0015392570071119291,14460.435702141058,ok,-75.92992849125949,65.04656041399235,-0.11124376086717189,-70.53122934765634,61.27469234368236,-0.1033342104638164,,,0.0038989235312830157
728,5,98.66956666666667,Forward,0.45654768723995065,17035.0,17034.990713118816,ok,0.0006150994873525742,0.001722121434837335,14460.42333452102,ok,-75.88040550279402,65.04663296935485,-0.11117120550467191,-70.54359696769461,61.274674224074005,-0.10335233007216282,,,0.0038989235312830157
729,5,98.80486666666667,Forward,0.4566189177570497,17030.0,17034.88050468138,ok,0.0006233944873757809,0.001471932115258886,14460.105849180321,ok,-75.9906139402301,65.04647150468205,-0.11133267017747345,-70.86108230839272,61.274209081224264,-0.10381747292190908,,,0.0038989235312830157
730,5,98.94016666666667,Forward,0.45666907002875334,17035.0,17034.83703319772,ok,0.0006194477003172463,0.002091293726996635,14460.099865512715,ok,-76.03408542388934,65.0464078152854,-0.1113963595741161,-70.86706597599914,61.27420031464564,-0.10382623950053681,,,0.0038989235312830157
731,5,99.07601666666666,Forward,0.4565628142665059,17030.0,17034.748358298966,ok,0.000614551539283954,0.0017689713607212836,14460.32747344759,ok,-76.12276032264344,65.04627789906623,-0.11152627579329255,-70.63945804112336,61.274533779501745,-0.10349277464442666,,,0.0038989235312830157
732,5,99.21178333333333,Forward,0.4571798716097194,17035.0,17034.379871529356,ok,0.0006294809533942031,0.003151674880572989,14460.060322475136,ok,-76.49124709225362,65.04573803481381,-0.11206614004571246,-70.90660901357842,61.27414238075443,-0.10388417339174201,,,0.0038989235312830157
733,5,99.34813333333334,Forward,0.4570486878756343,17035.0,17034.245279384122,ok,0.0006171910116236185,0.002152888766663543,14459.832120767194,ok,-76.62583923748753,65.0455408459488,-0.11226332891071612,-71.1348107215199,61.27380804597061,-0.1042185081755637,,,0.0038989235312830157
734,5,99.4843,Forward,0.4570560447138494,17035.0,17034.16281425552,ok,0.0006202053146484234,0.0018115265126103744,14459.70725539074,ok,-76.70830436608958,65.04542002756759,-0.11238414729193115,-71.25967609797408,61.273625107643724,-0.10440144650245094,,,0.0038989235312830157
735,5,99.62038333333334,Forward,0.45707817570509374,17035.0,17034.110893758465,ok,0.0006211265712358474,0.001824984944660514,14459.382915196386,ok,-76.76022486314469,65.04534395965243,-0.11246021520709017,-71.58401629232867,61.27314992185417,-0.1048766322919983,,,0.0038989235312830157
736,5,99.75626666666666,Forward,0.45695573299508785,17035.0,17034.504848847875,ok,0.0006120943007143238,0.0022730244421346577,14459.853108640315,ok,-76.36626977373453,65.04592113714527,-0.1118830377142417,-71.11382284839965,61.273838794978076,-0.10418775916809206,,,0.0038989235312830157
737,5,99.89208333333333,Forward,0.45702071369531494,17035.0,17034.320571919612,ok,0.0006160688649269918,0.0019129366172336017,14459.640277015631,ok,-76.55054670199752,65.04565115587506,-0.1121530189844517,-71.32665447308318,61.27352697866491,-0.10449957548126021,,,0.0038989235312830157
738,5,100.02768333333333,Forward,0.457130753685144,17030.0,17034.14174196294,ok,0.0006125557400371227,0.0018253777295321766,14459.830006315115,ok,-76.72937665866993,65.04538915487848,-0.1124150199810448,-71.1369251735996,61.273804948119654,-0.10422160602651909,,,0.0038989235312830157
739,5,100.16298333333333,Forward,0.45704948823215175,17035.0,17034.235793038344,ok,0.0006209343622954966,0.002260913034943345,14459.82815518812,ok,-76.63532558326551,65.0455269476507,-0.11227722720882068,-71.13877630059505,61.273802236062195,-0.10422431808397666,,,0.0038989235312830157
740,5,100.29883333333333,Forward,0.45713557508518,17035.0,17034.196233675928,ok,0.0006130982152913577,0.002228237488884722,14459.087788916288,ok,-76.6748849456817,65.04546898984222,-0.1123351850172913,-71.87914257242664,61.27271753691741,-0.10530901722875767,,,0.0038989235312830157
741,5,100.43395,Forward,0.4571571545873226,17030.0,17034.23330802814,ok,0.0006209262581191148,0.0019470699409033653,14459.7478856609,ok,-76.63781059347093,65.04552330690078,-0.1122808679587402,-71.21904582781463,61.27368463442252,-0.1043419197236511,,,0.0038989235312830157
742,5,100.5695,Forward,0.45729541453651246,17035.0,17034.240704567,ok,0.0006239703729595089,0.00219284346878386,14459.684068617516,ok,-76.63041405460899,65.04553414345517,-0.11227003140434391,-71.28286287119772,61.2735911370618,-0.10443541708436804,,,0.0038989235312830157
743,5,100.70428333333334,Forward,0.4571276554516862,17035.0,17034.232633917214,ok,0.0006231028371474966,0.0017938510556005764,14459.68042915273,ok,-76.63848470439552,65.04552231927131,-0.1122818555882031,-71.28650233598455,61.27358580493838,-0.10444074920779388,,,0.0038989235312830157
744,5,100.83948333333333,Forward,0.4568812946462222,17030.0,17034.398407392426,ok,0.0006237800217672222,0.0024142813349319818,14459.479826770965,ok,-76.47271122918391,65.04576519141938,-0.11203898344014512,-71.48710471774939,61.273291905499384,-0.10473464864678785,,,0.0038989235312830157
745,5,100.97483333333334,Forward,0.45672959647036937,17030.0,17034.439496640753,ok,0.0006184059771257342,0.0014350005269481764,14459.925382352601,ok,-76.43162198085702,65.04582539063998,-0.11197878421954906,-71.04154913611274,61.27394468207328,-0.10408187207289278,,,0.0038989235312830157
746,5,101.10986666666666,Forward,0.45693077861131937,17035.0,17034.40313841487,ok,0.0006207188160212147,0.0022797472335690044,14460.234594072952,ok,-76.46798020674032,65.04577212276699,-0.112032052092522,-70.73233741576223,61.27439770337014,-0.1036288507760275,,,0.0038989235312830157
747,5,101.24596666666666,Forward,0.456979849898524,17035.0,17034.51195163123,ok,0.0006201307235709343,0.0018663100643772491,14459.734756901593,ok,-76.35916699037989,65.04593154332304,-0.11187263153648419,-71.23217458712134,61.27366539968084,-0.10436115446533753,,,0.0038989235312830157
748,5,101.38235,Forward,0.4572197555881823,17035.0,17034.12401227297,ok,0.0006222674661529764,0.002589716558246774,14460.200130870553,ok,-76.74710634864095,65.04536317938461,-0.11244099547490573,-70.76680061816114,61.2743472118667,-0.10367934227947759,,,0.0038989235312830157
749,5,101.51848333333334,Forward,0.4574900419542869,17030.0,17033.847212844044,ok,0.0006222968312829184,0.0027008642894158926,14459.651645339394,ok,-77.02390577756523,65.04495764483333,-0.11284653002618568,-71.31528614931995,61.27354363421978,-0.1044829199263913,,,0.0038989235312830157
750,5,101.6538,Forward,0.4574696365652474,17035.0,17033.77165090147,ok,0.0006138165239491722,0.0016637007195473565,14459.656958717502,ok,-77.09946772013791,65.04484694020293,-0.11295723465658951,-71.30997277121241,61.27355141876765,-0.10447513537851492,,,0.0038989235312830157
751,5,101.7894,Forward,0.45759264392647925,17035.0,17033.81633420182,ok,0.0006185789780715201,0.002211337177222977,14459.386306850303,ok,-77.05478441978994,65.0449124050134,-0.11289176984610655,-71.58062463841088,61.27315489091374,-0.10487166323243416,,,0.0038989235312830157
752,5,101.92443333333334,Forward,0.45747053883323674,17030.0,17033.835348486424,ok,0.0006213133669780701,0.0019025307728781158,14459.667685970668,ok,-77.03577013518589,65.04494026254696,-0.11286391231256761,-71.29924551804652,61.27356713509994,-0.10445941904623778,,,0.0038989235312830157
753,5,102.06106666666666,Forward,0.45752565481861607,17035.0,17033.78331182452,ok,0.0006225352001654042,0.00232618503188099,14460.19577643494,ok,-77.08780679708798,65.04486402444047,-0.1129401504190427,-70.77115505377333,61.2743408322506,-0.10368572189557336,,,0.0038989235312830157
754,5,102.19613333333334,Forward,0.45699472965543464,17035.0,17034.4452705875,ok,0.0006238067689450535,0.0023521901658855654,14460.339042950243,ok,-76.42584803410864,65.04583384995982,-0.11197032489969852,-70.62788853847087,61.27455072980069,-0.10347582434548658,,,0.0038989235312830157
755,5,102.33251666666666,Forward,0.4570553586076866,17035.0,17034.396248107878,ok,0.0006176280346021902,0.0013712168531539552,14459.937206369377,ok,-76.47487051373173,65.04576202788506,-0.11204214697445439,-71.02972511933694,61.27396200525692,-0.10406454888925713,,,0.0038989235312830157
756,5,102.46755,Forward,0.4569481400959796,17035.0,17034.402049451575,ok,0.0006128993212541065,0.001967665205069803,14460.042498737483,ok,-76.46906917003435,65.04577052734376,-0.11203364751575867,-70.9244327512315,61.27411626747276,-0.10391028667340363,,,0.0038989235312830157
757,5,102.60285,Forward,0.45705250654784213,17030.0,17034.353508773886,ok,0.0006228006702624436,0.0027623661030462604,14460.504812379806,ok,-76.51760984772409,65.04569941114954,-0.11210476370997279,-70.46211910890815,61.274793596021524,-0.10323295812464607,,,0.0038989235312830157
758,5,102.7379,Forward,0.4571010094573128,17035.0,17034.362487034792,ok,0.0006180482884074303,0.002207367608108477,14460.189009621,ok,-76.5086315868175,65.04571256506038,-0.11209160979913498,-70.7779218677133,61.27433091829642,-0.10369563584975096,,,0.0038989235312830157
759,5,102.87348333333334,Forward,0.45717979187705987,17035.0,17034.478056622833,ok,0.0006090563530566468,0.002248039139317615,14460.068681077104,ok,-76.39306199877683,65.04588188427181,-0.11192229058771237,-70.8982504116102,61.27415462681256,-0.10387192733360641,,,0.0038989235312830157
760,5,103.00933333333333,Forward,0.45716343044591007,17030.0,17034.21880392838,ok,0.0006166467452049435,0.0027868158663307266,14459.737652711101,ok,-76.65231469323044,65.04550205716912,-0.11230211769039807,-71.22927877761322,61.27366964228644,-0.10435691185972945,,,0.0038989235312830157
761,5,103.14598333333333,Forward,0.45705856537264866,17035.0,17034.22295443905,ok,0.0006191521844598492,0.0027109598693522362,14459.960021795907,ok,-76.64816418255941,65.04550813801795,-0.11229603684157155,-71.00690969280731,61.27399543178455,-0.10403112236162335,,,0.0038989235312830157
762,5,103.28155,Forward,0.4571359078404337,17035.0,17034.33256518747,ok,0.0006217418969788687,0.003083265724416395,14460.350198453747,ok,-76.53855343414034,65.04566872702584,-0.11213544783368111,-70.61673303496718,61.27456707355589,-0.10345948059027996,,,0.0038989235312830157
763,5,103.41658333333334,Forward,0.4572174883709046,17035.0,17034.30648150317,ok,0.0006241858409197969,0.0025521267817317263,14460.110559220217,ok,-76.56463711844117,65.04563051222442,-0.11217366263509805,-70.85637226849758,61.27421598183068,-0.10381057231549233,,,0.0038989235312830157
764,5,103.55375,Forward,0.45717664862348684,17035.0,17034.370457503835,ok,0.0006063000586232298,0.0013669663058337221,14460.2537510569,ok,-76.50066111777414,65.04572424247098,-0.1120799323885292,-70.71318043181418,61.27442576997028,-0.10360078417589237,,,0.0038989235312830157
765,5,103.68881666666667,Forward,0.4572218366359343,17030.0,17034.384454837695,ok,0.0006180278977974261,0.002759566000140908,14460.41384813686,ok,-76.48666378391499,65.04574474974778,-0.11205942511173407,-70.55308335185327,61.27466032571967,-0.10336622842649833,,,0.0038989235312830157
766,5,103.82411666666667,Forward,0.4572504689078437,17030.0,17034.34983770497,ok,0.000615579634968007,0.0022954874090164727,14459.623562328103,ok,-76.52128091664053,65.0456940327234,-0.11211014213611888,-71.34336916061147,61.27350249023539,-0.10452406391078087,,,0.0038989235312830157
767,5,103.95995,Forward,0.45746614606931624,17035.0,17034.30032201557,ok,0.0006278622977950158,0.003058318854524414,14460.180094969106,ok,-76.57079660603995,65.04562148805465,-0.11218268680487034,-70.78683651960819,61.27431785757816,-0.10370869656801204,,,0.0038989235312830157
768,5,104.09525,Forward,0.45723213496044635,17035.0,17034.312384234792,ok,0.0006178714845585174,0.0022430769670423296,14459.714971778541,ok,-76.55873438681738,65.045639160225,-0.11216501463452348,-71.25195971017274,61.27363641280384,-0.10439014134233308,,,0.0038989235312830157
769,5,104.2316,Forward,0.45729379189309927,17030.0,17034.259515206842,ok,0.0006176247786045789,0.0024425646255170083,14460.11439381164,ok,-76.61160341476716,65.04556170263193,-0.1122424722275884,-70.852537677074,61.274221599831115,-0.1038049543150566,,,0.0038989235312830157
770,5,104.36743333333334,Forward,0.4572954550068776,17035.0,17034.27470989257,ok,0.0006181169526370042,0.0024422738142908075,14460.25511693551,ok,-76.59640872904129,65.04558396413037,-0.1122202107291394,-70.71181455320402,61.27442777109785,-0.10359878304831986,,,0.0038989235312830157
771,5,104.50275,Forward,0.4573695670743839,17035.0,17034.377363421827,ok,0.0006197461448306519,0.001806771811997035,14460.092228850192,ok,-76.49375519978275,65.04573436022436,-0.11206981463516281,-70.87470263852265,61.274189126289784,-0.10383742785638633,,,0.0038989235312830157
772,5,104.63831666666667,Forward,0.4573507273448463,17040.0,17034.23717703119,ok,0.0006271170361268125,0.002265294565564447,14460.017978605028,ok,-76.63394159041854,65.04552897531715,-0.1122751995423607,-70.9489528836857,61.27408034340692,-0.10394621073925443,,,0.0038989235312830157
773,5,104.77423333333333,Forward,0.45733631949538667,17035.0,17034.165964665488,ok,0.0006126532227535473,0.001892703758989589,14460.214409325947,ok,-76.70515395612165,65.04542464318438,-0.11237953167513723,-70.75252216276749,61.27436813101029,-0.1036584231358813,,,0.0038989235312830157
774,5,104.909,Forward,0.45744486723061634,17030.0,17034.316541457192,ok,0.0006235034552261246,0.0021047040887904114,14459.722216802518,ok,-76.55457716441742,65.04564525090707,-0.11215892395244698,-71.24471468619595,61.27364702737613,-0.10437952677004564,,,0.0038989235312830157
775,5,105.0459,Forward,0.45729116061302877,17035.0,17034.38857930691,ok,0.0006308227178333427,0.0026067787259485076,14460.199924441671,ok,-76.48253931470026,65.04575079244367,-0.11205338241584137,-70.76700704704308,61.27434690943094,-0.10367964471523164,,,0.0038989235312830157
776,5,105.1815,Forward,0.4573632119069353,17035.0,17034.445911773328,ok,0.0006215602012903302,0.00207145068561422,14460.17343985907,ok,-76.42520684828196,65.04583478935123,-0.11196938550828604,-70.79349162964354,61.27430810727964,-0.10371844686653106,,,0.0038989235312830157
777,5,105.3168,Forward,0.4572533549933867,17035.0,17034.294272513118,ok,0.0006215323776083552,0.0020368687722921927,14459.64036885072,ok,-76.57684610849174,65.04561262502241,-0.1121915498371092,-71.32656263799436,61.273527113211074,-0.10449944093509557,,,0.0038989235312830157
778,5,105.45211666666667,Forward,0.4572951108382795,17035.0,17034.286737008537,ok,0.0006160355830476689,0.0021477450598734234,14460.12442092723,ok,-76.58438161307276,65.04560158487149,-0.11220258998802574,-70.84251056148423,61.27423629040268,-0.10379026374348595,,,0.0038989235312830157
779,5,105.58716666666666,Forward,0.45728908856247985,17035.0,17034.45387164388,ok,0.0006097503165987695,0.0022123136987091266,14460.257839435959,ok,-76.41724697772952,65.04584645123415,-0.11195772362536498,-70.7090920527553,61.27443175979104,-0.10359479435512738,,,0.0038989235312830157
780,5,105.72328333333333,Forward,0.4573249160298348,17035.0,17034.26538147076,ok,0.0006234258720252923,0.0019362561226404693,14460.206876292243,ok,-76.60573715085047,65.04557029720424,-0.11223387765528604,-70.76005519647151,61.27435709447941,-0.10366945966675425,,,0.0038989235312830157
781,5,105.85991666666666,Forward,0.4572575795870596,17035.0,17034.270737900588,ok,0.0006197803931074121,0.002028190973495812,14460.1564507139,ok,-76.60038072102179,65.04557814482652,-0.11222603003300055,-70.810480774815,61.27428321674648,-0.10374333739968901,,,0.0038989235312830157
782,5,105.99525,Forward,0.45749504696644117,17035.0,17034.255085456625,ok,0.0006237096504211745,0.0028201342499770297,14459.474842486168,ok,-76.6160331649844,65.04555521267358,-0.11224896218594423,-71.49208900254598,61.27328460310102,-0.10474195104515728,,,0.0038989235312830157
783,5,106.13081666666666,Forward,0.45744263359088155,17035.0,17034.36256268339,ok,0.0006071236187561377,0.0012668265282402876,14460.436895388973,ok,-76.50855593822052,65.04571267589196,-0.11209149896754854,-70.53003609974076,61.27469409189138,-0.10333246225479772,,,0.0038989235312830157
784,5,106.26558333333334,Forward,0.45751412641031103,17035.0,17034.40394421167,ok,0.0006211509413999458,0.002415857168428758,14460.14810136491,ok,-76.46717440993962,65.0457733033274,-0.11203087153212393,-70.81883012380422,61.274270984244744,-0.10375556990142855,,,0.0038989235312830157
785,5,106.40141666666666,Forward,0.4574684372921256,17035.0,17034.49503236814,ok,0.0006176882444631769,0.0018498216515089668,14460.698503602609,ok,-76.37608625346911,65.04590675517304,-0.11189741968648703,-70.2684278861052,61.27507737002869,-0.1029491841174831,,,0.0038989235312830157
786,5,106.53753333333333,Forward,0.4574716983179685,17035.0,17034.341605404807,ok,0.0006169264719259531,0.0015696739612391425,14460.236784950313,ok,-76.52951321680302,65.04568197170808,-0.11212220315143734,-70.73014653840073,61.2744009131906,-0.10362564095557679,,,0.0038989235312830157
787,5,106.67338333333333,Forward,0.4573177450104151,17035.0,17034.38371062966,ok,0.0006207799557764086,0.0018035565824143706,14460.254581045068,ok,-76.48740799195002,65.04574365942014,-0.11206051543938654,-70.71235044364585,61.27442698597308,-0.10359956817309669,,,0.0038989235312830157
788,5,106.8095,Forward,0.4573184152606513,17035.0,17034.438370770302,ok,0.000615658066094793,0.002056837852823072,14459.838354444626,ok,-76.4327478513078,65.04582374114463,-0.1119804337148888,-71.12857704408816,61.273817178834754,-0.10420937531141752,,,0.0038989235312830157
789,5,106.9454,Forward,0.45748169708968345,17030.0,17034.336946649302,ok,0.0006161318947346902,0.0017519797054708932,14460.055159033684,ok,-76.53417197230738,65.04567514623763,-0.11212902862188835,-70.91177245503059,61.27413481587642,-0.10389173826974954,,,0.0038989235312830157
790,5,107.08095,Forward,0.45734297417666203,17035.0,17034.40018624069,ok,0.0006261190641497169,0.003018626038516914,14460.056080921728,ok,-76.47093238091838,65.04576779758239,-0.11203637727713403,-70.91085056698648,61.2741361665203,-0.10389038762587086,,,0.0038989235312830157
791,5,107.21626666666667,Forward,0.4574848594190807,17035.0,17034.46907818788,ok,0.0006111104892548322,0.001846805572349092,14459.7469500856,ok,-76.40204043372796,65.04586873010598,-0.11193544475354016,-71.2199814031137,61.27368326372566,-0.1043432904205148,,,0.0038989235312830157
792,5,107.35158333333334,Forward,0.45737899086781786,17035.0,17034.463696802475,ok,0.0006163725311933846,0.0021529211765082988,14459.992961882841,ok,-76.40742181913447,65.04586084592167,-0.11194332893785576,-70.97396960587321,61.27404369179515,-0.1039828623510234,,,0.0038989235312830157
793,5,107.48661666666666,Forward,0.45745748238611206,17035.0,17034.441806682822,ok,0.0006115201989274716,0.0021315052190522886,14460.414095362226,ok,-76.42931193878758,65.04582877504679,-0.11197539981273251,-70.55283612648782,61.274660687925724,-0.10336586622044885,,,0.0038989235312830157
794,5,107.62278333333333,Forward,0.457369474754408,17035.0,17034.26991189099,ok,0.0006248028629214838,0.002335593685187932,14460.219379864753,ok,-76.60120673061829,65.04557693465267,-0.11222724020685232,-70.74755162396104,61.274375413269624,-0.10365114087654889,,,0.0038989235312830157
795,5,107.7586,Forward,0.4574467996856841,17035.0,17034.4690799886,ok,0.0006289197751220645,0.00245007709663497,14460.485761092626,ok,-76.40203863300849,65.04586873274418,-0.11193544211533397,-70.48117039608769,61.27476568427609,-0.10326086987008458,,,0.0038989235312830157
796,5,107.8939,Forward,0.45748866494377793,17035.0,17034.320075896743,ok,0.0006217675075704958,0.0020864133825010773,14460.555909695886,ok,-76.55104272486642,65.04565042915965,-0.11215374569986562,-70.41102179282825,61.274868457907004,-0.10315809623916963,,,0.0038989235312830157
797,5,108.02868333333333,Forward,0.4576127251385408,17030.0,17034.33753373672,ok,0.0006167564160311385,0.0016315801122113445,14460.265562321652,ok,-76.53358488488811,65.0456760063703,-0.11212816848921373,-70.70136916706178,61.27444307447112,-0.10358347967504847,,,0.0038989235312830157
798,5,108.16506666666666,Forward,0.4575522284554059,17035.0,17034.438957734852,ok,0.0006223349817969916,0.0025767989368250376,14459.847355448044,ok,-76.43216088675763,65.0458246010973,-0.1119795737622278,-71.11957604066993,61.2738303660653,-0.10419618808087855,,,0.0038989235312830157
799,5,108.30118333333333,Forward,0.4576167164966471,17035.0,17034.5140936467,ok,0.0006185654990503323,0.0015525184741694202,14459.659320107778,ok,-76.35702497491002,65.04593468155669,-0.11186949330283326,-71.30761138093658,61.273554878403935,-0.10447167574223738,,,0.0038989235312830157
800,5,108.43675,Forward,0.4575018102181908,17035.0,17034.256621239605,ok,0.0006119681477086526,0.0020087805879749868,14460.467754198828,ok,-76.61449738200463,65.04555746272541,-0.11224671213411433,-70.49917728988657,61.27473930265519,-0.1032872514909754,,,0.0038989235312830157
801,5,108.57206666666667,Forward,0.45747828988242634,17030.0,17034.229294483383,ok,0.0006101945418733179,0.001983305581034358,14460.567675932401,ok,-76.6418241382271,65.04551742671859,-0.11228674814092865,-70.39925555631271,61.27488569643768,-0.10314085770849733,,,0.0038989235312830157
802,5,108.7079,Forward,0.45749283853056666,17035.0,17034.36363840483,ok,0.0006198820497687854,0.00217360806721767,14459.994763964803,ok,-76.5074802167801,65.04571425191477,-0.11208992294474625,-70.97216752391068,61.27404633199749,-0.10398022214868309,,,0.0038989235312830157
803,5,108.8438,Forward,0.45763816154247977,17035.0,17034.35375706027,ok,0.0006190137293931843,0.001577200559187245,14460.36283252223,ok,-76.51736156133848,65.04569977491008,-0.11210439994943913,-70.60409896648343,61.27458558353372,-0.1034409706124476,,,0.0038989235312830157
804,5,108.97936666666666,Forward,0.4575368163680293,17035.0,17034.40472804953,ok,0.0006114234342828603,0.001938292468126825,14460.264261447777,ok,-76.46639057208085,65.04577445171608,-0.11202972314343121,-70.70267004093694,61.27444116858098,-0.10358538556519167,,,0.0038989235312830157
805,5,109.1147,Forward,0.4575901616385355,17035.0,17034.24694180968,ok,0.0006252515412686656,0.0030001932949847055,14460.658432237002,ok,-76.62417681192892,65.0455432815427,-0.11226089331680768,-70.30849925171242,61.27501866209228,-0.10300789205388981,,,0.0038989235312830157
806,5,109.25053333333334,Forward,0.45761156310614404,17035.0,17034.348494847283,ok,0.0006195935467435278,0.0022460698932192267,14460.28327551997,ok,-76.52262377432635,65.04569206532342,-0.11211210953609207,-70.68365596874355,61.27446902580332,-0.10355752834285233,,,0.0038989235312830157
807,5,109.38651666666667,Forward,0.45765798513835654,17035.0,17034.24905259539,ok,0.0006238240889405844,0.002026869855317882,14460.304797679066,ok,-76.62206602621882,65.04554637402212,-0.11225780083739355,-70.66213380964837,61.27450055758489,-0.1035259965612834,,,0.0038989235312830157
808,5,109.52155,Forward,0.4575887196747463,17030.0,17034.286132424408,ok,0.0006219566203362395,0.001642816601756522,14460.240790450573,ok,-76.58498619720194,65.04560069910465,-0.11220347575485874,-70.72614103814158,61.27440678158692,-0.10361977255925617,,,0.0038989235312830157
809,5,109.65715,Forward,0.45772516749367476,17035.0,17034.466738408148,ok,0.0006214393608758434,0.0019666897520989705,14460.274103714015,ok,-76.40438021346199,65.04586530213098,-0.11193887272854798,-70.69282777469925,61.27445558833263,-0.10357096581354049,,,0.0038989235312830157
810,5,109.79418333333334,Forward,0.4575820482899461,17030.0,17034.346861315564,ok,0.0006256992078649178,0.0020323819655063786,14460.857461683607,ok,-76.52425730604591,65.04568967206143,-0.11211450279808495,-70.10946980510744,61.27531025704836,-0.1027162970978087,,,0.0038989235312830157
811,5,109.93028333333334,Forward,0.45751693081956446,17035.0,17034.392813616858,ok,0.0006132175086223141,0.0018509905263834339,14460.413019405878,ok,-76.47830500475175,65.04575699606552,-0.11204717879399277,-70.55391208283618,61.27465911155876,-0.10336744258741112,,,0.0038989235312830157
812,5,110.06533333333333,Forward,0.4575621710713228,17035.0,17034.374973262216,ok,0.0006130066024964411,0.0018992472205572374,14460.44849593113,ok,-76.49614535939327,65.04573085843857,-0.11207331642094649,-70.51843555758387,61.27471108766581,-0.10331546648036105,,,0.0038989235312830157
813,5,110.20116666666667,Forward,0.4574581609808035,17035.0,17034.438930306973,ok,0.0006147253512785086,0.001655373542879207,14459.981465300933,ok,-76.43218831463673,65.04582456091313,-0.11197961394638818,-70.98546618778164,61.27402684833126,-0.10399970581491205,,,0.0038989235312830157
814,5,110.3369,Forward,0.4574974971820587,17035.0,17034.49977651171,ok,0.0006106720529241909,0.001407371588887226,14460.601432008822,ok,-76.37134210989825,65.04591370574421,-0.1118904691153038,-70.3654994798926,61.27493515194182,-0.10309140220435414,,,0.0038989235312830157
815,5,110.47273333333334,Forward,0.45741244553349875,17035.0,17034.40228016793,ok,0.0006174022052419534,0.0013890997005349395,14460.273681827915,ok,-76.46883845367847,65.04577086536271,-0.11203330949680315,-70.69324966079876,61.27445497023385,-0.10357158391232313,,,0.0038989235312830157
816,5,110.60751666666667,Forward,0.45755131920691167,17035.0,17034.25470933808,ok,0.0006147379365478865,0.001690628887977959,14460.247265696018,ok,-76.6164092835279,65.04555466162813,-0.11224951323139024,-70.7196657926961,61.27441626836861,-0.10361028577755882,,,0.0038989235312830157
817,5,110.74415,Forward,0.4575334797208637,17035.0,17034.335393526915,ok,0.000615457175421378,0.002211645109304049,14460.17599390524,ok,-76.5357250946945,65.0456728707821,-0.11213130407741509,-70.79093758347335,61.27431184917308,-0.10371470497309002,,,0.0038989235312830157
818,5,110.87946666666667,Forward,0.45759662071954077,17035.0,17034.266276638707,ok,0.0006112460271662368,0.002220351399031321,14460.32048842283,ok,-76.60484198290214,65.04557160870091,-0.11223256615860537,-70.64644306588343,61.27452354585028,-0.10350300829589322,,,0.0038989235312830157
819,5,111.0148,Forward,0.4575836522423635,17035.0,17034.35411746525,ok,0.000618473250663583,0.0022954357085579894,14460.176641197328,ok,-76.5170011563605,65.04570030293382,-0.1121038719256943,-70.79029029138655,61.27431279751068,-0.10371375663549054,,,0.0038989235312830157
820,5,111.15011666666666,Forward,0.4575446822034112,17035.0,17034.187919111828,ok,0.0006217505599092266,0.0016570355337905498,14460.402911854295,ok,-76.68319950978184,65.04545680830329,-0.11234736655622923,-70.56401963441931,61.27464430314166,-0.10338225100450842,,,0.0038989235312830157
821,5,111.28623333333333,Forward,0.45748274247019804,17035.0,17034.244703089757,ok,0.0006120937691015883,0.0011933305187034062,14460.481009556292,ok,-76.62641553185313,65.04554000162886,-0.11226417323065517,-70.48592193242257,61.274758722873884,-0.10326783127229175,,,0.0038989235312830157
822,5,111.4226,Forward,0.45760911745488964,17035.0,17034.181532024482,ok,0.0006134662931150636,0.0018586647637560572,14460.108483078864,ok,-76.68958659712735,65.04544745068065,-0.1123567241788613,-70.8584484098501,61.27421294010818,-0.10381361403799537,,,0.0038989235312830157
823,5,111.55845,Forward,0.4575275067080399,17035.0,17034.21448949052,ok,0.0006293807433012644,0.002319909268724939,14459.898469590287,ok,-76.65662913108827,65.04549573615311,-0.11230843870640414,-71.0684618984269,61.27390525260252,-0.10412130154365143,,,0.0038989235312830157
824,5,111.69401666666667,Forward,0.45758117704696344,17035.0,17034.035807664237,ok,0.0006096526888863179,0.0021044754426185718,14460.05002740196,ok,-76.83531095737271,65.04523395218006,-0.11257022267946272,-70.91690408675458,61.274127297602355,-0.10389925654381756,,,0.0038989235312830157
825,5,111.83038333333333,Forward,0.4578522969769132,17035.0,17033.91761655829,ok,0.0006205138344732862,0.0027562785227740272,14459.754305921197,ok,-76.95350206331932,65.0450607922234,-0.11274338263612019,-71.21262556751753,61.27369404064633,-0.10433251349984204,,,0.0038989235312830157
826,5,111.9663,Forward,0.4577402881486319,17035.0,17033.784458884867,ok,0.0006246002747888116,0.002803652494426174,14460.09526902594,ok,-77.08665973674215,65.0448657049808,-0.11293846987871628,-70.87166246277411,61.27419358040413,-0.10383297374203794,,,0.0038989235312830157
827,5,112.10165,Forward,0.4578310818590664,17035.0,17033.93123487917,ok,0.0006108350438300218,0.0009640860892909633,14460.237871996722,ok,-76.93988374244145,65.04508074421415,-0.11272343064536698,-70.7290594919923,61.27440250580543,-0.10362404834073949,,,0.0038989235312830157
828,5,112.23645,Forward,0.45780760178420343,17030.0,17033.863666232726,ok,0.0006180142197798356,0.0021072381104556654,14459.9505625003,ok,-77.0074523888834,65.04498175043797,-0.11282242442155328,-71.01636898841389,61.273981573117226,-0.1040449810289412,,,0.0038989235312830157
829,5,112.37228333333333,Forward,0.45787732574470646,17035.0,17033.91089343091,ok,0.0006101928969579808,0.0014671975716689773,14459.879197396787,ok,-76.96022519069811,65.04505094227372,-0.11275323258579441,-71.0877340919269,61.27387701721066,-0.10414953693551468,,,0.0038989235312830157
