scan_index,channel_id,time_min,direction,DipDepth,CentroidWidthMotor,RawMinimumMotor,SPRMotor,SPRQuality,TIREdgeSlope,TIRMotor,TIRQuality,DeltaSPRMotor,SPRAngleEmpirical,DeltaSPRAngle,DeltaTIRMotor,TIRAngleEmpirical,DeltaTIRAngle,BulkSensitivity,PureKineticsCandidate,AngleCalibrationRMSEDeg
0,5,0.14448333333333332,Forward,0.4694333952961432,351.0310878835444,17020.0,17035.024349968975,ok,0.0006118223025092051,14450.939997786694,ok,-85.15630732986392,65.04668225018244,-0.12476118543987902,-67.90332502565252,61.260780334472656,-0.09948410858979116,,,0.0038989235312830157
1,5,0.28031666666666666,Forward,0.4696980071695159,351.18076031405144,17025.0,17034.554674139355,ok,0.000631416957672982,14450.515588370841,ok,-85.62598315948344,65.04599413540723,-0.12544930021508652,-68.32773444150553,61.26015853881836,-0.10010590424408791,,,0.0038989235312830157
2,5,0.4159,Forward,0.46960075563485926,351.26661191662424,17025.0,17034.566287584134,ok,0.0006160780773739878,14450.08857521624,ok,-85.61436971470539,65.0460111500851,-0.12543228553721963,-68.75474759610734,61.2595329284668,-0.1007315145956521,,,0.0038989235312830157
3,5,0.5517166666666666,Forward,0.46968858238234645,351.22415180059033,17025.0,17034.466929107748,ok,0.0006094672190563638,14449.836012557726,ok,-85.71372819109092,65.045865581522,-0.1255778541003249,-69.00731025462119,61.25916290283203,-0.1011015402304178,,,0.0038989235312830157
4,5,0.6867666666666666,Forward,0.46970217038053697,351.1701364654982,17025.0,17034.4778280033,ok,0.0006134921473349184,14449.580846160465,ok,-85.70282929554014,65.04588154932487,-0.12556188629745116,-69.26247665188203,61.2587890625,-0.10147538056244827,,,0.0038989235312830157
5,5,0.82235,Forward,0.47001292951825735,351.3704725837815,17025.0,17034.426330338647,ok,0.0006182085863012188,14449.494922781796,ok,-85.75432696019197,65.04580610089491,-0.12563733472741254,-69.34840003055069,61.258663177490234,-0.10160126557221247,,,0.0038989235312830157
6,5,0.9581833333333334,Forward,0.4697959399975382,351.33851389843403,17020.0,17034.460484247564,ok,0.0006218260331459291,14449.494922781796,ok,-85.7201730512752,65.04585613925727,-0.12558729636504723,-69.34840003055069,61.258663177490234,-0.10160126557221247,,,0.0038989235312830157
7,5,1.0948333333333333,Forward,0.46976622191371864,351.4094274858144,17025.0,17034.499979025768,ok,0.000624964945524073,14449.411603141873,ok,-85.68067827307095,65.04591400244442,-0.1255294331779041,-69.4317196704742,61.258541107177734,-0.10172333588471455,,,0.0038989235312830157
8,5,1.2304333333333333,Forward,0.469682282864086,351.21688752021873,17025.0,17034.49869740727,ok,0.0006151701765863869,14449.494922781796,ok,-85.68195989156811,65.04591212476504,-0.12553131085729158,-69.34840003055069,61.258663177490234,-0.10160126557221247,,,0.0038989235312830157
9,5,1.3668,Forward,0.46971001677962143,351.22800211698996,17025.0,17034.500726860944,ok,0.0006188782424314716,14449.520960169271,ok,-85.67993043789465,65.04591509808614,-0.1255283375361832,-69.3223626430754,61.25870132446289,-0.10156311859955673,,,0.0038989235312830157
10,5,1.5034,Forward,0.46973717029517215,351.33056163155925,17025.0,17034.49985431362,ok,0.0006120935463492195,14449.528771385514,ok,-85.68080298521818,65.04591381973059,-0.12552961589173722,-69.31455142683262,61.25871276855469,-0.10155167450775975,,,0.0038989235312830157
11,5,1.63895,Forward,0.4696961233441611,351.3350328407105,17020.0,17034.550456142773,ok,0.0006183250115371517,14449.520960169271,ok,-85.6302011560656,65.04598795568585,-0.12545547993647502,-69.3223626430754,61.25870132446289,-0.10156311859955673,,,0.0038989235312830157
12,5,1.7745166666666667,Forward,0.4696185410012924,351.31940392760225,17020.0,17034.545099605308,ok,0.0006147510873155468,14449.531375124261,ok,-85.63555769353115,65.04598010790586,-0.12546332771645763,-69.31194768808564,61.25871658325195,-0.10154785981049497,,,0.0038989235312830157
13,5,1.9103666666666668,Forward,0.46972910205438045,351.2903225326154,17020.0,17034.49226801819,ok,0.0006216550046210982,14449.520960169271,ok,-85.68838928064724,65.04590270516678,-0.12554073045553765,-69.3223626430754,61.25870132446289,-0.10156311859955673,,,0.0038989235312830157
14,5,2.0468166666666665,Forward,0.46974799006777235,351.40768778691563,17020.0,17034.5200588923,ok,0.000618902272073703,14449.224133952048,ok,-85.66059840653907,65.04594342114552,-0.12550001447680556,-69.61918886029889,61.25826644897461,-0.10199799408783958,,,0.0038989235312830157
15,5,2.1837,Forward,0.4696469614760175,351.29317811040164,17020.0,17034.499068232355,ok,0.000629341825694505,14449.205907780815,ok,-85.68158906648387,65.04591266805511,-0.12553076756721065,-69.63741503153142,61.25823974609375,-0.10202469696869831,,,0.0038989235312830157
16,5,2.3187166666666665,Forward,0.46948709744434497,351.32422582016807,17020.0,17034.53371027117,ok,0.000620244460105145,14449.224133952048,ok,-85.64694702766792,65.04596342156903,-0.12548001405329898,-69.61918886029889,61.25826644897461,-0.10199799408783958,,,0.0038989235312830157
17,5,2.4539833333333334,Forward,0.4696987501670359,351.3930190700339,17020.0,17034.52841954317,ok,0.000619188468828278,14449.205907780815,ok,-85.65223775566847,65.04595567020547,-0.12548776541685486,-69.63741503153142,61.25823974609375,-0.10202469696869831,,,0.0038989235312830157
18,5,2.5890166666666667,Forward,0.4696385052058704,351.3326502045129,17020.0,17034.513640758676,ok,0.0006211269244721755,14449.205907780815,ok,-85.66701654016288,65.04593401803746,-0.12550941758485856,-69.63741503153142,61.25823974609375,-0.10202469696869831,,,0.0038989235312830157
19,5,2.7235833333333335,Forward,0.4696315150950236,351.3855055863496,17020.0,17034.528159125606,ok,0.0006179020483642703,14449.205907780815,ok,-85.65249817323274,65.04595528867173,-0.12548814695059024,-69.63741503153142,61.25823974609375,-0.10202469696869831,,,0.0038989235312830157
20,5,2.8588833333333334,Forward,0.46954748951733377,351.20350585327105,17020.0,17034.58400868198,ok,0.0006179783331089842,14449.312661069465,ok,-85.59664861685815,65.04603711299077,-0.12540632263154602,-69.53066174288142,61.25839614868164,-0.10186829438080794,,,0.0038989235312830157
21,5,2.9933833333333335,Forward,0.4695383956830549,351.28912961468086,17025.0,17034.608056124314,ok,0.0006152542836768268,14449.312661069465,ok,-85.5726011745246,65.04607234452567,-0.1253710910966615,-69.53066174288142,61.25839614868164,-0.10186829438080794,,,0.0038989235312830157
22,5,3.127883333333333,Forward,0.46933758221797384,351.24456605888554,17025.0,17034.600846334837,ok,0.0006325496335571415,14449.450659223086,ok,-85.57981096400181,65.04606178157489,-0.12538165404742996,-69.39266358926034,61.25859832763672,-0.1016661154257296,,,0.0038989235312830157
23,5,3.2629333333333332,Forward,0.46959656134037636,351.278481986963,17025.0,17034.615485487004,ok,0.0006183960537514286,14449.450659223086,ok,-85.56517181183517,65.04608322916974,-0.1253602064525845,-69.39266358926034,61.25859832763672,-0.1016661154257296,,,0.0038989235312830157
24,5,3.3979833333333334,Forward,0.4694503871647828,351.37423796089206,17025.0,17034.613365339537,ok,0.000614552986751192,14449.450659223086,ok,-85.56729195930166,65.04608012297456,-0.12536331264776276,-69.39266358926034,61.25859832763672,-0.1016661154257296,,,0.0038989235312830157
25,5,3.5335833333333335,Forward,0.46951603424747157,351.3229353582901,17025.0,17034.63057845364,ok,0.0006387455983038546,14449.461074178076,ok,-85.55007884519728,65.04610534164112,-0.12533809398119405,-69.38224863427058,61.25861358642578,-0.10165085663666786,,,0.0038989235312830157
26,5,3.668083333333333,Forward,0.46941281825391024,351.17588799640725,17025.0,17034.606454950732,ok,0.0006161177618897364,14449.252775078272,ok,-85.57420234810706,65.04606999867107,-0.12537343695124945,-69.59054773407479,61.25830841064453,-0.1019560324179164,,,0.0038989235312830157
27,5,3.803383333333333,Forward,0.46958868968871903,351.2015083561964,17025.0,17034.667315645707,ok,0.0006227797739278685,14449.247567600776,ok,-85.51334165313165,65.04615916473158,-0.12528427089074362,-69.59575521157058,61.25830078125,-0.1019636618124486,,,0.0038989235312830157
28,5,3.9384166666666665,Forward,0.46936414942471044,351.4492178802393,17025.0,17034.735118008342,ok,0.0006118536244196095,14449.247567600776,ok,-85.44553929049653,65.04625850092174,-0.12518493470058667,-69.59575521157058,61.25830078125,-0.1019636618124486,,,0.0038989235312830157
29,5,4.072666666666667,Forward,0.46947928720456716,351.0953340204687,17025.0,17034.686371418822,ok,0.0006110823177687137,14449.252775078272,ok,-85.49428588001683,65.04618708304929,-0.1252563525730309,-69.59054773407479,61.25830841064453,-0.1019560324179164,,,0.0038989235312830157
30,5,4.2077,Forward,0.46942205418262295,351.14305642003455,17025.0,17034.772500949854,ok,0.0006213403871822194,14449.226737690797,ok,-85.40815634898536,65.04631327008968,-0.12513016553263653,-69.61658512155009,61.258270263671875,-0.10199417939057213,,,0.0038989235312830157
31,5,4.3422,Forward,0.46935154031443893,351.1091854865808,17020.0,17034.71103152783,ok,0.000636371193252937,14449.226737690797,ok,-85.4696257710093,65.04622321219261,-0.1252202234297023,-69.61658512155009,61.258270263671875,-0.10199417939057213,,,0.0038989235312830157
32,5,4.478316666666666,Forward,0.46950748446389184,351.16491090353884,17020.0,17034.753823988987,ok,0.0006281231363183626,14449.271001249504,ok,-85.42683330985165,65.04628590676393,-0.1251575288583978,-69.57232156284226,61.25833511352539,-0.10192932953705765,,,0.0038989235312830157
33,5,4.6134,Forward,0.46931494240979904,351.2847836474248,17025.0,17034.80176102547,ok,0.0006167291987987694,14449.271001249504,ok,-85.37889627337063,65.04635613857276,-0.12508729704955857,-69.57232156284226,61.25833511352539,-0.10192932953705765,,,0.0038989235312830157
34,5,4.748683333333333,Forward,0.46935679403812847,351.2851344514311,17025.0,17034.819123824844,ok,0.0006157553447041006,14449.250171339525,ok,-85.36153347399522,65.04638157654091,-0.12506185908142028,-69.59315147282177,61.258304595947266,-0.10195984711518118,,,0.0038989235312830157
35,5,4.884,Forward,0.46945002007207065,351.1645005370556,17020.0,17034.834772256963,ok,0.000611621837803033,14449.333490979447,ok,-85.34588504187559,65.04640450281616,-0.12503893280616554,-69.50983183290009,61.258426666259766,-0.10183777680268175,,,0.0038989235312830157
36,5,5.019033333333334,Forward,0.4693391890590438,351.21711677233907,17025.0,17034.83969995734,ok,0.0006184713249279241,14449.250171339525,ok,-85.34095734149741,65.04641172231356,-0.12503171330875015,-69.59315147282177,61.258304595947266,-0.10195984711518118,,,0.0038989235312830157
37,5,5.1538,Forward,0.46935977272618035,351.1222042842346,17025.0,17034.86904233105,ok,0.0006217410099844861,14449.041872239719,ok,-85.31161496778805,65.04645471137032,-0.12498872425200981,-69.8014505726278,61.257999420166016,-0.10226502289643238,,,0.0038989235312830157
38,5,5.288833333333334,Forward,0.4692744538845533,351.3240254373886,17025.0,17034.919785553368,ok,0.0006168384485125721,14449.01843859099,ok,-85.26087174547138,65.04652905447851,-0.12491438114381533,-69.82488422135611,61.257965087890625,-0.10229935517182334,,,0.0038989235312830157
39,5,5.42335,Forward,0.46924401386163833,351.2746691070679,17025.0,17034.94667043753,ok,0.0006174682343306198,14448.914289041088,ok,-85.23398686130895,65.04656844310541,-0.12487499251690451,-69.92903377125913,61.2578125,-0.10245194306244895,,,0.0038989235312830157
40,5,5.5584,Forward,0.46914347535684797,351.22216729721913,17025.0,17034.99280092945,ok,0.0006200018795345249,14448.914289041088,ok,-85.18785636938992,65.04663602817384,-0.12480740744849085,-69.92903377125913,61.2578125,-0.10245194306244895,,,0.0038989235312830157
41,5,5.6931666666666665,Forward,0.46933203004726143,351.08401649560983,17025.0,17034.976390637585,ok,0.000622971535310011,14448.914289041088,ok,-85.20426666125422,65.04661198570967,-0.12483144991264415,-69.92903377125913,61.2578125,-0.10245194306244895,,,0.0038989235312830157
42,5,5.828,Forward,0.46924186160591796,351.2261231396551,17025.0,17034.99684895615,ok,0.0006138599072839807,14448.85961052739,ok,-85.18380834268828,65.04664195887499,-0.12480147674733877,-69.98371228495671,61.25773239135742,-0.10253205170502519,,,0.0038989235312830157
43,5,5.964666666666667,Forward,0.4691535378250598,351.1654444841224,17025.0,17035.07390338878,ok,0.0006222955161103675,14448.992401203515,ok,-85.10675391005861,65.04675485012943,-0.12468858549289492,-69.85092160883141,61.25792694091797,-0.10233750214447908,,,0.0038989235312830157
44,5,6.099966666666667,Forward,0.4690430571573794,351.14790230135986,17025.0,17035.1085727784,ok,0.000622348082231657,14449.078324582186,ok,-85.07208452043778,65.04680564371458,-0.12463779190774313,-69.76499823016093,61.258052825927734,-0.10221161713471222,,,0.0038989235312830157
45,5,6.235283333333333,Forward,0.4690021585944598,351.14830166664615,17025.0,17035.142984529015,ok,0.0006234816867044623,14448.992401203515,ok,-85.03767276982398,65.04685605983681,-0.12458737578550559,-69.85092160883141,61.25792694091797,-0.10233750214447908,,,0.0038989235312830157
46,5,6.370866666666666,Forward,0.46890513900935893,351.1899183107125,17025.0,17035.196911513354,ok,0.0006102090748891989,14448.992401203515,ok,-84.98374578548464,65.04693506742538,-0.12450836819693893,-69.85092160883141,61.25792694091797,-0.10233750214447908,,,0.0038989235312830157
47,5,6.504833333333333,Forward,0.46916070268234533,351.0866555064458,17025.0,17035.229595392666,ok,0.0006225630484365432,14449.237152645786,ok,-84.95106190617298,65.04698295207017,-0.12446048355215389,-69.60617016656033,61.25828552246094,-0.10197892060151037,,,0.0038989235312830157
48,5,6.6406833333333335,Forward,0.4690605608582544,351.10735830209524,17025.0,17035.25592777876,ok,0.0006129911551678001,14449.237152645786,ok,-84.92472952008029,65.04702153124072,-0.12442190438159804,-69.60617016656033,61.25828552246094,-0.10197892060151037,,,0.0038989235312830157
49,5,6.77545,Forward,0.46900453489856425,351.0424980842181,17020.0,17035.303919733222,ok,0.0006303475559857796,14449.237152645786,ok,-84.87673756561708,65.04709184350905,-0.12435159211327464,-69.60617016656033,61.25828552246094,-0.10197892060151037,,,0.0038989235312830157
50,5,6.911016666666667,Forward,0.4690415599828153,351.04549418413444,17025.0,17035.308608197916,ok,0.0006153094038498922,14449.546997556747,ok,-84.8720491009226,65.04709871250597,-0.12434472311634984,-69.2963252556001,61.25873947143555,-0.101524971626901,,,0.0038989235312830157
51,5,7.045833333333333,Forward,0.4687505072094104,350.96411105920197,17020.0,17035.380242454485,ok,0.0006161153671295551,14449.271001249504,ok,-84.80041484435424,65.04720366274452,-0.12423977287780845,-69.57232156284226,61.25833511352539,-0.10192932953705765,,,0.0038989235312830157
52,5,7.181966666666667,Forward,0.46891804843721396,351.0581075924565,17025.0,17035.447314035275,ok,0.0006207605113965285,14449.271001249504,ok,-84.73334326356417,65.04730192827752,-0.12414150734480123,-69.57232156284226,61.25833511352539,-0.10192932953705765,,,0.0038989235312830157
53,5,7.3167333333333335,Forward,0.4687246381700575,350.91262701951564,17025.0,17035.555103652947,ok,0.000617781954684899,14449.47930034931,ok,-84.62555364589207,65.047459849175,-0.12398358644732983,-69.36402246303624,61.25864028930664,-0.10162415375580644,,,0.0038989235312830157
54,5,7.451233333333334,Forward,0.4684771852444116,350.86425742099163,17020.0,17035.836348484583,ok,0.0006147722819741497,14449.271001249504,ok,-84.34430881425578,65.04787189661685,-0.12357153900546669,-69.57232156284226,61.25833511352539,-0.10192932953705765,,,0.0038989235312830157
55,5,7.58735,Forward,0.46738504428670324,350.5614672554184,17025.0,17036.739434146133,ok,0.0006225610300585197,14449.271001249504,ok,-83.44122315270579,65.04919499341639,-0.12224844220592732,-69.57232156284226,61.25833511352539,-0.10192932953705765,,,0.0038989235312830157
56,5,7.7224,Forward,0.46556722740792744,349.63324633198135,17025.0,17038.771928611714,ok,0.000605469804923675,14451.299313733858,ok,-81.4087286871254,65.05217276954217,-0.11927066608015495,-67.54400907848867,61.26130676269531,-0.09895768036713509,,,0.0038989235312830157
57,5,7.857983333333333,Forward,0.46117569685429777,347.8070457056747,17025.0,17043.125717446303,ok,0.0006112408482015437,14453.957730995122,ok,-77.05493985253634,65.05855143805411,-0.11289199756821315,-64.88559181722485,61.265201568603516,-0.09506287445893202,,,0.0038989235312830157
58,5,7.993816666666667,Forward,0.453699580260679,344.8196738235056,17035.0,17050.420012724808,ok,0.0006239062428392152,14460.360324575384,ok,-69.76064457403118,65.06923819696169,-0.10220523866062407,-58.482998236962885,61.27458190917969,-0.08568253388276065,,,0.0038989235312830157
59,5,8.129116666666667,Forward,0.4436229014998689,340.8783217327691,17050.0,17060.381193859703,ok,0.0006135115303140558,14467.288873382655,ok,-59.79946343913616,65.0838321689849,-0.08761126663742635,-51.554449429691886,61.284732818603516,-0.0755316244589317,,,0.0038989235312830157
60,5,8.264166666666666,Forward,0.43274870395036247,336.37624814052833,17055.0,17070.971010357873,ok,0.0006184387620060968,14477.250777830839,ok,-49.209646940966195,65.09934714493124,-0.0720962906910805,-41.59254498150767,61.2993278503418,-0.06093659272064963,,,0.0038989235312830157
61,5,8.399233333333333,Forward,0.4231810042401334,331.9950103385272,17070.0,17080.244658432643,ok,0.0006265744799933858,14485.499422183124,ok,-39.935998866196314,65.11293382292891,-0.0585096126934216,-33.343900629222844,61.3114128112793,-0.048851631783151175,,,0.0038989235312830157
62,5,8.534,Forward,0.4159601183547833,328.9268453933473,17075.0,17087.0400126259,ok,0.0006197196173479457,14491.029763282952,ok,-33.140644672937924,65.12288959098905,-0.04855384463327403,-27.813559529395206,61.319515228271484,-0.040749214790964265,,,0.0038989235312830157
63,5,8.669833333333333,Forward,0.41136583484204514,326.8780453829095,17080.0,17091.40564574075,ok,0.0006203468354287865,14495.065558341677,ok,-28.775011558089318,65.12928561237234,-0.042157823249980755,-23.777764470669354,61.3254280090332,-0.03483643402924534,,,0.0038989235312830157
64,5,8.805133333333334,Forward,0.4084610997578274,325.74432891902325,17085.0,17094.029950261305,ok,0.0006122619077436122,14496.354409021722,ok,-26.15070703753372,65.13313044023309,-0.03831299538923898,-22.488913790624792,61.32731628417969,-0.032948158882761126,,,0.0038989235312830157
65,5,8.94045,Forward,0.4067579204933225,324.96419366281043,17085.0,17095.631218873405,ok,0.0006271781029149094,14499.655949753635,ok,-24.549438425434346,65.13547643404749,-0.03596700157483684,-19.187373058712183,61.3321533203125,-0.028111122749948328,,,0.0038989235312830157
66,5,9.076033333333333,Forward,0.4055430846652259,324.5536144675425,17080.0,17096.726004198663,ok,0.0006285559174168759,14499.926738583381,ok,-23.454653100176074,65.13708038705184,-0.034363048570483105,-18.916584228965803,61.332550048828125,-0.027714394234323887,,,0.0038989235312830157
67,5,9.210816666666666,Forward,0.40461847733616774,324.07532553924466,17090.0,17097.558847068784,ok,0.0006226499859903514,14500.491749891604,ok,-22.621810230055416,65.13830057222684,-0.033142863395485916,-18.35157292074291,61.333377838134766,-0.02688660492768137,,,0.0038989235312830157
68,5,9.345583333333334,Forward,0.40399898319276545,323.8160228343004,17085.0,17098.273932761935,ok,0.0006147979678684507,14501.056761199825,ok,-21.90672453690422,65.13934823318779,-0.032095202434530255,-17.786561612521837,61.334205627441406,-0.02605881562104152,,,0.0038989235312830157
69,5,9.480616666666666,Forward,0.40336710431385037,323.56114260890536,17090.0,17098.865647267758,ok,0.0006162069232670494,14501.309323858339,ok,-21.31501003108133,65.14021514493518,-0.031228290687142325,-17.533998954007984,61.33457565307617,-0.025688789986275825,,,0.0038989235312830157
70,5,9.615916666666667,Forward,0.4027069990796198,323.29282908601454,17090.0,17099.36886267928,ok,0.0006322602634227084,14501.559282778106,ok,-20.811794619559805,65.14095239803177,-0.030491037590553147,-17.284040034241116,61.33494186401367,-0.025322579048774902,,,0.0038989235312830157
71,5,9.7507,Forward,0.4022306697689677,323.06287382545634,17090.0,17099.890379486773,ok,0.0006121552180254971,14501.616565030552,ok,-20.29027781206605,65.14171646421981,-0.029726971402505513,-17.22675778179473,61.335025787353516,-0.025238655708931218,,,0.0038989235312830157
72,5,9.886816666666666,Forward,0.4017447392148983,322.78434963148175,17090.0,17100.310103513657,ok,0.0006152541005111746,14502.267499717442,ok,-19.870553785181983,65.1423313953834,-0.02911204023893577,-16.57582309490499,61.33597946166992,-0.024284981392527175,,,0.0038989235312830157
73,5,10.02215,Forward,0.40138992427044884,322.50988692202736,17090.0,17100.71182815298,ok,0.000617281247884605,14502.48361003349,ok,-19.468829145858763,65.14291995592333,-0.02852347969898389,-16.359712778856192,61.33629608154297,-0.023968361519478978,,,0.0038989235312830157
74,5,10.157716666666667,Forward,0.4007701304816955,322.293983489486,17090.0,17101.133052079465,ok,0.000636157171401841,14503.259524180265,ok,-19.04760521937351,65.14353708456656,-0.02790635105576581,-15.583798632082107,61.337432861328125,-0.02283158173432314,,,0.0038989235312830157
75,5,10.292233333333334,Forward,0.400550723095346,322.1842690885642,17090.0,17101.486146274863,ok,0.0006274069497355625,14503.556350397488,ok,-18.694511023975792,65.14405439739717,-0.027389038225148148,-15.28697241485861,61.337867736816406,-0.022396706246040295,,,0.0038989235312830157
76,5,10.42815,Forward,0.4000800102754234,322.0030927347034,17090.0,17101.873667715805,ok,0.0006343660593546398,14503.827139227235,ok,-18.30698958303401,65.14462214905141,-0.026821286570910888,-15.01618358511223,61.33826446533203,-0.02199997773041585,,,0.0038989235312830157
77,5,10.563433333333334,Forward,0.39975598452526334,321.88635614365194,17090.0,17102.116150434795,ok,0.0006288735290391291,14504.09792805698,ok,-18.064506864044233,65.14497740672309,-0.02646602889924292,-14.74539475536585,61.338661193847656,-0.02160324921479141,,,0.0038989235312830157
78,5,10.698483333333334,Forward,0.39957623919772944,321.8229084267332,17090.0,17102.358670450543,ok,0.0006189504076121278,14504.881653419998,ok,-17.821986848295637,65.14533271903765,-0.02611071658467192,-13.961669392348995,61.33980941772461,-0.02045502533783858,,,0.0038989235312830157
79,5,10.8341,Forward,0.3989458373458784,321.75460078976175,17090.0,17102.747932508515,ok,0.0006269769392151759,14504.933728194948,ok,-17.432724790323846,65.14590302084291,-0.02554041477941391,-13.909594617398398,61.33988571166992,-0.020378731392527112,,,0.0038989235312830157
80,5,10.9694,Forward,0.3987538474969615,321.4697428779218,17090.0,17103.05568729917,ok,0.0006244545368028417,14505.082141303561,ok,-17.124969999669702,65.14635390761467,-0.025089528007655692,-13.76118150878574,61.34010314941406,-0.020161293648384357,,,0.0038989235312830157
81,5,11.105233333333333,Forward,0.3982989084061961,321.46511095925234,17095.0,17103.371890186932,ok,0.0006166404915402741,14505.15764972724,ok,-16.80876711190649,65.1468171715625,-0.02462626405981872,-13.685673085106828,61.340213775634766,-0.020050667427681926,,,0.0038989235312830157
82,5,11.241083333333334,Forward,0.39816412557647807,321.2568570452204,17090.0,17103.598246172638,ok,0.0006300630528262625,14505.506550719414,ok,-16.582411126200896,65.1471488022073,-0.02429463341502515,-13.336772092932733,61.34072494506836,-0.01953949799408761,,,0.0038989235312830157
83,5,11.37665,Forward,0.3978921382761911,321.27787908153914,17095.0,17103.89234240757,ok,0.0006180717789250285,14505.511758196908,ok,-16.288314891269692,65.14757967804086,-0.023863757581467786,-13.331564615438765,61.34073257446289,-0.019531868599558064,,,0.0038989235312830157
84,5,11.510883333333334,Forward,0.39750264681468384,321.0564944600119,17090.0,17104.131190871663,ok,0.0006325687494932363,14505.608096530568,ok,-16.049466427175503,65.14792961122203,-0.02351382440029478,-13.235226281778523,61.34087371826172,-0.019390724800729443,,,0.0038989235312830157
85,5,11.645683333333332,Forward,0.3972454436583648,320.7717978204455,17095.0,17104.415939568295,ok,0.0006217257073763266,14505.673189999257,ok,-15.764717730544362,65.14834679212217,-0.023096643500158415,-13.170132813089367,61.34096908569336,-0.019295357369088773,,,0.0038989235312830157
86,5,11.781,Forward,0.39695817418700363,320.70552491493436,17090.0,17104.691388700507,ok,0.0006246445334335571,14506.360577028614,ok,-15.489268598332274,65.14875034837468,-0.02269308724765386,-12.482745783732753,61.341976165771484,-0.018288277290964567,,,0.0038989235312830157
87,5,11.9163,Forward,0.3968261156928915,320.6863065894395,17090.0,17104.88244666135,ok,0.0006130495776826214,14506.386614416091,ok,-15.2982106374875,65.14903026443056,-0.022413171191754608,-12.456708396255635,61.34201431274414,-0.01825013031830617,,,0.0038989235312830157
88,5,12.0511,Forward,0.39649988434679684,320.5191568705304,17090.0,17105.13693022969,ok,0.0006126103544659356,14506.42046301981,ok,-15.04372706914728,65.14940310436053,-0.022040331261787827,-12.422859792537565,61.342063903808594,-0.018200539253853447,,,0.0038989235312830157
89,5,12.1856,Forward,0.3962916513407397,320.4025023752729,17090.0,17105.370158974933,ok,0.0006117764867103936,14506.795401399459,ok,-14.810498323906359,65.14974480417875,-0.021698631443567686,-12.047921412888172,61.342613220214844,-0.017651222847603395,,,0.0038989235312830157
90,5,12.320916666666667,Forward,0.3960168977828484,320.27434618871484,17095.0,17105.571731585904,ok,0.0006109736257263865,14506.860494868148,ok,-14.60892571293516,65.15004012508551,-0.02140331053680781,-11.982827944199016,61.342708587646484,-0.017555855415962725,,,0.0038989235312830157
91,5,12.4565,Forward,0.39585345500276425,320.19124468598966,17090.0,17105.787905136367,ok,0.0006262650146928688,14506.938607030574,ok,-14.39275216247188,65.15035683760232,-0.02108659801999946,-11.90471578177312,61.34282302856445,-0.01744141449799552,,,0.0038989235312830157
92,5,12.591266666666666,Forward,0.3954152968748934,320.07449780106253,17095.0,17106.07853978841,ok,0.0006211603461384016,14506.94381450807,ok,-14.102117510428798,65.15078264192447,-0.020660793697856367,-11.899508304277333,61.342830657958984,-0.017433785103463304,,,0.0038989235312830157
93,5,12.7274,Forward,0.3951489884271093,319.92116677777085,17090.0,17106.296536665453,ok,0.0006263276862519338,14507.290111761495,ok,-13.884120633385464,65.15110202576878,-0.020341409853547984,-11.553211050852042,61.34333801269531,-0.016926430367136428,,,0.0038989235312830157
94,5,12.862016666666667,Forward,0.3947236399102598,319.8481422606019,17105.0,17106.559765220627,ok,0.0006242845785495758,14507.61557910494,ok,-13.62089207821191,65.15148767784335,-0.019955757778970976,-11.227743707406262,61.343814849853516,-0.016449593208933074,,,0.0038989235312830157
95,5,12.99785,Forward,0.3944923918098692,319.66004038662504,17100.0,17106.801307148737,ok,0.0006233732124021984,14508.079044602007,ok,-13.379350150102255,65.1518415571769,-0.01960187844543362,-10.764278210339398,61.3444938659668,-0.015770577095651394,,,0.0038989235312830157
96,5,13.13315,Forward,0.3941154502242037,319.6959731835814,17100.0,17107.154356315335,ok,0.0006137279796890159,14508.177986674415,ok,-13.02630098350346,65.15235880403651,-0.019084631585811047,-10.665336137932172,61.34463882446289,-0.015625618599557998,,,0.0038989235312830157
97,5,13.269916666666667,Forward,0.39382928484656277,319.30743451476155,17105.0,17107.450318633386,ok,0.0006270570438812377,14508.28994744056,ok,-12.730338665453019,65.1527924138395,-0.01865102178281107,-10.553375371786387,61.34480285644531,-0.015461586617135406,,,0.0038989235312830157
98,5,13.404666666666667,Forward,0.39353947428636965,319.53290313780235,17100.0,17107.75688425144,ok,0.0006259268444368454,14508.615414784006,ok,-12.423773047397844,65.15324155837294,-0.01820187724938836,-10.227908028340607,61.345279693603516,-0.014984749458932052,,,0.0038989235312830157
99,5,13.539733333333333,Forward,0.39309233496218954,319.0964145335274,17105.0,17108.103523909365,ok,0.0006249983962997227,14508.727375550152,ok,-12.077133389473602,65.15374941476078,-0.017694020861539376,-10.115947262194823,61.34544372558594,-0.01482071747650946,,,0.0038989235312830157
100,5,13.674766666666667,Forward,0.3927846432618691,319.0339744248704,17100.0,17108.40804580383,ok,0.0006241268264018315,14509.097106452306,ok,-11.772611495009187,65.15419556506646,-0.017247870555859617,-9.746216360041217,61.345985412597656,-0.014279030464791622,,,0.0038989235312830157
101,5,13.809016666666666,Forward,0.3922661262990236,318.8993261839714,17100.0,17108.787542319013,ok,0.000627682049029185,14509.354876588315,ok,-11.39311497982635,65.1547515595264,-0.016691876095917723,-9.488446224031577,61.34636306762695,-0.013901375435493713,,,0.0038989235312830157
102,5,13.944083333333333,Forward,0.39201631101079765,318.62663260558475,17095.0,17109.140347374418,ok,0.000621837464292594,14509.727211229216,ok,-11.040309924421308,65.1552684487425,-0.01617498687981994,-9.116111583130987,61.34690856933594,-0.0133558737265111,,,0.0038989235312830157
103,5,14.078866666666666,Forward,0.3916257037694354,318.4521511371604,17100.0,17109.444396289327,ok,0.0006177551030162428,14509.742833661701,ok,-10.736261009511509,65.15571390609317,-0.015729529529151656,-9.100489150645444,61.34693145751953,-0.013332985542917127,,,0.0038989235312830157
104,5,14.214483333333334,Forward,0.39097789697160984,318.2720805180543,17100.0,17109.89855301188,ok,0.0006207894925143241,14510.69580204331,ok,-10.282104286958202,65.15637928406525,-0.01506415155706843,-8.147520769036419,61.34832763671875,-0.011936806343698026,,,0.0038989235312830157
105,5,14.35005,Forward,0.39071540996777604,318.02731910773946,17100.0,17110.281317426332,ok,0.0006213462592359255,14511.052514251727,ok,-9.899339872506971,65.15694006627373,-0.01450336934858028,-7.790808560619553,61.34885025024414,-0.011414192818306723,,,0.0038989235312830157
106,5,14.48565,Forward,0.39027051204810687,317.87614592648606,17100.0,17110.644056231642,ok,0.0006240786108108516,14511.091570332941,ok,-9.536601067196898,65.1574715092728,-0.013971926349528825,-7.751752479405695,61.348907470703125,-0.011356972359321788,,,0.0038989235312830157
107,5,14.620716666666667,Forward,0.3898497414027704,317.75633858079163,17100.0,17110.92554861733,ok,0.0006141162575370249,14511.11240024292,ok,-9.255108681507409,65.15788391940227,-0.013559516220060892,-7.730922569426184,61.34893798828125,-0.011326454781198265,,,0.0038989235312830157
108,5,14.757516666666668,Forward,0.3895114096805237,317.61214776968336,17105.0,17111.335882328025,ok,0.0006213640246509063,14511.117607720416,ok,-8.844774970813887,65.15848509295918,-0.01295834266313618,-7.725715091930397,61.34894561767578,-0.011318825386666053,,,0.0038989235312830157
109,5,14.892833333333334,Forward,0.38911464130344,317.37336579131807,17105.0,17111.72563402575,ok,0.0006195994344508479,14511.945596642141,ok,-8.455023273087136,65.15905611212806,-0.012387323494265502,-6.897726170205715,61.35015869140625,-0.010105751656198746,,,0.0038989235312830157
110,5,15.02895,Forward,0.38869545212481993,317.2757124492564,17105.0,17112.0641741939,ok,0.0006118024595526259,14511.945596642141,ok,-8.116483104939107,65.15955210207903,-0.011891333543297399,-6.897726170205715,61.35015869140625,-0.010105751656198746,,,0.0038989235312830157
111,5,15.163466666666666,Forward,0.38823386672159077,317.0629127587199,17105.0,17112.436241675634,ok,0.00061936878123858,14512.143480786957,ok,-7.744415623204986,65.16009721237725,-0.011346223245067025,-6.699842025389444,61.35044860839844,-0.009815834664009294,,,0.0038989235312830157
112,5,15.2991,Forward,0.38833988963310057,317.1555325471163,17100.0,17112.386660263284,ok,0.0006209453843028813,14512.343968670519,ok,-7.793997035554639,65.16002457141883,-0.011418864203493799,-6.499354141828007,61.35074234008789,-0.009522102974557734,,,0.0038989235312830157
113,5,15.434116666666666,Forward,0.3879229008235609,316.86730376122796,17105.0,17112.68161739115,ok,0.0006210496729954331,14512.656417320228,ok,-7.4990399076887115,65.16045670853327,-0.01098672708904673,-6.186905492118967,61.351200103759766,-0.009064339302680914,,,0.0038989235312830157
114,5,15.569466666666667,Forward,0.3875487993972704,316.79874714318066,17105.0,17113.05203818133,ok,0.0006225158564515139,14512.7371332214,ok,-7.1286191175095155,65.16099940628925,-0.010444029333079967,-6.106189590946087,61.351318359375,-0.008946083687448935,,,0.0038989235312830157
115,5,15.704783333333333,Forward,0.3872099890696007,316.57189144426957,17100.0,17113.34712049829,ok,0.0006150681711302182,14512.961054753692,ok,-6.833536800550064,65.16143172681629,-0.010011708806033153,-5.8822680586545175,61.351646423339844,-0.008618019722603749,,,0.0038989235312830157
116,5,15.839833333333333,Forward,0.38681933922426465,316.4976015644679,17100.0,17113.69858918171,ok,0.0006338903447691792,14513.075619258585,ok,-6.482068117129529,65.16194665813451,-0.00949677748780816,-5.7677035537617485,61.35181427001953,-0.00845017304291638,,,0.0038989235312830157
117,5,15.974883333333333,Forward,0.38636994199177077,316.3821534159579,17105.0,17113.978998809802,ok,0.0006301665427515063,14513.346408088331,ok,-6.201658489037072,65.16235748193262,-0.009085953689706458,-5.496914724015369,61.352210998535156,-0.008053444527291937,,,0.0038989235312830157
118,5,16.109666666666666,Forward,0.3862474872010586,316.25600590091926,17100.0,17114.328027122818,ok,0.0006288596203833174,14513.809873585398,ok,-5.852630176021194,65.162868837902,-0.008574597720321073,-5.033449226948505,61.35289001464844,-0.007374428414010255,,,0.0038989235312830157
119,5,16.244966666666667,Forward,0.38582775137049025,315.9167293403916,17100.0,17114.57774274574,ok,0.0006262239541286751,14514.169189532562,ok,-5.602914553099254,65.16323469238907,-0.008208743233255109,-4.674133279784655,61.353416442871094,-0.006848000191354178,,,0.0038989235312830157
120,5,16.381083333333333,Forward,0.3856782793959692,315.96202333198744,17105.0,17114.851577197907,ok,0.0006335337219858775,14514.296772731193,ok,-5.329080100931606,65.16363588299888,-0.007807552623446521,-4.5465500811533275,61.35360336303711,-0.00666108002533761,,,0.0038989235312830157
121,5,16.516933333333334,Forward,0.3851119550800456,315.7676910369446,17105.0,17115.159145735975,ok,0.0006309048516761908,14514.572769038436,ok,-5.021511562863452,65.16408649689485,-0.007356938727464017,-4.2705537739111605,61.354007720947266,-0.006256722115180953,,,0.0038989235312830157
122,5,16.652,Forward,0.3849488851212667,315.6462656545191,17105.0,17115.399761070563,ok,0.0006227550425366201,14515.010197148025,ok,-4.780896228276106,65.16443901869059,-0.007004416931728486,-3.8331256643214147,61.35464859008789,-0.005615852974557671,,,0.0038989235312830157
123,5,16.78705,Forward,0.3845520949014873,315.597870970505,17105.0,17115.71419617849,ok,0.0006222599637747285,14515.19766633785,ok,-4.466461120347958,65.1648996926916,-0.006543742930716767,-3.645656474496718,61.354923248291016,-0.005341194771432646,,,0.0038989235312830157
124,5,16.922616666666666,Forward,0.3842924624369658,315.4568115383736,17105.0,17115.957953324483,ok,0.0006237633771601802,14515.3590981402,ok,-4.222703974355682,65.16525681750652,-0.00618661811580863,-3.4842246721473202,61.355159759521484,-0.005104683540963355,,,0.0038989235312830157
125,5,17.05765,Forward,0.3842062636766554,315.2985561606074,17105.0,17116.107760665207,ok,0.0006203195308943888,14515.3590981402,ok,-4.072896633631899,65.1654762979185,-0.005967137703818754,-3.4842246721473202,61.355159759521484,-0.005104683540963355,,,0.0038989235312830157
126,5,17.192966666666667,Forward,0.38382601601093336,315.2087002268563,17105.0,17116.398537155303,ok,0.0006282599666042008,14515.458040212607,ok,-3.7821201435363037,65.16590231004538,-0.005541125576944256,-3.385282599740094,61.35530471801758,-0.004959725044869963,,,0.0038989235312830157
127,5,17.327766666666665,Forward,0.38347268484997504,315.2005815942175,17105.0,17116.674539849526,ok,0.0006215562303831193,14516.150634719459,ok,-3.506117449313024,65.166306677313,-0.005136758309320607,-2.6926880928876926,61.356319427490234,-0.003945015572213545,,,0.0038989235312830157
128,5,17.462783333333334,Forward,0.38329891608153666,314.87087256908126,17105.0,17116.89753972294,ok,0.0006163833734991192,14516.17146462944,ok,-3.283117575898359,65.16663339096972,-0.004810044652604781,-2.6718581829063623,61.35634994506836,-0.003914497994087358,,,0.0038989235312830157
129,5,17.5992,Forward,0.38278324930797497,314.9197395074443,17105.0,17117.145836312375,ok,0.0006194619614483554,14516.306859044313,ok,-3.034820986464183,65.16699716645283,-0.004446269169498282,-2.536463768034082,61.35654830932617,-0.003716133736276468,,,0.0038989235312830157
130,5,17.734916666666667,Forward,0.3826464743406043,314.7961782321254,17105.0,17117.36222113898,ok,0.0006307861760069218,14516.632326387758,ok,-2.8184361598578107,65.16731418850704,-0.0041292471152887264,-2.210996424588302,61.357025146484375,-0.003239296578073114,,,0.0038989235312830157
131,5,17.871066666666668,Forward,0.3824929599328952,314.6781484741223,17110.0,17117.540344132063,ok,0.0006401484649846237,14516.713042288933,ok,-2.6403131667757407,65.16757515374223,-0.003868281880089701,-2.130280523413603,61.35714340209961,-0.003121040962838469,,,0.0038989235312830157
132,5,18.006633333333333,Forward,0.3823361505515851,314.67534942912243,17105.0,17117.7497522105,ok,0.0006160473337878572,14516.79115445136,ok,-2.430905088338477,65.16788195427088,-0.0035614813514416263,-2.0521683609858883,61.35725784301758,-0.0030066000448685983,,,0.0038989235312830157
133,5,18.14335,Forward,0.3819548024991658,314.4159662455786,17105.0,17118.018103432165,ok,0.000629640816765714,14516.97341616369,ok,-2.1625538666739885,65.1682751114847,-0.0031683241376205414,-1.869906648656979,61.35752487182617,-0.002739571236275786,,,0.0038989235312830157
134,5,18.27865,Forward,0.38159064784397057,314.302219965688,17110.0,17118.265748859594,ok,0.0006208889385390173,14517.13484796604,ok,-1.9149084392447548,65.16863793296045,-0.0028055026618706005,-1.7084748463075812,61.35776138305664,-0.002503060005806496,,,0.0038989235312830157
135,5,18.41395,Forward,0.38159155297138536,314.21416604510887,17105.0,17118.436610530556,ok,0.000620904220067939,14517.392618102047,ok,-1.7440467682827148,65.1688882597452,-0.002555175877115962,-1.4507047102997603,61.35813903808594,-0.0021254049765112516,,,0.0038989235312830157
136,5,18.549266666666668,Forward,0.3813152698499721,314.0942269639563,17100.0,17118.708118911865,ok,0.000624126647375924,14517.444692877,ok,-1.4725383869736106,65.16928604246468,-0.002157393157654298,-1.3986299353473441,61.35821533203125,-0.0020491110311971162,,,0.0038989235312830157
137,5,18.684833333333334,Forward,0.3809624293751426,313.8884015677577,17110.0,17118.927358032364,ok,0.0006240390343286571,14517.738915355474,ok,-1.2532992664746416,65.1696072463006,-0.0018361893217212263,-1.10440745687265,61.358646392822266,-0.0016180502401817107,,,0.0038989235312830157
138,5,18.819816666666668,Forward,0.38060834298007806,313.88785514636766,17110.0,17119.22182193313,ok,0.0006169593291239125,14517.96804436526,ok,-0.958835365709092,65.17003866079567,-0.0014047748266509692,-0.875278447087112,61.35898208618164,-0.0012823568808069759,,,0.0038989235312830157
139,5,18.954816666666666,Forward,0.38041236047243043,313.78258115669814,17115.0,17119.37324852061,ok,0.0006198846432170204,14517.970648104007,ok,-0.8074087782297283,65.17026051354097,-0.0011829220813474447,-0.8726747083401278,61.358985900878906,-0.001278542183542202,,,0.0038989235312830157
140,5,19.089866666666666,Forward,0.3801229223243574,313.71153746602795,17115.0,17119.672311317812,ok,0.0006252044741320322,14518.303926663695,ok,-0.5083459810266504,65.1706986658079,-0.0007447698144168049,-0.5393961486515764,61.359474182128906,-0.0007902609335418609,,,0.0038989235312830157
141,5,19.226266666666668,Forward,0.37981950293649847,313.50102020255144,17105.0,17119.88384853789,ok,0.0006274008162940592,14518.736147295791,ok,-0.2968087609478971,65.17100858570896,-0.0004348499133641389,-0.10717551655579882,61.360107421875,-0.0001570211874481266,,,0.0038989235312830157
142,5,19.362116666666665,Forward,0.3788857962053193,313.2640887399866,17115.0,17120.623733277076,ok,0.0006160712454309687,14519.137123062916,ok,0.44307597823717515,65.17209257936773,0.0006491437454030846,0.2938002505688928,61.360694885253906,0.00043044219145765925,,,0.0038989235312830157
143,5,19.49876666666667,Forward,0.378877320279669,313.0433418001412,17115.0,17120.77811292886,ok,0.0006221330107289913,14519.137123062916,ok,0.5974556300207041,65.17231875860175,0.000875322979428586,0.2938002505688928,61.360694885253906,0.00043044219145765925,,,0.0038989235312830157
144,5,19.634833333333333,Forward,0.378572005594656,312.91363110747625,17115.0,17121.108334129112,ok,0.0006262725336825793,14519.204820270354,ok,0.9276768302734126,65.17280256056185,0.0013591249395267237,0.36149745800685196,61.36079406738281,0.0005296243203657691,,,0.0038989235312830157
145,5,19.771466666666665,Forward,0.3783256011866113,312.79538832902836,17110.0,17121.305371591443,ok,0.0006204788949444837,14519.441760496382,ok,1.1247142926040397,65.17309123709265,0.001647801470335071,0.5984376840351615,61.361141204833984,0.0008767617715374909,,,0.0038989235312830157
146,5,19.908383333333333,Forward,0.3778395526751641,312.68500633784424,17110.0,17121.545287532226,ok,0.0006263755946817451,14520.144769958224,ok,1.3646302333872882,65.17344273421737,0.0019992985950529813,1.3014471458773187,61.3621711730957,0.0019067300332556694,,,0.0038989235312830157
147,5,20.0453,Forward,0.37779735809117865,312.50944745157176,17115.0,17121.8034553487,ok,0.000627166780411935,14520.246315769378,ok,1.6227980498624675,65.17382097188215,0.0023775362598345406,1.402992957031529,61.36231994628906,0.002055503226613837,,,0.0038989235312830157
148,5,20.18113333333333,Forward,0.3775469313682184,312.37826405398664,17110.0,17122.041573520153,ok,0.0006280616956411397,14520.48065225666,ok,1.8609162213142554,65.17416983512291,0.0027263995005810423,1.6373294443128543,61.36266326904297,0.0023988259805207846,,,0.0038989235312830157
149,5,20.316716666666668,Forward,0.3772980748983513,312.31389210620546,17110.0,17122.25639442365,ok,0.0006282563665682357,14520.728007437678,ok,2.075737124810985,65.17448456589761,0.0030411302752927677,1.8846846253309195,61.3630256652832,0.0027612222207542675,,,0.0038989235312830157
150,5,20.451233333333334,Forward,0.3771063482480745,312.22092787262227,17115.0,17122.37734016438,ok,0.0006271776881269445,14521.076908429852,ok,2.1966828655422432,65.17466176162698,0.0032183260046600073,2.233585617505014,61.3635368347168,0.0032723916543485826,,,0.0038989235312830157
151,5,20.5868,Forward,0.3766282487437733,312.1853871321,17115.0,17122.692366191302,ok,0.0006282489559532308,14521.20709536723,ok,2.5117088924635027,65.17512330137424,0.0036798657519257765,2.363772554883326,61.36372756958008,0.003463126517629924,,,0.0038989235312830157
152,5,20.722383333333333,Forward,0.37630855035609856,311.93223821294305,17115.0,17123.005409079666,ok,0.0006305745537577365,14521.26177388093,ok,2.824751780826773,65.17558193565597,0.004138500033640675,2.4184510685827263,61.363807678222656,0.003543235160208834,,,0.0038989235312830157
153,5,20.8585,Forward,0.3760963192939627,311.8299269885174,17115.0,17123.253636764937,ok,0.000633149651423834,14521.295622484648,ok,3.0729794660983316,65.17594561018865,0.004502174566326947,2.4522996723007964,61.36385726928711,0.003592826224661556,,,0.0038989235312830157
154,5,20.993033333333333,Forward,0.37583583274788107,311.6013265741567,17115.0,17123.503609420113,ok,0.0006316297561606943,14522.186101136314,ok,3.322952121274284,65.17631184124969,0.004868405627362738,3.34277832396765,61.36516189575195,0.00489745268950476,,,0.0038989235312830157
155,5,21.128083333333333,Forward,0.37562970959816244,311.5080537296453,17115.0,17123.715577290648,ok,0.0006325719767225757,14522.186101136314,ok,3.534919991809147,65.17662239209004,0.005178956467721008,3.34277832396765,61.36516189575195,0.00489745268950476,,,0.0038989235312830157
156,5,21.263666666666666,Forward,0.3755027461954046,311.3555274815117,17110.0,17123.889897095272,ok,0.0006250475368185283,14522.186101136314,ok,3.709239796433394,65.1768777853328,0.005434349710482512,3.34277832396765,61.36516189575195,0.00489745268950476,,,0.0038989235312830157
157,5,21.39975,Forward,0.37540075316873645,311.393283314781,17115.0,17124.12138823278,ok,0.0006274664892006843,14522.305873118703,ok,3.9407309339403582,65.17721693940888,0.005773503786554883,3.4625503063562064,61.36533737182617,0.005072928763724341,,,0.0038989235312830157
158,5,21.534783333333333,Forward,0.37497677805766916,311.2185152492675,17115.0,17124.361482652326,ok,0.0006228105730298754,14522.285043208722,ok,4.180825353487307,65.17756869802007,0.006125262397742009,3.441720396374876,61.36530685424805,0.005042411185598153,,,0.0038989235312830157
159,5,21.66955,Forward,0.37473106363330433,311.0819112335521,17115.0,17124.622617354256,ok,0.0006307568821973637,14522.285043208722,ok,4.441960055417439,65.17795128242273,0.006507846800399254,3.441720396374876,61.36530685424805,0.005042411185598153,,,0.0038989235312830157
160,5,21.8054,Forward,0.3746294632344539,310.992392301363,17115.0,17124.791764720932,ok,0.0006209953656556222,14522.449078749818,ok,4.6111074220934825,65.17819909760685,0.006755661984526388,3.605755937471258,61.36554718017578,0.005282737113332217,,,0.0038989235312830157
161,5,21.9402,Forward,0.3742785021034267,310.84743420664745,17110.0,17125.029966764403,ok,0.0006319335286958371,14522.623529245906,ok,4.849309465564147,65.1785480837272,0.007104648104867231,3.780206433559215,61.36580276489258,0.005538321830130708,,,0.0038989235312830157
162,5,22.0747,Forward,0.3741095016919568,310.71679020680676,17115.0,17125.214943292758,ok,0.0006268895794730355,14523.19635177037,ok,5.034285993919184,65.17881908997064,0.007375654348324132,4.35302895802306,61.366641998291016,0.006377555228567544,,,0.0038989235312830157
163,5,22.209483333333335,Forward,0.37385339728072264,310.5964151038679,17115.0,17125.43670792722,ok,0.0006177082692667259,14523.386424698941,ok,5.256050628380763,65.17914399389792,0.00770055827560334,4.543101886594741,61.366920471191406,0.0066560281289573435,,,0.0038989235312830157
164,5,22.344533333333334,Forward,0.3735100147614202,310.73654337691914,17115.0,17125.67517638085,ok,0.0006220991071532063,14523.394235915184,ok,5.494519082010811,65.17949337033166,0.008049934709337755,4.550913102837512,61.3669319152832,0.00666747222075433,,,0.0038989235312830157
165,5,22.4801,Forward,0.3734532988667631,310.45049332355484,17115.0,17125.864194950827,ok,0.0006172284295931743,14523.45151816763,ok,5.683537651988445,65.17977029850762,0.008326862885300244,4.608195355283897,61.36701583862305,0.0067513955605980145,,,0.0038989235312830157
166,5,22.6156,Forward,0.3731372847729263,310.4760433641277,17115.0,17126.074117819368,ok,0.0006313186034124098,14523.487970510098,ok,5.893460520528606,65.18007785324727,0.008634417624945765,4.64464769775077,61.367069244384766,0.006804801322318176,,,0.0038989235312830157
167,5,22.751166666666666,Forward,0.37290182914773107,310.2838353249099,17120.0,17126.297639885353,ok,0.0006308693459274387,14523.487970510098,ok,6.116982586514496,65.18040533196023,0.008961896337900604,4.64464769775077,61.367069244384766,0.006804801322318176,,,0.0038989235312830157
168,5,22.886466666666667,Forward,0.3726950837539693,310.306168567673,17115.0,17126.523094370164,ok,0.0006267540091915844,14523.831664024776,ok,6.3424370713255485,65.18073564183004,0.009292206207712206,4.988341212429077,61.36757278442383,0.0073083413613802784,,,0.0038989235312830157
169,5,23.022666666666666,Forward,0.37243399331872334,310.13832205492145,17120.0,17126.72136427872,ok,0.0006318916449063839,14524.058189295814,ok,6.5407069798820885,65.18102612399869,0.009582688376375893,5.214866483467631,61.36790466308594,0.007640220023490239,,,0.0038989235312830157
170,5,23.15825,Forward,0.3721253918486846,309.96433237860765,17115.0,17126.92532541764,ok,0.0006351409166269909,14524.240451008143,ok,6.744668118801201,65.18132494430071,0.009881508678395875,5.39712819579654,61.36817169189453,0.00790724883208305,,,0.0038989235312830157
171,5,23.293533333333333,Forward,0.37210588277009266,309.83951643307955,17120.0,17127.086436162095,ok,0.0006325074359475012,14524.373241684269,ok,6.905778863256273,65.18156098515425,0.010117549531922496,5.529918871921836,61.36836624145508,0.008101798392629167,,,0.0038989235312830157
172,5,23.427516666666666,Forward,0.37193091735413764,309.9033240029603,17120.0,17127.29517071195,ok,0.0006323964125729639,14524.670067901492,ok,7.114513413111126,65.18186679890661,0.010423363284288178,5.826745089145334,61.36880111694336,0.008536673880912012,,,0.0038989235312830157
173,5,23.5634,Forward,0.3715923055641035,309.76234092207596,17115.0,17127.492414276174,ok,0.0006275790440641836,14524.701312766463,ok,7.3117569773348805,65.18215577739412,0.010712341771784342,5.8579899541164195,61.36884689331055,0.008582450248099959,,,0.0038989235312830157
174,5,23.698166666666665,Forward,0.37136285804910607,309.71493451167044,17115.0,17127.69942095161,ok,0.0006212187540361851,14524.722142676443,ok,7.518763652769849,65.18245905966445,0.011015624042129779,5.878819864095931,61.36887741088867,0.008612967826223481,,,0.0038989235312830157
175,5,23.83295,Forward,0.37110922696271126,309.5275399345628,17115.0,17127.930259950448,ok,0.0006224117743853531,14524.948667947481,ok,7.749602651609166,65.18279725830227,0.011353822679952207,6.105345135134485,61.36920928955078,0.008944846488333442,,,0.0038989235312830157
176,5,23.96825,Forward,0.3709403153103318,309.5624542923106,17115.0,17128.0764728366,ok,0.0006292868503075272,14525.33662502087,ok,7.895815537762246,65.18301147253462,0.011568036912285964,6.493302208522437,61.36977767944336,0.009513236380912693,,,0.0038989235312830157
177,5,24.1033,Forward,0.3707456041459854,309.37401128249985,17115.0,17128.285336763598,ok,0.000626246526967921,14525.518886733198,ok,8.104679464759101,65.18331747583542,0.011874040213096279,6.675563920851346,61.37004470825195,0.009780265189505505,,,0.0038989235312830157
178,5,24.23755,Forward,0.37056870224643684,309.2595506856087,17120.0,17128.45056052741,ok,0.0006273567255746703,14525.589187679383,ok,8.26990322857091,65.18355954260983,0.0121161069875062,6.745864867036289,61.370147705078125,0.00988326201567839,,,0.0038989235312830157
179,5,24.373116666666668,Forward,0.3702741719541174,309.0658021450399,17120.0,17128.63806776123,ok,0.0006233829100456186,14525.659488625566,ok,8.457410462389817,65.18383425655063,0.012390820928297233,6.816165813219413,61.3702507019043,0.009986258841848608,,,0.0038989235312830157
180,5,24.508166666666668,Forward,0.37000061258376005,308.89831979536393,17115.0,17128.833502614274,ok,0.0006250200109619749,14525.974541014022,ok,8.652845315435115,65.18412058512341,0.012677149501091618,7.131218201675438,61.37071228027344,0.0104478372109902,,,0.0038989235312830157
181,5,24.643483333333332,Forward,0.36992554161995467,308.8833114882218,17120.0,17129.090572646026,ok,0.0006339571930745732,14526.247933582516,ok,8.909915347187052,65.18449721444082,0.013053778818497345,7.4046107701688015,61.37111282348633,0.010848380423879419,,,0.0038989235312830157
182,5,24.779183333333332,Forward,0.3697989556272213,308.62693406317703,17120.0,17129.205351386467,ok,0.0006275275271089787,14526.354686871166,ok,9.024694087627722,65.18466537499368,0.013221939371364018,7.511364058818799,61.37126922607422,0.0110047830117698,,,0.0038989235312830157
183,5,24.914466666666666,Forward,0.36946594834463575,308.8241109917726,17120.0,17129.44530430568,ok,0.000632694770827478,14526.484873808544,ok,9.264647006839368,65.18501692629494,0.013573490672603989,7.641550996197111,61.3714599609375,0.011195517875051141,,,0.0038989235312830157
184,5,25.049783333333334,Forward,0.3693573192010353,308.6406952695361,17120.0,17129.61742383097,ok,0.0006182639118344779,14526.503099979778,ok,9.436766532129695,65.18526909594254,0.013825660320230778,7.659777167431457,61.37148666381836,0.011222220755912555,,,0.0038989235312830157
185,5,25.184316666666668,Forward,0.3691295466369592,308.51035709962525,17115.0,17129.779849529852,ok,0.0006275864018466015,14526.568193448467,ok,9.599192231013149,65.18550706331543,0.014063627693100806,7.724870636120613,61.37158203125,0.011317588187553225,,,0.0038989235312830157
186,5,25.318833333333334,Forward,0.36879669071880056,308.35506581748996,17120.0,17129.980680408575,ok,0.00061965286194078,14527.029055206785,ok,9.800023109735776,65.18580129752176,0.014357861899444564,8.185732394438674,61.372257232666016,0.011992789603567469,,,0.0038989235312830157
187,5,25.453616666666665,Forward,0.3686461876755046,308.3384209146607,17120.0,17130.09149315523,ok,0.0006326805676527918,14527.096752414222,ok,9.910835856389895,65.18596364755864,0.014520211936311044,8.253429601874814,61.37235641479492,0.012091971732472914,,,0.0038989235312830157
188,5,25.588183333333333,Forward,0.36864686680116243,308.2921073476209,17115.0,17130.316917898,ok,0.0006231277830575492,14527.096752414222,ok,10.136260599159868,65.18629391385385,0.014850478231519441,8.253429601874814,61.37235641479492,0.012091971732472914,,,0.0038989235312830157
189,5,25.72375,Forward,0.36826532924728117,308.35502373710915,17115.0,17130.462216856937,ok,0.0006277215845994198,14527.221731874106,ok,10.281559558097797,65.18650678910558,0.015063353483261587,8.378409061759157,61.37253952026367,0.012275077201224708,,,0.0038989235312830157
190,5,25.8596,Forward,0.3681081787370344,308.0278835669087,17120.0,17130.67343709273,ok,0.0006290813355591961,14527.299844036532,ok,10.492779793890804,65.18681624459788,0.015372808975552347,8.456521224185053,61.37265396118164,0.012389518119191914,,,0.0038989235312830157
191,5,25.994366666666668,Forward,0.3679997781866969,308.0306786918336,17120.0,17130.777767920838,ok,0.000630701435863605,14527.466483316377,ok,10.597110621998581,65.18696909807639,0.015525662454064863,8.623160504030238,61.37289810180664,0.012633658744193416,,,0.0038989235312830157
192,5,26.129133333333332,Forward,0.36773966821278425,308.0069159316772,17120.0,17130.98974562338,ok,0.0006303370664243273,14527.706027281152,ok,10.809088324542245,65.18727966332148,0.01583622769914677,8.862704468805532,61.37324905395508,0.012984610892629912,,,0.0038989235312830157
193,5,26.26418333333333,Forward,0.36757042684481267,307.86021610002354,17120.0,17131.092547623422,ok,0.0006167072724813312,14527.531576785066,ok,10.91189032458351,65.18743027693769,0.015986841315364965,8.688253972719394,61.37299346923828,0.012729026175834086,,,0.0038989235312830157
194,5,26.400616666666668,Forward,0.36742352900082875,307.76030319914935,17125.0,17131.259735669595,ok,0.0006270378589800173,14527.706027281152,ok,11.079078370756179,65.18767522155173,0.016231785929403723,8.862704468805532,61.37324905395508,0.012984610892629912,,,0.0038989235312830157
195,5,26.53595,Forward,0.36725849824116413,307.74565908468867,17120.0,17131.43932280082,ok,0.0006296005236944039,14527.838817957278,ok,11.258665501980431,65.18793833187301,0.016494896250692014,8.995495144930828,61.373443603515625,0.013179160453176027,,,0.0038989235312830157
196,5,26.67043333333333,Forward,0.36709373133775913,307.7983604121546,17120.0,17131.45946658884,ok,0.0006237475035034628,14528.010664714619,ok,11.278809290000936,65.18796784422449,0.016524408602172365,9.1673419022718,61.373695373535156,0.013430930472709744,,,0.0038989235312830157
197,5,26.804933333333334,Forward,0.3669784622045804,307.5694035735032,17125.0,17131.71555344595,ok,0.0006238503353536655,14528.179907733209,ok,11.534896147109976,65.18834303310797,0.016899597485653835,9.336584920862151,61.37394332885742,0.013678885794973356,,,0.0038989235312830157
198,5,26.939983333333334,Forward,0.3667566305615173,307.6086038257163,17120.0,17131.82296659337,ok,0.000629959811075749,14528.435074130472,ok,11.642309294529696,65.18850040244472,0.017056966822396002,9.591751318124807,61.37431716918945,0.01405272612700649,,,0.0038989235312830157
199,5,27.075566666666667,Forward,0.3664972703951358,307.4413889919997,17125.0,17131.99905290084,ok,0.0006262849757732188,14528.716277915208,ok,11.818395602000237,65.18875838376341,0.017314948141086316,9.872955102860942,61.37472915649414,0.014464713431692696,,,0.0038989235312830157
200,5,27.210883333333335,Forward,0.36639447879970016,307.3906104075322,17120.0,17132.107002761364,ok,0.0006356315359393365,14528.716277915208,ok,11.926345462525205,65.1889165394302,0.017473103807876735,9.872955102860942,61.37472915649414,0.014464713431692696,,,0.0038989235312830157
201,5,27.346466666666668,Forward,0.366313391157164,307.23154181358404,17120.0,17132.24012312595,ok,0.0006257834318916586,14528.877709717557,ok,12.059465827111126,65.1891115720122,0.01766813638987438,10.03438690521034,61.37496566772461,0.014701224662161986,,,0.0038989235312830157
202,5,27.4815,Forward,0.3659930264941953,307.14028253984,17125.0,17132.44683820077,ok,0.0006263362705402674,14528.914162060022,ok,12.266180901930056,65.189414427063,0.017970991440678805,10.070839247675394,61.37501907348633,0.014754630423879483,,,0.0038989235312830157
203,5,27.617866666666668,Forward,0.36597025032018005,307.1364062304092,17120.0,17132.610598915257,ok,0.0006357063142697374,14529.179743412275,ok,12.429941616417636,65.18965435034653,0.01821091472420976,10.336420599927806,61.37540817260742,0.015143729544974378,,,0.0038989235312830157
204,5,27.753183333333332,Forward,0.365719267358647,307.1481160830699,17120.0,17132.682823069073,ok,0.0006267793321464162,14529.406268683313,ok,12.50216577023457,65.18976016483438,0.018316729212063117,10.56294587096636,61.37574005126953,0.01547560820708434,,,0.0038989235312830157
205,5,27.888233333333332,Forward,0.36558825623252045,306.8177576965718,17120.0,17132.817956878607,ok,0.0006202560520785873,14529.41928737705,ok,12.637299579768296,65.18995814728336,0.018514711661033426,10.5759645647031,61.37575912475586,0.015494681693410875,,,0.0038989235312830157
206,5,28.02355,Forward,0.3655610553683962,306.99152187038635,17120.0,17132.919886772455,ok,0.0006236997032252963,14529.533851881943,ok,12.739229473616433,65.19010748319032,0.018664047567990897,10.690529069595868,61.37592697143555,0.015662528373098242,,,0.0038989235312830157
207,5,28.159666666666666,Forward,0.36537744517456777,306.9476682567947,17120.0,17133.04690404813,ok,0.000629767706186662,14529.41928737705,ok,12.86624674929044,65.19029357423138,0.018850138609057866,10.5759645647031,61.37575912475586,0.015494681693410875,,,0.0038989235312830157
208,5,28.29446666666667,Forward,0.36529170389792953,306.6627159468226,17125.0,17133.07939222196,ok,0.0006242647119944849,14529.47396589075,ok,12.898734923121083,65.19034117215111,0.01889773652877727,10.6306430784025,61.37583923339844,0.015574790335989784,,,0.0038989235312830157
209,5,28.429783333333333,Forward,0.36512795181280133,306.79498819194487,17120.0,17133.240615125815,ok,0.0006271386669412849,14529.47396589075,ok,13.059957826975733,65.19057737732763,0.019133941705301076,10.6306430784025,61.37583923339844,0.015574790335989784,,,0.0038989235312830157
210,5,28.565616666666667,Forward,0.365149868999905,306.6901900336925,17125.0,17133.301080276524,ok,0.0006215348985487358,14529.578115440652,ok,13.120422977684939,65.19066596388237,0.01922252826003577,10.734792628305513,61.37599182128906,0.01572737822661539,,,0.0038989235312830157
211,5,28.700666666666667,Forward,0.36495590955262047,306.71244803981244,17120.0,17133.41156618879,ok,0.0006216534108260292,14529.578115440652,ok,13.230908889952843,65.19082783507923,0.019384399456910884,10.734792628305513,61.37599182128906,0.01572737822661539,,,0.0038989235312830157
212,5,28.835716666666666,Forward,0.36490648878228116,306.7471226594862,17120.0,17133.47038618254,ok,0.0006263900036955492,14529.630190215603,ok,13.289728883701173,65.19091401134001,0.019470575717691913,10.78686740325611,61.376068115234375,0.015803672171926863,,,0.0038989235312830157
213,5,28.970233333333333,Forward,0.36495471167754834,306.6384718864101,17120.0,17133.52721807202,ok,0.0006382121232674641,14530.078033280184,ok,13.346560773181409,65.19099727486005,0.019553839237737198,11.23471046783743,61.37672424316406,0.01645980010161457,,,0.0038989235312830157
214,5,29.10555,Forward,0.3647582455227314,306.5600724140386,17120.0,17133.520146314902,ok,0.0006291481011353062,14530.143126748873,ok,13.339489016063453,65.19098691413836,0.019543478516037965,11.299803936526587,61.3768196105957,0.01655516753325524,,,0.0038989235312830157
215,5,29.24085,Forward,0.36494062372323566,306.4773885874165,17125.0,17133.629188344403,ok,0.0006262659550315656,14530.169164136349,ok,13.448531045563868,65.19114666992499,0.0197032343026592,11.325841324001885,61.37685775756836,0.016593314505910974,,,0.0038989235312830157
216,5,29.37615,Forward,0.3649223345621331,306.89005497661856,17130.0,17133.468688484878,ok,0.0006168710403470048,14530.169164136349,ok,13.288031186039007,65.19091152406949,0.019468088447171482,11.325841324001885,61.37685775756836,0.016593314505910974,,,0.0038989235312830157
217,5,29.511466666666667,Forward,0.36481631380371693,306.5246623036983,17120.0,17133.541785094232,ok,0.0006221840771802741,14530.143126748873,ok,13.361127795393259,65.19101861677842,0.019575181156104317,11.299803936526587,61.3768196105957,0.01655516753325524,,,0.0038989235312830157
218,5,29.64625,Forward,0.36496497555743435,306.49411038946346,17120.0,17133.438298212186,ok,0.0006271904178478186,14530.143126748873,ok,13.257640913347132,65.1908669997522,0.019423564129880545,11.299803936526587,61.3768196105957,0.01655516753325524,,,0.0038989235312830157
219,5,29.781833333333335,Forward,0.36503469655621595,306.7962378532684,17120.0,17133.3609867699,ok,0.0006367171435321953,14530.169164136349,ok,13.180329471062578,65.1907537319569,0.019310296334576496,11.325841324001885,61.37685775756836,0.016593314505910974,,,0.0038989235312830157
220,5,29.9169,Forward,0.36508244960944336,306.913892278546,17125.0,17133.165457923922,ok,0.0006316561194707125,14530.314973506212,ok,12.984800625083153,65.19046726567652,0.01902383005419177,11.47165069386574,61.377071380615234,0.01680693755278629,,,0.0038989235312830157
221,5,30.051933333333334,Forward,0.36562529338286354,306.9909535885017,17120.0,17132.832904318435,ok,0.0006328397782830373,14530.314973506212,ok,12.652247019595961,65.18998004654567,0.01853661092335074,11.47165069386574,61.377071380615234,0.01680693755278629,,,0.0038989235312830157
222,5,30.18723333333333,Forward,0.3659208992720767,307.0903932453766,17125.0,17132.528500996843,ok,0.0006203622548551559,14528.69284426648,ok,12.347843698003999,65.18953406995927,0.01809063433694783,9.849521454132628,61.37469482421875,0.014430381156301735,,,0.0038989235312830157
223,5,30.321483333333333,Forward,0.36647730825596864,307.36627042866894,17120.0,17132.1205064166,ok,0.0006214076159832732,14528.58609097783,ok,11.939849117759877,65.18893632342609,0.017492887803774105,9.74276816548263,61.37453842163086,0.014273978568411354,,,0.0038989235312830157
224,5,30.45705,Forward,0.3670198753763496,307.67480107319716,17120.0,17131.590175592635,ok,0.0006300061761943802,14528.273642328122,ok,11.409518293796282,65.18815934395919,0.01671590833686617,9.430319515775409,61.374080657958984,0.0138162148965372,,,0.0038989235312830157
225,5,30.591316666666668,Forward,0.36784546327146145,307.764469688831,17120.0,17130.880240836872,ok,0.0006253812321157252,14527.958589939666,ok,10.699583538033039,65.18711922955673,0.01567579393440744,9.115267127319385,61.373619079589844,0.013354636527395608,,,0.0038989235312830157
226,5,30.726933333333335,Forward,0.36871287108792117,308.31461738146754,17120.0,17130.06626268251,ok,0.0006270260036965194,14527.94296750718,ok,9.885605383671646,65.18592668278427,0.014483247161953886,9.099644694833842,61.37359619140625,0.013331748343801634,,,0.0038989235312830157
227,5,30.8625,Forward,0.3698297639606617,308.9261783870934,17120.0,17129.017552267447,ok,0.0006250347786246096,14527.927345074695,ok,8.836894968608249,65.18439023341642,0.012946797794091589,9.084022262348299,61.373573303222656,0.01330886016020766,,,0.0038989235312830157
228,5,30.998066666666666,Forward,0.37103086656391904,309.44932905341193,17120.0,17127.92200283209,ok,0.0006245288202074347,14525.284550245917,ok,7.7413455332498415,65.1827851609262,0.011341725303878392,6.44122743357002,61.36970138549805,0.009436942435598557,,,0.0038989235312830157
229,5,31.132316666666668,Forward,0.37263444291586134,310.0389965832328,17115.0,17126.523894600636,ok,0.0006299062877681175,14524.948667947481,ok,6.343237301796762,65.18073681423529,0.009293378612967251,6.105345135134485,61.36920928955078,0.008944846488333442,,,0.0038989235312830157
230,5,31.2669,Forward,0.374374390880859,310.8060571092028,17115.0,17124.980860996628,ok,0.000622421343027512,14524.22222483691,ok,4.800203697788675,65.17847613962826,0.0070327040059307705,5.378902024564013,61.36814498901367,0.007880545951224303,,,0.0038989235312830157
231,5,31.40245,Forward,0.37658221198378705,311.84683736721854,17115.0,17123.127245541815,ok,0.0006200496171195086,14521.121171988561,ok,2.9465882429758494,65.17576043636747,0.004317000745145682,2.2778491762146587,61.36360168457031,0.003337241507865731,,,0.0038989235312830157
232,5,31.537483333333334,Forward,0.37867698880553124,312.6681105950447,17115.0,17121.084686525177,ok,0.0006304713401391157,14519.980734417128,ok,0.9040292263380252,65.17276791482401,0.0013244792016794578,1.1374116047809366,61.36193084716797,0.0016664041055216054,,,0.0038989235312830157
233,5,31.67255,Forward,0.3812790883594753,314.0268010892214,17105.0,17118.818083804912,ok,0.0006288711963947972,14518.970483783072,ok,-1.3625734939269023,65.16944715032436,-0.001996285297961261,0.12716097072552657,61.360450744628906,0.00018630156645882122,,,0.0038989235312830157
234,5,31.80785,Forward,0.3840766429618534,315.0654610581223,17105.0,17116.401033674472,ok,0.0006309059291841078,14516.158445935702,ok,-3.77962362436665,65.1659059676569,-0.0055374679654196885,-2.684876876644921,61.35633087158203,-0.0039335714804165575,,,0.0038989235312830157
235,5,31.942633333333333,Forward,0.3866691542445253,316.5414733054022,17100.0,17113.747307125726,ok,0.0006208676569064165,14513.260484709663,ok,-6.433350173112558,65.16201803403888,-0.009425401583446704,-5.582838102684036,61.35208511352539,-0.00817932953705613,,,0.0038989235312830157
236,5,32.077416666666664,Forward,0.39000456894912683,317.91187906067717,17100.0,17110.883527286493,ok,0.0006128596666022517,14512.242422859365,ok,-9.297130012346315,65.15782235460203,-0.013621081020292487,-6.600899952982218,61.35059356689453,-0.009670876167915902,,,0.0038989235312830157
237,5,32.21191666666667,Forward,0.39358190431747053,319.37826871622383,17100.0,17107.67551654406,ok,0.0006171331067867984,14507.993121223339,ok,-12.505140754779859,65.15312234780653,-0.01832108781579047,-10.850201589008066,61.34436798095703,-0.015896462105415586,,,0.0038989235312830157
238,5,32.34748333333334,Forward,0.39705087664899175,321.14672759840323,17095.0,17104.38039981399,ok,0.0006314388361832599,14506.134051757577,ok,-15.80025748485059,65.14829472337921,-0.023148712243114957,-12.709271054769488,61.341644287109375,-0.018620155953071864,,,0.0038989235312830157
239,5,32.4828,Forward,0.4009001299071465,322.6072524049523,17090.0,17100.83194800754,ok,0.0006203570255443467,14503.040810125469,ok,-19.34870929129829,65.14309594165968,-0.028347493962639324,-15.80251268687789,61.33711242675781,-0.023152016304636112,,,0.0038989235312830157
240,5,32.61893333333333,Forward,0.40479386101247017,324.434088345537,17085.0,17097.214548826843,ok,0.0006201470618696868,14499.452858131324,ok,-22.96610847199554,65.13779614621124,-0.033647289411082436,-19.390464681022422,61.33185577392578,-0.028408669136667328,,,0.0038989235312830157
241,5,32.75395,Forward,0.4089485065059768,326.19077711546925,17085.0,17093.382254149845,ok,0.0006157147217850347,14496.638216545207,ok,-26.79840314899411,65.13218151070332,-0.03926192491899866,-22.205106267139854,61.32773208618164,-0.03253235688080748,,,0.0038989235312830157
242,5,32.889516666666665,Forward,0.4130274776579955,327.87823825817395,17080.0,17089.5763979062,ok,0.0006210874497187893,14492.896643964956,ok,-30.604259392639506,65.12660560973416,-0.044837825888162056,-25.946678847391013,61.32225036621094,-0.038014076851511,,,0.0038989235312830157
243,5,33.02483333333333,Forward,0.41702006575073935,329.5260553173466,17075.0,17085.77914439606,ok,0.000616713076429352,14490.149699586274,ok,-34.40151290277936,65.12104231249646,-0.05040112312586001,-28.693623226072305,61.3182258605957,-0.04203858246674571,,,0.0038989235312830157
244,5,33.1599,Forward,0.4209744490685453,331.22936630493496,17075.0,17081.962824463248,ok,0.0006176546345665085,14485.72855119291,ok,-38.21783283559125,65.11545108133855,-0.05599235428377184,-33.114771619437306,61.31174850463867,-0.048515938423776446,,,0.0038989235312830157
245,5,33.295716666666664,Forward,0.4249971579953883,333.02289332293367,17065.0,17078.19888083215,ok,0.0006164686726457151,14484.385021999165,ok,-41.981776466687734,65.10993658588814,-0.061506849734184535,-34.45830081318127,61.30978012084961,-0.05048432221283957,,,0.0038989235312830157
246,5,33.4305,Forward,0.4286760717396505,334.78625168995495,17065.0,17074.664832629755,ok,0.0006054965911633742,14479.992514732025,ok,-45.515824669084395,65.10475890666557,-0.06668452895675524,-38.85080808032217,61.3033447265625,-0.05691971649994713,,,0.0038989235312830157
247,5,33.56581666666667,Forward,0.4321263786155611,336.1926963635815,17060.0,17071.233835789884,ok,0.0006197643087108015,14476.97998900109,ok,-48.9468215089546,65.09973220639633,-0.07171122922599728,-41.86333381125587,61.29893112182617,-0.06133332123627674,,,0.0038989235312830157
248,5,33.701033333333335,Forward,0.43563562318872007,337.62075574445043,17050.0,17067.980184924927,ok,0.0006088447509550928,14475.636459807349,ok,-52.20047237391191,65.09496533296502,-0.07647810265731156,-43.20686300499801,61.29696273803711,-0.06330170502533719,,,0.0038989235312830157
249,5,33.83635,Forward,0.43901127392206896,338.9808778977531,17050.0,17064.799413518587,ok,0.0006077767838894555,14471.499118937467,ok,-55.38124378025168,65.09030523409845,-0.08113820152387023,-47.344203874879895,61.29090118408203,-0.06936325898041695,,,0.0038989235312830157
250,5,33.97085,Forward,0.4418703031894481,340.20002081492567,17050.0,17061.81480350347,ok,0.0006120990197146962,14468.861531586184,ok,-58.36585379537064,65.0859325282445,-0.08551090737781923,-49.981791226162386,61.28703689575195,-0.07322754731049384,,,0.0038989235312830157
251,5,34.10561666666667,Forward,0.4445939331847274,341.3396640248866,17045.0,17059.15240259794,ok,0.0006156715828394847,14467.564869689897,ok,-61.02825470089738,65.08203188596086,-0.08941154966146174,-51.27845312244972,61.28513717651367,-0.07512726654877504,,,0.0038989235312830157
252,5,34.24065,Forward,0.44725316266055803,342.3998421807373,17050.0,17056.605825297323,ok,0.0006183870742651096,14464.422157021585,ok,-63.57483200151546,65.07830093504481,-0.09314250057750714,-54.421165790761734,61.28053283691406,-0.079731606148386,,,0.0038989235312830157
253,5,34.37566666666667,Forward,0.4496300120872324,343.3202080527044,17040.0,17054.310523855795,ok,0.0006222772145623917,14462.66202962823,ok,-65.87013344304432,65.07493812449366,-0.09650531112867082,-56.18129318411593,61.2779541015625,-0.08231034149994887,,,0.0038989235312830157
254,5,34.5115,Forward,0.4516742804171967,344.1291889934146,17040.0,17052.294626816936,ok,0.0006107895412084578,14461.755928544078,ok,-67.88603048190271,65.07198466500041,-0.09945877062191158,-57.087394268268326,61.27662658691406,-0.08363785614838605,,,0.0038989235312830157
255,5,34.646033333333335,Forward,0.45338394620734324,344.9617988162936,17040.0,17050.47437610043,ok,0.0006213282645145272,14460.852431198673,ok,-69.70628119841058,65.06931784390036,-0.10212559172195791,-57.99089161367374,61.27530288696289,-0.08496155609955845,,,0.0038989235312830157
256,5,34.7824,Forward,0.4552194760706126,345.65691677082214,17035.0,17048.78978324249,ok,0.000614395454396982,14457.60556898046,ok,-71.39087405634928,65.06684977302541,-0.10459366259691798,-61.23775383188695,61.270545959472656,-0.08971848358979234,,,0.0038989235312830157
257,5,34.918,Forward,0.45656047676679834,346.1533158994025,17035.0,17047.38128032962,ok,0.0006228940973479482,14456.478150102765,ok,-72.79937696921843,65.06478619724793,-0.10665723837439244,-62.36517270958211,61.26889419555664,-0.09137024750580727,,,0.0038989235312830157
258,5,35.05385,Forward,0.4578251278100286,346.7106768190715,17035.0,17046.142937078228,ok,0.0006252961788279644,14456.071966858144,ok,-74.03772022061094,65.062971919752,-0.108471515870324,-62.77135595420259,61.2682991027832,-0.09196534027924527,,,0.0038989235312830157
259,5,35.189433333333334,Forward,0.4587662669422905,347.2058404563868,17035.0,17045.034769247555,ok,0.0006162276125684757,14455.665783613524,ok,-75.14588805128369,65.06134836024647,-0.11009507537585209,-63.17753919882307,61.267704010009766,-0.09256043305268327,,,0.0038989235312830157
260,5,35.325266666666664,Forward,0.4598209293606013,347.6074316826489,17035.0,17044.125290232587,ok,0.0006041171799534282,14453.686942165376,ok,-76.05536706625207,65.06001589664397,-0.11142753897834975,-65.15638064697123,61.26480484008789,-0.09545960297455645,,,0.0038989235312830157
261,5,35.459783333333334,Forward,0.4606417668103403,347.8637158776255,17035.0,17043.283957000767,ok,0.0006157036005418731,14452.960499054805,ok,-76.89670029807166,65.0587832723717,-0.11266016325062096,-65.8828237575417,61.26374053955078,-0.0965239035116656,,,0.0038989235312830157
262,5,35.594033333333336,Forward,0.461264486950409,348.32136885270666,17025.0,17042.592354736837,ok,0.0006181043336526548,14452.931857928581,ok,-77.58830256200235,65.05777001661876,-0.11367341900355844,-65.9114648837658,61.26369857788086,-0.09656586518158877,,,0.0038989235312830157
263,5,35.72933333333334,Forward,0.46177670616325833,348.4201654005228,17030.0,17042.057436110466,ok,0.0006123004487976379,14452.90061306361,ok,-78.12322118837255,65.0569863156337,-0.11445711998863407,-65.94270974873689,61.26365280151367,-0.09661164154877672,,,0.0038989235312830157
264,5,35.86566666666667,Forward,0.4622235258845665,348.69970964206004,17025.0,17041.51422363649,ok,0.0006160238495356407,14452.395487746582,ok,-78.66643366234712,65.05619046346109,-0.11525297216123091,-66.4478350657646,61.26291275024414,-0.09735169281830812,,,0.0038989235312830157
265,5,36.0015,Forward,0.4627202358675232,348.81618384065587,17030.0,17041.162827333264,ok,0.0006171134515095706,14451.887758690807,ok,-79.01782996557449,65.05567563818596,-0.11576779743635722,-66.95556412153928,61.262168884277344,-0.09809555878510429,,,0.0038989235312830157
266,5,36.1376,Forward,0.4630074961176035,349.05664741482906,17035.0,17040.808540230482,ok,0.0006124259119158734,14451.872136258322,ok,-79.3721170683566,65.05515657764523,-0.1162868579770866,-66.97118655402483,61.26214599609375,-0.09811844696869826,,,0.0038989235312830157
267,5,36.27265,Forward,0.4633755620767428,349.19819024404205,17025.0,17040.449901105818,ok,0.0006272792548358032,14451.557083869868,ok,-79.73075619302108,65.05463114102473,-0.11681229459759362,-67.28623894247903,61.26168441772461,-0.09858002533783718,,,0.0038989235312830157
268,5,36.40743333333333,Forward,0.46357040684492956,349.36417189794884,17025.0,17040.209626922286,ok,0.0006189250775390346,14451.247238958907,ok,-79.97103037655324,65.05427911904411,-0.11716431657820808,-67.59608385343927,61.26123046875,-0.09903397431244657,,,0.0038989235312830157
269,5,36.54246666666667,Forward,0.463778094168418,349.3889719361832,17025.0,17039.968244182757,ok,0.0006164737597290743,14451.020713687869,ok,-80.21241311608173,65.0539254729353,-0.11751796268702354,-67.82260912447782,61.26089859008789,-0.09936585297455652,,,0.0038989235312830157
270,5,36.677233333333334,Forward,0.46385706120863224,349.40083332831273,17025.0,17039.82255111982,ok,0.0006165175350734119,14450.210950937375,ok,-80.35810617901734,65.0537120202879,-0.11773141533442173,-68.6323718749718,61.25971221923828,-0.10055222382416774,,,0.0038989235312830157
271,5,36.813066666666664,Forward,0.4641251664227475,349.40199762662087,17025.0,17039.597870043763,ok,0.0006193378664074245,14450.210950937375,ok,-80.58278725507625,65.05338284352726,-0.118060592095063,-68.6323718749718,61.25971221923828,-0.10055222382416774,,,0.0038989235312830157
272,5,36.94838333333333,Forward,0.4642998531689643,349.4975287084235,17020.0,17039.502490602412,ok,0.0006197670776684574,14450.161479901171,ok,-80.67816669642707,65.05324310458668,-0.11820033103563761,-68.68184291117541,61.259639739990234,-0.10062470307221444,,,0.0038989235312830157
273,5,37.083666666666666,Forward,0.4644162977304841,349.6185554972835,17025.0,17039.413534632826,ok,0.0006330051961485199,14450.210950937375,ok,-80.76712266601317,65.05311277657499,-0.11833065904733174,-68.6323718749718,61.25971221923828,-0.10055222382416774,,,0.0038989235312830157
274,5,37.21843333333333,Forward,0.4644652580115882,349.6148264187359,17025.0,17039.353646223775,ok,0.0006232420909289848,14450.210950937375,ok,-80.82701107506364,65.05302503499551,-0.11841840062680516,-68.6323718749718,61.25971221923828,-0.10055222382416774,,,0.0038989235312830157
275,5,37.35346666666667,Forward,0.4645677044105915,349.58423457990284,17030.0,17039.26099570455,ok,0.0006275007562342266,14450.257818234832,ok,-80.91966159428921,65.05288929415643,-0.1185541414658886,-68.58550457751517,61.25978088378906,-0.10048355927338583,,,0.0038989235312830157
276,5,37.48905,Forward,0.46460396272561044,349.6585975456037,17025.0,17039.18574832597,ok,0.0006169218040589698,14450.036500441289,ok,-80.99490897286887,65.05277905038886,-0.11866438523346386,-68.80682237105793,61.259456634521484,-0.10080780854096358,,,0.0038989235312830157
277,5,37.62381666666667,Forward,0.4645387428615024,349.6086699364023,17025.0,17039.20273163971,ok,0.0006222747097348676,14449.989633143832,ok,-80.97792565912823,65.05280393237848,-0.1186395032438448,-68.85368966851456,61.2593879699707,-0.1008764730917455,,,0.0038989235312830157
278,5,37.758833333333335,Forward,0.46458567108504056,349.6316888418005,17025.0,17039.170361359473,ok,0.0006077034060785726,14449.869861161445,ok,-81.01029593936619,65.05275650718283,-0.11868692843948961,-68.9734616509013,61.259212493896484,-0.10105194916596241,,,0.0038989235312830157
279,5,37.893633333333334,Forward,0.46479169462251774,349.75692137675287,17025.0,17039.182684625557,ok,0.0006267984050645957,14449.989633143832,ok,-80.99797267328177,65.05277456180889,-0.11866887381343322,-68.85368966851456,61.2593879699707,-0.1008764730917455,,,0.0038989235312830157
280,5,38.02838333333333,Forward,0.4647801270736991,349.67272323223733,17025.0,17039.018844518032,ok,0.0006203082593279856,14449.869861161445,ok,-81.16181278080694,65.05253452220785,-0.11890891341447249,-68.9734616509013,61.259212493896484,-0.10105194916596241,,,0.0038989235312830157
281,5,38.162933333333335,Forward,0.4648842823762537,349.7706326501175,17025.0,17038.93237391416,ok,0.0006188839045391184,14449.869861161445,ok,-81.24828338468069,65.05240783546692,-0.11903560015539941,-68.9734616509013,61.259212493896484,-0.10105194916596241,,,0.0038989235312830157
282,5,38.29783333333334,Forward,0.46487731098075846,349.70088326149926,17025.0,17038.932556360054,ok,0.00062779153316012,14449.645939629154,ok,-81.24810093878477,65.05240810276558,-0.11903533285674629,-69.19738318319287,61.25888442993164,-0.10138001313080759,,,0.0038989235312830157
283,5,38.432066666666664,Forward,0.46502571678425947,349.821953061306,17025.0,17038.84967199728,ok,0.0006198150234018934,14449.552205034242,ok,-81.33098530155985,65.05228667017087,-0.1191567654514476,-69.29111777810431,61.25874710083008,-0.10151734223236877,,,0.0038989235312830157
284,5,38.567366666666665,Forward,0.46509166291313514,349.6336105736955,17025.0,17038.808194965488,ok,0.0006249943047560272,14449.552205034242,ok,-81.372462333351,65.05222590281474,-0.1192175328075842,-69.29111777810431,61.25874710083008,-0.10151734223236877,,,0.0038989235312830157
285,5,38.70218333333333,Forward,0.4651415638184706,349.8517475116096,17025.0,17038.83972097064,ok,0.000625607064349509,14449.622505980426,ok,-81.34093632819713,65.05227209107605,-0.1191713445462738,-69.22081683192118,61.25885009765625,-0.10141434540619856,,,0.0038989235312830157
286,5,38.8373,Forward,0.465080175939703,349.97444337439447,17025.0,17038.756588434742,ok,0.0006171508163381907,14449.518356430524,ok,-81.42406886409663,65.05215029488676,-0.11929314073557154,-69.32496638182238,61.258697509765625,-0.1015669332968215,,,0.0038989235312830157
287,5,38.97266666666667,Forward,0.465207508900027,349.8712092152382,17020.0,17038.836271648364,ok,0.0006339267500758805,14449.518356430524,ok,-81.34438565047458,65.05226703752746,-0.11917639809485749,-69.32496638182238,61.258697509765625,-0.1015669332968215,,,0.0038989235312830157
288,5,39.10851666666667,Forward,0.4646558803050971,349.6543892349291,17025.0,17039.27197417889,ok,0.0006239708238045826,14449.599072331697,ok,-80.90868311994927,65.05290537854896,-0.11853805707336477,-69.2442504806495,61.25881576538086,-0.10144867768158952,,,0.0038989235312830157
289,5,39.24381666666667,Forward,0.4635298056817134,349.36413817157154,17025.0,17040.24325433927,ok,0.000620020531241903,14449.471489133068,ok,-79.93740295956741,65.05432838605131,-0.11711504957100705,-69.371833679279,61.258628845214844,-0.10163559784760343,,,0.0038989235312830157
290,5,39.37886666666667,Forward,0.4620878444841394,348.7390724443612,17030.0,17041.685742057496,ok,0.0006199784867896876,14449.471489133068,ok,-78.49491524134282,65.05644175244015,-0.1150016831821729,-69.371833679279,61.258628845214844,-0.10163559784760343,,,0.0038989235312830157
291,5,39.514716666666665,Forward,0.4600434185886443,348.0303661351354,17035.0,17043.576364070734,ok,0.0006138440357397793,14449.471489133068,ok,-76.60429322810523,65.05921167343587,-0.11223176218646139,-69.371833679279,61.258628845214844,-0.10163559784760343,,,0.0038989235312830157
292,5,39.65125,Forward,0.4575378254138722,347.1554127556119,17040.0,17045.81716286359,ok,0.0006213884214510785,14449.419414358115,ok,-74.36349443524887,65.06249463300156,-0.10894880262075264,-69.42390845423142,61.25855255126953,-0.10171189179291756,,,0.0038989235312830157
293,5,39.78628333333333,Forward,0.4545107218234369,346.1677460011815,17035.0,17048.426323676093,ok,0.0006264493273953507,14449.380358276903,ok,-71.75433362274634,65.06631727405046,-0.1051261615718619,-69.46296453544346,61.25849533081055,-0.10176911225189983,,,0.0038989235312830157
294,5,39.92111666666667,Forward,0.4516739323321115,345.2495168518217,17040.0,17051.221022203383,ok,0.0006192791484880467,14449.380358276903,ok,-68.95963509545618,65.07041174352835,-0.10103169209397359,-69.46296453544346,61.25849533081055,-0.10176911225189983,,,0.0038989235312830157
295,5,40.05628333333333,Forward,0.44815192579365093,343.9307386260298,17040.0,17054.35388310279,ok,0.0006084528833975179,14449.356924628175,ok,-65.82677419604806,65.0750016494541,-0.09644178616822274,-69.48639818417178,61.258460998535156,-0.10180344452729079,,,0.0038989235312830157
296,5,40.190783333333336,Forward,0.44437521235269584,342.61197633605843,17040.0,17058.021314705464,ok,0.00061327704393457,14449.356924628175,ok,-62.159342593375186,65.08037474662818,-0.09106868899414318,-69.48639818417178,61.258460998535156,-0.10180344452729079,,,0.0038989235312830157
297,5,40.326633333333334,Forward,0.43931152105778926,340.7634225726215,17050.0,17062.450549655034,ok,0.0006179905651813979,14451.408670761255,ok,-57.73010764380524,65.08686395007331,-0.08457948554900628,-67.43465205109169,61.26146697998047,-0.09879746308197994,,,0.0038989235312830157
298,5,40.461666666666666,Forward,0.43258217129101906,337.929619198032,17060.0,17068.584258621235,ok,0.00061394233432046,14453.994183337587,ok,-51.59639867760416,65.09585035197074,-0.0755930836515852,-64.8491394747598,61.265254974365234,-0.09500946869721452,,,0.0038989235312830157
299,5,40.596983333333334,Forward,0.42391053106161464,334.6118319113848,17060.0,17076.86350301236,ok,0.000618266337547614,14459.10271876031,ok,-43.31715428648022,65.10798014455065,-0.06346329107166612,-59.74060405203636,61.27273941040039,-0.08752503266205691,,,0.0038989235312830157
300,5,40.73258333333333,Forward,0.41369807468339975,330.2335493111859,17080.0,17086.43925904472,ok,0.0006124211700058531,14465.263164637048,ok,-33.741398254118394,65.12200943623252,-0.049433999389808934,-53.58015817529849,61.28176498413086,-0.07849945893158948,,,0.0038989235312830157
301,5,40.86815,Forward,0.40280630540110673,325.5647534944801,17080.0,17096.372668910673,ok,0.0006211242556162968,14472.967627591093,ok,-23.80798838816554,65.1365627210002,-0.03488071462211857,-45.87569522125341,61.293052673339844,-0.0672117697226047,,,0.0038989235312830157
302,5,41.00265,Forward,0.39338679366658347,321.63311327750125,17090.0,17105.11371120965,ok,0.000612306349737707,14479.346787522629,ok,-15.066946089187695,65.1493690865343,-0.022074349088016167,-39.49653528971794,61.302398681640625,-0.05786576142182163,,,0.0038989235312830157
303,5,41.13848333333333,Forward,0.38632462456475986,318.2974023057068,17105.0,17111.667639512496,ok,0.0006176698724148933,14484.60633979271,ok,-8.51301778634297,65.15897114526595,-0.012472290356376835,-34.23698301963668,61.31010437011719,-0.050160072945259156,,,0.0038989235312830157
304,5,41.2738,Forward,0.3816526483168302,316.24457314677056,17105.0,17115.72346834052,ok,0.000617634540837198,14488.514551652805,ok,-4.45718895832033,65.16491327719243,-0.006530158429903733,-30.328771159542157,61.31583023071289,-0.0444342123495568,,,0.0038989235312830157
305,5,41.40936666666666,Forward,0.3791150258681656,315.16290127363754,17105.0,17118.28669241529,ok,0.0006203526666033358,14491.88899706965,ok,-1.8939648835475964,65.16866861703915,-0.002774818583168338,-26.95432574269762,61.32077407836914,-0.03949036469330634,,,0.0038989235312830157
306,5,41.5444,Forward,0.37721974440417744,314.31836369455414,17115.0,17119.912923933804,ok,0.0006149300191046592,14492.326425179239,ok,-0.26773336503538303,65.17105118362068,-0.00039225200165423404,-26.516897633107874,61.321414947509766,-0.038849495552683064,,,0.0038989235312830157
307,5,41.67945,Forward,0.3756400671619753,313.6483367376495,17110.0,17121.223648321855,ok,0.0006186335766367797,14493.024227163587,ok,1.0429910230159294,65.17297150559759,0.0015280699752581372,-25.819095648759685,61.32243728637695,-0.03782715668549443,,,0.0038989235312830157
308,5,41.814483333333335,Forward,0.374530673543386,313.0840416459723,17110.0,17122.322502333136,ok,0.0006177595746225978,14493.722029147933,ok,2.1418450342971482,65.17458141957074,0.0031379839484152695,-25.121293664413315,61.32345962524414,-0.036804817818308466,,,0.0038989235312830157
309,5,41.950066666666665,Forward,0.3732920345205101,312.6450201066182,17110.0,17123.450527157514,ok,0.0006225369374738025,14493.766292706643,ok,3.26986985867552,65.17623407124984,0.004790635627519987,-25.07703010570367,61.323524475097656,-0.03673996796479132,,,0.0038989235312830157
310,5,42.08565,Forward,0.37225900813522605,312.07301750453917,17120.0,17124.30434187977,ok,0.0006089957663280172,14495.28687613522,ok,4.123684580932604,65.17748498196022,0.006041546337893848,-23.556446677126587,61.32575225830078,-0.03451218476166759,,,0.0038989235312830157
311,5,42.222116666666665,Forward,0.3712900160291478,311.7471986698765,17115.0,17125.15810675084,ok,0.0006147982157151503,14496.01331924579,ok,4.977449452002475,65.1787358196344,0.007292384012066312,-22.830003566556115,61.32681655883789,-0.03344788422455845,,,0.0038989235312830157
312,5,42.357416666666666,Forward,0.37048905174515,311.4368758830133,17115.0,17125.873741846786,ok,0.0006324862967850927,14496.510633346576,ok,5.693084547947365,65.17978428551686,0.008340849894536003,-22.332689465771182,61.327545166015625,-0.03271927704682405,,,0.0038989235312830157
313,5,42.49386666666667,Forward,0.36971053280892985,311.0990015207208,17115.0,17126.5518107212,ok,0.0006112721016388684,14497.00794744736,ok,6.371153422362113,65.18077771371067,0.009334278088341688,-21.83537536498625,61.32827377319336,-0.03199066986908965,,,0.0038989235312830157
314,5,42.62813333333333,Forward,0.36902690825215523,310.75684813057524,17115.0,17127.189790165008,ok,0.0006224408121933741,14497.125115691002,ok,7.009132866169239,65.18171240750131,0.01026897187898869,-21.718207121344676,61.32844543457031,-0.031819008492134836,,,0.0038989235312830157
315,5,42.76425,Forward,0.3682750343068306,310.4467756734848,17120.0,17127.688965374084,ok,0.0006083535272925363,14497.242283934642,ok,7.508308075244713,65.18244374135995,0.011000305737621322,-21.601038877704923,61.328617095947266,-0.031647347115182696,,,0.0038989235312830157
316,5,42.900816666666664,Forward,0.367846449480873,310.2647146563759,17115.0,17128.225418116257,ok,0.0006240755615511617,14497.476620421923,ok,8.044760817418137,65.18322968995429,0.011786254331972343,-21.366702390423598,61.32896041870117,-0.03130402436127575,,,0.0038989235312830157
317,5,43.035833333333336,Forward,0.3672529269605288,310.08959611456885,17120.0,17128.753406233627,ok,0.0006275450127205317,14499.020637499229,ok,8.572748934788251,65.1840032371581,0.012559801535776051,-19.8226853131182,61.33122253417969,-0.029041908882761064,,,0.0038989235312830157
318,5,43.17146666666667,Forward,0.3667267624869641,309.83030767110176,17115.0,17129.17290484318,ok,0.0006199401453684433,14499.322671193946,ok,8.992247544341808,65.18461783806623,0.013174402443910172,-19.520651618400734,61.3316650390625,-0.02859940399994867,,,0.0038989235312830157
319,5,43.3073,Forward,0.36640318865750593,309.6227198993802,17115.0,17129.543531794647,ok,0.0006106404986960494,14499.312256238956,ok,9.362874495807773,65.18516083786591,0.013717402243581457,-19.53106657339049,61.33164978027344,-0.028614662789010432,,,0.0038989235312830157
320,5,43.44291666666667,Forward,0.3658983809237103,309.268093982173,17120.0,17129.923148604525,ok,0.0006178873165422445,14499.322671193946,ok,9.74249130568569,65.18571700856774,0.014273572945415829,-19.520651618400734,61.3316650390625,-0.02859940399994867,,,0.0038989235312830157
321,5,43.57848333333333,Forward,0.36623159268685923,309.3990039427299,17115.0,17129.763737180107,ok,0.0006112508381988371,14499.369538491403,ok,9.583079881267622,65.18548345736164,0.01404002173932586,-19.473784320944105,61.33173370361328,-0.02853073944916675,,,0.0038989235312830157
322,5,43.714333333333336,Forward,0.36574213238917785,309.23583937520743,17120.0,17130.08987821365,ok,0.0006140573111641087,14499.419009527606,ok,9.909220914811158,65.18596128153277,0.014517845910445235,-19.424313284740492,61.33180618286133,-0.02845826020112005,,,0.0038989235312830157
323,5,43.84936666666667,Forward,0.36527108521623086,309.0579689195074,17115.0,17130.416751396355,ok,0.0006213721402296272,14499.76791051978,ok,10.236094097515888,65.18644017836428,0.014996742741948009,-19.075412292566398,61.33231735229492,-0.027947090767525735,,,0.0038989235312830157
324,5,43.98466666666667,Forward,0.36501897395572414,308.92085374171074,17120.0,17130.671362601333,ok,0.000621485875805989,14500.075151691994,ok,10.490705302494462,65.1868132052927,0.015369769670374516,-18.768171120353145,61.332767486572266,-0.02749695649018113,,,0.0038989235312830157
325,5,44.11945,Forward,0.36459133317848824,308.80621411558604,17120.0,17130.983484225755,ok,0.0006111087555219661,14500.075151691994,ok,10.802826926916168,65.18727048984489,0.0158270542225737,-18.768171120353145,61.332767486572266,-0.02749695649018113,,,0.0038989235312830157
326,5,44.25533333333333,Forward,0.3644675936290457,308.72450140216097,17120.0,17131.24088260937,ok,0.0006235935016493193,14500.114207773206,ok,11.060225310531678,65.18764760022552,0.01620416460320334,-18.729115039141107,61.33282470703125,-0.02743973603119886,,,0.0038989235312830157
327,5,44.390366666666665,Forward,0.36405262170799213,308.6673057758271,17120.0,17131.477731937226,ok,0.000618971783553488,14500.273035836808,ok,11.29707463838713,65.18799460450319,0.01655116888087147,-18.570286975538693,61.33305740356445,-0.027207039497994343,,,0.0038989235312830157
328,5,44.52486666666667,Forward,0.36395103920612315,308.4194877695518,17120.0,17131.696840186993,ok,0.0006133662401487186,14500.713067685147,ok,11.516182888153708,65.18831561660244,0.01687218098012379,-18.130255127200144,61.333702087402344,-0.026562355660103624,,,0.0038989235312830157
329,5,44.660183333333336,Forward,0.36346185282383714,308.3664711789643,17120.0,17132.02397784584,ok,0.0006166907121256343,14500.843254622525,ok,11.843320547002804,65.18879490091385,0.017351465291524724,-18.00006818982183,61.333892822265625,-0.02637162079682228,,,0.0038989235312830157
330,5,44.79443333333333,Forward,0.3633645777318034,308.2010669957308,17125.0,17132.161498213318,ok,0.0006139490680642784,14500.843254622525,ok,11.980840914478904,65.18899637987185,0.017552944249530564,-18.00006818982183,61.333892822265625,-0.02637162079682228,,,0.0038989235312830157
331,5,44.93001666666667,Forward,0.3630240566738633,308.1106847749943,17120.0,17132.421060503675,ok,0.0006192429200750549,14500.861480793757,ok,12.240403204836184,65.1893766605587,0.017933224936374153,-17.981842018589305,61.333919525146484,-0.026344917915963533,,,0.0038989235312830157
332,5,45.06505,Forward,0.36270595037223496,307.90260172610215,17120.0,17132.67062777767,ok,0.0006163635954794511,14501.035931289844,ok,12.489970478829491,65.18974229770205,0.018298862079725066,-17.807391522503167,61.33417510986328,-0.02608933319916771,,,0.0038989235312830157
333,5,45.2009,Forward,0.3624313267793584,307.7460407280996,17120.0,17132.97805724225,ok,0.0006198417856953685,14501.306720119592,ok,12.79739994341071,65.19019270784362,0.018749272221298328,-17.53660269275497,61.334571838378906,-0.0256926046835406,,,0.0038989235312830157
334,5,45.335683333333336,Forward,0.36216346913690584,307.6192874320768,17130.0,17133.21147038583,ok,0.0006168849620584291,14501.429095840727,ok,13.030813086992566,65.19053467782099,0.019091242198668503,-17.414226971619428,61.33475112915039,-0.025513313912056242,,,0.0038989235312830157
335,5,45.469966666666664,Forward,0.36187720678237145,307.37228556370974,17120.0,17133.493742189446,ok,0.0006068979921318506,14501.900372554035,ok,13.31308489060757,65.19094822986358,0.019504794241253495,-16.942950258311612,61.33544158935547,-0.02482285370698024,,,0.0038989235312830157
336,5,45.60503333333333,Forward,0.3614301212222043,307.22861741612724,17120.0,17133.870782287573,ok,0.0006129430234673318,14502.02274827517,ok,13.69012498873417,65.19150062546498,0.020057189842655365,-16.82057453717607,61.33562088012695,-0.024643562935495886,,,0.0038989235312830157
337,5,45.74086666666667,Forward,0.360978876128812,307.02014555239657,17120.0,17134.22615631655,ok,0.0006226525415838705,14502.236254852472,ok,14.045499017709517,65.19202127844441,0.02057784282209664,-16.607067959874257,61.335933685302734,-0.024330757759712458,,,0.0038989235312830157
338,5,45.87511666666666,Forward,0.3605898972204857,306.8195494115862,17130.0,17134.63450968355,ok,0.00062307683755766,14502.749191385743,ok,14.453852384711354,65.19261955063051,0.021176115008185763,-16.09413142660378,61.33668518066406,-0.02357926239838408,,,0.0038989235312830157
339,5,46.01018333333333,Forward,0.36000000602398063,306.6073189585986,17130.0,17135.04086813992,ok,0.0006164639684985619,14502.960094224294,ok,14.860210841081425,65.19321490010397,0.02177146448164127,-15.883228588052589,61.33699417114258,-0.023270271919870758,,,0.0038989235312830157
340,5,46.14521666666667,Forward,0.35964409848196643,306.3671349635879,17125.0,17135.44805837928,ok,0.0006166214636081929,14502.988735350518,ok,15.267401080440322,65.19381146820977,0.022368032587456118,-15.854587461828487,61.3370361328125,-0.023228310249947585,,,0.0038989235312830157
341,5,46.28053333333333,Forward,0.35910492181660536,306.2051361228223,17125.0,17135.854705342623,ok,0.0006215215687748496,14503.155374630362,ok,15.674048043783841,65.19440724037032,0.022963804748004843,-15.68794818198512,61.3372802734375,-0.022984169624948748,,,0.0038989235312830157
342,5,46.416133333333335,Forward,0.3587221799916973,306.0345821684241,17130.0,17136.278814279678,ok,0.0006066392724097744,14503.749027064807,ok,16.09815698083912,65.1950285957978,0.02358516017547425,-15.094295747539945,61.33815002441406,-0.02211441864838572,,,0.0038989235312830157
343,5,46.55116666666667,Forward,0.3580845408860072,305.7897639886651,17130.0,17136.78685608285,ok,0.0006141496410270652,14504.392150535456,ok,16.606198784011212,65.19577291996595,0.024329484343632905,-14.451172276891157,61.33909225463867,-0.021172188423776002,,,0.0038989235312830157
344,5,46.687016666666665,Forward,0.3569830661507388,305.07725182236027,17130.0,17137.671052215774,ok,0.0006180754416148129,14504.553582337805,ok,17.490394916934747,65.19706834201,0.02562490638768167,-14.289740474541759,61.33932876586914,-0.02093567719330671,,,0.0038989235312830157
345,5,46.82261666666667,Forward,0.3565301378058106,305.02875243260496,17130.0,17138.186795876034,ok,0.0006194083924788828,14506.951625724312,ok,18.006138577195088,65.19782395004955,0.02638051442723574,-11.891697088034562,61.34284210205078,-0.017422341011666318,,,0.0038989235312830157
346,5,46.95765,Forward,0.35600114214084666,304.81198939650494,17130.0,17138.67294755178,ok,0.0006217617233567881,14506.501178920984,ok,18.49229025293971,65.19853620333146,0.027092767709127545,-12.342143891362866,61.34218215942383,-0.0180822836386188,,,0.0038989235312830157
347,5,47.0927,Forward,0.3555282445203666,304.51212317245154,17130.0,17139.0986953818,ok,0.0006126524736041277,14506.600120993391,ok,18.918038082960265,65.19915995987559,0.02771652425326779,-12.24320181895564,61.34232711791992,-0.01793732514252541,,,0.0038989235312830157
348,5,47.22721666666666,Forward,0.35500405147676084,304.1442878563903,17130.0,17139.585371770085,ok,0.0006200849063025464,14506.699063065798,ok,19.404714471245825,65.19987298190568,0.02842954628336716,-12.144259746548414,61.342472076416016,-0.017792366646432013,,,0.0038989235312830157
349,5,47.363083333333336,Forward,0.35430462304751875,303.99825926767153,17130.0,17140.10746408599,ok,0.000621614577772403,14506.886532255623,ok,19.9268067871526,65.20063789126219,0.029194455639866907,-11.956790556723718,61.34274673461914,-0.017517708443306988,,,0.0038989235312830157
350,5,47.49785,Forward,0.35368300224195665,303.70979306091976,17130.0,17140.599537150472,ok,0.0006077174462746014,14507.0713977067,ok,20.418879851633392,65.2013588198789,0.02991538425657934,-11.771925105646005,61.343017578125,-0.01724686493744674,,,0.0038989235312830157
351,5,47.63235,Forward,0.3531325135688086,303.56729743203687,17130.0,17141.09125857776,ok,0.0006285631168261843,14507.443732347601,ok,20.910601278919785,65.20207923331742,0.030635797695090727,-11.399590464745415,61.343563079833984,-0.016701363228464126,,,0.0038989235312830157
352,5,47.7674,Forward,0.3525779422307986,303.28656194638097,17130.0,17141.526042114856,ok,0.0006112500775945937,14507.954065142125,ok,21.34538481601703,65.20271622793588,0.031272792313561844,-10.889257670221923,61.34431076049805,-0.01595368256440052,,,0.0038989235312830157
353,5,47.90298333333333,Forward,0.35209287644581727,303.067386912182,17130.0,17142.03093823603,ok,0.0006231787250803153,14508.433153071677,ok,21.850280937189382,65.20345594341413,0.032012507791799455,-10.410169740669517,61.34501266479492,-0.015251778267524864,,,0.0038989235312830157
354,5,48.0383,Forward,0.3513016072499153,302.67651571250826,17130.0,17142.58358839541,ok,0.0006162063534453253,14508.8888073525,ok,22.402931096570683,65.20426562259327,0.032822186970945466,-9.954515459847244,61.345680236816406,-0.014584206246042834,,,0.0038989235312830157
355,5,48.17333333333333,Forward,0.3508812069512876,302.4235190187428,17130.0,17143.0063627665,ok,0.000623493989054123,14509.33665041708,ok,22.825705467661464,65.20488502276883,0.03344158714651399,-9.506672395265923,61.346336364746094,-0.013928078316355126,,,0.0038989235312830157
356,5,48.30811666666666,Forward,0.3504023345253626,302.2236822818777,17130.0,17143.55032670805,ok,0.0006210188709542733,14509.880831815322,ok,23.369669409210474,65.20568197590492,0.03423854028260193,-8.96249099702436,61.34713363647461,-0.013130806587838799,,,0.0038989235312830157
357,5,48.44343333333333,Forward,0.3499034927410749,302.07591057940226,17135.0,17143.859415553008,ok,0.0006104144908544353,14510.12818699634,ok,23.678758254169225,65.20613481717896,0.03469138155663605,-8.715135816006295,61.347496032714844,-0.012768410347605315,,,0.0038989235312830157
358,5,48.57848333333333,Forward,0.34939478849732875,301.95023365755696,17130.0,17144.294735430238,ok,0.0006158022410615124,14510.521351547224,ok,24.114078131398855,65.20677259758104,0.035329161958718665,-8.321971265122556,61.34807205200195,-0.012192391060493852,,,0.0038989235312830157
359,5,48.71353333333333,Forward,0.34901374224822534,301.67577849131703,17130.0,17144.69738177582,ok,0.0006139244949739728,14510.563011367185,ok,24.516724476980016,65.20736250849853,0.03591907287621712,-8.280311445161715,61.3481330871582,-0.012131355904244141,,,0.0038989235312830157
360,5,48.84911666666667,Forward,0.3484790857933625,301.32363796842037,17135.0,17145.128506499874,ok,0.0006120975166134908,14510.956175918067,ok,24.947849201034842,65.20799414264675,0.03655070702443315,-7.887146894279795,61.34870910644531,-0.011555336617135342,,,0.0038989235312830157
361,5,48.98441666666667,Forward,0.34808138706064773,301.27306457644227,17135.0,17145.48104522775,ok,0.0006146393053443125,14511.029080602999,ok,25.300387928909913,65.20851064167051,0.03706720604819644,-7.814242209347867,61.34881591796875,-0.011448525093697684,,,0.0038989235312830157
362,5,49.118916666666664,Forward,0.3476123689494469,301.20540700053607,17135.0,17145.840062575302,ok,0.0006124923139948626,14511.029080602999,ok,25.659405276463076,65.20903663241951,0.03759319679719297,-7.814242209347867,61.34881591796875,-0.011448525093697684,,,0.0038989235312830157
363,5,49.25395,Forward,0.34705389632278794,300.8252539613095,17140.0,17146.292516413974,ok,0.0006092632628529475,14511.612318082452,ok,26.111859115135303,65.20969951552283,0.03825607990050685,-7.231004729894266,61.34967041015625,-0.010594032906199086,,,0.0038989235312830157
364,5,49.389783333333334,Forward,0.3467283609179149,300.83408592824344,17135.0,17146.5910564849,ok,0.0006130571042498359,14512.338761193025,ok,26.410399186061113,65.2101369019516,0.03869346632927403,-6.504561619321976,61.35073471069336,-0.009529732369087282,,,0.0038989235312830157
365,5,49.52455,Forward,0.346221964542048,300.50182613176,17135.0,17146.98220188614,ok,0.0006112004047938705,14512.612153761518,ok,26.801544587302487,65.21070996301387,0.039266527391553285,-6.231169050828612,61.35113525390625,-0.009129189156198064,,,0.0038989235312830157
366,5,49.65958333333333,Forward,0.3458921706639414,300.3025142958759,17140.0,17147.356115808674,ok,0.0006180592076494304,14513.067808042342,ok,27.175458509835153,65.21125777850389,0.039814342881566794,-5.77551477000452,61.351802825927734,-0.008461617134713368,,,0.0038989235312830157
367,5,49.7941,Forward,0.3454756845335538,300.04378356423695,17140.0,17147.729744521144,ok,0.0006120342959576667,14513.171957592245,ok,27.54908722230539,65.21180517613706,0.04036174051474029,-5.671365220101507,61.35195541381836,-0.008309029244087761,,,0.0038989235312830157
368,5,49.9294,Forward,0.34515219257523533,299.984632889973,17145.0,17147.975555847897,ok,0.000619961734897001,14513.416709034516,ok,27.794898549058416,65.21216531050035,0.04072187487802899,-5.4266137778304255,61.35231399536133,-0.007950447701119053,,,0.0038989235312830157
369,5,50.0647,Forward,0.34486714765872306,299.7343451551278,17135.0,17148.332831945245,ok,0.000617697311966631,14513.62500813432,ok,28.15217464640591,65.21268875017067,0.04124531454834892,-5.218314678026218,61.35261917114258,-0.007645271919870506,,,0.0038989235312830157
370,5,50.199733333333334,Forward,0.3445620100583495,299.62103437547194,17145.0,17148.585875088575,ok,0.000617191717433653,14514.38529984861,ok,28.405217789735616,65.21305947975628,0.04161604413396795,-4.458022963735857,61.35373306274414,-0.006531380318305979,,,0.0038989235312830157
371,5,50.33505,Forward,0.3441651248637612,299.37863592167196,17140.0,17148.84885731485,ok,0.0006134589590164452,14514.429563407319,ok,28.668200016010815,65.21344477093822,0.04200133531589554,-4.413759405028031,61.353797912597656,-0.006466530464791495,,,0.0038989235312830157
372,5,50.469833333333334,Forward,0.3438282123809111,299.31485903300563,17140.0,17149.183574201732,ok,0.000621097206650436,14514.645673723366,ok,29.00291690289305,65.21393515945908,0.04249172383676472,-4.197649088981052,61.3541145324707,-0.00614991059174596,,,0.0038989235312830157
373,5,50.605666666666664,Forward,0.3434980044804463,299.0667727016735,17140.0,17149.46778018347,ok,0.0006256790022903393,14514.676918588337,ok,29.287122884630662,65.21435154523604,0.04290810961372589,-4.166404224009966,61.35416030883789,-0.006104134224558012,,,0.0038989235312830157
374,5,50.741,Forward,0.3430845147938258,298.8920533225755,17140.0,17149.72998963177,ok,0.000625010434847282,14515.351286923957,ok,29.549332332931954,65.21473570423295,0.043292268610626565,-3.4920358883900917,61.35514831542969,-0.005116127632760342,,,0.0038989235312830157
375,5,50.87656666666667,Forward,0.34281145827798587,298.7664699880952,17140.0,17150.080642741417,ok,0.000617059851829886,14515.351286923957,ok,29.899985442578327,65.21524944066668,0.043806005044361274,-3.4920358883900917,61.35514831542969,-0.005116127632760342,,,0.0038989235312830157
376,5,51.011633333333336,Forward,0.34241358880787337,298.6921255479865,17145.0,17150.301764572952,ok,0.0006123055594729485,14515.556982285014,ok,30.121107274113456,65.21557340283337,0.044129967211040205,-3.286340527332868,61.35544967651367,-0.004814766548776569,,,0.0038989235312830157
377,5,51.14613333333333,Forward,0.34216459240640906,298.55165650979325,17140.0,17150.55208102512,ok,0.0006223281497949273,14515.726225303606,ok,30.371423726279318,65.21594013758605,0.04449670196371502,-3.1170975087406987,61.35569763183594,-0.004566811226510292,,,0.0038989235312830157
378,5,51.28145,Forward,0.34192835708854935,298.46741072961595,17145.0,17150.822159363313,ok,0.0006240084206425912,14516.132408548227,ok,30.64150206447448,65.21633582517151,0.04489238954918462,-2.7109142641202197,61.356292724609375,-0.003971718453072293,,,0.0038989235312830157
379,5,51.41623333333333,Forward,0.34148930035587066,298.32853578053255,17140.0,17151.119254853445,ok,0.0006202585378409806,14516.218331926895,ok,30.93859755460653,65.21677109516736,0.04532765954503045,-2.6249908854515525,61.35641860961914,-0.0038458334433081,,,0.0038989235312830157
380,5,51.552083333333336,Forward,0.3412122075348781,298.077897612151,17145.0,17151.41600790698,ok,0.0006241874278655898,14516.452668414177,ok,31.235350608141744,65.21720586346464,0.04576242784232806,-2.390654398170227,61.35676193237305,-0.0035025106894011524,,,0.0038989235312830157
381,5,51.68728333333333,Forward,0.34080135913875204,297.9822007676594,17140.0,17151.71487436182,ok,0.0006149155422803971,14516.67398620772,ok,31.534217062981043,65.21764372807343,0.046200292451106004,-2.1693366046274605,61.357086181640625,-0.0031782614218234047,,,0.0038989235312830157
382,5,51.823116666666664,Forward,0.3404584340836371,297.7556282217047,17145.0,17151.976522263893,ok,0.0006217826192846053,14516.710438550186,ok,31.795864965053624,65.21802706435766,0.046583628735334295,-2.1328842621605872,61.357139587402344,-0.003124855660103243,,,0.0038989235312830157
383,5,51.959266666666664,Forward,0.33998757971486143,297.67830292848157,17145.0,17152.38642399656,ok,0.0006196884938828524,14516.843229226311,ok,32.20576669771981,65.21862760503026,0.04718416940794939,-2.000093586035291,61.35733413696289,-0.0029303060995571274,,,0.0038989235312830157
384,5,52.09458333333333,Forward,0.33960864334645313,297.3543017643897,17140.0,17152.65295360604,ok,0.000617425915179131,14517.580087291872,ok,32.47229630720176,65.21901809342833,0.047574657806007656,-1.2632355204750638,61.35841369628906,-0.0018507467733862265,,,0.0038989235312830157
385,5,52.23068333333333,Forward,0.33940159025516026,297.2594662040465,17145.0,17153.009865176966,ok,0.000614125802948066,14517.707670490503,ok,32.82920787812691,65.21954099903664,0.04809756341431854,-1.135652321843736,61.35860061645508,-0.001663826607369659,,,0.0038989235312830157
386,5,52.36573333333333,Forward,0.3391520144912876,297.1354932559261,17145.0,17153.04200036671,ok,0.0006044465111267329,14517.715481706746,ok,32.86134306787062,65.21958807980485,0.04814464418252554,-1.1278411056009645,61.358612060546875,-0.001652382515572672,,,0.0038989235312830157
387,5,52.50131666666667,Forward,0.33871603036927866,297.0498871543823,17145.0,17153.437175137457,ok,0.0006189313302524158,14518.249248149996,ok,33.25651783861758,65.2201670442339,0.04872360861158825,-0.5940746623509767,61.35939407348633,-0.0008703695761207705,,,0.0038989235312830157
388,5,52.63635,Forward,0.3385577866574322,296.88723862904953,17145.0,17153.575450625114,ok,0.0006160871409804396,14518.658035133365,ok,33.39479332627525,65.22036962950679,0.048926193884463245,-0.18528767898169463,61.35999298095703,-0.0002714621054153326,,,0.0038989235312830157
389,5,52.7722,Forward,0.33815551929397014,296.66906561115684,17145.0,17153.910325293848,ok,0.0006257663661656635,14518.665846349608,ok,33.72966799500864,65.2208602491914,0.049416813569076,-0.17747646273892315,61.36000442504883,-0.0002600180136183455,,,0.0038989235312830157
390,5,52.90725,Forward,0.3377035630415639,296.56693941609774,17145.0,17154.238654447716,ok,0.0006184445019947369,14518.68407252084,ok,34.05799714887689,65.22134127914367,0.04989784352135424,-0.15925029150639602,61.36003112792969,-0.00023331513275959726,,,0.0038989235312830157
391,5,53.04255,Forward,0.33742980511408593,296.3651044928083,17145.0,17154.598056824598,ok,0.0006284670231678931,14518.832485629451,ok,34.41739952575881,65.22186783399317,0.05042439837085008,-0.010837182895556907,61.36024856567383,-1.587738861950745e-05,,,0.0038989235312830157
392,5,53.17733333333333,Forward,0.3372898043108002,296.2616540559502,17145.0,17154.876755456495,ok,0.0006272163569291553,14518.97308752182,ok,34.6960981576558,65.22227615103728,0.05083271541495642,0.12976470947251073,61.36045455932617,0.00019011626372359526,,,0.0038989235312830157
393,5,53.313183333333335,Forward,0.3367725504783245,296.0400016700769,17150.0,17155.18945915581,ok,0.0006316892267853421,14519.793265227303,ok,35.00880185696951,65.22273428837838,0.05129085275605426,0.9499424149562401,61.361656188964844,0.0013917459023965802,,,0.0038989235312830157
394,5,53.44821666666667,Forward,0.33643978707012057,295.99446914752843,17145.0,17155.44486949182,ok,0.0006308842887189791,14519.85054747975,ok,35.264212192982086,65.2231084861013,0.0516650504789674,1.0072246674026246,61.36174011230469,0.0014756692422402639,,,0.0038989235312830157
395,5,53.58273333333333,Forward,0.33620606129486214,295.79290075870085,17150.0,17155.670653054487,ok,0.0006223758873011835,14519.959904507146,ok,35.489995755648124,65.22343927809797,0.05199584247564167,1.1165816947996063,61.361900329589844,0.0016358865273954182,,,0.0038989235312830157
396,5,53.7183,Forward,0.335840682118844,295.728645588777,17145.0,17156.01138137723,ok,0.0006296259252059719,14520.162996129457,ok,35.83072407839063,65.2239384738803,0.052495038257976745,1.3196733171098458,61.36219787597656,0.0019334329141144177,,,0.0038989235312830157
397,5,53.85308333333333,Forward,0.3355190992043539,295.5770684421477,17150.0,17156.35690184245,ok,0.0006232462100141182,14520.49106721165,ok,36.176244543610665,65.22444469055627,0.05300125493394893,1.64774439930261,61.36267852783203,0.0024140847695825456,,,0.0038989235312830157
398,5,53.98918333333334,Forward,0.33517550469788815,295.22851291501865,17145.0,17156.62606618151,ok,0.0006170160120800463,14520.647291536505,ok,36.44540888267147,65.22483903905578,0.05339560343345921,1.8039687241580395,61.36290740966797,0.0026429666055222873,,,0.0038989235312830157
399,5,54.12505,Forward,0.33472247165026026,295.1938677115504,17145.0,17156.88712241018,ok,0.0006198637790950372,14520.754044825155,ok,36.70646511133964,65.22522150848849,0.05377807286615715,1.910722012808037,61.36306381225586,0.0027993691934126677,,,0.0038989235312830157
400,5,54.25983333333333,Forward,0.3345181321339764,294.9527700523977,17145.0,17157.13922476158,ok,0.000611005045573567,14521.162831808522,ok,36.958567462741485,65.22559085973444,0.05414742411211054,2.3195089961755,61.36366271972656,0.0033982766641154406,,,0.0038989235312830157
401,5,54.39463333333333,Forward,0.33402512973918697,294.84247266072634,17155.0,17157.52266566857,ok,0.0006144128775449735,14521.610674873104,ok,37.34200836973105,65.22615263306164,0.054709197439326944,2.7673520607568207,61.36431884765625,0.004054404593803149,,,0.0038989235312830157
402,5,54.53021666666667,Forward,0.3336887332047806,294.43971406706623,17155.0,17157.778922456233,ok,0.0006272237661008264,14521.621089828093,ok,37.59826515739405,65.22652807090775,0.0550846352854281,2.7777670157465764,61.36433410644531,0.00406966338286491,,,0.0038989235312830157
403,5,54.66578333333333,Forward,0.33342231023872315,294.64899669183797,17155.0,17158.076202600718,ok,0.0006157938959926771,14522.113196451382,ok,37.89554530187888,65.22696361143782,0.05552017581550295,3.2698736390357226,61.365055084228516,0.004790641166067102,,,0.0038989235312830157
404,5,54.80056666666667,Forward,0.33334794128571976,294.3603125134978,17150.0,17158.324912771077,ok,0.000625185522624489,14522.449078749818,ok,38.144255472238,65.22732799285194,0.05588455722960962,3.605755937471258,61.36554718017578,0.005282737113332217,,,0.0038989235312830157
405,5,54.93505,Forward,0.33299362676990396,294.2677429848882,17150.0,17158.594720708326,ok,0.0006210374952055012,14522.579265687196,ok,38.414063409487426,65.22772328427718,0.05627984865484644,3.73594287484957,61.36573791503906,0.005473471976613559,,,0.0038989235312830157
406,5,55.0701,Forward,0.3326341358956297,294.18537634698805,17145.0,17158.843644303586,ok,0.0006196327416213196,14522.579265687196,ok,38.662987004747265,65.22808797837679,0.0566445427544658,3.73594287484957,61.36573791503906,0.005473471976613559,,,0.0038989235312830157
407,5,55.20486666666667,Forward,0.33248795856833574,293.9949573928352,17145.0,17159.00436113929,ok,0.0006291536877106575,14522.691226453342,ok,38.823703840451344,65.22832344212071,0.056880006498389264,3.847903640995355,61.365901947021484,0.005637503959036152,,,0.0038989235312830157
408,5,55.34045,Forward,0.3320674994542061,293.83277450894093,17155.0,17159.208446983725,ok,0.0006302690792955615,14523.029712490526,ok,39.02778968488565,65.22862244512685,0.057179009504525875,4.186389678179694,61.366397857666016,0.0061334146035687065,,,0.0038989235312830157
409,5,55.475233333333335,Forward,0.3318982658997235,293.7826225002791,17155.0,17159.50548648988,ok,0.0006069729475790218,14523.290086365283,ok,39.32482919104223,65.22905763310143,0.057614197479117335,4.446763552936318,61.36677932739258,0.0065148843301313895,,,0.0038989235312830157
410,5,55.6108,Forward,0.3315403302166299,293.60214450949934,17150.0,17159.787764895034,ok,0.0006318165928542403,14523.45412190638,ok,39.60710759619542,65.22947119481583,0.058027759193513564,4.6107990940327,61.36701965332031,0.006755210257865453,,,0.0038989235312830157
411,5,55.746383333333334,Forward,0.33132176729111706,293.4693469150334,17155.0,17160.026300871217,ok,0.000617312824897743,14523.909776187204,ok,39.84564357237832,65.22982067017581,0.05837723455349316,5.066453374856792,61.3676872253418,0.007422782279350149,,,0.0038989235312830157
412,5,55.8809,Forward,0.33098060123551315,293.4501758893821,17150.0,17160.282253759204,ok,0.0006238162469195912,14523.995699565872,ok,40.10159646036482,65.23019566278322,0.05875222716089051,5.152376753525459,61.36781311035156,0.007548667289114342,,,0.0038989235312830157
413,5,56.0162,Forward,0.33082583701056734,293.36301962038124,17150.0,17160.45223197471,ok,0.000614211337233461,14524.112867809514,ok,40.27157467586949,65.23044469523107,0.059001259608753374,5.269544997167031,61.367984771728516,0.007720328666069148,,,0.0038989235312830157
414,5,56.15125,Forward,0.3306146788076811,293.1935441612113,17155.0,17160.728384420334,ok,0.0006217427891298902,14524.217017359415,ok,40.54772712149497,65.23084928189715,0.059405846274834355,5.373694547068226,61.36813735961914,0.007872916556692089,,,0.0038989235312830157
415,5,56.28628333333333,Forward,0.3300832090043788,293.0484690898811,17155.0,17160.99931893605,ok,0.0006210338922303832,14524.4461463692,ok,40.818661637211335,65.23124622385504,0.05980278823271443,5.602823556853764,61.368473052978516,0.008208609916066825,,,0.0038989235312830157
416,5,56.42106666666667,Forward,0.3299519495174471,292.97819182118474,17155.0,17161.193675361028,ok,0.0006190429446328847,14524.75599128016,ok,41.013018062189076,65.2315309724396,0.060087536817269076,5.912668467814001,61.368927001953125,0.008662558890676204,,,0.0038989235312830157
417,5,56.55583333333333,Forward,0.32972919205388906,292.85102853056014,17155.0,17161.46894274961,ok,0.0006155495913136047,14524.75599128016,ok,41.28828545076976,65.23193426242233,0.06049082679999737,5.912668467814001,61.368927001953125,0.008662558890676204,,,0.0038989235312830157
418,5,56.69146666666666,Forward,0.32946650364325236,292.6310119533482,17155.0,17161.700305220256,ok,0.000616048565548821,14525.045006281141,ok,41.519647921417345,65.23227322799058,0.06082979236824917,6.201683468794727,61.36935043334961,0.009085990287162062,,,0.0038989235312830157
419,5,56.8265,Forward,0.329173489031385,292.61350541521097,17155.0,17161.95089205894,ok,0.0006183690186743777,14525.211645560985,ok,41.77023476010072,65.23264035888234,0.06119692326001819,6.368322748638093,61.36959457397461,0.0093301309121609,,,0.0038989235312830157
420,5,56.96208333333333,Forward,0.32892659417103154,292.4678843830261,17155.0,17162.122656850726,ok,0.0006261217220953023,14525.235079209713,ok,41.94199955188742,65.23289200881541,0.061448573193089294,6.391756397366407,61.36962890625,0.009364463187551861,,,0.0038989235312830157
421,5,57.097116666666665,Forward,0.32860999012468384,292.3429851818182,17155.0,17162.370626052954,ok,0.0006209149812582996,14525.883410157858,ok,42.1899687541154,65.2332553046486,0.06181186902627644,7.040087345510983,61.37057876586914,0.010314322806693794,,,0.0038989235312830157
422,5,57.23243333333333,Forward,0.32835801148889593,292.17517965774096,17155.0,17162.54526897717,ok,0.0006263163472949512,14526.16982142009,ok,42.36461167833113,65.23351117128887,0.06206773566654115,7.326498607742906,61.37099838256836,0.010733939505912213,,,0.0038989235312830157
423,5,57.36725,Forward,0.32816139130994837,292.01341621528627,17150.0,17162.731003363286,ok,0.0006235705059919227,14526.354686871166,ok,42.550346064446785,65.23378328785797,0.06233985223565183,7.511364058818799,61.37126922607422,0.0110047830117698,,,0.0038989235312830157
424,5,57.50205,Forward,0.3279428230504143,291.72321481643667,17155.0,17163.029802702426,ok,0.0006121419307971627,14526.365101826157,ok,42.84914540358659,65.23422105413658,0.06277761851425914,7.521779013810374,61.37128448486328,0.011020041800834225,,,0.0038989235312830157
425,5,57.6379,Forward,0.32734011588590295,291.6250040116174,17155.0,17163.548514878705,ok,0.0006214978545798365,14526.365101826157,ok,43.36785757986581,65.23498101130292,0.06353757568060282,7.521779013810374,61.37128448486328,0.011020041800834225,,,0.0038989235312830157
426,5,57.77268333333333,Forward,0.3273440983491024,291.57458673294605,17155.0,17163.59854742968,ok,0.0006201748623402261,14526.617664484671,ok,43.41789013084053,65.23505431321756,0.06361087759523384,7.774341672324226,61.37165451049805,0.011390067435599921,,,0.0038989235312830157
427,5,57.90773333333333,Forward,0.3269047842584151,291.3359363124073,17155.0,17163.870462572668,ok,0.0006132049039007294,14526.700984124593,ok,43.689805273828824,65.23545269187724,0.06400925625492447,7.857661312245909,61.37177658081055,0.011512137748099342,,,0.0038989235312830157
428,5,58.04333333333334,Forward,0.32679545042482394,291.3763187205841,17155.0,17164.110698561628,ok,0.0006155239300609524,14527.008225296806,ok,43.93004126278902,65.23580465789959,0.06436122227726376,8.164902484459162,61.37222671508789,0.011962272025443947,,,0.0038989235312830157
429,5,58.1781,Forward,0.32652469607262646,291.2258731978982,17160.0,17164.252926352012,ok,0.0006255819637074852,14527.258184216571,ok,44.07226905317293,65.2360130336299,0.0645695980075788,8.414861404224212,61.37259292602539,0.012328482962942203,,,0.0038989235312830157
430,5,58.31315,Forward,0.3262868294989796,291.2673281462812,17155.0,17164.48369375834,ok,0.000612781026336361,14527.305051514028,ok,44.30303645949971,65.23635112737864,0.06490769175632122,8.46172870168084,61.37266159057617,0.012397147513724126,,,0.0038989235312830157
431,5,58.44845,Forward,0.3260314743935373,291.02825320518605,17155.0,17164.728142379015,ok,0.0006253158256157637,14527.778931966084,ok,44.54748508017656,65.23670926526239,0.06526582964006775,8.93560915373746,61.373355865478516,0.01309142241606757,,,0.0038989235312830157
432,5,58.584,Forward,0.3258763643145399,290.8951244118907,17160.0,17164.895899576302,ok,0.0006225826971334798,14528.099191832034,ok,44.7152422774634,65.2369550437309,0.06551160810857866,9.255869019687452,61.37382507324219,0.01356063017973871,,,0.0038989235312830157
433,5,58.7193,Forward,0.32543775529380103,290.6742645912891,17155.0,17165.045123371772,ok,0.000627909857961441,14528.138247913248,ok,44.86446607293328,65.23717366919979,0.06573023357746546,9.29492510090131,61.37388229370117,0.013617850638723646,,,0.0038989235312830157
434,5,58.85406666666667,Forward,0.32539410413714015,290.6899425951524,17155.0,17165.306643236025,ok,0.0006198909575870081,14528.705862960218,ok,45.12598593718576,65.2375568178978,0.06611338227546887,9.862540147871186,61.37471389770508,0.014449454642630935,,,0.0038989235312830157
435,5,58.98895,Forward,0.3251487856920143,290.5179433674639,17155.0,17165.525925013953,ok,0.0006091636676662404,14528.705862960218,ok,45.34526771511446,65.23787808423046,0.0664346486081408,9.862540147871186,61.37471389770508,0.014449454642630935,,,0.0038989235312830157
436,5,59.12371666666667,Forward,0.32487398710426546,290.3808129435092,17160.0,17165.731507505625,ok,0.000616536331573438,14528.705862960218,ok,45.55085020678598,65.23817927995125,0.06673584432893773,9.862540147871186,61.37471389770508,0.014449454642630935,,,0.0038989235312830157
437,5,59.25906666666667,Forward,0.32468259289748236,290.38058908994935,17155.0,17165.97701480256,ok,0.0006200698001124697,14528.898539627537,ok,45.79635750372108,65.23853896888518,0.06709553326285445,10.055216815189851,61.374996185302734,0.014731742240285508,,,0.0038989235312830157
438,5,59.39436666666667,Forward,0.3244122690032488,290.2541289243818,17155.0,17166.06805290986,ok,0.0006233610986438136,14529.268270529692,ok,45.88739561102193,65.23867234740456,0.06722891178222895,10.424947717345276,61.37553787231445,0.015273429252006011,,,0.0038989235312830157
439,5,59.52941666666667,Forward,0.3243527729338189,290.0663963527768,17160.0,17166.26473410832,ok,0.000629956974609423,14529.557285530671,ok,46.08407680948221,65.23896050197868,0.06751706635636506,10.713962718324183,61.37596130371094,0.015696860648489203,,,0.0038989235312830157
440,5,59.66445,Forward,0.3240945130274819,290.08105724163033,17155.0,17166.452158644355,ok,0.000613466758072008,14529.731736026759,ok,46.2715013455163,65.23923509476023,0.06779165913791386,10.88841321441214,61.376216888427734,0.015952445365287695,,,0.0038989235312830157
441,5,59.799533333333336,Forward,0.32385645798507817,290.09071195885554,17155.0,17166.602119668107,ok,0.0006258686195144564,14529.893167829106,ok,46.42146236926783,65.23945480033085,0.06801136470852469,11.049845016759718,61.3764533996582,0.01618895659575432,,,0.0038989235312830157
442,5,59.93483333333333,Forward,0.32381231015551915,289.93820008899274,17155.0,17166.791375780533,ok,0.0006288703277766815,14530.059807108952,ok,46.610718481693766,65.23973207652656,0.06828864090424487,11.216484296604904,61.3766975402832,0.01643309722075582,,,0.0038989235312830157
443,5,60.0704,Forward,0.32363121849662396,289.9091331579548,17160.0,17166.975707696936,ok,0.0006219000756187048,14529.893167829106,ok,46.79505039809737,65.24000213835905,0.06855870273672704,11.049845016759718,61.3764533996582,0.01618895659575432,,,0.0038989235312830157
444,5,60.205983333333336,Forward,0.3234248162582398,289.73281032794694,17160.0,17167.058300293742,ok,0.0006188650929037666,14530.140523010126,ok,46.877642994903,65.24012314349196,0.06867970786963062,11.297200197779603,61.37681579589844,0.016551352835990466,,,0.0038989235312830157
445,5,60.34128333333334,Forward,0.32326231642597464,289.65718649991686,17160.0,17167.209764881696,ok,0.0006263381440337943,14530.275917424999,ok,47.02910758285725,65.24034505191116,0.06890161628884067,11.432594612651883,61.37701416015625,0.016749717093801356,,,0.0038989235312830157
446,5,60.47605,Forward,0.3230942391509393,289.4816938002623,17155.0,17167.36371835378,ok,0.000612766423541839,14530.275917424999,ok,47.18306105494048,65.24057060675591,0.06912717113359558,11.432594612651883,61.37701416015625,0.016749717093801356,,,0.0038989235312830157
447,5,60.61165,Forward,0.3230290628358282,289.6533552353503,17160.0,17167.49060311445,ok,0.0006160575835984016,14530.275917424999,ok,47.30994581561026,65.24075650365131,0.06931306802898463,11.432594612651883,61.37701416015625,0.016749717093801356,,,0.0038989235312830157
448,5,60.746966666666665,Forward,0.3227472918247501,289.38391245266394,17160.0,17167.603423955657,ok,0.0006238379779736136,14530.45817913733,ok,47.42276665681857,65.24092179571636,0.06947836009404504,11.614856324982611,61.377281188964844,0.017016745902396834,,,0.0038989235312830157
449,5,60.88175,Forward,0.3227719839646438,289.21020942396353,17160.0,17167.747104471564,ok,0.0006133489480751411,14530.536291299755,ok,47.56644717272502,65.24113229981232,0.06968886418999727,11.692968487408507,61.37739562988281,0.01713118682036404,,,0.0038989235312830157
450,5,61.017316666666666,Forward,0.32262875779795414,289.33843694000825,17160.0,17167.85342491125,ok,0.0006226265760895206,14530.536291299755,ok,47.6727676124101,65.2412880682399,0.06984463261758088,11.692968487408507,61.37739562988281,0.01713118682036404,,,0.0038989235312830157
451,5,61.15213333333333,Forward,0.3225970378388485,289.2193624699612,17155.0,17167.917385655925,ok,0.0006129955892343487,14530.62742215592,ok,47.73672835708567,65.24138177613516,0.0699383405128332,11.784099343572962,61.37752914428711,0.017264701224660447,,,0.0038989235312830157
452,5,61.2874,Forward,0.32242661560134683,289.306382721501,17160.0,17167.981035703608,ok,0.000611886253892258,14530.932059589386,ok,47.80037840476871,65.24147502883307,0.07003159321073942,12.08873677703923,61.37797546386719,0.017711020804740275,,,0.0038989235312830157
453,5,61.42245,Forward,0.322500825001348,289.0348653129986,17155.0,17168.0154129312,ok,0.0006089607124740363,14531.374695176472,ok,47.83475563236061,65.24152539437615,0.07008195875383287,12.531372364124763,61.378623962402344,0.018359519339895772,,,0.0038989235312830157
454,5,61.5575,Forward,0.32225329356572663,289.23099962913693,17160.0,17168.123179014263,ok,0.0006035694842452066,14531.374695176472,ok,47.942521715423936,65.24168328079344,0.07023984517111388,12.531372364124763,61.378623962402344,0.018359519339895772,,,0.0038989235312830157
455,5,61.69338333333334,Forward,0.3223203537841327,289.19265096461095,17160.0,17168.123602338368,ok,0.00062636389081055,14531.49446715886,ok,47.94294503952915,65.24168390099902,0.0702404653766964,12.65114434651332,61.37879943847656,0.01853499541411535,,,0.0038989235312830157
456,5,61.8292,Forward,0.32226628167892235,289.1960000454019,17160.0,17168.12960487834,ok,0.0006216038119568127,14531.62205035749,ok,47.94894757950169,65.24169269522726,0.07024925960493511,12.778727545142829,61.37898635864258,0.018721915580129256,,,0.0038989235312830157
457,5,61.9643,Forward,0.32252400679481097,289.19266627319666,17155.0,17168.102254299945,ok,0.0006182859683931325,14531.62205035749,ok,47.92159700110642,65.24165262431895,0.07020918869662479,12.778727545142829,61.37898635864258,0.018721915580129256,,,0.0038989235312830157
458,5,62.0999,Forward,0.32222822483905,289.15020268497756,17160.0,17168.04814167755,ok,0.0006177989719279908,14531.62205035749,ok,47.867484378712106,65.24157334475494,0.07012990913262228,12.778727545142829,61.37898635864258,0.018721915580129256,,,0.0038989235312830157
459,5,62.23493333333333,Forward,0.322571173651263,289.19611531433475,17160.0,17167.92561531798,ok,0.0006256294575264683,14531.681936348685,ok,47.74495801914236,65.24139383328543,0.06995039766310376,12.838613536338016,61.37907409667969,0.01880965361724038,,,0.0038989235312830157
460,5,62.36976666666666,Forward,0.322736853924242,289.37298579380877,17160.0,17167.727597953228,ok,0.0006104774717462307,14531.62205035749,ok,47.54694065438889,65.24110372111477,0.06966028549245003,12.778727545142829,61.37898635864258,0.018721915580129256,,,0.0038989235312830157
461,5,62.5048,Forward,0.3228627934043524,289.4311621905981,17160.0,17167.56156198137,ok,0.0006208688338141255,14531.564768105043,ok,47.380904682529945,65.24086046438694,0.0694170287646243,12.721445292696444,61.378902435302734,0.018637992240285572,,,0.0038989235312830157
462,5,62.6404,Forward,0.3232824461118692,289.6001522088045,17160.0,17167.23072404183,ok,0.0006084710607006742,14531.564768105043,ok,47.050066742991476,65.24037575885168,0.06893232322936171,12.721445292696444,61.378902435302734,0.018637992240285572,,,0.0038989235312830157
463,5,62.77596666666667,Forward,0.3238329731071601,289.7738652075459,17160.0,17166.8398398631,ok,0.000631359997504861,14531.215867112871,ok,46.659182564260846,65.23980308050245,0.06835964488013245,12.372544300524169,61.37839126586914,0.01812682280669392,,,0.0038989235312830157
464,5,62.91101666666667,Forward,0.324209431459713,290.15249221506747,17155.0,17166.341774013254,ok,0.0006290725384774984,14530.825306300736,ok,46.161116714414675,65.23907337194882,0.067629936326505,11.981983488389233,61.3778190612793,0.017554618216849897,,,0.0038989235312830157
465,5,63.04578333333333,Forward,0.32507652225993533,290.432301067307,17155.0,17165.770589981792,ok,0.0006120955070857294,14530.736779183319,ok,45.589932682953076,65.23823653908109,0.06679310345875937,11.893456370971762,61.377689361572266,0.017424918509818265,,,0.0038989235312830157
466,5,63.1811,Forward,0.3257182837458086,290.7678335491619,17155.0,17165.009171580015,ok,0.0006224762645322054,14530.33840715494,ok,44.82851428117647,65.23712099678716,0.0656775611648291,11.495084342594055,61.377105712890625,0.01684126982817725,,,0.0038989235312830157
467,5,63.31563333333333,Forward,0.32674090530638844,291.3186990461436,17155.0,17164.184915486865,ok,0.0006185022901839231,14529.859319225388,ok,44.00425818802614,65.23591339196595,0.06446995634362504,11.015996413041648,61.37640380859375,0.016139365531301596,,,0.0038989235312830157
468,5,63.4504,Forward,0.3282561472240435,291.81595596752595,17155.0,17163.021124195304,ok,0.0006173463926752997,14529.023519087421,ok,42.84046689646493,65.23420833939036,0.06276490376804365,10.180196275074195,61.375179290771484,0.014914847709037301,,,0.0038989235312830157
469,5,63.584916666666665,Forward,0.3296767981584684,292.6582666117465,17150.0,17161.7620314003,ok,0.0006131049012936218,14526.872830881932,ok,41.581374101460824,65.23236366205984,0.06092022643750805,8.029508069585063,61.37202835083008,0.011763907767630392,,,0.0038989235312830157
470,5,63.71995,Forward,0.3313943098410893,293.43459046510907,17150.0,17160.330876979253,ok,0.0006113330199472546,14525.935484932808,ok,40.15021968041401,65.23026689990895,0.05882346428663556,7.09216212046158,61.37065505981445,0.010390616752005265,,,0.0038989235312830157
471,5,63.85525,Forward,0.333263492021107,294.16027636409854,17145.0,17158.622652458173,ok,0.0006134407107734203,14524.878367001296,ok,38.4419951593336,65.22776420665076,0.05632077102843787,6.035044188949541,61.36910629272461,0.008841849662160558,,,0.0038989235312830157
472,5,63.9903,Forward,0.3353910616953055,295.1696202215571,17140.0,17156.76554021961,ok,0.0006217013351325153,14523.821249069786,ok,36.58488292077163,65.22504338030632,0.05359994468400285,4.9779262574393215,61.367557525634766,0.007293082572318517,,,0.0038989235312830157
473,5,64.12586666666667,Forward,0.3377747443882412,296.2602656603158,17145.0,17154.629628789015,ok,0.0006296814761683285,14520.696762572708,ok,34.44897149017561,65.2219140895887,0.05047065396636396,1.8534397603616526,61.362979888916016,0.002715445853568984,,,0.0038989235312830157
474,5,64.26116666666667,Forward,0.34052517415846184,297.65783378539345,17145.0,17152.3052891507,ok,0.0006171653926868966,14518.996521170548,ok,32.12463185186061,65.21850873562568,0.04706530000335362,0.15319835820082517,61.36048889160156,0.00022444853911455655,,,0.0038989235312830157
475,5,64.39648333333334,Forward,0.34353844687493174,298.87550075848776,17145.0,17149.76522447758,ok,0.0006158113769265156,14518.059175221424,ok,29.584567178742873,65.2147873262592,0.04334389063687452,-0.7841475909226574,61.35911560058594,-0.00114884247651057,,,0.0038989235312830157
476,5,64.53151666666666,Forward,0.34682209414178905,300.451425100091,17140.0,17146.89692160518,ok,0.0006073066335995169,14515.064875661725,ok,26.716264306342055,65.21058502019659,0.03914158457426959,-3.7784471506220143,61.35472869873047,-0.005535744331978761,,,0.0038989235312830157
477,5,64.66633333333333,Forward,0.3502208725295012,301.86868610621605,17130.0,17143.899530840543,ok,0.0006216517294730681,14512.627776194004,ok,23.718873541703942,65.2061935894647,0.03475015384237768,-6.215546618343069,61.351158142089844,-0.009106300972604089,,,0.0038989235312830157
478,5,64.80118333333333,Forward,0.3539346734432611,303.6485325577487,17130.0,17140.63072399594,ok,0.0006114351587412474,14509.500685958179,ok,20.450066697099828,65.20140451124261,0.029961075620290673,-9.342636854167722,61.34657669067383,-0.013687752388618397,,,0.0038989235312830157
479,5,64.93645,Forward,0.3578325289600802,305.4793670411782,17130.0,17137.146179583873,ok,0.0006125801734061314,14505.98043117147,ok,16.96552228503424,65.19629935925565,0.024855923633330935,-12.862891640876114,61.3414192199707,-0.018845223091744166,,,0.0038989235312830157
480,5,65.0715,Forward,0.36194690980623156,307.3335426118574,17130.0,17133.477404933863,ok,0.0006225029253461755,14504.795730041329,ok,13.296747635024076,65.19092429440374,0.019480858781422722,-14.047592771017662,61.339683532714844,-0.020580910347602777,,,0.0038989235312830157
481,5,65.2063,Forward,0.3661678904273482,309.27708265410183,17120.0,17129.633228648003,ok,0.0006066241742367624,14500.49435363035,ok,9.452571349163918,65.18529225133491,0.013848815712598979,-18.348969181995926,61.33338165283203,-0.026882790230416596,,,0.0038989235312830157
482,5,65.3411,Forward,0.37070606681071716,311.3301577902166,17115.0,17125.75232336788,ok,0.0006150164583080214,14497.07304091605,ok,5.571666069041385,65.17960639718612,0.008162961563799231,-21.770281896297092,61.328369140625,-0.03189530243744897,,,0.0038989235312830157
483,5,65.47613333333334,Forward,0.375208018032811,313.3533599819202,17110.0,17121.721686101835,ok,0.0006108126769414242,14494.245380636195,ok,1.541028802996152,65.17370117302649,0.0022577374041602297,-24.597942176151264,61.32422637939453,-0.03603806366791566,,,0.0038989235312830157
484,5,65.61143333333334,Forward,0.37965458827826426,315.269102080023,17105.0,17117.69355965479,ok,0.000613480198031328,14490.94644364303,ok,-2.487097644050664,65.16779962742882,-0.0036438081934968155,-27.89687916931689,61.319393157958984,-0.04087128510346368,,,0.0038989235312830157
485,5,65.74595,Forward,0.38420562632198707,317.30082534949906,17105.0,17113.576326076178,ok,0.0006084651239856024,14487.733430028535,ok,-6.604331222661131,65.1617675323544,-0.009675903267917394,-31.10989278381203,61.3146858215332,-0.04557862152924485,,,0.0038989235312830157
486,5,65.88151666666667,Forward,0.38857565577141084,319.23915443869555,17095.0,17109.683487346232,ok,0.0006107319318155579,14483.98404623204,ok,-10.497169952606782,65.1560641946933,-0.015379240929013563,-34.85927658030596,61.3091926574707,-0.051071785591745356,,,0.0038989235312830157
487,5,66.01521666666666,Forward,0.39277328630216435,321.1566519073167,17095.0,17105.834370783214,ok,0.000608116974321109,14481.080877528506,ok,-14.346286515625252,65.15042491370102,-0.021018521921298276,-37.76244528384086,61.30493927001953,-0.05532517304291714,,,0.0038989235312830157
488,5,66.1508,Forward,0.3966960556690603,322.8708771081365,17090.0,17102.13586096621,ok,0.000610126931927104,14478.104804140039,ok,-18.04479633262963,65.14500628431702,-0.026437151305297817,-40.73851867230769,61.30057907104492,-0.059685372017526585,,,0.0038989235312830157
489,5,66.28585,Forward,0.4006248910312463,324.5436688236441,17090.0,17098.596869803285,ok,0.0006084830331566549,14475.36827471635,ok,-21.583787495554134,65.13982136323963,-0.03162207238269257,-43.47504809599741,61.29656982421875,-0.06369461884369687,,,0.0038989235312830157
490,5,66.42168333333333,Forward,0.4042812870116923,326.11427604557684,17080.0,17095.118694029537,ok,0.0006183202157120437,14472.014659209484,ok,-25.061963269301486,65.13472554184591,-0.03671789377640403,-46.828663602862434,61.291656494140625,-0.0686079489218238,,,0.0038989235312830157
491,5,66.55671666666667,Forward,0.4079407759792568,327.5940786788342,17080.0,17091.84550863986,ok,0.0006109244622782513,14471.092935692846,ok,-28.33514865897814,65.12993004868534,-0.04151338693698334,-47.750387119500374,61.290306091308594,-0.06995835175385495,,,0.0038989235312830157
492,5,66.69228333333334,Forward,0.4112972180879926,329.07996147820813,17075.0,17088.61868477512,ok,0.0006061179313056424,14467.536228563673,ok,-31.561972523719305,65.12520247907607,-0.046240956546258954,-51.30709424867382,61.28509521484375,-0.07516922821869822,,,0.0038989235312830157
493,5,66.82733333333333,Forward,0.414563735810003,330.5233743656354,17075.0,17085.616587332224,ok,0.0006145534336664608,14465.29440950202,ok,-34.564069966614625,65.12080415266284,-0.050639282959484,-53.54891331032741,61.28181076049805,-0.07845368256440154,,,0.0038989235312830157
494,5,66.96265,Forward,0.4176553475014968,331.7008900221408,17070.0,17082.83791618173,ok,0.0006135793674738527,14464.469024319042,ok,-37.34274111711056,65.11673316464618,-0.054710270976150735,-54.374298493305105,61.280601501464844,-0.07966294159760406,,,0.0038989235312830157
495,5,67.09823333333334,Forward,0.4203153115378382,332.77816086669554,17065.0,17080.225884884512,ok,0.0006018059405279438,14460.99563682979,ok,-39.954772414326726,65.11290631809464,-0.05853711752768584,-57.84768598255687,61.2755126953125,-0.08475174774994791,,,0.0038989235312830157
496,5,67.23328333333333,Forward,0.4227728283933288,333.9478179181715,17065.0,17077.823579892003,ok,0.0006098565656210733,14460.084328268142,ok,-42.35707740683574,65.10938673830012,-0.06205669732219927,-58.75899454420505,61.27417755126953,-0.0860868917929173,,,0.0038989235312830157
497,5,67.36805,Forward,0.4251268207831974,334.9111510484181,17060.0,17075.64300656751,ok,0.0006104555292044058,14459.110529976553,ok,-44.53765073133036,65.10619201413425,-0.06525142148806407,-59.73279283579359,61.27275085449219,-0.08751358857025993,,,0.0038989235312830157
498,5,67.50338333333333,Forward,0.42731355178897235,335.780066894451,17065.0,17073.67319372827,ok,0.000613764376099531,14458.136731684963,ok,-46.50746357056778,65.1033060718873,-0.06813736373501926,-60.706591127383945,61.271324157714844,-0.08894028534760522,,,0.0038989235312830157
499,5,67.63841666666667,Forward,0.4291922685785457,336.5689053624119,17060.0,17071.822245421274,ok,0.0006080297469327015,14456.13185284934,ok,-48.35841187756523,65.10059427622343,-0.0708491593988967,-62.7114699630074,61.26838684082031,-0.09187760224213415,,,0.0038989235312830157
500,5,67.77346666666666,Forward,0.43098599162413664,337.4456667659106,17060.0,17070.16350660101,ok,0.0006214489461491469,14455.631935009806,ok,-50.01715069782949,65.09816408369818,-0.07327935192415126,-63.21138780254114,61.26765441894531,-0.092610024117136,,,0.0038989235312830157
501,5,67.90823333333333,Forward,0.43245967030134885,338.03287132826154,17055.0,17068.653432244904,ok,0.0006213091579994675,14455.087753611566,ok,-51.52722505393467,65.09595169717417,-0.0754917384481495,-63.75556920078088,61.2668571472168,-0.09340729584564965,,,0.0038989235312830157
502,5,68.04301666666667,Forward,0.43398897246563267,338.4858688699969,17055.0,17067.28112224618,ok,0.0006164593347664291,14454.540968474575,ok,-52.89953505266021,65.093941147074,-0.07750228854831753,-64.30235433777125,61.266056060791016,-0.09420838227143342,,,0.0038989235312830157
503,5,68.17911666666667,Forward,0.4353861838540145,339.00699144610917,17050.0,17066.00272783818,ok,0.0006124268765681886,14454.119162797471,ok,-54.17792946066038,65.09206819124955,-0.0793752443727639,-64.72416001487545,61.265438079833984,-0.09482636322846273,,,0.0038989235312830157
504,5,68.31443333333333,Forward,0.4367059067101071,339.528376733655,17050.0,17064.804846054554,ok,0.0006098162919429245,14452.319979322903,ok,-55.375811244284705,65.09031319322266,-0.08113024239966163,-66.5233434894435,61.26280212402344,-0.09746231903901055,,,0.0038989235312830157
505,5,68.4508,Forward,0.43782577532866285,340.025865024676,17050.0,17063.66100606233,ok,0.0006186219092819361,14452.051794231904,ok,-56.51965123650734,65.08863737098638,-0.08280606463594584,-66.7915285804429,61.26240921020508,-0.09785523285737022,,,0.0038989235312830157
506,5,68.58558333333333,Forward,0.4393362661092269,340.5242153581312,17050.0,17062.36882229503,ok,0.0006174513341287987,14451.890362429554,ok,-57.81183500380939,65.08674421258543,-0.08469922303688833,-66.9529603827923,61.26217269897461,-0.09809174408783951,,,0.0038989235312830157
507,5,68.72063333333334,Forward,0.4402562019266867,340.9569064260795,17050.0,17061.36702687384,ok,0.0006194591750394784,14451.728930627207,ok,-58.813630425000156,65.08527649764764,-0.08616693797468919,-67.11439218513988,61.26193618774414,-0.09832825531830613,,,0.0038989235312830157
508,5,68.85568333333333,Forward,0.4414580281691068,341.498290411997,17050.0,17060.457174850693,ok,0.0006172899881579865,14451.249842697654,ok,-59.72348244814566,65.08394348755664,-0.08749994806568331,-67.59348011469228,61.261234283447266,-0.09903015961518179,,,0.0038989235312830157
509,5,68.99098333333333,Forward,0.4419938656493796,341.77744557990445,17050.0,17059.758896256397,ok,0.0006146992761038919,14450.770754768102,ok,-60.421761042442085,65.0829204504156,-0.08852298520671682,-68.07256804424469,61.26053237915039,-0.09973206391205744,,,0.0038989235312830157
510,5,69.12656666666666,Forward,0.4424482705050191,341.64458025918793,17050.0,17059.4442359348,ok,0.0006132839733748042,14450.770754768102,ok,-60.736421364039415,65.08245944645753,-0.0889839891647831,-68.07256804424469,61.26053237915039,-0.09973206391205744,,,0.0038989235312830157
511,5,69.26161666666667,Forward,0.44312334059206926,342.0545421919014,17050.0,17058.82662744524,ok,0.0006238716329744714,14450.75252859687,ok,-61.35402985359906,65.08155459783609,-0.08988883778623304,-68.09079421547722,61.26050567626953,-0.09975876679291619,,,0.0038989235312830157
512,5,69.39775,Forward,0.44374058130870947,342.4132087645594,17045.0,17058.223099052135,ok,0.0006096946954247718,14450.609322965753,ok,-61.95755824670414,65.08067037774563,-0.09077305787669261,-68.23399984659409,61.26029586791992,-0.09996857514252673,,,0.0038989235312830157
513,5,69.53331666666666,Forward,0.44428523288184796,342.4799107187064,17045.0,17057.71085174048,ok,0.0006227461985990506,14450.723887470645,ok,-62.46980555835762,65.0799198921522,-0.09152354347011696,-68.11943534170132,61.26046371459961,-0.09980072846283937,,,0.0038989235312830157
514,5,69.66758333333334,Forward,0.44495061625935617,342.7057875266437,17040.0,17057.165955297864,ok,0.0006148981139954482,14450.609322965753,ok,-63.014702000975376,65.07912157282325,-0.0923218627990614,-68.23399984659409,61.26029586791992,-0.09996857514252673,,,0.0038989235312830157
515,5,69.80296666666666,Forward,0.4453489251846361,342.7363413759849,17040.0,17056.71459778852,ok,0.0006221362559278397,14450.244799541095,ok,-63.46605951031961,65.07846029593505,-0.09298313968727648,-68.5985232712519,61.259761810302734,-0.10050263275971236,,,0.0038989235312830157
516,5,69.93826666666666,Forward,0.44583165665083724,342.998082018632,17050.0,17056.28765125565,ok,0.0006218796454154231,14450.244799541095,ok,-63.89300604318851,65.07783478318996,-0.0936086524323728,-68.5985232712519,61.259761810302734,-0.10050263275971236,,,0.0038989235312830157
517,5,70.07356666666666,Forward,0.4462364137503879,343.2197307383867,17040.0,17055.948714200465,ok,0.0006215014117422195,14450.296874316045,ok,-64.23194309837345,65.07733821176593,-0.09410522385638458,-68.54644849630131,61.25983810424805,-0.10042633881440088,,,0.0038989235312830157
518,5,70.2086,Forward,0.44664102334354394,343.3886366385559,17045.0,17055.54324381906,ok,0.0006194206598211323,14450.036500441289,ok,-64.63741347978066,65.07674416339734,-0.09469927222498244,-68.80682237105793,61.259456634521484,-0.10080780854096358,,,0.0038989235312830157
519,5,70.34525,Forward,0.4469912810705904,343.40641783953106,17050.0,17055.258059743497,ok,0.0006126325737670654,14449.89589854892,ok,-64.92259755534178,65.07632634463029,-0.09511709099203816,-68.947424263426,61.25925064086914,-0.10101380219330668,,,0.0038989235312830157
520,5,70.48003333333334,Forward,0.44731371153916255,343.64238148981894,17040.0,17054.909295389625,ok,0.0006191504132659039,14449.807371431503,ok,-65.27136190921374,65.07581537538334,-0.09562806023897472,-69.03595138084347,61.25912094116211,-0.1011435019003383,,,0.0038989235312830157
521,5,70.6151,Forward,0.44765317831193885,343.66881901320085,17040.0,17054.569667714895,ok,0.0006074199735645752,14449.807371431503,ok,-65.61098958394359,65.07531779214335,-0.09612564347897304,-69.03595138084347,61.25912094116211,-0.1011435019003383,,,0.0038989235312830157
522,5,70.75066666666666,Forward,0.4479718288396314,343.8546055547449,17040.0,17054.26278901501,ok,0.000625022320900038,14449.67197701663,ok,-65.91786828382828,65.0748681889186,-0.09657524670372954,-69.17134579571757,61.2589225769043,-0.10134186615815186,,,0.0038989235312830157
523,5,70.88625,Forward,0.44846246608061324,343.9547752748949,17040.0,17054.002950353115,ok,0.000614379253759495,14449.807371431503,ok,-66.17770694572391,65.0744875033241,-0.09695593229822856,-69.03595138084347,61.25912094116211,-0.1011435019003383,,,0.0038989235312830157
524,5,71.02101666666667,Forward,0.4486410891202991,344.0913208482998,17040.0,17053.732459280247,ok,0.0006247639555886385,14449.455866700582,ok,-66.44819801859194,65.07409121104746,-0.09735222457486753,-69.38745611176455,61.25860595703125,-0.1016584860311974,,,0.0038989235312830157
525,5,71.15686666666667,Forward,0.44893455482962674,344.23647442084985,17045.0,17053.55605755162,ok,0.0006057325446788051,14449.455866700582,ok,-66.62459974721787,65.07383276761013,-0.09761066801220171,-69.38745611176455,61.25860595703125,-0.1016584860311974,,,0.0038989235312830157
526,5,71.29191666666667,Forward,0.44939029497349836,344.19231495508575,17035.0,17053.294063006175,ok,0.000611562718335,14449.424621835611,ok,-66.88659429266409,65.07344892346406,-0.09799451215826167,-69.41870097673564,61.25856018066406,-0.10170426239838534,,,0.0038989235312830157
527,5,71.42698333333334,Forward,0.4493927362649818,344.2516990916156,17040.0,17053.120391657867,ok,0.0006173462869576407,14449.424621835611,ok,-67.06026564097192,65.07319448026459,-0.09824895535772893,-69.41870097673564,61.25856018066406,-0.10170426239838534,,,0.0038989235312830157
528,5,71.562,Forward,0.4498150124731791,344.31714006155744,17040.0,17052.85630981277,ok,0.000612062571298231,14449.424621835611,ok,-67.32434748606829,65.07280757804818,-0.09863585757414078,-69.41870097673564,61.25856018066406,-0.10170426239838534,,,0.0038989235312830157
529,5,71.69811666666666,Forward,0.449923461292757,344.35795274059274,17035.0,17052.674408510586,ok,0.0006124886208048057,14449.356924628175,ok,-67.50624878825329,65.0725410772709,-0.09890235835142025,-69.48639818417178,61.258460998535156,-0.10180344452729079,,,0.0038989235312830157
530,5,71.83291666666666,Forward,0.45015247062885566,344.40986808556045,17040.0,17052.50111585003,ok,0.0006246035020378328,14449.424621835611,ok,-67.67954144880787,65.07228718888099,-0.09915624674133212,-69.41870097673564,61.25856018066406,-0.10170426239838534,,,0.0038989235312830157
531,5,71.9685,Forward,0.4503704121579229,344.4686224847028,17040.0,17052.29999706366,ok,0.0006156864103873615,14449.50013025929,ok,-67.88066023517968,65.07199253286561,-0.09945090275670843,-69.34319255305672,61.258670806884766,-0.10159363617768291,,,0.0038989235312830157
532,5,72.10355,Forward,0.45068094812408444,344.6001508471345,17040.0,17052.135096274378,ok,0.0006206691567091045,14449.632920935417,ok,-68.04556102446077,65.07175093927619,-0.09969249634614141,-69.21040187692961,61.25886535644531,-0.10139908661713413,,,0.0038989235312830157
533,5,72.2386,Forward,0.45072055548360646,344.68262911699276,17040.0,17052.02285430525,ok,0.0006090262183803505,14449.50013025929,ok,-68.15780299358812,65.07158649530763,-0.09985694031469199,-69.34319255305672,61.258670806884766,-0.10159363617768291,,,0.0038989235312830157
534,5,72.37336666666667,Forward,0.450854337207623,344.75311510274696,17040.0,17051.849687661703,ok,0.0006181354630091752,14449.50013025929,ok,-68.33096963713615,65.07133279154328,-0.10011064407904158,-69.34319255305672,61.258670806884766,-0.10159363617768291,,,0.0038989235312830157
535,5,72.50815,Forward,0.4509701910031325,344.8134946274404,17040.0,17051.77328460211,ok,0.0006192866477893687,14449.398584448136,ok,-68.407372696729,65.07122085460537,-0.10022258101694934,-69.44473836421093,61.258522033691406,-0.10174240937104108,,,0.0038989235312830157
536,5,72.64293333333333,Forward,0.45120197428854314,344.8414156965664,17040.0,17051.56845451932,ok,0.0006188387322114314,14449.380358276903,ok,-68.61220277951725,65.07092076122717,-0.10052267439515819,-69.46296453544346,61.25849533081055,-0.10176911225189983,,,0.0038989235312830157
537,5,72.77943333333333,Forward,0.45123402175169236,344.86404015791413,17040.0,17051.47330954744,ok,0.0006120583071252218,14449.260586294515,ok,-68.70734775139863,65.07078136580418,-0.1006620698181488,-69.58273651783202,61.25831985473633,-0.10194458832611941,,,0.0038989235312830157
538,5,72.9142,Forward,0.4513364794714862,344.92620844379417,17035.0,17051.354150671817,ok,0.0006158541539232484,14449.260586294515,ok,-68.82650662702144,65.07060678798317,-0.1008366476391527,-69.58273651783202,61.25831985473633,-0.10194458832611941,,,0.0038989235312830157
539,5,73.04955,Forward,0.4513609792845914,345.055467677812,17040.0,17051.248545652743,ok,0.0006050013959178639,14449.260586294515,ok,-68.93211164609602,65.07045206770724,-0.10099136791509314,-69.58273651783202,61.25831985473633,-0.10194458832611941,,,0.0038989235312830157
540,5,73.18405,Forward,0.4516483722665581,345.0785618671289,17040.0,17051.141700135806,ok,0.0006098627744046143,14449.195492825826,ok,-69.03895716303305,65.07029552999711,-0.10114790562521676,-69.64782998652117,61.25822448730469,-0.10203995575776008,,,0.0038989235312830157
541,5,73.3196,Forward,0.451592484090243,345.1902522586788,17040.0,17051.099254581084,ok,0.0006196449867165428,14449.195492825826,ok,-69.08140271775483,65.07023334367304,-0.10121009194928116,-69.64782998652117,61.25822448730469,-0.10203995575776008,,,0.0038989235312830157
542,5,73.45545,Forward,0.4518587395680278,345.2023387860281,17035.0,17050.93107414993,ok,0.0006201901901148831,14449.195492825826,ok,-69.24958314891046,65.06998694513115,-0.10145649049117059,-69.64782998652117,61.25822448730469,-0.10203995575776008,,,0.0038989235312830157
543,5,73.59131666666667,Forward,0.4520367443629687,345.0920632400557,17040.0,17050.874991138087,ok,0.0006123345882929346,14449.195492825826,ok,-69.30566616075157,65.06990477878013,-0.10153865684219884,-69.64782998652117,61.25822448730469,-0.10203995575776008,,,0.0038989235312830157
544,5,73.72745,Forward,0.4519582978745321,345.26730414286794,17035.0,17050.81626882668,ok,0.0006152867741432846,14449.195492825826,ok,-69.3643884721605,65.06981874563222,-0.10162468999009908,-69.64782998652117,61.25822448730469,-0.10203995575776008,,,0.0038989235312830157
545,5,73.86255,Forward,0.45216791447703186,345.1407597276484,17035.0,17050.727072239264,ok,0.0006253403826391371,14449.151229267116,ok,-69.45358505957483,65.06968806509508,-0.10175537052724234,-69.69209354523082,61.25815963745117,-0.10210480561127723,,,0.0038989235312830157
546,5,73.99758333333334,Forward,0.4521939012691696,345.2852075674964,17040.0,17050.70389539583,ok,0.0006136123720099764,14449.151229267116,ok,-69.4767619030099,65.06965410906115,-0.10178932656118019,-69.69209354523082,61.25815963745117,-0.10210480561127723,,,0.0038989235312830157
547,5,74.13265,Forward,0.4523337699105059,345.24923132468393,17035.0,17050.516731417905,ok,0.0006083044334459055,14449.325679763204,ok,-69.66392588093368,65.06937989801924,-0.10206353760308176,-69.51764304914286,61.25841522216797,-0.10184922089447873,,,0.0038989235312830157
548,5,74.26821666666666,Forward,0.45238704660352036,345.3884816844693,17035.0,17050.476413817636,ok,0.0006184948804217972,14449.166851699601,ok,-69.70424348120287,65.06932082932825,-0.10212260629407362,-69.67647111274528,61.258182525634766,-0.10208191742768326,,,0.0038989235312830157
549,5,74.403,Forward,0.4524823922168212,345.45412933336047,17035.0,17050.395456263435,ok,0.0006270485560141792,14449.450659223086,ok,-69.78520103540359,65.06920221967091,-0.10224121595140964,-69.39266358926034,61.25859832763672,-0.1016661154257296,,,0.0038989235312830157
550,5,74.53831666666666,Forward,0.4526843068674846,345.67616010816346,17035.0,17050.384653248017,ok,0.0006107240325007631,14449.450659223086,ok,-69.79600405082238,65.06918639234053,-0.10225704328178872,-69.39266358926034,61.25859832763672,-0.1016661154257296,,,0.0038989235312830157
551,5,74.67336666666667,Forward,0.4527484321514284,345.38108015211765,17040.0,17050.342501006595,ok,0.0006148184963102966,14449.299642375729,ok,-69.8381562922441,65.06912463574524,-0.10231879987708531,-69.54368043661816,61.25837707519531,-0.10188736786713447,,,0.0038989235312830157
552,5,74.80866666666667,Forward,0.45265163001416475,345.505350539137,17035.0,17050.31555448008,ok,0.0006175612621768038,14449.299642375729,ok,-69.86510281875962,65.06908515680706,-0.10235827881525182,-69.54368043661816,61.25837707519531,-0.10188736786713447,,,0.0038989235312830157
553,5,74.94425,Forward,0.4526262875036162,345.4478101047134,17035.0,17050.257732474663,ok,0.0006186763145060383,14449.299642375729,ok,-69.92292482417542,65.06900044268352,-0.10244299293880162,-69.54368043661816,61.25837707519531,-0.10188736786713447,,,0.0038989235312830157
554,5,75.07928333333334,Forward,0.4529595375937795,345.6060916396964,17040.0,17050.248165670386,ok,0.0006120864520802363,14449.247567600776,ok,-69.93249162845314,65.06898642650691,-0.10245700911540655,-69.59575521157058,61.25830078125,-0.1019636618124486,,,0.0038989235312830157
555,5,75.21431666666666,Forward,0.4529103865544299,345.3992729722522,17035.0,17050.139077149866,ok,0.0006166535753109918,14449.247567600776,ok,-70.04158014897257,65.06882660260703,-0.10261683301529886,-69.59575521157058,61.25830078125,-0.1019636618124486,,,0.0038989235312830157
556,5,75.34961666666666,Forward,0.4529439490891247,345.3575830524351,17035.0,17050.09002360489,ok,0.0006178717123625553,14449.198096564573,ok,-70.0906336939479,65.0687547350189,-0.10268870060342059,-69.64522624777419,61.25822830200195,-0.1020361410604953,,,0.0038989235312830157
557,5,75.48386666666667,Forward,0.4528224771223036,345.4628506358313,17035.0,17050.06579785015,ok,0.0006218444503902507,14449.198096564573,ok,-70.11485944868764,65.06871924224127,-0.10272419338104653,-69.64522624777419,61.25822830200195,-0.1020361410604953,,,0.0038989235312830157
558,5,75.61943333333333,Forward,0.45286511892623277,345.6129657880665,17035.0,17050.018471328654,ok,0.0006167744579954846,14449.198096564573,ok,-70.16218597018451,65.06864990488847,-0.10279353073384911,-69.64522624777419,61.25822830200195,-0.1020361410604953,,,0.0038989235312830157
559,5,75.75448333333334,Forward,0.45307949612092446,345.5969728381897,17040.0,17050.011956404105,ok,0.0006146141993816344,14449.198096564573,ok,-70.16870089473377,65.06864035997353,-0.10280307564878617,-69.64522624777419,61.25822830200195,-0.1020361410604953,,,0.0038989235312830157
560,5,75.88926666666667,Forward,0.45319223836010103,345.5687396199646,17035.0,17049.899173838403,ok,0.0006131600446321989,14449.208511519564,ok,-70.281483460436,65.06847512398532,-0.10296831163699612,-69.63481129278262,61.258243560791016,-0.10202088227143088,,,0.0038989235312830157
561,5,76.0243,Forward,0.4532536677760379,345.45465545238403,17040.0,17049.93569957974,ok,0.0006066441676215531,14449.242360123282,ok,-70.24495771910006,65.06852863728258,-0.10291479833973101,-69.60096268906454,61.25829315185547,-0.10197129120697816,,,0.0038989235312830157
562,5,76.16015,Forward,0.4531255513965413,345.6486473617224,17040.0,17049.888329015444,ok,0.0006126061495417897,14449.208511519564,ok,-70.29232828339445,65.06845923540337,-0.10298420021895333,-69.63481129278262,61.258243560791016,-0.10202088227143088,,,0.0038989235312830157
563,5,76.29491666666667,Forward,0.4532476400346931,345.6699339313054,17040.0,17049.82151849512,ok,0.0006068287625089642,14449.239756384533,ok,-70.35913880372027,65.068361352346,-0.10308208327632236,-69.60356642781335,61.2582893371582,-0.10197510590424559,,,0.0038989235312830157
564,5,76.42996666666667,Forward,0.4532514049380162,345.44632874124727,17035.0,17049.8426689996,ok,0.0006201942301315527,14449.242360123282,ok,-70.33798829923762,65.06839233962216,-0.1030510960001634,-69.60096268906454,61.25829315185547,-0.10197129120697816,,,0.0038989235312830157
565,5,76.5658,Forward,0.45334150642399496,345.5225478459106,17035.0,17049.796120473384,ok,0.0006124687185271969,14449.242360123282,ok,-70.38453682545514,65.06832414209818,-0.10311929352414576,-69.60096268906454,61.25829315185547,-0.10197129120697816,,,0.0038989235312830157
566,5,76.70245,Forward,0.4533616434654807,345.59474981898893,17035.0,17049.73919601406,ok,0.000606554063786466,14447.854567370829,ok,-70.4414612847795,65.06824074295548,-0.1032026926668343,-70.98875544151815,61.25625991821289,-0.10400452484955842,,,0.0038989235312830157
567,5,76.83726666666666,Forward,0.453392129463276,345.6702344354708,17040.0,17049.680718691518,ok,0.0006076276402977389,14449.333490979447,ok,-70.49993860732138,65.06815506873698,-0.1032883668853442,-69.50983183290009,61.258426666259766,-0.10183777680268175,,,0.0038989235312830157
568,5,76.97258333333333,Forward,0.4536611261360717,345.7520971725171,17035.0,17049.470196007023,ok,0.0006176293444934508,14449.143418050875,ok,-70.71046129181559,65.06784663521628,-0.10359680040604327,-69.69990476147177,61.258148193359375,-0.10211624970307155,,,0.0038989235312830157
569,5,77.1082,Forward,0.45360107762764573,345.6591105072366,17035.0,17049.5864108234,ok,0.0006283358942811909,14448.953345122301,ok,-70.59424647544074,65.06801689974174,-0.10342653588059315,-69.88997769004527,61.257869720458984,-0.10239472260346401,,,0.0038989235312830157
570,5,77.2435,Forward,0.45349023371554287,345.6252353765267,17040.0,17049.52962102864,ok,0.0006157940439540994,14449.143418050875,ok,-70.65103627019926,65.067933697894,-0.10350973772831436,-69.69990476147177,61.258148193359375,-0.10211624970307155,,,0.0038989235312830157
571,5,77.37963333333333,Forward,0.4535456527171796,345.7828027709038,17035.0,17049.56839087221,ok,0.0006083670955314505,14449.333490979447,ok,-70.6122664266295,65.06799049899067,-0.10345293663166341,-69.50983183290009,61.258426666259766,-0.10183777680268175,,,0.0038989235312830157
572,5,77.51495,Forward,0.45357430489789796,345.8320298867293,17035.0,17049.524355779587,ok,0.0006262212563536305,14449.307453591971,ok,-70.65630151925143,65.06792598385927,-0.10351745176305803,-69.53586922037539,61.25838851928711,-0.10187592377533748,,,0.0038989235312830157
573,5,77.65053333333333,Forward,0.4536691139524859,345.7690652314559,17040.0,17049.510518567873,ok,0.0006111671673626759,14449.307453591971,ok,-70.67013873096585,65.06790571117494,-0.10353772444738177,-69.53586922037539,61.25838851928711,-0.10187592377533748,,,0.0038989235312830157
574,5,77.78851666666667,Forward,0.4534756573743322,345.7427870157335,17035.0,17049.50825281996,ok,0.0006020818511852441,14449.307453591971,ok,-70.67240447887889,65.06790239166281,-0.10354104395951659,-69.53586922037539,61.25838851928711,-0.10187592377533748,,,0.0038989235312830157
575,5,77.92493333333333,Forward,0.45354083283210317,345.82174039057645,17035.0,17049.473802442903,ok,0.000627457580805128,14449.307453591971,ok,-70.7068548559364,65.06785191894957,-0.10359151667275787,-69.53586922037539,61.25838851928711,-0.10187592377533748,,,0.0038989235312830157
576,5,78.05971666666667,Forward,0.45364028102881715,345.74354237356965,17040.0,17049.57086029905,ok,0.0006229696458873249,14449.307453591971,ok,-70.60979699978998,65.06799411690963,-0.10344931871269163,-69.53586922037539,61.25838851928711,-0.10187592377533748,,,0.0038989235312830157
577,5,78.19541666666667,Forward,0.45365407403853775,345.7265071594884,17035.0,17049.532527148196,ok,0.0005976004146231569,14449.054890933458,ok,-70.64813015064283,65.0679379556047,-0.10350548001761437,-69.78843187888924,61.258018493652344,-0.10224594941010318,,,0.0038989235312830157
578,5,78.33045,Forward,0.45354782385387427,345.85680394741576,17040.0,17049.488140783753,ok,0.0006181615073686098,14449.346509673183,ok,-70.69251651508603,65.06787292583041,-0.10357050979190753,-69.49681313916335,61.258445739746094,-0.10181870331635522,,,0.0038989235312830157
579,5,78.46661666666667,Forward,0.45360754465366393,345.69306811624483,17035.0,17049.483411661713,ok,0.0006226621669162544,14449.630317196668,ok,-70.69724563712589,65.06786599726705,-0.10357743835527862,-69.21300561567841,61.25886154174805,-0.10140290131440158,,,0.0038989235312830157
580,5,78.60378333333334,Forward,0.45361783376663756,345.7694177446101,17040.0,17049.46725482209,ok,0.0006191269522776083,14449.346509673183,ok,-70.71340247674743,65.06784232613184,-0.10360110949048106,-69.49681313916335,61.258445739746094,-0.10181870331635522,,,0.0038989235312830157
581,5,78.7399,Forward,0.4535925281996675,345.769602997545,17040.0,17049.45139137134,ok,0.0006210419793754231,14449.4350367906,ok,-70.72926592749718,65.06781908483612,-0.10362435078619671,-69.40828602174588,61.258575439453125,-0.10168900360932358,,,0.0038989235312830157
582,5,78.87521666666666,Forward,0.45373535373020085,345.7311208567917,17035.0,17049.440946881088,ok,0.0006204687704940626,14449.4350367906,ok,-70.73971041775076,65.0678037827754,-0.10363965284691552,-69.40828602174588,61.258575439453125,-0.10168900360932358,,,0.0038989235312830157
583,5,79.00971666666666,Forward,0.453740150627837,345.8166187574461,17035.0,17049.427149805157,ok,0.0006205006459952434,14449.356924628175,ok,-70.75350749368226,65.06778356889339,-0.10365986672892605,-69.48639818417178,61.258460998535156,-0.10180344452729079,,,0.0038989235312830157
584,5,79.14503333333333,Forward,0.45364498170460443,345.7864299588982,17040.0,17049.34652610063,ok,0.000614402400015679,14449.33869845694,ok,-70.83413119820761,65.06766544835403,-0.10377798726827933,-69.50462435540612,61.2584342956543,-0.1018301474081522,,,0.0038989235312830157
585,5,79.28035,Forward,0.4537351566100998,345.7992609993489,17035.0,17049.31084995506,ok,0.0006143432059600784,14449.33869845694,ok,-70.86980734377721,65.06761317978636,-0.10383025583596096,-69.50462435540612,61.2584342956543,-0.1018301474081522,,,0.0038989235312830157
586,5,79.41595,Forward,0.4538782212899,345.87644017679486,17040.0,17049.275253565043,ok,0.0006102140050034193,14449.33869845694,ok,-70.90540373379554,65.0675610280673,-0.10388240755502111,-69.50462435540612,61.2584342956543,-0.1018301474081522,,,0.0038989235312830157
587,5,79.55125,Forward,0.453826176244351,346.00188959080333,17035.0,17049.306251075497,ok,0.0006096675135212842,14449.148625528369,ok,-70.8744062233418,65.06760644203922,-0.10383699358310106,-69.6946972839778,61.258155822753906,-0.10210862030854201,,,0.0038989235312830157
588,5,79.68633333333334,Forward,0.45371869657018726,345.95755509185983,17035.0,17049.24992938263,ok,0.0006113042498711401,14449.148625528369,ok,-70.93072791620943,65.06752392600032,-0.1039195096220003,-69.6946972839778,61.258155822753906,-0.10210862030854201,,,0.0038989235312830157
589,5,79.82243333333334,Forward,0.45387267620686,345.845413967123,17040.0,17049.276924073365,ok,0.0006140736234631665,14449.148625528369,ok,-70.90373322547384,65.06756347550314,-0.10387996011918181,-69.6946972839778,61.258155822753906,-0.10210862030854201,,,0.0038989235312830157
590,5,79.95898333333334,Forward,0.4539447448472967,345.8389356731859,17040.0,17049.202726895986,ok,0.0006161205795992802,14449.317868546961,ok,-70.97793040285251,65.06745477036907,-0.10398866525326186,-69.52545426538563,61.25840377807617,-0.10186066498627573,,,0.0038989235312830157
591,5,80.09455,Forward,0.4538412767030957,345.9298994014607,17035.0,17049.199769902,ok,0.0006172975672559998,14449.24496386203,ok,-70.98088739683953,65.06745043812302,-0.10399299749930127,-69.59835895031756,61.258296966552734,-0.10196747650971338,,,0.0038989235312830157
592,5,80.2296,Forward,0.4538892497518254,345.9883500753858,17035.0,17049.134741639482,ok,0.0006143516785802806,14449.317868546961,ok,-71.04591565935698,65.06735516622393,-0.10408826939839085,-69.52545426538563,61.25840377807617,-0.10186066498627573,,,0.0038989235312830157
593,5,80.3657,Forward,0.45392912096760685,345.93209512499016,17035.0,17049.120531520814,ok,0.0006130709481393121,14449.317868546961,ok,-71.0601257780254,65.06733434719942,-0.10410908842291061,-69.52545426538563,61.25840377807617,-0.10186066498627573,,,0.0038989235312830157
594,5,80.50135,Forward,0.45401446521768674,346.08964941703744,17040.0,17049.08492051918,ok,0.0006154905260034019,14449.317868546961,ok,-71.09573677965818,65.0672821740731,-0.10416126154922054,-69.52545426538563,61.25840377807617,-0.10186066498627573,,,0.0038989235312830157
595,5,80.63691666666666,Forward,0.453875088066236,346.00435550566544,17040.0,17049.090353688134,ok,0.0006210531669791482,14449.250171339525,ok,-71.09030361070472,65.06729013412469,-0.10415330149763324,-69.59315147282177,61.258304595947266,-0.10195984711518118,,,0.0038989235312830157
596,5,80.7717,Forward,0.45396433980606904,346.03962357626006,17035.0,17049.09622491548,ok,0.0006120467045760775,14449.481904088057,ok,-71.08443238335894,65.06729873596883,-0.10414469965348788,-69.36141872428925,61.258644104003906,-0.10162033905854166,,,0.0038989235312830157
597,5,80.90806666666667,Forward,0.45396765209697254,346.04009380616844,17040.0,17049.066971728244,ok,0.0006197714013658749,14449.416810619368,ok,-71.11368557059541,65.06725587757782,-0.10418755804450969,-69.42651219297841,61.258548736572266,-0.10171570649018233,,,0.0038989235312830157
598,5,81.04358333333333,Forward,0.45401766234731117,345.9683685796699,17035.0,17049.026969048286,ok,0.0006178087103980829,14449.250171339525,ok,-71.15368825055339,65.06719727027169,-0.10424616535063672,-69.59315147282177,61.258304595947266,-0.10195984711518118,,,0.0038989235312830157
599,5,81.17891666666667,Forward,0.45373654732344215,346.000961869875,17040.0,17049.05428232885,ok,0.0006228970674604471,14449.416810619368,ok,-71.12637496999014,65.06723728653552,-0.10420614908680176,-69.42651219297841,61.258548736572266,-0.10171570649018233,,,0.0038989235312830157
600,5,81.31423333333333,Forward,0.45404203758787787,346.0272329929285,17035.0,17048.965029951356,ok,0.0006277929490773879,14449.416810619368,ok,-71.21562734748295,65.06710652426119,-0.10433691136112393,-69.42651219297841,61.258548736572266,-0.10171570649018233,,,0.0038989235312830157
601,5,81.44956666666667,Forward,0.4539596536417432,346.08827620460943,17040.0,17048.961698404906,ok,0.0006101987835959216,14449.086135798429,ok,-71.21895889393272,65.06710164326415,-0.10434179235816872,-69.75718701391816,61.25806427001953,-0.10220017304291523,,,0.0038989235312830157
602,5,81.58513333333333,Forward,0.45399205900555106,346.1309440389232,17035.0,17048.973764233517,ok,0.0006290538588678489,14448.995004942262,ok,-71.20689306532222,65.06711932072255,-0.10432411489976355,-69.84831787008443,61.257930755615234,-0.1023336874472143,,,0.0038989235312830157
603,5,81.72071666666666,Forward,0.45405334391578467,346.1298970143798,17035.0,17048.900722228696,ok,0.0006300141404854498,14448.995004942262,ok,-71.27993507014253,65.06701230801389,-0.10443112760844041,-69.84831787008443,61.257930755615234,-0.1023336874472143,,,0.0038989235312830157
604,5,81.85616666666667,Forward,0.45405267430368257,346.0834993522076,17035.0,17048.931507826102,ok,0.0006107804999671232,14448.995004942262,ok,-71.24914947273646,65.06705741151528,-0.10438602410704059,-69.84831787008443,61.257930755615234,-0.1023336874472143,,,0.0038989235312830157
605,5,81.99146666666667,Forward,0.4540103247359296,346.11036090959533,17035.0,17048.916128855126,ok,0.0006112274614422048,14449.195492825826,ok,-71.26452844371306,65.06703488002337,-0.10440855559895292,-69.64782998652117,61.25822448730469,-0.10203995575776008,,,0.0038989235312830157
606,5,82.12785,Forward,0.45412550666881835,346.1256559714311,17040.0,17048.832290037866,ok,0.0006235104547205455,14449.23194516829,ok,-71.34836726097274,65.0669120490722,-0.10453138655011988,-69.61137764405612,61.258277893066406,-0.10198654999604258,,,0.0038989235312830157
607,5,82.26315,Forward,0.4541306797050827,346.06382013430266,17030.0,17048.783946642518,ok,0.0006200357159624733,14449.445451745592,ok,-71.39671065632137,65.06684122191328,-0.1046022137090351,-69.3978710667543,61.25859069824219,-0.10167374482025916,,,0.0038989235312830157
608,5,82.39818333333334,Forward,0.45430434184667645,346.20872423790934,17035.0,17048.744780172845,ok,0.000625277932487516,14449.445451745592,ok,-71.43587712599401,65.06678383972589,-0.1046595958964393,-69.3978710667543,61.25859069824219,-0.10167374482025916,,,0.0038989235312830157
609,5,82.5335,Forward,0.4542713060599924,346.0818104086902,17035.0,17048.7455896577,ok,0.000622192608937809,14449.445451745592,ok,-71.43506764113772,65.0667850256896,-0.1046584099327282,-69.3978710667543,61.25859069824219,-0.10167374482025916,,,0.0038989235312830157
610,5,82.66963333333334,Forward,0.4543183319764977,346.1977870088085,17035.0,17048.703763605143,ok,0.0006191937586410266,14449.23194516829,ok,-71.47689369369618,65.06672374698854,-0.10471968863377908,-69.61137764405612,61.258277893066406,-0.10198654999604258,,,0.0038989235312830157
611,5,82.8052,Forward,0.4542678027575382,346.12509853265146,17035.0,17048.625107139305,ok,0.000621602667137044,14449.445451745592,ok,-71.5555501595336,65.06660850862009,-0.10483492700223455,-69.3978710667543,61.25859069824219,-0.10167374482025916,,,0.0038989235312830157
612,5,82.9406,Forward,0.45434143259541004,346.1712279446074,17035.0,17048.628351853655,ok,0.0006262245316000697,14449.7032218816,ok,-71.55230544518417,65.06661326240076,-0.10483017322155358,-69.14010093074648,61.258968353271484,-0.10129608979096391,,,0.0038989235312830157
613,5,83.07561666666666,Forward,0.45447044417470883,346.1369811364384,17035.0,17048.60992537016,ok,0.000615582200704228,14449.310057330718,ok,-71.57073192867756,65.06658626604552,-0.10485716957679969,-69.5332654816284,61.258392333984375,-0.10187210907807272,,,0.0038989235312830157
614,5,83.21175,Forward,0.45443167488981173,346.32051793620485,17035.0,17048.5547465899,ok,0.0006134654690762882,14449.7032218816,ok,-71.62591070893905,65.06650542447017,-0.1049380111521616,-69.14010093074648,61.258968353271484,-0.10129608979096391,,,0.0038989235312830157
615,5,83.34651666666667,Forward,0.454388467012251,346.19959364040915,17035.0,17048.547397048005,ok,0.0006227358788130469,14449.7032218816,ok,-71.6332602508337,65.06649465677029,-0.10494877885202986,-69.14010093074648,61.258968353271484,-0.10129608979096391,,,0.0038989235312830157
616,5,83.48158333333333,Forward,0.4544209132020259,346.2408972133344,17040.0,17048.54332052071,ok,0.0006220569497863437,14449.310057330718,ok,-71.6373367781307,65.06648868431336,-0.10495475130896229,-69.5332654816284,61.258392333984375,-0.10187210907807272,,,0.0038989235312830157
617,5,83.61633333333333,Forward,0.4545836677764371,346.2216317704879,17035.0,17048.482898137718,ok,0.0006222883636094157,14449.310057330718,ok,-71.69775916112121,65.06640016041695,-0.10504327520537547,-69.5332654816284,61.258392333984375,-0.10187210907807272,,,0.0038989235312830157
618,5,83.75173333333333,Forward,0.4545750428002048,346.2401697007226,17035.0,17048.503936837278,ok,0.0006096438579781187,14449.770919089036,ok,-71.67672046156076,65.06643098388945,-0.10501245173287439,-69.07240372331034,61.25906753540039,-0.10119690766205847,,,0.0038989235312830157
619,5,83.8873,Forward,0.4547367770128536,346.2110890104959,17035.0,17048.404273092765,ok,0.0006223028511274712,14449.471489133068,ok,-71.776384206074,65.06628496808274,-0.1051584675395801,-69.371833679279,61.258628845214844,-0.10163559784760343,,,0.0038989235312830157
620,5,84.02268333333333,Forward,0.4547096252022412,346.05898126242755,17035.0,17048.404272759944,ok,0.0006178756305159066,14449.471489133068,ok,-71.77638453889449,65.06628496759512,-0.10515846802719024,-69.371833679279,61.258628845214844,-0.10163559784760343,,,0.0038989235312830157
621,5,84.15803333333334,Forward,0.45459433069470856,346.2253096556269,17040.0,17048.372427061044,ok,0.0006116342565379033,14449.471489133068,ok,-71.80823023779521,65.06623831095547,-0.105205124666852,-69.371833679279,61.258628845214844,-0.10163559784760343,,,0.0038989235312830157
622,5,84.29333333333334,Forward,0.4546214837864603,346.28002516508786,17035.0,17048.389910106027,ok,0.0006174430566145576,14449.408999403126,ok,-71.79074719281198,65.06626392509358,-0.10517951052873821,-69.43432340922118,61.25853729248047,-0.10172715058197931,,,0.0038989235312830157
623,5,84.42945,Forward,0.4546040972635624,346.1746522469148,17035.0,17048.37197426125,ok,0.0006219347282717426,14449.408999403126,ok,-71.80868303759053,65.06623764756552,-0.10520578805681102,-69.43432340922118,61.25853729248047,-0.10172715058197931,,,0.0038989235312830157
624,5,84.56448333333333,Forward,0.45463419302045427,346.20070994742855,17035.0,17048.343259255493,ok,0.0006199221681310689,14449.333490979447,ok,-71.83739804334618,65.06619557765583,-0.1052478579664903,-69.50983183290009,61.258426666259766,-0.10183777680268175,,,0.0038989235312830157
625,5,84.6998,Forward,0.4547976066753196,346.2728132343036,17035.0,17048.32713771783,ok,0.0006272766390158904,14449.333490979447,ok,-71.85351958100728,65.06617195824099,-0.10527147738133788,-69.50983183290009,61.258426666259766,-0.10183777680268175,,,0.0038989235312830157
626,5,84.8351,Forward,0.45481978853218197,346.2207522909375,17035.0,17048.276628415875,ok,0.0006142787296101875,14449.333490979447,ok,-71.90402888296376,65.06609795784588,-0.10534547777643981,-69.50983183290009,61.258426666259766,-0.10183777680268175,,,0.0038989235312830157
627,5,84.97146666666667,Forward,0.45480086521682384,346.37211820470475,17035.0,17048.3181576501,ok,0.0006153632851765358,14449.333490979447,ok,-71.86249964873787,65.066158801683,-0.10528463393932552,-69.50983183290009,61.258426666259766,-0.10183777680268175,,,0.0038989235312830157
628,5,85.1068,Forward,0.4549274418859799,346.39702101797957,17035.0,17048.22500745712,ok,0.0006207121306750114,14449.29703863698,ok,-71.9556498417187,65.06602232877964,-0.10542110684267987,-69.54628417536696,61.25837326049805,-0.10189118256440191,,,0.0038989235312830157
629,5,85.24263333333333,Forward,0.4547733212168067,346.38388682676305,17035.0,17048.26094502378,ok,0.0006171745831361694,14449.218926474554,ok,-71.91971227505928,65.06607498035132,-0.10536845527101314,-69.62439633779286,61.25825881958008,-0.10200562348236912,,,0.0038989235312830157
630,5,85.3782,Forward,0.45500984660800636,346.24149012719863,17035.0,17048.2121155824,ok,0.0006247904057939275,14449.218926474554,ok,-71.96854171644009,65.0660034410939,-0.10543999452843347,-69.62439633779286,61.25825881958008,-0.10200562348236912,,,0.0038989235312830157
631,5,85.5143,Forward,0.4549484402720633,346.319537771702,17040.0,17048.226685901,ok,0.000635743534915846,14449.398584448136,ok,-71.95397139783745,65.06602478784174,-0.10541864778057532,-69.44473836421093,61.258522033691406,-0.10174240937104108,,,0.0038989235312830157
632,5,85.65068333333333,Forward,0.45493192103669117,346.3386599379628,17035.0,17048.172636004576,ok,0.0006176297110281338,14449.333490979447,ok,-72.00802129426302,65.06594560017659,-0.10549783544573364,-69.50983183290009,61.258426666259766,-0.10183777680268175,,,0.0038989235312830157
633,5,85.78575,Forward,0.4548852510187599,346.37747662554466,17035.0,17048.13930143729,ok,0.0006232979392640808,14449.44805548434,ok,-72.04135586154734,65.06589676221894,-0.10554667340337791,-69.39526732800732,61.25859451293945,-0.10166993012299438,,,0.0038989235312830157
634,5,85.92078333333333,Forward,0.4548618251024812,346.4109271300731,17035.0,17048.153641146833,ok,0.0006137641426140054,14449.44805548434,ok,-72.02701615200567,65.06591777110503,-0.10552566451727917,-69.39526732800732,61.25859451293945,-0.10166993012299438,,,0.0038989235312830157
635,5,86.05583333333334,Forward,0.4549954272818757,346.34232030754356,17035.0,17048.10662145914,ok,0.0006250741007979044,14449.44805548434,ok,-72.0740358396979,65.06584888328969,-0.1055945523326323,-69.39526732800732,61.25859451293945,-0.10166993012299438,,,0.0038989235312830157
636,5,86.1914,Forward,0.45495226570556924,346.3988342015473,17035.0,17048.131047814866,ok,0.00062040006331874,14449.367339583165,ok,-72.04960948397274,65.0658846699647,-0.10555876565761314,-69.47598322918202,61.25847625732422,-0.10178818573822902,,,0.0038989235312830157
637,5,86.3267,Forward,0.4551161575128312,346.3852464048614,17035.0,17048.043531111456,ok,0.0006270149427387969,14449.367339583165,ok,-72.13712618738282,65.06575645059957,-0.10568698502274997,-69.47598322918202,61.25847625732422,-0.10178818573822902,,,0.0038989235312830157
638,5,86.4628,Forward,0.45504953033415263,346.4252299252985,17040.0,17048.05330328627,ok,0.0006198343234614892,14449.304849853223,ok,-72.12735401256941,65.06577076766136,-0.10567266796095766,-69.53847295912419,61.258384704589844,-0.10187973847260492,,,0.0038989235312830157
639,5,86.59826666666666,Forward,0.4550560239523378,346.36948882616707,17035.0,17048.017400371667,ok,0.0006140059783324047,14449.367339583165,ok,-72.16325692717146,65.06571816685789,-0.10572526876443246,-69.47598322918202,61.25847625732422,-0.10178818573822902,,,0.0038989235312830157
640,5,86.73403333333333,Forward,0.4550821916822762,346.50942022521485,17035.0,17048.02396886281,ok,0.0006296037618996427,14449.367339583165,ok,-72.15668843602907,65.06572779025241,-0.10571564536991042,-69.47598322918202,61.25847625732422,-0.10178818573822902,,,0.0038989235312830157
641,5,86.87028333333333,Forward,0.45514541220414917,346.53100395667934,17035.0,17047.992490047192,ok,0.0006171155242816061,14449.304849853223,ok,-72.18816725164652,65.06568167112776,-0.10576176449456272,-69.53847295912419,61.258384704589844,-0.10187973847260492,,,0.0038989235312830157
642,5,87.00503333333333,Forward,0.4551351627139427,346.47132974977285,17040.0,17048.006751061806,ok,0.0006144680365240433,14449.666769539135,ok,-72.1739062370325,65.06570256471915,-0.10574087090318224,-69.17655327321154,61.258914947509766,-0.10134949555268141,,,0.0038989235312830157
643,5,87.14033333333333,Forward,0.45519629418946717,346.5158863236793,17035.0,17047.947182824453,ok,0.0006188790492748899,14449.666769539135,ok,-72.23347447438573,65.06561529221825,-0.10582814340406659,-69.17655327321154,61.258914947509766,-0.10134949555268141,,,0.0038989235312830157
644,5,87.2762,Forward,0.455173345563373,346.4924894531214,17040.0,17047.971160206172,ok,0.0006170436122289401,14449.507941475533,ok,-72.20949709266642,65.06565042110842,-0.10579301451390162,-69.33538133681395,61.25868225097656,-0.10158219208588593,,,0.0038989235312830157
645,5,87.41125,Forward,0.4552747193515605,346.4832891257938,17035.0,17047.886381304856,ok,0.0006204834519043664,14449.484507826804,ok,-72.29427599398332,65.06552621285468,-0.10591722276764394,-69.35881498554227,61.25864791870117,-0.10161652436127688,,,0.0038989235312830157
646,5,87.54683333333334,Forward,0.45526341285315974,346.30843923016073,17035.0,17047.935152308866,ok,0.0006196151904627187,14449.484507826804,ok,-72.24550498997269,65.06559766649642,-0.10584576912590851,-69.35881498554227,61.25864791870117,-0.10161652436127688,,,0.0038989235312830157
647,5,87.68211666666667,Forward,0.45523588940982795,346.44258550300947,17035.0,17047.907092784106,ok,0.0006166513014103557,14449.484507826804,ok,-72.27356451473315,65.06555655692178,-0.1058868787005456,-69.35881498554227,61.25864791870117,-0.10161652436127688,,,0.0038989235312830157
648,5,87.81823333333334,Forward,0.455300569646334,346.39766076772503,17035.0,17047.901345089736,ok,0.0006217053563792817,14449.484507826804,ok,-72.2793122091025,65.06554813606388,-0.1058952995584427,-69.35881498554227,61.25864791870117,-0.10161652436127688,,,0.0038989235312830157
649,5,87.95408333333333,Forward,0.45533945893940597,346.42667366209207,17035.0,17047.840739926345,ok,0.0006192932704883133,14449.484507826804,ok,-72.3399173724938,65.06545934437874,-0.10598409124358689,-69.35881498554227,61.25864791870117,-0.10161652436127688,,,0.0038989235312830157
650,5,88.08993333333333,Forward,0.4553306126085918,346.4044140804144,17035.0,17047.815169877587,ok,0.0006308384584933877,14449.528771385514,ok,-72.3654874212516,65.06542188209679,-0.10602155352553415,-69.31455142683262,61.25871276855469,-0.10155167450775975,,,0.0038989235312830157
651,5,88.22635,Forward,0.4555338164021132,346.5045109063576,17035.0,17047.766445087036,ok,0.0006245376840826961,14449.528771385514,ok,-72.4142122118028,65.06535049616167,-0.10609293946064674,-69.31455142683262,61.25871276855469,-0.10155167450775975,,,0.0038989235312830157
652,5,88.36165,Forward,0.45555732139343263,346.50895450439566,17035.0,17047.816098459192,ok,0.0006274878740841549,14449.528771385514,ok,-72.36455883964663,65.0654232425473,-0.10602019307502325,-69.31455142683262,61.25871276855469,-0.10155167450775975,,,0.0038989235312830157
653,5,88.49723333333333,Forward,0.4554804884878795,346.47779384839305,17035.0,17047.774406167042,ok,0.000612780956255932,14449.406395664379,ok,-72.40625113179703,65.06536215981654,-0.10608127580577437,-69.43692714796816,61.2585334777832,-0.10173096527924409,,,0.0038989235312830157
654,5,88.632,Forward,0.4554931302404136,346.40345769216583,17035.0,17047.754317143947,ok,0.0006138854730732066,14449.406395664379,ok,-72.42634015489239,65.06533272770031,-0.10611070792201206,-69.43692714796816,61.2585334777832,-0.10173096527924409,,,0.0038989235312830157
655,5,88.76705,Forward,0.4555242044662965,346.3221191129851,17035.0,17047.732763198,ok,0.0006152866482779945,14449.086135798429,ok,-72.44789410083831,65.06530114934831,-0.10614228627400311,-69.75718701391816,61.25806427001953,-0.10220017304291523,,,0.0038989235312830157
656,5,88.90235,Forward,0.4554459866539341,346.6225683058874,17035.0,17047.75824211809,ok,0.0006095992851326706,14449.291831159486,ok,-72.42241518075025,65.06533847811906,-0.10610495750325685,-69.55149165286093,61.258365631103516,-0.10189881195893145,,,0.0038989235312830157
657,5,89.03818333333334,Forward,0.45553130941691966,346.40358636210294,17035.0,17047.722263946096,ok,0.0006264552569462371,14449.291831159486,ok,-72.45839335274286,65.06528576705716,-0.10615766856516763,-69.55149165286093,61.258365631103516,-0.10189881195893145,,,0.0038989235312830157
658,5,89.1735,Forward,0.4554318485013652,346.4994887720495,17035.0,17047.781200367226,ok,0.0006153845027513472,14449.291831159486,ok,-72.3994569316128,65.06537211389389,-0.10607132172843495,-69.55149165286093,61.258365631103516,-0.10189881195893145,,,0.0038989235312830157
659,5,89.30856666666666,Forward,0.4554478127257202,346.49965121287823,17040.0,17047.695977685948,ok,0.0006168809879562015,14449.291831159486,ok,-72.48467961289134,65.06524725546501,-0.10619618015731784,-69.55149165286093,61.258365631103516,-0.10189881195893145,,,0.0038989235312830157
660,5,89.4435,Forward,0.4555512645901957,346.5995918910303,17035.0,17047.746587841113,ok,0.0006184293230999876,14449.291831159486,ok,-72.43406945772585,65.06532140361858,-0.10612203200374322,-69.55149165286093,61.258365631103516,-0.10189881195893145,,,0.0038989235312830157
661,5,89.5788,Forward,0.4553636188316451,346.5627045244364,17035.0,17047.739077252678,ok,0.0006210095422270373,14449.385565754397,ok,-72.4415800461611,65.06531039997192,-0.10613303565040093,-69.4577570579495,61.25850296020508,-0.10176148285737029,,,0.0038989235312830157
662,5,89.71411666666667,Forward,0.45557713017583046,346.36882663156575,17040.0,17047.714923622087,ok,0.0006269799962098242,14449.354320889426,ok,-72.46573367675228,65.06527501286226,-0.10616842276005517,-69.48900192292058,61.25845718383789,-0.10180725922455823,,,0.0038989235312830157
663,5,89.84995,Forward,0.45558879531532037,346.38037771217205,17035.0,17047.683250133545,ok,0.0006210838724940629,14449.385565754397,ok,-72.49740716529413,65.06522860852533,-0.10621482709699044,-69.4577570579495,61.25850296020508,-0.10176148285737029,,,0.0038989235312830157
664,5,89.98498333333333,Forward,0.4555407789270576,346.36283378983353,17035.0,17047.694116962382,ok,0.000626833470629264,14449.677184494125,ok,-72.48654033645653,65.06524452934777,-0.10619890627456093,-69.16613831822178,61.25893020629883,-0.10133423676361965,,,0.0038989235312830157
665,5,90.12108333333333,Forward,0.45570135338218476,346.484147644911,17035.0,17047.672941584744,ok,0.000604555625258983,14449.385565754397,ok,-72.50771571409496,65.06521350563033,-0.10622992999199472,-69.4577570579495,61.25850296020508,-0.10176148285737029,,,0.0038989235312830157
666,5,90.2572,Forward,0.45567790882362297,346.4986074949775,17035.0,17047.721030184424,ok,0.0006222752240997609,14449.354320889426,ok,-72.45962711441462,65.06528395949206,-0.10615947613026228,-69.48900192292058,61.25845718383789,-0.10180725922455823,,,0.0038989235312830157
667,5,90.39278333333333,Forward,0.45562554557812235,346.40148112551833,17040.0,17047.65608780422,ok,0.0006153820022144616,14449.349113411932,ok,-72.52456949462066,65.06518881341782,-0.10625462220450912,-69.49420940041455,61.25844955444336,-0.10181488861908777,,,0.0038989235312830157
668,5,90.52915,Forward,0.45564192698140715,346.5604682504527,17035.0,17047.67905405675,ok,0.000624808700512309,14449.349113411932,ok,-72.50160324208991,65.06522246091828,-0.1062209747040398,-69.49420940041455,61.25844955444336,-0.10181488861908777,,,0.0038989235312830157
669,5,90.66498333333334,Forward,0.45569503017502355,346.5490022060985,17035.0,17047.63296580048,ok,0.000622966222331751,14449.349113411932,ok,-72.5476914983592,65.06515493772866,-0.10628849789365791,-69.49420940041455,61.25844955444336,-0.10181488861908777,,,0.0038989235312830157
670,5,90.80083333333333,Forward,0.4557005748099081,346.5396529511527,17035.0,17047.616534886234,ok,0.000613132840462003,14449.440244268097,ok,-72.56412241260477,65.06513086505097,-0.10631257057134223,-69.40307854425009,61.258583068847656,-0.10168137421479137,,,0.0038989235312830157
671,5,90.93615,Forward,0.4556217964040733,346.58363385220946,17035.0,17047.57895409716,ok,0.0006170193429342103,14449.507941475533,ok,-72.6017032016789,65.06507580601964,-0.10636762960268904,-69.33538133681395,61.25868225097656,-0.10158219208588593,,,0.0038989235312830157
672,5,91.07171666666666,Forward,0.45559939168254115,346.44257996087254,17035.0,17047.62936840959,ok,0.0006233701134065291,14449.658958322892,ok,-72.5512888892481,65.06514966724706,-0.10629376837526829,-69.18436448945431,61.25890350341797,-0.1013609396444784,,,0.0038989235312830157
673,5,91.20701666666666,Forward,0.4557563609821974,346.54045480895365,17035.0,17047.581442947278,ok,0.0006210778577339825,14449.658958322892,ok,-72.59921435156139,65.06507945239535,-0.10636398322697385,-69.18436448945431,61.25890350341797,-0.1013609396444784,,,0.0038989235312830157
674,5,91.3424,Forward,0.4557666450241974,346.5650614558908,17035.0,17047.55048624062,ok,0.0006261092026681997,14449.609487286689,ok,-72.63017105821928,65.06503409820444,-0.1064093374178853,-69.23383552565792,61.25883102416992,-0.10143341889252509,,,0.0038989235312830157
675,5,91.47776666666667,Forward,0.4557157476700779,346.5488291658439,17035.0,17047.59614807915,ok,0.0006104961846378513,14449.609487286689,ok,-72.58450921969052,65.06510099665604,-0.10634243896628683,-69.23383552565792,61.25883102416992,-0.10143341889252509,,,0.0038989235312830157
676,5,91.61253333333333,Forward,0.45576994015367844,346.7659498250905,17035.0,17047.548775125524,ok,0.0006162144653435443,14449.609487286689,ok,-72.6318821733148,65.06503159127624,-0.10641184434607931,-69.23383552565792,61.25883102416992,-0.10143341889252509,,,0.0038989235312830157
677,5,91.74786666666667,Forward,0.45585748425161454,346.51254470557615,17035.0,17047.49191952126,ok,0.0006195847246199844,14449.320472285708,ok,-72.68873777757835,65.06494829301204,-0.10649514261028589,-69.52285052663865,61.25840759277344,-0.10185685028901095,,,0.0038989235312830157
678,5,91.88371666666667,Forward,0.4558243458227704,346.5520501810315,17035.0,17047.541988802637,ok,0.0006158048200501642,14449.320472285708,ok,-72.63866849620172,65.06502164873982,-0.10642178688251257,-69.52285052663865,61.25840759277344,-0.10185685028901095,,,0.0038989235312830157
679,5,92.01955,Forward,0.4558385971053057,346.52379908976945,17035.0,17047.48321875973,ok,0.0006233802470286823,14449.278812465747,ok,-72.69743853910768,65.06493554566123,-0.10650788996108898,-69.56451034659949,61.25834655761719,-0.10191788544526066,,,0.0038989235312830157
680,5,92.15511666666667,Forward,0.4558397395260401,346.50439136255955,17035.0,17047.477050952966,ok,0.0006122152460591962,14449.320472285708,ok,-72.70360634587269,65.06492650930318,-0.10651692631914271,-69.52285052663865,61.25840759277344,-0.10185685028901095,,,0.0038989235312830157
681,5,92.29073333333334,Forward,0.4558808613920424,346.5668033814909,17035.0,17047.485038716455,ok,0.0006113131249584826,14449.278812465747,ok,-72.69561858238376,65.0649382120516,-0.1065052235707129,-69.56451034659949,61.25834655761719,-0.10191788544526066,,,0.0038989235312830157
682,5,92.42603333333334,Forward,0.45587079439356626,346.548240707918,17035.0,17047.450842892507,ok,0.0006200324436486266,14449.3308872407,ok,-72.72981440633157,65.06488811228019,-0.10655532334214025,-69.51243557164707,61.2584228515625,-0.10184159149994652,,,0.0038989235312830157
683,5,92.56185,Forward,0.45576150003173327,346.4856927575238,17035.0,17047.4925550502,ok,0.0006038015411523272,14449.3308872407,ok,-72.68810224863773,65.06494922411564,-0.10649421150668947,-69.51243557164707,61.2584228515625,-0.10184159149994652,,,0.0038989235312830157
684,5,92.69785,Forward,0.45596714260804294,346.466263170234,17035.0,17047.455291188115,ok,0.0006154294849591361,14449.546997556747,ok,-72.72536611072428,65.0648946294091,-0.10654880621322103,-69.2963252556001,61.25873947143555,-0.101524971626901,,,0.0038989235312830157
685,5,92.83368333333334,Forward,0.45593329430619545,346.57968205591897,17040.0,17047.413688177297,ok,0.0006171292578938001,14449.546997556747,ok,-72.76696912154148,65.06483367748305,-0.10660975813927527,-69.2963252556001,61.25873947143555,-0.101524971626901,,,0.0038989235312830157
686,5,92.96898333333333,Forward,0.4557739214039359,346.4893434719743,17040.0,17047.38522134232,ok,0.0006206220681323997,14449.546997556747,ok,-72.79543595651921,65.06479197116452,-0.10665146445779596,-69.2963252556001,61.25873947143555,-0.101524971626901,,,0.0038989235312830157
687,5,93.1054,Forward,0.45594146838955996,346.5070844508882,17035.0,17047.40882865725,ok,0.0006133102590793748,14449.546997556747,ok,-72.77182864158749,65.06482655787558,-0.10661687774674324,-69.2963252556001,61.25873947143555,-0.101524971626901,,,0.0038989235312830157
688,5,93.24121666666667,Forward,0.4559754987057547,346.5451367696296,17035.0,17047.380690623548,ok,0.0006066840351520597,14449.4897153043,ok,-72.79996667529122,65.0647853332787,-0.10665810234361572,-69.35360750804648,61.2586555480957,-0.10160889496674468,,,0.0038989235312830157
689,5,93.37733333333334,Forward,0.45586635306325873,346.46774079846,17035.0,17047.39712764167,ok,0.0006162110929935263,14449.466281655572,ok,-72.7835296571684,65.06480941489909,-0.10663402072323551,-69.3770411567748,61.25862121582031,-0.10164322724213563,,,0.0038989235312830157
690,5,93.51211666666667,Forward,0.45593321652690766,346.6864925109476,17035.0,17047.337432673896,ok,0.000613678443972225,14449.429829313107,ok,-72.8432246249431,65.06472195672742,-0.10672147889489528,-69.41349349923985,61.258567810058594,-0.10169663300385313,,,0.0038989235312830157
691,5,93.6477,Forward,0.45590691920216986,346.5218380663282,17035.0,17047.333656767645,ok,0.0006105949978720921,14449.422018096864,ok,-72.84700053119377,65.06471642470572,-0.10672701091659413,-69.42130471548262,61.2585563659668,-0.10170807709565012,,,0.0038989235312830157
692,5,93.78346666666667,Forward,0.4559230323601966,346.55472916194776,17035.0,17047.271999828106,ok,0.0006201434548663547,14449.307453591971,ok,-72.90865747073258,65.06462609207966,-0.10681734354266326,-69.53586922037539,61.25838851928711,-0.10187592377533748,,,0.0038989235312830157
693,5,93.91935,Forward,0.455982305789034,346.542498028768,17035.0,17047.268458471735,ok,0.000610323995934865,14449.200700303321,ok,-72.91219882710357,65.06462090369335,-0.10682253192897032,-69.64262250902539,61.25823211669922,-0.10203232636322787,,,0.0038989235312830157
694,5,94.05518333333333,Forward,0.45593176916089984,346.5539706107338,17035.0,17047.29787915064,ok,0.0006126919514803639,14449.200700303321,ok,-72.88277814819958,65.06466400747382,-0.10677942814850354,-69.64262250902539,61.25823211669922,-0.10203232636322787,,,0.0038989235312830157
695,5,94.1905,Forward,0.45601642145444266,346.5860459665855,17035.0,17047.219797272952,ok,0.000619142135495799,14449.200700303321,ok,-72.96086002588709,65.06454961092555,-0.10689382469677013,-69.64262250902539,61.25823211669922,-0.10203232636322787,,,0.0038989235312830157
696,5,94.3266,Forward,0.455937212532189,346.66781777279175,17035.0,17047.258826140765,ok,0.0006106512030190482,14449.307453591971,ok,-72.92183115807347,65.0646067915146,-0.10683664410771593,-69.53586922037539,61.25838851928711,-0.10187592377533748,,,0.0038989235312830157
697,5,94.4619,Forward,0.4559669324914405,346.64067451761366,17035.0,17047.195713780948,ok,0.0006127403742750686,14449.526167646765,ok,-72.98494351789122,65.06451432657485,-0.10692910904746807,-69.31715516558143,61.25870895385742,-0.10155548920502717,,,0.0038989235312830157
698,5,94.59666666666666,Forward,0.45601284951117094,346.4987010718105,17035.0,17047.16324184647,ok,0.0006152398235296334,14449.526167646765,ok,-73.01741545237019,65.06446675244716,-0.10697668317516514,-69.31715516558143,61.25870895385742,-0.10155548920502717,,,0.0038989235312830157
699,5,94.73196666666666,Forward,0.4559436271191746,346.6099762522281,17035.0,17047.143549164626,ok,0.0006075782651912253,14449.526167646765,ok,-73.03710813421276,65.06443790100434,-0.10700553461797901,-69.31715516558143,61.25870895385742,-0.10155548920502717,,,0.0038989235312830157
700,5,94.86755,Forward,0.4559828374618808,346.5870176385615,17035.0,17047.09886788089,ok,0.000616884963068763,14449.526167646765,ok,-73.08178941794904,65.06437243914837,-0.10707099647395547,-69.31715516558143,61.25870895385742,-0.10155548920502717,,,0.0038989235312830157
701,5,95.00313333333334,Forward,0.4560119106016206,346.6685408133635,17030.0,17047.088332932355,ok,0.0006168423246452206,14449.526167646765,ok,-73.09232436648381,65.06435700455862,-0.10708643106369942,-69.31715516558143,61.25870895385742,-0.10155548920502717,,,0.0038989235312830157
702,5,95.13926666666667,Forward,0.4560154702498511,346.54764350905316,17030.0,17047.050822664056,ok,0.0006120459162204564,14449.520960169271,ok,-73.12983463478304,65.06430204884617,-0.10714138677615243,-69.3223626430754,61.25870132446289,-0.10156311859955673,,,0.0038989235312830157
703,5,95.27536666666667,Forward,0.45614638889037895,346.57444718693296,17035.0,17047.062911666093,ok,0.0006228118616516404,14449.520960169271,ok,-73.11774563274594,65.0643197602556,-0.10712367536671928,-69.3223626430754,61.25870132446289,-0.10156311859955673,,,0.0038989235312830157
704,5,95.41068333333334,Forward,0.4561917274440115,346.81173446421235,17035.0,17047.025015886546,ok,0.0006206447542930507,14449.471489133068,ok,-73.15564141229333,65.0642642397366,-0.10717919588572426,-69.371833679279,61.258628845214844,-0.10163559784760343,,,0.0038989235312830157
705,5,95.54546666666667,Forward,0.4560900861802243,346.6362920981155,17035.0,17046.992497009698,ok,0.0006201630699860927,14449.471489133068,ok,-73.1881602891408,65.06421659683437,-0.10722683878795752,-69.371833679279,61.258628845214844,-0.10163559784760343,,,0.0038989235312830157
706,5,95.68183333333333,Forward,0.456110098834279,346.7079978752445,17035.0,17046.979005590445,ok,0.0006131853627846646,14449.398584448136,ok,-73.20165170839391,65.06419683076521,-0.10724660485710805,-69.44473836421093,61.258522033691406,-0.10174240937104108,,,0.0038989235312830157
707,5,95.81821666666667,Forward,0.4562654336826062,346.7481395902796,17035.0,17046.95443821792,ok,0.0006174397084338244,14449.398584448136,ok,-73.22621908091969,65.06416083748867,-0.10728259813365522,-69.44473836421093,61.258522033691406,-0.10174240937104108,,,0.0038989235312830157
708,5,95.95378333333333,Forward,0.45612281846352565,346.80808837008226,17035.0,17046.937293703082,ok,0.0006162389658735107,14449.398584448136,ok,-73.24336359575682,65.06413571932582,-0.10730771629650117,-69.44473836421093,61.258522033691406,-0.10174240937104108,,,0.0038989235312830157
709,5,96.09076666666667,Forward,0.45612695594459124,346.7371495721236,17035.0,17046.91735534215,ok,0.0006187600092293782,14449.237152645786,ok,-73.26330195668925,65.06410650794238,-0.10733692767994012,-69.60617016656033,61.25828552246094,-0.10197892060151037,,,0.0038989235312830157
710,5,96.22618333333334,Forward,0.45612431342654103,346.7365318795455,17040.0,17046.868974799174,ok,0.0006201386752787548,14449.388169493146,ok,-73.31168249966504,65.06403562635906,-0.10740780926326787,-69.45515331920069,61.258506774902344,-0.10175766816010284,,,0.0038989235312830157
711,5,96.3623,Forward,0.45623199699671796,346.8123279013962,17035.0,17046.889601090665,ok,0.0006163578687301206,14449.388169493146,ok,-73.29105620817427,65.06406584561888,-0.1073775900034349,-69.45515331920069,61.258506774902344,-0.10175766816010284,,,0.0038989235312830157
712,5,96.4976,Forward,0.45616206711376084,346.64766615648114,17030.0,17046.85558370197,ok,0.000616531526281371,14449.302246114476,ok,-73.3250735968686,65.06401600727018,-0.10742742835213918,-69.54107669787118,61.25838088989258,-0.1018835531698697,,,0.0038989235312830157
713,5,96.63238333333334,Forward,0.45623521594955363,346.7429105278752,17035.0,17046.8192180886,ok,0.0006095772170404645,14449.302246114476,ok,-73.36143921023904,65.06396272857391,-0.10748070704840497,-69.54107669787118,61.25838088989258,-0.1018835531698697,,,0.0038989235312830157
714,5,96.76903333333334,Forward,0.4563765241969926,346.7639887788937,17035.0,17046.793928518644,ok,0.0006240583210177311,14449.302246114476,ok,-73.38672878019497,65.06392567721711,-0.10751775840520869,-69.54107669787118,61.25838088989258,-0.1018835531698697,,,0.0038989235312830157
715,5,96.9049,Forward,0.45632331985669067,346.72154008842335,17035.0,17046.783200901726,ok,0.0006185711426964243,14449.302246114476,ok,-73.39745639711327,65.0639099603519,-0.10753347527041385,-69.54107669787118,61.25838088989258,-0.1018835531698697,,,0.0038989235312830157
716,5,97.041,Forward,0.45643505949956253,346.8486302472702,17035.0,17046.760881744605,ok,0.0006126402671640148,14449.302246114476,ok,-73.41977555423364,65.0638772609009,-0.10756617472143125,-69.54107669787118,61.25838088989258,-0.1018835531698697,,,0.0038989235312830157
717,5,97.17605,Forward,0.4562853682407423,346.8321332516971,17035.0,17046.701906861268,ok,0.0006119899256382288,14449.185077870836,ok,-73.47875043757085,65.06379085771377,-0.10765257790854725,-69.65824494151093,61.258209228515625,-0.10205521454682184,,,0.0038989235312830157
718,5,97.31241666666666,Forward,0.4562773321599589,346.67693815527673,17035.0,17046.69841146966,ok,0.0006110532145317359,14449.185077870836,ok,-73.48224582917828,65.06378573666973,-0.10765769895259195,-69.65824494151093,61.258209228515625,-0.10205521454682184,,,0.0038989235312830157
719,5,97.44776666666667,Forward,0.4563723270625697,346.8288802386123,17035.0,17046.670085453217,ok,0.0006045815104186715,14449.177266654593,ok,-73.5105718456216,65.06374423666226,-0.10769919896006136,-69.6660561577537,61.25819778442383,-0.10206665863861883,,,0.0038989235312830157
720,5,97.58306666666667,Forward,0.4563786952654896,346.79925911988175,17030.0,17046.674533949892,ok,0.0006196019444350108,14449.177266654593,ok,-73.50612334894686,65.06375075408576,-0.10769268153656135,-69.6660561577537,61.25819778442383,-0.10206665863861883,,,0.0038989235312830157
721,5,97.7189,Forward,0.4565334562802802,346.77131961923806,17035.0,17046.63748024275,ok,0.0006334561011337082,14449.333490979447,ok,-73.54317705608992,65.06369646727399,-0.10774696834834387,-69.50983183290009,61.258426666259766,-0.10183777680268175,,,0.0038989235312830157
722,5,97.85421666666667,Forward,0.45654284939456624,346.90103788908164,17035.0,17046.662198542715,ok,0.0006156219159892343,14449.35171715068,ok,-73.51845875612344,65.06373268167198,-0.1077107539503436,-69.49160566166756,61.258453369140625,-0.10181107392182301,,,0.0038989235312830157
723,5,97.99058333333333,Forward,0.4563757232461825,346.85108636875157,17035.0,17046.665606700753,ok,0.0006121314529857619,14449.333490979447,ok,-73.51505059808551,65.06373767491147,-0.10770576071084895,-69.50983183290009,61.258426666259766,-0.10183777680268175,,,0.0038989235312830157
724,5,98.12536666666666,Forward,0.4563424861744765,346.89112884154747,17035.0,17046.580428295052,ok,0.0006200484041743724,14449.333490979447,ok,-73.60022900378681,65.06361288135005,-0.10783055427227016,-69.50983183290009,61.258426666259766,-0.10183777680268175,,,0.0038989235312830157
725,5,98.26093333333333,Forward,0.45653124807822587,346.80967941780546,17035.0,17046.57270160882,ok,0.0006076839369914377,14449.333490979447,ok,-73.60795569001857,65.06360156110186,-0.10784187452045874,-69.50983183290009,61.258426666259766,-0.10183777680268175,,,0.0038989235312830157
726,5,98.39731666666667,Forward,0.4565112358187423,346.8378430906778,17035.0,17046.564476865493,ok,0.0006182680673309932,14449.369943321912,ok,-73.61618043334602,65.06358951115794,-0.10785392446437535,-69.47337949043504,61.258480072021484,-0.10178437104096426,,,0.0038989235312830157
727,5,98.5332,Forward,0.45657081361317453,346.88930894148507,17030.0,17046.488575421343,ok,0.0006139105065608333,14449.369943321912,ok,-73.6920818774961,65.06347830912904,-0.10796512649327593,-69.47337949043504,61.258480072021484,-0.10178437104096426,,,0.0038989235312830157
728,5,98.66956666666667,Forward,0.45654768723995065,347.0091518485715,17035.0,17046.444964133665,ok,0.0006150994873525742,14449.44805548434,ok,-73.73569316517387,65.0634144149077,-0.10802902071461837,-69.39526732800732,61.25859451293945,-0.10166993012299438,,,0.0038989235312830157
729,5,98.80486666666667,Forward,0.4566189177570497,346.88538053960656,17030.0,17046.422572246538,ok,0.0006233944873757809,14449.44805548434,ok,-73.75808505230088,65.06338160890108,-0.10806182672124076,-69.39526732800732,61.25859451293945,-0.10166993012299438,,,0.0038989235312830157
730,5,98.94016666666667,Forward,0.45666907002875334,346.9099507907631,17035.0,17046.48713178766,ok,0.0006194477003172463,14449.369943321912,ok,-73.69352551117845,65.06347619408372,-0.10796724153859905,-69.47337949043504,61.258480072021484,-0.10178437104096426,,,0.0038989235312830157
731,5,99.07601666666666,Forward,0.4565628142665059,346.9420700443261,17030.0,17046.336440270752,ok,0.000614551539283954,14449.247567600776,ok,-73.84421702808686,65.06325541827891,-0.10818801734340702,-69.59575521157058,61.25830078125,-0.1019636618124486,,,0.0038989235312830157
732,5,99.21178333333333,Forward,0.4571798716097194,347.1563132092124,17035.0,17045.93192913671,ok,0.0006294809533942031,14449.247567600776,ok,-74.24872816212883,65.06266277528876,-0.10878066033356411,-69.59575521157058,61.25830078125,-0.1019636618124486,,,0.0038989235312830157
733,5,99.34813333333334,Forward,0.4570486878756343,347.22581334473944,17035.0,17045.876428137384,ok,0.0006171910116236185,14449.09394701467,ok,-74.30422916145471,65.06258146163523,-0.10886197398708096,-69.7493757976772,61.25807571411133,-0.10218872895112091,,,0.0038989235312830157
734,5,99.4843,Forward,0.4570560447138494,347.25427076036067,17035.0,17045.89341692749,ok,0.0006202053146484234,14449.09394701467,ok,-74.28724037134816,65.0626063516482,-0.10883708397412312,-69.7493757976772,61.25807571411133,-0.10218872895112091,,,0.0038989235312830157
735,5,99.62038333333334,Forward,0.45707817570509374,347.2249657045977,17035.0,17045.81053264848,ok,0.0006211265712358474,14448.958552599797,ok,-74.37012465035878,65.06248491917623,-0.10895851644610241,-69.88477021254948,61.257877349853516,-0.1023870932089318,,,0.0038989235312830157
736,5,99.75626666666666,Forward,0.45695573299508785,347.0931175636615,17035.0,17046.00126967659,ok,0.0006120943007143238,14448.958552599797,ok,-74.1793876222473,65.06276436503855,-0.10867907058377435,-69.88477021254948,61.257877349853516,-0.1023870932089318,,,0.0038989235312830157
737,5,99.89208333333333,Forward,0.45702071369531494,347.21962736082423,17035.0,17045.92410937967,ok,0.0006160688649269918,14448.674745076312,ok,-74.25654791916895,65.06265131868398,-0.10879211693835086,-70.16857773603442,61.25746154785156,-0.10280289521088544,,,0.0038989235312830157
738,5,100.02768333333333,Forward,0.457130753685144,347.1914665058612,17030.0,17045.89576305648,ok,0.0006125557400371227,14448.674745076312,ok,-74.28489424235886,65.0626097889254,-0.10883364669691983,-70.16857773603442,61.25746154785156,-0.10280289521088544,,,0.0038989235312830157
739,5,100.16298333333333,Forward,0.45704948823215175,347.2095002639726,17035.0,17045.935350614778,ok,0.0006209343622954966,14448.91168530234,ok,-74.24530668406078,65.06266778804323,-0.10877564757909985,-69.93163751000611,61.257808685302734,-0.10245575775971373,,,0.0038989235312830157
740,5,100.29883333333333,Forward,0.45713557508518,347.1903276714402,17035.0,17045.835631606275,ok,0.0006130982152913577,14448.91168530234,ok,-74.34502569256438,65.0625216912701,-0.10892174435222092,-69.93163751000611,61.257808685302734,-0.10245575775971373,,,0.0038989235312830157
741,5,100.43395,Forward,0.4571571545873226,347.2479916502525,17030.0,17045.827537414265,ok,0.0006209262581191148,14448.846591833651,ok,-74.35311988457397,65.0625098325949,-0.10893360302742607,-69.99673097869527,61.257713317871094,-0.1025511251913544,,,0.0038989235312830157
742,5,100.5695,Forward,0.45729541453651246,347.28102677709467,17035.0,17045.830463295857,ok,0.0006239703729595089,14448.846591833651,ok,-74.35019400298188,65.06251411925865,-0.10892931636367406,-69.99673097869527,61.257713317871094,-0.1025511251913544,,,0.0038989235312830157
743,5,100.70428333333334,Forward,0.4571276554516862,347.28565055529543,17035.0,17045.747349678415,ok,0.0006231028371474966,14448.799724536195,ok,-74.43330762042388,65.0623923507865,-0.10905108483583306,-70.0435982761519,61.25764465332031,-0.10261978974213631,,,0.0038989235312830157
744,5,100.83948333333333,Forward,0.4568812946462222,346.90854191613107,17030.0,17046.131087538888,ok,0.0006237800217672222,14448.750253499991,ok,-74.04956975995083,65.06295455917565,-0.10848887644667254,-70.09306931235551,61.257572174072266,-0.10269226899018301,,,0.0038989235312830157
745,5,100.97483333333334,Forward,0.45672959647036937,347.152065995404,17030.0,17046.166561702994,ok,0.0006184059771257342,14448.799724536195,ok,-74.01409559584499,65.06300653182342,-0.10843690379890157,-70.0435982761519,61.25764465332031,-0.10261978974213631,,,0.0038989235312830157
746,5,101.10986666666666,Forward,0.45693077861131937,347.1133077986415,17035.0,17046.133132570798,ok,0.0006207188160212147,14448.799724536195,ok,-74.04752472804103,65.0629575553202,-0.10848588030213166,-70.0435982761519,61.25764465332031,-0.10261978974213631,,,0.0038989235312830157
747,5,101.24596666666666,Forward,0.456979849898524,347.2133815566376,17035.0,17046.171027981774,ok,0.0006201307235709343,14448.846591833651,ok,-74.00962931706454,65.06301307529921,-0.10843036032311419,-69.99673097869527,61.257713317871094,-0.1025511251913544,,,0.0038989235312830157
748,5,101.38235,Forward,0.4572197555881823,347.1763649560453,17035.0,17045.72136074104,ok,0.0006222674661529764,14448.864818004884,ok,-74.45929655779764,65.06235427479733,-0.10908916082499631,-69.97850480746274,61.25774002075195,-0.10252442231049565,,,0.0038989235312830157
749,5,101.51848333333334,Forward,0.4574900419542869,347.39556880993405,17030.0,17045.451928374274,ok,0.0006222968312829184,14448.864818004884,ok,-74.72872892456508,65.06195953361458,-0.10948390200774354,-69.97850480746274,61.25774002075195,-0.10252442231049565,,,0.0038989235312830157
750,5,101.6538,Forward,0.4574696365652474,347.45526601841993,17035.0,17045.44402011952,ok,0.0006138165239491722,14448.846591833651,ok,-74.73663717931777,65.06194794735316,-0.10949548826915674,-69.99673097869527,61.257713317871094,-0.1025511251913544,,,0.0038989235312830157
751,5,101.7894,Forward,0.45759264392647925,347.5318378922966,17035.0,17045.44385070897,ok,0.0006185789780715201,14448.838780617409,ok,-74.73680658986996,65.0619476991524,-0.10949573646992988,-70.00454219493804,61.2577018737793,-0.10256256928315138,,,0.0038989235312830157
752,5,101.92443333333334,Forward,0.45747053883323674,347.3795018260862,17030.0,17045.396337485407,ok,0.0006213133669780701,14448.635688995098,ok,-74.78431981343238,65.06187808826529,-0.1095653473570337,-70.20763381724828,61.25740432739258,-0.10286011566987038,,,0.0038989235312830157
753,5,102.06106666666666,Forward,0.45752565481861607,347.4919037056243,17035.0,17045.474776542163,ok,0.0006225352001654042,14448.635688995098,ok,-74.70588075667547,65.06199300811107,-0.10945042751125093,-70.20763381724828,61.25740432739258,-0.10286011566987038,,,0.0038989235312830157
754,5,102.19613333333334,Forward,0.45699472965543464,347.1841736682363,17035.0,17046.05142944007,ok,0.0006238067689450535,14448.635688995098,ok,-74.12922785876799,65.06283785333025,-0.1086055822920754,-70.20763381724828,61.25740432739258,-0.10286011566987038,,,0.0038989235312830157
755,5,102.33251666666666,Forward,0.4570553586076866,347.20668526332156,17035.0,17046.008621003763,ok,0.0006176280346021902,14448.932515212322,ok,-74.1720362950764,65.062775135354,-0.10866830026832554,-69.91080760002478,61.25783920288086,-0.10242524018158754,,,0.0038989235312830157
756,5,102.46755,Forward,0.4569481400959796,347.1403743850533,17035.0,17046.030888856865,ok,0.0006128993212541065,14449.057494672204,ok,-74.14976844197372,65.0628077596403,-0.10863567598202893,-69.78582814014226,61.25802230834961,-0.10224213471283841,,,0.0038989235312830157
757,5,102.60285,Forward,0.45705250654784213,347.24290573779217,17030.0,17045.99221602708,ok,0.0006228006702624436,14449.307453591971,ok,-74.18844127175907,65.06275110067703,-0.10869233494528865,-69.53586922037539,61.25838851928711,-0.10187592377533748,,,0.0038989235312830157
758,5,102.7379,Forward,0.4571010094573128,347.21319721646796,17035.0,17045.978914209234,ok,0.0006180482884074303,14449.250171339525,ok,-74.20174308960486,65.06273161238997,-0.10871182323235724,-69.59315147282177,61.258304595947266,-0.10195984711518118,,,0.0038989235312830157
759,5,102.87348333333334,Forward,0.45717979187705987,347.2654854661341,17035.0,17045.944346408138,ok,0.0006090563530566468,14449.140814312126,ok,-74.23631089070113,65.06268096764059,-0.10876246798173693,-69.70250850022057,61.25814437866211,-0.102120064400339,,,0.0038989235312830157
760,5,103.00933333333333,Forward,0.45716343044591007,347.1329334844959,17030.0,17045.982170168078,ok,0.0006166467452049435,14449.140814312126,ok,-74.19848713076135,65.06273638264477,-0.10870705297754234,-69.70250850022057,61.25814437866211,-0.102120064400339,,,0.0038989235312830157
761,5,103.14598333333333,Forward,0.45705856537264866,347.19747444317545,17035.0,17045.95471132047,ok,0.0006191521844598492,14449.224133952048,ok,-74.22594597836724,65.06269615311292,-0.1087472825093943,-69.61918886029889,61.25826644897461,-0.10199799408783958,,,0.0038989235312830157
762,5,103.28155,Forward,0.4571359078404337,347.1178690544075,17035.0,17045.97561302075,ok,0.0006217418969788687,14449.224133952048,ok,-74.20504427808919,65.0627267758699,-0.10871665975241758,-69.61918886029889,61.25826644897461,-0.10199799408783958,,,0.0038989235312830157
763,5,103.41658333333334,Forward,0.4572174883709046,347.19888536871076,17035.0,17045.940371633842,ok,0.0006241858409197969,14449.224133952048,ok,-74.24028566499692,65.0626751442604,-0.10876829136192505,-69.61918886029889,61.25826644897461,-0.10199799408783958,,,0.0038989235312830157
764,5,103.55375,Forward,0.45717664862348684,347.1374539745302,17035.0,17045.98106829741,ok,0.0006063000586232298,14449.224133952048,ok,-74.19958900142956,65.06273476831115,-0.10870866731117278,-69.61918886029889,61.25826644897461,-0.10199799408783958,,,0.0038989235312830157
765,5,103.68881666666667,Forward,0.4572218366359343,347.24190562107106,17030.0,17045.950970536534,ok,0.0006180278977974261,14449.377754538154,ok,-74.22968676230448,65.06269067254838,-0.10875276307393637,-69.46556827419226,61.25849151611328,-0.10177292694916727,,,0.0038989235312830157
766,5,103.82411666666667,Forward,0.4572504689078437,347.2302215795389,17030.0,17045.970044547295,ok,0.000615579634968007,14449.377754538154,ok,-74.21061275154352,65.06271861758579,-0.10872481803653107,-69.46556827419226,61.25849151611328,-0.10177292694916727,,,0.0038989235312830157
767,5,103.95995,Forward,0.45746614606931624,347.23117787183946,17035.0,17045.936791569497,ok,0.0006278622977950158,14449.377754538154,ok,-74.24386572934236,65.06266989916364,-0.10877353645868527,-69.46556827419226,61.25849151611328,-0.10177292694916727,,,0.0038989235312830157
768,5,104.09525,Forward,0.45723213496044635,347.1811157921329,17035.0,17045.956268495633,ok,0.0006178714845585174,14449.148625528369,ok,-74.22438880320624,65.0626984345061,-0.10874500111621141,-69.6946972839778,61.258155822753906,-0.10210862030854201,,,0.0038989235312830157
769,5,104.2316,Forward,0.45729379189309927,347.28567252598805,17030.0,17045.931544986197,ok,0.0006176247786045789,14449.317868546961,ok,-74.24911231264196,65.0626622124758,-0.10878122314652428,-69.52545426538563,61.25840377807617,-0.10186066498627573,,,0.0038989235312830157
770,5,104.36743333333334,Forward,0.4572954550068776,347.16647089039907,17035.0,17045.982419473694,ok,0.0006181169526370042,14449.317868546961,ok,-74.19823782514504,65.06273674789857,-0.1087066877237496,-69.52545426538563,61.25840377807617,-0.10186066498627573,,,0.0038989235312830157
771,5,104.50275,Forward,0.4573695670743839,347.1551775220905,17035.0,17045.945836436702,ok,0.0006197461448306519,14449.317868546961,ok,-74.23482086213698,65.06268315065833,-0.1087602849639919,-69.52545426538563,61.25840377807617,-0.10186066498627573,,,0.0038989235312830157
772,5,104.63831666666667,Forward,0.4573507273448463,347.17225231120756,17040.0,17045.913742342225,ok,0.0006271170361268125,14449.177266654593,ok,-74.26691495661362,65.06263613009816,-0.10880730552416032,-69.6660561577537,61.25819778442383,-0.10206665863861883,,,0.0038989235312830157
773,5,104.77423333333333,Forward,0.45733631949538667,347.1251550394736,17035.0,17045.9458305471,ok,0.0006126532227535473,14449.29703863698,ok,-74.23482675173727,65.06268314202957,-0.10876029359275395,-69.54628417536696,61.25837326049805,-0.10189118256440191,,,0.0038989235312830157
774,5,104.909,Forward,0.45744486723061634,347.17533137938517,17030.0,17045.942092110417,ok,0.0006235034552261246,14449.177266654593,ok,-74.23856518842149,65.06267766490396,-0.108765770718372,-69.6660561577537,61.25819778442383,-0.10206665863861883,,,0.0038989235312830157
775,5,105.0459,Forward,0.45729116061302877,347.1244132568645,17035.0,17045.981557401083,ok,0.0006308227178333427,14449.177266654593,ok,-74.19909989775624,65.06273548488936,-0.10870795073296502,-69.6660561577537,61.25819778442383,-0.10206665863861883,,,0.0038989235312830157
776,5,105.1815,Forward,0.4573632119069353,347.15782077473705,17035.0,17045.948472550303,ok,0.0006215602012903302,14449.177266654593,ok,-74.23218474853638,65.06268701278749,-0.1087564228348311,-69.6660561577537,61.25819778442383,-0.10206665863861883,,,0.0038989235312830157
777,5,105.3168,Forward,0.4572533549933867,347.1318876683363,17035.0,17045.925828388168,ok,0.0006215323776083552,14449.117380663398,ok,-74.25482891067077,65.06265383717667,-0.10878959844565503,-69.72594214894889,61.25811004638672,-0.10215439667572995,,,0.0038989235312830157
778,5,105.45211666666667,Forward,0.4572951108382795,346.9983173744804,17035.0,17045.931912870263,ok,0.0006160355830476689,14449.117380663398,ok,-74.24874442857617,65.06266275145704,-0.10878068416528389,-69.72594214894889,61.25811004638672,-0.10215439667572995,,,0.0038989235312830157
779,5,105.58716666666666,Forward,0.45728908856247985,347.1001506995417,17035.0,17045.972337991392,ok,0.0006097503165987695,14449.257982555768,ok,-74.2083193074468,65.06272197767518,-0.10872145794714698,-69.585340256579,61.25831604003906,-0.10194840302338418,,,0.0038989235312830157
780,5,105.72328333333333,Forward,0.4573249160298348,347.02325479244246,17035.0,17045.95817190645,ok,0.0006234258720252923,14449.213718997058,ok,-74.22248539238717,65.06270122316378,-0.10874221245853458,-69.62960381528865,61.25825119018555,-0.10201325287690133,,,0.0038989235312830157
781,5,105.85991666666666,Forward,0.4572575795870596,347.1987817600166,17035.0,17045.957964943955,ok,0.0006197803931074121,14449.257982555768,ok,-74.2226923548842,65.06270091994624,-0.10874251567607983,-69.585340256579,61.25831604003906,-0.10194840302338418,,,0.0038989235312830157
782,5,105.99525,Forward,0.45749504696644117,347.15819571679094,17035.0,17045.895795885543,ok,0.0006237096504211745,14449.257982555768,ok,-74.28486141329631,65.06260983702275,-0.10883359859956934,-69.585340256579,61.25831604003906,-0.10194840302338418,,,0.0038989235312830157
783,5,106.13081666666666,Forward,0.45744263359088155,347.1497602520649,17035.0,17045.992808268576,ok,0.0006071236187561377,14449.289227420737,ok,-74.18784903026244,65.06275196836087,-0.10869146726145519,-69.55409539160974,61.25836181640625,-0.1019026266561989,,,0.0038989235312830157
784,5,106.26558333333334,Forward,0.45751412641031103,346.9464395585819,17035.0,17045.95950130977,ok,0.0006211509413999458,14449.289227420737,ok,-74.22115598906748,65.06270317085198,-0.10874026477034456,-69.55409539160974,61.25836181640625,-0.1019026266561989,,,0.0038989235312830157
785,5,106.40141666666666,Forward,0.4574684372921256,346.9942954946673,17035.0,17045.92644985301,ok,0.0006176882444631769,14449.34130219569,ok,-74.2542074458288,65.06265474767517,-0.10878868794715145,-69.50202061665732,61.25843811035156,-0.10182633271088476,,,0.0038989235312830157
786,5,106.53753333333333,Forward,0.4574716983179685,347.1424126268612,17035.0,17045.968524792035,ok,0.0006169264719259531,14449.34130219569,ok,-74.21213250680375,65.06271639101593,-0.1087270446063976,-69.50202061665732,61.25843811035156,-0.10182633271088476,,,0.0038989235312830157
787,5,106.67338333333333,Forward,0.4573177450104151,346.89270935995955,17035.0,17045.961640216086,ok,0.0006207799557764086,14449.34130219569,ok,-74.21901708275254,65.06270630453045,-0.1087371310918683,-69.50202061665732,61.25843811035156,-0.10182633271088476,,,0.0038989235312830157
788,5,106.8095,Forward,0.4573184152606513,347.0236722952177,17035.0,17045.98181688927,ok,0.000615658066094793,14449.3308872407,ok,-74.19884040956822,65.06273586506148,-0.10870757056084436,-69.51243557164707,61.2584228515625,-0.10184159149994652,,,0.0038989235312830157
789,5,106.9454,Forward,0.45748169708968345,347.13081412315296,17030.0,17045.98549598131,ok,0.0006161318947346902,14449.208511519564,ok,-74.19516131752971,65.06274125524217,-0.10870218038014653,-69.63481129278262,61.258243560791016,-0.10202088227143088,,,0.0038989235312830157
790,5,107.08095,Forward,0.45734297417666203,347.1084900912392,17035.0,17045.969104102838,ok,0.0006261190641497169,14449.208511519564,ok,-74.21155319600075,65.0627172397552,-0.10872619586712287,-69.63481129278262,61.258243560791016,-0.10202088227143088,,,0.0038989235312830157
791,5,107.21626666666667,Forward,0.4574848594190807,347.1515518650158,17035.0,17045.96217867324,ok,0.0006111104892548322,14449.047079717215,ok,-74.21847862560026,65.06270709341568,-0.10873634220664377,-69.79624309513201,61.25800704956055,-0.10225739350190018,,,0.0038989235312830157
792,5,107.35158333333334,Forward,0.45737899086781786,347.00573550163244,17035.0,17045.996669922788,ok,0.0006163725311933846,14449.047079717215,ok,-74.18398737605094,65.06275762601058,-0.10868580961174852,-69.79624309513201,61.25800704956055,-0.10225739350190018,,,0.0038989235312830157
793,5,107.48661666666666,Forward,0.45745748238611206,347.10571716768027,17035.0,17045.999902781547,ok,0.0006115201989274716,14449.078324582186,ok,-74.18075451729237,65.06276236242181,-0.10868107320050988,-69.76499823016093,61.258052825927734,-0.10221161713471222,,,0.0038989235312830157
794,5,107.62278333333333,Forward,0.457369474754408,346.97353570028645,17035.0,17045.994872228224,ok,0.0006248028629214838,14449.291831159486,ok,-74.18578507061466,65.06275499223614,-0.10868844338617888,-69.55149165286093,61.258365631103516,-0.10189881195893145,,,0.0038989235312830157
795,5,107.7586,Forward,0.4574467996856841,347.17680512766674,17035.0,17046.00994850787,ok,0.0006289197751220645,14449.291831159486,ok,-74.17070879096718,65.06277708025968,-0.10866635536263934,-69.55149165286093,61.258365631103516,-0.10189881195893145,,,0.0038989235312830157
796,5,107.8939,Forward,0.45748866494377793,347.2146075302844,17035.0,17045.88341614001,ok,0.0006217675075704958,14449.520960169271,ok,-74.29724115883073,65.06259169964953,-0.10885173597279216,-69.3223626430754,61.25870132446289,-0.10156311859955673,,,0.0038989235312830157
797,5,108.02868333333333,Forward,0.4576127251385408,347.20778655556205,17030.0,17045.925940087676,ok,0.0006167564160311385,14449.520960169271,ok,-74.25471721116264,65.06265400082589,-0.10878943479643767,-69.3223626430754,61.25870132446289,-0.10156311859955673,,,0.0038989235312830157
798,5,108.16506666666666,Forward,0.4575522284554059,347.18140659848723,17035.0,17045.922491951736,ok,0.0006223349817969916,14449.291831159486,ok,-74.25816534710248,65.06264894901538,-0.10879448660693651,-69.55149165286093,61.258365631103516,-0.10189881195893145,,,0.0038989235312830157
799,5,108.30118333333333,Forward,0.4576167164966471,347.1978034285494,17035.0,17045.932756561113,ok,0.0006185654990503323,14449.229341429544,ok,-74.24790073772601,65.06266398753542,-0.10877944808690154,-69.6139813828031,61.25827407836914,-0.10199036469330736,,,0.0038989235312830157
800,5,108.43675,Forward,0.4575018102181908,347.28351897590255,17035.0,17045.89610291144,ok,0.0006119681477086526,14449.229341429544,ok,-74.28455438739911,65.06261028684163,-0.10883314878068809,-69.6139813828031,61.25827407836914,-0.10199036469330736,,,0.0038989235312830157
801,5,108.57206666666667,Forward,0.45747828988242634,347.12379987693566,17030.0,17045.9048007379,ok,0.0006101945418733179,14449.229341429544,ok,-74.27585656094016,65.06262302989231,-0.10882040573001109,-69.6139813828031,61.25827407836914,-0.10199036469330736,,,0.0038989235312830157
802,5,108.7079,Forward,0.45749283853056666,347.1414993476319,17035.0,17045.89382757034,ok,0.0006198820497687854,14449.133003095883,ok,-74.28682972849856,65.06260695327467,-0.10883648234765157,-69.71031971646335,61.25813293457031,-0.10213150849213598,,,0.0038989235312830157
803,5,108.8438,Forward,0.45763816154247977,346.99881536943576,17035.0,17045.87983263304,ok,0.0006190137293931843,14449.401188186883,ok,-74.30082466579915,65.06258644950904,-0.10885698611328593,-69.44213462546395,61.25852584838867,-0.1017385946737763,,,0.0038989235312830157
804,5,108.97936666666666,Forward,0.4575368163680293,347.0763035144846,17035.0,17045.92164960286,ok,0.0006114234342828603,14449.401188186883,ok,-74.25900769597865,65.06264771490311,-0.10879572071921359,-69.44213462546395,61.25852584838867,-0.1017385946737763,,,0.0038989235312830157
805,5,109.1147,Forward,0.4575901616385355,347.1662117249034,17035.0,17045.875977297652,ok,0.0006252515412686656,14449.401188186883,ok,-74.30468000118708,65.06258080111694,-0.10886263450538215,-69.44213462546395,61.25852584838867,-0.1017385946737763,,,0.0038989235312830157
806,5,109.25053333333334,Forward,0.45761156310614404,347.1193013588745,17035.0,17045.875977098985,ok,0.0006195935467435278,14449.401188186883,ok,-74.30468019985346,65.06258080082588,-0.10886263479644519,-69.44213462546395,61.25852584838867,-0.1017385946737763,,,0.0038989235312830157
807,5,109.38651666666667,Forward,0.45765798513835654,347.1590480979685,17035.0,17045.84891546428,ok,0.0006238240889405844,14449.411603141873,ok,-74.33174183455776,65.0625411532445,-0.10890228237783421,-69.4317196704742,61.258541107177734,-0.10172333588471455,,,0.0038989235312830157
808,5,109.52155,Forward,0.4575887196747463,347.1271722926249,17030.0,17045.824874365473,ok,0.0006219566203362395,14449.411603141873,ok,-74.35578293336584,65.0625059310034,-0.10893750461891795,-69.4317196704742,61.258541107177734,-0.10172333588471455,,,0.0038989235312830157
809,5,109.65715,Forward,0.45772516749367476,347.12818044267624,17035.0,17045.85223401002,ok,0.0006214393608758434,14449.411603141873,ok,-74.32842328881816,65.06254601519439,-0.10889742042792831,-69.4317196704742,61.258541107177734,-0.10172333588471455,,,0.0038989235312830157
810,5,109.79418333333334,Forward,0.4575820482899461,347.18251811133814,17030.0,17045.86140433811,ok,0.0006256992078649178,14449.411603141873,ok,-74.3192529607295,65.06255945049989,-0.10888398512244023,-69.4317196704742,61.258541107177734,-0.10172333588471455,,,0.0038989235312830157
811,5,109.93028333333334,Forward,0.45751693081956446,347.06414240894446,17035.0,17045.88617033219,ok,0.0006132175086223141,14449.364735844418,ok,-74.29448696664986,65.0625957347738,-0.10884770084853432,-69.478586967929,61.25847244262695,-0.1017920004354938,,,0.0038989235312830157
812,5,110.06533333333333,Forward,0.4575621710713228,347.03488665828263,17035.0,17045.886924280476,ok,0.0006130066024964411,14449.364735844418,ok,-74.29373301836313,65.06259683937174,-0.10884659625059011,-69.478586967929,61.25847244262695,-0.1017920004354938,,,0.0038989235312830157
813,5,110.20116666666667,Forward,0.4574581609808035,346.9904134145145,17035.0,17045.867891194113,ok,0.0006147253512785086,14449.364735844418,ok,-74.3127661047256,65.06256895429203,-0.10887448133029375,-69.478586967929,61.25847244262695,-0.1017920004354938,,,0.0038989235312830157
814,5,110.3369,Forward,0.4574974971820587,347.0976213020658,17035.0,17045.890814041562,ok,0.0006106720529241909,14449.44805548434,ok,-74.28984325727652,65.0626025382004,-0.10884089742193653,-69.39526732800732,61.25859451293945,-0.10166993012299438,,,0.0038989235312830157
815,5,110.47273333333334,Forward,0.45741244553349875,347.06429951546306,17035.0,17045.897106019842,ok,0.0006174022052419534,14449.242360123282,ok,-74.28355127899704,65.06261175648021,-0.10883167914212236,-69.60096268906454,61.25829315185547,-0.10197129120697816,,,0.0038989235312830157
816,5,110.60751666666667,Forward,0.45755131920691167,347.14439615159426,17035.0,17045.85139036669,ok,0.0006147379365478865,14449.242360123282,ok,-74.32926693214904,65.06254477918563,-0.1088986564366909,-69.60096268906454,61.25829315185547,-0.10197129120697816,,,0.0038989235312830157
817,5,110.74415,Forward,0.4575334797208637,347.1663013530342,17035.0,17045.87164932851,ok,0.000615457175421378,14449.229341429544,ok,-74.30900797032882,65.06257446027647,-0.10886897534586246,-69.6139813828031,61.25827407836914,-0.10199036469330736,,,0.0038989235312830157
818,5,110.87946666666667,Forward,0.45759662071954077,347.09403875621865,17035.0,17045.838020374074,ok,0.0006112460271662368,14449.229341429544,ok,-74.34263692476452,65.06252519101676,-0.10891824460555745,-69.6139813828031,61.25827407836914,-0.10199036469330736,,,0.0038989235312830157
819,5,111.0148,Forward,0.4575836522423635,347.11198553004215,17035.0,17045.839181151405,ok,0.000618473250663583,14449.229341429544,ok,-74.34147614743415,65.06252689165363,-0.10891654396868967,-69.6139813828031,61.25827407836914,-0.10199036469330736,,,0.0038989235312830157
820,5,111.15011666666666,Forward,0.4575446822034112,347.14228464334883,17035.0,17045.827154233688,ok,0.0006217505599092266,14449.229341429544,ok,-74.35350306515102,65.06250927120297,-0.10893416441934792,-69.6139813828031,61.25827407836914,-0.10199036469330736,,,0.0038989235312830157
821,5,111.28623333333333,Forward,0.45748274247019804,347.10684818994196,17035.0,17045.791571371283,ok,0.0006120937691015883,14449.268397510757,ok,-74.38908592755615,65.062457139303,-0.10898629631931174,-69.57492530158925,61.258331298828125,-0.10193314423432243,,,0.0038989235312830157
822,5,111.4226,Forward,0.45760911745488964,347.1275426604734,17035.0,17045.666837607838,ok,0.0006134662931150636,14449.268397510757,ok,-74.51381969100112,65.0622743938003,-0.10916904182201996,-69.57492530158925,61.258331298828125,-0.10193314423432243,,,0.0038989235312830157
823,5,111.55845,Forward,0.4575275067080399,347.1035309112922,17035.0,17045.71060470861,ok,0.0006293807433012644,14449.268397510757,ok,-74.4700525902299,65.062338516301,-0.10910491932133035,-69.57492530158925,61.258331298828125,-0.10193314423432243,,,0.0038989235312830157
824,5,111.69401666666667,Forward,0.45758117704696344,347.1553757264264,17035.0,17045.660202756233,ok,0.0006096526888863179,14449.224133952048,ok,-74.52045454260588,65.0622646731821,-0.10917876244022644,-69.61918886029889,61.25826644897461,-0.10199799408783958,,,0.0038989235312830157
825,5,111.83038333333333,Forward,0.4578522969769132,347.1778772653379,17035.0,17045.41836121264,ok,0.0006205138344732862,14449.099154492165,ok,-74.76229608619906,65.06191035488656,-0.10953308073576289,-69.74416832018142,61.25808334350586,-0.1021810995565887,,,0.0038989235312830157
826,5,111.9663,Forward,0.4577402881486319,347.29933142881055,17035.0,17045.396525777447,ok,0.0006246002747888116,14449.099154492165,ok,-74.78413152139183,65.06187836412903,-0.10956507149328475,-69.74416832018142,61.25808334350586,-0.1021810995565887,,,0.0038989235312830157
827,5,112.10165,Forward,0.4578310818590664,347.3204553868891,17035.0,17045.44626205408,ok,0.0006108350438300218,14449.044475978466,ok,-74.73439524475907,65.06195123197672,-0.10949220364559811,-69.79884683388082,61.25800323486328,-0.1022612081991676,,,0.0038989235312830157
828,5,112.23645,Forward,0.45780760178420343,347.37763830786207,17030.0,17045.42320446794,ok,0.0006180142197798356,14449.044475978466,ok,-74.75745283089782,65.0619174506648,-0.1095259849575203,-69.79884683388082,61.25800323486328,-0.1022612081991676,,,0.0038989235312830157
829,5,112.37228333333333,Forward,0.45787732574470646,347.27134193337406,17035.0,17045.35771055392,ok,0.0006101928969579808,14448.729423590012,ok,-74.82294674492005,65.06182149654691,-0.10962193907540917,-70.11389922233502,61.25754165649414,-0.10272278656830654,,,0.0038989235312830157
