scan_index,channel_id,time_min,direction,DipDepth,CentroidWidthMotor,RawMinimumMotor,SPRMotor,SPRQuality,TIREdgeSlope,TIRTemplateRelativeRMSE,TIRMotor,TIRQuality,DeltaSPRMotor,SPRAngleEmpirical,DeltaSPRAngle,DeltaTIRMotor,TIRAngleEmpirical,DeltaTIRAngle,BulkSensitivity,PureKineticsCandidate,AngleCalibrationRMSEDeg
0,5,0.14448333333333332,Forward,0.4694333952961432,351.0310878835444,17020.0,17035.024349968975,ok,0.0006118223025092051,3.493167830655021e-11,14462.283010024357,ok,-85.15630732986392,65.04668225018244,-0.12476118543987902,-68.6839214643569,61.277398805817924,-0.10062774832825071,,,0.0038989235312830157
1,5,0.28031666666666666,Forward,0.4696980071695159,351.18076031405144,17025.0,17034.554674139355,ok,0.000631416957672982,0.0025661785301575304,14460.924606998991,ok,-85.62598315948344,65.04599413540723,-0.12544930021508652,-70.04232448972289,61.27540863060878,-0.10261792353739044,,,0.0038989235312830157
2,5,0.4159,Forward,0.46960075563485926,351.26661191662424,17025.0,17034.566287584134,ok,0.0006160780773739878,0.001135666389969183,14460.88024615632,ok,-85.61436971470539,65.0460111500851,-0.12543228553721963,-70.08668533239506,61.27534363822604,-0.10268291592013261,,,0.0038989235312830157
3,5,0.5517166666666666,Forward,0.46968858238234645,351.22415180059033,17025.0,17034.466929107748,ok,0.0006094672190563638,0.0008707839361156659,14460.678761288686,ok,-85.71372819109092,65.045865581522,-0.1255778541003249,-70.28817020002862,61.27504844587068,-0.10297810827548905,,,0.0038989235312830157
4,5,0.6867666666666666,Forward,0.46970217038053697,351.1701364654982,17025.0,17034.4778280033,ok,0.0006134921473349184,0.00136465422440878,14460.695564864149,ok,-85.70282929554014,65.04588154932487,-0.12556188629745116,-70.27136662456542,61.27507306452854,-0.10295348961763325,,,0.0038989235312830157
5,5,0.82235,Forward,0.47001292951825735,351.3704725837815,17025.0,17034.426330338647,ok,0.0006182085863012188,0.0014972553955817996,14460.395886133589,ok,-85.75432696019197,65.04580610089491,-0.12563733472741254,-70.57104535512553,61.2746340098672,-0.10339254427897467,,,0.0038989235312830157
6,5,0.9581833333333334,Forward,0.4697959399975382,351.33851389843403,17020.0,17034.460484247564,ok,0.0006218260331459291,0.0015185554510718272,14460.528234552014,ok,-85.7201730512752,65.04585613925727,-0.12558729636504723,-70.43869693670058,61.274827911482845,-0.10319864266332769,,,0.0038989235312830157
7,5,1.0948333333333333,Forward,0.46976622191371864,351.4094274858144,17025.0,17034.499979025768,ok,0.000624964945524073,0.0018592763781365908,14460.46434952411,ok,-85.68067827307095,65.04591400244442,-0.1255294331779041,-70.50258196460345,61.274734314519065,-0.10329223962711039,,,0.0038989235312830157
8,5,1.2304333333333333,Forward,0.469682282864086,351.21688752021873,17025.0,17034.49869740727,ok,0.0006151701765863869,0.0016880085361234093,14460.55628765776,ok,-85.68195989156811,65.04591212476504,-0.12553131085729158,-70.41064383095363,61.27486901165308,-0.10315754249308778,,,0.0038989235312830157
9,5,1.3668,Forward,0.46971001677962143,351.22800211698996,17025.0,17034.500726860944,ok,0.0006188782424314716,0.0018482969133627517,14460.45526669648,ok,-85.67993043789465,65.04591509808614,-0.1255283375361832,-70.51166479223502,61.27472100740914,-0.10330554673703557,,,0.0038989235312830157
10,5,1.5034,Forward,0.46973717029517215,351.33056163155925,17025.0,17034.49985431362,ok,0.0006120935463492195,0.0023363948218816342,14460.762867554064,ok,-85.68080298521818,65.04591381973059,-0.12552961589173722,-70.20406393465055,61.27517166865594,-0.10285488549023085,,,0.0038989235312830157
11,5,1.63895,Forward,0.4696961233441611,351.3350328407105,17020.0,17034.550456142773,ok,0.0006183250115371517,0.0016266770034848847,14460.150486728287,ok,-85.6302011560656,65.04598795568585,-0.12545547993647502,-70.81644476042675,61.27427447900364,-0.10375207514253154,,,0.0038989235312830157
12,5,1.7745166666666667,Forward,0.4696185410012924,351.31940392760225,17020.0,17034.545099605308,ok,0.0006147510873155468,0.0014672492949831268,14460.558275993397,ok,-85.63555769353115,65.04598010790586,-0.12546332771645763,-70.40865549531736,61.27487192473279,-0.10315462941337811,,,0.0038989235312830157
13,5,1.9103666666666668,Forward,0.46972910205438045,351.2903225326154,17020.0,17034.49226801819,ok,0.0006216550046210982,0.0023668646783351253,14460.059293800105,ok,-85.68838928064724,65.04590270516678,-0.12554073045553765,-70.90763768860961,61.274140873658595,-0.10388568048757962,,,0.0038989235312830157
14,5,2.0468166666666665,Forward,0.46974799006777235,351.40768778691563,17020.0,17034.5200588923,ok,0.000618902272073703,0.0015232032890382273,14460.235329815501,ok,-85.66059840653907,65.04594342114552,-0.12550001447680556,-70.73160167321294,61.27439878129515,-0.10362777285102691,,,0.0038989235312830157
15,5,2.1837,Forward,0.4696469614760175,351.29317811040164,17020.0,17034.499068232355,ok,0.000629341825694505,0.0014537453788025384,14460.21514829539,ok,-85.68158906648387,65.04591266805511,-0.12553076756721065,-70.75178319332372,61.274369213662965,-0.10365734048320766,,,0.0038989235312830157
16,5,2.3187166666666665,Forward,0.46948709744434497,351.32422582016807,17020.0,17034.53371027117,ok,0.000620244460105145,0.0018327993108113645,14460.376364570619,ok,-85.64694702766792,65.04596342156903,-0.12548001405329898,-70.59056691809565,61.274605409127986,-0.10342114501818186,,,0.0038989235312830157
17,5,2.4539833333333334,Forward,0.4696987501670359,351.3930190700339,17020.0,17034.52841954317,ok,0.000619188468828278,0.0023451456846415204,14459.725438716243,ok,-85.65223775566847,65.04595567020547,-0.12548776541685486,-71.24149277247125,61.27365174775197,-0.1043748063942064,,,0.0038989235312830157
18,5,2.5890166666666667,Forward,0.4696385052058704,351.3326502045129,17020.0,17034.513640758676,ok,0.0006211269244721755,0.001753681434415716,14460.233352726496,ok,-85.66701654016288,65.04593401803746,-0.12550941758485856,-70.7335787622178,61.2743958846927,-0.10363066945347131,,,0.0038989235312830157
19,5,2.7235833333333335,Forward,0.4696315150950236,351.3855055863496,17020.0,17034.528159125606,ok,0.0006179020483642703,0.001900806919688398,14460.030863646109,ok,-85.65249817323274,65.04595528867173,-0.12548814695059024,-70.93606784260555,61.27409922108081,-0.10392733306536264,,,0.0038989235312830157
20,5,2.8588833333333334,Forward,0.46954748951733377,351.20350585327105,17020.0,17034.58400868198,ok,0.0006179783331089842,0.001516963242374041,14460.518734780399,ok,-85.59664861685815,65.04603711299077,-0.12540632263154602,-70.44819670831566,61.274813993514755,-0.103212560631418,,,0.0038989235312830157
21,5,2.9933833333333335,Forward,0.4695383956830549,351.28912961468086,17025.0,17034.608056124314,ok,0.0006152542836768268,0.001477136130009023,14460.618114361263,ok,-85.5726011745246,65.04607234452567,-0.1253710910966615,-70.34881712745118,61.2749595929977,-0.10306696114846788,,,0.0038989235312830157
22,5,3.127883333333333,Forward,0.46933758221797384,351.24456605888554,17025.0,17034.600846334837,ok,0.0006325496335571415,0.002686919337996728,14460.264792106731,ok,-85.57981096400181,65.04606178157489,-0.12538165404742996,-70.70213938198322,61.274441946041186,-0.10358460810498694,,,0.0038989235312830157
23,5,3.2629333333333332,Forward,0.46959656134037636,351.278481986963,17025.0,17034.615485487004,ok,0.0006183960537514286,0.0017850453060790146,14459.951230414183,ok,-85.56517181183517,65.04608322916974,-0.1253602064525845,-71.01570107453153,61.2739825516675,-0.10404400247866881,,,0.0038989235312830157
24,5,3.3979833333333334,Forward,0.4694503871647828,351.37423796089206,17025.0,17034.613365339537,ok,0.000614552986751192,0.0019368603786146874,14460.186060966867,ok,-85.56729195930166,65.04608012297456,-0.12536331264776276,-70.78087052184674,61.27432659826897,-0.10369995587720018,,,0.0038989235312830157
25,5,3.5335833333333335,Forward,0.46951603424747157,351.3229353582901,17025.0,17034.63057845364,ok,0.0006387455983038546,0.0039926965818872,14460.491909940329,ok,-85.55007884519728,65.04610534164112,-0.12533809398119405,-70.47502154838548,61.27477469285751,-0.10325186128865978,,,0.0038989235312830157
26,5,3.668083333333333,Forward,0.46941281825391024,351.17588799640725,17025.0,17034.606454950732,ok,0.0006161177618897364,0.001691591229541535,14460.203137132752,ok,-85.57420234810706,65.04606999867107,-0.12537343695124945,-70.76379435596209,61.27435161629482,-0.1036749378513447,,,0.0038989235312830157
27,5,3.803383333333333,Forward,0.46958868968871903,351.2015083561964,17025.0,17034.667315645707,ok,0.0006227797739278685,0.002450396000948595,14459.954531921006,ok,-85.51334165313165,65.04615916473158,-0.12528427089074362,-71.01239956770769,61.27398738865396,-0.10403916549221418,,,0.0038989235312830157
28,5,3.9384166666666665,Forward,0.46936414942471044,351.4492178802393,17025.0,17034.735118008342,ok,0.0006118536244196095,0.0014479989735968857,14460.27020409846,ok,-85.44553929049653,65.04625850092174,-0.12518493470058667,-70.69672739025373,61.27444987506635,-0.10357667907982213,,,0.0038989235312830157
29,5,4.072666666666667,Forward,0.46947928720456716,351.0953340204687,17025.0,17034.686371418822,ok,0.0006110823177687137,0.001623239806825614,14460.273255114664,ok,-85.49428588001683,65.04618708304929,-0.1252563525730309,-70.69367637405048,61.27445434506288,-0.10357220908329164,,,0.0038989235312830157
30,5,4.2077,Forward,0.46942205418262295,351.14305642003455,17025.0,17034.772500949854,ok,0.0006213403871822194,0.002634723595719242,14459.96458791691,ok,-85.40815634898536,65.04631327008968,-0.12513016553263653,-71.00234357180489,61.27400212153763,-0.10402443260854471,,,0.0038989235312830157
31,5,4.3422,Forward,0.46935154031443893,351.1091854865808,17020.0,17034.71103152783,ok,0.000636371193252937,0.0032806086209294576,14460.080274380709,ok,-85.4696257710093,65.04622321219261,-0.1252202234297023,-70.88665710800524,61.27417161198191,-0.10385494216425992,,,0.0038989235312830157
32,5,4.478316666666666,Forward,0.46950748446389184,351.16491090353884,17020.0,17034.753823988987,ok,0.0006281231363183626,0.0022691177028049867,14460.238901770563,ok,-85.42683330985165,65.04628590676393,-0.1251575288583978,-70.72802971815145,61.27440401451112,-0.10362253963505287,,,0.0038989235312830157
33,5,4.6134,Forward,0.46931494240979904,351.2847836474248,17025.0,17034.80176102547,ok,0.0006167291987987694,0.00163831321418924,14459.956390408424,ok,-85.37889627337063,65.04635613857276,-0.12508729704955857,-71.01054108028984,61.27399011149505,-0.10403644265111589,,,0.0038989235312830157
34,5,4.748683333333333,Forward,0.46935679403812847,351.2851344514311,17025.0,17034.819123824844,ok,0.0006157553447041006,0.0014979884564826442,14460.371974442101,ok,-85.36153347399522,65.04638157654091,-0.12506185908142028,-70.59495704661276,61.27459897721877,-0.1034275769273992,,,0.0038989235312830157
35,5,4.884,Forward,0.46945002007207065,351.1645005370556,17020.0,17034.834772256963,ok,0.000611621837803033,0.002006440170502281,14460.549023777625,ok,-85.34588504187559,65.04640450281616,-0.12503893280616554,-70.41790771108936,61.27485836945493,-0.1031681846912413,,,0.0038989235312830157
36,5,5.019033333333334,Forward,0.4693391890590438,351.21711677233907,17025.0,17034.83969995734,ok,0.0006184713249279241,0.0016726150703552298,14459.968659629223,ok,-85.34095734149741,65.04641172231356,-0.12503171330875015,-70.99827185949107,61.2740080869402,-0.1040184672059695,,,0.0038989235312830157
37,5,5.1538,Forward,0.46935977272618035,351.1222042842346,17025.0,17034.86904233105,ok,0.0006217410099844861,0.0016223834779189798,14459.911080832371,ok,-85.31161496778805,65.04645471137032,-0.12498872425200981,-71.05585065634295,61.27392372913775,-0.10410282500842347,,,0.0038989235312830157
38,5,5.288833333333334,Forward,0.4692744538845533,351.3240254373886,17025.0,17034.919785553368,ok,0.0006168384485125721,0.0027700997164493125,14459.501340110199,ok,-85.26087174547138,65.04652905447851,-0.12491438114381533,-71.46559137851546,61.27332342435911,-0.10470312978706088,,,0.0038989235312830157
39,5,5.42335,Forward,0.46924401386163833,351.2746691070679,17025.0,17034.94667043753,ok,0.0006174682343306198,0.0020338799572932665,14459.572121160656,ok,-85.23398686130895,65.04656844310541,-0.12487499251690451,-71.39481032805816,61.27342712457861,-0.10459942956756305,,,0.0038989235312830157
40,5,5.5584,Forward,0.46914347535684797,351.22216729721913,17025.0,17034.99280092945,ok,0.0006200018795345249,0.002199033695141391,14460.265193875017,ok,-85.18785636938992,65.04663602817384,-0.12480740744849085,-70.70173761369733,61.27444253466567,-0.1035840194805011,,,0.0038989235312830157
41,5,5.6931666666666665,Forward,0.46933203004726143,351.08401649560983,17025.0,17034.976390637585,ok,0.000622971535310011,0.0020381022264401435,14460.015575007938,ok,-85.20426666125422,65.04661198570967,-0.12483144991264415,-70.95135648077667,61.27407682193409,-0.10394973221208235,,,0.0038989235312830157
42,5,5.828,Forward,0.46924186160591796,351.2261231396551,17025.0,17034.99684895615,ok,0.0006138599072839807,0.0014343716000700857,14459.555677773344,ok,-85.18380834268828,65.04664195887499,-0.12480147674733877,-71.41125371537055,61.27340303362683,-0.10462352051934415,,,0.0038989235312830157
43,5,5.964666666666667,Forward,0.4691535378250598,351.1654444841224,17025.0,17035.07390338878,ok,0.0006222955161103675,0.0017670141796918705,14460.024420621223,ok,-85.10675391005861,65.04675485012943,-0.12468858549289492,-70.94251086749136,61.274089781504955,-0.10393677264121766,,,0.0038989235312830157
44,5,6.099966666666667,Forward,0.4690430571573794,351.14790230135986,17025.0,17035.1085727784,ok,0.000622348082231657,0.0025323319454041288,14460.560765410037,ok,-85.07208452043778,65.04680564371458,-0.12463779190774313,-70.40616607867742,61.27487557193851,-0.10315098220765968,,,0.0038989235312830157
45,5,6.235283333333333,Forward,0.4690021585944598,351.14830166664615,17025.0,17035.142984529015,ok,0.0006234816867044623,0.0014804189400084123,14459.788619614785,ok,-85.03767276982398,65.04685605983681,-0.12458737578550559,-71.17831187392949,61.27374431310674,-0.10428224103943247,,,0.0038989235312830157
46,5,6.370866666666666,Forward,0.46890513900935893,351.1899183107125,17025.0,17035.196911513354,ok,0.0006102090748891989,0.001790040029060105,14460.727926913794,ok,-84.98374578548464,65.04693506742538,-0.12450836819693893,-70.23900457491982,61.275120477665666,-0.10290607648050168,,,0.0038989235312830157
47,5,6.504833333333333,Forward,0.46916070268234533,351.0866555064458,17025.0,17035.229595392666,ok,0.0006225630484365432,0.002677218720856682,14460.18922686433,ok,-84.95106190617298,65.04698295207017,-0.12446048355215389,-70.77770462438457,61.27433123657625,-0.1036953175699186,,,0.0038989235312830157
48,5,6.6406833333333335,Forward,0.4690605608582544,351.10735830209524,17025.0,17035.25592777876,ok,0.0006129911551678001,0.001277406497519471,14459.88741113601,ok,-84.92472952008029,65.04702153124072,-0.12442190438159804,-71.079520352705,61.273889051032626,-0.10413750311354247,,,0.0038989235312830157
49,5,6.77545,Forward,0.46900453489856425,351.0424980842181,17020.0,17035.303919733222,ok,0.0006303475559857796,0.0024416213963190624,14460.257989346877,ok,-84.87673756561708,65.04709184350905,-0.12435159211327464,-70.70894214183681,61.274431979423206,-0.10359457472296522,,,0.0038989235312830157
50,5,6.911016666666667,Forward,0.4690415599828153,351.04549418413444,17025.0,17035.308608197916,ok,0.0006153094038498922,0.0019217091568651638,14460.610982765884,ok,-84.8720491009226,65.04709871250597,-0.12434472311634984,-70.35594872283036,61.274949144607895,-0.10307740953827577,,,0.0038989235312830157
51,5,7.045833333333333,Forward,0.4687505072094104,350.96411105920197,17020.0,17035.380242454485,ok,0.0006161153671295551,0.002702844181670871,14459.964671575435,ok,-84.80041484435424,65.04720366274452,-0.12423977287780845,-71.00225991327898,61.27400224410444,-0.10402431004173561,,,0.0038989235312830157
52,5,7.181966666666667,Forward,0.46891804843721396,351.0581075924565,17025.0,17035.447314035275,ok,0.0006207605113965285,0.0025559617452787144,14459.793080991758,ok,-84.73334326356417,65.04730192827752,-0.12414150734480123,-71.17385049695622,61.27375084940097,-0.10427570474520681,,,0.0038989235312830157
53,5,7.3167333333333335,Forward,0.4687246381700575,350.91262701951564,17025.0,17035.555103652947,ok,0.000617781954684899,0.0015906316243835773,14460.541090215702,ok,-84.62555364589207,65.047459849175,-0.12398358644732983,-70.42584127301234,61.274846746116374,-0.10317980802979727,,,0.0038989235312830157
54,5,7.451233333333334,Forward,0.4684771852444116,350.86425742099163,17020.0,17035.836348484583,ok,0.0006147722819741497,0.0018014080454854962,14460.014791482614,ok,-84.34430881425578,65.04787189661685,-0.12357153900546669,-70.95214000610031,61.274075674003285,-0.10395088014288471,,,0.0038989235312830157
55,5,7.58735,Forward,0.46738504428670324,350.5614672554184,17025.0,17036.739434146133,ok,0.0006225610300585197,0.0017376269743450898,14460.82067097458,ok,-83.44122315270579,65.04919499341639,-0.12224844220592732,-70.14626051413507,61.27525635555104,-0.10277019859513034,,,0.0038989235312830157
56,5,7.7224,Forward,0.46556722740792744,349.63324633198135,17025.0,17038.771928611714,ok,0.000605469804923675,0.0014494276701551559,14462.410374950052,ok,-81.4087286871254,65.05217276954217,-0.11927066608015495,-68.55655653866233,61.27758540619564,-0.10044114795052927,,,0.0038989235312830157
57,5,7.857983333333333,Forward,0.46117569685429777,347.8070457056747,17025.0,17043.125717446303,ok,0.0006112408482015437,0.00234681977592594,14464.862569294382,ok,-77.05493985253634,65.05855143805411,-0.11289199756821315,-66.10436219433177,61.281178078105924,-0.09684847604024369,,,0.0038989235312830157
58,5,7.993816666666667,Forward,0.453699580260679,344.8196738235056,17035.0,17050.420012724808,ok,0.0006239062428392152,0.0018844971928742354,14471.44627924597,ok,-69.76064457403118,65.06923819696169,-0.10220523866062407,-59.52065224274338,61.29082376946935,-0.08720278467682266,,,0.0038989235312830157
59,5,8.129116666666667,Forward,0.4436229014998689,340.8783217327691,17050.0,17060.381193859703,ok,0.0006135115303140558,0.0015777191199768043,14478.70130535101,ok,-59.79946343913616,65.0838321689849,-0.08761126663742635,-52.26562613770329,61.3014529957198,-0.07657355842637156,,,0.0038989235312830157
60,5,8.264166666666666,Forward,0.43274870395036247,336.37624814052833,17055.0,17070.971010357873,ok,0.0006184387620060968,0.002353139797303111,14488.434437025675,ok,-49.209646940966195,65.09934714493124,-0.0720962906910805,-42.53249446303926,61.31571285601494,-0.06231369813123563,,,0.0038989235312830157
61,5,8.399233333333333,Forward,0.4231810042401334,331.9950103385272,17070.0,17080.244658432643,ok,0.0006265744799933858,0.0030328679706154867,14496.837978684325,ok,-39.935998866196314,65.11293382292891,-0.0585096126934216,-34.12895280438897,61.32802475459416,-0.05000179955201042,,,0.0038989235312830157
62,5,8.534,Forward,0.4159601183547833,328.9268453933473,17075.0,17087.0400126259,ok,0.0006197196173479457,0.0025945659057343305,14502.457190393743,ok,-33.140644672937924,65.12288959098905,-0.04855384463327403,-28.509741094971105,61.336257374538434,-0.04176917960773574,,,0.0038989235312830157
63,5,8.669833333333333,Forward,0.41136583484204514,326.8780453829095,17080.0,17091.40564574075,ok,0.0006203468354287865,0.003302829608425155,14506.531361803809,ok,-28.775011558089318,65.12928561237234,-0.042157823249980755,-24.435569684905204,61.34222637989744,-0.035800174248730145,,,0.0038989235312830157
64,5,8.805133333333334,Forward,0.4084610997578274,325.74432891902325,17085.0,17094.029950261305,ok,0.0006122619077436122,0.0021671558802392405,14509.170489216398,ok,-26.15070703753372,65.13313044023309,-0.03831299538923898,-21.7964422723162,61.34609292454746,-0.03193362959871319,,,0.0038989235312830157
65,5,8.94045,Forward,0.4067579204933225,324.96419366281043,17085.0,17095.631218873405,ok,0.0006271781029149094,0.003788613269897076,14511.137241838353,ok,-24.549438425434346,65.13547643404749,-0.03596700157483684,-19.829689650361615,61.348974383317525,-0.029052170828647517,,,0.0038989235312830157
66,5,9.076033333333333,Forward,0.4055430846652259,324.5536144675425,17080.0,17096.726004198663,ok,0.0006285559174168759,0.0037927293252019325,14511.57038508252,ok,-23.454653100176074,65.13708038705184,-0.034363048570483105,-19.39654640619483,61.34960897476826,-0.02841757937791452,,,0.0038989235312830157
67,5,9.210816666666666,Forward,0.40461847733616774,324.07532553924466,17090.0,17097.558847068784,ok,0.0006226499859903514,0.003524054680429839,14512.675930544992,ok,-22.621810230055416,65.13830057222684,-0.033142863395485916,-18.291000943721883,61.3512286922828,-0.02679786186337367,,,0.0038989235312830157
68,5,9.345583333333334,Forward,0.40399898319276545,323.8160228343004,17085.0,17098.273932761935,ok,0.0006147979678684507,0.0035018512142255902,14513.259927544068,ok,-21.90672453690422,65.13934823318779,-0.032095202434530255,-17.707003944646203,61.35208429723072,-0.025942256915453835,,,0.0038989235312830157
69,5,9.480616666666666,Forward,0.40336710431385037,323.56114260890536,17090.0,17098.865647267758,ok,0.0006162069232670494,0.004011934071782779,14513.295309493275,ok,-21.31501003108133,65.14021514493518,-0.031228290687142325,-17.671621995439637,61.35213613477587,-0.025890419370301888,,,0.0038989235312830157
70,5,9.615916666666667,Forward,0.4027069990796198,323.29282908601454,17090.0,17099.36886267928,ok,0.0006322602634227084,0.0039463776238326835,14513.879200576539,ok,-20.811794619559805,65.14095239803177,-0.030491037590553147,-17.087730912175175,61.35299158454818,-0.02503496959799474,,,0.0038989235312830157
71,5,9.7507,Forward,0.4022306697689677,323.06287382545634,17090.0,17099.890379486773,ok,0.0006121552180254971,0.003414097622366664,14514.018298227076,ok,-20.29027781206605,65.14171646421981,-0.029726971402505513,-16.94863326163795,61.35319537435914,-0.024831179787033315,,,0.0038989235312830157
72,5,9.886816666666666,Forward,0.4017447392148983,322.78434963148175,17090.0,17100.310103513657,ok,0.0006152541005111746,0.004055400798386094,14514.935651961792,ok,-19.870553785181983,65.1423313953834,-0.02911204023893577,-16.031279526921935,61.354539375091434,-0.02348717905473837,,,0.0038989235312830157
73,5,10.02215,Forward,0.40138992427044884,322.50988692202736,17090.0,17100.71182815298,ok,0.000617281247884605,0.003047346440228333,14515.156854051165,ok,-19.468829145858763,65.14291995592333,-0.02852347969898389,-15.810077437548898,61.35486345484263,-0.02316309930354559,,,0.0038989235312830157
74,5,10.157716666666667,Forward,0.4007701304816955,322.293983489486,17090.0,17101.133052079465,ok,0.000636157171401841,0.0049692710330713095,14515.593180246415,ok,-19.04760521937351,65.14353708456656,-0.02790635105576581,-15.373751242299477,61.355502709585636,-0.022523844560536094,,,0.0038989235312830157
75,5,10.292233333333334,Forward,0.400550723095346,322.1842690885642,17090.0,17101.486146274863,ok,0.0006274069497355625,0.004302033137249459,14515.473771453273,ok,-18.694511023975792,65.14405439739717,-0.027389038225148148,-15.493160035441178,61.35532776561435,-0.022698788531821702,,,0.0038989235312830157
76,5,10.42815,Forward,0.4000800102754234,322.0030927347034,17090.0,17101.873667715805,ok,0.0006343660593546398,0.00450653014889928,14516.307464534866,ok,-18.30698958303401,65.14462214905141,-0.026821286570910888,-14.659466953848096,61.35654919642099,-0.021477357725179596,,,0.0038989235312830157
77,5,10.563433333333334,Forward,0.39975598452526334,321.88635614365194,17090.0,17102.116150434795,ok,0.0006288735290391291,0.0041186725926602805,14516.528737745788,ok,-18.064506864044233,65.14497740672309,-0.02646602889924292,-14.43819374292616,61.35687338037127,-0.021153173774908333,,,0.0038989235312830157
78,5,10.698483333333334,Forward,0.39957623919772944,321.8229084267332,17090.0,17102.358670450543,ok,0.0006189504076121278,0.0033215296738205403,14516.712180653032,ok,-17.821986848295637,65.14533271903765,-0.02611071658467192,-14.254750835681989,61.357142139730215,-0.020884414415960714,,,0.0038989235312830157
79,5,10.8341,Forward,0.3989458373458784,321.75460078976175,17090.0,17102.747932508515,ok,0.0006269769392151759,0.00398615855235239,14516.880900055432,ok,-17.432724790323846,65.14590302084291,-0.02554041477941391,-14.086031433282187,61.35738932791051,-0.02063722623565871,,,0.0038989235312830157
80,5,10.9694,Forward,0.3987538474969615,321.4697428779218,17090.0,17103.05568729917,ok,0.0006244545368028417,0.004794417884953062,14517.26235131359,ok,-17.124969999669702,65.14635390761467,-0.025089528007655692,-13.704580175124647,61.357948186234076,-0.020078367912094715,,,0.0038989235312830157
81,5,11.105233333333333,Forward,0.3982989084061961,321.46511095925234,17095.0,17103.371890186932,ok,0.0006166404915402741,0.003944276394723081,14517.28300824846,ok,-16.80876711190649,65.1468171715625,-0.02462626405981872,-13.683923240254444,61.357978450389055,-0.0200481037571217,,,0.0038989235312830157
82,5,11.241083333333334,Forward,0.39816412557647807,321.2568570452204,17090.0,17103.598246172638,ok,0.0006300630528262625,0.004530424000779634,14517.203487110583,ok,-16.582411126200896,65.1471488022073,-0.02429463341502515,-13.76344437813168,61.357861945203,-0.020164608943175167,,,0.0038989235312830157
83,5,11.37665,Forward,0.3978921382761911,321.27787908153914,17095.0,17103.89234240757,ok,0.0006180717789250285,0.003866489579232553,14518.066940928808,ok,-16.288314891269692,65.14757967804086,-0.023863757581467786,-12.899990559906655,61.35912697800341,-0.018899576142761977,,,0.0038989235312830157
84,5,11.510883333333334,Forward,0.39750264681468384,321.0564944600119,17090.0,17104.131190871663,ok,0.0006325687494932363,0.004583700238595996,14517.283007800801,ok,-16.049466427175503,65.14792961122203,-0.02351382440029478,-13.683923687913193,61.357978449733196,-0.02004810441297959,,,0.0038989235312830157
85,5,11.645683333333332,Forward,0.3972454436583648,320.7717978204455,17095.0,17104.415939568295,ok,0.0006217257073763266,0.004078024206251274,14517.971858260977,ok,-15.764717730544362,65.14834679212217,-0.023096643500158415,-12.995073227737521,61.35898767386112,-0.019038880285054263,,,0.0038989235312830157
86,5,11.781,Forward,0.39695817418700363,320.70552491493436,17090.0,17104.691388700507,ok,0.0006246445334335571,0.003987531757327282,14518.098834455765,ok,-15.489268598332274,65.14875034837468,-0.02269308724765386,-12.868097032949663,61.35917370471522,-0.018852849430956595,,,0.0038989235312830157
87,5,11.9163,Forward,0.3968261156928915,320.6863065894395,17090.0,17104.88244666135,ok,0.0006130495776826214,0.004738209012607204,14518.707018523539,ok,-15.2982106374875,65.14903026443056,-0.022413171191754608,-12.259912965175317,61.36006474576244,-0.017961808383729724,,,0.0038989235312830157
88,5,12.0511,Forward,0.39649988434679684,320.5191568705304,17090.0,17105.13693022969,ok,0.0006126103544659356,0.004099394458795675,14518.794939302064,ok,-15.04372706914728,65.14940310436053,-0.022040331261787827,-12.171992186649732,61.360193557131765,-0.017832997014406736,,,0.0038989235312830157
89,5,12.1856,Forward,0.3962916513407397,320.4025023752729,17090.0,17105.370158974933,ok,0.0006117764867103936,0.0034003922147168137,14518.712876882033,ok,-14.810498323906359,65.14974480417875,-0.021698631443567686,-12.254054606681166,61.360073328752634,-0.017953225393539333,,,0.0038989235312830157
90,5,12.320916666666667,Forward,0.3960168977828484,320.27434618871484,17095.0,17105.571731585904,ok,0.0006109736257263865,0.004021917115372297,14518.670312754544,ok,-14.60892571293516,65.15004012508551,-0.02140331053680781,-12.296618734169897,61.360010968709446,-0.01801558543672601,,,0.0038989235312830157
91,5,12.4565,Forward,0.39585345500276425,320.19124468598966,17090.0,17105.787905136367,ok,0.0006262650146928688,0.004636597450007264,14519.344099304142,ok,-14.39275216247188,65.15035683760232,-0.02108659801999946,-11.622832184571962,61.36099812293556,-0.017028431210607944,,,0.0038989235312830157
92,5,12.591266666666666,Forward,0.3954152968748934,320.07449780106253,17095.0,17106.07853978841,ok,0.0006211603461384016,0.0040498461834106575,14518.990444873425,ok,-14.102117510428798,65.15078264192447,-0.020660793697856367,-11.976486615289105,61.360479989312864,-0.017546564833305116,,,0.0038989235312830157
93,5,12.7274,Forward,0.3951489884271093,319.92116677777085,17090.0,17106.296536665453,ok,0.0006263276862519338,0.004534133596386049,14519.894149597825,ok,-13.884120633385464,65.15110202576878,-0.020341409853547984,-11.072781890889019,61.36180399309179,-0.016222561054383224,,,0.0038989235312830157
94,5,12.862016666666667,Forward,0.3947236399102598,319.8481422606019,17105.0,17106.559765220627,ok,0.0006242845785495758,0.0035503701569512026,14519.583337733453,ok,-13.62089207821191,65.15148767784335,-0.019955757778970976,-11.383593755261245,61.361348627448734,-0.01667792669744298,,,0.0038989235312830157
95,5,12.99785,Forward,0.3944923918098692,319.66004038662504,17100.0,17106.801307148737,ok,0.0006233732124021984,0.004196832993023576,14520.33214338646,ok,-13.379350150102255,65.1518415571769,-0.01960187844543362,-10.634788102253879,61.362445691000005,-0.015580863146161923,,,0.0038989235312830157
96,5,13.13315,Forward,0.3941154502242037,319.6959731835814,17100.0,17107.154356315335,ok,0.0006137279796890159,0.0037881796040940947,14520.087807125783,ok,-13.02630098350346,65.15235880403651,-0.019084631585811047,-10.87912436293118,61.36208771773316,-0.01593883641301537,,,0.0038989235312830157
97,5,13.269916666666667,Forward,0.39382928484656277,319.30743451476155,17105.0,17107.450318633386,ok,0.0006270570438812377,0.003946617050220126,14520.188962206412,ok,-12.730338665453019,65.1527924138395,-0.01865102178281107,-10.777969282302365,61.36223591847328,-0.015790635672891313,,,0.0038989235312830157
98,5,13.404666666666667,Forward,0.39353947428636965,319.53290313780235,17100.0,17107.75688425144,ok,0.0006259268444368454,0.005109611641500693,14521.224774674825,ok,-12.423773047397844,65.15324155837294,-0.01820187724938836,-9.742156813888869,61.3637534712595,-0.01427308288667092,,,0.0038989235312830157
99,5,13.539733333333333,Forward,0.39309233496218954,319.0964145335274,17105.0,17108.103523909365,ok,0.0006249983962997227,0.004423105508221785,14520.894533325143,ok,-12.077133389473602,65.15374941476078,-0.017694020861539376,-10.072398163571052,61.363269639778785,-0.014756914367385745,,,0.0038989235312830157
100,5,13.674766666666667,Forward,0.3927846432618691,319.0339744248704,17100.0,17108.40804580383,ok,0.0006241268264018315,0.003977494597334617,14521.53975885464,ok,-11.772611495009187,65.15419556506646,-0.017247870555859617,-9.42717263407394,61.36421494969722,-0.013811604448951758,,,0.0038989235312830157
101,5,13.809016666666666,Forward,0.3922661262990236,318.8993261839714,17100.0,17108.787542319013,ok,0.000627682049029185,0.004087895760773202,14521.499453952572,ok,-11.39311497982635,65.1547515595264,-0.016691876095917723,-9.467477536141814,61.36415589961017,-0.013870654536005764,,,0.0038989235312830157
102,5,13.944083333333333,Forward,0.39201631101079765,318.62663260558475,17095.0,17109.140347374418,ok,0.000621837464292594,0.004128654955442152,14522.285460286663,ok,-11.040309924421308,65.1552684487425,-0.01617498687981994,-8.681471202051398,61.36530746530247,-0.012719088843701681,,,0.0038989235312830157
103,5,14.078866666666666,Forward,0.3916257037694354,318.4521511371604,17100.0,17109.444396289327,ok,0.0006177551030162428,0.003581113904362129,14522.499392912348,ok,-10.736261009511509,65.15571390609317,-0.015729529529151656,-8.467538576365769,61.36562089467513,-0.012405659471037412,,,0.0038989235312830157
104,5,14.214483333333334,Forward,0.39097789697160984,318.2720805180543,17100.0,17109.89855301188,ok,0.0006207894925143241,0.005021178877822025,14522.715617410362,ok,-10.282104286958202,65.15637928406525,-0.01506415155706843,-8.251314078352152,61.36593768183441,-0.012088872311763055,,,0.0038989235312830157
105,5,14.35005,Forward,0.39071540996777604,318.02731910773946,17100.0,17110.281317426332,ok,0.0006213462592359255,0.003160390766707479,14522.871329472655,ok,-9.899339872506971,65.15694006627373,-0.01450336934858028,-8.095602016059274,61.36616581316241,-0.011860740983760592,,,0.0038989235312830157
106,5,14.48565,Forward,0.39027051204810687,317.87614592648606,17100.0,17110.644056231642,ok,0.0006240786108108516,0.0036519576013493596,14522.712174492231,ok,-9.536601067196898,65.1574715092728,-0.013971926349528825,-8.254756996482683,61.36593263766844,-0.012093916477730395,,,0.0038989235312830157
107,5,14.620716666666667,Forward,0.3898497414027704,317.75633858079163,17100.0,17110.92554861733,ok,0.0006141162575370249,0.0040025243902814265,14523.616290683787,ok,-9.255108681507409,65.15788391940227,-0.013559516220060892,-7.350640804927025,61.36725724428152,-0.010769309864659059,,,0.0038989235312830157
108,5,14.757516666666668,Forward,0.3895114096805237,317.61214776968336,17105.0,17111.335882328025,ok,0.0006213640246509063,0.004014082643359294,14523.812783538404,ok,-8.844774970813887,65.15848509295918,-0.01295834266313618,-7.154147950310289,61.367545122916006,-0.010481431230167678,,,0.0038989235312830157
109,5,14.892833333333334,Forward,0.38911464130344,317.37336579131807,17105.0,17111.72563402575,ok,0.0006195994344508479,0.004294306107189111,14524.219047552124,ok,-8.455023273087136,65.15905611212806,-0.012387323494265502,-6.74788393659037,61.368140334022996,-0.009886220123174489,,,0.0038989235312830157
110,5,15.02895,Forward,0.38869545212481993,317.2757124492564,17105.0,17112.0641741939,ok,0.0006118024595526259,0.004285156906773597,14523.665546037964,ok,-8.116483104939107,65.15955210207903,-0.011891333543297399,-7.301385450749876,61.36732940753717,-0.010697146609004983,,,0.0038989235312830157
111,5,15.163466666666666,Forward,0.38823386672159077,317.0629127587199,17105.0,17112.436241675634,ok,0.00061936878123858,0.004348087209428681,14524.444398887814,ok,-7.744415623204986,65.16009721237725,-0.011346223245067025,-6.522532600900377,61.368470492770626,-0.009556061375540726,,,0.0038989235312830157
112,5,15.2991,Forward,0.38833988963310057,317.1555325471163,17100.0,17112.386660263284,ok,0.0006209453843028813,0.0046672467972233315,14524.601844199617,ok,-7.793997035554639,65.16002457141883,-0.011418864203493799,-6.365087289097573,61.36870116345561,-0.009325390690556946,,,0.0038989235312830157
113,5,15.434116666666666,Forward,0.3879229008235609,316.86730376122796,17105.0,17112.68161739115,ok,0.0006210496729954331,0.005141266563310813,14524.621997641252,ok,-7.4990399076887115,65.16045670853327,-0.01098672708904673,-6.344933847462016,61.36873068995045,-0.009295864195714869,,,0.0038989235312830157
114,5,15.569466666666667,Forward,0.3875487993972704,316.79874714318066,17105.0,17113.05203818133,ok,0.0006225158564515139,0.004887025312652665,14525.131315582566,ok,-7.1286191175095155,65.16099940628925,-0.010444029333079967,-5.835615906147723,61.36947688376882,-0.008549670377351801,,,0.0038989235312830157
115,5,15.704783333333333,Forward,0.3872099890696007,316.57189144426957,17100.0,17113.34712049829,ok,0.0006150681711302182,0.004796712717839354,14524.895891652772,ok,-6.833536800550064,65.16143172681629,-0.010011708806033153,-6.071039835942429,61.36913196781975,-0.008894586326423278,,,0.0038989235312830157
116,5,15.839833333333333,Forward,0.38681933922426465,316.4976015644679,17100.0,17113.69858918171,ok,0.0006338903447691792,0.0053236114283087485,14525.801505679567,ok,-6.482068117129529,65.16194665813451,-0.00949677748780816,-5.165425809147564,61.370458768888,-0.007567785258168335,,,0.0038989235312830157
117,5,15.974883333333333,Forward,0.38636994199177077,316.3821534159579,17105.0,17113.978998809802,ok,0.0006301665427515063,0.005185761358619502,14525.604366447818,ok,-6.201658489037072,65.16235748193262,-0.009085953689706458,-5.362565040895788,61.3701699432564,-0.007856610889772374,,,0.0038989235312830157
118,5,16.109666666666666,Forward,0.3862474872010586,316.25600590091926,17100.0,17114.328027122818,ok,0.0006288596203833174,0.005232335129550787,14526.31866592079,ok,-5.852630176021194,65.162868837902,-0.008574597720321073,-4.648265567924682,61.37121645233836,-0.006810101807811475,,,0.0038989235312830157
119,5,16.244966666666667,Forward,0.38582775137049025,315.9167293403916,17100.0,17114.57774274574,ok,0.0006262239541286751,0.005662066485437867,14526.042917358993,ok,-5.602914553099254,65.16323469238907,-0.008208743233255109,-4.9240141297213995,61.37081245739621,-0.0072140967499575315,,,0.0038989235312830157
120,5,16.381083333333333,Forward,0.3856782793959692,315.96202333198744,17105.0,17114.851577197907,ok,0.0006335337219858775,0.004481342205898954,14527.01480467529,ok,-5.329080100931606,65.16363588299888,-0.007807552623446521,-3.9521268134249112,61.372236354433284,-0.0057901997128838095,,,0.0038989235312830157
121,5,16.516933333333334,Forward,0.3851119550800456,315.7676910369446,17105.0,17115.159145735975,ok,0.0006309048516761908,0.004522358684812119,14526.835218740942,ok,-5.021511562863452,65.16408649689485,-0.007356938727464017,-4.131712747772326,61.371973245865526,-0.006053308280646403,,,0.0038989235312830157
122,5,16.652,Forward,0.3849488851212667,315.6462656545191,17105.0,17115.399761070563,ok,0.0006227550425366201,0.004271158467775333,14526.963557162317,ok,-4.780896228276106,65.16443901869059,-0.007004416931728486,-4.003374326397534,61.37216127249667,-0.005865281649498829,,,0.0038989235312830157
123,5,16.78705,Forward,0.3845520949014873,315.597870970505,17105.0,17115.71419617849,ok,0.0006222599637747285,0.00553146839636163,14527.264668726397,ok,-4.466461120347958,65.1648996926916,-0.006543742930716767,-3.702262762317332,61.37260242638018,-0.005424127765984584,,,0.0038989235312830157
124,5,16.922616666666666,Forward,0.3842924624369658,315.4568115383736,17105.0,17115.957953324483,ok,0.0006237633771601802,0.0045176885481037436,14527.695547653962,ok,-4.222703974355682,65.16525681750652,-0.00618661811580863,-3.2713838347517594,61.37323370041578,-0.004792853730393655,,,0.0038989235312830157
125,5,17.05765,Forward,0.3842062636766554,315.2985561606074,17105.0,17116.107760665207,ok,0.0006203195308943888,0.0047625434975496735,14527.283011854755,ok,-4.072896633631899,65.1654762979185,-0.005967137703818754,-3.6839196339587943,61.37262930061311,-0.005397253533054048,,,0.0038989235312830157
126,5,17.192966666666667,Forward,0.38382601601093336,315.2087002268563,17105.0,17116.398537155303,ok,0.0006282599666042008,0.004470688365737665,14527.831771824764,ok,-3.7821201435363037,65.16590231004538,-0.005541125576944256,-3.135159663950617,61.37343328033613,-0.00459327381003754,,,0.0038989235312830157
127,5,17.327766666666665,Forward,0.38347268484997504,315.2005815942175,17105.0,17116.674539849526,ok,0.0006215562303831193,0.0049906784827749235,14527.839280124714,ok,-3.506117449313024,65.166306677313,-0.005136758309320607,-3.127651364000485,61.37344428062997,-0.004582273516203895,,,0.0038989235312830157
128,5,17.462783333333334,Forward,0.38329891608153666,314.87087256908126,17105.0,17116.89753972294,ok,0.0006163833734991192,0.004032913073570537,14528.42177585495,ok,-3.283117575898359,65.16663339096972,-0.004810044652604781,-2.545155633764807,61.37429768609219,-0.0037288680539829524,,,0.0038989235312830157
129,5,17.5992,Forward,0.38278324930797497,314.9197395074443,17105.0,17117.145836312375,ok,0.0006194619614483554,0.004585518544470837,14528.566816403805,ok,-3.034820986464183,65.16699716645283,-0.004446269169498282,-2.4001150849089754,61.37451018275132,-0.0035163713948451946,,,0.0038989235312830157
130,5,17.734916666666667,Forward,0.3826464743406043,314.7961782321254,17105.0,17117.36222113898,ok,0.0006307861760069218,0.005031323635048085,14528.162209056154,ok,-2.8184361598578107,65.16731418850704,-0.0041292471152887264,-2.8047224325600837,61.3739173988001,-0.004109155346069142,,,0.0038989235312830157
131,5,17.871066666666668,Forward,0.3824929599328952,314.6781484741223,17110.0,17117.540344132063,ok,0.0006401484649846237,0.006029649449727684,14528.84605692279,ok,-2.6403131667757407,65.16757515374223,-0.003868281880089701,-2.1208745659241686,61.3749192937058,-0.0031072604403689676,,,0.0038989235312830157
132,5,18.006633333333333,Forward,0.3823361505515851,314.67534942912243,17105.0,17117.7497522105,ok,0.0006160473337878572,0.00441698420329583,14529.008633053434,ok,-2.430905088338477,65.16788195427088,-0.0035614813514416263,-1.958298435280085,61.37515748147391,-0.0028690726722590265,,,0.0038989235312830157
133,5,18.14335,Forward,0.3819548024991658,314.4159662455786,17105.0,17118.018103432165,ok,0.000629640816765714,0.004773733498156105,14528.486249593794,ok,-2.1625538666739885,65.1682751114847,-0.0031683241376205414,-2.4806818949200533,61.37439214556724,-0.003634408578927818,,,0.0038989235312830157
134,5,18.27865,Forward,0.38159064784397057,314.302219965688,17110.0,17118.265748859594,ok,0.0006208889385390173,0.0043507851648456105,14529.739554122414,ok,-1.9149084392447548,65.16863793296045,-0.0028055026618706005,-1.2273773663000611,61.37622834259845,-0.0017982115477190332,,,0.0038989235312830157
135,5,18.41395,Forward,0.38159155297138536,314.21416604510887,17105.0,17118.436610530556,ok,0.000620904220067939,0.004767202648855113,14529.261886173475,ok,-1.7440467682827148,65.1688882597452,-0.002555175877115962,-1.705045315238749,61.37552851869316,-0.0024980354530156736,,,0.0038989235312830157
136,5,18.549266666666668,Forward,0.3813152698499721,314.0942269639563,17100.0,17118.708118911865,ok,0.000624126647375924,0.004907937832962316,14529.507752058349,ok,-1.4725383869736106,65.16928604246468,-0.002157393157654298,-1.4591794303651113,61.3758887329887,-0.002137821157470446,,,0.0038989235312830157
137,5,18.684833333333334,Forward,0.3809624293751426,313.8884015677577,17110.0,17118.927358032364,ok,0.0006240390343286571,0.005515070112684359,14530.01908896861,ok,-1.2532992664746416,65.1696072463006,-0.0018361893217212263,-0.9478425201050413,61.37663788476716,-0.001388669379010945,,,0.0038989235312830157
138,5,18.819816666666668,Forward,0.38060834298007806,313.88785514636766,17110.0,17119.22182193313,ok,0.0006169593291239125,0.005814146488259088,14529.762225280887,ok,-0.958835365709092,65.17003866079567,-0.0014047748266509692,-1.2047062078272575,61.3762615577612,-0.001764996384978288,,,0.0038989235312830157
139,5,18.954816666666666,Forward,0.38041236047243043,313.78258115669814,17115.0,17119.37324852061,ok,0.0006198846432170204,0.00466678582724674,14530.447269649725,ok,-0.8074087782297283,65.17026051354097,-0.0011829220813474447,-0.5196618389891228,61.37726520564372,-0.0007613485024545404,,,0.0038989235312830157
140,5,19.089866666666666,Forward,0.3801229223243574,313.71153746602795,17115.0,17119.672311317812,ok,0.0006252044741320322,0.004553943919589013,14530.9696522225,ok,-0.5083459810266504,65.1706986658079,-0.0007447698144168049,0.0027207337861909764,61.37803054025105,3.98610488259718e-06,,,0.0038989235312830157
141,5,19.226266666666668,Forward,0.37981950293649847,313.50102020255144,17105.0,17119.88384853789,ok,0.0006274008162940592,0.0053960235010456145,14530.975973514975,ok,-0.2968087609478971,65.17100858570896,-0.0004348499133641389,0.009042026260431157,61.378039801478636,1.3247332468986595e-05,,,0.0038989235312830157
142,5,19.362116666666665,Forward,0.3788857962053193,313.2640887399866,17115.0,17120.623733277076,ok,0.0006160712454309687,0.003575505825589713,14531.140628980125,ok,0.44307597823717515,65.17209257936773,0.0006491437454030846,0.17369749141107604,61.37828103564749,0.0002544815013224421,,,0.0038989235312830157
143,5,19.49876666666667,Forward,0.378877320279669,313.0433418001412,17115.0,17120.77811292886,ok,0.0006221330107289913,0.00436248462366701,14530.864257477571,ok,0.5974556300207041,65.17231875860175,0.000875322979428586,-0.10267401114288077,61.377876128044505,-0.0001504261016677603,,,0.0038989235312830157
144,5,19.634833333333333,Forward,0.378572005594656,312.91363110747625,17115.0,17121.108334129112,ok,0.0006262725336825793,0.0050300421165134,14532.076654940513,ok,0.9276768302734126,65.17280256056185,0.0013591249395267237,1.1097234517983452,61.379652392768094,0.0016258386219178162,,,0.0038989235312830157
145,5,19.771466666666665,Forward,0.3783256011866113,312.79538832902836,17110.0,17121.305371591443,ok,0.0006204788949444837,0.004659009868909973,14531.854674188433,ok,1.1247142926040397,65.17309123709265,0.001647801470335071,0.8877426997187285,61.37932717221024,0.0013006180640675288,,,0.0038989235312830157
146,5,19.908383333333333,Forward,0.3778395526751641,312.68500633784424,17110.0,17121.545287532226,ok,0.0006263755946817451,0.004510742052383351,14532.42870999177,ok,1.3646302333872882,65.17344273421737,0.0019992985950529813,1.4617785030550294,61.38016818316474,0.0021416290185673637,,,0.0038989235312830157
147,5,20.0453,Forward,0.37779735809117865,312.50944745157176,17115.0,17121.8034553487,ok,0.000627166780411935,0.005877238518216967,14532.678273359583,ok,1.6227980498624675,65.17382097188215,0.0023775362598345406,1.7113418708686368,61.380533814585206,0.0025072604390349706,,,0.0038989235312830157
148,5,20.18113333333333,Forward,0.3775469313682184,312.37826405398664,17110.0,17122.041573520153,ok,0.0006280616956411397,0.00502447901995149,14532.258464853676,ok,1.8609162213142554,65.17416983512291,0.0027263995005810423,1.2915333649616514,61.37991875965273,0.001892205506558677,,,0.0038989235312830157
149,5,20.316716666666668,Forward,0.3772980748983513,312.31389210620546,17110.0,17122.25639442365,ok,0.0006282563665682357,0.005618139417151502,14532.800270124755,ok,2.075737124810985,65.17448456589761,0.0030411302752927677,1.833338636040935,61.380712550154186,0.002685996008013649,,,0.0038989235312830157
150,5,20.451233333333334,Forward,0.3771063482480745,312.22092787262227,17115.0,17122.37734016438,ok,0.0006271776881269445,0.005236781966188641,14533.12058583081,ok,2.1966828655422432,65.17466176162698,0.0032183260046600073,2.153654342095251,61.38118183972833,0.003155285582155781,,,0.0038989235312830157
151,5,20.5868,Forward,0.3766282487437733,312.1853871321,17115.0,17122.692366191302,ok,0.0006282489559532308,0.004894009098802636,14532.95855104103,ok,2.5117088924635027,65.17512330137424,0.0036798657519257765,1.9916195523164788,61.38094444507033,0.002917890924153605,,,0.0038989235312830157
152,5,20.722383333333333,Forward,0.37630855035609856,311.93223821294305,17115.0,17123.005409079666,ok,0.0006305745537577365,0.005312662413233897,14533.83347137916,ok,2.824751780826773,65.17558193565597,0.004138500033640675,2.866539890444983,61.38222627729125,0.004199723145078143,,,0.0038989235312830157
153,5,20.8585,Forward,0.3760963192939627,311.8299269885174,17115.0,17123.253636764937,ok,0.000633149651423834,0.004683525819560568,14534.157969420825,ok,3.0729794660983316,65.17594561018865,0.004502174566326947,3.191037932110703,61.38270169434044,0.004675140194273472,,,0.0038989235312830157
154,5,20.993033333333333,Forward,0.37583583274788107,311.6013265741567,17115.0,17123.503609420113,ok,0.0006316297561606943,0.005509079590505881,14534.008502749344,ok,3.322952121274284,65.17631184124969,0.004868405627362738,3.0415712606300076,61.38248271303768,0.004456158891509245,,,0.0038989235312830157
155,5,21.128083333333333,Forward,0.37562970959816244,311.5080537296453,17115.0,17123.715577290648,ok,0.0006325719767225757,0.004888076314370169,14533.786734797228,ok,3.534919991809147,65.17662239209004,0.005178956467721008,2.819803308513656,61.38215780424976,0.004131250103585472,,,0.0038989235312830157
156,5,21.263666666666666,Forward,0.3755027461954046,311.3555274815117,17110.0,17123.889897095272,ok,0.0006250475368185283,0.005620483291573108,14533.89123716866,ok,3.709239796433394,65.1768777853328,0.005434349710482512,2.9243056799459737,61.382310909053736,0.00428435490756283,,,0.0038989235312830157
157,5,21.39975,Forward,0.37540075316873645,311.393283314781,17115.0,17124.12138823278,ok,0.0006274664892006843,0.00508157751338268,14534.238421202712,ok,3.9407309339403582,65.17721693940888,0.005773503786554883,3.271489713997653,61.382819562998606,0.004793008852435055,,,0.0038989235312830157
158,5,21.534783333333333,Forward,0.37497677805766916,311.2185152492675,17115.0,17124.361482652326,ok,0.0006228105730298754,0.004710628943453463,14533.993930647966,ok,4.180825353487307,65.17756869802007,0.006125262397742009,3.0269991592522274,61.382461363677905,0.004434809531734876,,,0.0038989235312830157
159,5,21.66955,Forward,0.37473106363330433,311.0819112335521,17115.0,17124.622617354256,ok,0.0006307568821973637,0.005345098129908579,14534.973499030846,ok,4.441960055417439,65.17795128242273,0.006507846800399254,4.006567542131961,61.38389651412653,0.005869959980357508,,,0.0038989235312830157
160,5,21.8054,Forward,0.3746294632344539,310.992392301363,17115.0,17124.791764720932,ok,0.0006209953656556222,0.0053384008697243916,14534.450873202484,ok,4.6111074220934825,65.17819909760685,0.006755661984526388,3.4839417137700366,61.38313082312921,0.005104268983032335,,,0.0038989235312830157
161,5,21.9402,Forward,0.3742785021034267,310.84743420664745,17110.0,17125.029966764403,ok,0.0006319335286958371,0.005977021746238924,14535.063198657734,ok,4.849309465564147,65.1785480837272,0.007104648104867231,4.096267169019484,61.384027931659006,0.006001377512832844,,,0.0038989235312830157
162,5,22.0747,Forward,0.3741095016919568,310.71679020680676,17115.0,17125.214943292758,ok,0.0006268895794730355,0.004840080064589872,14535.483960434509,ok,5.034285993919184,65.17881908997064,0.007375654348324132,4.517028945794664,61.38464438321385,0.006617829067676763,,,0.0038989235312830157
163,5,22.209483333333335,Forward,0.37385339728072264,310.5964151038679,17115.0,17125.43670792722,ok,0.0006177082692667259,0.004388179061468133,14535.074547630731,ok,5.256050628380763,65.17914399389792,0.00770055827560334,4.107616142016923,61.384044558863366,0.00601800471719483,,,0.0038989235312830157
164,5,22.344533333333334,Forward,0.3735100147614202,310.73654337691914,17115.0,17125.67517638085,ok,0.0006220991071532063,0.005944380932166516,14535.623299479468,ok,5.494519082010811,65.17949337033166,0.008049934709337755,4.656367990754006,61.38484852668803,0.006821972541862987,,,0.0038989235312830157
165,5,22.4801,Forward,0.3734532988667631,310.45049332355484,17115.0,17125.864194950827,ok,0.0006172284295931743,0.00514486506692745,14535.452303825794,ok,5.683537651988445,65.17977029850762,0.008326862885300244,4.4853723370797525,61.38459800360729,0.006571449461114213,,,0.0038989235312830157
166,5,22.6156,Forward,0.3731372847729263,310.4760433641277,17115.0,17126.074117819368,ok,0.0006313186034124098,0.00491249586542962,14535.615168450391,ok,5.893460520528606,65.18007785324727,0.008634417624945765,4.648236961676957,61.384836614043415,0.0068100598972415,,,0.0038989235312830157
167,5,22.751166666666666,Forward,0.37290182914773107,310.2838353249099,17120.0,17126.297639885353,ok,0.0006308693459274387,0.0055713612628553386,14535.917375692941,ok,6.116982586514496,65.18040533196023,0.008961896337900604,4.950444204227097,61.38527937318847,0.00725281904229252,,,0.0038989235312830157
168,5,22.886466666666667,Forward,0.3726950837539693,310.306168567673,17115.0,17126.523094370164,ok,0.0006267540091915844,0.004324424445346412,14535.875878846631,ok,6.3424370713255485,65.18073564183004,0.009292206207712206,4.908947357916986,61.38521857680239,0.007192022656211436,,,0.0038989235312830157
169,5,23.022666666666666,Forward,0.37243399331872334,310.13832205492145,17120.0,17126.72136427872,ok,0.0006318916449063839,0.005564845778333614,14536.600233117111,ok,6.5407069798820885,65.18102612399869,0.009582688376375893,5.633301628397021,61.386279817012266,0.008253262866093519,,,0.0038989235312830157
170,5,23.15825,Forward,0.3721253918486846,309.96433237860765,17115.0,17126.92532541764,ok,0.0006351409166269909,0.005408456746977278,14536.442814334754,ok,6.744668118801201,65.18132494430071,0.009881508678395875,5.4758828460398945,61.38604918519516,0.008022631048989233,,,0.0038989235312830157
171,5,23.293533333333333,Forward,0.37210588277009266,309.83951643307955,17120.0,17127.086436162095,ok,0.0006325074359475012,0.005659535944749043,14536.424811343655,ok,6.905778863256273,65.18156098515425,0.010117549531922496,5.457879854940984,61.38602280929206,0.007996255145883629,,,0.0038989235312830157
172,5,23.427516666666666,Forward,0.37193091735413764,309.9033240029603,17120.0,17127.29517071195,ok,0.0006323964125729639,0.005403507747472508,14536.676935443189,ok,7.114513413111126,65.18186679890661,0.010423363284288178,5.710003954474814,61.38639219240086,0.008365638254687965,,,0.0038989235312830157
173,5,23.5634,Forward,0.3715923055641035,309.76234092207596,17115.0,17127.492414276174,ok,0.0006275790440641836,0.006090406000193255,14536.987429313525,ok,7.3117569773348805,65.18215577739412,0.010712341771784342,6.020497824811173,61.38684709215579,0.008820538009616572,,,0.0038989235312830157
174,5,23.698166666666665,Forward,0.37136285804910607,309.71493451167044,17115.0,17127.69942095161,ok,0.0006212187540361851,0.005491786581087629,14537.173601294771,ok,7.518763652769849,65.18245905966445,0.011015624042129779,6.206669806057107,61.38711984983874,0.009093295692567298,,,0.0038989235312830157
175,5,23.83295,Forward,0.37110922696271126,309.5275399345628,17115.0,17127.930259950448,ok,0.0006224117743853531,0.006234925804439259,14537.41931332419,ok,7.749602651609166,65.18279725830227,0.011353822679952207,6.452381835475535,61.38747983872304,0.009453284576870773,,,0.0038989235312830157
176,5,23.96825,Forward,0.3709403153103318,309.5624542923106,17115.0,17128.0764728366,ok,0.0006292868503075272,0.00499932874824736,14537.283009280456,ok,7.895815537762246,65.18301147253462,0.011568036912285964,6.316077791741918,61.38728014178209,0.009253587635919795,,,0.0038989235312830157
177,5,24.1033,Forward,0.3707456041459854,309.37401128249985,17115.0,17128.285336763598,ok,0.000626246526967921,0.00518779388806078,14537.283012289003,ok,8.104679464759101,65.18331747583542,0.011874040213096279,6.316080800288546,61.387280146189866,0.00925359204369481,,,0.0038989235312830157
178,5,24.23755,Forward,0.37056870224643684,309.2595506856087,17120.0,17128.45056052741,ok,0.0006273567255746703,0.005454584764782375,14537.558888267598,ok,8.26990322857091,65.18355954260983,0.0121161069875062,6.591956778884196,61.38768432780839,0.009657773662217265,,,0.0038989235312830157
179,5,24.373116666666668,Forward,0.3702741719541174,309.0658021450399,17120.0,17128.63806776123,ok,0.0006233829100456186,0.005655820771713465,14538.354652396873,ok,8.457410462389817,65.18383425655063,0.012390820928297233,7.3877209081583715,61.388850189495116,0.010823635348941226,,,0.0038989235312830157
180,5,24.508166666666668,Forward,0.37000061258376005,308.89831979536393,17115.0,17128.833502614274,ok,0.0006250200109619749,0.005961656592962274,14537.973551168492,ok,8.652845315435115,65.18412058512341,0.012677149501091618,7.006619679777941,61.38829184399475,0.010265289848576133,,,0.0038989235312830157
181,5,24.643483333333332,Forward,0.36992554161995467,308.8833114882218,17120.0,17129.090572646026,ok,0.0006339571930745732,0.006551282478332696,14538.142667554579,ok,8.909915347187052,65.18449721444082,0.013053778818497345,7.1757360658648395,61.388539613789696,0.010513059643522494,,,0.0038989235312830157
182,5,24.779183333333332,Forward,0.3697989556272213,308.62693406317703,17120.0,17129.205351386467,ok,0.0006275275271089787,0.006435825597920581,14538.20045779223,ok,9.024694087627722,65.18466537499368,0.013221939371364018,7.233526303516555,61.38862428137078,0.010597727224613718,,,0.0038989235312830157
183,5,24.914466666666666,Forward,0.36946594834463575,308.8241109917726,17120.0,17129.44530430568,ok,0.000632694770827478,0.005431907788972824,14538.552582091917,ok,9.264647006839368,65.18501692629494,0.013573490672603989,7.5856506032032485,61.38914017322224,0.01111361907606431,,,0.0038989235312830157
184,5,25.049783333333334,Forward,0.3693573192010353,308.6406952695361,17120.0,17129.61742383097,ok,0.0006182639118344779,0.005854109192591206,14538.74887267698,ok,9.436766532129695,65.18526909594254,0.013825660320230778,7.781941188266501,61.389427755514745,0.011401201368569265,,,0.0038989235312830157
185,5,25.184316666666668,Forward,0.3691295466369592,308.51035709962525,17115.0,17129.779849529852,ok,0.0006275864018466015,0.0059722311334679595,14538.158478139407,ok,9.599192231013149,65.18550706331543,0.014063627693100806,7.191546650692544,61.388562777632366,0.01053622348619549,,,0.0038989235312830157
186,5,25.318833333333334,Forward,0.36879669071880056,308.35506581748996,17120.0,17129.980680408575,ok,0.00061965286194078,0.005114335229745384,14538.728206988013,ok,9.800023109735776,65.18580129752176,0.014357861899444564,7.76127549929879,61.38939747853428,0.011370924388103729,,,0.0038989235312830157
187,5,25.453616666666665,Forward,0.3686461876755046,308.3384209146607,17120.0,17130.09149315523,ok,0.0006326805676527918,0.005761949461323715,14538.951715503124,ok,9.910835856389895,65.18596364755864,0.014520211936311044,7.984784014410252,61.38972493739405,0.011698383247882561,,,0.0038989235312830157
188,5,25.588183333333333,Forward,0.36864686680116243,308.2921073476209,17115.0,17130.316917898,ok,0.0006231277830575492,0.005631783580264901,14539.735625301664,ok,10.136260599159868,65.18629391385385,0.014850478231519441,8.768693812950005,61.390873431484636,0.012846877338460135,,,0.0038989235312830157
189,5,25.72375,Forward,0.36826532924728117,308.35502373710915,17115.0,17130.462216856937,ok,0.0006277215845994198,0.0062453187186409945,14539.001722725607,ok,10.281559558097797,65.18650678910558,0.015063353483261587,8.034791236892488,61.3897982022003,0.011771648054131993,,,0.0038989235312830157
190,5,25.8596,Forward,0.3681081787370344,308.0278835669087,17120.0,17130.67343709273,ok,0.0006290813355591961,0.006310650664683467,14539.268936595961,ok,10.492779793890804,65.18681624459788,0.015372808975552347,8.302005107247169,61.39018969309836,0.012163138952184786,,,0.0038989235312830157
191,5,25.994366666666668,Forward,0.3679997781866969,308.0306786918336,17120.0,17130.777767920838,ok,0.000630701435863605,0.007164750474798508,14539.715034599323,ok,10.597110621998581,65.18696909807639,0.015525662454064863,8.748103110609009,61.39084326436591,0.01281671021973866,,,0.0038989235312830157
192,5,26.129133333333332,Forward,0.36773966821278425,308.0069159316772,17120.0,17130.98974562338,ok,0.0006303370664243273,0.005528260768729706,14539.22811882735,ok,10.809088324542245,65.18727966332148,0.01583622769914677,8.261187338635864,61.390129891618486,0.012103337472310481,,,0.0038989235312830157
193,5,26.26418333333333,Forward,0.36757042684481267,307.86021610002354,17120.0,17131.092547623422,ok,0.0006167072724813312,0.005146996673076318,14539.2244010214,ok,10.91189032458351,65.18743027693769,0.015986841315364965,8.257469532685718,61.39012444471864,0.012097890572461021,,,0.0038989235312830157
194,5,26.400616666666668,Forward,0.36742352900082875,307.76030319914935,17125.0,17131.259735669595,ok,0.0006270378589800173,0.006174251159586173,14539.862951741454,ok,11.079078370756179,65.18767522155173,0.016231785929403723,8.896020252739618,61.39105997547725,0.013033421331078994,,,0.0038989235312830157
195,5,26.53595,Forward,0.36725849824116413,307.74565908468867,17120.0,17131.43932280082,ok,0.0006296005236944039,0.006012301077133285,14540.803527299648,ok,11.258665501980431,65.18793833187301,0.016494896250692014,9.836595810933431,61.39243799814305,0.014411443996874919,,,0.0038989235312830157
196,5,26.67043333333333,Forward,0.36709373133775913,307.7983604121546,17120.0,17131.45946658884,ok,0.0006237475035034628,0.005711651090864296,14540.210787896382,ok,11.278809290000936,65.18796784422449,0.016524408602172365,9.243856407667408,61.39156958483431,0.013543030688135059,,,0.0038989235312830157
197,5,26.804933333333334,Forward,0.3669784622045804,307.5694035735032,17125.0,17131.71555344595,ok,0.0006238503353536655,0.00610926426819421,14539.92514365858,ok,11.534896147109976,65.18834303310797,0.016899597485653835,8.958212169865874,61.39115109189069,0.013124537744516161,,,0.0038989235312830157
198,5,26.939983333333334,Forward,0.3667566305615173,307.6086038257163,17120.0,17131.82296659337,ok,0.000629959811075749,0.00700530356617454,14540.51859610846,ok,11.642309294529696,65.18850040244472,0.017056966822396002,9.551664619746589,61.39202054987297,0.013993995726794745,,,0.0038989235312830157
199,5,27.075566666666667,Forward,0.3664972703951358,307.4413889919997,17125.0,17131.99905290084,ok,0.0006262849757732188,0.005922623362533835,14540.743052730797,ok,11.818395602000237,65.18875838376341,0.017314948141086316,9.776121242082809,61.39234939778994,0.01432284364376727,,,0.0038989235312830157
200,5,27.210883333333335,Forward,0.36639447879970016,307.3906104075322,17120.0,17132.107002761364,ok,0.0006356315359393365,0.005946964913219731,14540.853994936297,ok,11.926345462525205,65.1889165394302,0.017473103807876735,9.887063447582477,61.39251193749495,0.014485383348780986,,,0.0038989235312830157
201,5,27.346466666666668,Forward,0.366313391157164,307.23154181358404,17120.0,17132.24012312595,ok,0.0006257834318916586,0.005087540735154475,14540.897985484802,ok,12.059465827111126,65.1891115720122,0.01766813638987438,9.93105399608794,61.39257638736545,0.014549833219281268,,,0.0038989235312830157
202,5,27.4815,Forward,0.3659930264941953,307.14028253984,17125.0,17132.44683820077,ok,0.0006263362705402674,0.005455385860628468,14541.305640588776,ok,12.266180901930056,65.189414427063,0.017970991440678805,10.33870910006226,61.39317363653721,0.015147082391036008,,,0.0038989235312830157
203,5,27.617866666666668,Forward,0.36597025032018005,307.1364062304092,17120.0,17132.610598915257,ok,0.0006357063142697374,0.005988350955454274,14541.229698915462,ok,12.429941616417636,65.18965435034653,0.01821091472420976,10.262767426747814,61.39306237556919,0.015035821423010501,,,0.0038989235312830157
204,5,27.753183333333332,Forward,0.365719267358647,307.1481160830699,17120.0,17132.682823069073,ok,0.0006267793321464162,0.005785557719980582,14541.638888065016,ok,12.50216577023457,65.18976016483438,0.018316729212063117,10.671956576301454,61.39366187224733,0.015635318101156676,,,0.0038989235312830157
205,5,27.888233333333332,Forward,0.36558825623252045,306.8177576965718,17120.0,17132.817956878607,ok,0.0006202560520785873,0.005776321604729898,14541.34480009296,ok,12.637299579768296,65.18995814728336,0.018514711661033426,10.377868604246032,61.39323100851958,0.015204454373410494,,,0.0038989235312830157
206,5,28.02355,Forward,0.3655610553683962,306.99152187038635,17120.0,17132.919886772455,ok,0.0006236997032252963,0.005807663790698849,14541.657856843904,ok,12.739229473616433,65.19010748319032,0.018664047567990897,10.690925355189393,61.39368966311115,0.01566310896497653,,,0.0038989235312830157
207,5,28.159666666666666,Forward,0.36537744517456777,306.9476682567947,17120.0,17133.04690404813,ok,0.000629767706186662,0.006363231768187847,14541.036434390708,ok,12.86624674929044,65.19029357423138,0.018850138609057866,10.069502901993474,61.392779226710715,0.014752672564542204,,,0.0038989235312830157
208,5,28.29446666666667,Forward,0.36529170389792953,306.6627159468226,17125.0,17133.07939222196,ok,0.0006242647119944849,0.006392492516434894,14541.298772798858,ok,12.898734923121083,65.19034117215111,0.01889773652877727,10.331841310144227,61.39316357464469,0.015137020498518679,,,0.0038989235312830157
209,5,28.429783333333333,Forward,0.36512795181280133,306.79498819194487,17120.0,17133.240615125815,ok,0.0006271386669412849,0.00638625209158313,14541.500962545351,ok,13.059957826975733,65.19057737732763,0.019133941705301076,10.534031056637104,61.39345979970713,0.015433245560962098,,,0.0038989235312830157
210,5,28.565616666666667,Forward,0.365149868999905,306.6901900336925,17125.0,17133.301080276524,ok,0.0006215348985487358,0.00562695692092522,14541.3627650059,ok,13.120422977684939,65.19066596388237,0.01922252826003577,10.395833517186475,61.393257328634974,0.015230774488796566,,,0.0038989235312830157
211,5,28.700666666666667,Forward,0.36495590955262047,306.71244803981244,17120.0,17133.41156618879,ok,0.0006216534108260292,0.006034321829915941,14541.783189771048,ok,13.230908889952843,65.19082783507923,0.019384399456910884,10.816258282333365,61.3938732864393,0.01584673229312956,,,0.0038989235312830157
212,5,28.835716666666666,Forward,0.36490648878228116,306.7471226594862,17120.0,17133.47038618254,ok,0.0006263900036955492,0.004560736561276358,14541.912752035938,ok,13.289728883701173,65.19091401134001,0.019470575717691913,10.945820547223775,61.39406310610461,0.01603655195843502,,,0.0038989235312830157
213,5,28.970233333333333,Forward,0.36495471167754834,306.6384718864101,17120.0,17133.52721807202,ok,0.0006382121232674641,0.0064821879220127365,14542.283013476186,ok,13.346560773181409,65.19099727486005,0.019553839237737198,11.31608198747199,61.39460557039946,0.01657901625328877,,,0.0038989235312830157
214,5,29.10555,Forward,0.3647582455227314,306.5600724140386,17120.0,17133.520146314902,ok,0.0006291481011353062,0.006254754481995339,14542.064359461774,ok,13.339489016063453,65.19098691413836,0.019543478516037965,11.097427973059894,61.39428522379338,0.016258669647210955,,,0.0038989235312830157
215,5,29.24085,Forward,0.36494062372323566,306.4773885874165,17125.0,17133.629188344403,ok,0.0006262659550315656,0.006420847930857288,14542.107464977247,ok,13.448531045563868,65.19114666992499,0.0197032343026592,11.140533488533038,61.39434837701571,0.01632182286953886,,,0.0038989235312830157
216,5,29.37615,Forward,0.3649223345621331,306.89005497661856,17130.0,17133.468688484878,ok,0.0006168710403470048,0.005373426106794928,14541.91696741642,ok,13.288031186039007,65.19091152406949,0.019468088447171482,10.950035927706267,61.39406928199319,0.016042727847016453,,,0.0038989235312830157
217,5,29.511466666666667,Forward,0.36481631380371693,306.5246623036983,17120.0,17133.541785094232,ok,0.0006221840771802741,0.005906374722290874,14541.734021813476,ok,13.361127795393259,65.19101861677842,0.019575181156104317,10.767090324761739,61.39380125122706,0.01577469708088707,,,0.0038989235312830157
218,5,29.64625,Forward,0.36496497555743435,306.49411038946346,17120.0,17133.438298212186,ok,0.0006271904178478186,0.005365477511628845,14542.283009807297,ok,13.257640913347132,65.1908669997522,0.019423564129880545,11.316078318583095,61.39460556502423,0.016579010878056542,,,0.0038989235312830157
219,5,29.781833333333335,Forward,0.36503469655621595,306.7962378532684,17120.0,17133.3609867699,ok,0.0006367171435321953,0.0061165662533481345,14542.28301265782,ok,13.180329471062578,65.1907537319569,0.019310296334576496,11.316081169105018,61.39460556920048,0.016579015054312012,,,0.0038989235312830157
220,5,29.9169,Forward,0.36508244960944336,306.913892278546,17125.0,17133.165457923922,ok,0.0006316561194707125,0.006037239480793153,14542.038956259757,ok,12.984800625083153,65.19046726567652,0.01902383005419177,11.072024771043289,61.39424800595601,0.016221451809837105,,,0.0038989235312830157
221,5,30.051933333333334,Forward,0.36562529338286354,306.9909535885017,17120.0,17132.832904318435,ok,0.0006328397782830373,0.0066967946149187624,14541.602677795498,ok,12.652247019595961,65.18998004654567,0.01853661092335074,10.635746306783403,61.393608821142934,0.015582266996760262,,,0.0038989235312830157
222,5,30.18723333333333,Forward,0.3659208992720767,307.0903932453766,17125.0,17132.528500996843,ok,0.0006203622548551559,0.005961892951905184,14540.501484666764,ok,12.347843698003999,65.18953406995927,0.01809063433694783,9.534553178049464,61.391995480165065,0.013968926018893378,,,0.0038989235312830157
223,5,30.321483333333333,Forward,0.36647730825596864,307.36627042866894,17120.0,17132.1205064166,ok,0.0006214076159832732,0.006975214220031055,14540.66478181006,ok,11.939849117759877,65.18893632342609,0.017492887803774105,9.697850321344959,61.39223472427763,0.014208170131458918,,,0.0038989235312830157
224,5,30.45705,Forward,0.3670198753763496,307.67480107319716,17120.0,17131.590175592635,ok,0.0006300061761943802,0.006466686203996109,14539.889086362213,ok,11.409518293796282,65.18815934395919,0.01671590833686617,8.922154873498584,61.39109826490488,0.013071710758710936,,,0.0038989235312830157
225,5,30.591316666666668,Forward,0.36784546327146145,307.764469688831,17120.0,17130.880240836872,ok,0.0006253812321157252,0.005018954491577594,14539.522583053378,ok,10.699583538033039,65.18711922955673,0.01567579393440744,8.555651564664004,61.39056130659009,0.012534752443917914,,,0.0038989235312830157
226,5,30.726933333333335,Forward,0.36871287108792117,308.31461738146754,17120.0,17130.06626268251,ok,0.0006270260036965194,0.005699066016950458,14538.879066937025,ok,9.885605383671646,65.18592668278427,0.014483247161953886,7.912135448310437,61.38961850110635,0.011591946960174467,,,0.0038989235312830157
227,5,30.8625,Forward,0.3698297639606617,308.9261783870934,17120.0,17129.017552267447,ok,0.0006250347786246096,0.00554404210353089,14538.458409501782,ok,8.836894968608249,65.18439023341642,0.012946797794091589,7.491478013067535,61.38900220242066,0.010975648274491575,,,0.0038989235312830157
228,5,30.998066666666666,Forward,0.37103086656391904,309.44932905341193,17120.0,17127.92200283209,ok,0.0006245288202074347,0.00571496609238697,14537.171831316526,ok,7.7413455332498415,65.1827851609262,0.011341725303878392,6.2048998278114595,61.38711725667106,0.009090702524884788,,,0.0038989235312830157
229,5,31.132316666666668,Forward,0.37263444291586134,310.0389965832328,17115.0,17126.523894600636,ok,0.0006299062877681175,0.005163034145343271,14536.745656715762,ok,6.343237301796762,65.18073681423529,0.009293378612967251,5.778725227048199,61.38649287487172,0.008466320725546888,,,0.0038989235312830157
230,5,31.2669,Forward,0.374374390880859,310.8060571092028,17115.0,17124.980860996628,ok,0.000622421343027512,0.0055251252692040745,14535.26075609872,ok,4.800203697788675,65.17847613962826,0.0070327040059307705,4.293824610005686,61.38431737000248,0.006290815856306714,,,0.0038989235312830157
231,5,31.40245,Forward,0.37658221198378705,311.84683736721854,17115.0,17123.127245541815,ok,0.0006200496171195086,0.005425930858999082,14532.968132163676,ok,2.9465882429758494,65.17576043636747,0.004317000745145682,2.0012006749620923,61.38095848222455,0.0029319280783773227,,,0.0038989235312830157
232,5,31.537483333333334,Forward,0.37867698880553124,312.6681105950447,17115.0,17121.084686525177,ok,0.0006304713401391157,0.004407914880958199,14531.718663532129,ok,0.9040292263380252,65.17276791482401,0.0013244792016794578,0.7517320434144494,61.37912790510666,0.0011013509604900242,,,0.0038989235312830157
233,5,31.67255,Forward,0.3812790883594753,314.0268010892214,17105.0,17118.818083804912,ok,0.0006288711963947972,0.00480745827956511,14529.425095588873,ok,-1.3625734939269023,65.16944715032436,-0.001996285297961261,-1.5418358998413169,61.37576763427694,-0.0022589198692332807,,,0.0038989235312830157
234,5,31.80785,Forward,0.3840766429618534,315.0654610581223,17105.0,17116.401033674472,ok,0.0006309059291841078,0.003939959473467972,14527.680348066697,ok,-3.77962362436665,65.1659059676569,-0.0055374679654196885,-3.2865834220174293,61.37321143173616,-0.004815122410012608,,,0.0038989235312830157
235,5,31.942633333333333,Forward,0.3866691542445253,316.5414733054022,17100.0,17113.747307125726,ok,0.0006208676569064165,0.004628947878437372,14525.109392663528,ok,-6.433350173112558,65.16201803403888,-0.009425401583446704,-5.857538825186566,61.36944476484007,-0.008581789306100013,,,0.0038989235312830157
236,5,32.077416666666664,Forward,0.39000456894912683,317.91187906067717,17100.0,17110.883527286493,ok,0.0006128596666022517,0.003744712290250541,14522.92944407389,ok,-9.297130012346315,65.15782235460203,-0.013621081020292487,-8.037487414823772,61.36625095596356,-0.011775598182612328,,,0.0038989235312830157
237,5,32.21191666666667,Forward,0.39358190431747053,319.37826871622383,17100.0,17107.67551654406,ok,0.0006171331067867984,0.0035903384660202035,14519.632411488152,ok,-12.505140754779859,65.15312234780653,-0.01832108781579047,-11.334520000562406,61.36142052464581,-0.016606029500368706,,,0.0038989235312830157
238,5,32.34748333333334,Forward,0.39705087664899175,321.14672759840323,17095.0,17104.38039981399,ok,0.0006314388361832599,0.003268548457027724,14517.516802949589,ok,-15.80025748485059,65.14829472337921,-0.023148712243114957,-13.450128539125217,61.358320979380466,-0.019705574765705284,,,0.0038989235312830157
239,5,32.4828,Forward,0.4009001299071465,322.6072524049523,17090.0,17100.83194800754,ok,0.0006203570255443467,0.003701428308230208,14514.622791921736,ok,-19.34870929129829,65.14309594165968,-0.028347493962639324,-16.3441395669779,61.35408100869794,-0.023945545448233477,,,0.0038989235312830157
240,5,32.61893333333333,Forward,0.40479386101247017,324.434088345537,17085.0,17097.214548826843,ok,0.0006201470618696868,0.00325245054463475,14511.065977548102,ok,-22.96610847199554,65.13779614621124,-0.033647289411082436,-19.900953940612453,61.3488699751109,-0.029156579035273782,,,0.0038989235312830157
241,5,32.75395,Forward,0.4089485065059768,326.19077711546925,17085.0,17093.382254149845,ok,0.0006157147217850347,0.0030261338399030944,14508.062293351253,ok,-26.79840314899411,65.13218151070332,-0.03926192491899866,-22.904638137461006,61.344469323969065,-0.03355723017711158,,,0.0038989235312830157
242,5,32.889516666666665,Forward,0.4130274776579955,327.87823825817395,17080.0,17089.5763979062,ok,0.0006210874497187893,0.0024043512485455026,14504.304190144863,ok,-30.604259392639506,65.12660560973416,-0.044837825888162056,-26.66274134385094,61.33896338523432,-0.03906316891184802,,,0.0038989235312830157
243,5,33.02483333333333,Forward,0.41702006575073935,329.5260553173466,17075.0,17085.77914439606,ok,0.000616713076429352,0.0023127040477216236,14501.7023041527,ok,-34.40151290277936,65.12104231249646,-0.05040112312586001,-29.26462733601329,61.33515140241191,-0.04287515173426134,,,0.0038989235312830157
244,5,33.1599,Forward,0.4209744490685453,331.22936630493496,17075.0,17081.962824463248,ok,0.0006176546345665085,0.0021556796675602156,14497.457370797008,ok,-38.21783283559125,65.11545108133855,-0.05599235428377184,-33.5095606917057,61.32893221637419,-0.04909433777197882,,,0.0038989235312830157
245,5,33.295716666666664,Forward,0.4249971579953883,333.02289332293367,17065.0,17078.19888083215,ok,0.0006164686726457151,0.0019105057833710083,14494.513880140203,ok,-41.981776466687734,65.10993658588814,-0.061506849734184535,-36.45305134851151,61.32461975385451,-0.053406800291657786,,,0.0038989235312830157
246,5,33.4305,Forward,0.4286760717396505,334.78625168995495,17065.0,17074.664832629755,ok,0.0006054965911633742,0.0014500789666964406,14491.515368329283,ok,-45.515824669084395,65.10475890666557,-0.06668452895675524,-39.451563159431316,61.3202266806951,-0.05779987345107412,,,0.0038989235312830157
247,5,33.56581666666667,Forward,0.4321263786155611,336.1926963635815,17060.0,17071.233835789884,ok,0.0006197643087108015,0.001713250738007174,14488.483845858531,ok,-48.9468215089546,65.09973220639633,-0.07171122922599728,-42.48308563018327,61.31578524412983,-0.062241310016349014,,,0.0038989235312830157
248,5,33.701033333333335,Forward,0.43563562318872007,337.62075574445043,17050.0,17067.980184924927,ok,0.0006088447509550928,0.0011484206932722491,14485.826475272028,ok,-52.20047237391191,65.09496533296502,-0.07647810265731156,-45.14045621668629,61.31189197168858,-0.06613458245758973,,,0.0038989235312830157
249,5,33.83635,Forward,0.43901127392206896,338.9808778977531,17050.0,17064.799413518587,ok,0.0006077767838894555,0.0015823306317833707,14482.806130168095,ok,-55.38124378025168,65.09030523409845,-0.08113820152387023,-48.1608013206187,61.30746691091012,-0.07055964323605296,,,0.0038989235312830157
250,5,33.97085,Forward,0.4418703031894481,340.20002081492567,17050.0,17061.81480350347,ok,0.0006120990197146962,0.0017236390238232714,14480.083022960638,ok,-58.36585379537064,65.0859325282445,-0.08551090737781923,-50.88390852807606,61.30347732876483,-0.07454922538134538,,,0.0038989235312830157
251,5,34.10561666666667,Forward,0.4445939331847274,341.3396640248866,17045.0,17059.15240259794,ok,0.0006156715828394847,0.001261280322610842,14477.656321556033,ok,-61.02825470089738,65.08203188596086,-0.08941154966146174,-53.31060993268147,61.29992200616524,-0.07810454798093179,,,0.0038989235312830157
252,5,34.24065,Forward,0.44725316266055803,342.3998421807373,17050.0,17056.605825297323,ok,0.0006183870742651096,0.00129943488436176,14475.693404190279,ok,-63.57483200151546,65.07830093504481,-0.09314250057750714,-55.27352729843551,61.29704616636957,-0.08098038777660731,,,0.0038989235312830157
253,5,34.37566666666667,Forward,0.4496300120872324,343.3202080527044,17040.0,17054.310523855795,ok,0.0006222772145623917,0.001793848917635416,14473.756240762477,ok,-65.87013344304432,65.07493812449366,-0.09650531112867082,-57.21069072623686,61.29420805826905,-0.08381849587712753,,,0.0038989235312830157
254,5,34.5115,Forward,0.4516742804171967,344.1291889934146,17040.0,17052.294626816936,ok,0.0006107895412084578,0.0019984027084741962,14471.864981630437,ok,-67.88603048190271,65.07198466500041,-0.09945877062191158,-59.101949858277294,61.29143720384046,-0.08658935030571796,,,0.0038989235312830157
255,5,34.646033333333335,Forward,0.45338394620734324,344.9617988162936,17040.0,17050.47437610043,ok,0.0006213282645145272,0.0029123131079289923,14470.447241353442,ok,-69.70628119841058,65.06931784390036,-0.10212559172195791,-60.51969013527196,61.28936009454404,-0.08866645960213863,,,0.0038989235312830157
256,5,34.7824,Forward,0.4552194760706126,345.65691677082214,17035.0,17048.78978324249,ok,0.000614395454396982,0.0016293907382472512,14468.759210130376,ok,-71.39087405634928,65.06684977302541,-0.10459366259691798,-62.20772135833795,61.28688698617364,-0.0911395679725316,,,0.0038989235312830157
257,5,34.918,Forward,0.45656047676679834,346.1533158994025,17035.0,17047.38128032962,ok,0.0006228940973479482,0.0015629059844084853,14467.568234754539,ok,-72.79937696921843,65.06478619724793,-0.10665723837439244,-63.398696734175246,61.2851421066177,-0.09288444752847094,,,0.0038989235312830157
258,5,35.05385,Forward,0.4578251278100286,346.7106768190715,17035.0,17046.142937078228,ok,0.0006252961788279644,0.002196590815597813,14466.710618028077,ok,-74.03772022061094,65.062971919752,-0.108471515870324,-64.2563134606371,61.283885625649916,-0.09414092849625154,,,0.0038989235312830157
259,5,35.189433333333334,Forward,0.4587662669422905,347.2058404563868,17035.0,17045.034769247555,ok,0.0006162276125684757,0.0014683765612413593,14465.788524310434,ok,-75.14588805128369,65.06134836024647,-0.11009507537585209,-65.1784071782804,61.28253468044214,-0.09549187370403531,,,0.0038989235312830157
260,5,35.325266666666664,Forward,0.4598209293606013,347.6074316826489,17035.0,17044.125290232587,ok,0.0006041171799534282,0.001391008885801018,14465.018817932922,ok,-76.05536706625207,65.06001589664397,-0.11142753897834975,-65.94811355579259,61.28140699556347,-0.0966195585827029,,,0.0038989235312830157
261,5,35.459783333333334,Forward,0.4606417668103403,347.8637158776255,17035.0,17043.283957000767,ok,0.0006157036005418731,0.0018429784566015232,14463.945092369035,ok,-76.89670029807166,65.0587832723717,-0.11266016325062096,-67.0218391196795,61.279833896888945,-0.09819265725722297,,,0.0038989235312830157
262,5,35.594033333333336,Forward,0.461264486950409,348.32136885270666,17025.0,17042.592354736837,ok,0.0006181043336526548,0.0017962987553619405,14463.793226856165,ok,-77.58830256200235,65.05777001661876,-0.11367341900355844,-67.17370463254883,61.279611401080864,-0.09841515306530939,,,0.0038989235312830157
263,5,35.72933333333334,Forward,0.46177670616325833,348.4201654005228,17030.0,17042.057436110466,ok,0.0006123004487976379,0.0015712520882700909,14462.859894084559,ok,-78.12322118837255,65.0569863156337,-0.11445711998863407,-68.10703740415556,61.27824398970939,-0.09978256443678284,,,0.0038989235312830157
264,5,35.86566666666667,Forward,0.4622235258845665,348.69970964206004,17025.0,17041.51422363649,ok,0.0006160238495356407,0.0020537459676363687,14462.693279624422,ok,-78.66643366234712,65.05619046346109,-0.11525297216123091,-68.27365186429233,61.27799988544736,-0.1000266686988144,,,0.0038989235312830157
265,5,36.0015,Forward,0.4627202358675232,348.81618384065587,17030.0,17041.162827333264,ok,0.0006171134515095706,0.0023598622998211223,14462.30239656061,ok,-79.01782996557449,65.05567563818596,-0.11576779743635722,-68.66453492810433,61.27742720873158,-0.10059934541459366,,,0.0038989235312830157
266,5,36.1376,Forward,0.4630074961176035,349.05664741482906,17035.0,17040.808540230482,ok,0.0006124259119158734,0.0017920106213596284,14462.161159810279,ok,-79.3721170683566,65.05515657764523,-0.1162868579770866,-68.80577167843512,61.27722028495867,-0.10080626918749387,,,0.0038989235312830157
267,5,36.27265,Forward,0.4633755620767428,349.19819024404205,17025.0,17040.449901105818,ok,0.0006272792548358032,0.002063651919676959,14462.203527294827,ok,-79.73075619302108,65.05463114102473,-0.11681229459759362,-68.76340419388725,61.27728235690334,-0.10074419724283072,,,0.0038989235312830157
268,5,36.40743333333333,Forward,0.46357040684492956,349.36417189794884,17025.0,17040.209626922286,ok,0.0006189250775390346,0.0017840876079770823,14461.17854814824,ok,-79.97103037655324,65.05427911904411,-0.11716431657820808,-69.78838334047396,61.27578067584895,-0.10224587829722358,,,0.0038989235312830157
269,5,36.54246666666667,Forward,0.463778094168418,349.3889719361832,17025.0,17039.968244182757,ok,0.0006164737597290743,0.0015920746028667534,14461.296540387757,ok,-80.21241311608173,65.0539254729353,-0.11751796268702354,-69.6703911009572,61.27595354444948,-0.10207300969668888,,,0.0038989235312830157
270,5,36.677233333333334,Forward,0.46385706120863224,349.40083332831273,17025.0,17039.82255111982,ok,0.0006165175350734119,0.0014247231581329084,14461.367568973617,ok,-80.35810617901734,65.0537120202879,-0.11773141533442173,-69.5993625150968,61.276057607329264,-0.10196894681691022,,,0.0038989235312830157
271,5,36.813066666666664,Forward,0.4641251664227475,349.40199762662087,17025.0,17039.597870043763,ok,0.0006193378664074245,0.002979731985658514,14460.919304818333,ok,-80.58278725507625,65.05338284352726,-0.118060592095063,-70.04762667038085,61.275400862466114,-0.1026256916800571,,,0.0038989235312830157
272,5,36.94838333333333,Forward,0.4642998531689643,349.4975287084235,17020.0,17039.502490602412,ok,0.0006197670776684574,0.0024484199561536787,14460.860284918763,ok,-80.67816669642707,65.05324310458668,-0.11820033103563761,-70.10664656995141,61.27531439332641,-0.10271216081975854,,,0.0038989235312830157
273,5,37.083666666666666,Forward,0.4644162977304841,349.6185554972835,17025.0,17039.413534632826,ok,0.0006330051961485199,0.0035055620703096425,14461.016471290115,ok,-80.76712266601317,65.05311277657499,-0.11833065904733174,-69.9504601985991,61.275543219557264,-0.10248333458890772,,,0.0038989235312830157
274,5,37.21843333333333,Forward,0.4644652580115882,349.6148264187359,17025.0,17039.353646223775,ok,0.0006232420909289848,0.002105301123482409,14460.629164091804,ok,-80.82701107506364,65.05302503499551,-0.11841840062680516,-70.33776739690984,61.27497578178658,-0.10305077235958827,,,0.0038989235312830157
275,5,37.35346666666667,Forward,0.4645677044105915,349.58423457990284,17030.0,17039.26099570455,ok,0.0006275007562342266,0.0028978491543882657,14461.127562562346,ok,-80.91966159428921,65.05288929415643,-0.1185541414658886,-69.83936892636848,61.27570597765764,-0.1023205764885379,,,0.0038989235312830157
276,5,37.48905,Forward,0.46460396272561044,349.6585975456037,17025.0,17039.18574832597,ok,0.0006169218040589698,0.002006628952912425,14460.941975941387,ok,-80.99490897286887,65.05277905038886,-0.11866438523346386,-70.02495554732741,61.27543407757696,-0.10259247656920871,,,0.0038989235312830157
277,5,37.62381666666667,Forward,0.4645387428615024,349.6086699364023,17025.0,17039.20273163971,ok,0.0006222747097348676,0.0024295931447260517,14460.642156949167,ok,-80.97792565912823,65.05280393237848,-0.1186395032438448,-70.32477453954743,61.274994817420435,-0.10303173672573315,,,0.0038989235312830157
278,5,37.758833333333335,Forward,0.46458567108504056,349.6316888418005,17025.0,17039.170361359473,ok,0.0006077034060785726,0.0016707271259146226,14460.745082587408,ok,-81.01029593936619,65.05275650718283,-0.11868692843948961,-70.22184890130666,61.27514561217707,-0.10288094196910598,,,0.0038989235312830157
279,5,37.893633333333334,Forward,0.46479169462251774,349.75692137675287,17025.0,17039.182684625557,ok,0.0006267984050645957,0.002409828437460784,14460.700802152878,ok,-80.99797267328177,65.05277456180889,-0.11866887381343322,-70.26612933583601,61.27508073759905,-0.10294581654712491,,,0.0038989235312830157
280,5,38.02838333333333,Forward,0.4647801270736991,349.67272323223733,17025.0,17039.018844518032,ok,0.0006203082593279856,0.0015419261711453747,14460.551553428531,ok,-81.16181278080694,65.05253452220785,-0.11890891341447249,-70.41537806018277,61.274862075607246,-0.10316447853892269,,,0.0038989235312830157
281,5,38.162933333333335,Forward,0.4648842823762537,349.7706326501175,17025.0,17038.93237391416,ok,0.0006188839045391184,0.001743515080961782,14460.817280627347,ok,-81.24828338468069,65.05240783546692,-0.11903560015539941,-70.14965086136726,61.27525138840588,-0.10277516574028969,,,0.0038989235312830157
282,5,38.29783333333334,Forward,0.46487731098075846,349.70088326149926,17025.0,17038.932556360054,ok,0.00062779153316012,0.00251904066746521,14459.889054023173,ok,-81.24810093878477,65.05240810276558,-0.11903533285674629,-71.07787746554095,61.27389145800114,-0.10413509614503294,,,0.0038989235312830157
283,5,38.432066666666664,Forward,0.46502571678425947,349.821953061306,17025.0,17038.84967199728,ok,0.0006198150234018934,0.002082620417510652,14460.449465983787,ok,-81.33098530155985,65.05228667017087,-0.1191567654514476,-70.5174655049268,61.27471250887491,-0.10331404527125476,,,0.0038989235312830157
284,5,38.567366666666665,Forward,0.46509166291313514,349.6336105736955,17025.0,17038.808194965488,ok,0.0006249943047560272,0.002203356727107002,14460.695319278535,ok,-81.372462333351,65.05222590281474,-0.1192175328075842,-70.27161221017923,61.27507270472486,-0.102953849421308,,,0.0038989235312830157
285,5,38.70218333333333,Forward,0.4651415638184706,349.8517475116096,17025.0,17038.83972097064,ok,0.000625607064349509,0.0031597255769908027,14460.224346117506,ok,-81.34093632819713,65.05227209107605,-0.1191713445462738,-70.7425853712084,61.27438268924952,-0.10364386489664744,,,0.0038989235312830157
286,5,38.8373,Forward,0.465080175939703,349.97444337439447,17025.0,17038.756588434742,ok,0.0006171508163381907,0.0022717523093882743,14460.162664469719,ok,-81.42406886409663,65.05215029488676,-0.11929314073557154,-70.80426701899523,61.27429232042378,-0.10373423372238763,,,0.0038989235312830157
287,5,38.97266666666667,Forward,0.465207508900027,349.8712092152382,17020.0,17038.836271648364,ok,0.0006339267500758805,0.002683489040626567,14460.237121961396,ok,-81.34438565047458,65.05226703752746,-0.11917639809485749,-70.72980952731814,61.27440140694031,-0.10362514720586537,,,0.0038989235312830157
288,5,39.10851666666667,Forward,0.4646558803050971,349.6543892349291,17025.0,17039.27197417889,ok,0.0006239708238045826,0.0013681006466731717,14460.620489464492,ok,-80.90868311994927,65.05290537854896,-0.11853805707336477,-70.34644202422169,61.27496307272462,-0.10306348142155455,,,0.0038989235312830157
289,5,39.24381666666667,Forward,0.4635298056817134,349.36413817157154,17025.0,17040.24325433927,ok,0.000620020531241903,0.0016191539024721804,14460.274251885294,ok,-79.93740295956741,65.05432838605131,-0.11711504957100705,-70.6926796034204,61.274455805416075,-0.10357074873009738,,,0.0038989235312830157
290,5,39.37886666666667,Forward,0.4620878444841394,348.7390724443612,17030.0,17041.685742057496,ok,0.0006199784867896876,0.00292239762115993,14460.433090788689,ok,-78.49491524134282,65.05644175244015,-0.1150016831821729,-70.5338407000254,61.27468851783049,-0.10333803631568082,,,0.0038989235312830157
291,5,39.514716666666665,Forward,0.4600434185886443,348.0303661351354,17035.0,17043.576364070734,ok,0.0006138440357397793,0.0024747466437292686,14460.169648765173,ok,-76.60429322810523,65.05921167343587,-0.11223176218646139,-70.79728272354077,61.274302553006756,-0.1037240011394154,,,0.0038989235312830157
292,5,39.65125,Forward,0.4575378254138722,347.1554127556119,17040.0,17045.81716286359,ok,0.0006213884214510785,0.0020734571405952233,14460.257820362967,ok,-74.36349443524887,65.06249463300156,-0.10894880262075264,-70.70911112574686,61.2744317318475,-0.10359482229867158,,,0.0038989235312830157
293,5,39.78628333333333,Forward,0.4545107218234369,346.1677460011815,17035.0,17048.426323676093,ok,0.0006264493273953507,0.002516327762150479,14460.126138288373,ok,-71.75433362274634,65.06631727405046,-0.1051261615718619,-70.84079320034107,61.27423880648187,-0.10378774766430442,,,0.0038989235312830157
294,5,39.92111666666667,Forward,0.4516739323321115,345.2495168518217,17040.0,17051.221022203383,ok,0.0006192791484880467,0.0024353561270145496,14459.932402208688,ok,-68.95963509545618,65.07041174352835,-0.10103169209397359,-71.03452928002662,61.27395496675558,-0.10407158739059051,,,0.0038989235312830157
295,5,40.05628333333333,Forward,0.44815192579365093,343.9307386260298,17040.0,17054.35388310279,ok,0.0006084528833975179,0.0013121300370553428,14460.34084460312,ok,-65.82677419604806,65.0750016494541,-0.09644178616822274,-70.6260868855934,61.27455336937438,-0.10347318477179213,,,0.0038989235312830157
296,5,40.190783333333336,Forward,0.44437521235269584,342.61197633605843,17040.0,17058.021314705464,ok,0.00061327704393457,0.0023067809439531275,14461.137809056121,ok,-62.159342593375186,65.08037474662818,-0.09106868899414318,-69.82912243259307,61.27572098963678,-0.10230556450938913,,,0.0038989235312830157
297,5,40.326633333333334,Forward,0.43931152105778926,340.7634225726215,17050.0,17062.450549655034,ok,0.0006179905651813979,0.0018984440251569353,14462.283008761853,ok,-57.73010764380524,65.08686395007331,-0.08457948554900628,-68.68392272686106,61.27739880396825,-0.10062775017792598,,,0.0038989235312830157
298,5,40.461666666666666,Forward,0.43258217129101906,337.929619198032,17060.0,17068.584258621235,ok,0.00061394233432046,0.0016062736595505956,14465.121993648338,ok,-51.59639867760416,65.09585035197074,-0.0755930836515852,-65.84493784037659,61.28155815670429,-0.09646839744188399,,,0.0038989235312830157
299,5,40.596983333333334,Forward,0.42391053106161464,334.6118319113848,17060.0,17076.86350301236,ok,0.000618266337547614,0.0018673385151555992,14470.192324914711,ok,-43.31715428648022,65.10798014455065,-0.06346329107166612,-60.77460657400297,61.28898662042237,-0.08903993372380291,,,0.0038989235312830157
300,5,40.73258333333333,Forward,0.41369807468339975,330.2335493111859,17080.0,17086.43925904472,ok,0.0006124211700058531,0.0015283716901534526,14476.473600998283,ok,-33.741398254118394,65.12200943623252,-0.049433999389808934,-54.49333049043162,61.298189220615285,-0.0798373335308904,,,0.0038989235312830157
301,5,40.86815,Forward,0.40280630540110673,325.5647534944801,17080.0,17096.372668910673,ok,0.0006211242556162968,0.0031973508071743797,14483.893781899107,ok,-23.80798838816554,65.1365627210002,-0.03488071462211857,-47.073149589607056,61.30906041259615,-0.06896614155001683,,,0.0038989235312830157
302,5,41.00265,Forward,0.39338679366658347,321.63311327750125,17090.0,17105.11371120965,ok,0.000612306349737707,0.0018060200841688878,14490.748610103106,ok,-15.066946089187695,65.1493690865343,-0.022074349088016167,-40.21832138560785,61.31910331510724,-0.05892323903893369,,,0.0038989235312830157
303,5,41.13848333333333,Forward,0.38632462456475986,318.2974023057068,17105.0,17111.667639512496,ok,0.0006176698724148933,0.002266487537062652,14495.896807868541,ok,-8.51301778634297,65.15897114526595,-0.012472290356376835,-35.070123620173035,61.3266458598257,-0.05138069432047179,,,0.0038989235312830157
304,5,41.2738,Forward,0.3816526483168302,316.24457314677056,17105.0,17115.72346834052,ok,0.000617634540837198,0.0030108910209691933,14499.675158465754,ok,-4.45718895832033,65.16491327719243,-0.006530158429903733,-31.291773022960115,61.33218146269878,-0.04584509144739554,,,0.0038989235312830157
305,5,41.40936666666666,Forward,0.3791150258681656,315.16290127363754,17105.0,17118.28669241529,ok,0.0006203526666033358,0.0026173850857381274,14503.05405511926,ok,-1.8939648835475964,65.16866861703915,-0.002774818583168338,-27.912876369453443,61.33713183179284,-0.040894722353332025,,,0.0038989235312830157
306,5,41.5444,Forward,0.37721974440417744,314.31836369455414,17115.0,17119.912923933804,ok,0.0006149300191046592,0.002073922417307315,14503.558740035613,ok,-0.26773336503538303,65.17105118362068,-0.00039225200165423404,-27.408191453101608,61.33787123783817,-0.04015531630800202,,,0.0038989235312830157
307,5,41.67945,Forward,0.3756400671619753,313.6483367376495,17110.0,17121.223648321855,ok,0.0006186335766367797,0.0028877344689755067,14505.057399206817,ok,1.0429910230159294,65.17297150559759,0.0015280699752581372,-25.909532281897555,61.34006690015177,-0.03795965399439918,,,0.0038989235312830157
308,5,41.814483333333335,Forward,0.374530673543386,313.0840416459723,17110.0,17122.322502333136,ok,0.0006177595746225978,0.0034297567648218217,14505.35893448075,ok,2.1418450342971482,65.17458141957074,0.0031379839484152695,-25.607997007964514,61.340508674806024,-0.03751787934014956,,,0.0038989235312830157
309,5,41.950066666666665,Forward,0.3732920345205101,312.6450201066182,17110.0,17123.450527157514,ok,0.0006225369374738025,0.003278300876574984,14506.144778353417,ok,3.26986985867552,65.17623407124984,0.004790635627519987,-24.822153135297413,61.34166000247862,-0.03636655166755765,,,0.0038989235312830157
310,5,42.08565,Forward,0.37225900813522605,312.07301750453917,17120.0,17124.30434187977,ok,0.0006089957663280172,0.0036568920246212453,14507.215036153246,ok,4.123684580932604,65.17748498196022,0.006041546337893848,-23.75189533546836,61.343228020585784,-0.034798533560387784,,,0.0038989235312830157
311,5,42.222116666666665,Forward,0.3712900160291478,311.7471986698765,17115.0,17125.15810675084,ok,0.0006147982157151503,0.0035576528911198477,14507.397897814295,ok,4.977449452002475,65.1787358196344,0.007292384012066312,-23.569033674419188,61.34349592836995,-0.03453062577622768,,,0.0038989235312830157
312,5,42.357416666666666,Forward,0.37048905174515,311.4368758830133,17115.0,17125.873741846786,ok,0.0006324862967850927,0.0041995740328090525,14508.135713523245,ok,5.693084547947365,65.17978428551686,0.008340849894536003,-22.831217965469477,61.344576890724596,-0.033449663421576015,,,0.0038989235312830157
313,5,42.49386666666667,Forward,0.36971053280892985,311.0990015207208,17115.0,17126.5518107212,ok,0.0006112721016388684,0.003148856026685465,14508.8466495916,ok,6.371153422362113,65.18077771371067,0.009334278088341688,-22.120281897114182,61.3456184721346,-0.032408082011564976,,,0.0038989235312830157
314,5,42.62813333333333,Forward,0.36902690825215523,310.75684813057524,17115.0,17127.189790165008,ok,0.0006224408121933741,0.0035241268539182246,14508.745352152435,ok,7.009132866169239,65.18171240750131,0.01026897187898869,-22.22157933627932,61.345470062827204,-0.032556491318973195,,,0.0038989235312830157
315,5,42.76425,Forward,0.3682750343068306,310.4467756734848,17120.0,17127.688965374084,ok,0.0006083535272925363,0.0032055146885045962,14509.094572516506,ok,7.508308075244713,65.18244374135995,0.011000305737621322,-21.87235897220853,61.345981700167606,-0.03204485397856519,,,0.0038989235312830157
316,5,42.900816666666664,Forward,0.367846449480873,310.2647146563759,17115.0,17128.225418116257,ok,0.0006240755615511617,0.002998461882015635,14509.549768757022,ok,8.044760817418137,65.18322968995429,0.011786254331972343,-21.41716273169186,61.346648601121345,-0.03137795302483255,,,0.0038989235312830157
317,5,43.035833333333336,Forward,0.3672529269605288,310.08959611456885,17120.0,17128.753406233627,ok,0.0006275450127205317,0.003576674957825448,14510.404123190714,ok,8.572748934788251,65.1840032371581,0.012559801535776051,-20.562808298000164,61.347900302554564,-0.030126251591604578,,,0.0038989235312830157
318,5,43.17146666666667,Forward,0.3667267624869641,309.83030767110176,17115.0,17129.17290484318,ok,0.0006199401453684433,0.004467370192834349,14510.629484147736,ok,8.992247544341808,65.18461783806623,0.013174402443910172,-20.337447340978542,61.34823047539827,-0.029796078747907035,,,0.0038989235312830157
319,5,43.3073,Forward,0.36640318865750593,309.6227198993802,17115.0,17129.543531794647,ok,0.0006106404986960494,0.0035930889217593203,14510.769884022033,ok,9.362874495807773,65.18516083786591,0.013717402243581457,-20.197047466681397,61.34843617307706,-0.02959038106910716,,,0.0038989235312830157
320,5,43.44291666666667,Forward,0.3658983809237103,309.268093982173,17120.0,17129.923148604525,ok,0.0006178873165422445,0.0035177443854236216,14511.584208551445,ok,9.74249130568569,65.18571700856774,0.014273572945415829,-19.382722937269136,61.34962922731823,-0.028397326827937452,,,0.0038989235312830157
321,5,43.57848333333333,Forward,0.36623159268685923,309.3990039427299,17115.0,17129.763737180107,ok,0.0006112508381988371,0.0037349402351816237,14511.173789726814,ok,9.583079881267622,65.18548345736164,0.01404002173932586,-19.793141761900188,61.3490279290622,-0.028998625083972263,,,0.0038989235312830157
322,5,43.714333333333336,Forward,0.36574213238917785,309.23583937520743,17120.0,17130.08987821365,ok,0.0006140573111641087,0.003086411656956734,14511.488760960243,ok,9.909220914811158,65.18596128153277,0.014517845910445235,-19.47817052847131,61.34948938853237,-0.028537165613802557,,,0.0038989235312830157
323,5,43.84936666666667,Forward,0.36527108521623086,309.0579689195074,17115.0,17130.416751396355,ok,0.0006213721402296272,0.004234829281236846,14511.273275210402,ok,10.236094097515888,65.18644017836428,0.014996742741948009,-19.69365627831212,61.349173683701586,-0.028852870444583924,,,0.0038989235312830157
324,5,43.98466666666667,Forward,0.36501897395572414,308.92085374171074,17120.0,17130.671362601333,ok,0.000621485875805989,0.0038369982546206083,14511.72042374314,ok,10.490705302494462,65.1868132052927,0.015369769670374516,-19.24650774557449,61.349828794083436,-0.028197760062731034,,,0.0038989235312830157
325,5,44.11945,Forward,0.36459133317848824,308.80621411558604,17120.0,17130.983484225755,ok,0.0006111087555219661,0.003512729091596362,14511.813131440224,ok,10.802826926916168,65.18727048984489,0.0158270542225737,-19.153800048490666,61.34996461869292,-0.02806193545325407,,,0.0038989235312830157
326,5,44.25533333333333,Forward,0.3644675936290457,308.72450140216097,17120.0,17131.24088260937,ok,0.0006235935016493193,0.003722353761218383,14512.283006330292,ok,11.060225310531678,65.18764760022552,0.01620416460320334,-18.683925158422426,61.3506530251085,-0.02737352903766977,,,0.0038989235312830157
327,5,44.390366666666665,Forward,0.36405262170799213,308.6673057758271,17120.0,17131.477731937226,ok,0.000618971783553488,0.0035570524267989796,14512.333781080873,ok,11.29707463838713,65.18799460450319,0.01655116888087147,-18.63315040784073,61.35072741440827,-0.027299139737903072,,,0.0038989235312830157
328,5,44.52486666666667,Forward,0.36395103920612315,308.4194877695518,17120.0,17131.696840186993,ok,0.0006133662401487186,0.003722264072202105,14512.316248789863,ok,11.516182888153708,65.18831561660244,0.01687218098012379,-18.650682698851597,61.35070172812056,-0.027324826025608335,,,0.0038989235312830157
329,5,44.660183333333336,Forward,0.36346185282383714,308.3664711789643,17120.0,17132.02397784584,ok,0.0006166907121256343,0.003726167148420541,14512.788343905664,ok,11.843320547002804,65.18879490091385,0.017351465291524724,-18.178587583050103,61.35139338735444,-0.026633166791728946,,,0.0038989235312830157
330,5,44.79443333333333,Forward,0.3633645777318034,308.2010669957308,17125.0,17132.161498213318,ok,0.0006139490680642784,0.0035563476828438497,14512.283006782058,ok,11.980840914478904,65.18899637987185,0.017552944249530564,-18.6839247066564,61.35065302577038,-0.02737352837579437,,,0.0038989235312830157
331,5,44.93001666666667,Forward,0.3630240566738633,308.1106847749943,17120.0,17132.421060503675,ok,0.0006192429200750549,0.0035970157586146874,14512.953394163473,ok,12.240403204836184,65.1893766605587,0.017933224936374153,-18.013537325241487,61.3516351999279,-0.02639135421827393,,,0.0038989235312830157
332,5,45.06505,Forward,0.36270595037223496,307.90260172610215,17120.0,17132.67062777767,ok,0.0006163635954794511,0.004219332470862974,14512.706058349004,ok,12.489970478829491,65.18974229770205,0.018298862079725066,-18.260873139710384,61.3512728320613,-0.026753722084876523,,,0.0038989235312830157
333,5,45.2009,Forward,0.3624313267793584,307.7460407280996,17120.0,17132.97805724225,ok,0.0006198417856953685,0.0043259272503673235,14513.713236418527,ok,12.79739994341071,65.19019270784362,0.018749272221298328,-17.25369507018695,61.35274843303371,-0.02527812111246652,,,0.0038989235312830157
334,5,45.335683333333336,Forward,0.36216346913690584,307.6192874320768,17130.0,17133.21147038583,ok,0.0006168849620584291,0.003768851261994884,14513.477965729644,ok,13.030813086992566,65.19053467782099,0.019091242198668503,-17.488965759070197,61.352403741595516,-0.025622812550654763,,,0.0038989235312830157
335,5,45.469966666666664,Forward,0.36187720678237145,307.37228556370974,17120.0,17133.493742189446,ok,0.0006068979921318506,0.0033830210957313737,14513.638829792777,ok,13.31308489060757,65.19094822986358,0.019504794241253495,-17.32810169593722,61.35263942104007,-0.025387133106108118,,,0.0038989235312830157
336,5,45.60503333333333,Forward,0.3614301212222043,307.22861741612724,17120.0,17133.870782287573,ok,0.0006129430234673318,0.004361678228750825,14514.394017640023,ok,13.69012498873417,65.19150062546498,0.020057189842655365,-16.572913848691314,61.35374583504516,-0.024280719101010134,,,0.0038989235312830157
337,5,45.74086666666667,Forward,0.360978876128812,307.02014555239657,17120.0,17134.22615631655,ok,0.0006226525415838705,0.00474695679436733,14514.665418999935,ok,14.045499017709517,65.19202127844441,0.02057784282209664,-16.301512488778826,61.35414346096923,-0.023883093176937185,,,0.0038989235312830157
338,5,45.87511666666666,Forward,0.3605898972204857,306.8195494115862,17130.0,17134.63450968355,ok,0.00062307683755766,0.004035875833528299,14514.691017918869,ok,14.453852384711354,65.19261955063051,0.021176115008185763,-16.275913569845216,61.35418096554843,-0.023845588597743005,,,0.0038989235312830157
339,5,46.01018333333333,Forward,0.36000000602398063,306.6073189585986,17130.0,17135.04086813992,ok,0.0006164639684985619,0.003902110014897153,14514.715559772205,ok,14.860210841081425,65.19321490010397,0.02177146448164127,-16.25137171650931,61.35421692143721,-0.023809632708965224,,,0.0038989235312830157
340,5,46.14521666666667,Forward,0.35964409848196643,306.3671349635879,17125.0,17135.44805837928,ok,0.0006166214636081929,0.004056554714512521,14515.410735910498,ok,15.267401080440322,65.19381146820977,0.022368032587456118,-15.55619557821592,61.355235413218054,-0.022791140928115253,,,0.0038989235312830157
341,5,46.28053333333333,Forward,0.35910492181660536,306.2051361228223,17125.0,17135.854705342623,ok,0.0006215215687748496,0.004085024063298083,14515.91791535925,ok,15.674048043783841,65.19440724037032,0.022963804748004843,-15.04901612946378,61.35597847396413,-0.022048080182045647,,,0.0038989235312830157
342,5,46.416133333333335,Forward,0.3587221799916973,306.0345821684241,17130.0,17136.278814279678,ok,0.0006066392724097744,0.0033335352645822544,14516.219764307245,ok,16.09815698083912,65.1950285957978,0.02358516017547425,-14.747167181469194,61.35642070817738,-0.02160584596879227,,,0.0038989235312830157
343,5,46.55116666666667,Forward,0.3580845408860072,305.7897639886651,17130.0,17136.78685608285,ok,0.0006141496410270652,0.004069036316363728,14516.512184545592,ok,16.606198784011212,65.19577291996595,0.024329484343632905,-14.45474694312179,61.35684912853433,-0.02117742561184192,,,0.0038989235312830157
344,5,46.687016666666665,Forward,0.3569830661507388,305.07725182236027,17130.0,17137.671052215774,ok,0.0006180754416148129,0.0037268857961786227,14516.910389397253,ok,17.490394916934747,65.19706834201,0.02562490638768167,-14.05654209146087,61.35743253228796,-0.02059402185821644,,,0.0038989235312830157
345,5,46.82261666666667,Forward,0.3565301378058106,305.02875243260496,17130.0,17138.186795876034,ok,0.0006194083924788828,0.0030568870670277977,14518.233900602221,ok,18.006138577195088,65.19782395004955,0.02638051442723574,-12.733030886492998,61.35937158803206,-0.01865496611411131,,,0.0038989235312830157
346,5,46.95765,Forward,0.35600114214084666,304.81198939650494,17130.0,17138.67294755178,ok,0.0006217617233567881,0.004948675036975864,14518.076323703803,ok,18.49229025293971,65.19853620333146,0.027092767709127545,-12.89060778491148,61.35914072456157,-0.01888582958460535,,,0.0038989235312830157
347,5,47.0927,Forward,0.3555282445203666,304.51212317245154,17130.0,17139.0986953818,ok,0.0006126524736041277,0.0050176724206725115,14518.47901382539,ok,18.918038082960265,65.19915995987559,0.02771652425326779,-12.48791766332397,61.359730699614616,-0.018295854531558773,,,0.0038989235312830157
348,5,47.22721666666666,Forward,0.35500405147676084,304.1442878563903,17130.0,17139.585371770085,ok,0.0006200849063025464,0.0038545015818840364,14518.639570061834,ok,19.404714471245825,65.19987298190568,0.02842954628336716,-12.327361426880088,61.359965928067055,-0.018060626079121178,,,0.0038989235312830157
349,5,47.363083333333336,Forward,0.35430462304751875,303.99825926767153,17130.0,17140.10746408599,ok,0.000621614577772403,0.004126218816706203,14519.00061572477,ok,19.9268067871526,65.20063789126219,0.029194455639866907,-11.966315763944294,61.36049489046947,-0.017531663676708508,,,0.0038989235312830157
350,5,47.49785,Forward,0.35368300224195665,303.70979306091976,17130.0,17140.599537150472,ok,0.0006077174462746014,0.003571974469125917,14519.629846329166,ok,20.418879851633392,65.2013588198789,0.02991538425657934,-11.337085159548224,61.36141676647115,-0.016609787675023607,,,0.0038989235312830157
351,5,47.63235,Forward,0.3531325135688086,303.56729743203687,17130.0,17141.09125857776,ok,0.0006285631168261843,0.004221600831204462,14520.001057860696,ok,20.910601278919785,65.20207923331742,0.030635797695090727,-10.965873628018016,61.36196062273001,-0.01606593141616467,,,0.0038989235312830157
352,5,47.7674,Forward,0.3525779422307986,303.28656194638097,17130.0,17141.526042114856,ok,0.0006112500775945937,0.003986289676455844,14520.516098160717,ok,21.34538481601703,65.20271622793588,0.031272792313561844,-10.450833327997316,61.36271520028738,-0.015311353858791434,,,0.0038989235312830157
353,5,47.90298333333333,Forward,0.35209287644581727,303.067386912182,17130.0,17142.03093823603,ok,0.0006231787250803153,0.003680317197188476,14520.874148304682,ok,21.850280937189382,65.20345594341413,0.032012507791799455,-10.092783184032669,61.3632397740014,-0.014786780144775033,,,0.0038989235312830157
354,5,48.0383,Forward,0.3513016072499153,302.67651571250826,17130.0,17142.58358839541,ok,0.0006162063534453253,0.004790696919998651,14521.802399017299,ok,22.402931096570683,65.20426562259327,0.032822186970945466,-9.164532471415441,61.36459973972705,-0.013426814419124975,,,0.0038989235312830157
355,5,48.17333333333333,Forward,0.3508812069512876,302.4235190187428,17130.0,17143.0063627665,ok,0.000623493989054123,0.004681345884438576,14521.408445495834,ok,22.825705467661464,65.20488502276883,0.03344158714651399,-9.558485992880378,61.36402256453137,-0.014003989614801215,,,0.0038989235312830157
356,5,48.30811666666666,Forward,0.3504023345253626,302.2236822818777,17130.0,17143.55032670805,ok,0.0006210188709542733,0.00407900106353507,14522.169192961852,ok,23.369669409210474,65.20568197590492,0.03423854028260193,-8.797738526862304,61.365137123847724,-0.012889430298447278,,,0.0038989235312830157
357,5,48.44343333333333,Forward,0.3499034927410749,302.07591057940226,17135.0,17143.859415553008,ok,0.0006104144908544353,0.005034473841576793,14522.73709348093,ok,23.678758254169225,65.20613481717896,0.03469138155663605,-8.229838007784565,61.36596914609239,-0.012057408053781275,,,0.0038989235312830157
358,5,48.57848333333333,Forward,0.34939478849732875,301.95023365755696,17130.0,17144.294735430238,ok,0.0006158022410615124,0.004570900993134228,14522.283009720293,ok,24.114078131398855,65.20677259758104,0.035329161958718665,-8.683921768420987,61.365303875015684,-0.012722679130491417,,,0.0038989235312830157
359,5,48.71353333333333,Forward,0.34901374224822534,301.67577849131703,17130.0,17144.69738177582,ok,0.0006139244949739728,0.004493330635080564,14522.583402913298,ok,24.516724476980016,65.20736250849853,0.03591907287621712,-8.383528575415767,61.36574397642487,-0.012282577721300102,,,0.0038989235312830157
360,5,48.84911666666667,Forward,0.3484790857933625,301.32363796842037,17135.0,17145.128506499874,ok,0.0006120975166134908,0.004005882410671786,14522.713815858711,ok,24.947849201034842,65.20799414264675,0.03655070702443315,-8.253115630002867,61.36593504240902,-0.012091511737151756,,,0.0038989235312830157
361,5,48.98441666666667,Forward,0.34808138706064773,301.27306457644227,17135.0,17145.48104522775,ok,0.0006146393053443125,0.00418330839674368,14523.154877623538,ok,25.300387928909913,65.20851064167051,0.03706720604819644,-7.812053865176495,61.36658123516159,-0.011445318984584554,,,0.0038989235312830157
362,5,49.118916666666664,Forward,0.3476123689494469,301.20540700053607,17135.0,17145.840062575302,ok,0.0006124923139948626,0.0034817140928383008,14524.057424568618,ok,25.659405276463076,65.20903663241951,0.03759319679719297,-6.909506920095737,61.367903542695984,-0.010123011450190945,,,0.0038989235312830157
363,5,49.25395,Forward,0.34705389632278794,300.8252539613095,17140.0,17146.292516413974,ok,0.0006092632628529475,0.003763175250590468,14524.218071448719,ok,26.111859115135303,65.20969951552283,0.03825607990050685,-6.748860039995634,61.36813890394903,-0.009887650197138135,,,0.0038989235312830157
364,5,49.389783333333334,Forward,0.3467283609179149,300.83408592824344,17135.0,17146.5910564849,ok,0.0006130571042498359,0.005117509596381678,14524.841397936922,ok,26.410399186061113,65.2101369019516,0.03869346632927403,-6.125533551792614,61.369052129921634,-0.00897442422453877,,,0.0038989235312830157
365,5,49.52455,Forward,0.346221964542048,300.50182613176,17135.0,17146.98220188614,ok,0.0006112004047938705,0.0045679320187899325,14524.942384582033,ok,26.801544587302487,65.21070996301387,0.039266527391553285,-6.02454690668128,61.369200083889496,-0.008826470256679621,,,0.0038989235312830157
366,5,49.65958333333333,Forward,0.3458921706639414,300.3025142958759,17140.0,17147.356115808674,ok,0.0006180592076494304,0.004482152784212428,14525.080629146623,ok,27.175458509835153,65.21125777850389,0.039814342881566794,-5.886302342090858,61.36940262385746,-0.00862393028871095,,,0.0038989235312830157
367,5,49.7941,Forward,0.3454756845335538,300.04378356423695,17140.0,17147.729744521144,ok,0.0006120342959576667,0.003829654395452025,14525.285344697173,ok,27.54908722230539,65.21180517613706,0.04036174051474029,-5.681586791541122,61.36970254943626,-0.008324004709908807,,,0.0038989235312830157
368,5,49.9294,Forward,0.34515219257523533,299.984632889973,17145.0,17147.975555847897,ok,0.000619961734897001,0.004124433466179491,14526.001626854835,ok,27.794898549058416,65.21216531050035,0.04072187487802899,-4.965304633878986,61.370751963318824,-0.007274590827350483,,,0.0038989235312830157
369,5,50.0647,Forward,0.34486714765872306,299.7343451551278,17135.0,17148.332831945245,ok,0.000617697311966631,0.004335685821979653,14526.252004382384,ok,28.15217464640591,65.21268875017067,0.04124531454834892,-4.714927106329924,61.37111878755209,-0.0069077665940787784,,,0.0038989235312830157
370,5,50.199733333333334,Forward,0.3445620100583495,299.62103437547194,17145.0,17148.585875088575,ok,0.000617191717433653,0.004049011017016489,14526.319847361392,ok,28.405217789735616,65.21305947975628,0.04161604413396795,-4.6470841273221595,61.37121818324867,-0.006808370897504073,,,0.0038989235312830157
371,5,50.33505,Forward,0.3441651248637612,299.37863592167196,17140.0,17148.84885731485,ok,0.0006134589590164452,0.004519394697015227,14526.445237419597,ok,28.668200016010815,65.21344477093822,0.04200133531589554,-4.521694069117075,61.37140189027865,-0.006624663867519277,,,0.0038989235312830157
372,5,50.469833333333334,Forward,0.3438282123809111,299.31485903300563,17140.0,17149.183574201732,ok,0.000621097206650436,0.004704318705716143,14526.912140229559,ok,29.00291690289305,65.21393515945908,0.04249172383676472,-4.054791259155536,61.37208594234576,-0.005940611800414394,,,0.0038989235312830157
373,5,50.605666666666664,Forward,0.3434980044804463,299.0667727016735,17140.0,17149.46778018347,ok,0.0006256790022903393,0.004812942001503143,14527.283010801499,ok,29.287122884630662,65.21435154523604,0.04290810961372589,-3.6839206872155046,61.37262929907001,-0.005397255076164123,,,0.0038989235312830157
374,5,50.741,Forward,0.3430845147938258,298.8920533225755,17140.0,17149.72998963177,ok,0.000625010434847282,0.004985941222945525,14527.350139490645,ok,29.549332332931954,65.21473570423295,0.043292268610626565,-3.6167919980689476,61.37272764827158,-0.005298905874589332,,,0.0038989235312830157
375,5,50.87656666666667,Forward,0.34281145827798587,298.7664699880952,17140.0,17150.080642741417,ok,0.000617059851829886,0.005445548741902489,14527.149951793386,ok,29.899985442578327,65.21524944066668,0.043806005044361274,-3.816979695327973,61.372434356380424,-0.0055921977657439025,,,0.0038989235312830157
376,5,51.011633333333336,Forward,0.34241358880787337,298.6921255479865,17145.0,17150.301764572952,ok,0.0006123055594729485,0.004335768351449186,14527.82769794292,ok,30.121107274113456,65.21557340283337,0.044129967211040205,-3.139233545794923,61.37342731175501,-0.00459924239115824,,,0.0038989235312830157
377,5,51.14613333333333,Forward,0.34216459240640906,298.55165650979325,17140.0,17150.55208102512,ok,0.0006223281497949273,0.004491576119673889,14527.529790112789,ok,30.371423726279318,65.21594013758605,0.04449670196371502,-3.437141375925421,61.37299085161243,-0.0050357025337397,,,0.0038989235312830157
378,5,51.28145,Forward,0.34192835708854935,298.46741072961595,17145.0,17150.822159363313,ok,0.0006240084206425912,0.004409982932912059,14528.29136148743,ok,30.64150206447448,65.21633582517151,0.04489238954918462,-2.6755700012836314,61.374106618024534,-0.003919936121636639,,,0.0038989235312830157
379,5,51.41623333333333,Forward,0.34148930035587066,298.32853578053255,17140.0,17151.119254853445,ok,0.0006202585378409806,0.004927988214003326,14528.167498279248,ok,30.93859755460653,65.21677109516736,0.04532765954503045,-2.7994332094658603,61.37392514795884,-0.004101406187328203,,,0.0038989235312830157
380,5,51.552083333333336,Forward,0.3412122075348781,298.077897612151,17145.0,17151.41600790698,ok,0.0006241874278655898,0.0049950271265651585,14528.562694153768,ok,31.235350608141744,65.21720586346464,0.04576242784232806,-2.4042373349457193,61.374504143306716,-0.0035224108394546413,,,0.0038989235312830157
381,5,51.68728333333333,Forward,0.34080135913875204,297.9822007676594,17140.0,17151.71487436182,ok,0.0006149155422803971,0.005000277203332603,14528.345708970885,ok,31.534217062981043,65.21764372807343,0.046200292451106004,-2.621222517829665,61.37418624167984,-0.0038403124663373774,,,0.0038989235312830157
382,5,51.823116666666664,Forward,0.3404584340836371,297.7556282217047,17145.0,17151.976522263893,ok,0.0006217826192846053,0.005033241755919154,14529.320525826595,ok,31.795864965053624,65.21802706435766,0.046583628735334295,-1.646405662118923,61.375614430739674,-0.002412123406493112,,,0.0038989235312830157
383,5,51.959266666666664,Forward,0.33998757971486143,297.67830292848157,17145.0,17152.38642399656,ok,0.0006196884938828524,0.004054181243778025,14529.430841284367,ok,32.20576669771981,65.21862760503026,0.04718416940794939,-1.5360902043466922,61.37577605220632,-0.00225050193985655,,,0.0038989235312830157
384,5,52.09458333333333,Forward,0.33960864334645313,297.3543017643897,17140.0,17152.65295360604,ok,0.000617425915179131,0.003920549643039733,14529.872645898837,ok,32.47229630720176,65.21901809342833,0.047574657806007656,-1.0942855898774724,61.37642333329637,-0.0016032208497961992,,,0.0038989235312830157
385,5,52.23068333333333,Forward,0.33940159025516026,297.2594662040465,17145.0,17153.009865176966,ok,0.000614125802948066,0.0038956799085693382,14529.328280073729,ok,32.82920787812691,65.21954099903664,0.04809756341431854,-1.638651414985361,61.375625791366915,-0.002400762779254668,,,0.0038989235312830157
386,5,52.36573333333333,Forward,0.3391520144912876,297.1354932559261,17145.0,17153.04200036671,ok,0.0006044465111267329,0.004472498910668761,14530.465564181157,ok,32.86134306787062,65.21958807980485,0.04814464418252554,-0.5013673075573024,61.37729200867804,-0.0007345454681277972,,,0.0038989235312830157
387,5,52.50131666666667,Forward,0.33871603036927866,297.0498871543823,17145.0,17153.437175137457,ok,0.0006189313302524158,0.00531822266288761,14530.432967971046,ok,33.25651783861758,65.2201670442339,0.04872360861158825,-0.5339635176678712,61.377244252476046,-0.0007823016701257172,,,0.0038989235312830157
388,5,52.63635,Forward,0.3385577866574322,296.88723862904953,17145.0,17153.575450625114,ok,0.0006160871409804396,0.0039657964705214765,14530.34466121778,ok,33.39479332627525,65.22036962950679,0.048926193884463245,-0.6222702709346777,61.37711487562112,-0.0009116785250571661,,,0.0038989235312830157
389,5,52.7722,Forward,0.33815551929397014,296.66906561115684,17145.0,17153.910325293848,ok,0.0006257663661656635,0.004832912785583392,14530.40268923615,ok,33.72966799500864,65.2208602491914,0.049416813569076,-0.5642422525634174,61.37719989157105,-0.0008266625751207531,,,0.0038989235312830157
390,5,52.90725,Forward,0.3377035630415639,296.56693941609774,17145.0,17154.238654447716,ok,0.0006184445019947369,0.005080874856324382,14530.739313915376,ok,34.05799714887689,65.22134127914367,0.04989784352135424,-0.22761757333864807,61.3776930751689,-0.0003334789772726482,,,0.0038989235312830157
391,5,53.04255,Forward,0.33742980511408593,296.3651044928083,17145.0,17154.598056824598,ok,0.0006284670231678931,0.004887571661038597,14531.579846689407,ok,34.41739952575881,65.22186783399317,0.05042439837085008,0.6129152006924414,61.378924526702875,0.00089797255670448,,,0.0038989235312830157
392,5,53.17733333333333,Forward,0.3372898043108002,296.2616540559502,17145.0,17154.876755456495,ok,0.0006272163569291553,0.00526791915513865,14532.033654599354,ok,34.6960981576558,65.22227615103728,0.05083271541495642,1.0667231106399413,61.379589393635015,0.0015628394888476075,,,0.0038989235312830157
393,5,53.313183333333335,Forward,0.3367725504783245,296.0400016700769,17150.0,17155.18945915581,ok,0.0006316892267853421,0.00560483919449991,14531.646109316715,ok,35.00880185696951,65.22273428837838,0.05129085275605426,0.67917782800032,61.37902160705068,0.0009950529045085308,,,0.0038989235312830157
394,5,53.44821666666667,Forward,0.33643978707012057,295.99446914752843,17145.0,17155.44486949182,ok,0.0006308842887189791,0.005406369260429562,14531.722239054297,ok,35.264212192982086,65.2231084861013,0.0516650504789674,0.7553075655832799,61.37913314354875,0.001106589402577724,,,0.0038989235312830157
395,5,53.58273333333333,Forward,0.33620606129486214,295.79290075870085,17150.0,17155.670653054487,ok,0.0006223758873011835,0.005052063213630907,14532.283011273526,ok,35.489995755648124,65.22343927809797,0.05199584247564167,1.3160797848122456,61.37995472223184,0.0019281680856663215,,,0.0038989235312830157
396,5,53.7183,Forward,0.335840682118844,295.728645588777,17145.0,17156.01138137723,ok,0.0006296259252059719,0.0054722754869308155,14532.1348363819,ok,35.83072407839063,65.2239384738803,0.052495038257976745,1.1679048931855505,61.37973763349571,0.0017110793495359212,,,0.0038989235312830157
397,5,53.85308333333333,Forward,0.3355190992043539,295.5770684421477,17150.0,17156.35690184245,ok,0.0006232462100141182,0.004620926783061472,14532.462259107113,ok,36.176244543610665,65.22444469055627,0.05300125493394893,1.4953276183987327,61.38021733545342,0.0021907813072466523,,,0.0038989235312830157
398,5,53.98918333333334,Forward,0.33517550469788815,295.22851291501865,17145.0,17156.62606618151,ok,0.0006170160120800463,0.005340714918295981,14532.789588916925,ok,36.44540888267147,65.22483903905578,0.05339560343345921,1.8226574282107322,61.38069690128222,0.002670347136043851,,,0.0038989235312830157
399,5,54.12505,Forward,0.33472247165026026,295.1938677115504,17145.0,17156.88712241018,ok,0.0006198637790950372,0.005978824262911477,14533.344711314048,ok,36.70646511133964,65.22522150848849,0.05377807286615715,2.3777798253340734,61.381510202498546,0.003483648352371335,,,0.0038989235312830157
400,5,54.25983333333333,Forward,0.3345181321339764,294.9527700523977,17145.0,17157.13922476158,ok,0.000611005045573567,0.004076259623261907,14533.190315728249,ok,36.958567462741485,65.22559085973444,0.05414742411211054,2.2233842395344254,61.38128399991984,0.0032574457736658895,,,0.0038989235312830157
401,5,54.39463333333333,Forward,0.33402512973918697,294.84247266072634,17155.0,17157.52266566857,ok,0.0006144128775449735,0.0057125906008020965,14533.831729147392,ok,37.34200836973105,65.22615263306164,0.054709197439326944,2.8647976586780715,61.382223724774505,0.004197170628331392,,,0.0038989235312830157
402,5,54.53021666666667,Forward,0.3336887332047806,294.43971406706623,17155.0,17157.778922456233,ok,0.0006272237661008264,0.005845890272896268,14534.332517859222,ok,37.59826515739405,65.22652807090775,0.0550846352854281,3.3655863705080264,61.382957422551,0.004930868404830727,,,0.0038989235312830157
403,5,54.66578333333333,Forward,0.33342231023872315,294.64899669183797,17155.0,17158.076202600718,ok,0.0006157938959926771,0.00551314946072107,14534.368478374889,ok,37.89554530187888,65.22696361143782,0.05552017581550295,3.401546886174401,61.38301010774491,0.004983553598731718,,,0.0038989235312830157
404,5,54.80056666666667,Forward,0.33334794128571976,294.3603125134978,17150.0,17158.324912771077,ok,0.000625185522624489,0.0050016896127428444,14534.80127333032,ok,38.144255472238,65.22732799285194,0.05588455722960962,3.8343418416061468,61.38364418892321,0.005617634777039552,,,0.0038989235312830157
405,5,54.93505,Forward,0.33299362676990396,294.2677429848882,17150.0,17158.594720708326,ok,0.0006210374952055012,0.004987928505577729,14534.599832640884,ok,38.414063409487426,65.22772328427718,0.05627984865484644,3.632901152170234,61.38334906129265,0.005322507146475453,,,0.0038989235312830157
406,5,55.0701,Forward,0.3326341358956297,294.18537634698805,17145.0,17158.843644303586,ok,0.0006196327416213196,0.0056264024263969715,14534.23990273839,ok,38.662987004747265,65.22808797837679,0.0566445427544658,3.2729712496766297,61.38282173357356,0.004795179427385712,,,0.0038989235312830157
407,5,55.20486666666667,Forward,0.33248795856833574,293.9949573928352,17145.0,17159.00436113929,ok,0.0006291536877106575,0.004438457386796845,14535.173116168206,ok,38.823703840451344,65.22832344212071,0.056880006498389264,4.206184679491344,61.38418897009922,0.006162415953050182,,,0.0038989235312830157
408,5,55.34045,Forward,0.3320674994542061,293.83277450894093,17155.0,17159.208446983725,ok,0.0006302690792955615,0.0059666062158133006,14535.828703881849,ok,39.02778968488565,65.22862244512685,0.057179009504525875,4.861772393134743,61.38514946149297,0.007122907346801428,,,0.0038989235312830157
409,5,55.475233333333335,Forward,0.3318982658997235,293.7826225002791,17155.0,17159.50548648988,ok,0.0006069729475790218,0.004872455727773257,14535.183878731314,ok,39.32482919104223,65.22905763310143,0.057614197479117335,4.216947242599417,61.38420473816355,0.006178184017376099,,,0.0038989235312830157
410,5,55.6108,Forward,0.3315403302166299,293.60214450949934,17150.0,17159.787764895034,ok,0.0006318165928542403,0.006050364749150611,14536.016009173545,ok,39.60710759619542,65.22947119481583,0.058027759193513564,5.049077684830991,61.38542387957149,0.007397325425319859,,,0.0038989235312830157
411,5,55.746383333333334,Forward,0.33132176729111706,293.4693469150334,17155.0,17160.026300871217,ok,0.000617312824897743,0.005213249912019153,14535.750326944322,ok,39.84564357237832,65.22982067017581,0.05837723455349316,4.783395455608115,61.38503463265711,0.007008078510939729,,,0.0038989235312830157
412,5,55.8809,Forward,0.33098060123551315,293.4501758893821,17150.0,17160.282253759204,ok,0.0006238162469195912,0.005800109762973509,14536.551125725066,ok,40.10159646036482,65.23019566278322,0.05875222716089051,5.584194236351323,61.38620787053364,0.008181316387463935,,,0.0038989235312830157
413,5,56.0162,Forward,0.33082583701056734,293.36301962038124,17150.0,17160.45223197471,ok,0.000614211337233461,0.0050954902782297615,14536.073260206855,ok,40.27157467586949,65.23044469523107,0.059001259608753374,5.106328718140503,61.38550775717266,0.007481203026490193,,,0.0038989235312830157
414,5,56.15125,Forward,0.3306146788076811,293.1935441612113,17155.0,17160.728384420334,ok,0.0006217427891298902,0.00551757889830092,14536.526190168568,ok,40.54772712149497,65.23084928189715,0.059405846274834355,5.559258679853883,61.38617133783646,0.008144783690288931,,,0.0038989235312830157
415,5,56.28628333333333,Forward,0.3300832090043788,293.0484690898811,17155.0,17160.99931893605,ok,0.0006210338922303832,0.0048914835051006925,14536.601616401953,ok,40.818661637211335,65.23124622385504,0.05980278823271443,5.634684913238743,61.38628184364144,0.008255289495265985,,,0.0038989235312830157
416,5,56.42106666666667,Forward,0.3299519495174471,292.97819182118474,17155.0,17161.193675361028,ok,0.0006190429446328847,0.005375564479609192,14536.976379642196,ok,41.013018062189076,65.2315309724396,0.060087536817269076,6.009448153481571,61.38683090345366,0.00880434930748718,,,0.0038989235312830157
417,5,56.55583333333333,Forward,0.32972919205388906,292.85102853056014,17155.0,17161.46894274961,ok,0.0006155495913136047,0.004450730081324298,14537.004818274334,ok,41.28828545076976,65.23193426242233,0.06049082679999737,6.037886785619776,61.38687256845264,0.008846014306464969,,,0.0038989235312830157
418,5,56.69146666666666,Forward,0.32946650364325236,292.6310119533482,17155.0,17161.700305220256,ok,0.000616048565548821,0.0044409663009654515,14536.974149876001,ok,41.519647921417345,65.23227322799058,0.06082979236824917,6.007218387287139,61.386827636657785,0.008801082511610351,,,0.0038989235312830157
419,5,56.8265,Forward,0.329173489031385,292.61350541521097,17155.0,17161.95089205894,ok,0.0006183690186743777,0.004842536572841267,14537.418113727163,ok,41.77023476010072,65.23264035888234,0.06119692326001819,6.451182238448382,61.38747808121204,0.009451527065867178,,,0.0038989235312830157
420,5,56.96208333333333,Forward,0.32892659417103154,292.4678843830261,17155.0,17162.122656850726,ok,0.0006261217220953023,0.00549081478474095,14538.053265525004,ok,41.94199955188742,65.23289200881541,0.061448573193089294,7.086334036290282,61.388408632262426,0.010382078116255855,,,0.0038989235312830157
421,5,57.097116666666665,Forward,0.32860999012468384,292.3429851818182,17155.0,17162.370626052954,ok,0.0006209149812582996,0.005338884267554331,14537.730932194807,ok,42.1899687541154,65.2332553046486,0.06181186902627644,6.764000706092702,61.38793638669844,0.009909832552266597,,,0.0038989235312830157
422,5,57.23243333333333,Forward,0.32835801148889593,292.17517965774096,17155.0,17162.54526897717,ok,0.0006263163472949512,0.0059228559653933446,14537.893010689246,ok,42.36461167833113,65.23351117128887,0.06206773566654115,6.926079200531603,61.388173845387456,0.010147291241288648,,,0.0038989235312830157
423,5,57.36725,Forward,0.32816139130994837,292.01341621528627,17150.0,17162.731003363286,ok,0.0006235705059919227,0.005186464028868271,14537.941159320726,ok,42.550346064446785,65.23378328785797,0.06233985223565183,6.97422783201182,61.38824438720086,0.010217833054680232,,,0.0038989235312830157
424,5,57.50205,Forward,0.3279428230504143,291.72321481643667,17155.0,17163.029802702426,ok,0.0006121419307971627,0.005380026386158189,14538.23319664216,ok,42.84914540358659,65.23422105413658,0.06277761851425914,7.266265153446511,61.388672246552176,0.010645692405999257,,,0.0038989235312830157
425,5,57.6379,Forward,0.32734011588590295,291.6250040116174,17155.0,17163.548514878705,ok,0.0006214978545798365,0.006128001927790813,14538.476724219847,ok,43.36785757986581,65.23498101130292,0.06353757568060282,7.50979273113262,61.38902903503011,0.011002480883941701,,,0.0038989235312830157
426,5,57.77268333333333,Forward,0.3273440983491024,291.57458673294605,17155.0,17163.59854742968,ok,0.0006201748623402261,0.006506493612197801,14539.222274370644,ok,43.41789013084053,65.23505431321756,0.06361087759523384,8.255342881930119,61.39012132899559,0.012094774849414723,,,0.0038989235312830157
427,5,57.90773333333333,Forward,0.3269047842584151,291.3359363124073,17155.0,17163.870462572668,ok,0.0006132049039007294,0.004846819758333785,14539.123679753897,ok,43.689805273828824,65.23545269187724,0.06400925625492447,8.156748265182614,61.3899768795514,0.01195032540522076,,,0.0038989235312830157
428,5,58.04333333333334,Forward,0.32679545042482394,291.3763187205841,17155.0,17164.110698561628,ok,0.0006155239300609524,0.006116179335109896,14538.734871722516,ok,43.93004126278902,65.23580465789959,0.06436122227726376,7.76794023380171,61.38940724293345,0.011380688787280943,,,0.0038989235312830157
429,5,58.1781,Forward,0.32652469607262646,291.2258731978982,17160.0,17164.252926352012,ok,0.0006255819637074852,0.006067381310438828,14539.898233346674,ok,44.07226905317293,65.2360130336299,0.0645695980075788,8.931301857959625,61.391111666009984,0.013085111863812159,,,0.0038989235312830157
430,5,58.31315,Forward,0.3262868294989796,291.2673281462812,17155.0,17164.48369375834,ok,0.000612781026336361,0.005220641248019657,14539.41407390234,ok,44.30303645949971,65.23635112737864,0.06490769175632122,8.447142413626352,61.390402331515446,0.01237577736926969,,,0.0038989235312830157
431,5,58.44845,Forward,0.3260314743935373,291.02825320518605,17155.0,17164.728142379015,ok,0.0006253158256157637,0.005975033038549048,14540.476271098054,ok,44.54748508017656,65.23670926526239,0.06526582964006775,9.509339609339804,61.39195854015651,0.013931986010337091,,,0.0038989235312830157
432,5,58.584,Forward,0.3258763643145399,290.8951244118907,17160.0,17164.895899576302,ok,0.0006225826971334798,0.005397957634300047,14540.465600191566,ok,44.7152422774634,65.2369550437309,0.06551160810857866,9.498668702852228,61.391942906376876,0.013916352230704643,,,0.0038989235312830157
433,5,58.7193,Forward,0.32543775529380103,290.6742645912891,17155.0,17165.045123371772,ok,0.000627909857961441,0.00641885962934155,14539.863707144912,ok,44.86446607293328,65.23717366919979,0.06573023357746546,8.89677565619786,61.391061082207145,0.01303452806097242,,,0.0038989235312830157
434,5,58.85406666666667,Forward,0.32539410413714015,290.6899425951524,17155.0,17165.306643236025,ok,0.0006198909575870081,0.0056762815634157264,14540.699266160133,ok,45.12598593718576,65.2375568178978,0.06611338227546887,9.732334671418357,61.39228524676421,0.014258692618038984,,,0.0038989235312830157
435,5,58.98895,Forward,0.3251487856920143,290.5179433674639,17155.0,17165.525925013953,ok,0.0006091636676662404,0.005721802864358742,14540.397505629959,ok,45.34526771511446,65.23787808423046,0.0664346486081408,9.430574141244506,61.391843142090536,0.013816587944363766,,,0.0038989235312830157
436,5,59.12371666666667,Forward,0.32487398710426546,290.3808129435092,17160.0,17165.731507505625,ok,0.000616536331573438,0.005045806827070971,14540.995673505779,ok,45.55085020678598,65.23817927995125,0.06673584432893773,10.02874201706436,61.39271950857024,0.01469295442406864,,,0.0038989235312830157
437,5,59.25906666666667,Forward,0.32468259289748236,290.38058908994935,17155.0,17165.97701480256,ok,0.0006200698001124697,0.005523370195342,14541.560950891759,ok,45.79635750372108,65.23853896888518,0.06709553326285445,10.594019403044513,61.393547687703276,0.015521133557107531,,,0.0038989235312830157
438,5,59.39436666666667,Forward,0.3244122690032488,290.2541289243818,17155.0,17166.06805290986,ok,0.0006233610986438136,0.005296860034741856,14541.767258037687,ok,45.88739561102193,65.23867234740456,0.06722891178222895,10.800326548973317,61.393849945103796,0.015823390957620354,,,0.0038989235312830157
439,5,59.52941666666667,Forward,0.3243527729338189,290.0663963527768,17160.0,17166.26473410832,ok,0.000629956974609423,0.0063647159733217495,14541.599805940778,ok,46.08407680948221,65.23896050197868,0.06751706635636506,10.632874452063334,61.393604613633116,0.015578059486940712,,,0.0038989235312830157
440,5,59.66445,Forward,0.3240945130274819,290.08105724163033,17155.0,17166.452158644355,ok,0.000613466758072008,0.005241640856602899,14542.072694277325,ok,46.2715013455163,65.23923509476023,0.06779165913791386,11.105762788611173,61.39429743500241,0.016270880856235934,,,0.0038989235312830157
441,5,59.799533333333336,Forward,0.32385645798507817,290.09071195885554,17155.0,17166.602119668107,ok,0.0006258686195144564,0.0057954354275110516,14541.804185299288,ok,46.42146236926783,65.23945480033085,0.06801136470852469,10.837253810574111,61.39390404666217,0.015877492515999552,,,0.0038989235312830157
442,5,59.93483333333333,Forward,0.32381231015551915,289.93820008899274,17155.0,17166.791375780533,ok,0.0006288703277766815,0.005540126790449542,14542.28300841073,ok,46.610718481693766,65.23973207652656,0.06828864090424487,11.316076922015782,61.39460556297814,0.016579008831967425,,,0.0038989235312830157
443,5,60.0704,Forward,0.32363121849662396,289.9091331579548,17160.0,17166.975707696936,ok,0.0006219000756187048,0.005080185375077886,14541.488409122128,ok,46.79505039809737,65.24000213835905,0.06855870273672704,10.521477633414179,61.393441407881426,0.015414853735250892,,,0.0038989235312830157
444,5,60.205983333333336,Forward,0.3234248162582398,289.73281032794694,17160.0,17167.058300293742,ok,0.0006188650929037666,0.006654206326274681,14542.174943311653,ok,46.877642994903,65.24012314349196,0.06867970786963062,11.208011822938715,61.394447238477134,0.016420684330961208,,,0.0038989235312830157
445,5,60.34128333333334,Forward,0.32326231642597464,289.65718649991686,17160.0,17167.209764881696,ok,0.0006263381440337943,0.005943707048898616,14542.283014118242,ok,47.02910758285725,65.24034505191116,0.06890161628884067,11.316082629527955,61.39460557134012,0.01657901719395501,,,0.0038989235312830157
446,5,60.47605,Forward,0.3230942391509393,289.4816938002623,17155.0,17167.36371835378,ok,0.000612766423541839,0.006160230661207167,14542.025016287755,ok,47.18306105494048,65.24057060675591,0.06912717113359558,11.058084799040444,61.39422758271918,0.01620102857300819,,,0.0038989235312830157
447,5,60.61165,Forward,0.3230290628358282,289.6533552353503,17160.0,17167.49060311445,ok,0.0006160575835984016,0.005669122432679962,14542.250512117076,ok,47.30994581561026,65.24075650365131,0.06931306802898463,11.28358062836196,61.39455795316219,0.016531399016020985,,,0.0038989235312830157
448,5,60.746966666666665,Forward,0.3227472918247501,289.38391245266394,17160.0,17167.603423955657,ok,0.0006238379779736136,0.00585546969754222,14542.381856871596,ok,47.42276665681857,65.24092179571636,0.06947836009404504,11.414925382881847,61.39475038432542,0.0167238301792434,,,0.0038989235312830157
449,5,60.88175,Forward,0.3227719839646438,289.21020942396353,17160.0,17167.747104471564,ok,0.0006133489480751411,0.006353230169333523,14542.283011312767,ok,47.56644717272502,65.24113229981232,0.06968886418999727,11.316079824053304,61.394605567229874,0.0165790130836976,,,0.0038989235312830157
450,5,61.017316666666666,Forward,0.32262875779795414,289.33843694000825,17160.0,17167.85342491125,ok,0.0006226265760895206,0.006210690815759764,14542.54714177124,ok,47.6727676124101,65.2412880682399,0.06984463261758088,11.580210282525513,61.39499254066898,0.016965986522812605,,,0.0038989235312830157
451,5,61.15213333333333,Forward,0.3225970378388485,289.2193624699612,17155.0,17167.917385655925,ok,0.0006129955892343487,0.006124739543564346,14543.105322384812,ok,47.73672835708567,65.24138177613516,0.0699383405128332,12.138390896097917,61.39581032243081,0.017783768284639068,,,0.0038989235312830157
452,5,61.2874,Forward,0.32242661560134683,289.306382721501,17160.0,17167.981035703608,ok,0.000611886253892258,0.006364289751397451,14542.979243165204,ok,47.80037840476871,65.24147502883307,0.07003159321073942,12.012311676489844,61.395625605721136,0.017599051574968855,,,0.0038989235312830157
453,5,61.42245,Forward,0.322500825001348,289.0348653129986,17155.0,17168.0154129312,ok,0.0006089607124740363,0.0053899124907933575,14543.419351294753,ok,47.83475563236061,65.24152539437615,0.07008195875383287,12.45241980603896,61.39627040131745,0.018243847171278367,,,0.0038989235312830157
454,5,61.5575,Forward,0.32225329356572663,289.23099962913693,17160.0,17168.123179014263,ok,0.0006035694842452066,0.006342309174492795,14542.956975302339,ok,47.942521715423936,65.24168328079344,0.07023984517111388,11.990043813624652,61.39559298142054,0.017566427274369342,,,0.0038989235312830157
455,5,61.69338333333334,Forward,0.3223203537841327,289.19265096461095,17160.0,17168.123602338368,ok,0.00062636389081055,0.005776677266323723,14543.596047505987,ok,47.94294503952915,65.24168390099902,0.0702404653766964,12.62911601727319,61.39652927619669,0.018502722050515723,,,0.0038989235312830157
456,5,61.8292,Forward,0.32226628167892235,289.1960000454019,17160.0,17168.12960487834,ok,0.0006216038119568127,0.005794540788092545,14543.193082159418,ok,47.94894757950169,65.24169269522726,0.07024925960493511,12.226150670703646,61.395938897915784,0.017912343769615594,,,0.0038989235312830157
457,5,61.9643,Forward,0.32252400679481097,289.19266627319666,17155.0,17168.102254299945,ok,0.0006182859683931325,0.005362801964547843,14543.025548875125,ok,47.92159700110642,65.24165262431895,0.07020918869662479,12.058617386410333,61.39569344749873,0.017666893352559526,,,0.0038989235312830157
458,5,62.0999,Forward,0.32222822483905,289.15020268497756,17160.0,17168.04814167755,ok,0.0006177989719279908,0.005590764287728077,14543.306121765065,ok,47.867484378712106,65.24157334475494,0.07012990913262228,12.339190276350564,61.39610451048924,0.018077956343062872,,,0.0038989235312830157
459,5,62.23493333333333,Forward,0.322571173651263,289.19611531433475,17160.0,17167.92561531798,ok,0.0006256294575264683,0.005618145251228834,14543.639473612553,ok,47.74495801914236,65.24139383328543,0.06995039766310376,12.672542123838866,61.39659289911205,0.01856634496588223,,,0.0038989235312830157
460,5,62.36976666666666,Forward,0.322736853924242,289.37298579380877,17160.0,17167.727597953228,ok,0.0006104774717462307,0.005580583031151808,14543.09510746813,ok,47.54694065438889,65.24110372111477,0.06966028549245003,12.128175979416483,61.39579535671477,0.017768802568601045,,,0.0038989235312830157
461,5,62.5048,Forward,0.3228627934043524,289.4311621905981,17160.0,17167.56156198137,ok,0.0006208688338141255,0.005969836414755044,14542.830590754018,ok,47.380904682529945,65.24086046438694,0.0694170287646243,11.863659265303795,61.39540781737851,0.01738126323233644,,,0.0038989235312830157
462,5,62.6404,Forward,0.3232824461118692,289.6001522088045,17160.0,17167.23072404183,ok,0.0006084710607006742,0.004987941433905409,14542.65458980393,ok,47.050066742991476,65.24037575885168,0.06893232322936171,11.68765831521523,61.39514996111559,0.017123406969422914,,,0.0038989235312830157
463,5,62.77596666666667,Forward,0.3238329731071601,289.7738652075459,17160.0,17166.8398398631,ok,0.000631359997504861,0.0063216553334339565,14542.446617713962,ok,46.659182564260846,65.23980308050245,0.06835964488013245,11.47968622524786,61.39484526443139,0.01681871028521572,,,0.0038989235312830157
464,5,62.91101666666667,Forward,0.324209431459713,290.15249221506747,17155.0,17166.341774013254,ok,0.0006290725384774984,0.005855577344523021,14542.25847346858,ok,46.161116714414675,65.23907337194882,0.067629936326505,11.291541979866452,61.394569617214835,0.01654306306866193,,,0.0038989235312830157
465,5,63.04578333333333,Forward,0.32507652225993533,290.432301067307,17155.0,17165.770589981792,ok,0.0006120955070857294,0.006346504160737152,14542.006786041626,ok,45.589932682953076,65.23823653908109,0.06679310345875937,11.039854552911493,61.39420087386826,0.016174319722081876,,,0.0038989235312830157
466,5,63.1811,Forward,0.3257182837458086,290.7678335491619,17155.0,17165.009171580015,ok,0.0006224762645322054,0.005870030756219851,14541.028226458393,ok,44.82851428117647,65.23712099678716,0.0656775611648291,10.061294969678784,61.39276720139635,0.014740647250179708,,,0.0038989235312830157
467,5,63.31563333333333,Forward,0.32674090530638844,291.3186990461436,17155.0,17164.184915486865,ok,0.0006185022901839231,0.006587195090358979,14540.81565012604,ok,44.00425818802614,65.23591339196595,0.06446995634362504,9.848718637325874,61.39245575910802,0.014429204961846593,,,0.0038989235312830157
468,5,63.4504,Forward,0.3282561472240435,291.81595596752595,17155.0,17163.021124195304,ok,0.0006173463926752997,0.004973036966754645,14539.230530180484,ok,42.84046689646493,65.23420833939036,0.06276490376804365,8.263598691770312,61.39013342445457,0.012106870308397449,,,0.0038989235312830157
469,5,63.584916666666665,Forward,0.3296767981584684,292.6582666117465,17150.0,17161.7620314003,ok,0.0006131049012936218,0.005725468375774555,14538.613947995485,ok,41.581374101460824,65.23236366205984,0.06092022643750805,7.647016506771251,61.38923007945601,0.011203525309845402,,,0.0038989235312830157
470,5,63.71995,Forward,0.3313943098410893,293.43459046510907,17150.0,17160.330876979253,ok,0.0006113330199472546,0.005193176506172312,14537.518363268971,ok,40.15021968041401,65.23026689990895,0.05882346428663556,6.5514317802571895,61.38762495526128,0.009598401115107279,,,0.0038989235312830157
471,5,63.85525,Forward,0.333263492021107,294.16027636409854,17145.0,17158.622652458173,ok,0.0006134407107734203,0.005978768708018776,14535.74423153097,ok,38.4419951593336,65.22776420665076,0.05632077102843787,4.777300042256684,61.385025702361524,0.006999148215353697,,,0.0038989235312830157
472,5,63.9903,Forward,0.3353910616953055,295.1696202215571,17140.0,17156.76554021961,ok,0.0006217013351325153,0.0054633870222760995,14534.817981093964,ok,36.58488292077163,65.22504338030632,0.05359994468400285,3.8510496052495,61.38366866720865,0.005642113062483748,,,0.0038989235312830157
473,5,64.12586666666667,Forward,0.3377747443882412,296.2602656603158,17145.0,17154.629628789015,ok,0.0006296814761683285,0.005666736349453319,14532.473847545942,ok,34.44897149017561,65.2219140895887,0.05047065396636396,1.5069160572274996,61.38023431349546,0.0022077593492849713,,,0.0038989235312830157
474,5,64.26116666666667,Forward,0.34052517415846184,297.65783378539345,17145.0,17152.3052891507,ok,0.0006171653926868966,0.00503080189846698,14530.649291641577,ok,32.12463185186061,65.21850873562568,0.04706530000335362,-0.3176398471368884,61.37756118493144,-0.0004653692147339321,,,0.0038989235312830157
475,5,64.39648333333334,Forward,0.34353844687493174,298.87550075848776,17145.0,17149.76522447758,ok,0.0006158113769265156,0.005942684212261175,14528.856569785352,ok,29.584567178742873,65.2147873262592,0.04334389063687452,-2.110361703362287,61.37493469593773,-0.003091858208441434,,,0.0038989235312830157
476,5,64.53151666666666,Forward,0.34682209414178905,300.451425100091,17140.0,17146.89692160518,ok,0.0006073066335995169,0.0038010540696708684,14526.695625162032,ok,26.716264306342055,65.21058502019659,0.03914158457426959,-4.271306326681952,61.371768729477594,-0.006257824668576397,,,0.0038989235312830157
477,5,64.66633333333333,Forward,0.3502208725295012,301.86868610621605,17130.0,17143.899530840543,ok,0.0006216517294730681,0.003212263791751325,14524.121540525031,ok,23.718873541703942,65.2061935894647,0.03475015384237768,-6.845390963682803,61.36799747798955,-0.010029076156628914,,,0.0038989235312830157
478,5,64.80118333333333,Forward,0.3539346734432611,303.6485325577487,17130.0,17140.63072399594,ok,0.0006114351587412474,0.004718029685404509,14521.259514631167,ok,20.450066697099828,65.20140451124261,0.029961075620290673,-9.707416857547287,61.36380436823086,-0.014222185915310756,,,0.0038989235312830157
479,5,64.93645,Forward,0.3578325289600802,305.4793670411782,17130.0,17137.146179583873,ok,0.0006125801734061314,0.003456720437456064,14517.621245763374,ok,16.96552228503424,65.19629935925565,0.024855923633330935,-13.345685725340445,61.35847399692746,-0.019552557218713847,,,0.0038989235312830157
480,5,65.0715,Forward,0.36194690980623156,307.3335426118574,17130.0,17133.477404933863,ok,0.0006225029253461755,0.004602875381122191,14515.308083652584,ok,13.296747635024076,65.19092429440374,0.019480858781422722,-15.658847836130008,61.355085018986706,-0.022941535159464812,,,0.0038989235312830157
481,5,65.2063,Forward,0.3661678904273482,309.27708265410183,17120.0,17129.633228648003,ok,0.0006066241742367624,0.002488589304680375,14512.063872071405,ok,9.452571349163918,65.18529225133491,0.013848815712598979,-18.903059417309123,61.350331974903696,-0.027694579242480682,,,0.0038989235312830157
482,5,65.3411,Forward,0.37070606681071716,311.3301577902166,17115.0,17125.75232336788,ok,0.0006150164583080214,0.003203928172399872,14508.567730842107,ok,5.571666069041385,65.17960639718612,0.008162961563799231,-22.399200646606914,61.34520983259962,-0.0328167215465477,,,0.0038989235312830157
483,5,65.47613333333334,Forward,0.375208018032811,313.3533599819202,17110.0,17121.721686101835,ok,0.0006108126769414242,0.0027180383063223146,14505.84501293276,ok,1.541028802996152,65.17370117302649,0.0022577374041602297,-25.121918555954835,61.34122082080896,-0.036805733337216415,,,0.0038989235312830157
484,5,65.61143333333334,Forward,0.37965458827826426,315.269102080023,17105.0,17117.69355965479,ok,0.000613480198031328,0.0028038983336487145,14502.283013845734,ok,-2.487097644050664,65.16779962742882,-0.0036438081934968155,-28.683917642980305,61.33600219117872,-0.042024362967451864,,,0.0038989235312830157
485,5,65.74595,Forward,0.38420562632198707,317.30082534949906,17105.0,17113.576326076178,ok,0.0006084651239856024,0.002796882459719479,14499.094506846535,ok,-6.604331222661131,65.1617675323544,-0.009675903267917394,-31.872424642178885,61.33133075901501,-0.046695795131160296,,,0.0038989235312830157
486,5,65.88151666666667,Forward,0.38857565577141084,319.23915443869555,17095.0,17109.683487346232,ok,0.0006107319318155579,0.002239088513529903,14495.448544863135,ok,-10.497169952606782,65.1560641946933,-0.015379240929013563,-35.518386625579296,61.32598911664722,-0.05203743749895054,,,0.0038989235312830157
487,5,66.01521666666666,Forward,0.39277328630216435,321.1566519073167,17095.0,17105.834370783214,ok,0.000608116974321109,0.0017721657976852638,14492.478252976603,ok,-14.346286515625252,65.15042491370102,-0.021018521921298276,-38.48867851211071,61.32163738806145,-0.05638916608472206,,,0.0038989235312830157
488,5,66.1508,Forward,0.3966960556690603,322.8708771081365,17090.0,17102.13586096621,ok,0.000610126931927104,0.0018536907728957306,14489.409954107145,ok,-18.04479633262963,65.14500628431702,-0.026437151305297817,-41.556977381569595,61.31714207096468,-0.06088448318148963,,,0.0038989235312830157
489,5,66.28585,Forward,0.4006248910312463,324.5436688236441,17090.0,17098.596869803285,ok,0.0006084830331566549,0.0019386466909241471,14486.720325043007,ok,-21.583787495554134,65.13982136323963,-0.03162207238269257,-44.246606445707584,61.31320153712805,-0.06482501701811512,,,0.0038989235312830157
490,5,66.42168333333333,Forward,0.4042812870116923,326.11427604557684,17080.0,17095.118694029537,ok,0.0006183202157120437,0.0016949781993047428,14483.33007607488,ok,-25.061963269301486,65.13472554184591,-0.03671789377640403,-47.63685541383347,61.30823453593388,-0.06979201821229887,,,0.0038989235312830157
491,5,66.55671666666667,Forward,0.4079407759792568,327.5940786788342,17080.0,17091.84550863986,ok,0.0006109244622782513,0.0015090271020734966,14481.569140456906,ok,-28.33514865897814,65.12993004868534,-0.04151338693698334,-49.39779103180808,61.30565461646495,-0.07237193768122084,,,0.0038989235312830157
492,5,66.69228333333334,Forward,0.4112972180879926,329.07996147820813,17075.0,17088.61868477512,ok,0.0006061179313056424,0.0018078545423674138,14479.004557679764,ok,-31.561972523719305,65.12520247907607,-0.046240956546258954,-51.96237380895036,61.30189728600445,-0.07612926814172989,,,0.0038989235312830157
493,5,66.82733333333333,Forward,0.414563735810003,330.5233743656354,17075.0,17085.616587332224,ok,0.0006145534336664608,0.0015367130373357405,14476.620602327592,ok,-34.564069966614625,65.12080415266284,-0.050639282959484,-54.34632916112241,61.29840458998346,-0.07962196416271416,,,0.0038989235312830157
494,5,66.96265,Forward,0.4176553475014968,331.7008900221408,17070.0,17082.83791618173,ok,0.0006135793674738527,0.0017101855494867225,14474.743863299997,ok,-37.34274111711056,65.11673316464618,-0.054710270976150735,-56.22306818871766,61.29565500873474,-0.08237154541142991,,,0.0038989235312830157
495,5,67.09823333333334,Forward,0.4203153115378382,332.77816086669554,17065.0,17080.225884884512,ok,0.0006018059405279438,0.001344968036287059,14472.284543491121,ok,-39.954772414326726,65.11290631809464,-0.05853711752768584,-58.68238799759274,61.29205189741684,-0.08597465672933259,,,0.0038989235312830157
496,5,67.23328333333333,Forward,0.4227728283933288,333.9478179181715,17065.0,17077.823579892003,ok,0.0006098565656210733,0.0015125053660928812,14471.361700794123,ok,-42.35707740683574,65.10938673830012,-0.06205669732219927,-59.60523069459123,61.29069985489102,-0.08732669925515603,,,0.0038989235312830157
497,5,67.36805,Forward,0.4251268207831974,334.9111510484181,17060.0,17075.64300656751,ok,0.0006104555292044058,0.0012437699858048928,14469.40492605438,ok,-44.53765073133036,65.10619201413425,-0.06525142148806407,-61.562005434334424,61.28783301456146,-0.0901935395847103,,,0.0038989235312830157
498,5,67.50338333333333,Forward,0.42731355178897235,335.780066894451,17065.0,17073.67319372827,ok,0.000613764376099531,0.0026125314263127698,14468.140808786498,ok,-46.50746357056778,65.1033060718873,-0.06813736373501926,-62.8261227022158,61.28598097595362,-0.09204557819254917,,,0.0038989235312830157
499,5,67.63841666666667,Forward,0.4291922685785457,336.5689053624119,17060.0,17071.822245421274,ok,0.0006080297469327015,0.002040321803661212,14467.112882171808,ok,-48.35841187756523,65.10059427622343,-0.0708491593988967,-63.85404931690573,61.28447497660942,-0.0935515775367568,,,0.0038989235312830157
500,5,67.77346666666666,Forward,0.43098599162413664,337.4456667659106,17060.0,17070.16350660101,ok,0.0006214489461491469,0.002822038983154392,14466.417277941364,ok,-50.01715069782949,65.09816408369818,-0.07327935192415126,-64.54965354735032,61.28345585763739,-0.09457069650877951,,,0.0038989235312830157
501,5,67.90823333333333,Forward,0.43245967030134885,338.03287132826154,17055.0,17068.653432244904,ok,0.0006213091579994675,0.002101828540306623,14465.455609161558,ok,-51.52722505393467,65.09595169717417,-0.0754917384481495,-65.51132232715645,61.28204693161968,-0.0959796225264893,,,0.0038989235312830157
502,5,68.04301666666667,Forward,0.43398897246563267,338.4858688699969,17055.0,17067.28112224618,ok,0.0006164593347664291,0.0024679206909899477,14464.47162079231,ok,-52.89953505266021,65.093941147074,-0.07750228854831753,-66.49531069640398,61.28060530551757,-0.09742124862860331,,,0.0038989235312830157
503,5,68.17911666666667,Forward,0.4353861838540145,339.00699144610917,17050.0,17066.00272783818,ok,0.0006124268765681886,0.0017176092662469784,14464.190636916961,ok,-54.17792946066038,65.09206819124955,-0.0793752443727639,-66.77629457175317,61.280193640398714,-0.0978329137474566,,,0.0038989235312830157
504,5,68.31443333333333,Forward,0.4367059067101071,339.528376733655,17050.0,17064.804846054554,ok,0.0006098162919429245,0.00209720424925428,14463.128615204843,ok,-55.375811244284705,65.09031319322266,-0.08113024239966163,-67.83831628387088,61.278637688855945,-0.09938886529022893,,,0.0038989235312830157
505,5,68.4508,Forward,0.43782577532866285,340.025865024676,17050.0,17063.66100606233,ok,0.0006186219092819361,0.0018689174614813118,14463.040296936822,ok,-56.51965123650734,65.08863737098638,-0.08280606463594584,-67.92663455189177,61.27850829513092,-0.09951825901524804,,,0.0038989235312830157
506,5,68.58558333333333,Forward,0.4393362661092269,340.5242153581312,17050.0,17062.36882229503,ok,0.0006174513341287987,0.0029579585896253474,14462.396155285387,ok,-57.81183500380939,65.08674421258543,-0.08469922303688833,-68.57077620332711,61.27756457318543,-0.10046198096074029,,,0.0038989235312830157
507,5,68.72063333333334,Forward,0.4402562019266867,340.9569064260795,17050.0,17061.36702687384,ok,0.0006194591750394784,0.0022816878368232124,14461.707019373702,ok,-58.813630425000156,65.08527649764764,-0.08616693797468919,-69.25991211501241,61.27655493084693,-0.10147162329924617,,,0.0038989235312830157
508,5,68.85568333333333,Forward,0.4414580281691068,341.498290411997,17050.0,17060.457174850693,ok,0.0006172899881579865,0.0018599155182847,14461.32400631918,ok,-59.72348244814566,65.08394348755664,-0.08749994806568331,-69.64292516953356,61.27599378435973,-0.10203276978644535,,,0.0038989235312830157
509,5,68.99098333333333,Forward,0.4419938656493796,341.77744557990445,17050.0,17059.758896256397,ok,0.0006146992761038919,0.0026638410361986622,14461.489320838604,ok,-60.421761042442085,65.0829204504156,-0.08852298520671682,-69.47761065011036,61.276235984098776,-0.10179057004739644,,,0.0038989235312830157
510,5,69.12656666666666,Forward,0.4424482705050191,341.64458025918793,17050.0,17059.4442359348,ok,0.0006132839733748042,0.0029561413900039907,14461.613375508648,ok,-60.736421364039415,65.08245944645753,-0.0889839891647831,-69.35355598006572,61.27641773467227,-0.10160881947389905,,,0.0038989235312830157
511,5,69.26161666666667,Forward,0.44312334059206926,342.0545421919014,17050.0,17058.82662744524,ok,0.0006238716329744714,0.00224666082700896,14461.42498051639,ok,-61.35402985359906,65.08155459783609,-0.08988883778623304,-69.54195097232332,61.27614172009036,-0.10188483405581308,,,0.0038989235312830157
512,5,69.39775,Forward,0.44374058130870947,342.4132087645594,17045.0,17058.223099052135,ok,0.0006096946954247718,0.002154727364175043,14461.105833445232,ok,-61.95755824670414,65.08067037774563,-0.09077305787669261,-69.86109804348234,61.27567414266508,-0.10235241148109091,,,0.0038989235312830157
513,5,69.53331666666666,Forward,0.44428523288184796,342.4799107187064,17045.0,17057.71085174048,ok,0.0006227461985990506,0.0029352054997753554,14461.301859092564,ok,-62.46980555835762,65.0799198921522,-0.09152354347011696,-69.66507239615021,61.27596133680142,-0.1020652173447477,,,0.0038989235312830157
514,5,69.66758333333334,Forward,0.44495061625935617,342.7057875266437,17040.0,17057.165955297864,ok,0.0006148981139954482,0.0015546246192881526,14461.029864445632,ok,-63.014702000975376,65.07912157282325,-0.0923218627990614,-69.9370670430817,61.27556284166174,-0.10246371248443271,,,0.0038989235312830157
515,5,69.80296666666666,Forward,0.4453489251846361,342.7363413759849,17040.0,17056.71459778852,ok,0.0006221362559278397,0.003195195516366342,14460.591635650897,ok,-63.46605951031961,65.07846029593505,-0.09298313968727648,-70.37529583781725,61.274920799449724,-0.10310575469644774,,,0.0038989235312830157
516,5,69.93826666666666,Forward,0.44583165665083724,342.998082018632,17050.0,17056.28765125565,ok,0.0006218796454154231,0.002789835897376075,14461.157462134111,ok,-63.89300604318851,65.07783478318996,-0.0936086524323728,-69.8094693546027,61.27574978305661,-0.10227677108956501,,,0.0038989235312830157
517,5,70.07356666666666,Forward,0.4462364137503879,343.2197307383867,17040.0,17055.948714200465,ok,0.0006215014117422195,0.0022521053457489654,14461.101363470438,ok,-64.23194309837345,65.07733821176593,-0.09410522385638458,-69.86556801827646,61.27566759377432,-0.10235896037185059,,,0.0038989235312830157
518,5,70.2086,Forward,0.44664102334354394,343.3886366385559,17045.0,17055.54324381906,ok,0.0006194206598211323,0.0023933320522813418,14460.486313982026,ok,-64.63741347978066,65.07674416339734,-0.09469927222498244,-70.48061750668785,61.27476649430577,-0.10326005984039795,,,0.0038989235312830157
519,5,70.34525,Forward,0.4469912810705904,343.40641783953106,17050.0,17055.258059743497,ok,0.0006126325737670654,0.002022702940542803,14460.856705247079,ok,-64.92259755534178,65.07632634463029,-0.09511709099203816,-70.11022624163525,61.275309148804936,-0.10271740534123634,,,0.0038989235312830157
520,5,70.48003333333334,Forward,0.44731371153916255,343.64238148981894,17040.0,17054.909295389625,ok,0.0006191504132659039,0.002190409993386676,14460.307620614436,ok,-65.27136190921374,65.07581537538334,-0.09562806023897472,-70.65931087427816,61.27450469342372,-0.1035218607224448,,,0.0038989235312830157
521,5,70.6151,Forward,0.44765317831193885,343.66881901320085,17040.0,17054.569667714895,ok,0.0006074199735645752,0.002640080669831405,14461.100664360776,ok,-65.61098958394359,65.07531779214335,-0.09612564347897304,-69.86626712793804,61.2756665695196,-0.10235998462657542,,,0.0038989235312830157
522,5,70.75066666666666,Forward,0.4479718288396314,343.8546055547449,17040.0,17054.26278901501,ok,0.000625022320900038,0.0019387644158568719,14460.12732057885,ok,-65.91786828382828,65.0748681889186,-0.09657524670372954,-70.83961090986486,61.274240538637315,-0.10378601550886025,,,0.0038989235312830157
523,5,70.88625,Forward,0.44846246608061324,343.9547752748949,17040.0,17054.002950353115,ok,0.000614379253759495,0.0021860642368187505,14460.738913709807,ok,-66.17770694572391,65.0744875033241,-0.09695593229822856,-70.22801777890709,61.27513657425015,-0.1028899798960241,,,0.0038989235312830157
524,5,71.02101666666667,Forward,0.4486410891202991,344.0913208482998,17040.0,17053.732459280247,ok,0.0006247639555886385,0.002512348591233515,14460.260135357661,ok,-66.44819801859194,65.07409121104746,-0.09735222457486753,-70.70679613105312,61.27443512351033,-0.10359143063584197,,,0.0038989235312830157
525,5,71.15686666666667,Forward,0.44893455482962674,344.23647442084985,17045.0,17053.55605755162,ok,0.0006057325446788051,0.0021918117935159566,14460.094098077092,ok,-66.62459974721787,65.07383276761013,-0.09761066801220171,-70.8728334116222,61.27419186486513,-0.1038346892810386,,,0.0038989235312830157
526,5,71.29191666666667,Forward,0.44939029497349836,344.19231495508575,17035.0,17053.294063006175,ok,0.000611562718335,0.001931742123137418,14460.415484107807,ok,-66.88659429266409,65.07344892346406,-0.09799451215826167,-70.55144738090712,61.27466272255534,-0.10336383159083239,,,0.0038989235312830157
527,5,71.42698333333334,Forward,0.4493927362649818,344.2516990916156,17040.0,17053.120391657867,ok,0.0006173462869576407,0.002286587572641494,14459.965928863907,ok,-67.06026564097192,65.07319448026459,-0.09824895535772893,-71.00100262480737,61.27400408613828,-0.1040224680078913,,,0.0038989235312830157
528,5,71.562,Forward,0.4498150124731791,344.31714006155744,17040.0,17052.85630981277,ok,0.000612062571298231,0.0020324283773048464,14460.849943523091,ok,-67.32434748606829,65.07280757804818,-0.09863585757414078,-70.11698796562268,61.275299242307966,-0.1027273118382034,,,0.0038989235312830157
529,5,71.69811666666666,Forward,0.449923461292757,344.35795274059274,17035.0,17052.674408510586,ok,0.0006124886208048057,0.0021392400269069902,14460.29241059153,ok,-67.50624878825329,65.0725410772709,-0.09890235835142025,-70.67452089718427,61.27448240945502,-0.10354414469115873,,,0.0038989235312830157
530,5,71.83291666666666,Forward,0.45015247062885566,344.40986808556045,17040.0,17052.50111585003,ok,0.0006246035020378328,0.0026824696412723606,14460.307162305377,ok,-67.67954144880787,65.07228718888099,-0.09915624674133212,-70.65976918333763,61.27450402196223,-0.10352253218394131,,,0.0038989235312830157
531,5,71.9685,Forward,0.4503704121579229,344.4686224847028,17040.0,17052.29999706366,ok,0.0006156864103873615,0.0027945161216309934,14460.285748585284,ok,-67.88066023517968,65.07199253286561,-0.09945090275670843,-70.68118290343045,61.27447264905297,-0.10355390509320932,,,0.0038989235312830157
532,5,72.10355,Forward,0.45068094812408444,344.6001508471345,17040.0,17052.135096274378,ok,0.0006206691567091045,0.0017257901772186372,14460.782790907404,ok,-68.04556102446077,65.07175093927619,-0.09969249634614141,-70.1841405813102,61.27520085805199,-0.10282569609418235,,,0.0038989235312830157
533,5,72.2386,Forward,0.45072055548360646,344.68262911699276,17040.0,17052.02285430525,ok,0.0006090262183803505,0.0019298347347841151,14460.385655857803,ok,-68.15780299358812,65.07158649530763,-0.09985694031469199,-70.58127563091148,61.274619021648775,-0.10340753249739854,,,0.0038989235312830157
534,5,72.37336666666667,Forward,0.450854337207623,344.75311510274696,17040.0,17051.849687661703,ok,0.0006181354630091752,0.002262366203448546,14459.99997301155,ok,-68.33096963713615,65.07133279154328,-0.10011064407904158,-70.96695847716364,61.2740539636911,-0.1039725904550652,,,0.0038989235312830157
535,5,72.50815,Forward,0.4509701910031325,344.8134946274404,17040.0,17051.77328460211,ok,0.0006192866477893687,0.002542816962269061,14460.215926990073,ok,-68.407372696729,65.07122085460537,-0.10022258101694934,-70.75100449864112,61.27437035451647,-0.10365619962970259,,,0.0038989235312830157
536,5,72.64293333333333,Forward,0.45120197428854314,344.8414156965664,17040.0,17051.56845451932,ok,0.0006188387322114314,0.002622122276122904,14460.00200279621,ok,-68.61220277951725,65.07092076122717,-0.10052267439515819,-70.96492869250505,61.274056937497136,-0.10396961664903563,,,0.0038989235312830157
537,5,72.77943333333333,Forward,0.45123402175169236,344.86404015791413,17040.0,17051.47330954744,ok,0.0006120583071252218,0.0017396433582747355,14459.974025925612,ok,-68.70734775139863,65.07078136580418,-0.1006620698181488,-70.99290556310189,61.27401594901784,-0.10401060512833919,,,0.0038989235312830157
538,5,72.9142,Forward,0.4513364794714862,344.92620844379417,17035.0,17051.354150671817,ok,0.0006158541539232484,0.0021801837550228767,14461.043034334112,ok,-68.82650662702144,65.07060678798317,-0.1008366476391527,-69.92389715460195,61.27558213666114,-0.10244441748503261,,,0.0038989235312830157
539,5,73.04955,Forward,0.4513609792845914,345.055467677812,17040.0,17051.248545652743,ok,0.0006050013959178639,0.001391061775100901,14460.266028864276,ok,-68.93211164609602,65.07045206770724,-0.10099136791509314,-70.70090262443773,61.274443757995485,-0.10358279615068415,,,0.0038989235312830157
540,5,73.18405,Forward,0.4516483722665581,345.0785618671289,17040.0,17051.141700135806,ok,0.0006098627744046143,0.0015183268639172036,14460.254813015186,ok,-69.03895716303305,65.07029552999711,-0.10114790562521676,-70.71211847352788,61.274427325828896,-0.10359922831727378,,,0.0038989235312830157
541,5,73.3196,Forward,0.451592484090243,345.1902522586788,17040.0,17051.099254581084,ok,0.0006196449867165428,0.002357817737169018,14460.06056568964,ok,-69.08140271775483,65.07023334367304,-0.10121009194928116,-70.90636579907368,61.27414273708423,-0.10388381706194239,,,0.0038989235312830157
542,5,73.45545,Forward,0.4518587395680278,345.2023387860281,17035.0,17050.93107414993,ok,0.0006201901901148831,0.002669119329263031,14459.860584255299,ok,-69.24958314891046,65.06998694513115,-0.10145649049117059,-71.10634723341536,61.273849747385675,-0.10417680676049505,,,0.0038989235312830157
543,5,73.59131666666667,Forward,0.4520367443629687,345.0920632400557,17040.0,17050.874991138087,ok,0.0006123345882929346,0.0018100835492825351,14460.307757433438,ok,-69.30566616075157,65.06990477878013,-0.10153865684219884,-70.6591740552758,61.274504893875125,-0.10352166027104594,,,0.0038989235312830157
544,5,73.72745,Forward,0.4519582978745321,345.26730414286794,17035.0,17050.81626882668,ok,0.0006152867741432846,0.0015827261245528518,14460.21766507094,ok,-69.3643884721605,65.06981874563222,-0.10162468999009908,-70.74926641777347,61.274372900951796,-0.10365365319437397,,,0.0038989235312830157
545,5,73.86255,Forward,0.45216791447703186,345.1407597276484,17035.0,17050.727072239264,ok,0.0006253403826391371,0.0026852816535306565,14459.861169907268,ok,-69.45358505957483,65.06968806509508,-0.10175537052724234,-71.10576158144613,61.27385060541529,-0.10417594873087603,,,0.0038989235312830157
546,5,73.99758333333334,Forward,0.4521939012691696,345.2852075674964,17040.0,17050.70389539583,ok,0.0006136123720099764,0.002722295068201382,14460.188915087834,ok,-69.4767619030099,65.06965410906115,-0.10178932656118019,-70.77801640088,61.274330779797346,-0.10369577434882767,,,0.0038989235312830157
547,5,74.13265,Forward,0.4523337699105059,345.24923132468393,17035.0,17050.516731417905,ok,0.0006083044334459055,0.002151870155408741,14460.257249371201,ok,-69.66392588093368,65.06937989801924,-0.10206353760308176,-70.70968211751278,61.27443089529632,-0.10359565884985407,,,0.0038989235312830157
548,5,74.26821666666666,Forward,0.45238704660352036,345.3884816844693,17035.0,17050.476413817636,ok,0.0006184948804217972,0.0015775372490477058,14460.159377677908,ok,-69.70424348120287,65.06932082932825,-0.10212260629407362,-70.80755381080598,61.27428750499607,-0.10373904915010473,,,0.0038989235312830157
549,5,74.403,Forward,0.4524823922168212,345.45412933336047,17035.0,17050.395456263435,ok,0.0006270485560141792,0.0029994186207248285,14460.158933971978,ok,-69.78520103540359,65.06920221967091,-0.10224121595140964,-70.80799751673658,61.274286854929386,-0.10373969921678357,,,0.0038989235312830157
550,5,74.53831666666666,Forward,0.4526843068674846,345.67616010816346,17035.0,17050.384653248017,ok,0.0006107240325007631,0.0016917162400761998,14460.183810488174,ok,-69.79600405082238,65.06918639234053,-0.10225704328178872,-70.78312100054063,61.27432330112754,-0.10370325301863881,,,0.0038989235312830157
551,5,74.67336666666667,Forward,0.4527484321514284,345.38108015211765,17040.0,17050.342501006595,ok,0.0006148184963102966,0.0021754389263674,14460.161834161856,ok,-69.8381562922441,65.06912463574524,-0.10231879987708531,-70.80509732685823,61.274291103952606,-0.10373545019356299,,,0.0038989235312830157
552,5,74.80866666666667,Forward,0.45265163001416475,345.505350539137,17035.0,17050.31555448008,ok,0.0006175612621768038,0.002479635029639304,14460.221024070195,ok,-69.86510281875962,65.06908515680706,-0.10235827881525182,-70.74590741851898,61.27437782216953,-0.10364873197665068,,,0.0038989235312830157
553,5,74.94425,Forward,0.4526262875036162,345.4478101047134,17035.0,17050.257732474663,ok,0.0006186763145060383,0.002441971513082741,14460.018999444057,ok,-69.92292482417542,65.06900044268352,-0.10244299293880162,-70.94793204465714,61.27408183902235,-0.10394471512382275,,,0.0038989235312830157
554,5,75.07928333333334,Forward,0.4529595375937795,345.6060916396964,17040.0,17050.248165670386,ok,0.0006120864520802363,0.0013826293161952235,14460.196137876903,ok,-69.93249162845314,65.06898642650691,-0.10245700911540655,-70.77079361181131,61.27434136179362,-0.10368519235255931,,,0.0038989235312830157
555,5,75.21431666666666,Forward,0.4529103865544299,345.3992729722522,17035.0,17050.139077149866,ok,0.0006166535753109918,0.0015500465818613395,14460.271855323255,ok,-70.04158014897257,65.06882660260703,-0.10261683301529886,-70.69507616545889,61.274452294250196,-0.103574259895979,,,0.0038989235312830157
556,5,75.34961666666666,Forward,0.4529439490891247,345.3575830524351,17035.0,17050.09002360489,ok,0.0006178717123625553,0.0027301755118750884,14459.933226673604,ok,-70.0906336939479,65.0687547350189,-0.10268870060342059,-71.03370481511047,61.273956174666345,-0.10407037947982598,,,0.0038989235312830157
557,5,75.48386666666667,Forward,0.4528224771223036,345.4628506358313,17035.0,17050.06579785015,ok,0.0006218444503902507,0.001655588672241171,14460.321494184846,ok,-70.11485944868764,65.06871924224127,-0.10272419338104653,-70.64543730386868,61.27452501937661,-0.1035015347695607,,,0.0038989235312830157
558,5,75.61943333333333,Forward,0.45286511892623277,345.6129657880665,17035.0,17050.018471328654,ok,0.0006167744579954846,0.0018833640753075582,14460.309538731697,ok,-70.16218597018451,65.06864990488847,-0.10279353073384911,-70.65739275701708,61.27450750362759,-0.10351905051858781,,,0.0038989235312830157
559,5,75.75448333333334,Forward,0.45307949612092446,345.5969728381897,17040.0,17050.011956404105,ok,0.0006146141993816344,0.0017515937540323735,14459.970541268702,ok,-70.16870089473377,65.06864035997353,-0.10280307564878617,-70.99639022001247,61.27401084370103,-0.104015710445146,,,0.0038989235312830157
560,5,75.88926666666667,Forward,0.45319223836010103,345.5687396199646,17035.0,17049.899173838403,ok,0.0006131600446321989,0.0021834292205423567,14460.198989638733,ok,-70.281483460436,65.06847512398532,-0.10296831163699612,-70.76794184998107,61.27434553986565,-0.10368101428052108,,,0.0038989235312830157
561,5,76.0243,Forward,0.4532536677760379,345.45465545238403,17040.0,17049.93569957974,ok,0.0006066441676215531,0.0012558788154169108,14460.396909115163,ok,-70.24495771910006,65.06852863728258,-0.10291479833973101,-70.57002237355118,61.27463550862164,-0.10339104552453238,,,0.0038989235312830157
562,5,76.16015,Forward,0.4531255513965413,345.6486473617224,17040.0,17049.888329015444,ok,0.0006126061495417897,0.0018682721013961,14459.801082357419,ok,-70.29232828339445,65.06845923540337,-0.10298420021895333,-71.16584913129554,61.27376257207773,-0.1042639820684461,,,0.0038989235312830157
563,5,76.29491666666667,Forward,0.4532476400346931,345.6699339313054,17040.0,17049.82151849512,ok,0.0006068287625089642,0.0021437020144467194,14460.087319395012,ok,-70.35913880372027,65.068361352346,-0.10308208327632236,-70.87961209370224,61.274181933523124,-0.1038446206230442,,,0.0038989235312830157
564,5,76.42996666666667,Forward,0.4532514049380162,345.44632874124727,17035.0,17049.8426689996,ok,0.0006201942301315527,0.0026300070777756025,14460.017031916483,ok,-70.33798829923762,65.06839233962216,-0.1030510960001634,-70.94989957223152,61.27407895642821,-0.1039475977179636,,,0.0038989235312830157
565,5,76.5658,Forward,0.45334150642399496,345.5225478459106,17035.0,17049.796120473384,ok,0.0006124687185271969,0.0015012966064342438,14460.522920514039,ok,-70.38453682545514,65.06832414209818,-0.10311929352414576,-70.44401097467562,61.274820125968205,-0.10320642817796574,,,0.0038989235312830157
566,5,76.70245,Forward,0.4533616434654807,345.59474981898893,17035.0,17049.73919601406,ok,0.000606554063786466,0.0012564853996908946,14459.183776292843,ok,-70.4414612847795,65.06824074295548,-0.1032026926668343,-71.78315519587159,61.272858166534434,-0.10516838761174194,,,0.0038989235312830157
567,5,76.83726666666666,Forward,0.453392129463276,345.6702344354708,17040.0,17049.680718691518,ok,0.0006076276402977389,0.0020501065658312086,14460.251293274512,ok,-70.49993860732138,65.06815506873698,-0.1032883668853442,-70.71563821420204,61.27442216911142,-0.10360438503475859,,,0.0038989235312830157
568,5,76.97258333333333,Forward,0.4536611261360717,345.7520971725171,17035.0,17049.470196007023,ok,0.0006176293444934508,0.001870437741624033,14459.877161557715,ok,-70.71046129181559,65.06784663521628,-0.10359680040604327,-71.08976993099895,61.2738740345344,-0.10415251961177154,,,0.0038989235312830157
569,5,77.1082,Forward,0.45360107762764573,345.6591105072366,17035.0,17049.5864108234,ok,0.0006283358942811909,0.0022545101150436278,14459.662409572136,ok,-70.59424647544074,65.06801689974174,-0.10342653588059315,-71.30452191657787,61.273559404730264,-0.10446714941591051,,,0.0038989235312830157
570,5,77.2435,Forward,0.45349023371554287,345.6252353765267,17040.0,17049.52962102864,ok,0.0006157940439540994,0.002259330853853486,14460.662733582949,ok,-70.65103627019926,65.067933697894,-0.10350973772831436,-70.30419790576525,61.275024963927535,-0.10300159021863906,,,0.0038989235312830157
571,5,77.37963333333333,Forward,0.4535456527171796,345.7828027709038,17035.0,17049.56839087221,ok,0.0006083670955314505,0.0019347886653614185,14460.376115229898,ok,-70.6122664266295,65.06799049899067,-0.10345293663166341,-70.59081625881663,61.27460504382277,-0.10342151032340592,,,0.0038989235312830157
572,5,77.51495,Forward,0.45357430489789796,345.8320298867293,17035.0,17049.524355779587,ok,0.0006262212563536305,0.0018321005863462829,14460.260612717482,ok,-70.65630151925143,65.06792598385927,-0.10351745176305803,-70.70631877123196,61.2744358228828,-0.1035907312633699,,,0.0038989235312830157
573,5,77.65053333333333,Forward,0.4536691139524859,345.7690652314559,17040.0,17049.510518567873,ok,0.0006111671673626759,0.0014766391842498457,14460.068883055317,ok,-70.67013873096585,65.06790571117494,-0.10353772444738177,-70.89804843339698,61.27415492272772,-0.10387163141845808,,,0.0038989235312830157
574,5,77.78851666666667,Forward,0.4534756573743322,345.7427870157335,17035.0,17049.50825281996,ok,0.0006020818511852441,0.0016513237631427358,14459.95218818005,ok,-70.67240447887889,65.06790239166281,-0.10354104395951659,-71.01474330866404,61.273983954875426,-0.10404259927074741,,,0.0038989235312830157
575,5,77.92493333333333,Forward,0.45354083283210317,345.82174039057645,17035.0,17049.473802442903,ok,0.000627457580805128,0.002900460927037618,14460.33251537911,ok,-70.7068548559364,65.06785191894957,-0.10359151667275787,-70.63441610960399,61.27454116635744,-0.10348538778873755,,,0.0038989235312830157
576,5,78.05971666666667,Forward,0.45364028102881715,345.74354237356965,17040.0,17049.57086029905,ok,0.0006229696458873249,0.0028555034083679377,14459.97641955964,ok,-70.60979699978998,65.06799411690963,-0.10344931871269163,-70.99051192907427,61.274019455893935,-0.1040070982522409,,,0.0038989235312830157
577,5,78.19541666666667,Forward,0.45365407403853775,345.7265071594884,17035.0,17049.532527148196,ok,0.0005976004146231569,0.0012819263559773028,14460.260390267382,ok,-70.64813015064283,65.0679379556047,-0.10350548001761437,-70.70654122133237,61.274435496974604,-0.10359105717156271,,,0.0038989235312830157
578,5,78.33045,Forward,0.45354782385387427,345.85680394741576,17040.0,17049.488140783753,ok,0.0006181615073686098,0.0018176664794009789,14460.60266435042,ok,-70.69251651508603,65.06787292583041,-0.10357050979190753,-70.36426713829496,61.274936957426384,-0.10308959671978805,,,0.0038989235312830157
579,5,78.46661666666667,Forward,0.45360754465366393,345.69306811624483,17035.0,17049.483411661713,ok,0.0006226621669162544,0.0024576790090537538,14460.715803515493,ok,-70.69724563712589,65.06786599726705,-0.10357743835527862,-70.25112797322072,61.2751027158628,-0.10292383828336757,,,0.0038989235312830157
580,5,78.60378333333334,Forward,0.45361783376663756,345.7694177446101,17040.0,17049.46725482209,ok,0.0006191269522776083,0.0025521635445053827,14459.812450288637,ok,-70.71340247674743,65.06784232613184,-0.10360110949048106,-71.1544812000775,61.27377922705748,-0.10424732708868907,,,0.0038989235312830157
581,5,78.7399,Forward,0.4535925281996675,345.769602997545,17040.0,17049.45139137134,ok,0.0006210419793754231,0.0023399427053962625,14460.237799152883,ok,-70.72926592749718,65.06781908483612,-0.10362435078619671,-70.72913233583131,61.27440239908306,-0.1036241550631185,,,0.0038989235312830157
582,5,78.87521666666666,Forward,0.45373535373020085,345.7311208567917,17035.0,17049.440946881088,ok,0.0006204687704940626,0.0018473072672947806,14460.289553161165,ok,-70.73971041775076,65.0678037827754,-0.10363965284691552,-70.67737832754938,61.27447822307809,-0.1035483310680795,,,0.0038989235312830157
583,5,79.00971666666666,Forward,0.453740150627837,345.8166187574461,17035.0,17049.427149805157,ok,0.0006205006459952434,0.0024867494179907526,14460.31146382993,ok,-70.75350749368226,65.06778356889339,-0.10365986672892605,-70.65546765878389,61.27451032405915,-0.10351623008701684,,,0.0038989235312830157
584,5,79.14503333333333,Forward,0.45364498170460443,345.7864299588982,17040.0,17049.34652610063,ok,0.000614402400015679,0.0021795940662174065,14459.871451808822,ok,-70.83413119820761,65.06766544835403,-0.10377798726827933,-71.09547967989238,61.27386566926983,-0.10416088487634023,,,0.0038989235312830157
585,5,79.28035,Forward,0.4537351566100998,345.7992609993489,17035.0,17049.31084995506,ok,0.0006143432059600784,0.0016868853021263185,14459.925109709711,ok,-70.86980734377721,65.06761317978636,-0.10383025583596096,-71.04182177900293,61.273944282628406,-0.10408227151776361,,,0.0038989235312830157
586,5,79.41595,Forward,0.4538782212899,345.87644017679486,17040.0,17049.275253565043,ok,0.0006102140050034193,0.0020427174383261465,14460.391849561982,ok,-70.90540373379554,65.0675610280673,-0.10388240755502111,-70.57508192673231,61.27462809594873,-0.10339845819744488,,,0.0038989235312830157
587,5,79.55125,Forward,0.453826176244351,346.00188959080333,17035.0,17049.306251075497,ok,0.0006096675135212842,0.0022465184967124904,14460.179733667264,ok,-70.8744062233418,65.06760644203922,-0.10383699358310106,-70.78719782144981,61.274317328240436,-0.10370922590573788,,,0.0038989235312830157
588,5,79.68633333333334,Forward,0.45371869657018726,345.95755509185983,17035.0,17049.24992938263,ok,0.0006113042498711401,0.0018766774016579994,14460.398249903514,ok,-70.93072791620943,65.06752392600032,-0.1039195096220003,-70.56868158520047,61.274637472989866,-0.10338908115630993,,,0.0038989235312830157
589,5,79.82243333333334,Forward,0.45387267620686,345.845413967123,17040.0,17049.276924073365,ok,0.0006140736234631665,0.0017000527383419237,14459.759559104969,ok,-70.90373322547384,65.06756347550314,-0.10387996011918181,-71.20737238374568,61.273701737004416,-0.10432481714175347,,,0.0038989235312830157
590,5,79.95898333333334,Forward,0.4539447448472967,345.8389356731859,17040.0,17049.202726895986,ok,0.0006161205795992802,0.0020174632999824423,14460.183498040284,ok,-70.97793040285251,65.06745477036907,-0.10398866525326186,-70.78343344843051,61.27432284336497,-0.10370371078119747,,,0.0038989235312830157
591,5,80.09455,Forward,0.4538412767030957,345.9298994014607,17035.0,17049.199769902,ok,0.0006172975672559998,0.002549292688304186,14460.00142476084,ok,-70.98088739683953,65.06745043812302,-0.10399299749930127,-70.96550672787453,61.27405609062648,-0.10397046351969245,,,0.0038989235312830157
592,5,80.2296,Forward,0.4538892497518254,345.9883500753858,17035.0,17049.134741639482,ok,0.0006143516785802806,0.001797473999007484,14460.76024677501,ok,-71.04591565935698,65.06735516622393,-0.10408826939839085,-70.20668471370482,61.27516782899319,-0.10285872515298561,,,0.0038989235312830157
593,5,80.3657,Forward,0.45392912096760685,345.93209512499016,17035.0,17049.120531520814,ok,0.0006130709481393121,0.0029000444751452305,14460.184384198785,ok,-71.0601257780254,65.06733434719942,-0.10410908842291061,-70.78254728992943,61.27432414166205,-0.10370241248411825,,,0.0038989235312830157
594,5,80.50135,Forward,0.45401446521768674,346.08964941703744,17040.0,17049.08492051918,ok,0.0006154905260034019,0.0022551366567126643,14459.972714570411,ok,-71.09573677965818,65.0672821740731,-0.10416126154922054,-70.99421691830321,61.274014027771656,-0.10401252637451086,,,0.0038989235312830157
595,5,80.63691666666666,Forward,0.453875088066236,346.00435550566544,17040.0,17049.090353688134,ok,0.0006210531669791482,0.001979782667310882,14459.809571397303,ok,-71.09030361070472,65.06729013412469,-0.10415330149763324,-71.15736009141074,61.273775009238435,-0.10425154490774145,,,0.0038989235312830157
596,5,80.7717,Forward,0.45396433980606904,346.03962357626006,17035.0,17049.09622491548,ok,0.0006120467045760775,0.0017104653104498787,14460.534049137694,ok,-71.08443238335894,65.06729873596883,-0.10414469965348788,-70.43288235102045,61.27483643034216,-0.10319012380400838,,,0.0038989235312830157
597,5,80.90806666666667,Forward,0.45396765209697254,346.04009380616844,17040.0,17049.066971728244,ok,0.0006197714013658749,0.0030065954490944573,14459.949169807522,ok,-71.11368557059541,65.06725587757782,-0.10418755804450969,-71.0177616811925,61.27397953270464,-0.10404702144153613,,,0.0038989235312830157
598,5,81.04358333333333,Forward,0.45401766234731117,345.9683685796699,17035.0,17049.026969048286,ok,0.0006178087103980829,0.0018591707632129996,14460.049136732034,ok,-71.15368825055339,65.06719727027169,-0.10424616535063672,-70.91779475668045,61.27412599269566,-0.10390056145051527,,,0.0038989235312830157
599,5,81.17891666666667,Forward,0.45373654732344215,346.000961869875,17040.0,17049.05428232885,ok,0.0006228970674604471,0.0020542375618696792,14460.654757388447,ok,-71.12637496999014,65.06723728653552,-0.10420614908680176,-70.31217410026693,61.27501327812865,-0.10301327601752502,,,0.0038989235312830157
600,5,81.31423333333333,Forward,0.45404203758787787,346.0272329929285,17035.0,17048.965029951356,ok,0.0006277929490773879,0.002216485603739121,14459.814194503222,ok,-71.21562734748295,65.06710652426119,-0.10433691136112393,-71.15273698549208,61.273781782479226,-0.10424477166694567,,,0.0038989235312830157
601,5,81.44956666666667,Forward,0.4539596536417432,346.08827620460943,17040.0,17048.961698404906,ok,0.0006101987835959216,0.0016546550971206664,14459.995490496995,ok,-71.21895889393272,65.06710164326415,-0.10434179235816872,-70.97144099171965,61.274047396428536,-0.10397915771763556,,,0.0038989235312830157
602,5,81.58513333333333,Forward,0.45399205900555106,346.1309440389232,17035.0,17048.973764233517,ok,0.0006290538588678489,0.0018095366845817984,14460.002917686135,ok,-71.20689306532222,65.06711932072255,-0.10432411489976355,-70.96401380257885,61.27405827788818,-0.10396827625799097,,,0.0038989235312830157
603,5,81.72071666666666,Forward,0.45405334391578467,346.1298970143798,17035.0,17048.900722228696,ok,0.0006300141404854498,0.002329549446523556,14460.348386475398,ok,-71.27993507014253,65.06701230801389,-0.10443112760844041,-70.61854501331618,61.27456441885451,-0.10346213529166264,,,0.0038989235312830157
604,5,81.85616666666667,Forward,0.45405267430368257,346.0834993522076,17035.0,17048.931507826102,ok,0.0006107804999671232,0.0014267355315719346,14460.36286534656,ok,-71.24914947273646,65.06705741151528,-0.10438602410704059,-70.6040661421539,61.27458563162414,-0.10344092252203137,,,0.0038989235312830157
605,5,81.99146666666667,Forward,0.4540103247359296,346.11036090959533,17035.0,17048.916128855126,ok,0.0006112274614422048,0.0023132150246899814,14460.648498712617,ok,-71.26452844371306,65.06703488002337,-0.10440855559895292,-70.31843277609732,61.275004108639735,-0.10302244550643744,,,0.0038989235312830157
606,5,82.12785,Forward,0.45412550666881835,346.1256559714311,17040.0,17048.832290037866,ok,0.0006235104547205455,0.0016832712056713045,14460.207896169974,ok,-71.34836726097274,65.0669120490722,-0.10453138655011988,-70.75903531874064,61.27435858868647,-0.10366796545970493,,,0.0038989235312830157
607,5,82.26315,Forward,0.4541306797050827,346.06382013430266,17030.0,17048.783946642518,ok,0.0006200357159624733,0.0028887776447611814,14460.120133772643,ok,-71.39671065632137,65.06684122191328,-0.1046022137090351,-70.8467977160708,61.27423000935897,-0.10379654478719434,,,0.0038989235312830157
608,5,82.39818333333334,Forward,0.45430434184667645,346.20872423790934,17035.0,17048.744780172845,ok,0.000625277932487516,0.0025684223706962553,14460.688693346203,ok,-71.43587712599401,65.06678383972589,-0.1046595958964393,-70.27823814251133,61.275062997174146,-0.10296355697202642,,,0.0038989235312830157
609,5,82.5335,Forward,0.4542713060599924,346.0818104086902,17035.0,17048.7455896577,ok,0.000622192608937809,0.0026124290963522603,14459.824759980687,ok,-71.43506764113772,65.0667850256896,-0.1046584099327282,-71.14217150802688,61.27379726179643,-0.10422929234973911,,,0.0038989235312830157
610,5,82.66963333333334,Forward,0.4543183319764977,346.1977870088085,17035.0,17048.703763605143,ok,0.0006191937586410266,0.0028134353874804396,14459.51054449568,ok,-71.47689369369618,65.06672374698854,-0.10471968863377908,-71.45638699303345,61.27333690956156,-0.1046896445846139,,,0.0038989235312830157
611,5,82.8052,Forward,0.4542678027575382,346.12509853265146,17035.0,17048.625107139305,ok,0.000621602667137044,0.0022741121238699555,14460.55305434632,ok,-71.5555501595336,65.06660850862009,-0.10483492700223455,-70.413877142395,61.274864274578626,-0.10316227956754496,,,0.0038989235312830157
612,5,82.9406,Forward,0.45434143259541004,346.1712279446074,17035.0,17048.628351853655,ok,0.0006262245316000697,0.00229250219330482,14460.518234474142,ok,-71.55230544518417,65.06661326240076,-0.10483017322155358,-70.44869701457174,61.274813260523814,-0.10321329362235605,,,0.0038989235312830157
613,5,83.07561666666666,Forward,0.45447044417470883,346.1369811364384,17035.0,17048.60992537016,ok,0.000615582200704228,0.0021081450826840177,14460.072177229167,ok,-71.57073192867756,65.06658626604552,-0.10485716957679969,-70.89475425954697,61.274159748970746,-0.1038668051754297,,,0.0038989235312830157
614,5,83.21175,Forward,0.45443167488981173,346.32051793620485,17035.0,17048.5547465899,ok,0.0006134654690762882,0.0028033388266691887,14460.478112691924,ok,-71.62591070893905,65.06650542447017,-0.1049380111521616,-70.48881879678993,61.27475447872281,-0.10327207542335774,,,0.0038989235312830157
615,5,83.34651666666667,Forward,0.454388467012251,346.19959364040915,17035.0,17048.547397048005,ok,0.0006227358788130469,0.0026712350857673625,14459.992686266572,ok,-71.6332602508337,65.06649465677029,-0.10494877885202986,-70.97424522214169,61.274043287994026,-0.10398326615214465,,,0.0038989235312830157
616,5,83.48158333333333,Forward,0.4544209132020259,346.2408972133344,17040.0,17048.54332052071,ok,0.0006220569497863437,0.0020187267261578845,14460.132414905094,ok,-71.6373367781307,65.06648868431336,-0.10495475130896229,-70.83451658361992,61.2742480022557,-0.10377855189047112,,,0.0038989235312830157
617,5,83.61633333333333,Forward,0.4545836677764371,346.2216317704879,17035.0,17048.482898137718,ok,0.0006222883636094157,0.0029454555926616494,14460.489099728793,ok,-71.69775916112121,65.06640016041695,-0.10504327520537547,-70.47783175992117,61.27477057566017,-0.10325597848600572,,,0.0038989235312830157
618,5,83.75173333333333,Forward,0.4545750428002048,346.2401697007226,17035.0,17048.503936837278,ok,0.0006096438579781187,0.0014899545605563703,14461.005595465944,ok,-71.67672046156076,65.06643098388945,-0.10501245173287439,-69.96133602277041,61.27552728555591,-0.10249926859026116,,,0.0038989235312830157
619,5,83.8873,Forward,0.4547367770128536,346.2110890104959,17035.0,17048.404273092765,ok,0.0006223028511274712,0.002594115680712224,14460.184144274564,ok,-71.776384206074,65.06628496808274,-0.1051584675395801,-70.78278721414972,61.2743237901528,-0.10370276399337316,,,0.0038989235312830157
620,5,84.02268333333333,Forward,0.4547096252022412,346.05898126242755,17035.0,17048.404272759944,ok,0.0006178756305159066,0.002172496474950572,14459.434171417706,ok,-71.77638453889449,65.06628496759512,-0.10515846802719024,-71.53276007100794,61.273225016549254,-0.1048015375969175,,,0.0038989235312830157
621,5,84.15803333333334,Forward,0.45459433069470856,346.2253096556269,17040.0,17048.372427061044,ok,0.0006116342565379033,0.002161739556804392,14460.205891139074,ok,-71.80823023779521,65.06623831095547,-0.105205124666852,-70.7610403496401,61.27435565114679,-0.10367090299938582,,,0.0038989235312830157
622,5,84.29333333333334,Forward,0.4546214837864603,346.28002516508786,17035.0,17048.389910106027,ok,0.0006174430566145576,0.0021627070703803494,14460.342957544357,ok,-71.79074719281198,65.06626392509358,-0.10517951052873821,-70.6239739443572,61.27455646501183,-0.10347008913435013,,,0.0038989235312830157
623,5,84.42945,Forward,0.4546040972635624,346.1746522469148,17035.0,17048.37197426125,ok,0.0006219347282717426,0.002194166634459388,14460.98793714668,ok,-71.80868303759053,65.06623764756552,-0.10520578805681102,-69.97899434203464,61.27550141462616,-0.10252513952000623,,,0.0038989235312830157
624,5,84.56448333333333,Forward,0.45463419302045427,346.20070994742855,17035.0,17048.343259255493,ok,0.0006199221681310689,0.0022943699010358845,14460.106788577046,ok,-71.83739804334618,65.06619557765583,-0.1052478579664903,-70.86014291166794,61.27421045751984,-0.10381609662633383,,,0.0038989235312830157
625,5,84.6998,Forward,0.4547976066753196,346.2728132343036,17035.0,17048.32713771783,ok,0.0006272766390158904,0.002872988045401503,14459.963364144141,ok,-71.85351958100728,65.06617195824099,-0.10527147738133788,-71.00356734457273,61.274000328607116,-0.10402622553905112,,,0.0038989235312830157
626,5,84.8351,Forward,0.45481978853218197,346.2207522909375,17035.0,17048.276628415875,ok,0.0006142787296101875,0.0018886316467597694,14459.906621902734,ok,-71.90402888296376,65.06609795784588,-0.10534547777643981,-71.06030958598058,61.273917196429075,-0.10410935771709563,,,0.0038989235312830157
627,5,84.97146666666667,Forward,0.45480086521682384,346.37211820470475,17035.0,17048.3181576501,ok,0.0006153632851765358,0.002117810320677239,14460.392908827209,ok,-71.86249964873787,65.066158801683,-0.10528463393932552,-70.5740226615053,61.27462964786179,-0.10339690628438569,,,0.0038989235312830157
628,5,85.1068,Forward,0.4549274418859799,346.39702101797957,17035.0,17048.22500745712,ok,0.0006207121306750114,0.002237634740347496,14460.005639132944,ok,-71.9556498417187,65.06602232877964,-0.10542110684267987,-70.96129235577064,61.2740622650377,-0.10396428910847087,,,0.0038989235312830157
629,5,85.24263333333333,Forward,0.4547733212168067,346.38388682676305,17035.0,17048.26094502378,ok,0.0006171745831361694,0.0020718287685382265,14459.985769190262,ok,-71.91971227505928,65.06607498035132,-0.10536845527101314,-70.98116229845255,61.27403315389278,-0.10399340025339188,,,0.0038989235312830157
630,5,85.3782,Forward,0.45500984660800636,346.24149012719863,17035.0,17048.2121155824,ok,0.0006247904057939275,0.0025600112169722063,14460.508013541013,ok,-71.96854171644009,65.0660034410939,-0.10543999452843347,-70.45891794770068,61.27479828599317,-0.10322826815299804,,,0.0038989235312830157
631,5,85.5143,Forward,0.4549484402720633,346.319537771702,17040.0,17048.226685901,ok,0.000635743534915846,0.0030056133757659555,14460.08070866842,ok,-71.95397139783745,65.06602478784174,-0.10541864778057532,-70.88622282029428,61.2741722482501,-0.10385430589606863,,,0.0038989235312830157
632,5,85.65068333333333,Forward,0.45493192103669117,346.3386599379628,17035.0,17048.172636004576,ok,0.0006176297110281338,0.0019571587832460375,14460.224956083044,ok,-72.00802129426302,65.06594560017659,-0.10549783544573364,-70.74197540567002,61.274383582900576,-0.10364297124559525,,,0.0038989235312830157
633,5,85.78575,Forward,0.4548852510187599,346.37747662554466,17035.0,17048.13930143729,ok,0.0006232979392640808,0.0023943116092166824,14460.82270743817,ok,-72.04135586154734,65.06589676221894,-0.10554667340337791,-70.14422405054393,61.27525933914227,-0.10276721500390025,,,0.0038989235312830157
634,5,85.92078333333333,Forward,0.4548618251024812,346.4109271300731,17035.0,17048.153641146833,ok,0.0006137641426140054,0.0031918902927942083,14459.598451222775,ok,-72.02701615200567,65.06591777110503,-0.10552566451727917,-71.36848026593907,61.273465700344346,-0.1045608538018249,,,0.0038989235312830157
635,5,86.05583333333334,Forward,0.4549954272818757,346.34232030754356,17035.0,17048.10662145914,ok,0.0006250741007979044,0.0026002175744222326,14460.732482930427,ok,-72.0740358396979,65.06584888328969,-0.1055945523326323,-70.23444855828711,61.27512715261499,-0.10289940153117845,,,0.0038989235312830157
636,5,86.1914,Forward,0.45495226570556924,346.3988342015473,17035.0,17048.131047814866,ok,0.00062040006331874,0.0024016419284147,14460.217027508126,ok,-72.04960948397274,65.0658846699647,-0.10555876565761314,-70.74990398058799,61.2743719668684,-0.10365458727776751,,,0.0038989235312830157
637,5,86.3267,Forward,0.4551161575128312,346.3852464048614,17035.0,17048.043531111456,ok,0.0006270149427387969,0.0025351452652994,14459.682345795394,ok,-72.13712618738282,65.06575645059957,-0.10568698502274997,-71.28458569331997,61.273588612981825,-0.10443794116434536,,,0.0038989235312830157
638,5,86.4628,Forward,0.45504953033415263,346.4252299252985,17040.0,17048.05330328627,ok,0.0006198343234614892,0.002373399678606003,14460.203170244044,ok,-72.12735401256941,65.06577076766136,-0.10567266796095766,-70.7637612446706,61.274351664805664,-0.10367488934050496,,,0.0038989235312830157
639,5,86.59826666666666,Forward,0.4550560239523378,346.36948882616707,17035.0,17048.017400371667,ok,0.0006140059783324047,0.002230444888803582,14460.675393707697,ok,-72.16325692717146,65.06571816685789,-0.10572526876443246,-70.29153778101681,61.275043512079996,-0.10298304206617732,,,0.0038989235312830157
640,5,86.73403333333333,Forward,0.4550821916822762,346.50942022521485,17035.0,17048.02396886281,ok,0.0006296037618996427,0.0029475215297914883,14460.412361270617,ok,-72.15668843602907,65.06572779025241,-0.10571564536991042,-70.55457021809707,61.274658147334996,-0.10336840681117684,,,0.0038989235312830157
641,5,86.87028333333333,Forward,0.45514541220414917,346.53100395667934,17035.0,17047.992490047192,ok,0.0006171155242816061,0.0020671394925902533,14460.145657722564,ok,-72.18816725164652,65.06568167112776,-0.10576176449456272,-70.82127376615063,61.27426740410223,-0.10375915004393929,,,0.0038989235312830157
642,5,87.00503333333333,Forward,0.4551351627139427,346.47132974977285,17040.0,17048.006751061806,ok,0.0006144680365240433,0.0022395215310281238,14460.538078200312,ok,-72.1739062370325,65.06570256471915,-0.10574087090318224,-70.42885328840202,61.27484233325933,-0.10318422088684055,,,0.0038989235312830157
643,5,87.14033333333333,Forward,0.45519629418946717,346.5158863236793,17035.0,17047.947182824453,ok,0.0006188790492748899,0.003014390737688801,14460.288935200591,ok,-72.23347447438573,65.06561529221825,-0.10582814340406659,-70.67799628812281,61.27447731771364,-0.10354923643253358,,,0.0038989235312830157
644,5,87.2762,Forward,0.455173345563373,346.4924894531214,17040.0,17047.971160206172,ok,0.0006170436122289401,0.0017131779300364831,14459.690960044198,ok,-72.20949709266642,65.06565042110842,-0.10579301451390162,-71.27597144451647,61.27360123358417,-0.10442532056199544,,,0.0038989235312830157
645,5,87.41125,Forward,0.4552747193515605,346.4832891257938,17035.0,17047.886381304856,ok,0.0006204834519043664,0.0025399692474726253,14460.238743785021,ok,-72.29427599398332,65.06552621285468,-0.10591722276764394,-70.72818770369304,61.27440378304895,-0.10362277109722014,,,0.0038989235312830157
646,5,87.54683333333334,Forward,0.45526341285315974,346.30843923016073,17035.0,17047.935152308866,ok,0.0006196151904627187,0.0019467542111395902,14460.36817096297,ok,-72.24550498997269,65.06559766649642,-0.10584576912590851,-70.59876052574327,61.27459340480048,-0.10343314934569676,,,0.0038989235312830157
647,5,87.68211666666667,Forward,0.45523588940982795,346.44258550300947,17035.0,17047.907092784106,ok,0.0006166513014103557,0.0019054077211808863,14460.604186369404,ok,-72.27356451473315,65.06555655692178,-0.1058868787005456,-70.3627451193097,61.274939187312796,-0.10308736683337308,,,0.0038989235312830157
648,5,87.81823333333334,Forward,0.455300569646334,346.39766076772503,17035.0,17047.901345089736,ok,0.0006217053563792817,0.0020652858961833394,14460.387404739062,ok,-72.2793122091025,65.06554813606388,-0.1058952995584427,-70.57952674965236,61.27462158390759,-0.10340497023858386,,,0.0038989235312830157
649,5,87.95408333333333,Forward,0.45533945893940597,346.42667366209207,17035.0,17047.840739926345,ok,0.0006192932704883133,0.0019871640213546347,14460.102198949757,ok,-72.3399173724938,65.06545934437874,-0.10598409124358689,-70.86473253895747,61.274203733328065,-0.1038228208181092,,,0.0038989235312830157
650,5,88.08993333333333,Forward,0.4553306126085918,346.4044140804144,17035.0,17047.815169877587,ok,0.0006308384584933877,0.0029945520111972165,14460.638854259545,ok,-72.3654874212516,65.06542188209679,-0.10602155352553415,-70.32807722916914,61.274989978701086,-0.10303657544508658,,,0.0038989235312830157
651,5,88.22635,Forward,0.4555338164021132,346.5045109063576,17035.0,17047.766445087036,ok,0.0006245376840826961,0.0025027838053544517,14459.978669985709,ok,-72.4142122118028,65.06535049616167,-0.10609293946064674,-70.98826150300556,61.274022752958274,-0.10400380118790262,,,0.0038989235312830157
652,5,88.36165,Forward,0.45555732139343263,346.50895450439566,17035.0,17047.816098459192,ok,0.0006274878740841549,0.002373059128317626,14460.717165451302,ok,-72.36455883964663,65.0654232425473,-0.10602019307502325,-70.24976603741197,61.27510471121384,-0.10292184293233228,,,0.0038989235312830157
653,5,88.49723333333333,Forward,0.4554804884878795,346.47779384839305,17035.0,17047.774406167042,ok,0.000612780956255932,0.002220845374755232,14460.257825540617,ok,-72.40625113179703,65.06536215981654,-0.10608127580577437,-70.7091059480972,61.2744317394332,-0.10359481471297735,,,0.0038989235312830157
654,5,88.632,Forward,0.4554931302404136,346.40345769216583,17035.0,17047.754317143947,ok,0.0006138854730732066,0.0018254082088518607,14459.86624542962,ok,-72.42634015489239,65.06533272770031,-0.10611070792201206,-71.10068605909328,61.273858041484395,-0.10416851266177764,,,0.0038989235312830157
655,5,88.76705,Forward,0.4555242044662965,346.3221191129851,17035.0,17047.732763198,ok,0.0006152866482779945,0.001880520655479224,14459.72212411455,ok,-72.44789410083831,65.06530114934831,-0.10614228627400311,-71.24480737416343,61.27364689158043,-0.10437966256574958,,,0.0038989235312830157
656,5,88.90235,Forward,0.4554459866539341,346.6225683058874,17035.0,17047.75824211809,ok,0.0006095992851326706,0.0012026469838468355,14460.377666687022,ok,-72.42241518075025,65.06533847811906,-0.10610495750325685,-70.58926480169248,61.27460731683854,-0.10341923730763014,,,0.0038989235312830157
657,5,89.03818333333334,Forward,0.45553130941691966,346.40358636210294,17035.0,17047.722263946096,ok,0.0006264552569462371,0.00252002151693563,14460.261210597058,ok,-72.45839335274286,65.06528576705716,-0.10615766856516763,-70.7057208916558,61.274436698826904,-0.10358985531927355,,,0.0038989235312830157
658,5,89.1735,Forward,0.4554318485013652,346.4994887720495,17035.0,17047.781200367226,ok,0.0006153845027513472,0.0021559633788300744,14460.242298318253,ok,-72.3994569316128,65.06537211389389,-0.10607132172843495,-70.72463317046095,61.27440899074047,-0.1036175634056982,,,0.0038989235312830157
659,5,89.30856666666666,Forward,0.4554478127257202,346.49965121287823,17040.0,17047.695977685948,ok,0.0006168809879562015,0.0027007174892882077,14459.895881739614,ok,-72.48467961289134,65.06524725546501,-0.10619618015731784,-71.07104974909998,61.273901461182625,-0.10412509296354548,,,0.0038989235312830157
660,5,89.4435,Forward,0.4555512645901957,346.5995918910303,17035.0,17047.746587841113,ok,0.0006184293230999876,0.0021634294828751445,14460.675532249339,ok,-72.43406945772585,65.06532140361858,-0.10612203200374322,-70.2913992393751,61.275043715055205,-0.10298283909096627,,,0.0038989235312830157
661,5,89.5788,Forward,0.4553636188316451,346.5627045244364,17035.0,17047.739077252678,ok,0.0006210095422270373,0.002357175181067892,14460.217762398604,ok,-72.4415800461611,65.06531039997192,-0.10613303565040093,-70.74916909010972,61.27437304354505,-0.10365351060112296,,,0.0038989235312830157
662,5,89.71411666666667,Forward,0.45557713017583046,346.36882663156575,17040.0,17047.714923622087,ok,0.0006269799962098242,0.0025362864563364387,14460.020030810405,ok,-72.46573367675228,65.06527501286226,-0.10616842276005517,-70.94690067830925,61.27408335006119,-0.10394320408497877,,,0.0038989235312830157
663,5,89.84995,Forward,0.45558879531532037,346.38037771217205,17035.0,17047.683250133545,ok,0.0006210838724940629,0.0023873594530866085,14460.466816156022,ok,-72.49740716529413,65.06522860852533,-0.10621482709699044,-70.50011533269208,61.27473792834323,-0.1032886258029445,,,0.0038989235312830157
664,5,89.98498333333333,Forward,0.4555407789270576,346.36283378983353,17035.0,17047.694116962382,ok,0.000626833470629264,0.0023230280346190255,14460.371218241402,ok,-72.48654033645653,65.06524452934777,-0.10619890627456093,-70.59571324731223,61.27459786932086,-0.10342868482531839,,,0.0038989235312830157
665,5,90.12108333333333,Forward,0.45570135338218476,346.484147644911,17035.0,17047.672941584744,ok,0.000604555625258983,0.0010766120241420395,14459.754645142602,ok,-72.50771571409496,65.06521350563033,-0.10622992999199472,-71.2122863461118,61.273694537634356,-0.10433201651182043,,,0.0038989235312830157
666,5,90.2572,Forward,0.45567790882362297,346.4986074949775,17035.0,17047.721030184424,ok,0.0006222752240997609,0.002927394123572048,14459.974762088563,ok,-72.45962711441462,65.06528395949206,-0.10615947613026228,-70.9921694001514,61.274017027558756,-0.10400952658741534,,,0.0038989235312830157
667,5,90.39278333333333,Forward,0.45562554557812235,346.40148112551833,17040.0,17047.65608780422,ok,0.0006153820022144616,0.002038483242597444,14460.10153920236,ok,-72.52456949462066,65.06518881341782,-0.10625462220450912,-70.86539228635411,61.27420276674238,-0.10382378740379002,,,0.0038989235312830157
668,5,90.52915,Forward,0.45564192698140715,346.5604682504527,17035.0,17047.67905405675,ok,0.000624808700512309,0.002814860266301288,14460.47864810886,ok,-72.50160324208991,65.06522246091828,-0.1062209747040398,-70.48828337985469,61.274755263153864,-0.10327129099230807,,,0.0038989235312830157
669,5,90.66498333333334,Forward,0.45569503017502355,346.5490022060985,17035.0,17047.63296580048,ok,0.000622966222331751,0.002651684280460438,14460.390198316705,ok,-72.5476914983592,65.06515493772866,-0.10628849789365791,-70.57673317200897,61.27462567673487,-0.1034008774112956,,,0.0038989235312830157
670,5,90.80083333333333,Forward,0.4557005748099081,346.5396529511527,17035.0,17047.616534886234,ok,0.000613132840462003,0.0018293930622116572,14460.458675717093,ok,-72.56412241260477,65.06513086505097,-0.10631257057134223,-70.5082557716214,61.27472600191238,-0.10330055223379465,,,0.0038989235312830157
671,5,90.93615,Forward,0.4556217964040733,346.58363385220946,17035.0,17047.57895409716,ok,0.0006170193429342103,0.0021406216736463363,14460.459304713564,ok,-72.6017032016789,65.06507580601964,-0.10636762960268904,-70.50762677515013,61.27472692344536,-0.10329963070081777,,,0.0038989235312830157
672,5,91.07171666666666,Forward,0.45559939168254115,346.44257996087254,17035.0,17047.62936840959,ok,0.0006233701134065291,0.0021758302599970097,14460.530413393612,ok,-72.5512888892481,65.06514966724706,-0.10629376837526829,-70.43651809510266,61.27483110366988,-0.10319545047628757,,,0.0038989235312830157
673,5,91.20701666666666,Forward,0.4557563609821974,346.54045480895365,17035.0,17047.581442947278,ok,0.0006210778577339825,0.0021915097001381245,14460.55940171801,ok,-72.59921435156139,65.06507945239535,-0.10636398322697385,-70.40752977070406,61.27487357401447,-0.10315298013170258,,,0.0038989235312830157
674,5,91.3424,Forward,0.4557666450241974,346.5650614558908,17035.0,17047.55048624062,ok,0.0006261092026681997,0.0023117664420595676,14460.398747367486,ok,-72.63017105821928,65.06503409820444,-0.1064093374178853,-70.56818412122811,61.274638201816614,-0.10338835232955769,,,0.0038989235312830157
675,5,91.47776666666667,Forward,0.4557157476700779,346.5488291658439,17035.0,17047.59614807915,ok,0.0006104961846378513,0.0016057198468742559,14460.424601620001,ok,-72.58450921969052,65.06510099665604,-0.10634243896628683,-70.54232986871284,61.27467608048108,-0.1033504736650922,,,0.0038989235312830157
676,5,91.61253333333333,Forward,0.45576994015367844,346.7659498250905,17035.0,17047.548775125524,ok,0.0006162144653435443,0.0022323879140344356,14460.250249438746,ok,-72.6318821733148,65.06503159127624,-0.10641184434607931,-70.71668204996786,61.27442063980382,-0.10360591434235342,,,0.0038989235312830157
677,5,91.74786666666667,Forward,0.45585748425161454,346.51254470557615,17035.0,17047.49191952126,ok,0.0006195847246199844,0.002522331746105819,14459.981255545987,ok,-72.68873777757835,65.06494829301204,-0.10649514261028589,-70.98567594272754,61.274026541022536,-0.10400001312363084,,,0.0038989235312830157
678,5,91.88371666666667,Forward,0.4558243458227704,346.5520501810315,17035.0,17047.541988802637,ok,0.0006158048200501642,0.0022915674051931538,14460.45103795411,ok,-72.63866849620172,65.06502164873982,-0.10642178688251257,-70.5158935346044,61.274714811944264,-0.1033117422019103,,,0.0038989235312830157
679,5,92.01955,Forward,0.4558385971053057,346.52379908976945,17035.0,17047.48321875973,ok,0.0006233802470286823,0.0018951923444427202,14460.241697922162,ok,-72.69743853910768,65.06493554566123,-0.10650788996108898,-70.72523356655256,61.274408111109466,-0.10361844303670231,,,0.0038989235312830157
680,5,92.15511666666667,Forward,0.4558397395260401,346.50439136255955,17035.0,17047.477050952966,ok,0.0006122152460591962,0.0018288440309136736,14461.187547223868,ok,-72.70360634587269,65.06492650930318,-0.10651692631914271,-69.77938426484616,61.275793860255106,-0.10223269389106047,,,0.0038989235312830157
681,5,92.29073333333334,Forward,0.4558808613920424,346.5668033814909,17035.0,17047.485038716455,ok,0.0006113131249584826,0.002487995330693917,14460.13169268476,ok,-72.69561858238376,65.0649382120516,-0.1065052235707129,-70.83523880395478,61.274246944141886,-0.10377961000428503,,,0.0038989235312830157
682,5,92.42603333333334,Forward,0.45587079439356626,346.548240707918,17035.0,17047.450842892507,ok,0.0006200324436486266,0.0022808609765662593,14460.162359702445,ok,-72.72981440633157,65.06488811228019,-0.10655532334214025,-70.80457178626966,61.27429187391398,-0.10373468023219569,,,0.0038989235312830157
683,5,92.56185,Forward,0.45576150003173327,346.4856927575238,17035.0,17047.4925550502,ok,0.0006038015411523272,0.002403928616985664,14460.862274222316,ok,-72.68810224863773,65.06494922411564,-0.10649421150668947,-70.10465726639814,61.2753173078242,-0.10270924632196868,,,0.0038989235312830157
684,5,92.69785,Forward,0.45596714260804294,346.466263170234,17035.0,17047.455291188115,ok,0.0006154294849591361,0.0024195469985325703,14460.425931636335,ok,-72.72536611072428,65.0648946294091,-0.10654880621322103,-70.54099985237917,61.27467802906739,-0.1033485250787849,,,0.0038989235312830157
685,5,92.83368333333334,Forward,0.45593329430619545,346.57968205591897,17040.0,17047.413688177297,ok,0.0006171292578938001,0.002425412687836612,14460.706052957088,ok,-72.76696912154148,65.06483367748305,-0.10660975813927527,-70.26087853162608,61.27508843047087,-0.10293812367529563,,,0.0038989235312830157
686,5,92.96898333333333,Forward,0.4557739214039359,346.4893434719743,17040.0,17047.38522134232,ok,0.0006206220681323997,0.0020028039946994388,14460.441038860836,ok,-72.79543595651921,65.06479197116452,-0.10665146445779596,-70.52589262787842,61.27470016242775,-0.10332639171842066,,,0.0038989235312830157
687,5,93.1054,Forward,0.45594146838955996,346.5070844508882,17035.0,17047.40882865725,ok,0.0006133102590793748,0.001833304618945962,14460.503336620932,ok,-72.77182864158749,65.06482655787558,-0.10661687774674324,-70.46359486778238,61.27479143391008,-0.10323512023608966,,,0.0038989235312830157
688,5,93.24121666666667,Forward,0.4559754987057547,346.5451367696296,17035.0,17047.380690623548,ok,0.0006066840351520597,0.0011698394502114614,14460.664242260422,ok,-72.79996667529122,65.0647853332787,-0.10665810234361572,-70.30268922829237,61.27502717426751,-0.102999379878667,,,0.0038989235312830157
689,5,93.37733333333334,Forward,0.45586635306325873,346.46774079846,17035.0,17047.39712764167,ok,0.0006162110929935263,0.0018792911715672695,14460.477603468382,ok,-72.7835296571684,65.06480941489909,-0.10663402072323551,-70.48932802033232,61.2747537326673,-0.1032728214788737,,,0.0038989235312830157
690,5,93.51211666666667,Forward,0.45593321652690766,346.6864925109476,17035.0,17047.337432673896,ok,0.000613678443972225,0.0015898267674317593,14460.051289116178,ok,-72.8432246249431,65.06472195672742,-0.10672147889489528,-70.91564237253624,61.27412914612029,-0.10389740802588034,,,0.0038989235312830157
691,5,93.6477,Forward,0.45590691920216986,346.5218380663282,17035.0,17047.333656767645,ok,0.0006105949978720921,0.001406726287210584,14460.275709685904,ok,-72.84700053119377,65.06471642470572,-0.10672701091659413,-70.6912218028101,61.27445794121714,-0.10356861292902782,,,0.0038989235312830157
692,5,93.78346666666667,Forward,0.4559230323601966,346.55472916194776,17035.0,17047.271999828106,ok,0.0006201434548663547,0.0014861435681253893,14460.343234383316,ok,-72.90865747073258,65.06462609207966,-0.10681734354266326,-70.6236971053986,61.274556870604286,-0.10346968354188454,,,0.0038989235312830157
693,5,93.91935,Forward,0.455982305789034,346.542498028768,17035.0,17047.268458471735,ok,0.000610323995934865,0.0019395153129725382,14460.145461332624,ok,-72.91219882710357,65.06462090369335,-0.10682253192897032,-70.82147015609007,61.274267116374375,-0.10375943777179436,,,0.0038989235312830157
694,5,94.05518333333333,Forward,0.45593176916089984,346.5539706107338,17035.0,17047.29787915064,ok,0.0006126919514803639,0.0020884488937077724,14460.438074446354,ok,-72.88277814819958,65.06466400747382,-0.10677942814850354,-70.52885704235996,61.27469581931006,-0.10333073483611152,,,0.0038989235312830157
695,5,94.1905,Forward,0.45601642145444266,346.5860459665855,17035.0,17047.219797272952,ok,0.000619142135495799,0.0020615398660323845,14460.044862600209,ok,-72.96086002588709,65.06454961092555,-0.10689382469677013,-70.92206888850524,61.2741197307314,-0.1039068234147773,,,0.0038989235312830157
696,5,94.3266,Forward,0.455937212532189,346.66781777279175,17035.0,17047.258826140765,ok,0.0006106512030190482,0.0018465798495242197,14460.56337992947,ok,-72.92183115807347,65.0646067915146,-0.10683664410771593,-70.40355155924408,61.27487940243039,-0.1031471517157785,,,0.0038989235312830157
697,5,94.4619,Forward,0.4559669324914405,346.64067451761366,17035.0,17047.195713780948,ok,0.0006127403742750686,0.002151670344099653,14460.46062058772,ok,-72.98494351789122,65.06451432657485,-0.10692910904746807,-70.50631090099341,61.274728851312176,-0.10329770283399464,,,0.0038989235312830157
698,5,94.59666666666666,Forward,0.45601284951117094,346.4987010718105,17035.0,17047.16324184647,ok,0.0006152398235296334,0.0023251828401849688,14460.15646735593,ok,-73.01741545237019,65.06446675244716,-0.10697668317516514,-70.81046413278455,61.274283241128465,-0.10374331301770824,,,0.0038989235312830157
699,5,94.73196666666666,Forward,0.4559436271191746,346.6099762522281,17035.0,17047.143549164626,ok,0.0006075782651912253,0.001685129545266441,14460.83629957849,ok,-73.03710813421276,65.06443790100434,-0.10700553461797901,-70.13063191022411,61.2752792527763,-0.10274730136987668,,,0.0038989235312830157
700,5,94.86755,Forward,0.4559828374618808,346.5870176385615,17035.0,17047.09886788089,ok,0.000616884963068763,0.0021577559635241957,14460.152349580758,ok,-73.08178941794904,65.06437243914837,-0.10707099647395547,-70.81458190795638,61.27427720823991,-0.10374934590626249,,,0.0038989235312830157
701,5,95.00313333333334,Forward,0.4560119106016206,346.6685408133635,17030.0,17047.088332932355,ok,0.0006168423246452206,0.0021053807594713023,14460.622768333145,ok,-73.09232436648381,65.06435700455862,-0.10708643106369942,-70.34416315556882,61.274966411459744,-0.10306014268642726,,,0.0038989235312830157
702,5,95.13926666666667,Forward,0.4560154702498511,346.54764350905316,17030.0,17047.050822664056,ok,0.0006120459162204564,0.0018960164029069792,14460.561026946105,ok,-73.12983463478304,65.06430204884617,-0.10714138677615243,-70.40590454260928,61.27487595511095,-0.10315059903522161,,,0.0038989235312830157
703,5,95.27536666666667,Forward,0.45614638889037895,346.57444718693296,17035.0,17047.062911666093,ok,0.0006228118616516404,0.002648254286974647,14460.230539830123,ok,-73.11774563274594,65.0643197602556,-0.10712367536671928,-70.73639165859095,61.27439176356184,-0.10363479058433098,,,0.0038989235312830157
704,5,95.41068333333334,Forward,0.4561917274440115,346.81173446421235,17035.0,17047.025015886546,ok,0.0006206447542930507,0.0022036740323486135,14460.260307723282,ok,-73.15564141229333,65.0642642397366,-0.10717919588572426,-70.7066237654326,61.27443537604053,-0.10359117810564403,,,0.0038989235312830157
705,5,95.54546666666667,Forward,0.4560900861802243,346.6362920981155,17035.0,17046.992497009698,ok,0.0006201630699860927,0.001790151108017087,14459.981364536656,ok,-73.1881602891408,65.06421659683437,-0.10722683878795752,-70.98556695205843,61.274026700703075,-0.10399985344309154,,,0.0038989235312830157
706,5,95.68183333333333,Forward,0.456110098834279,346.7079978752445,17035.0,17046.979005590445,ok,0.0006131853627846646,0.001906736444688933,14460.157890558516,ok,-73.20165170839391,65.06419683076521,-0.10724660485710805,-70.80904093019853,61.2742853262405,-0.10374122790566757,,,0.0038989235312830157
707,5,95.81821666666667,Forward,0.4562654336826062,346.7481395902796,17035.0,17046.95443821792,ok,0.0006174397084338244,0.002985713413339625,14460.122309119366,ok,-73.22621908091969,65.06416083748867,-0.10728259813365522,-70.84462236934814,61.274233196425726,-0.10379335772044179,,,0.0038989235312830157
708,5,95.95378333333333,Forward,0.45612281846352565,346.80808837008226,17035.0,17046.937293703082,ok,0.0006162389658735107,0.0016721134802999199,14460.6117496101,ok,-73.24336359575682,65.06413571932582,-0.10730771629650117,-70.35518187861453,61.27495026809947,-0.1030762860467058,,,0.0038989235312830157
709,5,96.09076666666667,Forward,0.45612695594459124,346.7371495721236,17035.0,17046.91735534215,ok,0.0006187600092293782,0.001418301013839496,14460.268276894652,ok,-73.26330195668925,65.06410650794238,-0.10733692767994012,-70.69865459406174,61.274447051549934,-0.10357950259623812,,,0.0038989235312830157
710,5,96.22618333333334,Forward,0.45612431342654103,346.7365318795455,17040.0,17046.868974799174,ok,0.0006201386752787548,0.0027359764592882283,14460.181605381127,ok,-73.31168249966504,65.06403562635906,-0.10740780926326787,-70.78532610758703,61.274320070459396,-0.1037064836867802,,,0.0038989235312830157
711,5,96.3623,Forward,0.45623199699671796,346.8123279013962,17035.0,17046.889601090665,ok,0.0006163578687301206,0.0010744277425794192,14460.417230718203,ok,-73.29105620817427,65.06406584561888,-0.1073775900034349,-70.54970077051075,61.274665281487145,-0.10336127265902352,,,0.0038989235312830157
712,5,96.4976,Forward,0.45616206711376084,346.64766615648114,17030.0,17046.85558370197,ok,0.000616531526281371,0.0020013330211908465,14460.26817970665,ok,-73.3250735968686,65.06401600727018,-0.10742742835213918,-70.69875178206348,61.2744469091613,-0.10357964498487249,,,0.0038989235312830157
713,5,96.63238333333334,Forward,0.45623521594955363,346.7429105278752,17035.0,17046.8192180886,ok,0.0006095772170404645,0.001758683143667928,14460.43003349932,ok,-73.36143921023904,65.06396272857391,-0.10748070704840497,-70.53689798939376,61.274684038643244,-0.10334251550292825,,,0.0038989235312830157
714,5,96.76903333333334,Forward,0.4563765241969926,346.7639887788937,17035.0,17046.793928518644,ok,0.0006240583210177311,0.0022451232940943356,14460.076902731174,ok,-73.38672878019497,65.06392567721711,-0.10751775840520869,-70.89002875753977,61.274166672230464,-0.10385988191571233,,,0.0038989235312830157
715,5,96.9049,Forward,0.45632331985669067,346.72154008842335,17035.0,17046.783200901726,ok,0.0006185711426964243,0.002672548573921964,14460.416246581435,ok,-73.39745639711327,65.0639099603519,-0.10753347527041385,-70.55068490727899,61.27466383964363,-0.1033627145025427,,,0.0038989235312830157
716,5,97.041,Forward,0.45643505949956253,346.8486302472702,17035.0,17046.760881744605,ok,0.0006126402671640148,0.0021032937277823574,14459.787048976601,ok,-73.41977555423364,65.0638772609009,-0.10756617472143125,-71.17988251211318,61.273742011989086,-0.10428454215708118,,,0.0038989235312830157
717,5,97.17605,Forward,0.4562853682407423,346.8321332516971,17035.0,17046.701906861268,ok,0.0006119899256382288,0.0013494663505060308,14459.656681959943,ok,-73.47875043757085,65.06379085771377,-0.10765257790854725,-71.31024952877124,61.27355101329445,-0.10447554085172296,,,0.0038989235312830157
718,5,97.31241666666666,Forward,0.4562773321599589,346.67693815527673,17035.0,17046.69841146966,ok,0.0006110532145317359,0.002703257478923112,14460.389801098881,ok,-73.48224582917828,65.06378573666973,-0.10765769895259195,-70.57713038983275,61.27462509477721,-0.10340145936896998,,,0.0038989235312830157
719,5,97.44776666666667,Forward,0.4563723270625697,346.8288802386123,17035.0,17046.670085453217,ok,0.0006045815104186715,0.0016982033152125326,14460.508533494016,ok,-73.5105718456216,65.06374423666226,-0.10769919896006136,-70.45839799469832,61.274799047768255,-0.10322750637791663,,,0.0038989235312830157
720,5,97.58306666666667,Forward,0.4563786952654896,346.79925911988175,17030.0,17046.674533949892,ok,0.0006196019444350108,0.0023441185657880593,14460.236400319318,ok,-73.50612334894686,65.06375075408576,-0.10769268153656135,-70.73053116939627,61.274400349673684,-0.10362620447248429,,,0.0038989235312830157
721,5,97.7189,Forward,0.4565334562802802,346.77131961923806,17035.0,17046.63748024275,ok,0.0006334561011337082,0.002363118916737276,14460.14247403215,ok,-73.54317705608992,65.06369646727399,-0.10774696834834387,-70.82445745656332,61.27426273972678,-0.10376381441939679,,,0.0038989235312830157
722,5,97.85421666666667,Forward,0.45654284939456624,346.90103788908164,17035.0,17046.662198542715,ok,0.0006156219159892343,0.001624322626379402,14460.379488284267,ok,-73.51845875612344,65.06373268167198,-0.1077107539503436,-70.58744320444748,61.274609985632424,-0.10341656851375208,,,0.0038989235312830157
723,5,97.99058333333333,Forward,0.4563757232461825,346.85108636875157,17035.0,17046.665606700753,ok,0.0006121314529857619,0.001968180509936723,14459.842565883333,ok,-73.51505059808551,65.06373767491147,-0.10770576071084895,-71.12436560538117,61.2738233489483,-0.10420320519787027,,,0.0038989235312830157
724,5,98.12536666666666,Forward,0.4563424861744765,346.89112884154747,17035.0,17046.580428295052,ok,0.0006200484041743724,0.001900387861250233,14460.232049567596,ok,-73.60022900378681,65.06361288135005,-0.10783055427227016,-70.73488192111836,61.2743939754548,-0.1036325786913698,,,0.0038989235312830157
725,5,98.26093333333333,Forward,0.45653124807822587,346.80967941780546,17035.0,17046.57270160882,ok,0.0006076839369914377,0.002944677023510054,14460.121680290496,ok,-73.60795569001857,65.06360156110186,-0.10784187452045874,-70.84525119821774,61.2742322751383,-0.10379427900786804,,,0.0038989235312830157
726,5,98.39731666666667,Forward,0.4565112358187423,346.8378430906778,17035.0,17046.564476865493,ok,0.0006182680673309932,0.0021857053373472647,14460.211083122853,ok,-73.61618043334602,65.06358951115794,-0.10785392446437535,-70.75584836586131,61.27436325784171,-0.10366329630445814,,,0.0038989235312830157
727,5,98.5332,Forward,0.45657081361317453,346.88930894148507,17030.0,17046.488575421343,ok,0.0006139105065608333,0.0015392570071119291,14460.435702141058,ok,-73.6920818774961,65.06347830912904,-0.10796512649327593,-70.53122934765634,61.27469234368236,-0.1033342104638164,,,0.0038989235312830157
728,5,98.66956666666667,Forward,0.45654768723995065,347.0091518485715,17035.0,17046.444964133665,ok,0.0006150994873525742,0.001722121434837335,14460.42333452102,ok,-73.73569316517387,65.0634144149077,-0.10802902071461837,-70.54359696769461,61.274674224074005,-0.10335233007216282,,,0.0038989235312830157
729,5,98.80486666666667,Forward,0.4566189177570497,346.88538053960656,17030.0,17046.422572246538,ok,0.0006233944873757809,0.001471932115258886,14460.105849180321,ok,-73.75808505230088,65.06338160890108,-0.10806182672124076,-70.86108230839272,61.274209081224264,-0.10381747292190908,,,0.0038989235312830157
730,5,98.94016666666667,Forward,0.45666907002875334,346.9099507907631,17035.0,17046.48713178766,ok,0.0006194477003172463,0.002091293726996635,14460.099865512715,ok,-73.69352551117845,65.06347619408372,-0.10796724153859905,-70.86706597599914,61.27420031464564,-0.10382623950053681,,,0.0038989235312830157
731,5,99.07601666666666,Forward,0.4565628142665059,346.9420700443261,17030.0,17046.336440270752,ok,0.000614551539283954,0.0017689713607212836,14460.32747344759,ok,-73.84421702808686,65.06325541827891,-0.10818801734340702,-70.63945804112336,61.274533779501745,-0.10349277464442666,,,0.0038989235312830157
732,5,99.21178333333333,Forward,0.4571798716097194,347.1563132092124,17035.0,17045.93192913671,ok,0.0006294809533942031,0.003151674880572989,14460.060322475136,ok,-74.24872816212883,65.06266277528876,-0.10878066033356411,-70.90660901357842,61.27414238075443,-0.10388417339174201,,,0.0038989235312830157
733,5,99.34813333333334,Forward,0.4570486878756343,347.22581334473944,17035.0,17045.876428137384,ok,0.0006171910116236185,0.002152888766663543,14459.832120767194,ok,-74.30422916145471,65.06258146163523,-0.10886197398708096,-71.1348107215199,61.27380804597061,-0.1042185081755637,,,0.0038989235312830157
734,5,99.4843,Forward,0.4570560447138494,347.25427076036067,17035.0,17045.89341692749,ok,0.0006202053146484234,0.0018115265126103744,14459.70725539074,ok,-74.28724037134816,65.0626063516482,-0.10883708397412312,-71.25967609797408,61.273625107643724,-0.10440144650245094,,,0.0038989235312830157
735,5,99.62038333333334,Forward,0.45707817570509374,347.2249657045977,17035.0,17045.81053264848,ok,0.0006211265712358474,0.001824984944660514,14459.382915196386,ok,-74.37012465035878,65.06248491917623,-0.10895851644610241,-71.58401629232867,61.27314992185417,-0.1048766322919983,,,0.0038989235312830157
736,5,99.75626666666666,Forward,0.45695573299508785,347.0931175636615,17035.0,17046.00126967659,ok,0.0006120943007143238,0.0022730244421346577,14459.853108640315,ok,-74.1793876222473,65.06276436503855,-0.10867907058377435,-71.11382284839965,61.273838794978076,-0.10418775916809206,,,0.0038989235312830157
737,5,99.89208333333333,Forward,0.45702071369531494,347.21962736082423,17035.0,17045.92410937967,ok,0.0006160688649269918,0.0019129366172336017,14459.640277015631,ok,-74.25654791916895,65.06265131868398,-0.10879211693835086,-71.32665447308318,61.27352697866491,-0.10449957548126021,,,0.0038989235312830157
738,5,100.02768333333333,Forward,0.457130753685144,347.1914665058612,17030.0,17045.89576305648,ok,0.0006125557400371227,0.0018253777295321766,14459.830006315115,ok,-74.28489424235886,65.0626097889254,-0.10883364669691983,-71.1369251735996,61.273804948119654,-0.10422160602651909,,,0.0038989235312830157
739,5,100.16298333333333,Forward,0.45704948823215175,347.2095002639726,17035.0,17045.935350614778,ok,0.0006209343622954966,0.002260913034943345,14459.82815518812,ok,-74.24530668406078,65.06266778804323,-0.10877564757909985,-71.13877630059505,61.273802236062195,-0.10422431808397666,,,0.0038989235312830157
740,5,100.29883333333333,Forward,0.45713557508518,347.1903276714402,17035.0,17045.835631606275,ok,0.0006130982152913577,0.002228237488884722,14459.087788916288,ok,-74.34502569256438,65.0625216912701,-0.10892174435222092,-71.87914257242664,61.27271753691741,-0.10530901722875767,,,0.0038989235312830157
741,5,100.43395,Forward,0.4571571545873226,347.2479916502525,17030.0,17045.827537414265,ok,0.0006209262581191148,0.0019470699409033653,14459.7478856609,ok,-74.35311988457397,65.0625098325949,-0.10893360302742607,-71.21904582781463,61.27368463442252,-0.1043419197236511,,,0.0038989235312830157
742,5,100.5695,Forward,0.45729541453651246,347.28102677709467,17035.0,17045.830463295857,ok,0.0006239703729595089,0.00219284346878386,14459.684068617516,ok,-74.35019400298188,65.06251411925865,-0.10892931636367406,-71.28286287119772,61.2735911370618,-0.10443541708436804,,,0.0038989235312830157
743,5,100.70428333333334,Forward,0.4571276554516862,347.28565055529543,17035.0,17045.747349678415,ok,0.0006231028371474966,0.0017938510556005764,14459.68042915273,ok,-74.43330762042388,65.0623923507865,-0.10905108483583306,-71.28650233598455,61.27358580493838,-0.10444074920779388,,,0.0038989235312830157
744,5,100.83948333333333,Forward,0.4568812946462222,346.90854191613107,17030.0,17046.131087538888,ok,0.0006237800217672222,0.0024142813349319818,14459.479826770965,ok,-74.04956975995083,65.06295455917565,-0.10848887644667254,-71.48710471774939,61.273291905499384,-0.10473464864678785,,,0.0038989235312830157
745,5,100.97483333333334,Forward,0.45672959647036937,347.152065995404,17030.0,17046.166561702994,ok,0.0006184059771257342,0.0014350005269481764,14459.925382352601,ok,-74.01409559584499,65.06300653182342,-0.10843690379890157,-71.04154913611274,61.27394468207328,-0.10408187207289278,,,0.0038989235312830157
746,5,101.10986666666666,Forward,0.45693077861131937,347.1133077986415,17035.0,17046.133132570798,ok,0.0006207188160212147,0.0022797472335690044,14460.234594072952,ok,-74.04752472804103,65.0629575553202,-0.10848588030213166,-70.73233741576223,61.27439770337014,-0.1036288507760275,,,0.0038989235312830157
747,5,101.24596666666666,Forward,0.456979849898524,347.2133815566376,17035.0,17046.171027981774,ok,0.0006201307235709343,0.0018663100643772491,14459.734756901593,ok,-74.00962931706454,65.06301307529921,-0.10843036032311419,-71.23217458712134,61.27366539968084,-0.10436115446533753,,,0.0038989235312830157
748,5,101.38235,Forward,0.4572197555881823,347.1763649560453,17035.0,17045.72136074104,ok,0.0006222674661529764,0.002589716558246774,14460.200130870553,ok,-74.45929655779764,65.06235427479733,-0.10908916082499631,-70.76680061816114,61.2743472118667,-0.10367934227947759,,,0.0038989235312830157
749,5,101.51848333333334,Forward,0.4574900419542869,347.39556880993405,17030.0,17045.451928374274,ok,0.0006222968312829184,0.0027008642894158926,14459.651645339394,ok,-74.72872892456508,65.06195953361458,-0.10948390200774354,-71.31528614931995,61.27354363421978,-0.1044829199263913,,,0.0038989235312830157
750,5,101.6538,Forward,0.4574696365652474,347.45526601841993,17035.0,17045.44402011952,ok,0.0006138165239491722,0.0016637007195473565,14459.656958717502,ok,-74.73663717931777,65.06194794735316,-0.10949548826915674,-71.30997277121241,61.27355141876765,-0.10447513537851492,,,0.0038989235312830157
751,5,101.7894,Forward,0.45759264392647925,347.5318378922966,17035.0,17045.44385070897,ok,0.0006185789780715201,0.002211337177222977,14459.386306850303,ok,-74.73680658986996,65.0619476991524,-0.10949573646992988,-71.58062463841088,61.27315489091374,-0.10487166323243416,,,0.0038989235312830157
752,5,101.92443333333334,Forward,0.45747053883323674,347.3795018260862,17030.0,17045.396337485407,ok,0.0006213133669780701,0.0019025307728781158,14459.667685970668,ok,-74.78431981343238,65.06187808826529,-0.1095653473570337,-71.29924551804652,61.27356713509994,-0.10445941904623778,,,0.0038989235312830157
753,5,102.06106666666666,Forward,0.45752565481861607,347.4919037056243,17035.0,17045.474776542163,ok,0.0006225352001654042,0.00232618503188099,14460.19577643494,ok,-74.70588075667547,65.06199300811107,-0.10945042751125093,-70.77115505377333,61.2743408322506,-0.10368572189557336,,,0.0038989235312830157
754,5,102.19613333333334,Forward,0.45699472965543464,347.1841736682363,17035.0,17046.05142944007,ok,0.0006238067689450535,0.0023521901658855654,14460.339042950243,ok,-74.12922785876799,65.06283785333025,-0.1086055822920754,-70.62788853847087,61.27455072980069,-0.10347582434548658,,,0.0038989235312830157
755,5,102.33251666666666,Forward,0.4570553586076866,347.20668526332156,17035.0,17046.008621003763,ok,0.0006176280346021902,0.0013712168531539552,14459.937206369377,ok,-74.1720362950764,65.062775135354,-0.10866830026832554,-71.02972511933694,61.27396200525692,-0.10406454888925713,,,0.0038989235312830157
756,5,102.46755,Forward,0.4569481400959796,347.1403743850533,17035.0,17046.030888856865,ok,0.0006128993212541065,0.001967665205069803,14460.042498737483,ok,-74.14976844197372,65.0628077596403,-0.10863567598202893,-70.9244327512315,61.27411626747276,-0.10391028667340363,,,0.0038989235312830157
757,5,102.60285,Forward,0.45705250654784213,347.24290573779217,17030.0,17045.99221602708,ok,0.0006228006702624436,0.0027623661030462604,14460.504812379806,ok,-74.18844127175907,65.06275110067703,-0.10869233494528865,-70.46211910890815,61.274793596021524,-0.10323295812464607,,,0.0038989235312830157
758,5,102.7379,Forward,0.4571010094573128,347.21319721646796,17035.0,17045.978914209234,ok,0.0006180482884074303,0.002207367608108477,14460.189009621,ok,-74.20174308960486,65.06273161238997,-0.10871182323235724,-70.7779218677133,61.27433091829642,-0.10369563584975096,,,0.0038989235312830157
759,5,102.87348333333334,Forward,0.45717979187705987,347.2654854661341,17035.0,17045.944346408138,ok,0.0006090563530566468,0.002248039139317615,14460.068681077104,ok,-74.23631089070113,65.06268096764059,-0.10876246798173693,-70.8982504116102,61.27415462681256,-0.10387192733360641,,,0.0038989235312830157
760,5,103.00933333333333,Forward,0.45716343044591007,347.1329334844959,17030.0,17045.982170168078,ok,0.0006166467452049435,0.0027868158663307266,14459.737652711101,ok,-74.19848713076135,65.06273638264477,-0.10870705297754234,-71.22927877761322,61.27366964228644,-0.10435691185972945,,,0.0038989235312830157
761,5,103.14598333333333,Forward,0.45705856537264866,347.19747444317545,17035.0,17045.95471132047,ok,0.0006191521844598492,0.0027109598693522362,14459.960021795907,ok,-74.22594597836724,65.06269615311292,-0.1087472825093943,-71.00690969280731,61.27399543178455,-0.10403112236162335,,,0.0038989235312830157
762,5,103.28155,Forward,0.4571359078404337,347.1178690544075,17035.0,17045.97561302075,ok,0.0006217418969788687,0.003083265724416395,14460.350198453747,ok,-74.20504427808919,65.0627267758699,-0.10871665975241758,-70.61673303496718,61.27456707355589,-0.10345948059027996,,,0.0038989235312830157
763,5,103.41658333333334,Forward,0.4572174883709046,347.19888536871076,17035.0,17045.940371633842,ok,0.0006241858409197969,0.0025521267817317263,14460.110559220217,ok,-74.24028566499692,65.0626751442604,-0.10876829136192505,-70.85637226849758,61.27421598183068,-0.10381057231549233,,,0.0038989235312830157
764,5,103.55375,Forward,0.45717664862348684,347.1374539745302,17035.0,17045.98106829741,ok,0.0006063000586232298,0.0013669663058337221,14460.2537510569,ok,-74.19958900142956,65.06273476831115,-0.10870866731117278,-70.71318043181418,61.27442576997028,-0.10360078417589237,,,0.0038989235312830157
765,5,103.68881666666667,Forward,0.4572218366359343,347.24190562107106,17030.0,17045.950970536534,ok,0.0006180278977974261,0.002759566000140908,14460.41384813686,ok,-74.22968676230448,65.06269067254838,-0.10875276307393637,-70.55308335185327,61.27466032571967,-0.10336622842649833,,,0.0038989235312830157
766,5,103.82411666666667,Forward,0.4572504689078437,347.2302215795389,17030.0,17045.970044547295,ok,0.000615579634968007,0.0022954874090164727,14459.623562328103,ok,-74.21061275154352,65.06271861758579,-0.10872481803653107,-71.34336916061147,61.27350249023539,-0.10452406391078087,,,0.0038989235312830157
767,5,103.95995,Forward,0.45746614606931624,347.23117787183946,17035.0,17045.936791569497,ok,0.0006278622977950158,0.003058318854524414,14460.180094969106,ok,-74.24386572934236,65.06266989916364,-0.10877353645868527,-70.78683651960819,61.27431785757816,-0.10370869656801204,,,0.0038989235312830157
768,5,104.09525,Forward,0.45723213496044635,347.1811157921329,17035.0,17045.956268495633,ok,0.0006178714845585174,0.0022430769670423296,14459.714971778541,ok,-74.22438880320624,65.0626984345061,-0.10874500111621141,-71.25195971017274,61.27363641280384,-0.10439014134233308,,,0.0038989235312830157
769,5,104.2316,Forward,0.45729379189309927,347.28567252598805,17030.0,17045.931544986197,ok,0.0006176247786045789,0.0024425646255170083,14460.11439381164,ok,-74.24911231264196,65.0626622124758,-0.10878122314652428,-70.852537677074,61.274221599831115,-0.1038049543150566,,,0.0038989235312830157
770,5,104.36743333333334,Forward,0.4572954550068776,347.16647089039907,17035.0,17045.982419473694,ok,0.0006181169526370042,0.0024422738142908075,14460.25511693551,ok,-74.19823782514504,65.06273674789857,-0.1087066877237496,-70.71181455320402,61.27442777109785,-0.10359878304831986,,,0.0038989235312830157
771,5,104.50275,Forward,0.4573695670743839,347.1551775220905,17035.0,17045.945836436702,ok,0.0006197461448306519,0.001806771811997035,14460.092228850192,ok,-74.23482086213698,65.06268315065833,-0.1087602849639919,-70.87470263852265,61.274189126289784,-0.10383742785638633,,,0.0038989235312830157
772,5,104.63831666666667,Forward,0.4573507273448463,347.17225231120756,17040.0,17045.913742342225,ok,0.0006271170361268125,0.002265294565564447,14460.017978605028,ok,-74.26691495661362,65.06263613009816,-0.10880730552416032,-70.9489528836857,61.27408034340692,-0.10394621073925443,,,0.0038989235312830157
773,5,104.77423333333333,Forward,0.45733631949538667,347.1251550394736,17035.0,17045.9458305471,ok,0.0006126532227535473,0.001892703758989589,14460.214409325947,ok,-74.23482675173727,65.06268314202957,-0.10876029359275395,-70.75252216276749,61.27436813101029,-0.1036584231358813,,,0.0038989235312830157
774,5,104.909,Forward,0.45744486723061634,347.17533137938517,17030.0,17045.942092110417,ok,0.0006235034552261246,0.0021047040887904114,14459.722216802518,ok,-74.23856518842149,65.06267766490396,-0.108765770718372,-71.24471468619595,61.27364702737613,-0.10437952677004564,,,0.0038989235312830157
775,5,105.0459,Forward,0.45729116061302877,347.1244132568645,17035.0,17045.981557401083,ok,0.0006308227178333427,0.0026067787259485076,14460.199924441671,ok,-74.19909989775624,65.06273548488936,-0.10870795073296502,-70.76700704704308,61.27434690943094,-0.10367964471523164,,,0.0038989235312830157
776,5,105.1815,Forward,0.4573632119069353,347.15782077473705,17035.0,17045.948472550303,ok,0.0006215602012903302,0.00207145068561422,14460.17343985907,ok,-74.23218474853638,65.06268701278749,-0.1087564228348311,-70.79349162964354,61.27430810727964,-0.10371844686653106,,,0.0038989235312830157
777,5,105.3168,Forward,0.4572533549933867,347.1318876683363,17035.0,17045.925828388168,ok,0.0006215323776083552,0.0020368687722921927,14459.64036885072,ok,-74.25482891067077,65.06265383717667,-0.10878959844565503,-71.32656263799436,61.273527113211074,-0.10449944093509557,,,0.0038989235312830157
778,5,105.45211666666667,Forward,0.4572951108382795,346.9983173744804,17035.0,17045.931912870263,ok,0.0006160355830476689,0.0021477450598734234,14460.12442092723,ok,-74.24874442857617,65.06266275145704,-0.10878068416528389,-70.84251056148423,61.27423629040268,-0.10379026374348595,,,0.0038989235312830157
779,5,105.58716666666666,Forward,0.45728908856247985,347.1001506995417,17035.0,17045.972337991392,ok,0.0006097503165987695,0.0022123136987091266,14460.257839435959,ok,-74.2083193074468,65.06272197767518,-0.10872145794714698,-70.7090920527553,61.27443175979104,-0.10359479435512738,,,0.0038989235312830157
780,5,105.72328333333333,Forward,0.4573249160298348,347.02325479244246,17035.0,17045.95817190645,ok,0.0006234258720252923,0.0019362561226404693,14460.206876292243,ok,-74.22248539238717,65.06270122316378,-0.10874221245853458,-70.76005519647151,61.27435709447941,-0.10366945966675425,,,0.0038989235312830157
781,5,105.85991666666666,Forward,0.4572575795870596,347.1987817600166,17035.0,17045.957964943955,ok,0.0006197803931074121,0.002028190973495812,14460.1564507139,ok,-74.2226923548842,65.06270091994624,-0.10874251567607983,-70.810480774815,61.27428321674648,-0.10374333739968901,,,0.0038989235312830157
782,5,105.99525,Forward,0.45749504696644117,347.15819571679094,17035.0,17045.895795885543,ok,0.0006237096504211745,0.0028201342499770297,14459.474842486168,ok,-74.28486141329631,65.06260983702275,-0.10883359859956934,-71.49208900254598,61.27328460310102,-0.10474195104515728,,,0.0038989235312830157
783,5,106.13081666666666,Forward,0.45744263359088155,347.1497602520649,17035.0,17045.992808268576,ok,0.0006071236187561377,0.0012668265282402876,14460.436895388973,ok,-74.18784903026244,65.06275196836087,-0.10869146726145519,-70.53003609974076,61.27469409189138,-0.10333246225479772,,,0.0038989235312830157
784,5,106.26558333333334,Forward,0.45751412641031103,346.9464395585819,17035.0,17045.95950130977,ok,0.0006211509413999458,0.002415857168428758,14460.14810136491,ok,-74.22115598906748,65.06270317085198,-0.10874026477034456,-70.81883012380422,61.274270984244744,-0.10375556990142855,,,0.0038989235312830157
785,5,106.40141666666666,Forward,0.4574684372921256,346.9942954946673,17035.0,17045.92644985301,ok,0.0006176882444631769,0.0018498216515089668,14460.698503602609,ok,-74.2542074458288,65.06265474767517,-0.10878868794715145,-70.2684278861052,61.27507737002869,-0.1029491841174831,,,0.0038989235312830157
786,5,106.53753333333333,Forward,0.4574716983179685,347.1424126268612,17035.0,17045.968524792035,ok,0.0006169264719259531,0.0015696739612391425,14460.236784950313,ok,-74.21213250680375,65.06271639101593,-0.1087270446063976,-70.73014653840073,61.2744009131906,-0.10362564095557679,,,0.0038989235312830157
787,5,106.67338333333333,Forward,0.4573177450104151,346.89270935995955,17035.0,17045.961640216086,ok,0.0006207799557764086,0.0018035565824143706,14460.254581045068,ok,-74.21901708275254,65.06270630453045,-0.1087371310918683,-70.71235044364585,61.27442698597308,-0.10359956817309669,,,0.0038989235312830157
788,5,106.8095,Forward,0.4573184152606513,347.0236722952177,17035.0,17045.98181688927,ok,0.000615658066094793,0.002056837852823072,14459.838354444626,ok,-74.19884040956822,65.06273586506148,-0.10870757056084436,-71.12857704408816,61.273817178834754,-0.10420937531141752,,,0.0038989235312830157
789,5,106.9454,Forward,0.45748169708968345,347.13081412315296,17030.0,17045.98549598131,ok,0.0006161318947346902,0.0017519797054708932,14460.055159033684,ok,-74.19516131752971,65.06274125524217,-0.10870218038014653,-70.91177245503059,61.27413481587642,-0.10389173826974954,,,0.0038989235312830157
790,5,107.08095,Forward,0.45734297417666203,347.1084900912392,17035.0,17045.969104102838,ok,0.0006261190641497169,0.003018626038516914,14460.056080921728,ok,-74.21155319600075,65.0627172397552,-0.10872619586712287,-70.91085056698648,61.2741361665203,-0.10389038762587086,,,0.0038989235312830157
791,5,107.21626666666667,Forward,0.4574848594190807,347.1515518650158,17035.0,17045.96217867324,ok,0.0006111104892548322,0.001846805572349092,14459.7469500856,ok,-74.21847862560026,65.06270709341568,-0.10873634220664377,-71.2199814031137,61.27368326372566,-0.1043432904205148,,,0.0038989235312830157
792,5,107.35158333333334,Forward,0.45737899086781786,347.00573550163244,17035.0,17045.996669922788,ok,0.0006163725311933846,0.0021529211765082988,14459.992961882841,ok,-74.18398737605094,65.06275762601058,-0.10868580961174852,-70.97396960587321,61.27404369179515,-0.1039828623510234,,,0.0038989235312830157
793,5,107.48661666666666,Forward,0.45745748238611206,347.10571716768027,17035.0,17045.999902781547,ok,0.0006115201989274716,0.0021315052190522886,14460.414095362226,ok,-74.18075451729237,65.06276236242181,-0.10868107320050988,-70.55283612648782,61.274660687925724,-0.10336586622044885,,,0.0038989235312830157
794,5,107.62278333333333,Forward,0.457369474754408,346.97353570028645,17035.0,17045.994872228224,ok,0.0006248028629214838,0.002335593685187932,14460.219379864753,ok,-74.18578507061466,65.06275499223614,-0.10868844338617888,-70.74755162396104,61.274375413269624,-0.10365114087654889,,,0.0038989235312830157
795,5,107.7586,Forward,0.4574467996856841,347.17680512766674,17035.0,17046.00994850787,ok,0.0006289197751220645,0.00245007709663497,14460.485761092626,ok,-74.17070879096718,65.06277708025968,-0.10866635536263934,-70.48117039608769,61.27476568427609,-0.10326086987008458,,,0.0038989235312830157
796,5,107.8939,Forward,0.45748866494377793,347.2146075302844,17035.0,17045.88341614001,ok,0.0006217675075704958,0.0020864133825010773,14460.555909695886,ok,-74.29724115883073,65.06259169964953,-0.10885173597279216,-70.41102179282825,61.274868457907004,-0.10315809623916963,,,0.0038989235312830157
797,5,108.02868333333333,Forward,0.4576127251385408,347.20778655556205,17030.0,17045.925940087676,ok,0.0006167564160311385,0.0016315801122113445,14460.265562321652,ok,-74.25471721116264,65.06265400082589,-0.10878943479643767,-70.70136916706178,61.27444307447112,-0.10358347967504847,,,0.0038989235312830157
798,5,108.16506666666666,Forward,0.4575522284554059,347.18140659848723,17035.0,17045.922491951736,ok,0.0006223349817969916,0.0025767989368250376,14459.847355448044,ok,-74.25816534710248,65.06264894901538,-0.10879448660693651,-71.11957604066993,61.2738303660653,-0.10419618808087855,,,0.0038989235312830157
799,5,108.30118333333333,Forward,0.4576167164966471,347.1978034285494,17035.0,17045.932756561113,ok,0.0006185654990503323,0.0015525184741694202,14459.659320107778,ok,-74.24790073772601,65.06266398753542,-0.10877944808690154,-71.30761138093658,61.273554878403935,-0.10447167574223738,,,0.0038989235312830157
800,5,108.43675,Forward,0.4575018102181908,347.28351897590255,17035.0,17045.89610291144,ok,0.0006119681477086526,0.0020087805879749868,14460.467754198828,ok,-74.28455438739911,65.06261028684163,-0.10883314878068809,-70.49917728988657,61.27473930265519,-0.1032872514909754,,,0.0038989235312830157
801,5,108.57206666666667,Forward,0.45747828988242634,347.12379987693566,17030.0,17045.9048007379,ok,0.0006101945418733179,0.001983305581034358,14460.567675932401,ok,-74.27585656094016,65.06262302989231,-0.10882040573001109,-70.39925555631271,61.27488569643768,-0.10314085770849733,,,0.0038989235312830157
802,5,108.7079,Forward,0.45749283853056666,347.1414993476319,17035.0,17045.89382757034,ok,0.0006198820497687854,0.00217360806721767,14459.994763964803,ok,-74.28682972849856,65.06260695327467,-0.10883648234765157,-70.97216752391068,61.27404633199749,-0.10398022214868309,,,0.0038989235312830157
803,5,108.8438,Forward,0.45763816154247977,346.99881536943576,17035.0,17045.87983263304,ok,0.0006190137293931843,0.001577200559187245,14460.36283252223,ok,-74.30082466579915,65.06258644950904,-0.10885698611328593,-70.60409896648343,61.27458558353372,-0.1034409706124476,,,0.0038989235312830157
804,5,108.97936666666666,Forward,0.4575368163680293,347.0763035144846,17035.0,17045.92164960286,ok,0.0006114234342828603,0.001938292468126825,14460.264261447777,ok,-74.25900769597865,65.06264771490311,-0.10879572071921359,-70.70267004093694,61.27444116858098,-0.10358538556519167,,,0.0038989235312830157
805,5,109.1147,Forward,0.4575901616385355,347.1662117249034,17035.0,17045.875977297652,ok,0.0006252515412686656,0.0030001932949847055,14460.658432237002,ok,-74.30468000118708,65.06258080111694,-0.10886263450538215,-70.30849925171242,61.27501866209228,-0.10300789205388981,,,0.0038989235312830157
806,5,109.25053333333334,Forward,0.45761156310614404,347.1193013588745,17035.0,17045.875977098985,ok,0.0006195935467435278,0.0022460698932192267,14460.28327551997,ok,-74.30468019985346,65.06258080082588,-0.10886263479644519,-70.68365596874355,61.27446902580332,-0.10355752834285233,,,0.0038989235312830157
807,5,109.38651666666667,Forward,0.45765798513835654,347.1590480979685,17035.0,17045.84891546428,ok,0.0006238240889405844,0.002026869855317882,14460.304797679066,ok,-74.33174183455776,65.0625411532445,-0.10890228237783421,-70.66213380964837,61.27450055758489,-0.1035259965612834,,,0.0038989235312830157
808,5,109.52155,Forward,0.4575887196747463,347.1271722926249,17030.0,17045.824874365473,ok,0.0006219566203362395,0.001642816601756522,14460.240790450573,ok,-74.35578293336584,65.0625059310034,-0.10893750461891795,-70.72614103814158,61.27440678158692,-0.10361977255925617,,,0.0038989235312830157
809,5,109.65715,Forward,0.45772516749367476,347.12818044267624,17035.0,17045.85223401002,ok,0.0006214393608758434,0.0019666897520989705,14460.274103714015,ok,-74.32842328881816,65.06254601519439,-0.10889742042792831,-70.69282777469925,61.27445558833263,-0.10357096581354049,,,0.0038989235312830157
810,5,109.79418333333334,Forward,0.4575820482899461,347.18251811133814,17030.0,17045.86140433811,ok,0.0006256992078649178,0.0020323819655063786,14460.857461683607,ok,-74.3192529607295,65.06255945049989,-0.10888398512244023,-70.10946980510744,61.27531025704836,-0.1027162970978087,,,0.0038989235312830157
811,5,109.93028333333334,Forward,0.45751693081956446,347.06414240894446,17035.0,17045.88617033219,ok,0.0006132175086223141,0.0018509905263834339,14460.413019405878,ok,-74.29448696664986,65.0625957347738,-0.10884770084853432,-70.55391208283618,61.27465911155876,-0.10336744258741112,,,0.0038989235312830157
812,5,110.06533333333333,Forward,0.4575621710713228,347.03488665828263,17035.0,17045.886924280476,ok,0.0006130066024964411,0.0018992472205572374,14460.44849593113,ok,-74.29373301836313,65.06259683937174,-0.10884659625059011,-70.51843555758387,61.27471108766581,-0.10331546648036105,,,0.0038989235312830157
813,5,110.20116666666667,Forward,0.4574581609808035,346.9904134145145,17035.0,17045.867891194113,ok,0.0006147253512785086,0.001655373542879207,14459.981465300933,ok,-74.3127661047256,65.06256895429203,-0.10887448133029375,-70.98546618778164,61.27402684833126,-0.10399970581491205,,,0.0038989235312830157
814,5,110.3369,Forward,0.4574974971820587,347.0976213020658,17035.0,17045.890814041562,ok,0.0006106720529241909,0.001407371588887226,14460.601432008822,ok,-74.28984325727652,65.0626025382004,-0.10884089742193653,-70.3654994798926,61.27493515194182,-0.10309140220435414,,,0.0038989235312830157
815,5,110.47273333333334,Forward,0.45741244553349875,347.06429951546306,17035.0,17045.897106019842,ok,0.0006174022052419534,0.0013890997005349395,14460.273681827915,ok,-74.28355127899704,65.06261175648021,-0.10883167914212236,-70.69324966079876,61.27445497023385,-0.10357158391232313,,,0.0038989235312830157
816,5,110.60751666666667,Forward,0.45755131920691167,347.14439615159426,17035.0,17045.85139036669,ok,0.0006147379365478865,0.001690628887977959,14460.247265696018,ok,-74.32926693214904,65.06254477918563,-0.1088986564366909,-70.7196657926961,61.27441626836861,-0.10361028577755882,,,0.0038989235312830157
817,5,110.74415,Forward,0.4575334797208637,347.1663013530342,17035.0,17045.87164932851,ok,0.000615457175421378,0.002211645109304049,14460.17599390524,ok,-74.30900797032882,65.06257446027647,-0.10886897534586246,-70.79093758347335,61.27431184917308,-0.10371470497309002,,,0.0038989235312830157
818,5,110.87946666666667,Forward,0.45759662071954077,347.09403875621865,17035.0,17045.838020374074,ok,0.0006112460271662368,0.002220351399031321,14460.32048842283,ok,-74.34263692476452,65.06252519101676,-0.10891824460555745,-70.64644306588343,61.27452354585028,-0.10350300829589322,,,0.0038989235312830157
819,5,111.0148,Forward,0.4575836522423635,347.11198553004215,17035.0,17045.839181151405,ok,0.000618473250663583,0.0022954357085579894,14460.176641197328,ok,-74.34147614743415,65.06252689165363,-0.10891654396868967,-70.79029029138655,61.27431279751068,-0.10371375663549054,,,0.0038989235312830157
820,5,111.15011666666666,Forward,0.4575446822034112,347.14228464334883,17035.0,17045.827154233688,ok,0.0006217505599092266,0.0016570355337905498,14460.402911854295,ok,-74.35350306515102,65.06250927120297,-0.10893416441934792,-70.56401963441931,61.27464430314166,-0.10338225100450842,,,0.0038989235312830157
821,5,111.28623333333333,Forward,0.45748274247019804,347.10684818994196,17035.0,17045.791571371283,ok,0.0006120937691015883,0.0011933305187034062,14460.481009556292,ok,-74.38908592755615,65.062457139303,-0.10898629631931174,-70.48592193242257,61.274758722873884,-0.10326783127229175,,,0.0038989235312830157
822,5,111.4226,Forward,0.45760911745488964,347.1275426604734,17035.0,17045.666837607838,ok,0.0006134662931150636,0.0018586647637560572,14460.108483078864,ok,-74.51381969100112,65.0622743938003,-0.10916904182201996,-70.8584484098501,61.27421294010818,-0.10381361403799537,,,0.0038989235312830157
823,5,111.55845,Forward,0.4575275067080399,347.1035309112922,17035.0,17045.71060470861,ok,0.0006293807433012644,0.002319909268724939,14459.898469590287,ok,-74.4700525902299,65.062338516301,-0.10910491932133035,-71.0684618984269,61.27390525260252,-0.10412130154365143,,,0.0038989235312830157
824,5,111.69401666666667,Forward,0.45758117704696344,347.1553757264264,17035.0,17045.660202756233,ok,0.0006096526888863179,0.0021044754426185718,14460.05002740196,ok,-74.52045454260588,65.0622646731821,-0.10917876244022644,-70.91690408675458,61.274127297602355,-0.10389925654381756,,,0.0038989235312830157
825,5,111.83038333333333,Forward,0.4578522969769132,347.1778772653379,17035.0,17045.41836121264,ok,0.0006205138344732862,0.0027562785227740272,14459.754305921197,ok,-74.76229608619906,65.06191035488656,-0.10953308073576289,-71.21262556751753,61.27369404064633,-0.10433251349984204,,,0.0038989235312830157
826,5,111.9663,Forward,0.4577402881486319,347.29933142881055,17035.0,17045.396525777447,ok,0.0006246002747888116,0.002803652494426174,14460.09526902594,ok,-74.78413152139183,65.06187836412903,-0.10956507149328475,-70.87166246277411,61.27419358040413,-0.10383297374203794,,,0.0038989235312830157
827,5,112.10165,Forward,0.4578310818590664,347.3204553868891,17035.0,17045.44626205408,ok,0.0006108350438300218,0.0009640860892909633,14460.237871996722,ok,-74.73439524475907,65.06195123197672,-0.10949220364559811,-70.7290594919923,61.27440250580543,-0.10362404834073949,,,0.0038989235312830157
828,5,112.23645,Forward,0.45780760178420343,347.37763830786207,17030.0,17045.42320446794,ok,0.0006180142197798356,0.0021072381104556654,14459.9505625003,ok,-74.75745283089782,65.0619174506648,-0.1095259849575203,-71.01636898841389,61.273981573117226,-0.1040449810289412,,,0.0038989235312830157
829,5,112.37228333333333,Forward,0.45787732574470646,347.27134193337406,17035.0,17045.35771055392,ok,0.0006101928969579808,0.0014671975716689773,14459.879197396787,ok,-74.82294674492005,65.06182149654691,-0.10962193907540917,-71.0877340919269,61.27387701721066,-0.10414953693551468,,,0.0038989235312830157
