scan_index,channel_id,time_min,direction,DipDepth,CentroidWidthMotor,RawMinimumMotor,SPRMotor,SPRQuality,TIREdgeSlope,TIRMotor,TIRQuality,DeltaSPRMotor,SPRAngleEmpirical,DeltaSPRAngle,DeltaTIRMotor,TIRAngleEmpirical,DeltaTIRAngle,BulkSensitivity,PureKineticsCandidate,AngleCalibrationRMSEDeg
0,6,0.14448333333333332,Forward,0.6110405250092811,287.6106407638272,16230.0,16247.142786569972,ok,0.0005367560272466369,14456.74604019644,ok,-79.4699183837165,63.92238237151824,-0.11547104592157506,-67.31327351484833,61.320907635881696,-0.09780724902263443,,,0.0032809664999374553
1,6,0.28031666666666666,Forward,0.6116776154706809,287.8513519589105,16235.0,16246.628933953292,ok,0.0005273954850639741,14455.8364164018,ok,-79.98377100039579,63.921635735554545,-0.11621768188527391,-68.22289730948796,61.31958593814879,-0.09912894675554304,,,0.0032809664999374553
2,6,0.4159,Forward,0.6117608478915643,287.81415394661235,16235.0,16246.533947041044,ok,0.0005353835150488192,14456.242407638409,ok,-80.0787579126445,63.921497718071585,-0.11635569936823219,-67.81690607287965,61.32017584982455,-0.0985390350797842,,,0.0032809664999374553
3,6,0.5517166666666666,Forward,0.6116463737906241,287.86250334490614,16235.0,16246.469942268579,ok,0.0005265609160383393,14455.468561678454,ok,-80.14276268510912,63.921404718126816,-0.11644869931300092,-68.59075203283464,61.31905143942882,-0.09966344547551072,,,0.0032809664999374553
4,6,0.6867666666666666,Forward,0.6117025992524576,287.8800025029341,16230.0,16246.420175618274,ok,0.0005297585737329658,14455.639558500186,ok,-80.19252933541429,63.92133240639831,-0.11652101104150936,-68.4197552111018,61.31929990051015,-0.09941498439418159,,,0.0032809664999374553
5,6,0.82235,Forward,0.6117199178116416,287.81838549519125,16235.0,16246.336720562904,ok,0.0005306056392038886,14455.298482640908,ok,-80.27598439078429,63.92121114488543,-0.11664227255438127,-68.76083107037994,61.318804311902404,-0.09991057300192722,,,0.0032809664999374553
6,6,0.9581833333333334,Forward,0.6117388706029481,287.8145643586304,16230.0,16246.357335173678,ok,0.000526569263403388,14454.203826640278,ok,-80.25536978001037,63.921241098240316,-0.11661231919950506,-69.85548707101043,61.31721375945328,-0.10150112545105408,,,0.0032809664999374553
7,6,1.0948333333333333,Forward,0.6115476396123489,287.85237461340694,16230.0,16246.384002140274,ok,0.0005401404419824514,14455.591856816525,ok,-80.2287028134142,63.92127984576374,-0.1165735716760768,-68.46745689476302,61.319230589210775,-0.09948429569355885,,,0.0032809664999374553
8,6,1.2304333333333333,Forward,0.6116828969702515,287.9186184097289,16235.0,16246.330328881328,ok,0.0005289776670670774,14455.942864067925,ok,-80.28237607236042,63.92120185767121,-0.1166515597686103,-68.11644964336301,61.31974060828805,-0.09897427661628343,,,0.0032809664999374553
9,6,1.3668,Forward,0.6116028436553586,287.8214024066092,16235.0,16246.32693943521,ok,0.0005253654440878708,14455.458873363068,ok,-80.285765518478,63.921196932752494,-0.11665648468732485,-68.60044034822022,61.31903736215362,-0.09967752275070545,,,0.0032809664999374553
10,6,1.5034,Forward,0.6115908221642683,287.74697677149015,16235.0,16246.303699118493,ok,0.0005385482302772467,14455.931911912017,ok,-80.30900583519542,63.92116316420543,-0.1166902532343863,-68.12740179927096,61.319724694632626,-0.09899019027170812,,,0.0032809664999374553
11,6,1.63895,Forward,0.6115589665456537,287.7508172727703,16235.0,16246.332719663293,ok,0.0005268528176757342,14455.433225424724,ok,-80.27998529039542,63.92120533151514,-0.11664808592467434,-68.62608828656448,61.319000095294335,-0.09971478960999734,,,0.0032809664999374553
12,6,1.7745166666666667,Forward,0.611464250527116,287.81496328338835,16235.0,16246.315951187338,ok,0.0005260510075766913,14454.971611202533,ok,-80.29675376634987,63.92118096665487,-0.11667245078494287,-69.08770250875568,61.31832936254246,-0.1003855223618711,,,0.0032809664999374553
13,6,1.9103666666666668,Forward,0.6117238832839125,287.8747012332951,16235.0,16246.266997787097,ok,0.0005260397139207162,14455.14119583067,ok,-80.34570716659073,63.92110983659155,-0.11674358084826993,-68.9181178806175,61.31857577168421,-0.10013911322012785,,,0.0032809664999374553
14,6,2.0468166666666665,Forward,0.6114450970791792,287.80265138795403,16230.0,16246.256201313747,ok,0.0005399141718739186,14455.795783913607,ok,-80.35650363994137,63.92109414914533,-0.11675926829448124,-68.26352979768126,61.31952689850202,-0.09918798640231129,,,0.0032809664999374553
15,6,2.1837,Forward,0.6115437158672263,287.789151095938,16230.0,16246.26757596757,ok,0.0005264114003616642,14455.369947589006,ok,-80.34512898611865,63.9211106766969,-0.11674274074291686,-68.68936612228208,61.31890815160014,-0.09980673330419726,,,0.0032809664999374553
16,6,2.3187166666666665,Forward,0.6114664030751112,287.80702939783623,16235.0,16246.255585811485,ok,0.0005284221568793006,14455.623813451806,ok,-80.35711914220337,63.921093254810835,-0.11676016262898424,-68.43550025948207,61.3192770227063,-0.09943786219802903,,,0.0032809664999374553
17,6,2.4539833333333334,Forward,0.6113975453012309,287.9134207751067,16235.0,16246.227945873896,ok,0.0005331285993205013,14455.879463436198,ok,-80.38475907979227,63.9210530935452,-0.11680032389462425,-68.17985027508985,61.319648486169314,-0.09906639873502322,,,0.0032809664999374553
18,6,2.5890166666666667,Forward,0.6115625366963046,287.9341987050593,16235.0,16246.199030484584,ok,0.0005245387913034028,14454.214636266717,ok,-80.41367446910408,63.92101107902806,-0.11684233841175187,-69.84467744457106,61.317229466011135,-0.1014854188931972,,,0.0032809664999374553
19,6,2.7235833333333335,Forward,0.6115481223632077,287.94668258599995,16235.0,16246.222347332501,ok,0.0005331502885900029,14455.41718345428,ok,-80.39035762118692,63.921044958776164,-0.1168084586636491,-68.64213025700883,61.318976786058045,-0.0997380988462911,,,0.0032809664999374553
20,6,2.8588833333333334,Forward,0.6114399018689738,287.9042559182981,16235.0,16246.28148271547,ok,0.000524687515901804,14455.420472405734,ok,-80.33122223821738,63.92113088342113,-0.11672253401868475,-68.6388413055538,61.318981564956424,-0.09973331994790764,,,0.0032809664999374553
21,6,2.9933833333333335,Forward,0.6114866630864934,287.9372011380801,16235.0,16246.28953715123,ok,0.0005269020378403371,14454.011317990273,ok,-80.32316780245856,63.92114258664344,-0.11671083079638007,-70.04799572101547,61.31693404134589,-0.10178084355844788,,,0.0032809664999374553
22,6,3.127883333333333,Forward,0.6113379058708419,287.96993324685536,16235.0,16246.267531280027,ok,0.0005236869628432219,14455.0973737845,ok,-80.34517367366061,63.9211106117652,-0.11674280567462077,-68.96193992678855,61.31851209755935,-0.10020278734498804,,,0.0032809664999374553
23,6,3.2629333333333332,Forward,0.6114874186713296,287.8683482166034,16235.0,16246.281428766059,ok,0.0005241963631856768,14455.16465974437,ok,-80.33127618762956,63.92113080503179,-0.11672261240803229,-68.89465396691776,61.31860986512121,-0.1001050197831214,,,0.0032809664999374553
24,6,3.3979833333333334,Forward,0.6114457684546745,287.9547150970684,16235.0,16246.291588993545,ok,0.0005252877392008565,14455.262477868831,ok,-80.32111596014329,63.921145568002714,-0.11670784943710566,-68.79683584245686,61.31875199640021,-0.09996288850412538,,,0.0032809664999374553
25,6,3.5335833333333335,Forward,0.6113583731637575,287.887860764431,16230.0,16246.294297745286,ok,0.0005375406850655658,14455.390836858674,ok,-80.31840720840228,63.921149503861756,-0.11670391357806568,-68.66847685261382,61.31893850403873,-0.09977638086561182,,,0.0032809664999374553
26,6,3.668083333333333,Forward,0.6115050065377043,287.9094098375099,16235.0,16246.260232216615,ok,0.0005227662772125072,14455.74665118,ok,-80.35247273707319,63.921100006110834,-0.11675341132898205,-68.31266253128888,61.31945550786448,-0.09925937703985119,,,0.0032809664999374553
27,6,3.803383333333333,Forward,0.6116437232739773,288.0042561564169,16235.0,16246.299966387767,ok,0.0005280500489257632,14455.240360671038,ok,-80.31273856592088,63.921157740488766,-0.11669567695105518,-68.81895304025056,61.31871985976267,-0.09999502514166113,,,0.0032809664999374553
28,6,3.9384166666666665,Forward,0.6114684741075683,287.8450000880475,16235.0,16246.33490817396,ok,0.0005202467931101006,14453.838183135944,ok,-80.2777967797283,63.92120851145569,-0.11664490598412725,-70.22113057534443,61.316682473669445,-0.1020324112348901,,,0.0032809664999374553
29,6,4.072666666666667,Forward,0.6113540008444832,287.9701485703372,16230.0,16246.321459144187,ok,0.0005143565651056026,14454.792212557493,ok,-80.29124580950156,63.921188969803126,-0.11666444763669383,-69.26710115379501,61.31806869347923,-0.10064619142509551,,,0.0032809664999374553
30,6,4.2077,Forward,0.6116074956186212,287.99534346063956,16230.0,16246.365572732491,ok,0.0005286401247925802,14455.361594697011,ok,-80.24713222119681,63.921253067543304,-0.11660034989651107,-68.69771901427703,61.31889601471621,-0.09981887018812445,,,0.0032809664999374553
31,6,4.3422,Forward,0.6112317489170789,287.99007711951344,16230.0,16246.33001482904,ok,0.0005326132564437144,14455.506599678596,ok,-80.28269012464807,63.92120140134828,-0.11665201609154188,-68.55271403269217,61.3191067092435,-0.09960817566083684,,,0.0032809664999374553
32,6,4.478316666666666,Forward,0.6114236958259056,287.96690743907675,16230.0,16246.365925225207,ok,0.000528680864693871,14455.596008362621,ok,-80.24677972848076,63.92125357972078,-0.11659983771903022,-68.46330534866684,61.31923662147279,-0.09947826343154491,,,0.0032809664999374553
33,6,4.6134,Forward,0.611462864470691,287.910780078053,16230.0,16246.389702867818,ok,0.0005303870589102123,14455.517175390369,ok,-80.22300208586967,63.921288129010854,-0.11656528842896306,-68.54213832091955,61.31912207591965,-0.09959280898468331,,,0.0032809664999374553
34,6,4.748683333333333,Forward,0.6113963097908626,287.848421891842,16235.0,16246.403901169995,ok,0.0005267042951178581,14453.665438872029,ok,-80.20880378369293,63.92130875936805,-0.11654465807176623,-70.3938748392593,61.31643147352704,-0.1022834113772948,,,0.0032809664999374553
35,6,4.884,Forward,0.6114127916442436,287.92629948933427,16230.0,16246.420586935994,ok,0.0005292725569898589,14455.492637181587,ok,-80.19211801769416,63.921333004049444,-0.11652041339036895,-68.566676529701,61.31908642151493,-0.09962846338940227,,,0.0032809664999374553
36,6,5.019033333333334,Forward,0.6115541734573368,287.99654188092063,16230.0,16246.431697740667,ok,0.0005177940218824293,14455.216294931477,ok,-80.18100721302108,63.92134914822404,-0.1165042692157841,-68.84301877981125,61.318684891863185,-0.10002999304114393,,,0.0032809664999374553
37,6,5.1538,Forward,0.6113484807753247,287.92123205412645,16235.0,16246.468620601348,ok,0.0005290392774738245,14453.506708368082,ok,-80.14408435233963,63.92140279772347,-0.11645061971635066,-70.55260534320587,61.31620083559909,-0.10251404930524471,,,0.0032809664999374553
38,6,5.288833333333334,Forward,0.6113543379546368,287.95572225514115,16235.0,16246.447260596728,ok,0.0005273236100525083,14455.263843895907,ok,-80.1654443569605,63.92137176129957,-0.11648165614025326,-68.79546981538078,61.318753981259114,-0.09996090364521978,,,0.0032809664999374553
39,6,5.42335,Forward,0.6113321849307178,287.9523804156797,16235.0,16246.475539230638,ok,0.0005224668479975644,14454.953843244473,ok,-80.1371657230502,63.921412850601044,-0.11644056683877582,-69.10547046681495,61.318303545418914,-0.10041133948541572,,,0.0032809664999374553
40,6,5.5584,Forward,0.6113020422928928,287.88382135147185,16230.0,16246.496368529584,ok,0.0005268377244625429,14453.597372182516,ok,-80.11633642410379,63.921443115901226,-0.11641030153859593,-70.46194152877251,61.31633257155268,-0.10238231335165646,,,0.0032809664999374553
41,6,5.6931666666666665,Forward,0.6113035579489885,287.90476380427936,16235.0,16246.512495272545,ok,0.0005278677204861359,14453.589114572376,ok,-80.10020968114259,63.92146654831332,-0.11638686912649696,-70.470199138912,61.316320573114794,-0.10239431178954354,,,0.0032809664999374553
42,6,5.828,Forward,0.6114080828578213,287.84000058602396,16235.0,16246.499425118578,ok,0.0005238064199073056,14455.205928982617,ok,-80.11327983511,63.92144755717328,-0.11640586026653671,-68.85338472867079,61.31866982997586,-0.10004505492847345,,,0.0032809664999374553
43,6,5.964666666666667,Forward,0.6113279656028688,287.8717720002169,16235.0,16246.567896249098,ok,0.0005300598078437043,14455.5579667661,ok,-80.04480870458974,63.92154704680681,-0.1163063706330073,-68.50134694518783,61.319181346432515,-0.09953353847181355,,,0.0032809664999374553
44,6,6.099966666666667,Forward,0.6113789862971,287.88820210435006,16230.0,16246.587278358906,ok,0.0005242965364932788,14455.235365525557,ok,-80.0254265947824,63.92157520931833,-0.11627820812149177,-68.82394818573084,61.31871260173743,-0.10000228316689722,,,0.0032809664999374553
45,6,6.235283333333333,Forward,0.6113197796921034,287.84133540848416,16235.0,16246.653311975404,ok,0.0005382468256169079,14455.248157584989,ok,-79.95939297828409,63.9216711572055,-0.11618226023431479,-68.81115612629947,61.31873118880172,-0.09998369610260831,,,0.0032809664999374553
46,6,6.370866666666666,Forward,0.6114144823877655,287.8943744999033,16230.0,16246.650115788625,ok,0.0005259052005403082,14455.055036797456,ok,-79.96258916506304,63.92166651309566,-0.11618690434415953,-69.00427691383265,61.31845058124884,-0.1002643036554937,,,0.0032809664999374553
47,6,6.504833333333333,Forward,0.6110513088125529,287.8213636998553,16235.0,16246.695221279497,ok,0.0005303227700559756,14455.010897726697,ok,-79.91748367419132,63.92173205208593,-0.11612136535388883,-69.04841598459097,61.31838644648225,-0.10032843842208373,,,0.0032809664999374553
48,6,6.6406833333333335,Forward,0.6112025748839587,287.939667614015,16235.0,16246.718524572589,ok,0.0005207156039597942,14455.035522361526,ok,-79.89418038109943,63.92176591213865,-0.11608750530116115,-69.02379134976218,61.31842222646538,-0.10029265843895366,,,0.0032809664999374553
49,6,6.77545,Forward,0.6111004859131031,287.89869087003353,16235.0,16246.76053806192,ok,0.0005343899652307659,14455.33479339651,ok,-79.85216689176741,63.92182695840188,-0.11602645903793789,-68.72452031477769,61.318857072003496,-0.09985781290083653,,,0.0032809664999374553
50,6,6.911016666666667,Forward,0.6113784460167498,287.926187691266,16235.0,16246.748542081752,ok,0.000518846976030173,14454.95741294507,ok,-79.86416287193606,63.92180952805333,-0.11604388938649116,-69.10190076621802,61.31830873225024,-0.10040615265409719,,,0.0032809664999374553
51,6,7.045833333333333,Forward,0.6111263446838555,287.8488840450518,16230.0,16246.807153281568,ok,0.0005346485979001168,14455.406453545824,ok,-79.80555167211969,63.92189469105189,-0.11595872638792312,-68.65286016546452,61.318961195331674,-0.09975368957265927,,,0.0032809664999374553
52,6,7.181966666666667,Forward,0.6111719880025256,287.8152038513945,16235.0,16246.843761914251,ok,0.0005306831399378614,14455.497703022393,ok,-79.76894303943664,63.92194788397309,-0.11590553346673174,-68.5616106888956,61.31909378226159,-0.0996211026427428,,,0.0032809664999374553
53,6,7.3167333333333335,Forward,0.6111887242862923,287.7429609464707,16240.0,16246.881322873976,ok,0.0005296364564795684,14455.177125557037,ok,-79.7313820797117,63.9220024606405,-0.11585095679931508,-68.88218815425171,61.3186279781438,-0.10008690676053264,,,0.0032809664999374553
54,6,7.451233333333334,Forward,0.6110804770293976,287.8062972888056,16235.0,16247.154833937084,ok,0.000527221012330771,14454.916157979254,ok,-79.45787101660426,63.922399876532836,-0.11545354090698155,-69.14315573203385,61.31824878813366,-0.10046609677067739,,,0.0032809664999374553
55,6,7.58735,Forward,0.6104230475156737,287.5315756541786,16235.0,16247.921290060294,ok,0.0005386540072046633,14455.68233120085,ok,-78.69141489339381,63.923513549379116,-0.11433986806070062,-68.37698251043912,61.31936204991942,-0.09935283498490999,,,0.0032809664999374553
56,6,7.7224,Forward,0.6085875195619354,287.24298816734154,16240.0,16249.751572380634,ok,0.0005259837599007645,14456.647664236034,ok,-76.86113257305442,63.92617297848336,-0.11168043895645907,-67.41164947525431,61.32076469405827,-0.09795019084606463,,,0.0032809664999374553
57,6,7.857983333333333,Forward,0.6048377612011918,286.2461693652531,16240.0,16253.700479877356,ok,0.0005334911154926107,14460.612560750977,ok,-72.9122250763321,63.931910803413444,-0.10594261402637199,-63.44675296031164,61.32652575128424,-0.09218913362010116,,,0.0032809664999374553
58,6,7.993816666666667,Forward,0.5983796914434688,284.8086169932285,16245.0,16260.473851646722,ok,0.0005363029089808431,14465.779100583495,ok,-66.13885330696576,63.9417526195186,-0.09610079792121463,-58.280213127793104,61.33403281521974,-0.08468206968459023,,,0.0032809664999374553
59,6,8.129116666666667,Forward,0.5894783132701256,282.7015884343764,16255.0,16269.785472634809,ok,0.0005313175857829644,14474.951448304366,ok,-56.827232318879396,63.9552825518073,-0.08257086563252189,-49.10786540692243,61.34736038125261,-0.071354503651726,,,0.0032809664999374553
60,6,8.264166666666666,Forward,0.5797687126612726,280.2310773913541,16270.0,16279.811865796282,ok,0.0005406362441171285,14482.769553228745,ok,-46.80083915740579,63.96985105934729,-0.06800235809252282,-41.28976048254299,61.35872021112413,-0.05999467378020461,,,0.0032809664999374553
61,6,8.399233333333333,Forward,0.5707469176392567,277.9313010389724,16275.0,16288.694411757582,ok,0.0005421736561415944,14491.77304128187,ok,-37.91829319610588,63.9827575388487,-0.05509587859111785,-32.286272429419114,61.37180242139414,-0.046912463510190745,,,0.0032809664999374553
62,6,8.534,Forward,0.5641308554776001,276.15573692310136,16280.0,16295.251321446203,ok,0.000547177818463778,14497.248219651952,ok,-31.36138350748479,63.99228483213347,-0.04556858530634805,-26.81109405933603,61.37975794199689,-0.03895694290743872,,,0.0032809664999374553
63,6,8.669833333333333,Forward,0.5597430781314165,275.17210656843963,16285.0,16299.471544378483,ok,0.000540259305980572,14501.670592362607,ok,-27.141160575205504,63.9984168826744,-0.039436534765418384,-22.38872134868143,61.386183719356936,-0.032531165547398655,,,0.0032809664999374553
64,6,8.805133333333334,Forward,0.5571487891825941,274.4701171200195,16290.0,16302.007805379068,ok,0.0005401479707015458,14503.320979478063,ok,-24.604899574620504,64.0021021099456,-0.035751307494219134,-20.738334233225032,61.38858175788866,-0.030133127015673045,,,0.0032809664999374553
65,6,8.94045,Forward,0.5554012494340054,274.07258732999617,16290.0,16303.560299987908,ok,0.0005422430829763976,14504.409299130612,ok,-23.052404965779715,64.00435790911988,-0.03349550831993453,-19.650014580676725,61.390163103524,-0.028551781380335033,,,0.0032809664999374553
66,6,9.076033333333333,Forward,0.5542370544496176,273.89487751561137,16295.0,16304.616388359525,ok,0.0005410080952359316,14506.417277276769,ok,-21.996316594162636,64.00589242219523,-0.03196099524459174,-17.64203643451947,61.39308072746826,-0.0256341574360785,,,0.0032809664999374553
67,6,9.210816666666666,Forward,0.5535021059144354,273.6305939893955,16295.0,16305.415080475705,ok,0.0005393823452890334,14506.640389068669,ok,-21.19762447798348,64.00705293444817,-0.03080048299165076,-17.41892464261946,61.39340491242392,-0.025309972480410923,,,0.0032809664999374553
68,6,9.345583333333334,Forward,0.5528963157391306,273.3805575594579,16295.0,16306.085154185854,ok,0.0005415781545918095,14506.845795789435,ok,-20.527550767834327,64.00802656212679,-0.029826855313038126,-17.213517921853054,61.393703371631744,-0.025011513272592264,,,0.0032809664999374553
69,6,9.480616666666666,Forward,0.5523379888944429,273.16800375042476,16295.0,16306.576647205211,ok,0.000539972014503041,14507.542235898802,ok,-20.036057748477106,64.0087407092426,-0.029112708197216248,-16.517077812486605,61.39471531010464,-0.02399957479969762,,,0.0032809664999374553
70,6,9.615916666666667,Forward,0.5518539378692837,273.1143888658953,16295.0,16307.06916506648,ok,0.0005526575203671682,14507.086146042611,ok,-19.54353988720868,64.0094563454699,-0.028397071969919262,-16.97316766867698,61.39405260434377,-0.02466228056056467,,,0.0032809664999374553
71,6,9.7507,Forward,0.5512916257847827,272.9564257433194,16295.0,16307.566734342212,ok,0.0005369501510123535,14507.611198129207,ok,-19.04597061147615,64.01017932148216,-0.027674095957664437,-16.4481155820813,61.39481551331405,-0.023899371590282763,,,0.0032809664999374553
72,6,9.886816666666666,Forward,0.5508158534628769,272.95358403395585,16295.0,16308.014314337865,ok,0.0005482842675051543,14508.365092483404,ok,-18.59839061582352,64.01082966228132,-0.027023755158495158,-15.694221227884555,61.395910933711654,-0.022803951192678504,,,0.0032809664999374553
73,6,10.02215,Forward,0.550290232543144,272.765888245578,16300.0,16308.386601050812,ok,0.0005422341663013524,14508.319351546304,ok,-18.226103902876275,64.01137060075214,-0.026482816687674587,-15.739962164983808,61.39584447140798,-0.022870413496348947,,,0.0032809664999374553
74,6,10.157716666666667,Forward,0.5499749230029028,272.66954256115423,16295.0,16308.779111956197,ok,0.0005373315759299543,14509.916660154457,ok,-17.833592997490996,64.01194092529383,-0.025912492145982978,-14.142653556831647,61.3981653860307,-0.02054949887363231,,,0.0032809664999374553
75,6,10.292233333333334,Forward,0.5495192599027595,272.51822329832066,16300.0,16309.116989816392,ok,0.0005408526666985602,14508.451494760908,ok,-17.49571513729643,64.01243186715843,-0.025421550281389284,-15.607818950380533,61.396036477584815,-0.02267840731952109,,,0.0032809664999374553
76,6,10.42815,Forward,0.5491287806438127,272.4792232597665,16300.0,16309.461082232045,ok,0.0005454192335109164,14510.335044629013,ok,-17.151622721643434,64.0129318388702,-0.024921578569611687,-13.724269082274986,61.39877330527683,-0.019941579627495206,,,0.0032809664999374553
77,6,10.563433333333334,Forward,0.548885814058847,272.329622478097,16295.0,16309.772719098346,ok,0.0005392824161279473,14511.157945210327,ok,-16.839985855342093,64.01338465215643,-0.02446876528338449,-12.901368500961325,61.39996899281177,-0.01874589209255959,,,0.0032809664999374553
78,6,10.698483333333334,Forward,0.548614013288558,272.28312268171794,16295.0,16309.993313903266,ok,0.000538018463349739,14510.246972953091,ok,-16.619391050422564,64.01370517989028,-0.024148237549532645,-13.812340758197024,61.39864533574142,-0.02006954916290708,,,0.0032809664999374553
79,6,10.8341,Forward,0.5481181629550029,272.2405730586579,16300.0,16310.324670313468,ok,0.0005485390812831732,14510.63447483489,ok,-16.28803464021985,64.01418664598509,-0.02366677145472455,-13.424838876399008,61.39920838209277,-0.019506502811560078,,,0.0032809664999374553
80,6,10.9694,Forward,0.547955117596049,272.11241527938364,16295.0,16310.604182165625,ok,0.0005473701157952186,14511.372252694426,ok,-16.00852278806269,64.01459278111864,-0.023260636321173474,-12.687061016862572,61.40028038496922,-0.01843449993511181,,,0.0032809664999374553
81,6,11.105233333333333,Forward,0.5475914884710513,272.03159443225013,16300.0,16310.85549572559,ok,0.0005288633356889786,14511.33251049419,ok,-15.757209228098873,64.0149579436885,-0.02289547375131682,-12.726803217097768,61.40022263892491,-0.018492245979422874,,,0.0032809664999374553
82,6,11.241083333333334,Forward,0.5471814274690399,271.9102530704731,16300.0,16311.127017386618,ok,0.0005409526437455337,14511.410891441292,ok,-15.485687567070272,64.01535246894821,-0.022500948491608486,-12.648422269996445,61.40033652767836,-0.01837835722596509,,,0.0032809664999374553
83,6,11.37665,Forward,0.5470946892175222,271.8788567220472,16300.0,16311.388359702541,ok,0.0005404059804147976,14510.580397010426,ok,-15.224345251146588,64.01573220345878,-0.022121213981028467,-13.4789167008621,61.39912980616016,-0.019585078744176063,,,0.0032809664999374553
84,6,11.510883333333334,Forward,0.5469095623154075,271.9233657798286,16300.0,16311.600304578564,ok,0.0005523918061892191,14511.889852796807,ok,-15.012400375124344,64.0160401627094,-0.021813254730411926,-12.169460914481533,61.40103246608881,-0.0176824188155306,,,0.0032809664999374553
85,6,11.645683333333332,Forward,0.5465952579386211,271.7827575270094,16300.0,16311.841173672485,ok,0.0005303745135358999,14513.304065545799,ok,-14.771531281203352,64.01639014930522,-0.021463268134591564,-10.75524816548932,61.40308733953781,-0.01562754536651977,,,0.0032809664999374553
86,6,11.781,Forward,0.546577017860258,271.70667809970837,16300.0,16312.06415064332,ok,0.000538807136038522,14512.30393326425,ok,-14.548554310367763,64.01671413836377,-0.021139279076058875,-11.755380447038988,61.40163413154466,-0.017080753359673247,,,0.0032809664999374553
87,6,11.9163,Forward,0.5460938267572907,271.6732136138271,16300.0,16312.27543312011,ok,0.0005429586337246223,14512.004007538542,ok,-14.337271833577688,64.01702113513784,-0.02083228230198329,-12.055306172745986,61.40119833473059,-0.01751655017374511,,,0.0032809664999374553
88,6,12.0511,Forward,0.5459115403701525,271.650823000582,16300.0,16312.474882693077,ok,0.000538151576368084,14512.28547381618,ok,-14.137822260610847,64.01731093851586,-0.02054247892395677,-11.773839895107812,61.401607309675214,-0.01710757522911761,,,0.0032809664999374553
89,6,12.1856,Forward,0.545564302074313,271.60502664630985,16300.0,16312.72227242641,ok,0.0005472992443470422,14512.045885865957,ok,-13.89043252727788,64.01767039970369,-0.02018301773613617,-12.013427845331535,61.401259184601415,-0.01745570030292174,,,0.0032809664999374553
90,6,12.320916666666667,Forward,0.5453778621407184,271.46867486973315,16300.0,16312.901871017519,ok,0.0005408542337329036,14512.210426343237,ok,-13.710833936169365,64.01793135929171,-0.019922058148116876,-11.848887368050782,61.40149826451233,-0.017216620392001173,,,0.0032809664999374553
91,6,12.4565,Forward,0.5452459981654584,271.4297339970617,16300.0,16313.13520727186,ok,0.0005485798750405061,14512.517159857538,ok,-13.477497681828027,64.0182704005527,-0.019583016887118956,-11.542153853750278,61.4019439531507,-0.016770931753635376,,,0.0032809664999374553
92,6,12.591266666666666,Forward,0.5448550098703745,271.3274091633193,16300.0,16313.36764152643,ok,0.0005419746800114386,14512.680908676364,ok,-13.245063427257264,64.01860813119379,-0.019245286246026626,-11.378405034924072,61.40218188276938,-0.016533002134946365,,,0.0032809664999374553
93,6,12.7274,Forward,0.5444644080263602,271.3792366398702,16300.0,16313.590451984322,ok,0.0005317901687796484,14513.140843611794,ok,-13.022252969365582,64.01893187830639,-0.018921539133430004,-10.918470099493788,61.40285017549109,-0.015864709413245408,,,0.0032809664999374553
94,6,12.862016666666667,Forward,0.544349618068541,271.24008282042814,16300.0,16313.833915700892,ok,0.000544049691655219,14513.252278667978,ok,-12.778789252795832,64.01928563492987,-0.01856778250994235,-10.807035043309952,61.40301209238683,-0.015702792517499436,,,0.0032809664999374553
95,6,12.99785,Forward,0.5439127969679389,271.23080309444595,16300.0,16314.096464008151,ok,0.0005492215312576958,14512.892744030965,ok,-12.516240945536993,64.01966712176491,-0.018186295674914605,-11.166569680322937,61.402489682883655,-0.016225202020683598,,,0.0032809664999374553
96,6,13.13315,Forward,0.5437734530676575,271.1005478618117,16305.0,16314.356227028351,ok,0.0005372337491226911,14513.405878963142,ok,-12.256477925337094,64.02004456153387,-0.017808855905951968,-10.653434748146537,61.403235276040434,-0.015479608863896788,,,0.0032809664999374553
97,6,13.269916666666667,Forward,0.5434457815844935,271.06301281650303,16300.0,16314.693176261402,ok,0.0005540356740067133,14514.861360517156,ok,-11.919528692285894,64.02053415408857,-0.017319263351256872,-9.197953194132424,61.40535011371461,-0.013364771189720868,,,0.0032809664999374553
98,6,13.404666666666667,Forward,0.5430228105505918,270.9166327607927,16305.0,16314.927581836424,ok,0.0005383992347781649,14513.244030884603,ok,-11.685123117264084,64.02087474908939,-0.016978668350429958,-10.81528282668478,61.40300010822739,-0.01571477667694235,,,0.0032809664999374553
99,6,13.539733333333333,Forward,0.5427170397555996,270.90870667603485,16300.0,16315.251948741825,ok,0.0005388557990499377,14514.16840198766,ok,-11.36075621186319,64.02134605932338,-0.01650735811643505,-9.89091172362896,61.404343234032225,-0.0143716508721044,,,0.0032809664999374553
100,6,13.674766666666667,Forward,0.5424660928559483,270.7525733502789,16305.0,16315.544071555041,ok,0.0005376341197220136,14515.413476824284,ok,-11.068633398646853,64.02177051838243,-0.01608289905738869,-8.645836887004407,61.406152347424566,-0.0125625374797704,,,0.0032809664999374553
101,6,13.809016666666666,Forward,0.542011435640205,270.78024890706,16300.0,16315.881762669205,ok,0.0005384877474293054,14515.697340696333,ok,-10.730942284482808,64.02226118890209,-0.015592228537725312,-8.361973014954856,61.40656480611172,-0.012150078792614809,,,0.0032809664999374553
102,6,13.944083333333333,Forward,0.541696782569427,270.4700418952252,16305.0,16316.225398134504,ok,0.0005425708086177033,14516.019381904925,ok,-10.387306819184232,64.0227604966578,-0.015092920782026092,-8.039931806362802,61.40703273707153,-0.011682147832796532,,,0.0032809664999374553
103,6,14.078866666666666,Forward,0.541215034477568,270.5611025590006,16305.0,16316.573203360742,ok,0.0005431048791343609,14516.659308125434,ok,-10.03950159294618,64.02326586314196,-0.014587554297858078,-7.40000558585416,61.40796255997179,-0.010752324932539041,,,0.0032809664999374553
104,6,14.214483333333334,Forward,0.5407898208262132,270.4096320126355,16305.0,16316.93394064481,ok,0.0005394182645201891,14516.388827007033,ok,-9.678764308877362,64.0237900201103,-0.014063397329516836,-7.6704867042553815,61.40756954663695,-0.011145338267383814,,,0.0032809664999374553
105,6,14.35005,Forward,0.540476181950192,270.29435794406345,16305.0,16317.253407377413,ok,0.0005386570330167354,14516.676279825539,ok,-9.359297576274912,64.02425421031586,-0.013599207123952062,-7.383033885749683,61.40798722011996,-0.010727664784372426,,,0.0032809664999374553
106,6,14.48565,Forward,0.5401656146472635,270.2368740548336,16310.0,16317.63837414332,ok,0.0005445116343210876,14516.43249664318,ok,-8.974330810367974,64.0248135731038,-0.01303984433601407,-7.626817068108721,61.40763299930764,-0.011081885596694993,,,0.0032809664999374553
107,6,14.620716666666667,Forward,0.5397222811595409,270.22544519058465,16305.0,16317.959536970999,ok,0.000533847188851123,14516.77524369133,ok,-8.65316798268941,64.0252802277623,-0.012573189677529194,-7.284070019957653,61.4081310161792,-0.010583868725135632,,,0.0032809664999374553
108,6,14.757516666666668,Forward,0.5392060650645847,270.05097825807934,16305.0,16318.333301218332,ok,0.0005374278338724639,14516.839447676337,ok,-8.279403735356027,64.0258233131139,-0.012030104325921241,-7.2198660349513375,61.408224305582934,-0.010490579321399043,,,0.0032809664999374553
109,6,14.892833333333334,Forward,0.538838997317623,269.9622090375324,16310.0,16318.697232599847,ok,0.0005441473322986316,14517.38647559855,ok,-7.915472353841324,64.02635211115626,-0.01150130628356919,-6.672838112737736,61.40901914578928,-0.00969573911505433,,,0.0032809664999374553
110,6,15.02895,Forward,0.5384294680322996,269.89004967167784,16310.0,16319.032731241783,ok,0.0005422643394228194,14517.011586664563,ok,-7.5799737119050405,64.02683959597915,-0.01101382146066306,-7.047727046725413,61.40847442625021,-0.010240458654125246,,,0.0032809664999374553
111,6,15.163466666666666,Forward,0.5380941322131108,269.7544456087762,16310.0,16319.340072312662,ok,0.0005385932890211043,14517.66894435847,ok,-7.272632641026576,64.02728616740683,-0.010567250032998615,-6.390369352819107,61.409429577356484,-0.009285307547848171,,,0.0032809664999374553
112,6,15.2991,Forward,0.5379942905604663,269.75784336219294,16305.0,16319.255235411374,ok,0.0005437071790106023,14517.855445057148,ok,-7.357469542313993,64.02716289805002,-0.010690519389802316,-6.203868654140024,61.40970056581576,-0.009014319088572354,,,0.0032809664999374553
113,6,15.434116666666666,Forward,0.5379107874976687,269.7655070110868,16305.0,16319.572968336292,ok,0.0005447521720557327,14517.725896524278,ok,-7.0397366173965565,64.02762456900564,-0.010228848434173711,-6.333417187010127,61.40951232975245,-0.009202555151882336,,,0.0032809664999374553
114,6,15.569466666666667,Forward,0.5374614393430427,269.7222774115053,16305.0,16319.87665151239,ok,0.0005442832429379345,14518.184127017432,ok,-6.7360534412982815,64.02806582545445,-0.009787591985368313,-5.875186693856449,61.410178145892615,-0.008536739011715566,,,0.0032809664999374553
115,6,15.704783333333333,Forward,0.537109589525078,269.5557876539806,16310.0,16320.192518012887,ok,0.0005488211697513779,14517.934943969196,ok,-6.420186940800704,64.02852478446593,-0.009328632973885089,-6.124369742092313,61.409816078989934,-0.008898805914399302,,,0.0032809664999374553
116,6,15.839833333333333,Forward,0.5367254183724098,269.43149776627797,16310.0,16320.509160925874,ok,0.0005407244400548533,14519.573647951593,ok,-6.1035440278137685,64.02898487161701,-0.0088685458227984,-4.485665759695621,61.4121971417449,-0.006517743159439076,,,0.0032809664999374553
117,6,15.974883333333333,Forward,0.536434695173331,269.342762973949,16310.0,16320.76660293324,ok,0.0005332262303263788,14519.354457639398,ok,-5.846102020448598,64.0293589389177,-0.008494478522124071,-4.70485607189039,61.41187865476114,-0.0068362301431905605,,,0.0032809664999374553
118,6,16.109666666666666,Forward,0.5360371326505768,269.2424276981674,16310.0,16321.092557039306,ok,0.0005363577337231094,14519.789676818675,ok,-5.520147914381596,64.02983255537931,-0.008020862060505798,-4.269636892613562,61.41251103509899,-0.006203849805342848,,,0.0032809664999374553
119,6,16.244966666666667,Forward,0.535559827403985,269.1202423276645,16310.0,16321.3682518176,ok,0.0005476520329790346,14520.013559308965,ok,-5.24445313608885,64.03023314424428,-0.007620273195535944,-4.0457544023229275,61.412836339891584,-0.005878545012747471,,,0.0032809664999374553
120,6,16.381083333333333,Forward,0.5352582170969835,269.05507469106124,16310.0,16321.5860957602,ok,0.0005384029390884547,14519.437140150872,ok,-5.026609193488184,64.03054967493176,-0.0073037425080584445,-4.622173560415831,61.411998793755544,-0.0067160911487940825,,,0.0032809664999374553
121,6,16.516933333333334,Forward,0.5350901119681268,269.0165238793779,16305.0,16321.917795498468,ok,0.0005426983791611128,14520.556251935173,ok,-4.694909455220113,64.03103163988766,-0.006821777552151621,-3.5030617761149188,61.413624880844395,-0.005090004059935755,,,0.0032809664999374553
122,6,16.652,Forward,0.5348655209066979,268.8909330870174,16310.0,16322.097012339746,ok,0.0005395641091488635,14520.478748459669,ok,-4.5156926139425195,64.03129204478715,-0.006561372652662948,-3.5805652516191913,61.41351226707102,-0.0052026178333112825,,,0.0032809664999374553
123,6,16.78705,Forward,0.5345206170514193,268.84429717527564,16310.0,16322.411525562818,ok,0.0005288906046451916,14520.579066141463,ok,-4.201179390869584,64.03174903746518,-0.006104379974640531,-3.4802475698252238,61.41365803024628,-0.005056854658052369,,,0.0032809664999374553
124,6,16.922616666666666,Forward,0.5341877660093838,268.8256729016175,16310.0,16322.638915682994,ok,0.0005457949098717214,14520.475450478089,ok,-3.9737892706943967,64.03207943889936,-0.005773978540451546,-3.583863233199736,61.41350747505172,-0.005207409852609664,,,0.0032809664999374553
125,6,17.05765,Forward,0.5339571587173796,268.75638161384995,16315.0,16322.786251745862,ok,0.0005380704794426631,14521.196092778831,ok,-3.8264532078264892,64.03229352052456,-0.0055598969152612756,-2.8632209324568976,61.414554579690744,-0.0041603052135899725,,,0.0032809664999374553
126,6,17.192966666666667,Forward,0.5336366694818724,268.69646058810577,16310.0,16323.06477971765,ok,0.0005371242041421044,14520.882494518295,ok,-3.5479252360382816,64.0326982260644,-0.005155191375417796,-3.1768191929932073,61.41409891646773,-0.004615968436603098,,,0.0032809664999374553
127,6,17.327766666666665,Forward,0.5335230333824883,268.56890435248533,16315.0,16323.315732666184,ok,0.0005372027979654415,14521.842653105832,ok,-3.2969722875041043,64.03306286466015,-0.004790552779661011,-2.216660605456127,61.41549404205246,-0.003220842851873589,,,0.0032809664999374553
128,6,17.462783333333334,Forward,0.5332476109967665,268.57121986828315,16315.0,16323.524487867804,ok,0.000545512013543204,14521.745390169912,ok,-3.0882170858840254,64.03336618926352,-0.004487228176302932,-2.3139235413764254,61.41535271747118,-0.0033621674331559227,,,0.0032809664999374553
129,6,17.5992,Forward,0.5329950046562612,268.5102636016709,16310.0,16323.75041339341,ok,0.0005468365622152133,14521.678626477242,ok,-2.862291560277299,64.03369446261868,-0.0041589548211419716,-2.3806872340464906,61.415255708771795,-0.003459176132535419,,,0.0032809664999374553
130,6,17.734916666666667,Forward,0.5326980953952619,268.48401306175583,16315.0,16323.96533889223,ok,0.0005369540952638086,14522.039560115487,ok,-2.647366061457433,64.03400675276127,-0.0038466646785484514,-2.019753595801376,61.41578015104586,-0.002934733858476376,,,0.0032809664999374553
131,6,17.871066666666668,Forward,0.5324524345644163,268.34400274929067,16315.0,16324.115637152208,ok,0.0005461323948392962,14521.933514648783,ok,-2.497067801479716,64.03422513850562,-0.003628278934196462,-2.1257990625053935,61.4156260653087,-0.0030888195956282533,,,0.0032809664999374553
132,6,18.006633333333333,Forward,0.532240367965505,268.31166975263295,16315.0,16324.34121533398,ok,0.0005411536418358056,14522.25642043285,ok,-2.271489619708518,64.03455290716471,-0.0033005102751116856,-1.802893278438205,61.41609525251034,-0.0026196323939964403,,,0.0032809664999374553
133,6,18.14335,Forward,0.5319507175623494,268.1814612210528,16315.0,16324.592610863869,ok,0.0005390430257061028,14521.50630151274,ok,-2.020094089819395,64.03491818883816,-0.0029352286016595874,-2.5530121985484584,61.415005317878055,-0.003709567026274121,,,0.0032809664999374553
134,6,18.27865,Forward,0.5316352930946496,268.110169945443,16315.0,16324.823844494993,ok,0.0005407523822214329,14522.495515067032,ok,-1.788860458695126,64.03525417495443,-0.0025992424853880244,-1.5637986442561669,61.41644266078815,-0.0022722241161883517,,,0.0032809664999374553
135,6,18.41395,Forward,0.5314586999789217,268.1357231024449,16315.0,16325.013388610187,ok,0.0005439572781182508,14522.460144173387,ok,-1.599316343501414,64.03552958554594,-0.002323831893873159,-1.5991695379016164,61.41639126632131,-0.0023236185830191837,,,0.0032809664999374553
136,6,18.549266666666668,Forward,0.5313299195259371,268.05073321982127,16315.0,16325.218722061445,ok,0.0005394857759654142,14522.236075154957,ok,-1.3939828922430024,64.03582793829202,-0.0020254791478062427,-1.8232385563314892,61.41606569050039,-0.0026491944039454024,,,0.0032809664999374553
137,6,18.684833333333334,Forward,0.5310321556962525,267.96989235327965,16315.0,16325.401100302639,ok,0.0005379757160856878,14522.43322025479,ok,-1.2116046510491287,64.03609293675548,-0.0017604806843334402,-1.6260934564979834,61.41635214544257,-0.0023627394617599736,,,0.0032809664999374553
138,6,18.819816666666668,Forward,0.5306488971970837,267.91382590119247,16320.0,16325.673264412715,ok,0.0005384828581942419,14522.526633723463,ok,-0.9394405409730098,64.0364883955038,-0.001365021936017378,-1.5326799878257589,61.41648787668718,-0.0022270082171566793,,,0.0032809664999374553
139,6,18.954816666666666,Forward,0.530510019378235,267.8399493995712,16315.0,16325.85786601798,ok,0.0005398829404802412,14522.811125144968,ok,-0.7548389357089036,64.03675662455036,-0.0010967928894525614,-1.2481885663200956,61.4169012472136,-0.0018136376907348763,,,0.0032809664999374553
140,6,19.089866666666666,Forward,0.5303277514385297,267.81951802781805,16315.0,16326.116587642244,ok,0.0005459500628831823,14523.166008104767,ok,-0.4961173114443227,64.0371325511546,-0.0007208662852233904,-0.8933056065216078,61.417416897756354,-0.001297987147974633,,,0.0032809664999374553
141,6,19.226266666666668,Forward,0.5297139215874572,267.7024783481629,16315.0,16326.316782759757,ok,0.0005330815533418331,14523.321857308849,ok,-0.2959221939308918,64.03742343782062,-0.000429979619201532,-0.7374564024394203,61.41764334911012,-0.0010715357942117907,,,0.0032809664999374553
142,6,19.362116666666665,Forward,0.5290598104293459,267.49938096989354,16315.0,16327.082387302555,ok,0.0005384500727168639,14525.025007764098,ok,0.46968234886662685,64.03853587330711,0.0006824558672963765,0.9656940528093401,61.42011805360748,0.0014031687031528111,,,0.0032809664999374553
143,6,19.49876666666667,Forward,0.5289449489128282,267.3325283538834,16315.0,16327.262962814053,ok,0.0005380300939848522,14525.117468068089,ok,0.6502578603649454,64.03879825237588,0.0009448349360636939,1.0581543568005145,61.42025239988876,0.001537514984427907,,,0.0032809664999374553
144,6,19.634833333333333,Forward,0.5285718414753393,267.3427566593127,16315.0,16327.520438123676,ok,0.0005390129102983162,14525.372203317469,ok,0.9077331699882052,64.03917236806527,0.0013189506254447352,1.312889606180761,61.420622534227356,0.0019076493230213312,,,0.0032809664999374553
145,6,19.771466666666665,Forward,0.5284357382293231,267.158924054389,16315.0,16327.688879733292,ok,0.0005373481420589875,14525.261957371686,ok,1.0761747796041163,64.03941711638305,0.0015636989432314596,1.2026436603973707,61.42046234512779,0.0017474602234584737,,,0.0032809664999374553
146,6,19.908383333333333,Forward,0.5279492869529822,267.242207573614,16315.0,16327.944878325594,ok,0.0005380943786862231,14525.733280089293,ok,1.3321733719058102,64.03978908637885,0.001935668939032845,1.6739663780044793,61.421147184476766,0.002432299572429588,,,0.0032809664999374553
147,6,20.0453,Forward,0.5277909656907969,267.2441343078917,16320.0,16328.199063317406,ok,0.0005422646162608515,14526.161934097774,ok,1.5863583637183183,64.04015842118451,0.002305003744693994,2.102620386485796,61.4217700255178,0.0030551406134738104,,,0.0032809664999374553
148,6,20.18113333333333,Forward,0.5275257811676018,267.0131855116997,16320.0,16328.395704618904,ok,0.0005371995407475569,14525.769108642828,ok,1.7829996652162663,64.04044414409977,0.0025907266599449097,1.7097949315393635,61.42119924393064,0.0024843590263043756,,,0.0032809664999374553
149,6,20.316716666666668,Forward,0.5271622954035634,266.8978690913427,16320.0,16328.554441500215,ok,0.0005477936146680948,14526.252987689817,ok,1.941736546526954,64.04067479129412,0.0028213738543055597,2.19367397852875,61.42190232782441,0.003187442920081824,,,0.0032809664999374553
150,6,20.451233333333334,Forward,0.5271091755551349,267.00982621921503,16315.0,16328.755779101046,ok,0.0005331984427015127,14524.83968325589,ok,2.1430741473577655,64.04096733800644,0.0031139205666227835,0.7803695446018537,61.419848774171534,0.0011338892671995363,,,0.0032809664999374553
151,6,20.5868,Forward,0.5268285343433761,266.88656231139976,16320.0,16328.98342562602,ok,0.0005404740576469721,14526.372831740688,ok,2.370720672332027,64.04129811200085,0.0034446945610324227,2.313518029399347,61.42207646312218,0.003361578217851827,,,0.0032809664999374553
152,6,20.722383333333333,Forward,0.5264361581748904,266.91323790816205,16320.0,16329.33561961596,ok,0.0005422839415066266,14526.738465739863,ok,2.72291466227216,64.04180985542796,0.00395643798814047,2.6791520285751176,61.42260773509487,0.003892850190542886,,,0.0032809664999374553
153,6,20.8585,Forward,0.5263588061156091,266.79579203184767,16320.0,16329.495154602091,ok,0.0005346385469350808,14526.692552169789,ok,2.8824496484030533,64.04204166228122,0.004188244841403739,2.633238458500273,61.42254102195277,0.0038261370484337304,,,0.0032809664999374553
154,6,20.993033333333333,Forward,0.525834286888069,266.7854256169885,16320.0,16329.814129110147,ok,0.0005411449502093425,14526.37277993541,ok,3.201424156459325,64.04250513727675,0.004651719836932671,2.31346622412093,61.42207638784829,0.0033615029439644896,,,0.0032809664999374553
155,6,21.128083333333333,Forward,0.5258961490758147,266.7960645044859,16320.0,16329.957288116131,ok,0.0005489838331122268,14526.663616372054,ok,3.3445831624430866,64.04271314957235,0.004859732132531368,2.604302660765825,61.42249897778188,0.003784092877545838,,,0.0032809664999374553
156,6,21.263666666666666,Forward,0.5256935008535047,266.6744911414462,16320.0,16330.150391685853,ok,0.0005372410287026458,14526.988291550115,ok,3.5376867321647296,64.04299373210748,0.005140314667664772,2.9289778388265404,61.422970735940915,0.004255851036581853,,,0.0032809664999374553
157,6,21.39975,Forward,0.5253692013194726,266.4829572327253,16320.0,16330.369296348937,ok,0.0005491265663063169,14526.823509462683,ok,3.7565913952494157,64.04331180403857,0.005458386598750057,2.764195751395164,61.42273130496663,0.004016420062298378,,,0.0032809664999374553
158,6,21.534783333333333,Forward,0.5251386263238718,266.50821322751835,16320.0,16330.585124067502,ok,0.0005411538299219148,14526.887326341763,ok,3.972419113813885,64.0436254051207,0.005771987680874903,2.8280126304744044,61.422824031899346,0.004109146995012084,,,0.0032809664999374553
159,6,21.66955,Forward,0.5249795276779956,266.42246032693583,16320.0,16330.775770898994,ok,0.0005386156356636615,14526.913361529096,ok,4.163065945305789,64.0439024179764,0.0060490005365784905,2.854047817807441,61.42286186143753,0.0041469765331977665,,,0.0032809664999374553
160,6,21.8054,Forward,0.5246957605299666,266.3156149678689,16315.0,16330.982394497452,ok,0.0005367955376438135,14528.774994929943,ok,4.3696895437642524,64.0442026453267,0.006349227886893313,4.715681218654936,61.42556684415666,0.006851959252324928,,,0.0032809664999374553
161,6,21.9402,Forward,0.5244872819786878,266.25636175486943,16315.0,16331.1687841921,ok,0.0005429152987087018,14527.580424554424,ok,4.556079238411257,64.04447347249538,0.006620055055558213,3.52111084313583,61.423831114543574,0.005116229639239234,,,0.0032809664999374553
162,6,22.0747,Forward,0.5244166792296321,266.2434341085991,16320.0,16331.381875714527,ok,0.0005367680467225048,14527.725386339172,ok,4.769170760839188,64.04478309784132,0.006929680401503147,3.666072627884205,61.42404174630518,0.005326861400841532,,,0.0032809664999374553
163,6,22.209483333333335,Forward,0.5242617830278439,266.14007372233937,16320.0,16331.574215149605,ok,0.000537041267339719,14529.427878189434,ok,4.9615101959170715,64.04506257007675,0.00720915263693656,5.368564478145345,61.42651549383909,0.007800608934762401,,,0.0032809664999374553
164,6,22.344533333333334,Forward,0.5240410861722627,266.12976354134844,16320.0,16331.78768600593,ok,0.000540043750508316,14528.281233856838,ok,5.174981052241492,64.04537274660083,0.007519329161021248,4.22192014555003,61.424849401522934,0.006134516618604226,,,0.0032809664999374553
165,6,22.4801,Forward,0.5237052022543638,266.08469511236217,16320.0,16331.96905069825,ok,0.0005367911167903325,14528.139548089986,ok,5.356345744561622,64.0456362723618,0.007782854921980646,4.080234378698151,61.424643529867055,0.005928644962720668,,,0.0032809664999374553
166,6,22.6156,Forward,0.5235214135827174,265.94011375262744,16320.0,16332.149692170085,ok,0.0005449445288394151,14529.476518555168,ok,5.536987216397392,64.04589874727198,0.00804532983215953,5.417204843879517,61.42658616905834,0.007871284154009684,,,0.0032809664999374553
167,6,22.751166666666666,Forward,0.5233601404584676,265.89995779931996,16320.0,16332.3440299425,ok,0.0005396668741858209,14528.391213169392,ok,5.731324988812048,64.0461811231231,0.008327705683288972,4.33189945810409,61.425009203200204,0.0062943182958758006,,,0.0032809664999374553
168,6,22.886466666666667,Forward,0.523023296592079,265.90997805697225,16320.0,16332.571289724738,ok,0.0005427362527649869,14528.528620234816,ok,5.958584771049573,64.04651133517422,0.008657917734397022,4.469306523527848,61.42520885783537,0.006493972931040832,,,0.0032809664999374553
169,6,23.022666666666666,Forward,0.5228464481788822,265.78245934286315,16320.0,16332.740079187379,ok,0.0005395493761721704,14530.05585046424,ok,6.127374233690716,64.04675658892793,0.008903171488120608,5.996536752951215,61.42742794746754,0.008713062563209093,,,0.0032809664999374553
170,6,23.15825,Forward,0.5226402484530757,265.66745752823044,16320.0,16332.940140819084,ok,0.0005448183022368285,14528.252441822779,ok,6.327435865396183,64.04704728163698,0.00919386419715629,4.193128111490296,61.42480756624293,0.006092681338605142,,,0.0032809664999374553
171,6,23.293533333333333,Forward,0.5223024165359422,265.73432666766894,16320.0,16333.13233203261,ok,0.0005347418886299171,14529.666242584099,ok,6.519627078921985,64.04732653850415,0.009473121064334707,5.606928872810386,61.42686184106736,0.00814695616302475,,,0.0032809664999374553
172,6,23.427516666666666,Forward,0.5222718165216125,265.60233563844304,16320.0,16333.292421891576,ok,0.0005476045271016516,14530.803742414493,ok,6.679716937887861,64.0475591515964,0.009705734156586415,6.744428703204903,61.42851464627746,0.009799761373130298,,,0.0032809664999374553
173,6,23.5634,Forward,0.5219425088967948,265.5030300634353,16320.0,16333.48928794909,ok,0.0005375448880477715,14530.15150924656,ok,6.876582995402714,64.04784520108569,0.009991783645877887,6.092195535271458,61.42756694118832,0.00885205628398742,,,0.0032809664999374553
174,6,23.698166666666665,Forward,0.521832291973335,265.50062582944884,16325.0,16333.681962925803,ok,0.0005410253779540802,14530.18251275042,ok,7.069257972114428,64.04812516086842,0.010271743428602107,6.123199039131578,61.42761198976885,0.008897104864516668,,,0.0032809664999374553
175,6,23.83295,Forward,0.5215417685102195,265.347469184675,16320.0,16333.86012130439,ok,0.0005418656042653137,14530.74298019645,ok,7.2474163507013145,64.04838402780491,0.010530610365092317,6.683666485161666,61.428426357815454,0.009711472911122702,,,0.0032809664999374553
176,6,23.96825,Forward,0.521570022290686,265.3359992340811,16320.0,16334.015198250503,ok,0.0005415091833125977,14530.743823741732,ok,7.40249329681501,64.04860935705565,0.010755939615836095,6.684510030443562,61.42842758350007,0.00971269859573348,,,0.0032809664999374553
177,6,24.1033,Forward,0.5212131487452155,265.31611110547055,16320.0,16334.194538558702,ok,0.0005473206189369168,14530.819764977125,ok,7.581833605014253,64.04886994135452,0.01101652391471097,6.760451265836309,61.4285379273139,0.009823042409565481,,,0.0032809664999374553
178,6,24.23755,Forward,0.52121573986181,265.24287899502633,16320.0,16334.345364178907,ok,0.0005447424048173686,14530.58645100942,ok,7.732659225219322,64.04908909336162,0.011235675921798197,6.527137298131493,61.42819891843574,0.009484033531402244,,,0.0032809664999374553
179,6,24.373116666666668,Forward,0.5209820808227098,265.227607437977,16320.0,16334.527556559517,ok,0.0005404848714993439,14530.729905660599,ok,7.914851605828517,64.04935382176673,0.01150040432690747,6.670591949310619,61.42840736030847,0.009692475404136853,,,0.0032809664999374553
180,6,24.508166666666668,Forward,0.5206552244510868,265.09385213315,16325.0,16334.685817035717,ok,0.0005445657911670811,14530.846126759674,ok,8.073112082029184,64.04958377673694,0.01173035929712274,6.7868130483857385,61.428576231400086,0.009861346495756205,,,0.0032809664999374553
181,6,24.643483333333332,Forward,0.5205532975516707,265.0602359211807,16320.0,16334.914525843065,ok,0.0005509146816180667,14531.619421370053,ok,8.301820889377268,64.04991609424441,0.012062676804590706,7.560107658764537,61.42969984067618,0.010984955771844917,,,0.0032809664999374553
182,6,24.779183333333332,Forward,0.5204309467183567,264.98648862918344,16325.0,16335.052518694622,ok,0.0005493399669201936,14531.7734750274,ok,8.43981374093346,64.05011660003606,0.012263182596253367,7.714161316111131,61.42992368307219,0.01120879816785649,,,0.0032809664999374553
183,6,24.914466666666666,Forward,0.5203626222686779,264.870949066657,16325.0,16335.290152250614,ok,0.000551350855233911,14531.821206220215,ok,8.677447296926402,64.0504618853442,0.012608467904388158,7.761892508926394,61.429993037248835,0.011278152344500417,,,0.0032809664999374553
184,6,25.049783333333334,Forward,0.5200907015096992,264.8367808812436,16320.0,16335.386387146567,ok,0.0005405820065428373,14531.969224086972,ok,8.773682192879278,64.0506017161672,0.012748298727369215,7.9099103756834666,61.43020810954584,0.011493224641504584,,,0.0032809664999374553
185,6,25.184316666666668,Forward,0.519854678334883,264.81519238778856,16320.0,16335.55211790606,ok,0.0005400489875475233,14531.325331723294,ok,8.93941295237164,64.05084252557695,0.012989108137133014,7.266018012005588,61.429272523776945,0.010557638872612761,,,0.0032809664999374553
186,6,25.318833333333334,Forward,0.5196996239976271,264.7399314001177,16320.0,16335.699659938593,ok,0.0005465345938279564,14531.492696589487,ok,9.086954984904878,64.05105690647932,0.013203489039498442,7.433382878198245,61.429515707569536,0.010800822665208052,,,0.0032809664999374553
187,6,25.453616666666665,Forward,0.5194457529094962,264.7008462515623,16325.0,16335.877206563004,ok,0.0005490293541297396,14532.05652538211,ok,9.26450160931563,64.05131488452733,0.013461467087513593,7.997211670821343,61.43033495970581,0.01162007480147586,,,0.0032809664999374553
188,6,25.588183333333333,Forward,0.5193922699627829,264.61951095137374,16325.0,16336.043165185743,ok,0.0005509288149878693,14532.127629539867,ok,9.430460232055339,64.05155602502599,0.01370260758617283,8.068315828579216,61.43043827516948,0.011723390265146407,,,0.0032809664999374553
189,6,25.72375,Forward,0.5192157586694818,264.5927623401276,16330.0,16336.197972970624,ok,0.0005488655829903219,14532.306920849065,ok,9.585268016935515,64.05178096318122,0.013927545741395334,8.247607137776868,61.43069878827203,0.011983903367698471,,,0.0032809664999374553
190,6,25.8596,Forward,0.5190218907286742,264.4602108875097,16325.0,16336.364295192232,ok,0.0005414522103709702,14531.665190245361,ok,9.75159023854394,64.05202263199476,0.014169214554950578,7.605876534073104,61.42976634357451,0.011051458670174524,,,0.0032809664999374553
191,6,25.994366666666668,Forward,0.5189370683358676,264.53536060960323,16325.0,16336.506441450076,ok,0.0005523673328529783,14532.199598996836,ok,9.893736496387646,64.05222917275134,0.01437575531151456,8.140285285548089,61.43054284792656,0.011827963022230128,,,0.0032809664999374553
192,6,26.129133333333332,Forward,0.5186933440081005,264.4717243514697,16330.0,16336.697733756882,ok,0.0005380153309999319,14532.33284703859,ok,10.085028803194291,64.05250712349286,0.014653706053039922,8.273533327301266,61.430736459434684,0.012021574530347566,,,0.0032809664999374553
193,6,26.26418333333333,Forward,0.5184152267334938,264.51716893745106,16325.0,16336.80738849081,ok,0.000549135846649059,14532.791951055005,ok,10.194683537121819,64.05266645355226,0.014813036112443357,8.732637343717215,61.43140354481794,0.012688659913603831,,,0.0032809664999374553
194,6,26.400616666666668,Forward,0.5183757955720437,264.3208182517319,16325.0,16336.963620529668,ok,0.0005417749908742601,14532.157121577959,ok,10.350915575980252,64.052893461171,0.015040043731179505,8.097807866670337,61.43048112756639,0.01176624266205334,,,0.0032809664999374553
195,6,26.53595,Forward,0.5183057299906075,264.2727361650268,16325.0,16337.11718555086,ok,0.0005357654668948801,14532.313718582911,ok,10.504480597172005,64.05311659357096,0.015263176131144494,8.254404871622683,61.43070866548662,0.011993780582285288,,,0.0032809664999374553
196,6,26.67043333333333,Forward,0.5180421898901952,264.51808119960333,16325.0,16337.39077692095,ok,0.0005459245969333092,14532.653892763748,ok,10.778071967262804,64.05351412615062,0.015660708710792576,8.594579052460176,61.43120294394136,0.012488059037022811,,,0.0032809664999374553
197,6,26.804933333333334,Forward,0.5178916849227547,264.2054305550482,16325.0,16337.392879942145,ok,0.0005564033780381317,14532.598165325071,ok,10.780174988456565,64.0535171818736,0.015663764433785348,8.538851613782754,61.43112197109325,0.012407086188912638,,,0.0032809664999374553
198,6,26.939983333333334,Forward,0.5178171830527574,264.1611941692663,16330.0,16337.48322646539,ok,0.000547756698309608,14532.594126301,ok,10.870521511702464,64.05364845679809,0.01579503935826947,8.534812589712601,61.43111610232751,0.01240121742317878,,,0.0032809664999374553
199,6,27.075566666666667,Forward,0.5177131901187891,264.09445035565477,16325.0,16337.62877934591,ok,0.0005501206766562714,14533.031023028136,ok,11.016074392222436,64.05385994743118,0.01600652999135892,8.97170931684741,61.43175092016888,0.013036035264545864,,,0.0032809664999374553
200,6,27.210883333333335,Forward,0.5175001602345806,264.1355754467495,16330.0,16337.802230728419,ok,0.0005430011003323669,14533.079281689274,ok,11.18952577473101,64.05411197502806,0.01625855758824283,9.019967977985289,61.43182104076532,0.013106155860989155,,,0.0032809664999374553
201,6,27.346466666666668,Forward,0.5172927266448886,264.0926400273638,16325.0,16337.899422215236,ok,0.000546572658352123,14532.85031612711,ok,11.286717261547892,64.05425319579267,0.016399778352850003,8.791002415820913,61.431488350189056,0.012773465284719992,,,0.0032809664999374553
202,6,27.4815,Forward,0.5168222093619101,264.04122423649096,16330.0,16338.057652073006,ok,0.0005433415441150713,14532.76546095553,ok,11.444947119318385,64.05448310627382,0.01662968883400289,8.706147244241947,61.43136505428522,0.012650169380894256,,,0.0032809664999374553
203,6,27.617866666666668,Forward,0.5168737280101786,264.020223203619,16330.0,16338.240281893575,ok,0.0005490966379283815,14533.552779864944,ok,11.627576939887149,64.0547484702861,0.016895052846278832,9.49346615365539,61.432509041089205,0.01379415618486752,,,0.0032809664999374553
204,6,27.753183333333332,Forward,0.5168117350341764,263.8700481217911,16330.0,16338.336630168535,ok,0.0005381426609329939,14533.200922331704,ok,11.723925214846531,64.05488846585057,0.017035048410746143,9.141608620415354,61.431997786538986,0.013282901634656012,,,0.0032809664999374553
205,6,27.888233333333332,Forward,0.5165505158030159,264.02983417227733,16330.0,16338.47241810586,ok,0.0005535270355150178,14533.161836886773,ok,11.859713152171025,64.05508576786704,0.01723235042722343,9.102523175484748,61.4319409947705,0.013226109866170038,,,0.0032809664999374553
206,6,28.02355,Forward,0.516405717756235,263.85836856494825,16325.0,16338.546410801275,ok,0.0005535796537406668,14535.398633490693,ok,11.93370584758668,64.05519328042152,0.017339862981709114,11.339319779404832,61.43519109554601,0.016476210641678098,,,0.0032809664999374553
207,6,28.159666666666666,Forward,0.5162899472445281,263.87977429032435,16325.0,16338.642317233247,ok,0.0005428671797423762,14533.332296482873,ok,12.029612279558933,64.05533263398115,0.0174792165413412,9.272982771584793,61.43218867525451,0.01347379035017409,,,0.0032809664999374553
208,6,28.29446666666667,Forward,0.5162608932488106,263.93924589001836,16330.0,16338.722311928244,ok,0.0005466583843319624,14534.681142715444,ok,12.1096069745563,64.05544886753579,0.01759545009596652,10.621829004156098,61.434148570123284,0.015433685218951238,,,0.0032809664999374553
209,6,28.429783333333333,Forward,0.5163229074586022,263.82608264405826,16330.0,16338.829543674767,ok,0.00054374885827962,14534.800175331713,ok,12.216838721078602,64.05560467695624,0.017751259516420946,10.740861620424766,61.434321526393774,0.015606641489435353,,,0.0032809664999374553
210,6,28.565616666666667,Forward,0.5160773505023432,263.8109476588743,16330.0,16338.877577244793,ok,0.000553515991240925,14533.436066426242,ok,12.264872291105348,64.05567447049174,0.017821053051926477,9.37675271495391,61.43233945462033,0.013624569715999004,,,0.0032809664999374553
211,6,28.700666666666667,Forward,0.5160150222526498,263.8257664019293,16325.0,16339.011090097272,ok,0.0005492871224322498,14533.500928089456,ok,12.398385143584164,64.05586846677403,0.018015049334208565,9.441614378167287,61.43243369964088,0.013718814736552547,,,0.0032809664999374553
212,6,28.835716666666666,Forward,0.5159229244153851,263.7891331456849,16330.0,16339.042855063817,ok,0.0005430970015614254,14534.906629683483,ok,12.430150110129034,64.05591462177186,0.018061204332039185,10.847315972194338,61.434476206247375,0.015761321343042128,,,0.0032809664999374553
213,6,28.970233333333333,Forward,0.5158648918406801,263.8150894408391,16325.0,16339.097447424361,ok,0.0005459714368432386,14533.676345397991,ok,12.484742470673154,64.05599394533353,0.018140527893703354,9.61703168670283,61.43268858375932,0.013973698854987697,,,0.0032809664999374553
214,6,29.10555,Forward,0.515872635003312,263.86172406057085,16330.0,16339.138839772902,ok,0.0005546931887059311,14535.965379608311,ok,12.526134819214349,64.05605408906936,0.01820067162955223,11.906065897022927,61.436014586601544,0.01729970169721645,,,0.0032809664999374553
215,6,29.24085,Forward,0.5158792989399673,263.77706102618686,16330.0,16339.185184315314,ok,0.0005386818686429451,14533.426383479,ok,12.572479361626392,64.0561214284211,0.018268010981270656,9.367069767711655,61.432325385145134,0.01361050024080126,,,0.0032809664999374553
216,6,29.37615,Forward,0.5154576321400628,264.35389283291806,16325.0,16339.435542178862,ok,0.0005430771290886651,14535.135406961203,ok,12.822837225174226,64.05648520234897,0.018631784909148286,11.076093249914265,61.43480862324337,0.016093738339041253,,,0.0032809664999374553
217,6,29.511466666666667,Forward,0.5157754721108355,263.68045532719225,16330.0,16339.073986067959,ok,0.0005424870747406469,14533.611581853429,ok,12.461281114270605,64.05595985561231,0.018106438172490098,9.552268142140747,61.432594481306715,0.013879596402383383,,,0.0032809664999374553
218,6,29.64625,Forward,0.5158600487051157,263.71771028387775,16325.0,16338.98989960693,ok,0.0005410432875974965,14534.751238082155,ok,12.377194653241531,64.05583767665705,0.017984259217228196,10.691924370867127,61.434250419797635,0.015535534893305973,,,0.0032809664999374553
219,6,29.781833333333335,Forward,0.5160452862918282,263.7196148102048,16325.0,16338.910804311668,ok,0.0005475549828298263,14533.658363762692,ok,12.29809935798039,64.05572274994444,0.017869332504617516,9.599050051403538,61.43266245615938,0.013947571255040203,,,0.0032809664999374553
220,6,29.9169,Forward,0.5161672774708325,263.85820801655973,16330.0,16338.778687540254,ok,0.0005448136670154372,14533.739558404963,ok,12.165982586566315,64.05553078218998,0.017677364750160997,9.680244693674467,61.432780433256326,0.014065548351996344,,,0.0032809664999374553
221,6,30.051933333333334,Forward,0.5165100863319634,263.9516022986154,16330.0,16338.507322393043,ok,0.0005464399556802103,14534.785325409446,ok,11.894617439354988,64.05513648434732,0.017283066907499884,10.72601169815789,61.43429994922229,0.015585064317961101,,,0.0032809664999374553
222,6,30.18723333333333,Forward,0.5168701350133535,263.96195907794026,16330.0,16338.169411400897,ok,0.0005408695498165547,14533.360510180166,ok,11.556706447208853,64.05464549434147,0.016792076901657543,9.301196468877606,61.432229670202055,0.01351478529772123,,,0.0032809664999374553
223,6,30.321483333333333,Forward,0.5173254642865676,264.1462037756173,16325.0,16337.784593970246,ok,0.0005444876734406028,14532.99499057117,ok,11.171889016557543,64.05408634854003,0.016232931100203383,8.935676859880914,61.4316985644401,0.01298367953576613,,,0.0032809664999374553
224,6,30.45705,Forward,0.5179171632389497,264.3618148234982,16325.0,16337.249556967772,ok,0.0005398487294218179,14532.322833929371,ok,10.63685201408407,64.05330893132935,0.01545551388952942,8.263520218082704,61.43072191022892,0.012007025324586317,,,0.0032809664999374553
225,6,30.591316666666668,Forward,0.5186641041692313,264.4297481249141,16325.0,16336.628687281673,ok,0.0005422485435946104,14532.327965437646,ok,10.015982327984602,64.05240679787441,0.014553380434594409,8.268651726357348,61.430729366391446,0.012014481487115229,,,0.0032809664999374553
226,6,30.726933333333335,Forward,0.5195147305989978,264.6870185608477,16325.0,16335.830614952989,ok,0.0005461759109477164,14532.160806635313,ok,9.2179099993009,64.05124718618248,0.013393768742668264,8.10149292402457,61.430486482012896,0.011771597108561259,,,0.0032809664999374553
227,6,30.8625,Forward,0.5205608348308184,265.0090955094329,16325.0,16334.874658205075,ok,0.0005400653309241874,14531.144972291855,ok,8.26195325138724,64.04985816593705,0.012004748497241714,7.085658580566815,61.42901045867592,0.010295573771582996,,,0.0032809664999374553
228,6,30.998066666666666,Forward,0.5217699580194047,265.48997533278816,16320.0,16333.78665571073,ok,0.0005462628987229891,14530.486949554737,ok,7.173950757041894,64.0482772811376,0.010423863697779255,6.427635843449025,61.428054341251354,0.00933945634702128,,,0.0032809664999374553
229,6,31.132316666666668,Forward,0.523089659349433,265.699413925111,16320.0,16332.52395812969,ok,0.0005466936847926874,14528.447862447723,ok,5.911253176001992,64.04644256161944,0.008589144179617576,4.388548736435041,61.425091515495886,0.006376630591554687,,,0.0032809664999374553
230,6,31.2669,Forward,0.5249476526035987,266.31661048722344,16320.0,16331.042700142068,ok,0.0005383301681208142,14527.797316846425,ok,4.429995188380417,64.04429027038032,0.006436852940503914,3.7380031351367506,61.4241462624677,0.005431377563372572,,,0.0032809664999374553
231,6,31.40245,Forward,0.5267822933512601,266.8190039408328,16315.0,16329.28934774476,ok,0.0005542242533227511,14526.774960034965,ok,2.676642791071572,64.04174262166866,0.003889204228839477,2.7156463236769923,61.42266076188176,0.003945876977423889,,,0.0032809664999374553
232,6,31.537483333333334,Forward,0.5290487145444154,267.3287434400081,16320.0,16327.325022959967,ok,0.000542571469093927,14523.855861411543,ok,0.7123180062790198,64.03888842674758,0.00103500930775667,-0.20345229974554968,61.418419265501115,-0.00029561940322291985,,,0.0032809664999374553
233,6,31.67255,Forward,0.531410731080499,267.961731355952,16315.0,16325.206508505997,ok,0.0005305728046203497,14522.66289543129,ok,-1.4061964476914,64.03581019180314,-0.002043225636675628,-1.396418279999125,61.41668586709967,-0.0020290178046608555,,,0.0032809664999374553
234,6,31.80785,Forward,0.5339859144609245,268.7472185653205,16315.0,16322.927355224909,ok,0.0005432649410233499,14521.161923443808,ok,-3.685349728779329,64.03249854610706,-0.005354871332749954,-2.8973902674806595,61.41450493110756,-0.00420995379677572,,,0.0032809664999374553
235,6,31.942633333333333,Forward,0.5368799460639513,269.4849157883418,16310.0,16320.359552936816,ok,0.0005372853978149315,14518.052464351966,ok,-6.253152016872264,64.02876748884721,-0.009085928592608162,-6.006849359322587,61.40998683796127,-0.008728046943061228,,,0.0032809664999374553
236,6,32.077416666666664,Forward,0.5398608286441482,270.27483232683517,16310.0,16317.654841990563,ok,0.0005408291089347161,14515.71879869098,ok,-8.95786296312508,64.02483750114581,-0.013015916294009146,-8.340515020308885,61.40659598491668,-0.012118899987658876,,,0.0032809664999374553
237,6,32.21191666666667,Forward,0.5430850446194906,271.2324794958349,16305.0,16314.61633657674,ok,0.0005435230832543497,14514.900845331407,ok,-11.99636837694743,64.02042250481375,-0.01743091262605932,-9.158468379881015,61.405407485773026,-0.013307399131307334,,,0.0032809664999374553
238,6,32.34748333333334,Forward,0.5463843139198332,272.0393688712429,16300.0,16311.465218067939,ok,0.0005380883247658655,14511.12495851701,ok,-15.147486885749458,64.015843879877,-0.022009537562822312,-12.934355194278396,61.39992106262565,-0.018793822278676365,,,0.0032809664999374553
239,6,32.4828,Forward,0.5500049530173718,273.0582745174397,16295.0,16308.163283253674,ok,0.0005396202737774963,14507.723907128959,ok,-18.449421700013772,64.01104611646761,-0.026807300972204223,-16.335406582329597,61.39497928126991,-0.02373560363442224,,,0.0032809664999374553
240,6,32.61893333333333,Forward,0.5536902315839045,274.0104649338209,16295.0,16304.693616760003,ok,0.000531075817993114,14504.358234709212,ok,-21.91908819368473,64.00600463628024,-0.031848781159571855,-19.701079002075858,61.390088906113604,-0.028625978790729582,,,0.0032809664999374553
241,6,32.75395,Forward,0.5574454741613891,274.8732184487744,16290.0,16301.024820030158,ok,0.0005352291740046123,14502.14352264305,ok,-25.58788492353051,64.00067381671624,-0.03717960072356616,-21.915791068238832,61.38687089452009,-0.03184399038425063,,,0.0032809664999374553
242,6,32.889516666666665,Forward,0.5613769079908896,275.86533924857395,16285.0,16297.389959678048,ok,0.0005381367211344358,14498.513763985728,ok,-29.22274527563968,63.99539230724483,-0.0424611101949904,-25.545549725560704,61.38159679789172,-0.03711808701261371,,,0.0032809664999374553
243,6,33.02483333333333,Forward,0.5650460720646724,276.86647473098856,16285.0,16293.816393041898,ok,0.0005372976835334477,14495.489499983658,ok,-32.796311911790326,63.99019985851027,-0.04765355892954593,-28.56981372763039,61.37720249455576,-0.041512390348572716,,,0.0032809664999374553
244,6,33.1599,Forward,0.5688857254774591,277.7071263963535,16280.0,16290.174496107418,ok,0.0005430720380426977,14492.121354057894,ok,-36.438208846269845,63.98490812477358,-0.052945292666233594,-31.9379596533945,61.37230852535616,-0.04640635954817069,,,0.0032809664999374553
245,6,33.295716666666664,Forward,0.5723334486069803,278.5758437804561,16275.0,16286.602170254662,ok,0.0005302425106645034,14489.683656013012,ok,-40.01053469902581,63.97971747891689,-0.05813593852292968,-34.37565769827597,61.36876651161551,-0.04994837328882049,,,0.0032809664999374553
246,6,33.4305,Forward,0.5759241436432991,279.4929946237462,16270.0,16283.236001692136,ok,0.0005302967324736505,14486.372139337198,ok,-43.37670326155239,63.97482638285729,-0.06302703458252892,-37.68717437409032,61.36395482561004,-0.05476005929429362,,,0.0032809664999374553
247,6,33.56581666666667,Forward,0.5789924561149188,280.3137914521176,16270.0,16279.976690159416,ok,0.0005369674288953332,14484.820837006288,ok,-46.63601479427234,63.97009055174884,-0.06776286569097688,-39.23847670500072,61.36170075883441,-0.0570141260699241,,,0.0032809664999374553
248,6,33.701033333333335,Forward,0.5820276641005813,281.01635080701817,16265.0,16276.917247414565,ok,0.0005314170036888861,14481.206150503238,ok,-49.6954575391228,63.96564513314429,-0.07220828429552704,-42.85316320805032,61.35644856228413,-0.06226632262020094,,,0.0032809664999374553
249,6,33.83635,Forward,0.5849291715806191,281.7185605733921,16265.0,16273.882061053593,ok,0.0005370771571859052,14478.142046042673,ok,-52.73064390009495,63.961234959448426,-0.07661845799139139,-45.91726766861575,61.35199637013306,-0.06671851477127468,,,0.0032809664999374553
250,6,33.97085,Forward,0.5878232086735473,282.4947430189295,16260.0,16271.018210155431,ok,0.0005230275735482949,14475.085940601792,ok,-55.594494798257074,63.95707373888472,-0.08077967855509569,-48.973373109496606,61.34755580068386,-0.07115908422047443,,,0.0032809664999374553
251,6,34.10561666666667,Forward,0.5901392377759467,283.1388810503995,16260.0,16268.547989803534,ok,0.000525913638520493,14472.023160366052,ok,-58.06471515015437,63.95348446971858,-0.08436894772123577,-52.036153345236016,61.34310553265236,-0.07560935225197178,,,0.0032809664999374553
252,6,34.24065,Forward,0.5924139555547229,283.6090832704758,16250.0,16266.103281966698,ok,0.0005242857337611399,14471.031286116176,ok,-60.5094229869901,63.949932270639565,-0.0879211468002515,-53.02802759511178,61.341664323709594,-0.07705056119474202,,,0.0032809664999374553
253,6,34.37566666666667,Forward,0.59443870494668,284.125168031911,16255.0,16263.922858677479,ok,0.0005351988301104843,14469.417330116812,ok,-62.68984627620921,63.94676408118023,-0.09108933625959137,-54.64198359447619,61.33931922016465,-0.07939566473968532,,,0.0032809664999374553
254,6,34.5115,Forward,0.5964270591365537,284.5182107018354,16250.0,16262.009457656379,ok,0.0005265451063672448,14466.804709915927,ok,-64.60324729730928,63.94398387929167,-0.09386953814814782,-57.25460379536162,61.33552304177,-0.08319184313432541,,,0.0032809664999374553
255,6,34.646033333333335,Forward,0.5977810243447171,285.09995596646877,16250.0,16260.235420694878,ok,0.0005312545131541687,14465.461063916353,ok,-66.3772842588096,63.941406175581704,-0.09644724185810845,-58.59824979493533,61.33357070292187,-0.08514418198246632,,,0.0032809664999374553
256,6,34.7824,Forward,0.5994458559994205,285.34191429918246,16245.0,16258.680535078829,ok,0.0005312941814389697,14464.534353059275,ok,-67.93216987485903,63.9391469022362,-0.09870651520361158,-59.52496065201376,61.3322241774175,-0.08649070748683442,,,0.0032809664999374553
257,6,34.918,Forward,0.6006603969754787,285.6482195566987,16250.0,16257.318123840476,ok,0.0005198032973753107,14462.448970336141,ok,-69.29458111321219,63.93716729719989,-0.10068612023992658,-61.61034337514684,61.32919408340099,-0.08952080150334343,,,0.0032809664999374553
258,6,35.05385,Forward,0.6018160924086414,285.9993479267305,16245.0,16256.164605535434,ok,0.0005288015625791199,14461.514153587832,ok,-70.44809941825406,63.935491216893254,-0.10236220054656196,-62.5451601234563,61.3278357799087,-0.09087910499562961,,,0.0032809664999374553
259,6,35.189433333333334,Forward,0.6027296630871991,286.24251809055386,16245.0,16255.10703641907,ok,0.0005277773348859992,14460.644468859537,ok,-71.50566853461896,63.93395455227242,-0.10389886516739832,-63.414844851751695,61.326572114269666,-0.09214277063466299,,,0.0032809664999374553
260,6,35.325266666666664,Forward,0.603617373299808,286.45557517913403,16240.0,16254.226011132483,ok,0.0005192102153454466,14460.099680864749,ok,-72.38669382120497,63.93267440862317,-0.10517900881664974,-63.959632846539535,61.32578052871324,-0.09293435619109863,,,0.0032809664999374553
261,6,35.459783333333334,Forward,0.6041690333630285,286.5708522046061,16240.0,16253.42993384151,ok,0.000533309191468625,14458.005025998842,ok,-73.18277111217867,63.93151769575253,-0.10633572168728964,-66.05428771244624,61.32273696212691,-0.09597792277742753,,,0.0032809664999374553
262,6,35.594033333333336,Forward,0.6048795137579892,286.7635304856922,16240.0,16252.77757017512,ok,0.0005352582399510867,14457.952621577124,ok,-73.83513477856832,63.93056980104707,-0.10728361639274941,-66.1066921341644,61.322660817674894,-0.09605406722943884,,,0.0032809664999374553
263,6,35.72933333333334,Forward,0.6054313906650121,286.83425991952936,16240.0,16252.258903995094,ok,0.000534102503413574,14457.83300677207,ok,-74.35380095859364,63.92981617089984,-0.10803724653997684,-66.22630693921747,61.32248701547492,-0.09622786942941709,,,0.0032809664999374553
264,6,35.86566666666667,Forward,0.605766575855333,286.8025407526711,16240.0,16251.756829832942,ok,0.0005270108306864267,14456.4631113587,ok,-74.85587512074562,63.9290866492165,-0.10876676822331315,-67.59620235258808,61.32049653581416,-0.09821834909017745,,,0.0032809664999374553
265,6,36.0015,Forward,0.6060815340321362,286.96578109276015,16240.0,16251.424530734506,ok,0.000533098909007397,14457.456532436105,ok,-75.18817421918175,63.92860381338081,-0.10924960405900563,-66.60278127518359,61.321939992321745,-0.09677489258258981,,,0.0032809664999374553
266,6,36.1376,Forward,0.606443681677745,287.1070273646601,16240.0,16251.039361575211,ok,0.0005276074942841403,14456.684994050642,ok,-75.57334337847715,63.92804415651209,-0.10980926092773205,-67.3743196606465,61.320818934868186,-0.09789595003615202,,,0.0032809664999374553
267,6,36.27265,Forward,0.6067068028601907,287.15919475695046,16235.0,16250.7804769231,ok,0.0005269434939305463,14456.335571801394,ok,-75.83222803058743,63.92766799302582,-0.11018542441399456,-67.72374190989467,61.32031121882405,-0.09840366608028002,,,0.0032809664999374553
268,6,36.40743333333333,Forward,0.6068776893377916,287.2051575788337,16235.0,16250.500009274681,ok,0.0005355075749511264,14456.487793379376,ok,-76.11269567900672,63.927260469105214,-0.1105929483346027,-67.57152033191232,61.320532399179825,-0.09818248572450586,,,0.0032809664999374553
269,6,36.54246666666667,Forward,0.6071343686347528,287.2348785263821,16240.0,16250.33485680817,ok,0.0005211234306588263,14455.803500449862,ok,-76.27784814551887,63.927020499964286,-0.11083291747553733,-68.25581326142674,61.31953811075101,-0.09917677415332042,,,0.0032809664999374553
270,6,36.677233333333334,Forward,0.6072228103827314,287.20753063554184,16240.0,16250.158153077096,ok,0.0005332697369744004,14456.490889117385,ok,-76.45455187659172,63.92676374665359,-0.11108967078622663,-67.56842459390282,61.32053689733603,-0.0981779875683088,,,0.0032809664999374553
271,6,36.813066666666664,Forward,0.6074288024178189,287.2906382367528,16235.0,16249.968067831353,ok,0.0005199278208240312,14456.359753137147,ok,-76.64463712233555,63.92648754979085,-0.11136586764897308,-67.69956057414129,61.32034635468663,-0.09836853021770442,,,0.0032809664999374553
272,6,36.94838333333333,Forward,0.6074918589489788,287.26021705932544,16235.0,16249.85529500809,ok,0.0005286925214139668,14455.793465796276,ok,-76.75740994559783,63.92632368909842,-0.11152972834140198,-68.26584791501227,61.31952353024094,-0.09919135466338698,,,0.0032809664999374553
273,6,37.083666666666666,Forward,0.607645772322005,287.3074444522226,16235.0,16249.773076656316,ok,0.0005300649770921352,14455.995609323594,ok,-76.83962829737175,63.9262042245354,-0.11164919290442622,-68.06370438769409,61.31981724797717,-0.09889763692716128,,,0.0032809664999374553
274,6,37.21843333333333,Forward,0.6076626490293655,287.3421644304799,16240.0,16249.68428767085,ok,0.0005308646135760163,14455.428985545992,ok,-76.92841728283747,63.926075212737885,-0.1117782047019285,-68.6303281652963,61.318993934683604,-0.0997209502207253,,,0.0032809664999374553
275,6,37.35346666666667,Forward,0.6076880866121478,287.38250956422416,16235.0,16249.616959437932,ok,0.0005321643778011294,14455.854490811053,ok,-76.99574551575643,63.92597738375262,-0.11187603368720145,-68.20482290023574,61.31961220055075,-0.09910268435357741,,,0.0032809664999374553
276,6,37.48905,Forward,0.607860074942693,287.42975763144386,16235.0,16249.563725872777,ok,0.0005314210248766069,14456.22605827929,ok,-77.04897908091152,63.9259000345421,-0.11195338289771546,-67.83325543199862,61.320152093947655,-0.09856279095667463,,,0.0032809664999374553
277,6,37.62381666666667,Forward,0.6078106755668945,287.43361759987783,16240.0,16249.553523184944,ok,0.0005244967880321323,14455.465652160032,ok,-77.05918176874366,63.925885209875624,-0.11196820756419491,-68.59366155125645,61.31904721185263,-0.09966767305170718,,,0.0032809664999374553
278,6,37.758833333333335,Forward,0.6080564137775849,287.4453103731794,16240.0,16249.49749639723,ok,0.0005281098550009273,14455.586946430443,ok,-77.11520855645722,63.92580380206864,-0.1120496153711801,-68.47236728084499,61.31922345434228,-0.09949143056205119,,,0.0032809664999374553
279,6,37.893633333333334,Forward,0.6079216816478622,287.3673043076669,16240.0,16249.482782988363,ok,0.000526879380848155,14455.265286710419,ok,-77.12992196532468,63.92578242325329,-0.11207099418653002,-68.79402700086939,61.318756077691376,-0.0999588072129585,,,0.0032809664999374553
280,6,38.02838333333333,Forward,0.6079534007885975,287.40966125695013,16235.0,16249.412402952179,ok,0.0005368344875812558,14456.034928260147,ok,-77.20030200150904,63.92568015994969,-0.11217325749012329,-68.02438545114092,61.319874379012674,-0.09884050589166182,,,0.0032809664999374553
281,6,38.162933333333335,Forward,0.6079872245003628,287.4760085082853,16235.0,16249.309260177919,ok,0.0005207413257143859,14455.865193641057,ok,-77.3034447757691,63.92553029187049,-0.11232312556933226,-68.19412007023129,61.319627751931705,-0.09908713297262635,,,0.0032809664999374553
282,6,38.29783333333334,Forward,0.6081082879688261,287.5060332022658,16235.0,16249.24399604847,ok,0.0005236689377396418,14455.202476196831,ok,-77.36870890521823,63.925435462060136,-0.11241795537967968,-68.85683751445686,61.3186648130236,-0.10005007188072619,,,0.0032809664999374553
283,6,38.432066666666664,Forward,0.6084376609755938,287.48800075139116,16235.0,16249.219965955072,ok,0.0005230116002556033,14455.200679924541,ok,-77.39273899861655,63.92540054595509,-0.11245287148472585,-68.8586337867473,61.31866220301161,-0.10005268189272012,,,0.0032809664999374553
284,6,38.567366666666665,Forward,0.6083126671371046,287.3925131296255,16235.0,16249.186707351058,ok,0.0005373649449932146,14455.795411415946,ok,-77.42599760262965,63.92535222067844,-0.11250119676137633,-68.26390229534263,61.31952635725704,-0.0991885276472935,,,0.0032809664999374553
285,6,38.70218333333333,Forward,0.6081373539673097,287.47190768947803,16235.0,16249.214395809833,ok,0.0005262522238072237,14455.485623080454,ok,-77.39830914385493,63.92539245244613,-0.11246096499368739,-68.57369063083388,61.31907622991526,-0.09963865498907278,,,0.0032809664999374553
286,6,38.8373,Forward,0.6082416724909194,287.44416922800156,16235.0,16249.127110574711,ok,0.0005206593784946311,14455.27099080311,ok,-77.48559437897711,63.92526562562162,-0.11258779181820233,-68.78832290817809,61.3187643658281,-0.09995051907623337,,,0.0032809664999374553
287,6,38.97266666666667,Forward,0.6082671675155102,287.5569163814307,16240.0,16249.196174545003,ok,0.0005207493225657594,14454.824683635146,ok,-77.4165304086855,63.92536597666069,-0.11248744077912662,-69.23463007614191,61.31811587446765,-0.10059901043667799,,,0.0032809664999374553
288,6,39.10851666666667,Forward,0.6081009496998251,287.42639944517214,16235.0,16249.507421453876,ok,0.0005279539225693951,14455.166053549077,ok,-77.10528349981178,63.92581822333262,-0.1120351941071976,-68.89326016221094,61.31861189034146,-0.10010299456287983,,,0.0032809664999374553
289,6,39.24381666666667,Forward,0.6073771041323744,287.3322511056922,16240.0,16250.159012232622,ok,0.0005291222188423941,14455.730652064396,ok,-76.45369272106655,63.926764995020136,-0.11108842241968593,-68.32866164689221,61.319432260896946,-0.09928262400738445,,,0.0032809664999374553
290,6,39.37886666666667,Forward,0.6062635246465693,287.17367029927664,16240.0,16251.15024593999,ok,0.000523331749633079,14455.195631672534,ok,-75.4624590136973,63.92820527324453,-0.10964814419528926,-68.86368203875463,61.318654867821756,-0.10006001708257833,,,0.0032809664999374553
291,6,39.514716666666665,Forward,0.6049518406624874,286.9865091767915,16240.0,16252.479469858365,ok,0.0005235205027002943,14453.880478604486,ok,-74.13323509532347,63.93013665658102,-0.10771676085879839,-70.17883510680258,61.31674392965291,-0.10197095525142365,,,0.0032809664999374553
292,6,39.65125,Forward,0.6033130781874143,286.6241487372881,16240.0,16254.037667591327,ok,0.0005263740616442694,14455.643500573518,ok,-72.5750373623614,63.93240074248468,-0.10545267495513619,-68.41581313776987,61.31930562840493,-0.09940925649940083,,,0.0032809664999374553
293,6,39.78628333333333,Forward,0.6012903802552216,286.3667902752968,16245.0,16255.898015529712,ok,0.0005267719747443037,14454.841063485932,ok,-70.71468942397587,63.93510385740656,-0.10274956003325854,-69.21825022535631,61.318139674649416,-0.10057521025491462,,,0.0032809664999374553
294,6,39.92111666666667,Forward,0.5993000638225715,285.946409040449,16245.0,16257.85221772684,ok,0.0005279320130602381,14455.205926028784,ok,-68.76048722684754,63.937943344047966,-0.09991007339184677,-68.85338768250404,61.3186698256839,-0.10004505922043978,,,0.0032809664999374553
295,6,40.05628333333333,Forward,0.5966264586426758,285.5249754357501,16245.0,16260.106992813178,ok,0.0005285597848105827,14455.364750298479,ok,-66.50571214050979,63.94121956784224,-0.09663384959757797,-68.69456341280966,61.318900599854956,-0.09981428504937812,,,0.0032809664999374553
296,6,40.190783333333336,Forward,0.5941410459025063,285.057001205294,16250.0,16262.758281043334,ok,0.0005192008206316021,14455.653110437752,ok,-63.854423910353944,63.94507193149382,-0.09278148594599547,-68.40620327353645,61.319319591689364,-0.0993952932149686,,,0.0032809664999374553
297,6,40.326633333333334,Forward,0.5904740300266902,284.32456223535337,16255.0,16266.182657838435,ok,0.0005197431092233802,14456.918591185897,ok,-60.43004711525282,63.95004760503423,-0.08780581240559181,-67.14072252539154,61.32115835519326,-0.09755652971106835,,,0.0032809664999374553
298,6,40.461666666666666,Forward,0.5851704699175067,283.3481406323717,16260.0,16271.234462699786,ok,0.0005225794155558426,14459.019364824337,ok,-55.3782422539025,63.95738795724543,-0.08046546019439153,-65.0399488869516,61.32421081245268,-0.09450407245165789,,,0.0032809664999374553
299,6,40.596983333333334,Forward,0.5779077750224146,281.57316086994615,16265.0,16278.451213842263,ok,0.000525109694668551,14463.689647945766,ok,-48.161491111424766,63.96787401057889,-0.06997940686092824,-60.36966576552186,61.33099680755308,-0.08771807735125432,,,0.0032809664999374553
300,6,40.73258333333333,Forward,0.5690333292048905,279.47462684912716,16275.0,16287.082350587678,ok,0.0005239414113724373,14471.94693536243,ok,-39.530354366010215,63.98041518852087,-0.05743822891894395,-52.11237834885833,61.34299477651881,-0.0757201083855209,,,0.0032809664999374553
301,6,40.86815,Forward,0.5595092505956947,277.1164584253893,16285.0,16296.22069596105,ok,0.0005353026823519393,14480.249753714543,ok,-30.392008992637784,63.99369334860606,-0.04416006883375483,-43.80955999674552,61.3550589026525,-0.06365598225182954,,,0.0032809664999374553
302,6,41.00265,Forward,0.5509758745145001,275.15411496346496,16295.0,16304.331043459311,ok,0.0005238524435724633,14485.549097091221,ok,-22.28166149437675,64.00547781155078,-0.03237560588904992,-38.510216620066785,61.362758932234115,-0.055955952670220604,,,0.0032809664999374553
303,6,41.13848333333333,Forward,0.5443356342372491,273.31663840015426,16300.0,16310.483482957505,ok,0.0005273543569320649,14491.581395893489,ok,-16.129221996183333,64.01441740326389,-0.02343601417592728,-32.47791781779961,61.371523957619516,-0.04719092728481665,,,0.0032809664999374553
304,6,41.2738,Forward,0.5401262244530461,272.2035953124505,16305.0,16314.41489132255,ok,0.0005287296516155152,14494.816378145435,ok,-12.197813631137251,64.02012980167942,-0.017723615760406597,-29.24293556585326,61.37622443789894,-0.04249044700539412,,,0.0032809664999374553
305,6,41.40936666666666,Forward,0.5372354073602726,271.529698336346,16310.0,16316.893448457067,ok,0.0005406237251295868,14496.988069100884,ok,-9.719256496620801,64.0237311843223,-0.01412223311751666,-27.071244610404392,61.37937993913946,-0.03933494576487079,,,0.0032809664999374553
306,6,41.5444,Forward,0.5356555901669877,271.01164255912227,16310.0,16318.482620035416,ok,0.0005327366151415348,14499.749560057524,ok,-8.130084918271677,64.02604027571226,-0.011813141727554774,-24.309753653764346,61.38339242909228,-0.035322455812049416,,,0.0032809664999374553
307,6,41.67945,Forward,0.5343216814833788,270.6796305814514,16310.0,16319.663721920051,ok,0.0005376681048264907,14499.532455934865,ok,-6.948983033636978,64.02775643539547,-0.010096982044337365,-24.52685777642364,61.383076973374855,-0.03563791152947332,,,0.0032809664999374553
308,6,41.814483333333335,Forward,0.5331610420504986,270.35177446001944,16310.0,16320.68114982106,ok,0.0005383750664708947,14500.662927750027,ok,-5.931555132627182,64.02923477419674,-0.008618643243080128,-23.39638596126133,61.384719566767885,-0.03399531813644424,,,0.0032809664999374553
309,6,41.950066666666665,Forward,0.5321994068557042,270.04457688591174,16310.0,16321.621178505413,ok,0.0005386359215860225,14501.24648595951,ok,-4.991526448275181,64.03060065071438,-0.00725276672544866,-22.81282775177897,61.3855674860583,-0.03314739884603187,,,0.0032809664999374553
310,6,42.08565,Forward,0.5313721164140253,269.87211316508365,16310.0,16322.395333412864,ok,0.0005335314462611823,14500.886341655,ok,-4.217371540824388,64.03172551001569,-0.0061279074241337135,-23.172972056288927,61.38504419069862,-0.03367069420571333,,,0.0032809664999374553
311,6,42.222116666666665,Forward,0.5303870633015488,269.6457749657111,16315.0,16323.14008823753,ok,0.0005307026313048257,14501.956989887278,ok,-3.472616716158882,64.0328076505326,-0.00504576690721472,-22.102323824010455,61.38659985948134,-0.032115025422987956,,,0.0032809664999374553
312,6,42.357416666666666,Forward,0.5296738744074241,269.4856284833386,16315.0,16323.859827678632,ok,0.0005347129981206969,14501.73848945883,ok,-2.7528772750556527,64.03385344330232,-0.003999974137503899,-22.320824252457896,61.38628237490957,-0.03243250999476409,,,0.0032809664999374553
313,6,42.49386666666667,Forward,0.5289598756334839,269.19721325415594,16315.0,16324.417113466361,ok,0.0005340691374206789,14502.283434696012,ok,-2.195591487326965,64.03466318834919,-0.0031902290906353735,-21.775879015276587,61.38707418894168,-0.03164069596264851,,,0.0032809664999374553
314,6,42.62813333333333,Forward,0.5283530922195497,269.09077265851556,16310.0,16324.985319203628,ok,0.0005320388712844631,14502.725634539178,ok,-1.627385750060057,64.03548880025511,-0.0023646171847057787,-21.33367917211035,61.38771671229436,-0.030998172609972913,,,0.0032809664999374553
315,6,42.76425,Forward,0.5277792692145401,268.90484956521505,16315.0,16325.489451266652,ok,0.0005319162539158158,14502.791168143558,ok,-1.1232536870356853,64.0362213121009,-0.0016321053389159199,-21.268145567730244,61.38781193365604,-0.030902951248296867,,,0.0032809664999374553
316,6,42.900816666666664,Forward,0.5272159654891818,268.7696049095648,16315.0,16325.980032539183,ok,0.0005298245411650257,14503.271181181357,ok,-0.6326724145055778,64.03693413443419,-0.0009192830056266483,-20.788132529931318,61.388509400177426,-0.030205484726901877,,,0.0032809664999374553
317,6,43.035833333333336,Forward,0.5267707130056616,268.67377007832147,16315.0,16326.42661020923,ok,0.0005401845978946155,14503.94064063069,ok,-0.18609474445838714,64.03758301883843,-0.0002703986013847629,-20.118673080598455,61.38948213532538,-0.02923274957895202,,,0.0032809664999374553
318,6,43.17146666666667,Forward,0.5263221667566113,268.4915694780302,16315.0,16326.834004424993,ok,0.0005429513727374345,14505.152072925599,ok,0.2212994713045191,64.03817496906505,0.0003215516252330818,-18.907240785689282,61.39124236557352,-0.027472519330810748,,,0.0032809664999374553
319,6,43.3073,Forward,0.5259015116232836,268.47842591886365,16315.0,16327.170758429995,ok,0.0005338963181578472,14505.576721573225,ok,0.558053476306668,64.03866427795032,0.0008108605104910427,-18.48259213806341,61.391859386762015,-0.026855498142318007,,,0.0032809664999374553
320,6,43.44291666666667,Forward,0.5253416684112975,268.4505173414964,16320.0,16327.542356617787,ok,0.0005452204928869542,14505.25376987434,ok,0.9296516640988557,64.0392042159832,0.00135079854339228,-18.805543836948345,61.39139013284543,-0.027324752058904816,,,0.0032809664999374553
321,6,43.57848333333333,Forward,0.5253315928881294,268.08310131411963,16315.0,16327.635757193751,ok,0.0005258658118817983,14505.517245253446,ok,1.0230522400634072,64.03933992849451,0.0014865110546878014,-18.542068457842106,61.391772966730485,-0.026941918173848067,,,0.0032809664999374553
322,6,43.714333333333336,Forward,0.5253802151335422,268.37173125234585,16315.0,16327.648207926979,ok,0.0005324182055654891,14506.154080716491,ok,1.0355029732909315,64.03935801960642,0.0015046021666143407,-17.90523299479719,61.39269829871135,-0.026016586192975984,,,0.0032809664999374553
323,6,43.84936666666667,Forward,0.5249306986771445,268.2372172843243,16320.0,16327.971073075734,ok,0.0005334037105413114,14506.290318463283,ok,1.3583681220461585,64.03982714776431,0.001973730324496406,-17.768995248005012,61.39289625430809,-0.025818630596241475,,,0.0032809664999374553
324,6,43.98466666666667,Forward,0.5247696016243137,268.1438338677399,16320.0,16328.21810115855,ok,0.0005417446175820415,14506.149405032074,ok,1.6053962048627,64.04018608346823,0.0023326660284076384,-17.909908679213913,61.39269150486809,-0.026023380036243715,,,0.0032809664999374553
325,6,44.11945,Forward,0.5243429367391768,268.0689920092864,16320.0,16328.51307905059,ok,0.0005325857124930003,14506.447155271979,ok,1.9003740969019418,64.04061469100188,0.002761273562053878,-17.612158439309496,61.39312414066695,-0.025590744237385166,,,0.0032809664999374553
326,6,44.25533333333333,Forward,0.5241764564506679,267.96048791271096,16320.0,16328.729591621794,ok,0.0005367407601576163,14506.130690095404,ok,2.116886668105508,64.04092928718569,0.0030758697458743967,-17.928623615884135,61.39266431176968,-0.026050573134659045,,,0.0032809664999374553
327,6,44.390366666666665,Forward,0.5236779410061942,267.85218377435194,16315.0,16328.979696887454,ok,0.0005325120813179453,14506.32685976402,ok,2.3669919337662577,64.04129269408486,0.0034392766450345915,-17.732453947268368,61.3929493493949,-0.02576553550943112,,,0.0032809664999374553
328,6,44.52486666666667,Forward,0.5235530965885022,267.8352680602893,16320.0,16329.180748922674,ok,0.0005345299382518557,14506.744193981358,ok,2.568043968985876,64.04158482586583,0.0037314084260108202,-17.315119729930302,61.393555742600725,-0.025159142303611968,,,0.0032809664999374553
329,6,44.660183333333336,Forward,0.5231895385594338,267.77904818632123,16320.0,16329.446508478857,ok,0.0005336876801789557,14506.586728117089,ok,2.83380352516906,64.04197097869624,0.004117561256418329,-17.4725855941997,61.39332694221419,-0.02538794269014738,,,0.0032809664999374553
330,6,44.79443333333333,Forward,0.5230435008032646,267.7512963914596,16320.0,16329.631206628144,ok,0.0005462245491009832,14506.75599290294,ok,3.0185016744562745,64.04223934802279,0.0043859305829727635,-17.30332080834887,61.393572886620035,-0.025141998284296682,,,0.0032809664999374553
331,6,44.93001666666667,Forward,0.5228248895744128,267.5498850175445,16315.0,16329.823468293022,ok,0.000535426010634775,14506.761012659445,ok,3.2107633393334254,64.0425187072569,0.004665289817076834,-17.298301051843737,61.39358018040548,-0.02513470449885298,,,0.0032809664999374553
332,6,45.06505,Forward,0.5226431896665824,267.542871030284,16320.0,16330.0755363554,ok,0.0005301540671293824,14506.840725407304,ok,3.46283140171181,64.04288496613067,0.0050315486908524085,-17.21858830398378,61.39369600428647,-0.025018880617869124,,,0.0032809664999374553
333,6,45.2009,Forward,0.5222803325620264,267.41521964942876,16320.0,16330.368887759927,ok,0.0005371584226402589,14506.909221146103,ok,3.7561828062389395,64.04331121035229,0.00545779291246786,-17.150092565185332,61.39379552967621,-0.024919355228123056,,,0.0032809664999374553
334,6,45.335683333333336,Forward,0.5220131502261699,267.27221782169545,16320.0,16330.56647167516,ok,0.0005401261385485336,14507.75326633897,ok,3.9537667214717658,64.04359830290016,0.00574488546035563,-16.306047372318062,61.39502194066552,-0.023692944238811766,,,0.0032809664999374553
335,6,45.469966666666664,Forward,0.5216184851341057,267.33249118836466,16320.0,16330.89376440311,ok,0.0005323463402637252,14508.564560783758,ok,4.281059449422173,64.04407386440052,0.006220446960701941,-15.494752927530499,61.39620076430087,-0.022514120603462737,,,0.0032809664999374553
336,6,45.60503333333333,Forward,0.521357896798333,267.32145387048695,16320.0,16331.234141625608,ok,0.0005341316791387244,14507.647460914905,ok,4.621436671919582,64.044568437878,0.00671502043817653,-16.411852796383755,61.39486820371411,-0.02384668119022085,,,0.0032809664999374553
337,6,45.74086666666667,Forward,0.5208257744128273,267.14216147324805,16320.0,16331.506585292156,ok,0.0005246442668954718,14509.519945971833,ok,4.89388033846808,64.04496430282627,0.007110885386460029,-14.539367739454974,61.39758895406083,-0.021125930843503626,,,0.0032809664999374553
338,6,45.87511666666666,Forward,0.5204869451798267,267.0086962353107,16320.0,16331.898496749325,ok,0.0005371141040053013,14508.341937694866,ok,5.285791795637124,64.04553375636024,0.007680338920430574,-15.71737601642235,61.39587728943839,-0.022837595465944802,,,0.0032809664999374553
339,6,46.01018333333333,Forward,0.5202571156417285,266.92594659696806,16320.0,16332.264410662608,ok,0.0005371038401288103,14510.449326530314,ok,5.651705708920417,64.04606543505255,0.00821201761273858,-13.609987180974713,61.39893935868348,-0.01977552622085483,,,0.0032809664999374553
340,6,46.14521666666667,Forward,0.5196698504351138,266.77438973406606,16320.0,16332.673174566125,ok,0.0005381404780148882,14508.603033683028,ok,6.060469612437373,64.0466593754571,0.008805958017284914,-15.456280028260153,61.396256666030844,-0.02245821887349075,,,0.0032809664999374553
341,6,46.28053333333333,Forward,0.5192505444487316,266.7335566878628,16320.0,16333.062655573813,ok,0.0005345884295940295,14510.251720965538,ok,6.449950620124582,64.04722529750961,0.00937188006979134,-13.807592745750298,61.398652234678465,-0.020062650225869987,,,0.0032809664999374553
342,6,46.416133333333335,Forward,0.5185704054094682,266.57896349608563,16325.0,16333.464889689072,ok,0.0005258271597500957,14508.674663148446,ok,6.852184735384071,64.04780975002873,0.00995633258892051,-15.38465056284258,61.39636074477484,-0.022354140129498167,,,0.0032809664999374553
343,6,46.55116666666667,Forward,0.5180546153591212,266.46328349640316,16325.0,16333.940446474928,ok,0.0005382606780811006,14509.090602311875,ok,7.327741521239659,64.04850074154571,0.010647324105895554,-14.968711399413223,61.3969651109453,-0.02174977395903065,,,0.0032809664999374553
344,6,46.687016666666665,Forward,0.5171254915460728,266.1029877884612,16325.0,16334.787969288736,ok,0.0005335755682156323,14510.728862904753,ok,8.175264335048269,64.04973220557315,0.011878788133332242,-13.330450806535737,61.3993455294483,-0.019369355456041164,,,0.0032809664999374553
345,6,46.82261666666667,Forward,0.5165912000113433,266.15622962593625,16320.0,16335.299606763907,ok,0.000541637098143664,14512.202781885111,ok,8.686901810218842,64.05047562290127,0.012622205461450771,-11.85653182617716,61.401487156993994,-0.017227727910334015,,,0.0032809664999374553
346,6,46.95765,Forward,0.516189487293555,265.7423170840175,16325.0,16335.684649131445,ok,0.0005339211565132704,14512.55507500071,ok,9.07194417775645,64.05103509553956,0.01318167809975157,-11.504238710578647,61.40199904445225,-0.016715840452079547,,,0.0032809664999374553
347,6,47.0927,Forward,0.5158156207395718,265.77702040856457,16320.0,16336.137330121619,ok,0.0005297333320640836,14512.030529707728,ok,9.524625167930935,64.05169284816431,0.013839430724485265,-12.02878400355985,61.401236871861094,-0.01747801304323939,,,0.0032809664999374553
348,6,47.22721666666666,Forward,0.5149236826890359,265.55272977487584,16330.0,16336.610507952666,ok,0.0005356872748695013,14511.911401382946,ok,9.997802998977932,64.05238038302238,0.014526965582569308,-12.1479123283425,61.40106377652462,-0.017651108379705172,,,0.0032809664999374553
349,6,47.363083333333336,Forward,0.5143774575552239,265.26104354217205,16325.0,16337.07237167629,ok,0.0005301582012776748,14512.671731248853,ok,10.459666722601469,64.05305147830379,0.015198060863962864,-11.387582462435603,61.40216854782234,-0.01654633708199525,,,0.0032809664999374553
350,6,47.49785,Forward,0.5138106747911197,265.31418026523716,16330.0,16337.527084185178,ok,0.000533243255455323,14513.225981277457,ok,10.914379231489875,64.05371218275728,0.015858765317457387,-10.833332433830947,61.402973881863275,-0.015741003041056353,,,0.0032809664999374553
351,6,47.63235,Forward,0.5133843225137362,265.1043830452636,16325.0,16337.984459668773,ok,0.0005375089314211427,14515.02411544149,ok,11.371754715084535,64.05437675655506,0.016523339115237744,-9.035198269797547,61.405586599188915,-0.01312828571541735,,,0.0032809664999374553
352,6,47.7674,Forward,0.5128149803448914,264.9844993794777,16325.0,16338.397402940775,ok,0.0005425390948486636,14513.37886285425,ok,11.784697987086474,64.054976769648,0.01712335220816816,-10.680450857038522,61.40319602120774,-0.015518863696592423,,,0.0032809664999374553
353,6,47.90298333333333,Forward,0.5122555399318973,264.83924970092085,16330.0,16338.87693027566,ok,0.000527346729764467,14515.402552693411,ok,12.264225321971026,64.05567353043537,0.01782011299556127,-8.656761017877216,61.406136474489955,-0.012578410414376634,,,0.0032809664999374553
354,6,48.0383,Forward,0.5117366538742554,264.6347340306256,16330.0,16339.39926185063,ok,0.0005333444651423821,14515.118343333623,ok,12.786556896942784,64.05643248645933,0.018579069019507698,-8.940970377665508,61.405723513803665,-0.012991371100670479,,,0.0032809664999374553
355,6,48.17333333333333,Forward,0.5111047838074356,264.5192343062099,16330.0,16339.758725093245,ok,0.0005388809853275952,14515.497864299721,ok,13.14602013955664,64.05695479222533,0.019101374785502893,-8.561449411567082,61.40627496375851,-0.012439921145821507,,,0.0032809664999374553
356,6,48.30811666666666,Forward,0.5106310991094725,264.3387538407751,16330.0,16340.30085889167,ok,0.0005331552840216498,14515.791758487283,ok,13.688153937981042,64.05774252119254,0.01988910375272339,-8.267555224005264,61.406701996652444,-0.012012888251888294,,,0.0032809664999374553
357,6,48.44343333333333,Forward,0.510283849458743,264.2541841052662,16330.0,16340.586231189838,ok,0.0005320286253643597,14514.610922675032,ok,13.973526236150065,64.05815717164666,0.02030375420684255,-9.448391036255998,61.4049862235766,-0.01372866132773159,,,0.0032809664999374553
358,6,48.57848333333333,Forward,0.5097322288477959,264.18512171333896,16330.0,16340.98136390292,ok,0.0005356648802623293,14516.291879296788,ok,14.368658949231758,64.05873130571632,0.020877888276504834,-7.767434414499803,61.407428680083555,-0.011286204820782955,,,0.0032809664999374553
359,6,48.71353333333333,Forward,0.5092146673226602,263.9387977084425,16330.0,16341.403895865551,ok,0.0005300924410165366,14516.405059226978,ok,14.791190911862941,64.0593452513281,0.021491833888286356,-7.654254484310513,61.40759313230877,-0.011121752595562525,,,0.0032809664999374553
360,6,48.84911666666667,Forward,0.5087398222436548,263.8721641828488,16330.0,16341.766209009034,ok,0.0005312753385160719,14516.268852508061,ok,15.153504055346275,64.05987169804504,0.022018280605233365,-7.790461203227096,61.40739522179603,-0.011319663108303991,,,0.0032809664999374553
361,6,48.98441666666667,Forward,0.5083543733760869,263.93873821463967,16330.0,16342.134620255365,ok,0.0005336691715650281,14517.264019415521,ok,15.521915301676927,64.0604070054017,0.02255358796188202,-6.795294295767235,61.40884121502225,-0.009873669882086267,,,0.0032809664999374553
362,6,49.118916666666664,Forward,0.5080345290846593,263.7220007463766,16330.0,16342.445447106964,ok,0.0005342669840697703,14517.214330761792,ok,15.83274215327583,64.06085864172377,0.023005224283959704,-6.844982949496625,61.40876901662399,-0.009945868280338848,,,0.0032809664999374553
363,6,49.25395,Forward,0.5076006319533306,263.5445205972919,16335.0,16342.883492784304,ok,0.0005436117453824134,14517.39227677878,ok,16.270787830615518,64.06149512900794,0.023641711568111776,-6.667036932507472,61.40902757499573,-0.00968730990860248,,,0.0032809664999374553
364,6,49.389783333333334,Forward,0.5070937272184309,263.56129239336406,16335.0,16343.155095872435,ok,0.000530350624900845,14517.349672283412,ok,16.542390918746605,64.0618897725825,0.02403635514268543,-6.709641427876704,61.4089656699914,-0.009749214912927413,,,0.0032809664999374553
365,6,49.52455,Forward,0.506735600197413,263.36224871275954,16335.0,16343.570770374467,ok,0.0005365557072937493,14517.678814031504,ok,16.95806542077844,64.06249375419578,0.024640336755964404,-6.380499679784407,61.409443918147204,-0.009270966757126353,,,0.0032809664999374553
366,6,49.65958333333333,Forward,0.5061842015109842,263.3155016204,16330.0,16343.88426816943,ok,0.0005297639018268698,14519.52857038829,ok,17.27156321574148,64.06294927144073,0.025095854000913624,-4.530743322999115,61.41213164333382,-0.006583241570512277,,,0.0032809664999374553
367,6,49.7941,Forward,0.5060021798569306,263.0941371460085,16335.0,16344.175044786605,ok,0.0005323629265010261,14519.350777963418,ok,17.562339832917132,64.06337177445567,0.025518357015861855,-4.708535747869973,61.411873308133856,-0.006841576770476163,,,0.0032809664999374553
368,6,49.9294,Forward,0.5054725326911813,262.9909070097765,16335.0,16344.463386790148,ok,0.0005356804231659269,14520.044741619888,ok,17.850681836460353,64.06379073993858,0.025937322498769417,-4.014572091400623,61.4128816482816,-0.005833236622734226,,,0.0032809664999374553
369,6,50.0647,Forward,0.5051442514489941,262.9313802806464,16330.0,16344.730756934348,ok,0.0005349450527447255,14518.51634619262,ok,18.11805198066031,64.0641792329788,0.026325815538989997,-5.542967518667865,61.41066086559857,-0.008054019305763419,,,0.0032809664999374553
370,6,50.199733333333334,Forward,0.5049918358594387,262.93501029037725,16330.0,16344.977584783474,ok,0.0005250388261923307,14520.098104773882,ok,18.364879829785423,64.06453787774001,0.0266844603001867,-3.9612089374058996,61.41295918578675,-0.0057556991175905505,,,0.0032809664999374553
371,6,50.33505,Forward,0.5045250332961408,262.68460107136525,16335.0,16345.254627665054,ok,0.0005315707766827334,14520.587953210272,ok,18.641922711365623,64.06494042542033,0.02708700798051435,-3.471360501016534,61.41367094329755,-0.005043941606782309,,,0.0032809664999374553
372,6,50.469833333333334,Forward,0.5041605800039441,262.6432936830697,16335.0,16345.51547181931,ok,0.0005353923427357592,14520.700936631041,ok,18.902766865621743,64.06531943609414,0.027466018654327427,-3.35837708024701,61.41383510999148,-0.004879774912850891,,,0.0032809664999374553
373,6,50.605666666666664,Forward,0.5038496492032878,262.49209859436996,16335.0,16345.839020386587,ok,0.0005375923804431022,14521.110850524316,ok,19.226315432899355,64.06578955726994,0.027936139830110944,-2.948463186972731,61.4144307213493,-0.004284163555033459,,,0.0032809664999374553
374,6,50.741,Forward,0.5036024964101181,262.3833314680178,16340.0,16346.073872070448,ok,0.000548178339263844,14521.20143042687,ok,19.461167116760407,64.06613080047394,0.02827738303412354,-2.857883284417767,61.4145623353776,-0.004152549526729145,,,0.0032809664999374553
375,6,50.87656666666667,Forward,0.5031668677531421,262.39825851548267,16335.0,16346.359950815944,ok,0.0005353569357569808,14520.841349178869,ok,19.747245862256023,64.06654647740717,0.0286930599673602,-3.2179645324195008,61.414039131640024,-0.0046757532643087445,,,0.0032809664999374553
376,6,51.011633333333336,Forward,0.50276335907765,262.3058925608384,16335.0,16346.612561815495,ok,0.0005359013544342776,14521.424581475963,ok,19.99985686180662,64.06691352517723,0.02906010773741779,-2.6347322353249183,61.41488657737459,-0.003828307529740662,,,0.0032809664999374553
377,6,51.14613333333333,Forward,0.5024850627163187,262.208389616324,16335.0,16346.807799787806,ok,0.0005426500397255104,14521.152278162926,ok,20.19509483411821,64.06719720903303,0.029343791593208008,-2.9070355483618187,61.414490916362176,-0.004223968542156194,,,0.0032809664999374553
378,6,51.28145,Forward,0.5022761122234906,262.2584445669763,16335.0,16347.097674298468,ok,0.0005363175335565881,14521.46707249189,ok,20.48496934477953,64.06761840127297,0.029764983833150283,-2.5922412193976925,61.41494831749149,-0.0037665674128363465,,,0.0032809664999374553
379,6,51.41623333333333,Forward,0.5019365005406967,262.15242709002996,16340.0,16347.415721547706,ok,0.0005360682297128823,14521.83536503061,ok,20.803016594018118,64.0680805289468,0.03022711150697944,-2.223948680677495,61.415483452364114,-0.0032314325402195993,,,0.0032809664999374553
380,6,51.552083333333336,Forward,0.5016869800898955,261.95286228504665,16340.0,16347.662085564289,ok,0.00053304470205803,14521.814284123195,ok,21.049380610600565,64.06843849975199,0.030585082312169602,-2.24502958809353,61.415452821472854,-0.003262063431477747,,,0.0032809664999374553
381,6,51.68728333333333,Forward,0.5013992660047111,261.9910361430466,16335.0,16347.91569362022,ok,0.0005305535893238265,14521.925370179084,ok,21.302988666531746,64.0688069962607,0.030953578820887687,-2.1339435322042846,61.415614231265664,-0.003100653638669126,,,0.0032809664999374553
382,6,51.823116666666664,Forward,0.5009506692651291,261.7829010884998,16340.0,16348.190634485476,ok,0.0005416015638497007,14522.265333404674,ok,21.57792953178796,64.06920648967812,0.03135307223831421,-1.793980306614685,61.416108203199094,-0.002606681705236928,,,0.0032809664999374553
383,6,51.959266666666664,Forward,0.5004948179592767,261.72196487573274,16335.0,16348.51484326496,ok,0.0005408210646566976,14522.283997964183,ok,21.90213831127221,64.06967757015268,0.03182415271285607,-1.7753157471051964,61.4161353230987,-0.0025795618056313964,,,0.0032809664999374553
384,6,52.09458333333333,Forward,0.5000081402866079,261.5735340192423,16345.0,16348.846477844467,ok,0.000527159508245259,14522.701813824799,ok,22.23377289077871,64.07015944043187,0.032306022992053735,-1.357499886489677,61.416742416139805,-0.0019724687645268943,,,0.0032809664999374553
385,6,52.23068333333333,Forward,0.4999338632784942,261.5079467591695,16335.0,16349.094158790032,ok,0.0005320927539166678,14522.135450564185,ok,22.48145383634437,64.07051932475567,0.03266590731584551,-1.923863147103475,61.415919481381536,-0.002795403522794233,,,0.0032809664999374553
386,6,52.36573333333333,Forward,0.499785086037124,261.50871735310466,16340.0,16349.1360606726,ok,0.0005400257577813431,14522.432998908473,ok,22.52335571891126,64.07058020885249,0.03272679141267722,-1.6263148028156138,61.41635182382288,-0.0023630610814536577,,,0.0032809664999374553
387,6,52.50131666666667,Forward,0.4992412666346527,261.3906182736864,16340.0,16349.511571926412,ok,0.000538997372912191,14522.744240383823,ok,22.898866972724136,64.07112583263209,0.03327241519227807,-1.315073327465143,61.41680406259981,-0.001910822304519705,,,0.0032809664999374553
388,6,52.63635,Forward,0.4990798001070673,261.2726230712924,16340.0,16349.731887462882,ok,0.0005275370976994285,14524.491677847043,ok,23.119182509193706,64.07144595458448,0.0335925371446636,0.4323641357550514,61.41934311681887,0.0006282319145409298,,,0.0032809664999374553
389,6,52.7722,Forward,0.4985474611456784,261.20026489485826,16340.0,16350.022630803649,ok,0.0005353236885504783,14522.96103371566,ok,23.409925849960928,64.07186840924828,0.03401499180846508,-1.0982799956291274,61.417119066733264,-0.0015958181710681576,,,0.0032809664999374553
390,6,52.90725,Forward,0.49812098167989394,261.10320894625147,16340.0,16350.33879788365,ok,0.0005361710033245559,14523.22396972161,ok,23.72609292996276,64.07232780500652,0.03447438756671293,-0.835343989678222,61.41750111690061,-0.001213768003720639,,,0.0032809664999374553
391,6,53.04255,Forward,0.49793943409612723,260.94162467238857,16340.0,16350.62918799112,ok,0.0005272778830187414,14525.135415237848,ok,24.01648303743241,64.07274974641678,0.0348963289769569,1.0761015265597962,61.42027847740974,0.0015635925054016918,,,0.0032809664999374553
392,6,53.17733333333333,Forward,0.4976020392472471,260.85763829830285,16340.0,16350.887742237293,ok,0.0005370556623925465,14523.67917962309,ok,24.275037283605343,64.07312542981799,0.03527201237817668,-0.3801340881982469,61.4181625440734,-0.0005523408309387401,,,0.0032809664999374553
393,6,53.313183333333335,Forward,0.49713989884274334,260.9018966758158,16340.0,16351.197637838555,ok,0.0005339686363056706,14523.720997951059,ok,24.584932884867158,64.07357571301863,0.03572229557881389,-0.33831576022930676,61.41822330676408,-0.000491578140256848,,,0.0032809664999374553
394,6,53.44821666666667,Forward,0.4968110196738049,260.8257276977365,16340.0,16351.479954872875,ok,0.000533461216138811,14524.179851597019,ok,24.86724991918709,64.07398592412615,0.03613250668633,0.12053788573030033,61.41889002835511,0.0001751434507740104,,,0.0032809664999374553
395,6,53.58273333333333,Forward,0.4966261380587351,260.62324321345113,16340.0,16351.71160365473,ok,0.0005355019538276063,14525.299315661405,ok,25.098898701042344,64.07432251346299,0.036469096023167245,1.2400019501164934,61.420516627312495,0.0018017424081573348,,,0.0032809664999374553
396,6,53.7183,Forward,0.49616315541955675,260.5749350927417,16340.0,16352.037211362309,ok,0.0005437798174276918,14525.639769046305,ok,25.4245064086208,64.07479562660214,0.03694220916231342,1.5804553350171773,61.42101131145514,0.0022964265508061805,,,0.0032809664999374553
397,6,53.85308333333333,Forward,0.49573584509834356,260.56881797487404,16345.0,16352.331950939228,ok,0.0005255174267111116,14525.390428387589,ok,25.7192459855396,64.07522388786015,0.03737047042032762,1.3311146763007855,61.42064901554194,0.0019341306376062031,,,0.0032809664999374553
398,6,53.98918333333334,Forward,0.495527501037473,260.3420980634346,16345.0,16352.570680319697,ok,0.000534012166283219,14525.836121322027,ok,25.957975366009123,64.07557076541855,0.03771734797872554,1.776807610738615,61.421296614411375,0.002581729507041274,,,0.0032809664999374553
399,6,54.12505,Forward,0.4952468801193518,260.4042649303865,16345.0,16352.884835033554,ok,0.000532283124042873,14526.186850153495,ok,26.272130079865747,64.07602723717702,0.038173819737197245,2.1275364422072016,61.4218062289401,0.0030913440357612106,,,0.0032809664999374553
400,6,54.25983333333333,Forward,0.49498515207613225,260.3000605958496,16345.0,16353.091039346806,ok,0.0005442270795098933,14526.760356029157,ok,26.47833439311762,64.0763268552993,0.03847343785948806,2.701042317868996,61.42263954203078,0.003924657126446421,,,0.0032809664999374553
401,6,54.39463333333333,Forward,0.4945547585687599,260.16186832412495,16345.0,16353.450038892915,ok,0.0005414291819367694,14526.57019176013,ok,26.837333939227392,64.07684848730696,0.03899506986714293,2.510878048840823,61.42236323034595,0.003648345441620351,,,0.0032809664999374553
402,6,54.53021666666667,Forward,0.4942589838273238,260.0492755223295,16345.0,16353.732505266651,ok,0.0005363080211191696,14526.574989388202,ok,27.11980031296298,64.077258915407,0.03940549796718746,2.5156756769138156,61.42237020137528,0.0036553164709456397,,,0.0032809664999374553
403,6,54.66578333333333,Forward,0.49396295916141014,259.9914221952622,16345.0,16353.981388809922,ok,0.0005356256707018936,14527.172242232029,ok,27.368683856233474,64.07762054712424,0.03976712968442853,3.112928520740752,61.423238019185575,0.004523134281243814,,,0.0032809664999374553
404,6,54.80056666666667,Forward,0.4937261498833613,259.91020845511594,16345.0,16354.230304339613,ok,0.0005274466416842718,14527.242344889535,ok,27.617599385925132,64.07798222531827,0.0401288078784445,3.1830311782468925,61.42333987945357,0.004624994549238938,,,0.0032809664999374553
405,6,54.93505,Forward,0.4935583256065639,259.80931581500226,16345.0,16354.48035578284,ok,0.000535824745602023,14526.610353568818,ok,27.8676508291519,64.07834555401257,0.04049213657275848,2.5510398575297586,61.42242158608797,0.003706701183638627,,,0.0032809664999374553
406,6,55.0701,Forward,0.49326236804215245,259.6481783115305,16345.0,16354.721704939322,ok,0.0005344192718335119,14527.59317183434,ok,28.108999985634,64.07869623814688,0.040842820707058386,3.5338581230516866,61.42384963654251,0.005134751638185198,,,0.0032809664999374553
407,6,55.20486666666667,Forward,0.4929760581831644,259.6372105993196,16345.0,16354.873495764077,ok,0.0005451179563822627,14527.228508928809,ok,28.260790810389153,64.07891679261141,0.04106337517159358,3.1691952175206097,61.42331977558422,0.004604890679889538,,,0.0032809664999374553
408,6,55.34045,Forward,0.4926503881271316,259.6004233793228,16345.0,16355.114849414293,ok,0.0005322690663365777,14527.207850872599,ok,28.50214446060454,64.07926748327517,0.04141406583535889,3.148537161310742,61.423289759102445,0.0045748741981090696,,,0.0032809664999374553
409,6,55.475233333333335,Forward,0.4924220971254017,259.4862793698376,16345.0,16355.352794481701,ok,0.0005319720946143624,14529.063723698819,ok,28.740089528013414,64.07961322121432,0.04175980377449854,5.00440998753038,61.4259863716157,0.007271486711365675,,,0.0032809664999374553
410,6,55.6108,Forward,0.4921703662950963,259.37482759453087,16345.0,16355.621303970102,ok,0.0005462199584589324,14528.184500475463,ok,29.008599016413427,64.08000336973964,0.04214995229982746,4.125186764174941,61.42470884639277,0.005993961488435616,,,0.0032809664999374553
411,6,55.746383333333334,Forward,0.4919200032296628,259.2688352797559,16345.0,16355.826281740297,ok,0.0005342060216544076,14528.250692505779,ok,29.213576786609337,64.08030120567551,0.04244778823569579,4.191378794490447,61.424805024457726,0.00609013955338969,,,0.0032809664999374553
412,6,55.8809,Forward,0.4916176876529918,259.2136007787085,16345.0,16356.080715081825,ok,0.0005423137183541681,14529.184498476172,ok,29.468010128137394,64.08067090133723,0.04281748389741407,5.12518476488367,61.42616185927374,0.0074469743694074554,,,0.0032809664999374553
413,6,56.0162,Forward,0.49148858181008703,259.0595598773052,16345.0,16356.254004556933,ok,0.0005297787584841703,14529.308487548346,ok,29.64129960324499,64.08092269368011,0.04306927624028849,5.249173837057242,61.426342017352894,0.007627132448563877,,,0.0032809664999374553
414,6,56.15125,Forward,0.49114915961414196,259.0947707012492,16345.0,16356.507130305597,ok,0.0005313690436861247,14529.932975449467,ok,29.894425351909376,64.08129048938875,0.04343707194893424,5.873661738178271,61.427249408131374,0.008534523227042264,,,0.0032809664999374553
415,6,56.28628333333333,Forward,0.4908139934899028,258.9745331624781,16345.0,16356.77506415929,ok,0.0005280638295381624,14528.715684031496,ok,30.162359205602115,64.08167980150776,0.04382638406794653,4.656370320208225,61.42548066448494,0.0067657795806015785,,,0.0032809664999374553
416,6,56.42106666666667,Forward,0.49073932003978105,258.9532544858521,16345.0,16356.9967462443,ok,0.0005244901049821423,14530.259303315162,ok,30.384041290612004,64.08200190907675,0.04414849163693344,6.199989603874201,61.427723567671634,0.009008682767301528,,,0.0032809664999374553
417,6,56.55583333333333,Forward,0.49035729264249767,258.8650738091037,16345.0,16357.238577801698,ok,0.0005318908438951374,14528.738422377963,ok,30.62587284800975,64.0823532941472,0.044499876707378955,4.679108666674438,61.425513703661295,0.006798818756963923,,,0.0032809664999374553
418,6,56.69146666666666,Forward,0.4902156732097105,258.7569313312488,16345.0,16357.417806719159,ok,0.0005466483089417777,14530.309038321955,ok,30.80510176547068,64.08261371659357,0.044760299153752646,6.249724610666817,61.42779583342162,0.009080948517286705,,,0.0032809664999374553
419,6,56.8265,Forward,0.48980998930567177,258.71959786894513,16345.0,16357.698224447018,ok,0.0005288977803575793,14530.35705372166,ok,31.08551949333014,64.08302116797881,0.045167750538999296,6.297740010371854,61.427865600555364,0.009150715651027956,,,0.0032809664999374553
420,6,56.96208333333333,Forward,0.4895762889047674,258.5908110378059,16345.0,16357.874107876858,ok,0.0005375479207747258,14529.182700349864,ok,31.261402923169953,64.08327672937887,0.04542331193904773,5.123386638575539,61.426159246567835,0.007444361663496567,,,0.0032809664999374553
421,6,57.097116666666665,Forward,0.48949791055540975,258.4114840753555,16345.0,16358.10053551084,ok,0.000537135762321848,14530.86345944335,ok,31.487830557151028,64.08360573230541,0.04575231486560288,6.804145732061443,61.42860141606309,0.009886531158750291,,,0.0032809664999374553
422,6,57.23243333333333,Forward,0.48916222703596446,258.5249283953217,16350.0,16358.298529849682,ok,0.0005376463080548448,14530.736814616566,ok,31.6858248959943,64.08389342120529,0.046040003765475575,6.677500905278066,61.42841739913055,0.009702514226222151,,,0.0032809664999374553
423,6,57.36725,Forward,0.4889782223535005,258.38443327547793,16345.0,16358.518389006036,ok,0.0005306825939967554,14531.62133081127,ok,31.90568405234808,64.08421288003017,0.046359462590348455,7.562017099980949,61.42970261512441,0.010987730220074753,,,0.0032809664999374553
424,6,57.50205,Forward,0.4885918297294862,258.31208716360015,16350.0,16358.725327528271,ok,0.0005363317595228312,14531.347166193498,ok,32.11262257458293,64.0845135649697,0.04666014752988174,7.287852482209928,61.42930424960683,0.010589364702498036,,,0.0032809664999374553
425,6,57.6379,Forward,0.48807071093816246,258.1140773406187,16345.0,16359.280530591452,ok,0.0005303657052618027,14531.090543429378,ok,32.6678256377636,64.08532028378492,0.047466866345104164,7.0312297180898895,61.42893137267953,0.010216487775191437,,,0.0032809664999374553
426,6,57.77268333333333,Forward,0.4879360206768544,258.06982322528165,16345.0,16359.360135044486,ok,0.00053348126129337,14531.63001191994,ok,32.747430090797934,64.08543595031182,0.04758253287199685,7.570698208652175,61.42971522891234,0.011000344008013797,,,0.0032809664999374553
427,6,57.90773333333333,Forward,0.487736446740925,257.9132931800359,16355.0,16359.58256126342,ok,0.0005364049328460817,14531.251094618958,ok,32.96985630973177,64.08575913911915,0.04790572167932213,7.191780907669454,61.42916465609244,0.010449771188107387,,,0.0032809664999374553
428,6,58.04333333333334,Forward,0.48746434096203617,258.0005265974214,16355.0,16359.859045030498,ok,0.0005286437899950777,14531.99373143783,ok,33.24634007681016,64.08616087439727,0.048307456957452484,7.934417726541142,61.430243719113506,0.011528834209173179,,,0.0032809664999374553
429,6,58.1781,Forward,0.4872188799548367,257.7759530598287,16350.0,16360.016354647461,ok,0.0005335377757927379,14532.414897789022,ok,33.40364969377333,64.086389447754,0.04853603031418544,8.35558407773351,61.43085568047031,0.0121407955659766,,,0.0032809664999374553
430,6,58.31315,Forward,0.4870143913684861,257.8672933049929,16350.0,16360.204930226604,ok,0.0005440123490473829,14531.948505120172,ok,33.59222527291604,64.08666345104734,0.04881003360752891,7.889191408883562,61.430178004560005,0.011463119655675258,,,0.0032809664999374553
431,6,58.44845,Forward,0.4868236486040336,257.6227773779792,16350.0,16360.420604373587,ok,0.0005326134879216936,14532.383252572177,ok,33.807899419898604,64.08697682898753,0.04912341154772097,8.32393886088903,61.430809699470686,0.01209481456635101,,,0.0032809664999374553
432,6,58.584,Forward,0.4866374068427302,257.57934934865625,16345.0,16360.612104773487,ok,0.0005320056418637725,14532.63649887928,ok,33.99939981979878,64.08725508209162,0.04940166465179619,8.577185167991047,61.43117767035264,0.012462785448309765,,,0.0032809664999374553
433,6,58.7193,Forward,0.48625038749312066,257.7612615404414,16355.0,16360.750465600488,ok,0.0005307074131623962,14533.896816704877,ok,34.13776064679951,64.0874561225574,0.04960270511758861,9.837502993588714,61.43300893204858,0.014294047144247118,,,0.0032809664999374553
434,6,58.85406666666667,Forward,0.4860426965454203,257.58574630328076,16350.0,16361.004643501446,ok,0.0005419503536197258,14533.091342095997,ok,34.3919385477584,64.08782544705994,0.04997202962012752,9.03202838470861,61.431838564726675,0.013123679822343403,,,0.0032809664999374553
435,6,58.98895,Forward,0.48582058982760357,257.42504677618854,16350.0,16361.271212057261,ok,0.0005373986165924141,14532.543030745683,ok,34.658507103573356,64.08821277537959,0.05035935793977084,8.48371703439443,61.43104185967904,0.01232697477470839,,,0.0032809664999374553
436,6,59.12371666666667,Forward,0.48557979184140965,257.4869740926915,16355.0,16361.454162604878,ok,0.0005403109580056022,14533.442006283094,ok,34.84145765118956,64.08847860541333,0.0506251879735097,9.38269257180582,61.432348085326105,0.013633200421771253,,,0.0032809664999374553
437,6,59.25906666666667,Forward,0.4853587504665001,257.2467998299817,16350.0,16361.613596478885,ok,0.0005358270916037554,14534.323604175908,ok,35.000891525196494,64.08871026534908,0.050856847909260705,10.26429046461999,61.43362906098125,0.01491417607691132,,,0.0032809664999374553
438,6,59.39436666666667,Forward,0.4852017309929439,257.23633657505343,16350.0,16361.81280048096,ok,0.0005413678868263465,14534.897572879261,ok,35.200095527272424,64.08899971190873,0.05114629446890615,10.838259167972865,61.43446304656787,0.015748161663537857,,,0.0032809664999374553
439,6,59.52941666666667,Forward,0.48493708365685356,257.16796989984505,16350.0,16361.991486628518,ok,0.0005357086054836114,14534.307956694916,ok,35.37878167482995,64.08925934570186,0.05140592826204205,10.248642983628088,61.43360632494435,0.014891440040019365,,,0.0032809664999374553
440,6,59.66445,Forward,0.484851409316095,257.23046469405926,16355.0,16362.173003339267,ok,0.0005386343657243968,14533.343798950546,ok,35.56029838557879,64.089523092348,0.05166967490817812,9.284485239257265,61.43220538852161,0.013490503617279843,,,0.0032809664999374553
441,6,59.799533333333336,Forward,0.48462214911049595,257.0937152498591,16350.0,16362.287501479655,ok,0.0005344806917988911,14533.537070023283,ok,35.674796525967395,64.08968945995345,0.05183604251362739,9.477756311995108,61.43248621444127,0.013771329536939984,,,0.0032809664999374553
442,6,59.93483333333333,Forward,0.4844802612960561,257.0581993314663,16350.0,16362.43618802614,ok,0.0005328196745551482,14535.200263368313,ok,35.82348307245229,64.08990550385265,0.05205208641283184,11.140949657024976,61.43490286062673,0.016187975722394648,,,0.0032809664999374553
443,6,60.0704,Forward,0.4842396178600882,256.960137379916,16355.0,16362.606673568465,ok,0.0005305614121681587,14534.2810419059,ok,35.99396861477726,64.09015322203693,0.0522998045971103,10.221728194612297,61.43356721733103,0.014852332426703271,,,0.0032809664999374553
444,6,60.205983333333336,Forward,0.4840786399970619,257.0509301613365,16360.0,16362.769522665436,ok,0.0005351313442516354,14535.175576508022,ok,36.15681771174786,64.09038984434557,0.052536426905740126,11.116262796733281,61.43486699022902,0.01615210532468469,,,0.0032809664999374553
445,6,60.34128333333334,Forward,0.483856379980931,256.9553062972682,16355.0,16362.95695777319,ok,0.0005376001077912048,14535.063469793828,ok,36.3442528195028,64.09066219051597,0.05280877307615372,11.004156082539339,61.43470409740358,0.01598921249924726,,,0.0032809664999374553
446,6,60.47605,Forward,0.4836515046853347,256.89244465733464,16355.0,16363.057854781016,ok,0.0005331191425367317,14533.6037921288,ok,36.44514982732835,64.0908087954611,0.052955378021281745,9.544478417512437,61.43258316271387,0.013868277809530061,,,0.0032809664999374553
447,6,60.61165,Forward,0.483785473333921,256.7251451594002,16355.0,16363.139520645966,ok,0.0005400994911641308,14533.903103260387,ok,36.52681569227752,64.09092745725205,0.05307403981222809,9.843789549098801,61.43301806651297,0.014303181608642674,,,0.0032809664999374553
448,6,60.746966666666665,Forward,0.4836025783276325,256.7590679967543,16355.0,16363.265541252853,ok,0.0005385528459611433,14535.710424195468,ok,36.652836299164846,64.09111056718321,0.053257149743393344,11.651110484179299,61.43564413236197,0.016929247457635237,,,0.0032809664999374553
449,6,60.88175,Forward,0.48336613320005933,256.68623519891116,16355.0,16363.407342822049,ok,0.0005344892920623087,14534.154846576546,ok,36.79463786836095,64.09131660710173,0.05346318966191111,10.095532865258065,61.43338385352537,0.014668968621035432,,,0.0032809664999374553
450,6,61.017316666666666,Forward,0.48324272498833576,256.61490556968783,16355.0,16363.487190064616,ok,0.0005349513339508329,14535.290365599478,ok,36.87448511092771,64.09143262640565,0.053579208965827074,11.23105188818954,61.435033780590956,0.016318895686628206,,,0.0032809664999374553
451,6,61.15213333333333,Forward,0.48310779036064955,256.65225919551267,16350.0,16363.594058290202,ok,0.0005291752047573934,14536.112017671618,ok,36.981353336514076,64.09158790762444,0.053734490184623056,12.052703960329382,61.43622765402236,0.017512769118025327,,,0.0032809664999374553
452,6,61.2874,Forward,0.4831709396696833,256.45011277190133,16355.0,16363.645139249555,ok,0.0005325645166600484,14535.70982695017,ok,37.03243429586655,64.09166212906474,0.05380871162492488,11.650513238881103,61.435643264555125,0.01692837965078886,,,0.0032809664999374553
453,6,61.42245,Forward,0.4829515242262822,256.5215750068164,16355.0,16363.717100256868,ok,0.0005395697206217275,14536.055521149616,ok,37.104395303180354,64.09176668954434,0.0539132721045264,11.996207438327474,61.436145563684036,0.01743067877970395,,,0.0032809664999374553
454,6,61.5575,Forward,0.48294924773413994,256.47753137047766,16355.0,16363.782529939821,ok,0.0005380113835468992,14536.075417183085,ok,37.16982498613288,64.09186175990655,0.054008342466727664,12.016103471796669,61.436174472934745,0.017459588030412948,,,0.0032809664999374553
455,6,61.69338333333334,Forward,0.48298443734508756,256.3609024723828,16355.0,16363.837235869469,ok,0.0005316811045998777,14535.806572652193,ok,37.22453091578063,64.09194124848591,0.054087831046092216,11.74725894090443,61.43578383758739,0.017068952683053855,,,0.0032809664999374553
456,6,61.8292,Forward,0.4830444882111996,256.42130377071226,16355.0,16363.848266548785,ok,0.0005498667715423275,14535.90194876889,ok,37.23556159509644,64.09195727623708,0.054103858797268096,11.842635057601,61.43592242059055,0.017207535686218835,,,0.0032809664999374553
457,6,61.9643,Forward,0.4829710429499538,256.4489395589517,16355.0,16363.769329448904,ok,0.0005417053260336712,14535.82036086269,ok,37.15662449521551,64.09184257938486,0.05398916194504213,11.761047151401726,61.4358038720749,0.01708898717056675,,,0.0032809664999374553
458,6,62.0999,Forward,0.48299204719615396,256.4861638633829,16355.0,16363.735853390797,ok,0.0005403982186431777,14536.102525092458,ok,37.123148437109194,64.09179393814398,0.05394052070416148,12.043211381169385,61.43621386115499,0.01749897625065625,,,0.0032809664999374553
459,6,62.23493333333333,Forward,0.4832082338321759,256.5698847311196,16355.0,16363.672317342205,ok,0.0005394667698604804,14536.403620752995,ok,37.05961238851705,64.0917016192624,0.05384820182257871,12.344307041706998,61.43665135790284,0.01793647299850555,,,0.0032809664999374553
460,6,62.36976666666666,Forward,0.48335505945010004,256.5960480662925,16355.0,16363.530707505544,ok,0.0005360605822205165,14536.049403212415,ok,36.91800255185626,64.09149585793428,0.05364244049446144,11.990089501126931,61.436136674224706,0.017421789320373967,,,0.0032809664999374553
461,6,62.5048,Forward,0.48365251651753394,256.6283779496698,16350.0,16363.341038946886,ok,0.0005380186146964358,14535.964698964932,ok,36.72833399319825,64.09122026652445,0.05336684908462848,11.905385253643544,61.436013597615975,0.017298712711641587,,,0.0032809664999374553
462,6,62.6404,Forward,0.4838962304354346,256.75459524206235,16355.0,16363.104788108194,ok,0.0005343866431481366,14535.675944027951,ok,36.49208315450596,64.09087699032638,0.05302357288655908,11.61663031666285,61.43559403213426,0.01687914722993082,,,0.0032809664999374553
463,6,62.77596666666667,Forward,0.4843095173805289,256.87032646552325,16350.0,16362.72316366235,ok,0.0005415750692422078,14535.751010620912,ok,36.1104587086611,64.09032248398225,0.052469066542433065,11.691696909623715,61.43570310507884,0.016988220174502217,,,0.0032809664999374553
464,6,62.91101666666667,Forward,0.48470161603863476,257.0078484044225,16350.0,16362.303190416984,ok,0.0005464995981009743,14533.914883887583,ok,35.69048546329577,64.08971225622705,0.051858838787230674,9.85557017629435,61.43303518395026,0.014320299045926478,,,0.0032809664999374553
465,6,63.04578333333333,Forward,0.4854506710242751,257.2414038808711,16350.0,16361.764726571024,ok,0.0005493898707199713,14533.82419340994,ok,35.15202161733578,64.0889298597587,0.05107644231887473,9.764879698652294,61.43290340925461,0.014188524350275082,,,0.0032809664999374553
466,6,63.1811,Forward,0.4863852754736938,257.53632139795445,16350.0,16361.050930080064,ok,0.0005402467265698184,14534.510356176846,ok,34.43822512637598,64.08789270218935,0.050039284749537574,10.451042465558203,61.433900414586674,0.015185529682336704,,,0.0032809664999374553
467,6,63.31563333333333,Forward,0.48747801248272093,257.70159999800853,16350.0,16360.257298353914,ok,0.0005502139527099885,14532.594730043345,ok,33.64459340022586,64.08673954276301,0.048886125323191955,8.535416332057139,61.43111697957467,0.012402094670336053,,,0.0032809664999374553
468,6,63.4504,Forward,0.48856754770520605,258.10552406552233,16350.0,16359.229385072573,ok,0.0005431723058165134,14532.12385036933,ok,32.61668011888469,64.0852459685386,0.04739255109879129,8.064536658041106,61.43043278397503,0.011717899070696647,,,0.0032809664999374553
469,6,63.584916666666665,Forward,0.48997333600030146,258.5863485035334,16350.0,16358.040177347399,ok,0.0005510159851808849,14532.535659094614,ok,31.42747239371056,64.08351803094112,0.045664613501311506,8.476345383325679,61.43103114855367,0.012316263649336804,,,0.0032809664999374553
470,6,63.71995,Forward,0.4916852866465307,259.05235658667334,16345.0,16356.686269850105,ok,0.0005282543293741748,14530.336111723896,ok,30.07356489641643,64.08155078197481,0.043697364534995106,6.276798012608197,61.427835171502025,0.009120286597687538,,,0.0032809664999374553
471,6,63.85525,Forward,0.4934953810021711,259.5792341239139,16345.0,16355.165420011499,ok,0.0005334058769135605,14528.557971571798,ok,28.55271505781093,64.07934096315122,0.041487545711405886,4.498657860509411,61.42525150579135,0.006536620887014474,,,0.0032809664999374553
472,6,63.9903,Forward,0.49553423921688655,260.18890781140544,16340.0,16353.383628691641,ok,0.0005379853334534922,14527.396580233763,ok,26.770923737953126,64.07675199223615,0.038898574796341734,3.3372665224742377,61.42356398584349,0.004849100939156345,,,0.0032809664999374553
473,6,64.12586666666667,Forward,0.49801067718592895,260.75826210384,16340.0,16351.357748689357,ok,0.0005377729813365181,14526.359129239616,ok,24.745043735669242,64.07380835661235,0.03595493917253498,2.299815528327599,61.42205655317182,0.0033416682674872566,,,0.0032809664999374553
474,6,64.26116666666667,Forward,0.5005026223632945,261.5378568280703,16340.0,16349.170446537573,ok,0.0005314107401701813,14525.334175834152,ok,22.557741583885218,64.07063017205712,0.03277675461729873,1.2748621228638513,61.4205672796938,0.001852394789461013,,,0.0032809664999374553
475,6,64.39648333333334,Forward,0.5033212225980334,262.25450997593725,16340.0,16346.745246057952,ok,0.0005344635030877137,14521.843965776792,ok,20.13254110426351,64.06710631747607,0.029252900036257603,-2.2153479344960942,61.41549594938409,-0.003218935520246872,,,0.0032809664999374553
476,6,64.53151666666666,Forward,0.5064733802210242,263.1995087711657,16335.0,16344.077915198557,ok,0.0005262177872868999,14518.217681979955,ok,17.465210244869013,64.06323064363096,0.025377226191142823,-5.841631731333109,61.41022690178286,-0.0084879831214714,,,0.0032809664999374553
477,6,64.66633333333333,Forward,0.5098543451156913,264.0560119632082,16330.0,16341.236584613165,ok,0.0005363391374660015,14517.064087464076,ok,14.623879659477097,64.05910214543721,0.02124872799739871,-6.995226247212486,61.40855071074068,-0.010164174163656727,,,0.0032809664999374553
478,6,64.80118333333333,Forward,0.5134408938491064,264.9849253055854,16330.0,16338.152632985884,ok,0.0005336689403297913,14514.11483350524,ok,11.539928032196258,64.0546211150396,0.016767697599780626,-9.944480206047956,61.40426539818164,-0.014449486722689852,,,0.0032809664999374553
479,6,64.93645,Forward,0.5173729944605112,266.10460019584207,16320.0,16334.858198154405,ok,0.000537268203796221,14514.108582338866,ok,8.245493200716737,64.0498342492236,0.011980831783779547,-9.950731372422524,61.40425631513822,-0.014458569766112846,,,0.0032809664999374553
480,6,65.0715,Forward,0.5212379628856265,267.0623976011866,16320.0,16331.405922192962,ok,0.000539082814935737,14510.251469452405,ok,4.793217239273872,64.04481803775408,0.006964620314265818,-13.807844258883051,61.398651869225915,-0.020063015678422256,,,0.0032809664999374553
481,6,65.2063,Forward,0.5252433790660523,268.1896650710478,16315.0,16327.805218050144,ok,0.0005237427071729781,14506.44986803546,ok,1.1925130964555137,64.03958615779395,0.0017327403541301403,-17.609445675827374,61.39312808235511,-0.025586802549222028,,,0.0032809664999374553
482,6,65.3411,Forward,0.5294546919901257,269.22859042153505,16315.0,16324.114309740733,ok,0.0005337650536043045,14502.508385851383,ok,-2.4983952129550744,64.0342232097558,-0.0036302076840246406,-21.55092785990564,61.38740104652151,-0.03131383838282152,,,0.0032809664999374553
483,6,65.47613333333334,Forward,0.5336357218527802,270.45441295855744,16315.0,16320.35518628759,ok,0.0005213636931234248,14500.218237356165,ok,-6.257518666097894,64.02876114403695,-0.009092273402864814,-23.841076355123732,61.38407342460573,-0.03464146029859713,,,0.0032809664999374553
484,6,65.61143333333334,Forward,0.5379108104315252,271.6333379951302,16305.0,16316.568401439028,ok,0.0005349698417250028,14496.457490190402,ok,-10.044303514659987,64.0232588858739,-0.014594531565911248,-27.601823520886683,61.378608999606826,-0.04010588529750624,,,0.0032809664999374553
485,6,65.74595,Forward,0.541979421506165,272.5891961250836,16300.0,16312.675995330499,ok,0.000544069839417708,14493.20871117335,ok,-13.936709623189017,64.0176031583528,-0.020250259087024065,-30.850602537937448,61.37388847240992,-0.044826412494420854,,,0.0032809664999374553
486,6,65.88151666666667,Forward,0.5458680882236386,273.7323173323857,16295.0,16309.03187657113,ok,0.000529263691395718,14490.134331479445,ok,-17.58082838255723,64.01230819626947,-0.025545221170348673,-33.92498223184339,61.36942135018259,-0.04929353472174292,,,0.0032809664999374553
487,6,66.01521666666666,Forward,0.5498986758313562,274.5572075064574,16295.0,16305.408323879197,ok,0.0005159239567660447,14488.357505893255,ok,-21.20438107449081,64.00704311700679,-0.030810300433035363,-35.70180781803356,61.366839594556936,-0.051875290347399065,,,0.0032809664999374553
488,6,66.1508,Forward,0.5535972108440249,275.7186973660737,16290.0,16301.978641004318,ok,0.000524115040686825,14485.27835071288,ok,-24.634063949370102,64.00205973364871,-0.03579368379111835,-38.78096299840763,61.362365533472385,-0.056349351431945034,,,0.0032809664999374553
489,6,66.28585,Forward,0.5570089635203185,276.48691347393105,16290.0,16298.648211495882,ok,0.0005248115997634566,14481.718763193529,ok,-27.964493457806384,63.99722056699887,-0.04063285044094862,-42.340550517759766,61.357193396615216,-0.06152148828911836,,,0.0032809664999374553
490,6,66.42168333333333,Forward,0.5604323062067753,277.3551527968684,16285.0,16295.446187268495,ok,0.0005218599600772733,14477.437037254287,ok,-31.166517685192957,63.99256797524941,-0.04528544219041129,-46.622276457001135,61.35097198123428,-0.06774290367004877,,,0.0032809664999374553
491,6,66.55671666666667,Forward,0.5635078925202113,278.14025926388604,16280.0,16292.441954175392,ok,0.0005127449732160803,14476.80474212099,ok,-34.17075077829577,63.98820277714039,-0.04965064029943402,-47.25457159029793,61.35005324642421,-0.06866163848012331,,,0.0032809664999374553
492,6,66.69228333333334,Forward,0.5667995246027913,278.9064986201993,16275.0,16289.421411912555,ok,0.0005320748183326021,14474.871452979123,ok,-37.19129304113267,63.98381388155028,-0.05403953588953651,-49.18786073216506,61.347244146782224,-0.07147073812210765,,,0.0032809664999374553
493,6,66.82733333333333,Forward,0.5694802722663102,279.58667895930375,16275.0,16286.678870607977,ok,0.0005259337975278665,14471.681017906292,ok,-39.93383434571115,63.979828925741046,-0.05802449169877372,-52.378295804996014,61.34260839425728,-0.07610649064705491,,,0.0032809664999374553
494,6,66.96265,Forward,0.5722339931618424,280.2872806575233,16270.0,16284.113510931533,ok,0.0005254552672207266,14470.008126459974,ok,-42.49919402215528,63.97610141763447,-0.061751999805347214,-54.05118725131433,61.34017765657755,-0.07853722832677566,,,0.0032809664999374553
495,6,67.09823333333334,Forward,0.5744621133094983,280.81046723349937,16270.0,16281.777940647433,ok,0.0005218265989457896,14467.607599595674,ok,-44.83476430625524,63.97270779714242,-0.06514562029739535,-56.45171411561387,61.33668965314908,-0.08202523175525664,,,0.0032809664999374553
496,6,67.23328333333333,Forward,0.5765486080083703,281.35313477888303,16270.0,16279.61185952335,ok,0.0005213880604402185,14466.135961746504,ok,-47.00084543033881,63.96956044707543,-0.06829297036438825,-57.92335196478416,61.334551340123,-0.08416354478133733,,,0.0032809664999374553
497,6,67.36805,Forward,0.5785647845464963,281.7687252298565,16265.0,16277.65644609712,ok,0.000524125015292929,14464.499943283847,ok,-48.95625885656773,63.966719200499014,-0.07113421694080363,-59.559370427441536,61.33217417947061,-0.08654070543372279,,,0.0032809664999374553
498,6,67.50338333333333,Forward,0.5802540549093143,282.18764712445045,16265.0,16275.931313334206,ok,0.0005300588861174559,14462.472138100738,ok,-50.68139161948238,63.9642125553616,-0.0736408620782189,-61.58717561054982,61.32922774652867,-0.08948713837565825,,,0.0032809664999374553
499,6,67.63841666666667,Forward,0.5817573207115955,282.6563745075,16260.0,16274.318339900075,ok,0.0005227058907989625,14462.150994749889,ok,-52.29436505361264,63.96186887949945,-0.07598453794036623,-61.908318961399345,61.32876112017033,-0.08995376473400307,,,0.0032809664999374553
500,6,67.77346666666666,Forward,0.5834772790440776,283.0032589781986,16265.0,16272.878732093282,ok,0.0005224849388122076,14461.356683546193,ok,-53.73397286040563,63.95977710663057,-0.0780763108092473,-62.70263016509489,61.32760697345238,-0.0911079114519484,,,0.0032809664999374553
501,6,67.90823333333333,Forward,0.5847371887219494,283.29949338033657,16260.0,16271.589188337904,ok,0.000522136934045332,14460.927719547171,ok,-55.02351661578359,63.957903379197305,-0.07995003824251519,-63.131594164116905,61.32698368199019,-0.09173120291414176,,,0.0032809664999374553
502,6,68.04301666666667,Forward,0.585907364595976,283.40203107637717,16255.0,16270.410566536993,ok,0.0005208294414092979,14458.568898583424,ok,-56.20213841669465,63.95619082311489,-0.08166259432493161,-65.49041512786425,61.32355627789358,-0.09515860701075216,,,0.0032809664999374553
503,6,68.17911666666667,Forward,0.5868930404883337,283.7718506711881,16255.0,16269.319914547212,ok,0.0005207286489113866,14459.75336111316,ok,-57.29279040647634,63.95460608855673,-0.08324732888308795,-64.30595259812799,61.32527732064718,-0.09343756425715112,,,0.0032809664999374553
504,6,68.31443333333333,Forward,0.5878282958247599,283.99053970956993,16255.0,16268.359019928741,ok,0.0005291515837951995,14459.237208487519,ok,-58.25368502494712,63.953209893507434,-0.08464352393238307,-64.82210522376954,61.32452734273416,-0.09418754217018002,,,0.0032809664999374553
505,6,68.4508,Forward,0.5890255605289763,284.1391688421918,16255.0,16267.426762003208,ok,0.0005228859876801265,14458.768176947025,ok,-59.18594295048024,63.95185530802503,-0.08599810941478173,-65.29113676426277,61.323845832501696,-0.09486905240263621,,,0.0032809664999374553
506,6,68.58558333333333,Forward,0.5899006446890979,284.34082016815955,16250.0,16266.295218855566,ok,0.0005187025084340348,14457.514616685248,ok,-60.31748609812166,63.95021115796901,-0.08764225947081498,-66.54469702604001,61.32202438965267,-0.09669049525166777,,,0.0032809664999374553
507,6,68.72063333333334,Forward,0.5907957930021551,284.62932406418804,16255.0,16265.487781089161,ok,0.0005205001730669488,14456.708860671486,ok,-61.12492386452686,63.94903793814822,-0.08881547929159302,-67.35045303980223,61.320853613445024,-0.09786127145930745,,,0.0032809664999374553
508,6,68.85568333333333,Forward,0.5916152022299082,284.71726308028883,16250.0,16264.742194682673,ok,0.0005199092773404649,14456.495640414432,ok,-61.87051027101552,63.94795458932979,-0.08989882811002838,-67.563673296856,61.32054380104564,-0.09817108385869591,,,0.0032809664999374553
509,6,68.99098333333333,Forward,0.5923200292197882,284.8567260935706,16250.0,16264.166351686126,ok,0.0005316932727916381,14456.232633339638,ok,-62.44635326756179,63.94711788036557,-0.09073553707425246,-67.82668037165058,61.32016164761414,-0.09855323729019519,,,0.0032809664999374553
510,6,69.12656666666666,Forward,0.5924043678095459,284.8825037528659,16250.0,16264.075815315116,ok,0.0005316579316551351,14456.584511380679,ok,-62.536889638571665,63.94698632958928,-0.09086708785053457,-67.47480233060924,61.320672931962505,-0.09804195294182465,,,0.0032809664999374553
511,6,69.26161666666667,Forward,0.5928506919345022,285.045628199945,16250.0,16263.568721052592,ok,0.0005318370501591892,14456.46983106884,ok,-63.043983901096,63.946249513620856,-0.09160390381895908,-67.58948264244827,61.320506299659066,-0.09820858524526714,,,0.0032809664999374553
512,6,69.39775,Forward,0.5933020760777954,285.06059196115893,16250.0,16263.101212094547,ok,0.0005216329773881573,14456.233206890362,ok,-63.51149285914107,63.945570215724736,-0.09228320171508266,-67.82610682092673,61.320162480992394,-0.09855240391193937,,,0.0032809664999374553
513,6,69.53331666666666,Forward,0.5938708874165204,285.11438687992995,16250.0,16262.702093995842,ok,0.0005250451056664373,14456.585419380122,ok,-63.910610957846075,63.94499029082685,-0.09286312661296879,-67.47389433116587,61.320674251300034,-0.09804063360429978,,,0.0032809664999374553
514,6,69.66758333333334,Forward,0.5942761233455716,285.30148445119994,16250.0,16262.26302708378,ok,0.0005338915254096651,14455.554507005347,ok,-64.34967786990819,63.944352319672525,-0.09350109776729375,-68.50480670594152,61.31917631934553,-0.09953856555880435,,,0.0032809664999374553
515,6,69.80296666666666,Forward,0.5944695178980676,285.35936423658677,16250.0,16261.963781558066,ok,0.0005243780104766002,14455.714965371682,ok,-64.64892339562175,63.943917511199786,-0.09393590624003752,-68.34434833960586,61.31940946788481,-0.0993054170195271,,,0.0032809664999374553
516,6,69.93826666666666,Forward,0.594954131611338,285.4141134100737,16250.0,16261.650403581967,ok,0.0005229530558577818,14455.939374253125,ok,-64.96230137172097,63.94346216805353,-0.09439124938628614,-68.11993945816357,61.319735537532054,-0.09897934737227877,,,0.0032809664999374553
517,6,70.07356666666666,Forward,0.5952538910323936,285.4976754371164,16250.0,16261.362938305128,ok,0.0005320088529146492,14456.137938590584,ok,-65.24976664855967,63.943044476468366,-0.09480894097145205,-67.9213751207044,61.32002405464891,-0.09869083025541919,,,0.0032809664999374553
518,6,70.2086,Forward,0.5953998095646593,285.55823242217775,16250.0,16261.073971672564,ok,0.0005387011017252802,14456.46633240851,ok,-65.53873328112422,63.94262460338963,-0.09522881405018799,-67.59298130277784,61.320501216050374,-0.09821366885395577,,,0.0032809664999374553
519,6,70.34525,Forward,0.5957850848305329,285.49497115049235,16250.0,16260.835636280493,ok,0.0005288475178958495,14455.513898156689,ok,-65.77706867319466,63.9422782983026,-0.09557511913722255,-68.54541555459946,61.319117314047375,-0.09959757085695455,,,0.0032809664999374553
520,6,70.48003333333334,Forward,0.5961485104687025,285.7324091503433,16250.0,16260.578608658254,ok,0.0005191117802778494,14455.116204791024,ok,-66.03409629543421,63.94190483311005,-0.09594858432976787,-68.94310892026442,61.31853945930909,-0.10017542559524271,,,0.0032809664999374553
521,6,70.6151,Forward,0.5963947420495823,285.6579389786457,16250.0,16260.341258886358,ok,0.0005222350497687094,14455.772424267365,ok,-66.27144606733054,63.94155996014469,-0.09629345729513049,-68.28688944392343,61.319492956567274,-0.09922192833705591,,,0.0032809664999374553
522,6,70.75066666666666,Forward,0.5964959950258378,285.72577284305225,16250.0,16260.168656192158,ok,0.0005250302132734978,14456.139223788043,ok,-66.44404876153021,63.94130916570531,-0.09654425173450418,-67.92008992324554,61.320025922061106,-0.09868896284322339,,,0.0032809664999374553
523,6,70.88625,Forward,0.5967847558701017,285.69244107318445,16245.0,16259.947691230454,ok,0.0005206014863788324,14456.088750715307,ok,-66.66501372323364,63.94098810012781,-0.09686531731200632,-67.9705629959808,61.31995258388966,-0.09876230101467431,,,0.0032809664999374553
524,6,71.02101666666667,Forward,0.5970396823637848,285.86905126223064,16245.0,16259.71663701519,ok,0.0005285366775572213,14455.493251998443,ok,-66.89606793849816,63.94065237470562,-0.09720104273420141,-68.56606171284511,61.319087314853526,-0.09962757005080519,,,0.0032809664999374553
525,6,71.15686666666667,Forward,0.5972634812572718,285.8054895414589,16245.0,16259.609621365216,ok,0.0005207475938714413,14455.043698815856,ok,-67.00308358847178,63.94049687927686,-0.0973565381629593,-69.01561489543201,61.31843410698259,-0.10028077792173863,,,0.0032809664999374553
526,6,71.29191666666667,Forward,0.5971661178396891,285.7164085784334,16245.0,16259.432410733687,ok,0.0005139472336520915,14455.22389627894,ok,-67.18029422000109,63.9402393894318,-0.09761402800801375,-68.83541743234855,61.31869593674105,-0.10001894816328596,,,0.0032809664999374553
527,6,71.42698333333334,Forward,0.5975277679063471,285.75958346507286,16250.0,16259.305905596402,ok,0.000530954647488129,14455.407809190001,ok,-67.30679935728585,63.940055575470325,-0.09779784196949527,-68.65150452128728,61.318963165104066,-0.09975171980026958,,,0.0032809664999374553
528,6,71.562,Forward,0.597820117567901,285.8637343544233,16245.0,16259.08821763688,ok,0.0005289656146700717,14455.805426078377,ok,-67.52448731680852,63.93973927142872,-0.09811414601109808,-68.25388763291085,61.319540908719645,-0.09917397618468891,,,0.0032809664999374553
529,6,71.69811666666666,Forward,0.5980779522285143,285.97807603454385,16245.0,16258.972462102956,ok,0.0005302664314990288,14455.31385625686,ok,-67.64024285073174,63.939571076810616,-0.09828234062920232,-68.7454574544281,61.31882665000907,-0.09988823489526173,,,0.0032809664999374553
530,6,71.83291666666666,Forward,0.5980852919491484,285.8928699432072,16245.0,16258.827679218164,ok,0.0005255196282351053,14455.380190166965,ok,-67.78502573552396,63.939360704993476,-0.09849271244634422,-68.67912354432337,61.318923034227595,-0.0997918506767342,,,0.0032809664999374553
531,6,71.9685,Forward,0.5983570942149113,285.9444939040968,16245.0,16258.73716260548,ok,0.0005289283482177888,14453.651349198126,ok,-67.87554234820891,63.939229182926354,-0.09862423451346831,-70.40796451316237,61.31641100100843,-0.10230388389589518,,,0.0032809664999374553
532,6,72.10355,Forward,0.5984433941365214,286.0351747348486,16245.0,16258.600463284034,ok,0.0005230956639410518,14455.44107639606,ok,-68.01224166965403,63.93903055665436,-0.09882286078545996,-68.61823731522782,61.31901150287962,-0.09970338202470995,,,0.0032809664999374553
533,6,72.2386,Forward,0.5984695530348789,286.03283869892766,16245.0,16258.515717304219,ok,0.0005217406062574989,14454.034942606793,ok,-68.09698764946916,63.93890741940789,-0.09894599803192913,-70.024371104495,61.316968368286624,-0.10174651661770606,,,0.0032809664999374553
534,6,72.37336666666667,Forward,0.5984952930785961,286.0044147981498,16245.0,16258.382758030362,ok,0.000525063707552548,14455.658989390682,ok,-68.22994692332577,63.938714227484084,-0.09913918995573438,-68.40032432060616,61.319328133900775,-0.09938675100355589,,,0.0032809664999374553
535,6,72.50815,Forward,0.5988188668252431,286.0384414353175,16250.0,16258.311993861336,ok,0.0005273846906506878,14455.218608965206,ok,-68.30071109235178,63.93861140602941,-0.09924201141041047,-68.84070474608234,61.318688254190725,-0.10002663071360655,,,0.0032809664999374553
536,6,72.64293333333333,Forward,0.598959817381487,285.9620234308586,16245.0,16258.186455889303,ok,0.0005210646662837737,14455.540557430577,ok,-68.42624906438505,63.9384289973743,-0.09942442006551394,-68.51875628071139,61.319156050393175,-0.09955883451115259,,,0.0032809664999374553
537,6,72.77943333333333,Forward,0.5989523588851049,286.0711082476719,16245.0,16258.103889764683,ok,0.0005115282586817576,14455.289105753993,ok,-68.50881518900496,63.93830902749184,-0.09954438994797334,-68.7702079572955,61.31879068713769,-0.09992419776663883,,,0.0032809664999374553
538,6,72.9142,Forward,0.5991830036760106,286.00325186430564,16250.0,16257.988198912664,ok,0.0005214859663684303,14454.887449206017,ok,-68.62450604102378,63.93814092685757,-0.09971249058224942,-69.17186450527151,61.318207073832944,-0.10050781107138765,,,0.0032809664999374553
539,6,73.04955,Forward,0.599175383863233,286.09158501434285,16245.0,16257.949002221201,ok,0.0005227023478665412,14455.09312815834,ok,-68.66370273248685,63.93808397344611,-0.0997694439937032,-68.96618555294845,61.31850592859752,-0.10020895630681972,,,0.0032809664999374553
540,6,73.18405,Forward,0.599081318327389,285.9743930546665,16245.0,16257.842584851282,ok,0.0005247287238369651,14455.412221223485,ok,-68.77012010240651,63.937929347327724,-0.09992407011209825,-68.64709248780309,61.31896957585836,-0.09974530904596882,,,0.0032809664999374553
541,6,73.3196,Forward,0.5991420987463644,286.03940732066985,16245.0,16257.832179010155,ok,0.0005244887730209919,14455.630372322075,ok,-68.78052594353358,63.9379142274763,-0.09993918996352222,-68.42894138921292,61.31928655284834,-0.0994283320559898,,,0.0032809664999374553
542,6,73.45545,Forward,0.5995452522880687,286.0900332889378,16245.0,16257.70603409974,ok,0.0005248166303271664,14456.129647599451,ok,-68.90667085394853,63.937730936930144,-0.10012248050967537,-67.92966611183692,61.320012007707916,-0.09870287719641613,,,0.0032809664999374553
543,6,73.59131666666667,Forward,0.5995136263879763,286.04529278363407,16245.0,16257.69315332084,ok,0.0005248710125300907,14455.068168029904,ok,-68.91955163284729,63.93771222095506,-0.10014119648475091,-68.9911456813843,61.318469661136874,-0.10024522376745694,,,0.0032809664999374553
544,6,73.72745,Forward,0.5993652780214129,285.9462869585059,16245.0,16257.606823043228,ok,0.0005278488850882571,14455.736897136352,ok,-69.00588191045972,63.93758678169889,-0.10026663574092926,-68.32241657493614,61.31944133508509,-0.09927354981924774,,,0.0032809664999374553
545,6,73.86255,Forward,0.5995484747530774,286.15257562658917,16245.0,16257.579108585249,ok,0.0005287606448459523,14455.284047656454,ok,-69.03359636843925,63.93754651215394,-0.10030690528587322,-68.77526605483399,61.318783337642124,-0.09993154726220926,,,0.0032809664999374553
546,6,73.99758333333334,Forward,0.5995996084749786,286.1613111372044,16240.0,16257.509491836152,ok,0.0005232191418189016,14455.862700247966,ok,-69.10321311753614,63.937445357918534,-0.10040805952127917,-68.19661346332214,61.31962412899219,-0.09909075591214798,,,0.0032809664999374553
547,6,74.13265,Forward,0.5998289833303746,286.09868068460673,16245.0,16257.389809544833,ok,0.0005238205540775026,14455.297372151743,ok,-69.22289540885504,63.937271457659946,-0.10058195977986702,-68.76194155954545,61.318802698344115,-0.09991218656021487,,,0.0032809664999374553
548,6,74.26821666666666,Forward,0.5997652650152159,286.0923714349974,16240.0,16257.394962765307,ok,0.0005253378838406031,14455.16219577217,ok,-69.21774218838073,63.93727894537065,-0.10057447206916924,-68.89711793911738,61.31860628493071,-0.10010859997362365,,,0.0032809664999374553
549,6,74.403,Forward,0.6000878666936968,286.22670933076006,16240.0,16257.34013587202,ok,0.0005212887841188071,14455.5242748778,ok,-69.27256908166783,63.93719928102921,-0.10065413641061127,-68.53503883348822,61.31913239158696,-0.09958249331737326,,,0.0032809664999374553
550,6,74.53831666666666,Forward,0.6001228738762411,285.1463830719422,16240.0,16257.479197260147,ok,0.000532482499149925,14455.555626187455,ok,-69.1335076935411,63.93740133942137,-0.10045207801844375,-68.50368752383292,61.319177945534804,-0.09953693936953317,,,0.0032809664999374553
551,6,74.67336666666667,Forward,0.5999308660621453,286.06756610503544,16240.0,16257.323218497908,ok,0.0005218591159827154,14454.721536832318,ok,-69.2894864557802,63.93717469981756,-0.10067871762225379,-69.33777687897054,61.317966000534874,-0.1007488843694607,,,0.0032809664999374553
552,6,74.80866666666667,Forward,0.5999203841303864,286.1950694073548,16245.0,16257.311583248089,ok,0.0005151912274755868,14455.451521616302,ok,-69.30112170559914,63.9371577936159,-0.10069562382391445,-68.60779209498651,61.31902667994952,-0.09968820495481136,,,0.0032809664999374553
553,6,74.94425,Forward,0.599972426715953,286.1926549566342,16245.0,16257.27201329245,ok,0.0005263125059070799,14455.218893768626,ok,-69.34069166123845,63.93710029784571,-0.10075311959410864,-68.84041994266227,61.31868866801459,-0.1000262168897413,,,0.0032809664999374553
554,6,75.07928333333334,Forward,0.6001663420394332,286.0849873736206,16245.0,16257.20516531169,ok,0.0005296428086321053,14455.400088377583,ok,-69.40753964199757,63.9370031666744,-0.10085025076541211,-68.65922533370576,61.31895194664174,-0.09976293826259418,,,0.0032809664999374553
555,6,75.21431666666666,Forward,0.6002437993810928,286.08990621828343,16240.0,16257.18880152005,ok,0.0005267322025984962,14455.461266915265,ok,-69.42390343363877,63.93697938982683,-0.10087402761298515,-68.59804679602348,61.31904084002275,-0.09967404488157905,,,0.0032809664999374553
556,6,75.34961666666666,Forward,0.6002207598379437,286.1297117542672,16245.0,16257.104117440615,ok,0.0005346874759792051,14455.568830878583,ok,-69.50858751307351,63.93685634252259,-0.10099707491722447,-68.49048283270531,61.31919713215946,-0.09951775274487586,,,0.0032809664999374553
557,6,75.48386666666667,Forward,0.6002696635150945,286.16599358240455,16240.0,16257.154036553957,ok,0.0005250168281346295,14455.766014759825,ok,-69.45866839973132,63.9369288757823,-0.10092454165751646,-68.29329895146293,61.31948364345164,-0.09923124145269113,,,0.0032809664999374553
558,6,75.61943333333333,Forward,0.600323488808558,286.1819672914553,16245.0,16257.112737404892,ok,0.0005266946253832699,14455.669728513205,ok,-69.49996754879612,63.936868867466764,-0.1009845499730549,-68.3895851980833,61.319343738015334,-0.09937114688900267,,,0.0032809664999374553
559,6,75.75448333333334,Forward,0.6003858966447736,286.11672791765704,16245.0,16257.063675584006,ok,0.0005270369724184252,14455.714517990506,ok,-69.5490293696821,63.93679757986653,-0.10105583757329084,-68.34479572078271,61.319408817832894,-0.09930606707143941,,,0.0032809664999374553
560,6,75.88926666666667,Forward,0.6003992836940585,286.2492648430198,16240.0,16257.05951373726,ok,0.0005218661861283382,14456.01102042771,ok,-69.55319121642788,63.93679153263751,-0.10106188480231125,-68.04829328357846,61.31983964055473,-0.09887524434960199,,,0.0032809664999374553
561,6,76.0243,Forward,0.600369335657897,286.1277538346494,16240.0,16257.064513330015,ok,0.0005128208535451527,14455.657224808614,ok,-69.54819162367312,63.9367987971247,-0.10105462031511515,-68.40208890267422,61.319325569935174,-0.09938931496915643,,,0.0032809664999374553
562,6,76.16015,Forward,0.6003869232027689,286.16968107897446,16245.0,16257.02608191359,ok,0.0005278400632140168,14455.748152693102,ok,-69.58662304009886,63.936742955669956,-0.10111046176985906,-68.31116101818589,61.31945768958673,-0.0992571953176097,,,0.0032809664999374553
563,6,76.29491666666667,Forward,0.6006737050568901,286.2258180374338,16245.0,16256.937932959208,ok,0.0005278014649383563,14455.840298045636,ok,-69.67477199447967,63.93661487384773,-0.10123854359209146,-68.21901566565248,61.31959157823856,-0.09912330666577455,,,0.0032809664999374553
564,6,76.42996666666667,Forward,0.6004421937676019,286.1254745720398,16245.0,16256.960102542163,ok,0.0005310213122211129,14455.470322209087,ok,-69.65260241152464,63.936647086601724,-0.10120633083808935,-68.58899150220168,61.31905399750762,-0.09966088739670934,,,0.0032809664999374553
565,6,76.5658,Forward,0.6005103482349269,286.0981513468978,16240.0,16256.929407408177,ok,0.0005211745653994918,14455.344960261094,ok,-69.68329754551087,63.936602486087494,-0.10125093135232391,-68.71435345019381,61.31887184461823,-0.0998430402861023,,,0.0032809664999374553
566,6,76.70245,Forward,0.6005830714352957,286.23792191532266,16240.0,16256.85910473117,ok,0.0005245505474495331,14454.37763435825,ok,-69.7536002225188,63.936500335188,-0.10135308225181264,-69.68167935303791,61.31746630481122,-0.10124858009311596,,,0.0032809664999374553
567,6,76.83726666666666,Forward,0.6007620907611093,286.1843639041581,16245.0,16256.815546461343,ok,0.0005209385845263201,14455.34772179701,ok,-69.79715849234526,63.93643704433434,-0.10141637310548018,-68.71159191427796,61.31887585717351,-0.09983902773082304,,,0.0032809664999374553
568,6,76.97258333333333,Forward,0.6009526656622031,286.14701221637733,16240.0,16256.636351486828,ok,0.0005314062425903739,14455.89940224794,ok,-69.97635346686002,63.936176671207605,-0.10167674623221727,-68.15991146334818,61.31967745757753,-0.09903742732680902,,,0.0032809664999374553
569,6,77.1082,Forward,0.6007455432140182,286.1714734369525,16240.0,16256.766563489813,ok,0.0005285889058661754,14455.864799304181,ok,-69.84614146387503,63.936365871303465,-0.10148754613635684,-68.19451440710691,61.319627178954,-0.09908770595033162,,,0.0032809664999374553
570,6,77.2435,Forward,0.6007948651612594,286.1779517274481,16240.0,16256.713308755416,ok,0.0005301818224301262,14455.556789433214,ok,-69.89939619827237,63.936288491333706,-0.101564926106114,-68.5025242780739,61.31917963574925,-0.09953524915508236,,,0.0032809664999374553
571,6,77.37963333333333,Forward,0.6004985876383744,286.17471335438313,16245.0,16256.751121685185,ok,0.0005333748229515625,14455.327754876702,ok,-69.86158326850273,63.936343434117575,-0.1015099833222448,-68.7315588345864,61.3188468449231,-0.09986803998122848,,,0.0032809664999374553
572,6,77.51495,Forward,0.6007880578344175,286.1723601826907,16240.0,16256.664307839274,ok,0.0005345944258007069,14454.182765804668,ok,-69.94839711441455,63.93621729222902,-0.10163612521079576,-69.87654790662054,61.317183157726674,-0.10153172717766137,,,0.0032809664999374553
573,6,77.65053333333333,Forward,0.6008684470221658,286.15179419107335,16240.0,16256.687044073742,ok,0.0005307694693231841,14455.821058801832,ok,-69.92566087994601,63.93625032833662,-0.10160308910319937,-68.23825490945637,61.3195636233136,-0.0991512615907318,,,0.0032809664999374553
574,6,77.78851666666667,Forward,0.6008277037206752,286.2101010470524,16245.0,16256.70795144998,ok,0.000527465115257985,14455.576497302212,ok,-69.90475350370798,63.936280707084336,-0.10157271035548224,-68.4828164090759,61.31920827159401,-0.09950661331032035,,,0.0032809664999374553
575,6,77.92493333333333,Forward,0.60091794015496,286.21830899291126,16245.0,16256.673471807866,ok,0.0005234592830303182,14454.205502815134,ok,-69.93923314582207,63.93623060762005,-0.10162280981976873,-69.85381089615476,61.3172161949618,-0.10149868994252874,,,0.0032809664999374553
576,6,78.05971666666667,Forward,0.6006410495250423,286.1449383972449,16245.0,16256.76039701045,ok,0.0005290301939165596,14455.063972810894,ok,-69.85230794323797,63.936356911311606,-0.10149650612821508,-68.99534090039378,61.31846356541743,-0.10025131948690334,,,0.0032809664999374553
577,6,78.19541666666667,Forward,0.6008040452167065,286.2152130739287,16240.0,16256.740790894473,ok,0.0005262452764434047,14454.505795577614,ok,-69.87191405921476,63.93632842331559,-0.10152499412423098,-69.55351813367452,61.3176525250861,-0.10106235981823132,,,0.0032809664999374553
578,6,78.33045,Forward,0.6010231057016852,286.2435205453148,16245.0,16256.709158302661,ok,0.0005321259549364806,14455.507002673681,ok,-69.90354665102677,63.93628246066034,-0.10157095677948509,-68.55231103760707,61.31910729480172,-0.09960759010261652,,,0.0032809664999374553
579,6,78.46661666666667,Forward,0.6008614358821219,286.2129263322404,16240.0,16256.712464091812,ok,0.0005267614598195358,14453.92853507953,ok,-69.90024086187623,63.93628726402415,-0.10156615341566425,-70.1307786317575,61.31681375646977,-0.10190112843456488,,,0.0032809664999374553
580,6,78.60378333333334,Forward,0.6008548977017195,286.16341994131653,16245.0,16256.68554566341,ok,0.0005260081052920019,14455.619975105668,ok,-69.92715929027872,63.936248151122754,-0.10160526631706668,-68.43933860561992,61.31927144552877,-0.09944343937555937,,,0.0032809664999374553
581,6,78.7399,Forward,0.6009648474710823,286.1822859709264,16240.0,16256.671767508073,ok,0.0005331775312316118,14455.200344443898,ok,-69.94093744561542,63.93622813124554,-0.1016252861942725,-68.85896926739042,61.31866171555294,-0.10005316935139046,,,0.0032809664999374553
582,6,78.87521666666666,Forward,0.6011088580604226,286.18535760487975,16240.0,16256.660329275468,ok,0.00053462784732916,14455.583134001336,ok,-69.95237567822005,63.936211511313005,-0.10164190612681066,-68.4761797099527,61.3192179148226,-0.0994969700817276,,,0.0032809664999374553
583,6,79.00971666666666,Forward,0.6009475645353672,286.17224632031866,16245.0,16256.658435667248,ok,0.0005268297801747712,14455.28780052348,ok,-69.95426928643974,63.93620875987037,-0.10164465756944632,-68.77151318780852,61.318788790617155,-0.0999260942871786,,,0.0032809664999374553
584,6,79.14503333333333,Forward,0.601123546498894,286.1262152129566,16240.0,16256.590236684488,ok,0.0005231867273767848,14455.956572696254,ok,-70.02246826920054,63.936109665671836,-0.10174375176798511,-68.10274101503455,61.31976052714141,-0.09895435776291814,,,0.0032809664999374553
585,6,79.28035,Forward,0.6008431839714867,286.15990073031753,16240.0,16256.588223391016,ok,0.0005223701093460872,14455.723734649066,ok,-70.02448156267201,63.93610674032463,-0.10174667711518094,-68.33557906222268,61.319422209783276,-0.09929267512105776,,,0.0032809664999374553
586,6,79.41595,Forward,0.6009216148475593,286.18889578496237,16240.0,16256.545483231417,ok,0.0005148023410129709,14455.279722867093,ok,-70.06722172227092,63.93604463819804,-0.10180877924177319,-68.7795908441949,61.31877705365491,-0.09993783124942167,,,0.0032809664999374553
587,6,79.55125,Forward,0.60089779671752,286.2734806667813,16245.0,16256.563417596055,ok,0.0005223222457317982,14454.238345107235,ok,-70.04928735763315,63.936070697112974,-0.1017827203268431,-69.82096860405363,61.31726391533067,-0.10145096957365825,,,0.0032809664999374553
588,6,79.68633333333334,Forward,0.6008030257074135,286.19833572789867,16240.0,16256.491624836552,ok,0.0005223001696946945,14455.240959358942,ok,-70.12108011713644,63.9359663811001,-0.10188703633972,-68.81835435234643,61.31872072966564,-0.09999415523868556,,,0.0032809664999374553
589,6,79.82243333333334,Forward,0.6007893287344347,286.2235284260132,16240.0,16256.52098114459,ok,0.0005293225857495628,14453.709890109669,ok,-70.09172380909877,63.936009036279096,-0.10184438116072335,-70.34942360161949,61.31649606187703,-0.1022188230272981,,,0.0032809664999374553
590,6,79.95898333333334,Forward,0.6008105445245144,286.1356961335496,16245.0,16256.449851621259,ok,0.0005270371265730629,14455.65917911489,ok,-70.16285333242922,63.93590568395885,-0.10194773348097129,-68.40013459639886,61.319328409573046,-0.09938647533128771,,,0.0032809664999374553
591,6,80.09455,Forward,0.6008557567519576,286.2977683166755,16240.0,16256.486562401693,ok,0.0005323572927483329,14455.921701982057,ok,-70.12614255199514,63.93595902530233,-0.10189439213748516,-68.13761172923114,61.31970985944322,-0.09900502546111395,,,0.0032809664999374553
592,6,80.2296,Forward,0.6007914450549258,286.2271559483779,16245.0,16256.423138945216,ok,0.000526703459033804,14453.38890940411,ok,-70.18956600847196,63.93586687001887,-0.10198654742094698,-70.67040430717861,61.31602967184486,-0.10268521305946844,,,0.0032809664999374553
593,6,80.3657,Forward,0.6007519018449271,286.2245318794412,16245.0,16256.420327165824,ok,0.0005324988098219517,14455.32904432957,ok,-70.19237778786373,63.93586278445903,-0.1019906329807899,-68.73026938171824,61.31884871851848,-0.09986616638585578,,,0.0032809664999374553
594,6,80.50135,Forward,0.6007414424914232,286.32218448236927,16240.0,16256.397472274974,ok,0.0005246140765392841,14455.604094688539,ok,-70.21523267871453,63.93582957594184,-0.10202384149798281,-68.45521902274959,61.319248371031996,-0.09946651387233661,,,0.0032809664999374553
595,6,80.63691666666666,Forward,0.6007519639582668,286.2173368268195,16240.0,16256.422685942096,ok,0.0005237874398873545,14455.354556623342,ok,-70.19001901159209,63.935866211798185,-0.10198720564163162,-68.70475708794584,61.318885788284064,-0.09982909662026808,,,0.0032809664999374553
596,6,80.7717,Forward,0.6009627755179585,286.2404246314545,16245.0,16256.38147834736,ok,0.0005341242274543049,14455.79187059955,ok,-70.23122660632725,63.935806336512535,-0.10204708092728382,-68.26744311173752,61.31952121239492,-0.0991936725094105,,,0.0032809664999374553
597,6,80.90806666666667,Forward,0.6009242323663418,286.23166926833255,16250.0,16256.388479339632,ok,0.0005312263495145389,14455.298325392994,ok,-70.2242256140562,63.93581650906482,-0.10203690837499649,-68.76098831829404,61.318804083418705,-0.09991080148562874,,,0.0032809664999374553
598,6,81.04358333333333,Forward,0.6008732622892949,286.24464164064557,16240.0,16256.403219453214,ok,0.0005275805592367003,14455.314663883668,ok,-70.20948550047433,63.93583792668254,-0.10201549075727499,-68.74464982762038,61.31882782350357,-0.09988706140076092,,,0.0032809664999374553
599,6,81.17891666666667,Forward,0.6009138919152389,286.3522471835804,16245.0,16256.352148234975,ok,0.0005228034684736467,14455.172917261367,ok,-70.2605567187129,63.935763719396235,-0.10208969804358456,-68.88639644992145,61.31862186342376,-0.10009302148057282,,,0.0032809664999374553
600,6,81.31423333333333,Forward,0.6008156928196874,286.2929321241936,16245.0,16256.350908529934,ok,0.0005229035250220843,14455.603098221009,ok,-70.26179642375428,63.935761918085234,-0.10209149935457962,-68.45621549027965,61.319246923148945,-0.099467961755388,,,0.0032809664999374553
601,6,81.44956666666667,Forward,0.6007501233506635,286.3019351757466,16245.0,16256.318900381268,ok,0.0005254311881639858,14455.247386671857,ok,-70.29380457242041,63.93571540973994,-0.1021380076998713,-68.81192703943088,61.318730068652776,-0.09998481625155788,,,0.0032809664999374553
602,6,81.58513333333333,Forward,0.6008584519087613,286.3159363502109,16240.0,16256.29838872381,ok,0.000526479029687918,14455.374905234134,ok,-70.31431622987839,63.935685605977866,-0.10216781146195422,-68.68440847715465,61.31891535513677,-0.09979952976756584,,,0.0032809664999374553
603,6,81.72071666666666,Forward,0.6006728465619751,286.2767653643332,16240.0,16256.296192266349,ok,0.0005337968039093774,14455.207293741369,ok,-70.31651268733913,63.9356824144905,-0.1021710029493179,-68.85201996991964,61.318671812991866,-0.10004307191246398,,,0.0032809664999374553
604,6,81.85616666666667,Forward,0.6008761760679081,286.2567281098527,16245.0,16256.259835015191,ok,0.0005226384297260958,14454.07992733253,ok,-70.35286993849695,63.93562958683063,-0.10222383060918483,-69.97938637875814,61.31703373180325,-0.10168115310108271,,,0.0032809664999374553
605,6,81.99146666666667,Forward,0.6007739802461299,286.35791373329266,16240.0,16256.29503986569,ok,0.0005126416095497633,14455.059875991974,ok,-70.31766508799774,63.93568074003415,-0.10217267740566663,-68.9994377193143,61.31845761267486,-0.10025727222946713,,,0.0032809664999374553
606,6,82.12785,Forward,0.6009204812632768,286.2763021985229,16240.0,16256.193472594188,ok,0.0005227250842880203,14455.287573243102,ok,-70.4192323594998,63.93553316118532,-0.1023202562544974,-68.77174046818618,61.318788460375174,-0.09992642452915516,,,0.0032809664999374553
607,6,82.26315,Forward,0.6007992429704347,286.4369932304471,16245.0,16256.2087040654,ok,0.0005300031128882158,14456.063937485716,ok,-70.40400088828756,63.935555292753435,-0.1022981246863824,-67.99537622557182,61.31991652987536,-0.09879835502897105,,,0.0032809664999374553
608,6,82.39818333333334,Forward,0.600889834202391,286.3424419878447,16245.0,16256.178192115774,ok,0.0005237738867312811,14455.31143489019,ok,-70.43451283791364,63.93551095840897,-0.10234245903084993,-68.7478788210974,61.318823131725075,-0.09989175317925585,,,0.0032809664999374553
609,6,82.5335,Forward,0.6008347956699255,286.2588020494459,16245.0,16256.160932893845,ok,0.0005302918885920793,14455.140322521727,ok,-70.45177205984328,63.93548588048705,-0.10236753695276732,-68.91899118956098,61.318574502752526,-0.10014038215180876,,,0.0032809664999374553
610,6,82.66963333333334,Forward,0.6010600995124954,286.3583920887395,16245.0,16256.13543350357,ok,0.0005202308856859267,14455.076467268893,ok,-70.47727145011777,63.935448829470445,-0.10240458796936885,-68.98284644239538,61.31848172006214,-0.10023316484219448,,,0.0032809664999374553
611,6,82.8052,Forward,0.600867871800322,286.38800303563767,16245.0,16256.106027090822,ok,0.0005286293037432198,14455.75495165407,ok,-70.50667786286613,63.93540610148852,-0.10244731595130108,-68.3043620572189,61.31946756858434,-0.09924731631999643,,,0.0032809664999374553
612,6,82.9406,Forward,0.6010556096109301,286.2692899478534,16245.0,16256.072184557745,ok,0.0005314810141305441,14456.37735012381,ok,-70.54052039594353,63.935356927753716,-0.10249648968609988,-67.6819635874781,61.320371923386034,-0.09834296151829723,,,0.0032809664999374553
613,6,83.07561666666666,Forward,0.6010434989515638,286.40396227619203,16245.0,16256.08187394584,ok,0.0005253756321958845,14453.6309072874,ok,-70.53083100784897,63.93537100658757,-0.10248241085224206,-70.4284064238891,61.316381298589455,-0.10233358631487659,,,0.0032809664999374553
614,6,83.21175,Forward,0.601207836025397,286.3848143686955,16245.0,16256.018837344343,ok,0.0005311230626139119,14455.632249379643,ok,-70.59386760934467,63.93527941341051,-0.10257400402930944,-68.42706433164494,61.31928928024262,-0.09942560466171235,,,0.0032809664999374553
615,6,83.34651666666667,Forward,0.601065327403933,286.3920697437552,16240.0,16255.994476443635,ok,0.0005257412903487755,14455.246025109389,ok,-70.61822851005309,63.93524401663721,-0.1026094008025993,-68.81328860189933,61.31872809028101,-0.09998679462331812,,,0.0032809664999374553
616,6,83.48158333333333,Forward,0.6009840285292779,286.44271819812093,16240.0,16256.006629917838,ok,0.0005229575368982931,14453.906101861341,ok,-70.60607503585015,63.93526167582709,-0.10259174161272801,-70.15321184994718,61.31678116064961,-0.10193372425472469,,,0.0032809664999374553
617,6,83.61633333333333,Forward,0.6009654040603853,286.33451832604624,16240.0,16255.939972533375,ok,0.0005281307589261273,14455.054072229605,ok,-70.67273242031297,63.935164821595215,-0.1026885958446042,-69.0052414816837,61.318449179716524,-0.1002657051878079,,,0.0032809664999374553
618,6,83.75173333333333,Forward,0.6009796015155813,286.4208185684838,16245.0,16255.965805830163,ok,0.0005225527894212538,14455.479163856926,ok,-70.64689912352515,63.935202357783254,-0.10265105965656775,-68.58014985436239,61.319066844561505,-0.09964804034282483,,,0.0032809664999374553
619,6,83.8873,Forward,0.6010692183411708,286.50248493829895,16245.0,16255.929883274855,ok,0.000524758747612721,14455.21918579824,ok,-70.68282167883262,63.935150161743316,-0.10270325569650203,-68.84012791304849,61.31868909233823,-0.1000257925661025,,,0.0032809664999374553
620,6,84.02268333333333,Forward,0.6008364600940704,286.5146080068371,16240.0,16255.927451427087,ok,0.0005297939795767588,14455.344575261826,ok,-70.68525352660072,63.935146628230115,-0.10270678920969815,-68.71473844946195,61.31887128520822,-0.09984359969611649,,,0.0032809664999374553
621,6,84.15803333333334,Forward,0.6011454314139504,286.45958224310016,16245.0,16255.880347623424,ok,0.0005153699726809697,14455.298864166183,ok,-70.73235733026377,63.93507818565982,-0.10277523177999996,-68.76044954510508,61.31880486626466,-0.0999100186396801,,,0.0032809664999374553
622,6,84.29333333333334,Forward,0.6010205854374573,286.3803833803304,16240.0,16255.896281925128,ok,0.0005301724805160655,14456.008446587946,ok,-70.7164230285598,63.93510133845173,-0.10275207898808564,-68.05086712334196,61.319835900724925,-0.09887898417940891,,,0.0032809664999374553
623,6,84.42945,Forward,0.6010479904070587,286.4843390694805,16245.0,16255.855340457996,ok,0.0005213463547581877,14454.033319965629,ok,-70.75736449569195,63.93504184985369,-0.10281156758612955,-70.02599374565943,61.316966010563405,-0.10174887434093295,,,0.0032809664999374553
624,6,84.56448333333333,Forward,0.6011262196327656,286.47922559495055,16245.0,16255.831331023728,ok,0.0005262089462294377,14455.590522622073,ok,-70.78137392995995,63.93500696376668,-0.10284645367313328,-68.4687910892153,61.31922865060517,-0.09948623429915958,,,0.0032809664999374553
625,6,84.6998,Forward,0.6010674539491829,286.4445036536181,16240.0,16255.828764171061,ok,0.000533457892356984,14455.48728013467,ok,-70.78394078262681,63.93500323408924,-0.10285018335057848,-68.5720335766182,61.3190786376412,-0.09963624726313916,,,0.0032809664999374553
626,6,84.8351,Forward,0.601190225307977,286.54845584001305,16245.0,16255.828801345355,ok,0.0005219567066080422,14455.173318412573,ok,-70.78390360833328,63.93500328810407,-0.10285012933574314,-68.88599529871499,61.3186224463028,-0.10009243860153727,,,0.0032809664999374553
627,6,84.97146666666667,Forward,0.6011870099696105,286.4418806608919,16240.0,16255.80100134512,ok,0.000516121679432741,14454.89288454935,ok,-70.81170360856777,63.934962894264885,-0.10289052317493393,-69.16642916193814,61.318214971472614,-0.10049991343172207,,,0.0032809664999374553
628,6,85.1068,Forward,0.6011081473446926,286.4399731851172,16240.0,16255.749644405209,ok,0.000525140995342263,14455.856946798953,ok,-70.86306054847955,63.93488827182047,-0.10296514561934506,-68.20236691233549,61.31961576913994,-0.0990991157643882,,,0.0032809664999374553
629,6,85.24263333333333,Forward,0.601087950542682,286.5108729980293,16240.0,16255.787580723994,ok,0.000538832903855152,14455.404984731545,ok,-70.82512422969376,63.934943393890535,-0.10291002354928756,-68.65432897974279,61.31895906112134,-0.09975582378299226,,,0.0032809664999374553
630,6,85.3782,Forward,0.6012734597845292,286.564651122997,16245.0,16255.732655589329,ok,0.000521209479742115,14455.157227799033,ok,-70.88004936435937,63.93486358680282,-0.10298983063700343,-68.90208591225564,61.318599066387314,-0.10011581851701784,,,0.0032809664999374553
631,6,85.5143,Forward,0.6012179554629057,286.4883643498815,16245.0,16255.743994339304,ok,0.0005173667779053942,14455.193318490343,ok,-70.86871061438433,63.93488006218552,-0.10297335525429648,-68.86599522094548,61.31865150673151,-0.10006337817281748,,,0.0032809664999374553
632,6,85.65068333333333,Forward,0.6011864537797504,286.5257811199044,16240.0,16255.71563486263,ok,0.0005248398612152107,14453.80612380618,ok,-70.89707009105769,63.934838855418235,-0.10301456202158482,-70.25318990510823,61.31663589095721,-0.10207899394712464,,,0.0032809664999374553
633,6,85.78575,Forward,0.6010152970109657,286.5860510530747,16245.0,16255.728981790753,ok,0.0005339617306148421,14455.788765821517,ok,-70.88372316293498,63.934858248715486,-0.10299516872432828,-68.27054788977148,61.319516701103424,-0.09919818380090578,,,0.0032809664999374553
634,6,85.92078333333333,Forward,0.6012958024706616,286.52021504391814,16240.0,16255.678894994124,ok,0.0005203434641544985,14455.703237072488,ok,-70.93380995956431,63.93478547180932,-0.10306794563049955,-68.3560766388,61.31939242648093,-0.09932245842339882,,,0.0032809664999374553
635,6,86.05583333333334,Forward,0.6011929736929562,286.5423806574436,16240.0,16255.680313673116,ok,0.0005250309350061311,14456.381454284243,ok,-70.93239128057212,63.93478753317229,-0.10306588426752866,-67.6778594270454,61.32037788679593,-0.09833699810840037,,,0.0032809664999374553
636,6,86.1914,Forward,0.6014031088500201,286.4855365983349,16245.0,16255.674615242344,ok,0.0005213350537871331,14455.38888571293,ok,-70.93808971134422,63.93477925326242,-0.1030741641773958,-68.67042799835872,61.31893566899315,-0.09977921591117989,,,0.0032809664999374553
637,6,86.3267,Forward,0.6011316779003447,286.44013261607324,16240.0,16255.660216093207,ok,0.0005156840189728812,14454.844113413279,ok,-70.95248886048103,63.93475833107142,-0.10309508636839616,-69.21520029800922,61.318144106242,-0.10057077866233323,,,0.0032809664999374553
638,6,86.4628,Forward,0.6013445139428053,286.5687963396267,16240.0,16255.674378804993,ok,0.0005169502109985869,14455.295824704193,ok,-70.93832614869461,63.93477890971522,-0.10307450772459832,-68.7634890070949,61.3188004498784,-0.0999144350259322,,,0.0032809664999374553
639,6,86.59826666666666,Forward,0.6013770392465907,286.3963038778129,16240.0,16255.643477766633,ok,0.000517445820526895,14455.563525384374,ok,-70.96922718705537,63.93473401001868,-0.10311940742113947,-68.49578832691441,61.31918942319262,-0.09952546171171406,,,0.0032809664999374553
640,6,86.73403333333333,Forward,0.6012121521840017,286.34394766604237,16240.0,16255.588019675582,ok,0.0005345989162884956,14455.709966723229,ok,-71.02468527810561,63.93465342853692,-0.10319998890289543,-68.34934698805955,61.319402204769695,-0.09931268013463884,,,0.0032809664999374553
641,6,86.87028333333333,Forward,0.601627329306564,286.48892537477514,16240.0,16255.575143647846,ok,0.0005206087105872443,14455.081105168752,ok,-71.03756130584225,63.934634719465365,-0.1032186979744574,-68.97820854253587,61.318488459003845,-0.10022642590048483,,,0.0032809664999374553
642,6,87.00503333333333,Forward,0.6013759215328487,286.5242309369678,16245.0,16255.580346958806,ok,0.0005210668772091206,14455.584107318597,ok,-71.03235799488175,63.934642279958325,-0.10321113748149247,-68.47520639269169,61.31921932906795,-0.09949555583638259,,,0.0032809664999374553
643,6,87.14033333333333,Forward,0.6014393620063826,286.51833444126714,16240.0,16255.565931047739,ok,0.0005253212030452399,14455.218115518404,ok,-71.04677390594952,63.934621333411975,-0.10323208402784313,-68.8411981928839,61.31868753720474,-0.10002734769959876,,,0.0032809664999374553
644,6,87.2762,Forward,0.6014174059028433,286.55963548906766,16240.0,16255.590451933329,ok,0.0005299466735078246,14455.386121565904,ok,-71.02225302035913,63.934656962645825,-0.10319645479399424,-68.67319214538475,61.31893165264389,-0.09978323226044346,,,0.0032809664999374553
645,6,87.41125,Forward,0.601423658642467,286.54156434938886,16245.0,16255.530384632972,ok,0.0005223783187940064,14455.537805227954,ok,-71.08232032071646,63.93456968391018,-0.10328373352963426,-68.5215084833344,61.31915205139933,-0.09956283350501002,,,0.0032809664999374553
646,6,87.54683333333334,Forward,0.6015900841683557,286.5243781513818,16240.0,16255.542248381107,ok,0.0005262717742196718,14455.598425782362,ok,-71.07045657258095,63.9345869221235,-0.10326649531631255,-68.46088792892624,61.31924013402183,-0.09947475088250049,,,0.0032809664999374553
647,6,87.68211666666667,Forward,0.6014156490953957,286.57800280183073,16240.0,16255.530676357641,ok,0.0005308532058244843,14453.88646501114,ok,-71.08202859604717,63.934570107790734,-0.10328330964908462,-70.17284870014737,61.31675262799628,-0.10196225690805236,,,0.0032809664999374553
648,6,87.81823333333334,Forward,0.6016129414048828,286.5058055624959,16240.0,16255.53807191905,ok,0.0005299601995423391,14455.463986227936,ok,-71.07463303463737,63.934580853658204,-0.10327256378161005,-68.59532748335187,61.31904479122699,-0.09967009367734019,,,0.0032809664999374553
649,6,87.95408333333333,Forward,0.6014169806376346,286.5749841107245,16240.0,16255.468682570967,ok,0.0005223842113627379,14455.865563278368,ok,-71.14402238272123,63.93448002984006,-0.10337338759975431,-68.19375043291984,61.31962828902056,-0.09908659588377773,,,0.0032809664999374553
650,6,88.08993333333333,Forward,0.6016353288188552,286.5504300894863,16240.0,16255.480220328138,ok,0.0005204337188704789,14455.556917759199,ok,-71.1324846255502,63.934496794383364,-0.10335662305645009,-68.5023959520895,61.31917982220893,-0.09953506269540127,,,0.0032809664999374553
651,6,88.22635,Forward,0.6017522107896159,286.5247524488077,16240.0,16255.437438278797,ok,0.0005209388496799071,14455.47872381948,ok,-71.17526667489074,63.93443463139032,-0.10341878604949818,-68.5805898918079,61.31906620518015,-0.09964867972417958,,,0.0032809664999374553
652,6,88.36165,Forward,0.6016925453564814,286.53462931976355,16240.0,16255.467147172076,ok,0.0005194219653034533,14453.885908199918,ok,-71.1455577816123,63.93447779888123,-0.1033756185585808,-70.17340551137022,61.31675181894079,-0.10196306596354897,,,0.0032809664999374553
653,6,88.49723333333333,Forward,0.6016844177887063,286.60728420069063,16240.0,16255.437798486755,ok,0.0005205599717548667,14455.761516602091,ok,-71.17490646693295,63.93443515477817,-0.10341826266164929,-68.29779710919684,61.31947710755745,-0.0992377773468863,,,0.0032809664999374553
654,6,88.632,Forward,0.6017917369551022,286.5444750332099,16245.0,16255.470301964442,ok,0.0005305115743090652,14455.790319082562,ok,-71.14240298924597,63.93448238284435,-0.10337103459547105,-68.26899462872643,61.319518958016246,-0.0991959268880876,,,0.0032809664999374553
655,6,88.76705,Forward,0.6019177859360958,286.5326568490782,16240.0,16255.419984563661,ok,0.0005257748475834331,14455.389549878313,ok,-71.1927203900268,63.9344092708667,-0.10344414657311478,-68.66976383297515,61.318936634035936,-0.09977825086839306,,,0.0032809664999374553
656,6,88.90235,Forward,0.6018991717942586,286.58427971754645,16240.0,16255.411390535563,ok,0.0005186320995088167,14455.25973059562,ok,-71.20131441812555,63.93439678360821,-0.10345663383160734,-68.7995831156677,61.31874800456886,-0.09996688033546912,,,0.0032809664999374553
657,6,89.03818333333334,Forward,0.6020441496292245,286.59631221534255,16240.0,16255.41720060218,ok,0.00052622052485204,14455.917449012775,ok,-71.19550435150813,63.93440522572672,-0.10344819171309469,-68.14186469851302,61.31970367981172,-0.09901120509261778,,,0.0032809664999374553
658,6,89.1735,Forward,0.6018926352700822,286.5755050934513,16245.0,16255.46721194145,ok,0.0005334971202543225,14455.359135430783,ok,-71.14549301223815,63.93447789299216,-0.10337552444765771,-68.7001782805055,61.31889244136356,-0.09982244354077634,,,0.0032809664999374553
659,6,89.30856666666666,Forward,0.6020232662046986,286.5101317407116,16245.0,16255.38201062579,ok,0.00052345638097102,14455.428904959283,ok,-71.23069432789816,63.93435409413552,-0.10349932330429744,-68.63040875200568,61.31899381758984,-0.09972106731448616,,,0.0032809664999374553
660,6,89.4435,Forward,0.601973429536569,286.56812888932654,16240.0,16255.410675829962,ok,0.0005233778067704654,14455.94712966908,ok,-71.20202912372588,63.93439574512969,-0.10345767231012695,-68.11218404220745,61.31974680627387,-0.09896807863046773,,,0.0032809664999374553
661,6,89.5788,Forward,0.6019150915781776,286.5337636598142,16240.0,16255.408903234982,ok,0.0005358228381901458,14455.82164702777,ok,-71.20380171870602,63.9343931695212,-0.10346024791861523,-68.23766668351891,61.319564478015174,-0.09915040688915895,,,0.0032809664999374553
662,6,89.71411666666667,Forward,0.60204575462409,286.4943193180625,16240.0,16255.424870581483,ok,0.0005266160091488913,14455.475911388236,ok,-71.18783437220554,63.934416370327725,-0.10343704711208992,-68.58340232305272,61.31906211867316,-0.09965276623117526,,,0.0032809664999374553
663,6,89.84995,Forward,0.6020642773276479,286.5660399927692,16240.0,16255.401726863856,ok,0.000524419772704523,14455.650341567269,ok,-71.21097808983177,63.93438274214067,-0.10347067529914696,-68.40897214401957,61.31931556847684,-0.09939931642748989,,,0.0032809664999374553
664,6,89.98498333333333,Forward,0.6019735148809118,286.525166999636,16245.0,16255.421572137531,ok,0.000521036131923792,14455.048701082185,ok,-71.19113281615682,63.934411577636595,-0.10344183980322029,-69.01061262910298,61.31844137535454,-0.10027350954979691,,,0.0032809664999374553
665,6,90.12108333333333,Forward,0.6020997630084471,286.50663919274666,16240.0,16255.392742440254,ok,0.0005245516733353834,14455.037308504703,ok,-71.21996251343444,63.934369687631346,-0.10348372980846951,-69.02200520658516,61.318424821759606,-0.10029006314472146,,,0.0032809664999374553
666,6,90.2572,Forward,0.6020795096804236,286.5411860512104,16240.0,16255.424588955728,ok,0.0005286471755516023,14455.726875640665,ok,-71.18811599796027,63.93441596112106,-0.10343745631875728,-68.33243807062354,61.31942677369365,-0.0992881112106806,,,0.0032809664999374553
667,6,90.39278333333333,Forward,0.6020797941518231,286.5798221769837,16240.0,16255.35061397861,ok,0.000528850614706836,14455.722650907202,ok,-71.26209097507854,63.934308474311536,-0.10354494312827717,-68.33666280408579,61.319420635089244,-0.09929424981509277,,,0.0032809664999374553
668,6,90.52915,Forward,0.602049098032554,286.47574090620583,16240.0,16255.370531504755,ok,0.0005316143710329804,14455.645014460228,ok,-71.24217344893259,63.93433741479144,-0.10351600264836956,-68.41429925106058,61.31930782810622,-0.09940705679811405,,,0.0032809664999374553
669,6,90.66498333333334,Forward,0.6020879653952476,286.5701365057794,16240.0,16255.354928538452,ok,0.0005266709074224672,14455.31995213482,ok,-71.25777641523564,63.9343147434351,-0.1035386740047159,-68.73936157646858,61.318835507415976,-0.09987937748835717,,,0.0032809664999374553
670,6,90.80083333333333,Forward,0.6020860997445356,286.5312325808063,16245.0,16255.37101400921,ok,0.00053075156131992,14455.757765231048,ok,-71.24169094447825,63.934338115878035,-0.1035153015617806,-68.30154848023994,61.3194716567561,-0.09924322814823097,,,0.0032809664999374553
671,6,90.93615,Forward,0.6022056241554063,286.4996178367055,16240.0,16255.329648025909,ok,0.0005252870949227771,14455.859318382334,ok,-71.2830569277794,63.934278010451294,-0.1035754069885195,-68.19999532895417,61.31961921508804,-0.09909566981629737,,,0.0032809664999374553
672,6,91.07171666666666,Forward,0.6021231425650164,286.46350594683645,16245.0,16255.3859420577,ok,0.0005417830392789017,14456.002852651509,ok,-71.22676289598894,63.934359806568146,-0.10349361087167186,-68.0564610597794,61.319827772646974,-0.09888711225735825,,,0.0032809664999374553
673,6,91.20701666666666,Forward,0.602132290533524,286.5122662830181,16240.0,16255.33572609556,ok,0.0005293503156213849,14455.298158625943,ok,-71.27697885812813,63.93428684198245,-0.10356657545736796,-68.76115508534531,61.318803841103545,-0.0999110438007868,,,0.0032809664999374553
674,6,91.3424,Forward,0.6021479134487059,286.51992688671635,16240.0,16255.305533770512,ok,0.0005252511124604688,14454.892929251726,ok,-71.30717118317625,63.93424297205754,-0.10361044538227812,-69.16638445956232,61.31821503642587,-0.10049984847846434,,,0.0032809664999374553
675,6,91.47776666666667,Forward,0.6020655509117254,286.5121045643373,16240.0,16255.309374847979,ok,0.0005239740657425982,14454.267944819918,ok,-71.30333010570939,63.93424855320373,-0.10360486423608363,-69.79136889137044,61.317306924180464,-0.10140796072386929,,,0.0032809664999374553
676,6,91.61253333333333,Forward,0.6021977433896356,286.5336651521375,16245.0,16255.248206044596,ok,0.0005337698894097657,14455.464615490675,ok,-71.36449890909171,63.93415967396681,-0.10369374347300725,-68.59469822061328,61.31904570555568,-0.0996691793486475,,,0.0032809664999374553
677,6,91.74786666666667,Forward,0.6022145753496716,286.4597887813761,16240.0,16255.269228966836,ok,0.0005362019022331126,14455.935024169692,ok,-71.34347598685235,63.93419022060469,-0.10366319683512618,-68.12428954159623,61.319729216792155,-0.09898566811217673,,,0.0032809664999374553
678,6,91.88371666666667,Forward,0.6022249685905374,286.47169689285147,16240.0,16255.285271385099,ok,0.0005354199807196871,14455.77929235528,ok,-71.32743356858919,63.934213530491675,-0.10363988694814459,-68.28002135600764,61.31950293600744,-0.09921194889689482,,,0.0032809664999374553
679,6,92.01955,Forward,0.6024074162453588,286.54204705556185,16240.0,16255.287329977493,ok,0.0005199088323080911,14455.520160663056,ok,-71.32537497619523,63.93421652165892,-0.1036368957808993,-68.53915304823204,61.319126413567986,-0.09958847133634292,,,0.0032809664999374553
680,6,92.15511666666667,Forward,0.6022238629769864,286.48351439625185,16240.0,16255.249557356577,ok,0.0005341592732846605,14455.983861542143,ok,-71.36314759711058,63.93416163744445,-0.1036917799953669,-68.07545216914514,61.31980017826527,-0.09891470663905981,,,0.0032809664999374553
681,6,92.29073333333334,Forward,0.6023805209938696,286.4519654525575,16240.0,16255.245098509964,ok,0.0005276362954706644,14455.398155122624,ok,-71.36760644372407,63.93415515866994,-0.10369825876988353,-68.66115858866397,61.318949137591765,-0.09976574731256677,,,0.0032809664999374553
682,6,92.42603333333334,Forward,0.6024477866865743,286.5137315594875,16240.0,16255.27141212477,ok,0.0005289168855145929,14455.635854052154,ok,-71.34129282891809,63.93419339276763,-0.10366002467218441,-68.4234596591341,61.31929451788868,-0.09942036701565082,,,0.0032809664999374553
683,6,92.56185,Forward,0.60218834564766,286.47780638111,16240.0,16255.241932723991,ok,0.0005188545843819435,14455.404376653876,ok,-71.37077222969674,63.93415055873294,-0.10370285870687683,-68.6549370574121,61.318958177574885,-0.09975670732944487,,,0.0032809664999374553
684,6,92.69785,Forward,0.6024256645317819,286.5369286501409,16240.0,16255.264915482821,ok,0.0005274660429084635,14454.109336334794,ok,-71.3477894708667,63.934183953044325,-0.10366946439549156,-69.94997737649464,61.31707646354779,-0.10163842135654412,,,0.0032809664999374553
685,6,92.83368333333334,Forward,0.6023058385855145,286.4055722352441,16240.0,16255.215384468118,ok,0.0005233068866753708,14455.639544814334,ok,-71.39732048557016,63.93411198369807,-0.10374143374175097,-68.41976889695434,61.31929988062439,-0.09941500427994136,,,0.0032809664999374553
686,6,92.96898333333333,Forward,0.6023263692290681,286.4816193060233,16240.0,16255.20871687209,ok,0.000520749759508902,14455.382317688323,ok,-71.40398808159807,63.934102295575784,-0.10375112186403403,-68.67699602296489,61.31892612554972,-0.09978875935461531,,,0.0032809664999374553
687,6,93.1054,Forward,0.602455455645418,286.49250171345557,16245.0,16255.209200800084,ok,0.0005301223853957981,14455.567742847203,ok,-71.40350415360444,63.93410299873079,-0.10375041870902,-68.49157086408559,61.31919555123268,-0.09951933367164703,,,0.0032809664999374553
688,6,93.24121666666667,Forward,0.60240522638357,286.5217586596482,16240.0,16255.191758210336,ok,0.0005268904280745222,14456.050508569322,ok,-71.42094674335203,63.934077654372544,-0.10377576306727151,-68.00880514196615,61.31989701744786,-0.09881786745648054,,,0.0032809664999374553
689,6,93.37733333333334,Forward,0.6022308755589209,286.57056787211513,16240.0,16255.250432504412,ok,0.0005275519101382219,14455.761166724338,ok,-71.36227244927613,63.93416290904807,-0.10369050839174838,-68.29814698695009,61.31947659917955,-0.09923828572478492,,,0.0032809664999374553
690,6,93.51211666666667,Forward,0.6024434409010122,286.4445782784351,16240.0,16255.149785937898,ok,0.0005261667369222309,14455.774738993983,ok,-71.46291901579025,63.93401666799812,-0.10383674944169743,-68.28457471730508,61.31949631990159,-0.09921856500273923,,,0.0032809664999374553
691,6,93.6477,Forward,0.6024656591363878,286.5186379735569,16245.0,16255.166180356338,ok,0.0005280551537358891,14455.517223715324,ok,-71.44652459734971,63.93404048934691,-0.10381292809290146,-68.54208999596449,61.31912214613657,-0.09959273876776076,,,0.0032809664999374553
692,6,93.78346666666667,Forward,0.6024119932449177,286.54753995604915,16240.0,16255.131125234466,ok,0.000527866469699405,14455.306195603549,ok,-71.48157971922228,63.93398955370145,-0.10386386373836155,-68.75311810773928,61.31881551895888,-0.09989936594545373,,,0.0032809664999374553
693,6,93.91935,Forward,0.6024721838770044,286.4688048580483,16240.0,16255.112614110862,ok,0.0005243098315615416,14454.777941709666,ok,-71.50009084282647,63.933962656746644,-0.10389076069317454,-69.281372001622,61.31804795771207,-0.10066692719226736,,,0.0032809664999374553
694,6,94.05518333333333,Forward,0.6023928995136645,286.54598301171063,16240.0,16255.100126578956,ok,0.0005281072137389713,14455.769699141674,ok,-71.51257837473167,63.93394451216565,-0.10390890527416065,-68.28961456961406,61.31948899691663,-0.09922588798770317,,,0.0032809664999374553
695,6,94.1905,Forward,0.6023817990741128,286.5747029977374,16240.0,16255.073692551523,ok,0.0005330008841681409,14455.968608405505,ok,-71.5390124021651,63.93390610310651,-0.10394731433330828,-68.09070530578356,61.319778015216954,-0.09893686968738105,,,0.0032809664999374553
696,6,94.3266,Forward,0.6024979319047045,286.48773689400514,16240.0,16255.069519810833,ok,0.0005239015157756439,14455.411679265284,ok,-71.54318514285478,63.933900040048414,-0.10395337739140116,-68.6476344460043,61.31896878838454,-0.09974609651979051,,,0.0032809664999374553
697,6,94.4619,Forward,0.6023462449327318,286.62362910397496,16245.0,16255.02578416344,ok,0.0005223333371897934,14455.639832431045,ok,-71.58692079024877,63.933836491462344,-0.1040169259774744,-68.41948128024342,61.319300298536014,-0.09941458636832008,,,0.0032809664999374553
698,6,94.59666666666666,Forward,0.602467707751341,286.5038762878521,16240.0,16254.97851213689,ok,0.0005322687789294039,14455.465058701664,ok,-71.63419281679853,63.93376780446153,-0.10408561297828617,-68.59425500962425,61.319046349548245,-0.09966853535608391,,,0.0032809664999374553
699,6,94.73196666666666,Forward,0.6022483641589134,286.4955415229615,16240.0,16255.005857787446,ok,0.0005367353377680742,14455.854765243965,ok,-71.606847166242,63.93380753812347,-0.10404587931634982,-68.20454846732355,61.31961259930611,-0.0991022855982238,,,0.0032809664999374553
700,6,94.86755,Forward,0.602406033973897,286.5343021672834,16245.0,16255.004444822518,ok,0.0005298183473462346,14455.419019876424,ok,-71.60826013117003,63.93380548506312,-0.10404793237669527,-68.64029383486377,61.31897945440841,-0.09973543049592462,,,0.0032809664999374553
701,6,95.00313333333334,Forward,0.6024257020501683,286.53052221776124,16240.0,16254.966481367084,ok,0.0005342728924298885,14455.613308766428,ok,-71.64622358660381,63.93375032356309,-0.10410309387673065,-68.44600494486076,61.31926175923262,-0.09945312567171095,,,0.0032809664999374553
702,6,95.13926666666667,Forward,0.6023275561048522,286.54248518768145,16240.0,16254.98540170719,ok,0.0005309242541794915,14455.683693136089,ok,-71.62730324649783,63.93377781511594,-0.10407560232388068,-68.37562057519972,61.31936402883282,-0.09935085607150766,,,0.0032809664999374553
703,6,95.27536666666667,Forward,0.6024052372318489,286.4726576528046,16240.0,16254.964921196357,ok,0.0005242147828443026,14455.558722382737,ok,-71.64778375733113,63.93374805661039,-0.10410536082942626,-68.50059132855131,61.31918244435542,-0.09953244054891254,,,0.0032809664999374553
704,6,95.41068333333334,Forward,0.6025170483895776,286.5590090225651,16240.0,16254.869178406865,ok,0.0005267444307411048,14455.306166990791,ok,-71.74352654682298,63.93360894082586,-0.10424447661395107,-68.75314672049717,61.31881547738409,-0.09989940752024262,,,0.0032809664999374553
705,6,95.54546666666667,Forward,0.6025660846135074,286.5754244684922,16240.0,16254.866434124702,ok,0.0005196640454439143,14453.923330388312,ok,-71.74627082898587,63.93360495334056,-0.10424846409925492,-70.13598332297624,61.31680619397127,-0.10190869093306684,,,0.0032809664999374553
706,6,95.68183333333333,Forward,0.6024952050263048,286.4760554242039,16245.0,16254.865574771766,ok,0.0005349038625953762,14455.008257004316,ok,-71.74713018192233,63.93360370468718,-0.10424971275263732,-69.0510567069723,61.318382609470945,-0.10033227543339018,,,0.0032809664999374553
707,6,95.81821666666667,Forward,0.6026637258142603,286.5244898103083,16240.0,16254.866418779045,ok,0.0005220429236166876,14455.243805134742,ok,-71.74628617464259,63.93360493104308,-0.10424848639673638,-68.81550857654656,61.31872486462281,-0.09999002028152501,,,0.0032809664999374553
708,6,95.95378333333333,Forward,0.6026034256374486,286.5115015761003,16240.0,16254.848243831133,ok,0.0005317261301273701,14455.449536066712,ok,-71.76446112255508,63.93357852255686,-0.10427489488296247,-68.60977764457675,61.31902379491463,-0.09969108998970981,,,0.0032809664999374553
709,6,96.09076666666667,Forward,0.6024666829226404,286.46186695402685,16240.0,16254.848721255497,ok,0.0005334826464873045,14455.128793757593,ok,-71.76398369819071,63.93357921626199,-0.10427420117782445,-68.9305199536957,61.318557751276245,-0.10015713362808926,,,0.0032809664999374553
710,6,96.22618333333334,Forward,0.6024663777435466,286.5485585734805,16240.0,16254.839880936235,ok,0.0005318137967748154,14455.690716165172,ok,-71.77282401745288,63.933566371138554,-0.10428704630126541,-68.36859754611578,61.31937423340495,-0.09934065149938334,,,0.0032809664999374553
711,6,96.3623,Forward,0.6024688100914103,286.5355712232613,16240.0,16254.796899997506,ok,0.0005265139525593333,14455.317769135925,ok,-71.81580495618255,63.93350391915608,-0.10434949828373559,-68.74154457536315,61.31883233548412,-0.09988254942021174,,,0.0032809664999374553
712,6,96.4976,Forward,0.6024966472677551,286.618756788288,16245.0,16254.790909172774,ok,0.0005205707611755291,14455.629479089432,ok,-71.82179578091382,63.933495214393176,-0.10435820304664112,-68.42983462185657,61.31928525496721,-0.09942962993712158,,,0.0032809664999374553
713,6,96.63238333333334,Forward,0.6025412155838242,286.6561065937549,16245.0,16254.815423684133,ok,0.0005186694511965364,14455.904805824508,ok,-71.79728126955524,63.933530834365165,-0.10432258307465168,-68.15450788678027,61.31968530905958,-0.09902957584475514,,,0.0032809664999374553
714,6,96.76903333333334,Forward,0.602445567870061,286.61937638999007,16240.0,16254.779938978316,ok,0.0005243720721476187,14455.543420624992,ok,-71.83276597537224,63.93347927452746,-0.10437414291236441,-68.51589308629627,61.31916021065986,-0.09955467424446912,,,0.0032809664999374553
715,6,96.9049,Forward,0.6024576093186724,286.5045164842977,16245.0,16254.78505092454,ok,0.0005192361661243498,14455.978711843545,ok,-71.8276540291481,63.93348670226601,-0.10436671517380369,-68.0806018677431,61.31979269567192,-0.09892218923241566,,,0.0032809664999374553
716,6,97.041,Forward,0.6024544860469775,286.56303340317027,16245.0,16254.733411476034,ok,0.0005291198519254389,14455.132328037653,ok,-71.87929347765385,63.93341166933216,-0.1044417481076615,-68.9269856736355,61.31856288664096,-0.10015199826336975,,,0.0032809664999374553
717,6,97.17605,Forward,0.6025862482715164,286.51307595476464,16240.0,16254.705268919535,ok,0.0005278446089224542,14454.747224637766,ok,-71.90743603415285,63.93337077775331,-0.10448263968651222,-69.31208907352266,61.3180033253217,-0.1007115595826379,,,0.0032809664999374553
718,6,97.31241666666666,Forward,0.6027110893572719,286.622195764754,16240.0,16254.691286897463,ok,0.0005213541618373756,14455.687955032663,ok,-71.92141805622487,63.93335046165451,-0.10450295578530269,-68.37135867862526,61.319370221435825,-0.09934466346850677,,,0.0032809664999374553
719,6,97.44776666666667,Forward,0.6025114453435051,286.6325976307362,16240.0,16254.677840897602,ok,0.0005245832478423686,14455.387434500839,ok,-71.93486405608564,63.93333092440446,-0.1045224930353586,-68.67187921044933,61.31893356035908,-0.09978132454525634,,,0.0032809664999374553
720,6,97.58306666666667,Forward,0.6025374777500507,286.59727135824323,16240.0,16254.658634662614,ok,0.0005362422946648513,14455.629584746091,ok,-71.95407029107446,63.93330301744183,-0.10455039999798646,-68.42972896519677,61.31928540848801,-0.099429476416327,,,0.0032809664999374553
721,6,97.7189,Forward,0.6025016975679429,286.5082165794265,16240.0,16254.67556883974,ok,0.0005206360898141791,14455.658689165846,ok,-71.93713611394742,63.93332762306852,-0.1045257943712984,-68.40062454544204,61.31932769766935,-0.09938718723498177,,,0.0032809664999374553
722,6,97.85421666666667,Forward,0.6024931719506466,286.5822690583609,16240.0,16254.655234421702,ok,0.0005252581928340815,14454.153659088202,ok,-71.95747053198647,63.93329807683811,-0.10455534060170774,-69.90565462308587,61.317140865208174,-0.10157401969616335,,,0.0032809664999374553
723,6,97.99058333333333,Forward,0.6026675389283687,286.6115247729358,16240.0,16254.656002095935,ok,0.0005261728746937364,14455.208493625843,ok,-71.95670285775304,63.93329919228089,-0.10455422515892808,-68.85082008544487,61.31867355644295,-0.1000413284613808,,,0.0032809664999374553
724,6,98.12536666666666,Forward,0.6025926582795248,286.57651943338715,16240.0,16254.590696181209,ok,0.0005236036906428054,14455.109653272082,ok,-72.02200877247924,63.93320430175588,-0.10464911568394268,-68.94966043920613,61.318529939848645,-0.10018494505568712,,,0.0032809664999374553
725,6,98.26093333333333,Forward,0.6026418342402018,286.63932832211685,16240.0,16254.600564158547,ok,0.000521749940154495,14455.746648592698,ok,-72.01214079514102,63.93321864008273,-0.10463477735709463,-68.3126651185903,61.31945550410509,-0.099259380799241,,,0.0032809664999374553
726,6,98.39731666666667,Forward,0.6026411879516563,286.5928317227208,16240.0,16254.575965115448,ok,0.0005305466263457573,14455.479576422285,ok,-72.03673983824046,63.93318289728478,-0.10467052015503796,-68.57973728900288,61.31906744402549,-0.09964744087884471,,,0.0032809664999374553
727,6,98.5332,Forward,0.6026643513269139,286.71035412583296,16240.0,16254.537179987074,ok,0.0005360465177305512,14455.53838063515,ok,-72.07552496661447,63.933126541880995,-0.1047268755588264,-68.52093307613904,61.319152887475056,-0.09956199742927181,,,0.0032809664999374553
728,6,98.66956666666667,Forward,0.6026967140770058,286.6270936003166,16240.0,16254.5179302639,ok,0.0005274792756115739,14453.901381633017,ok,-72.0947746897873,63.933098571729346,-0.10475484571047215,-70.15793207827119,61.31677430208334,-0.10194058282099287,,,0.0032809664999374553
729,6,98.80486666666667,Forward,0.6026911938081255,286.6968833610099,16240.0,16254.475822508082,ok,0.0005287733121295075,14456.000240618841,ok,-72.1368824456058,63.93303738849543,-0.10481602894438836,-68.05907309244685,61.31982397732227,-0.09889090758205753,,,0.0032809664999374553
730,6,98.94016666666667,Forward,0.6026810362140962,286.62468337513565,16240.0,16254.509882062795,ok,0.000529198748606185,14455.16189861918,ok,-72.10282289089264,63.93308687756609,-0.1047665398737269,-68.89741509210762,61.31860585316272,-0.10010903174160932,,,0.0032809664999374553
731,6,99.07601666666666,Forward,0.6027282656758846,286.70690496114,16240.0,16254.420467858297,ok,0.000521566302263168,14455.069430988502,ok,-72.19223709539074,63.93295695731547,-0.1048964601243529,-68.9898827227862,61.31847149623566,-0.10024338866867688,,,0.0032809664999374553
732,6,99.21178333333333,Forward,0.6028760682137417,286.5481626143446,16240.0,16254.145121245743,ok,0.0005236224002541213,14455.964484134523,ok,-72.46758370794487,63.93255687434081,-0.10529654309900842,-68.09482957676482,61.31977202258611,-0.09894286231822247,,,0.0032809664999374553
733,6,99.34813333333334,Forward,0.6031070627897995,286.82180876238453,16240.0,16253.952460326116,ok,0.0005283190144236094,14455.005413470788,ok,-72.66024462757196,63.93227693498325,-0.10557648245656677,-69.0539002405003,61.31837847777184,-0.10033640713249431,,,0.0032809664999374553
734,6,99.4843,Forward,0.6029062481897169,286.87100071276836,16240.0,16253.971213516708,ok,0.0005233685272018753,14453.39462629105,ok,-72.64149143697978,63.932304183665224,-0.10554923377459896,-70.6646874202379,61.316037978571835,-0.10267690633249696,,,0.0032809664999374553
735,6,99.62038333333334,Forward,0.6030108021750552,286.75769305664653,16240.0,16253.911496842273,ok,0.0005180375554012375,14454.65347975488,ok,-72.70120811141533,63.93221741439458,-0.10563600304523967,-69.40583395640897,61.31786711252701,-0.10084777237732596,,,0.0032809664999374553
736,6,99.75626666666666,Forward,0.6028657726122596,286.7542312901878,16240.0,16254.094301275947,ok,0.0005332643368450058,14455.296981461624,ok,-72.51840367774093,63.93248303212245,-0.10537038531736481,-68.76233224966381,61.318802130665205,-0.09991275423912428,,,0.0032809664999374553
737,6,99.89208333333333,Forward,0.6030878891846202,286.80797048135537,16240.0,16254.013352435679,ok,0.0005261388441242365,14455.021460479153,ok,-72.59935251800925,63.93236541217969,-0.10548800526013093,-69.0378532321356,61.31840179432831,-0.10031309057602275,,,0.0032809664999374553
738,6,100.02768333333333,Forward,0.6031643081165274,286.85648463099824,16240.0,16254.025123914036,ok,0.0005242548822923492,14454.808494022787,ok,-72.58758103965192,63.932382516323564,-0.10547090111625348,-69.250819688501,61.31809235070533,-0.10062253419900453,,,0.0032809664999374553
739,6,100.16298333333333,Forward,0.6029998078606094,286.74876715709433,16240.0,16254.041250471886,ok,0.0005269318317060992,14453.723750696845,ok,-72.571454481802,63.932405948466695,-0.10544746897312411,-70.33556301444332,61.316516201529005,-0.10219868337532825,,,0.0032809664999374553
740,6,100.29883333333333,Forward,0.602980731495371,286.8734864018843,16240.0,16254.00297492995,ok,0.0005229861140859325,14455.285851346827,ok,-72.60973002373794,63.93235033350004,-0.10550308393977374,-68.77346236446101,61.31878595843271,-0.09992892647162431,,,0.0032809664999374553
741,6,100.43395,Forward,0.6029816880680827,286.8757877648568,16245.0,16253.992489567128,ok,0.0005310384711536846,14455.30235700337,ok,-72.62021538655972,63.93233509810234,-0.10551831933747545,-68.75695670791902,61.318809941412226,-0.09990494349211093,,,0.0032809664999374553
742,6,100.5695,Forward,0.6029294822273619,286.83241877530963,16240.0,16253.945273095867,ok,0.0005273157340344376,14455.146333566983,ok,-72.6674318578207,63.932266491824244,-0.10558692561557563,-68.91298014430504,61.318583236896174,-0.10013164800816167,,,0.0032809664999374553
743,6,100.70428333333334,Forward,0.6029284521864211,287.08635463868995,16240.0,16253.978397230601,ok,0.0005337264377593324,14454.844334113475,ok,-72.63430772308675,63.93231462171491,-0.10553879572491048,-69.214979597813,61.31814442692287,-0.10057045798146415,,,0.0032809664999374553
744,6,100.83948333333333,Forward,0.6026846664419034,287.3297918037915,16240.0,16254.026756368592,ok,0.0005258093716550886,14453.943806003097,ok,-72.58594858509605,63.932384888305805,-0.10546852913401392,-70.11550770819122,61.316835945362776,-0.10187893954155669,,,0.0032809664999374553
745,6,100.97483333333334,Forward,0.6028043469325735,286.70253308071005,16240.0,16254.298148038724,ok,0.000523644549783171,14455.057139145356,ok,-72.31455691496376,63.93277922468668,-0.10507419275312996,-69.00217456593236,61.31845363599352,-0.10026124891080697,,,0.0032809664999374553
746,6,101.10986666666666,Forward,0.6027864636003823,286.698238196328,16240.0,16254.290595982808,ok,0.0005239816061658195,14455.515229504617,ok,-72.32210897088044,63.932768251430225,-0.10508516600959344,-68.54408420667096,61.319119248516934,-0.09959563638739781,,,0.0032809664999374553
747,6,101.24596666666666,Forward,0.6028740300768524,286.7973254422086,16240.0,16254.324772734479,ok,0.0005306459065904131,14455.373595567373,ok,-72.28793221920932,63.932817910789915,-0.10503550664990201,-68.68571814391544,61.31891345217029,-0.09980143273404364,,,0.0032809664999374553
748,6,101.38235,Forward,0.6029556762620634,286.81087329516595,16240.0,16253.840655326703,ok,0.00052203487525797,14454.64696268969,ok,-72.77204962698488,63.932114480554155,-0.10573893688566452,-69.41235102159771,61.317857643128406,-0.10085724177592342,,,0.0032809664999374553
749,6,101.51848333333334,Forward,0.6033319993691637,286.7780601061604,16240.0,16253.607599515542,ok,0.0005186806224971472,14453.007247407159,ok,-73.00510543814562,63.93177584678152,-0.10607757065829396,-71.05206630412977,61.31547511093839,-0.10323977396594469,,,0.0032809664999374553
750,6,101.6538,Forward,0.6033168611095002,286.86021816062566,16240.0,16253.60279626648,ok,0.0005265242652926821,14454.811905012475,ok,-73.00990868720874,63.93176886758481,-0.10608454985500664,-69.24740869881316,61.318097306927186,-0.10061757797714231,,,0.0032809664999374553
751,6,101.7894,Forward,0.6032393468131569,286.8401562131403,16240.0,16253.602864326327,ok,0.0005213599378372003,14452.965532250459,ok,-73.00984062736097,63.931768966476845,-0.10608445096297345,-71.09378146082963,61.31541449815719,-0.10330038674714395,,,0.0032809664999374553
752,6,101.92443333333334,Forward,0.6032519240313385,286.9227753887153,16240.0,16253.578165850531,ok,0.0005278133805925816,14454.983376598098,ok,-73.03453910315693,63.93173307920162,-0.10612033823819446,-69.07593711318987,61.31834645784795,-0.10036842705638574,,,0.0032809664999374553
753,6,102.06106666666666,Forward,0.6033326247795214,286.8684082891523,16240.0,16253.605820908379,ok,0.0005238765212514761,14453.696178936076,ok,-73.00688404530956,63.93177326243723,-0.10608015500258022,-70.36313477521253,61.31647613932536,-0.102238745578973,,,0.0032809664999374553
754,6,102.19613333333334,Forward,0.6027791981225068,286.7908246900788,16240.0,16254.181372784915,ok,0.0005232235555213187,14455.178471580233,ok,-72.43133216877322,63.93260954839949,-0.10524386904032618,-68.88084213105503,61.318629933936755,-0.10008495096757958,,,0.0032809664999374553
755,6,102.33251666666666,Forward,0.6028900986093354,286.7148544686188,16240.0,16254.160134201178,ok,0.0005151168195243863,14455.050988167977,ok,-72.45257075250993,63.932578688402046,-0.10527472903776733,-69.008325543311,61.31844469852629,-0.1002701863780373,,,0.0032809664999374553
756,6,102.46755,Forward,0.6028107046817855,286.7524820323524,16240.0,16254.166828860294,ok,0.0005249858916600235,14455.242760605908,ok,-72.44587609339396,63.93258841584743,-0.10526500159239012,-68.81655310538008,61.31872334690593,-0.09999153799840901,,,0.0032809664999374553
757,6,102.60285,Forward,0.6028464107867579,286.7190241529097,16240.0,16254.138576102001,ok,0.0005231550897567379,14455.6554313101,ok,-72.47412885168706,63.93254736414363,-0.10530605329618728,-68.40388240118773,61.319322963953525,-0.09939192095080868,,,0.0032809664999374553
758,6,102.7379,Forward,0.6029432676768985,286.74079868464287,16240.0,16254.180123998862,ok,0.0005267932977415465,14455.93910776471,ok,-72.43258095482634,63.93260773389365,-0.10524568354617465,-68.1202059465777,61.319735150320184,-0.09897973458415128,,,0.0032809664999374553
759,6,102.87348333333334,Forward,0.6029633767866227,286.75270730671036,16240.0,16254.146745144877,ok,0.0005185193426507166,14455.12892398376,ok,-72.46595980881102,63.93255923389189,-0.10529418354793212,-68.93038972752765,61.31855794049692,-0.10015694440741135,,,0.0032809664999374553
760,6,103.00933333333333,Forward,0.6029595686752905,286.80874735421276,16240.0,16254.178989602236,ok,0.0005305246552193574,14455.093096819082,ok,-72.43371535145161,63.93260608559744,-0.10524733184237874,-68.96621689220592,61.31850588306108,-0.10020900184325555,,,0.0032809664999374553
761,6,103.14598333333333,Forward,0.6030676728099176,286.72861982705945,16240.0,16254.139034517457,ok,0.0005324972081869546,14455.255136590542,ok,-72.47367043623126,63.932548030228524,-0.10530538721129348,-68.80417712074632,61.31874132940696,-0.0999735554973692,,,0.0032809664999374553
762,6,103.28155,Forward,0.6029332677214693,286.8063225763217,16240.0,16254.136128435648,ok,0.0005254169716909446,14455.230445924744,ok,-72.47657651804002,63.932543807645786,-0.10530960979403693,-68.82886778654392,61.318705453479794,-0.10000943142453932,,,0.0032809664999374553
763,6,103.41658333333334,Forward,0.6029872754043661,286.68876120530695,16240.0,16254.151945824957,ok,0.0005287321540680985,14455.302268890518,ok,-72.4607591287313,63.932566790562134,-0.10528662687767848,-68.7570448207698,61.318809813382856,-0.09990507152147407,,,0.0032809664999374553
764,6,103.55375,Forward,0.603104260616451,286.7592869197124,16240.0,16254.154051938618,ok,0.000524408995532518,14455.010316254324,ok,-72.45865301507001,63.932569850778535,-0.10528356666128157,-69.04899745696457,61.31838560159371,-0.10032928331062169,,,0.0032809664999374553
765,6,103.68881666666667,Forward,0.6031844488991354,286.74717659153794,16240.0,16254.143481835808,ok,0.0005204463767461203,14455.416886830544,ok,-72.46922311787966,63.932554492252294,-0.10529892518752336,-68.6424268807441,61.31897635505907,-0.09973852984526094,,,0.0032809664999374553
766,6,103.82411666666667,Forward,0.6031347597325293,286.74738341403827,16240.0,16254.1336712645,ok,0.000523434206039291,14455.912702439786,ok,-72.47903368918742,63.932540237337314,-0.10531318010250294,-68.14661127150248,61.31969678296623,-0.09901810193810075,,,0.0032809664999374553
767,6,103.95995,Forward,0.6033706936026745,286.79282393747053,16245.0,16254.13250700428,ok,0.0005341674575004762,14453.81251460637,ok,-72.48019794940774,63.93253854564884,-0.10531487179098205,-70.24679910491795,61.31664517689077,-0.10206970801356316,,,0.0032809664999374553
768,6,104.09525,Forward,0.6030318586410814,286.81745835864604,16245.0,16254.19031116041,ok,0.0005261907655738101,14455.354169317672,ok,-72.42239379327839,63.93262253600018,-0.10523088143963122,-68.70514439361614,61.31888522552281,-0.09982965938152102,,,0.0032809664999374553
769,6,104.2316,Forward,0.603176029304648,286.7713837875908,16240.0,16254.124689999717,ok,0.0005348417829410464,14455.476192837821,ok,-72.48801495397129,63.932527187417804,-0.10532623002201191,-68.58312087346712,61.31906252762385,-0.09965235728048444,,,0.0032809664999374553
770,6,104.36743333333334,Forward,0.6032650767879953,286.64259060898985,16245.0,16254.152430970786,ok,0.0005305424380199528,14455.568465318074,ok,-72.46027398290244,63.93256749548669,-0.10528592195313063,-68.49084839321404,61.31919660099427,-0.09951828391006576,,,0.0032809664999374553
771,6,104.50275,Forward,0.6031397274698597,286.80979941865735,16240.0,16254.151276714996,ok,0.0005310279671851344,14454.055464655628,ok,-72.46142823869195,63.93256581833481,-0.10528759910501385,-70.00384905565988,61.31699818714755,-0.10171669775678811,,,0.0032809664999374553
772,6,104.63831666666667,Forward,0.6032712704831679,286.7713455859157,16240.0,16254.14348139907,ok,0.0005320999715316674,14455.261159031088,ok,-72.4692235546172,63.93255449161771,-0.1052989258221099,-68.79815468020024,61.318750080108146,-0.09996480479618565,,,0.0032809664999374553
773,6,104.77423333333333,Forward,0.6031824040253035,286.8484219819238,16240.0,16254.14736763242,ok,0.0005303762137571735,14455.522203229415,ok,-72.46533732126773,63.93256013837611,-0.10529327906370513,-68.53711048187324,61.31912938144915,-0.09958550345517969,,,0.0032809664999374553
774,6,104.909,Forward,0.6032469241632272,286.7542944922716,16240.0,16254.164126450343,ok,0.0005289092736922602,14455.362474467833,ok,-72.44857850334483,63.93258448920311,-0.10526892823670891,-68.69683924345554,61.3188972930371,-0.0998175918672328,,,0.0032809664999374553
775,6,105.0459,Forward,0.6033392034205464,286.77076016144383,16240.0,16254.182280406663,ok,0.0005261112991041432,14455.28683288552,ok,-72.43042454702481,63.93261086718822,-0.10524255025159805,-68.77248082576807,61.318787384623924,-0.09992750028040892,,,0.0032809664999374553
776,6,105.1815,Forward,0.6032672336762763,286.89555727994957,16240.0,16254.183861778758,ok,0.000525416245464294,14455.289903053865,ok,-72.42884317493008,63.93261316494684,-0.1052402524929809,-68.76941065742358,61.31879184562699,-0.09992303927733878,,,0.0032809664999374553
777,6,105.3168,Forward,0.6031359731858665,286.78480800760735,16240.0,16254.194301057474,ok,0.0005254211702053754,14455.51289740328,ok,-72.41840389621393,63.932628333383605,-0.10522508405621216,-68.5464163080087,61.31911585993687,-0.09959902496745604,,,0.0032809664999374553
778,6,105.45211666666667,Forward,0.6033863247892433,286.7408486562381,16240.0,16254.17846999511,ok,0.000522608448384361,14455.114764737966,ok,-72.4342349585786,63.93260533060008,-0.10524808683973676,-68.94454897332253,61.31853736688926,-0.10017751801506879,,,0.0032809664999374553
779,6,105.58716666666666,Forward,0.6032179991436601,286.8095212820281,16240.0,16254.196018846433,ok,0.0005318408310514719,14455.282031257844,ok,-72.41668610725537,63.932630829358075,-0.1052225880817384,-68.77728245344406,61.31878040778311,-0.0999344771212205,,,0.0032809664999374553
780,6,105.72328333333333,Forward,0.6033166525224709,286.80207758386314,16245.0,16254.19407915513,ok,0.0005338744720176158,14455.706930309489,ok,-72.41862579855842,63.932628010955995,-0.10522540648382164,-68.35238340179967,61.319397792812595,-0.09931709209173599,,,0.0032809664999374553
781,6,105.85991666666666,Forward,0.6032759863377775,286.79116516198883,16240.0,16254.206768344478,ok,0.0005215719631439808,14455.22143047694,ok,-72.40593660920968,63.93264644854843,-0.10520696889138671,-68.83788323434783,61.31869235389182,-0.100022531012516,,,0.0032809664999374553
782,6,105.99525,Forward,0.6034268417626033,286.78263282322405,16240.0,16254.167630953298,ok,0.000528098386878668,14455.460553747533,ok,-72.44507400039038,63.93258958130122,-0.1052638361385941,-68.59875996375558,61.31903980377878,-0.09967508112555183,,,0.0032809664999374553
783,6,106.13081666666666,Forward,0.6032463663902097,286.79690492947884,16240.0,16254.21988772616,ok,0.0005267073239937348,14455.670233887799,ok,-72.39281722752821,63.93266551121712,-0.10518790622270133,-68.38907982348974,61.31934447233259,-0.0993704125717404,,,0.0032809664999374553
784,6,106.26558333333334,Forward,0.6033796968706283,286.696699383805,16240.0,16254.19897144067,ok,0.0005243375099194591,14453.695894542701,ok,-72.41373351301809,63.932635119524114,-0.10521829791570204,-70.36341916858692,61.316475726097295,-0.10223915880703541,,,0.0032809664999374553
785,6,106.40141666666666,Forward,0.6034898085263233,286.7808256373719,16240.0,16254.146597295789,ok,0.0005248917869947866,14453.763953699587,ok,-72.46610765789956,63.932559019064826,-0.10529439837499169,-70.29536001170163,61.31657461712663,-0.10214026777770104,,,0.0032809664999374553
786,6,106.53753333333333,Forward,0.6034308183754284,286.83541359180344,16240.0,16254.227377499677,ok,0.0005283872460138003,14455.558299262932,ok,-72.38532745401062,63.93267639397627,-0.1051770234635469,-68.50101444835673,61.31918182955566,-0.09953305534866917,,,0.0032809664999374553
787,6,106.67338333333333,Forward,0.6034072662644843,286.75028051568916,16240.0,16254.199312144707,ok,0.0005339969718201437,14455.73878422722,ok,-72.41339280898137,63.93263561457246,-0.10521780286735835,-68.32052948406817,61.31944407705791,-0.09927080784642701,,,0.0032809664999374553
788,6,106.8095,Forward,0.603281224351678,286.74796489319124,16240.0,16254.216831459868,ok,0.0005218744252170904,14455.881546119082,ok,-72.39587349382055,63.93266107041394,-0.10519234702587023,-68.17776759220578,61.319651512340414,-0.09906337256391551,,,0.0032809664999374553
789,6,106.9454,Forward,0.6034691278189672,286.7120855466983,16240.0,16254.189278974227,ok,0.0005306562766831693,14455.702246126339,ok,-72.42342597946117,63.93262103621737,-0.10523238122244888,-68.35706758494962,61.31939098662053,-0.09932389828379726,,,0.0032809664999374553
790,6,107.08095,Forward,0.6034948569462079,286.78825536891054,16240.0,16254.22244930239,ok,0.0005237366669511727,14455.529843143871,ok,-72.3902556512985,63.93266923322781,-0.10518418421200258,-68.52947056741687,61.31914048236546,-0.09957440253887109,,,0.0032809664999374553
791,6,107.21626666666667,Forward,0.603689319135971,286.73531318561436,16240.0,16254.212093141197,ok,0.0005228811188748004,14455.163889322044,ok,-72.40061181249075,63.93265418556212,-0.10519923187769702,-68.895424389244,61.31860874568541,-0.10010613921892329,,,0.0032809664999374553
792,6,107.35158333333334,Forward,0.6034865945567791,286.7809600243654,16240.0,16254.243109129531,ok,0.0005264365023289311,14455.56279222689,ok,-72.36959582415693,63.93269925228279,-0.1051541651570304,-68.49652148439782,61.31918835790322,-0.09952652700111106,,,0.0032809664999374553
793,6,107.48661666666666,Forward,0.6035414704332546,286.6684093639724,16240.0,16254.235850048977,ok,0.0005274892457039786,14455.884194415938,ok,-72.37685490471085,63.93268870472415,-0.10516471271566691,-68.17511929535067,61.31965536035756,-0.09905952454677908,,,0.0032809664999374553
794,6,107.62278333333333,Forward,0.6034875739172096,286.69932217225505,16240.0,16254.24716445346,ok,0.0005268489625829597,14453.9795418672,ok,-72.36554050022824,63.93270514473247,-0.10514827270734477,-70.0797718440881,61.31688787013744,-0.10182701476688945,,,0.0032809664999374553
795,6,107.7586,Forward,0.6035389059283122,286.73775862970615,16240.0,16254.240134785003,ok,0.000530237633415673,14455.45121941284,ok,-72.37257016868534,63.932694930513236,-0.10515848692658311,-68.60809429844812,61.31902624084312,-0.09968864406121165,,,0.0032809664999374553
796,6,107.8939,Forward,0.6035113057335271,286.75260426060777,16240.0,16254.147714110824,ok,0.0005350237226120854,14454.101161895316,ok,-72.4649908428637,63.9325606418147,-0.10529277562511458,-69.95815181597209,61.317064585958185,-0.10165029894614633,,,0.0032809664999374553
797,6,108.02868333333333,Forward,0.6036013887282318,286.75698529597867,16240.0,16254.168408091253,ok,0.0005251356605630981,14455.207072779518,ok,-72.4442968624353,63.932590710494935,-0.10526270694487748,-68.85224093177021,61.318671491930814,-0.10004339297352097,,,0.0032809664999374553
798,6,108.16506666666666,Forward,0.603827103412232,286.7014832092045,16240.0,16254.142436779708,ok,0.0005297279972717974,14455.648860063295,ok,-72.47026817398,63.93255297376928,-0.10530044367053439,-68.41045364799356,61.319313415828184,-0.09940146907615109,,,0.0032809664999374553
799,6,108.30118333333333,Forward,0.6036107063527189,286.75268152219905,16240.0,16254.187539783607,ok,0.0005205403674929369,14455.379080944022,ok,-72.42516517008153,63.93261850914594,-0.10523490829387507,-68.68023276726672,61.31892142250915,-0.09979346239518104,,,0.0032809664999374553
800,6,108.43675,Forward,0.6037509206386424,286.7244191917107,16245.0,16254.145611036081,ok,0.0005331965142038372,14455.532514242444,ok,-72.46709391760669,63.9325575860139,-0.10529583142591523,-68.52679946884382,61.31914436351386,-0.09957052139047856,,,0.0032809664999374553
801,6,108.57206666666667,Forward,0.6036216372824282,286.70889000168427,16240.0,16254.160316953488,ok,0.0005341743082068377,14455.796459334964,ok,-72.45238800019979,63.932578953944045,-0.10527446349577578,-68.26285437632396,61.319527879899915,-0.09918700500441693,,,0.0032809664999374553
802,6,108.7079,Forward,0.6033382490739967,286.7106627887897,16240.0,16254.14678425167,ok,0.0005257115123662486,14454.975953946408,ok,-72.46592070201768,63.93255929071468,-0.10529412672514406,-69.08335976487979,61.31833567261786,-0.10037921228646497,,,0.0032809664999374553
803,6,108.8438,Forward,0.6035925537084658,286.78765164869037,16245.0,16254.153294498712,ok,0.0005282667944335078,14455.563507803323,ok,-72.45941045497602,63.9325687502064,-0.10528466723342193,-68.4958059079654,61.31918939764708,-0.0995254872572587,,,0.0032809664999374553
804,6,108.97936666666666,Forward,0.6036493981798309,286.69937908314387,16240.0,16254.166034694641,ok,0.000529444554031204,14455.94718098917,ok,-72.4466702590471,63.9325872619122,-0.10526615552762081,-68.11213272211899,61.319746880842764,-0.09896800406156905,,,0.0032809664999374553
805,6,109.1147,Forward,0.6037049083031159,286.80482559427946,16245.0,16254.1423154586,ok,0.000519043744725226,14455.543916928269,ok,-72.47038949508897,63.9325527974878,-0.10530061995202088,-68.51539678301924,61.31916093179636,-0.09955395310797295,,,0.0032809664999374553
806,6,109.25053333333334,Forward,0.6037150186606102,286.70099471631875,16240.0,16254.136245838046,ok,0.0005277027244547126,14454.001245872892,ok,-72.47645911564177,63.93254397823332,-0.10530943920649898,-70.0580678383958,61.31691940640033,-0.10179547850399967,,,0.0032809664999374553
807,6,109.38651666666667,Forward,0.6035742484332601,286.7437826221594,16240.0,16254.097638908253,ok,0.0005331559101334019,14455.720773601823,ok,-72.51506604543465,63.93248788175488,-0.10536553568493601,-68.33854010946561,61.31941790733489,-0.09929697756944475,,,0.0032809664999374553
808,6,109.52155,Forward,0.6037728214096255,286.72156359775545,16240.0,16254.099904999364,ok,0.0005298441574656735,14455.56299553645,ok,-72.51279995432378,63.93249117442104,-0.10536224301877946,-68.49631817483896,61.31918865331522,-0.0995262315891126,,,0.0032809664999374553
809,6,109.65715,Forward,0.6035858904050733,286.79177360128415,16240.0,16254.112546949727,ok,0.0005349118226089284,14455.550179667967,ok,-72.50015800396068,63.93250954337448,-0.10534387406533637,-68.50913404332096,61.319170031656,-0.0995448532483279,,,0.0032809664999374553
810,6,109.79418333333334,Forward,0.6036632857064624,286.7462236751635,16240.0,16254.107114785662,ok,0.0005295261534927396,14456.148877447902,ok,-72.50559016802617,63.93250165035434,-0.10535176708547553,-67.91043626338615,61.320039948981275,-0.09867493592305526,,,0.0032809664999374553
811,6,109.93028333333334,Forward,0.6037730620884658,286.75306226406974,16240.0,16254.123395556206,ok,0.000529672303983582,14456.026287724924,ok,-72.48930939748243,63.93252530657095,-0.10532811086886766,-68.03302598636401,61.31986182417859,-0.09885306072574024,,,0.0032809664999374553
812,6,110.06533333333333,Forward,0.6034798204421364,286.8009675751873,16240.0,16254.1150118504,ok,0.0005313167833154726,14455.352674164647,ok,-72.49769310328884,63.93251312491407,-0.10534029252574933,-68.70663954664087,61.318883053041866,-0.09983183186246841,,,0.0032809664999374553
813,6,110.20116666666667,Forward,0.6035922396490788,286.66847176735973,16240.0,16254.116857517725,ok,0.0005266518894231486,14455.493040603373,ok,-72.49584743596279,63.93251580669783,-0.10533761074198893,-68.56627310791555,61.319087007693156,-0.09962787721117962,,,0.0032809664999374553
814,6,110.3369,Forward,0.6035341444592948,286.66771374754353,16240.0,16254.113331718992,ok,0.0005315113117067699,14455.385494729022,ok,-72.49937323469567,63.932510683656616,-0.10534273378320597,-68.67381898226631,61.318930741840006,-0.0997841430643276,,,0.0032809664999374553
815,6,110.47273333333334,Forward,0.6034597084583728,286.75239213860914,16240.0,16254.115479483224,ok,0.0005275821466614173,14455.500349928285,ok,-72.4972254704644,63.932513804391945,-0.10533961304787338,-68.55896378300349,61.31909762825764,-0.09961725664669759,,,0.0032809664999374553
816,6,110.60751666666667,Forward,0.6035092255626004,286.69872041300187,16240.0,16254.091479640998,ok,0.0005251337649340754,14455.50602626465,ok,-72.52122531269015,63.93247893224233,-0.10537448519748827,-68.55328744663893,61.31910587606398,-0.09960900884035338,,,0.0032809664999374553
817,6,110.74415,Forward,0.6035408436297189,286.7315725281005,16240.0,16254.11064041571,ok,0.0005255727973879235,14455.47777419696,ok,-72.50206453797728,63.93250677315046,-0.10534664428935898,-68.58153951432905,61.31906482536364,-0.09965005954069352,,,0.0032809664999374553
818,6,110.87946666666667,Forward,0.6036531398034388,286.73631257902707,16240.0,16254.07055867141,ok,0.0005244840760183426,14454.227828633613,ok,-72.54214628227783,63.93244853374326,-0.10540488369655704,-69.8314850776751,61.317248634728486,-0.10146625017584301,,,0.0032809664999374553
819,6,111.0148,Forward,0.6035653438568808,286.65067192545393,16240.0,16254.079075105215,ok,0.0005333150818067492,14455.599614122988,ok,-72.53362984847263,63.93246090825602,-0.10539250918379789,-68.45969958830028,61.31924186069952,-0.09947302420481186,,,0.0032809664999374553
820,6,111.15011666666666,Forward,0.6033461386226359,286.74770874242677,16240.0,16254.07406676954,ok,0.0005301266766050782,14455.028447644381,ok,-72.5386381841472,63.93245363106522,-0.1053997863745945,-69.03086606690704,61.31841194678969,-0.10030293811464644,,,0.0032809664999374553
821,6,111.28623333333333,Forward,0.603583476358505,286.74396627953683,16240.0,16254.0780336731,ok,0.0005245509321505435,14454.199184258852,ok,-72.53467128058765,63.93245939503872,-0.10539402240110103,-69.86012945243601,61.317207013999784,-0.10150787090454996,,,0.0032809664999374553
822,6,111.4226,Forward,0.6035687948664396,286.70632546119487,16240.0,16253.961550314787,ok,0.0005223755484192587,14454.010178255814,ok,-72.65115463890106,63.932290142880284,-0.10556327455953364,-70.04913545547424,61.316932385293725,-0.1017824996106083,,,0.0032809664999374553
823,6,111.55845,Forward,0.6036286623932237,286.7724136135439,16240.0,16254.008043508573,ok,0.000535746571008183,14455.09330726519,ok,-72.6046614451152,63.93235769822479,-0.10549571921502245,-68.96600644609862,61.31850618884259,-0.10020869606173954,,,0.0032809664999374553
824,6,111.69401666666667,Forward,0.6034639330617885,286.736061222593,16240.0,16253.933484318008,ok,0.0005279954535883235,14455.179047778072,ok,-72.6792206356804,63.932249362543914,-0.10560405489590309,-68.88026593321592,61.31863077116131,-0.10008411374302352,,,0.0032809664999374553
825,6,111.83038333333333,Forward,0.6036723507662531,286.71792001341237,16240.0,16253.69929409227,ok,0.0005217446102564233,14453.472437144866,ok,-72.91341086141801,63.931909080448996,-0.10594433699082058,-70.58687656642178,61.31615103897075,-0.10256384593358206,,,0.0032809664999374553
826,6,111.9663,Forward,0.6037004743527561,286.8355496434833,16235.0,16253.691837120014,ok,0.00052483198756552,14455.484074346477,ok,-72.92086783367449,63.931898245350595,-0.10595517208922481,-68.57523936481084,61.31907397958034,-0.09964090532398957,,,0.0032809664999374553
827,6,112.10165,Forward,0.6036902069119844,286.7967101268023,16240.0,16253.668662895607,ok,0.0005235439229931303,14454.913064777695,ok,-72.94404205808132,63.9318645728367,-0.10598884460311564,-69.1462489335936,61.31824429366296,-0.1004705912413729,,,0.0032809664999374553
828,6,112.23645,Forward,0.6036264455008551,286.7959436550136,16240.0,16253.665880463961,ok,0.0005316385226500605,14453.79187169035,ok,-72.94682448972708,63.9318605299196,-0.1059928875202203,-70.26744202093869,61.31661518240792,-0.10209970249640982,,,0.0032809664999374553
829,6,112.37228333333333,Forward,0.6035404265774418,286.7992470001773,16240.0,16253.607427253017,ok,0.0005204473886020198,14455.077995887681,ok,-73.00527770067129,63.93177559648136,-0.10607782095846309,-68.98131782360724,61.31848394116937,-0.10023094373496458,,,0.0032809664999374553
